Date,Close,High,Low,Volume
2015-01-02,0.0839419364929199,0.0839419364929199,0.0809443038331163,388050
2015-01-05,0.0869395732879638,0.0869395732879638,0.0809443014443714,5159250
2015-01-06,0.0839419364929199,0.086939575853635,0.0809443038331163,5066700
2015-01-07,0.0899381041526794,0.0899381041526794,0.0839419281080583,12410400
2015-01-08,0.0929357558488845,0.0959333955338456,0.0899381228648357,7033800
2015-01-09,0.0899381041526794,0.092935736513053,0.0869395671693428,5615100
2015-01-12,0.0929357558488845,0.0929357558488845,0.0869395852576357,2402850
2015-01-13,0.0929357558488845,0.0929357558488845,0.0869395852576357,4173750
2015-01-14,0.0929357558488845,0.0929357558488845,0.0869395852576357,4413600
2015-01-15,0.0929357558488845,0.0959333955338456,0.0899381228648357,9674100
2015-01-16,0.0929357558488845,0.0929357558488845,0.0899381228648357,2337600
2015-01-19,0.0929357558488845,0.0959333955338456,0.0899381228648357,8766900
2015-01-20,0.0929357558488845,0.0929357558488845,0.0899381228648357,3478350
2015-01-21,0.0929357558488845,0.0959333955338456,0.0899381228648357,7670700
2015-01-22,0.0989319235086441,0.0989319235086441,0.0959333861933934,13308600
2015-01-23,0.0989319235086441,0.0989319235086441,0.0959333861933934,5031450
2015-01-26,0.0959333926439285,0.0989319301608,0.0959333926439285,9430050
2015-01-27,0.0959333926439285,0.0989319301608,0.0929357530492689,7841850
2015-01-28,0.0929357558488845,0.0959333955338456,0.0929357558488845,4555500
2015-01-29,0.0959333926439285,0.0989319301608,0.0929357530492689,14118300
2015-01-30,0.0959333926439285,0.0989319301608,0.0959333926439285,7960500
2015-02-04,0.0989319235086441,0.1019295629017431,0.0959333861933934,11598600
2015-02-05,0.0989319235086441,0.0989319235086441,0.0959333861933934,3193800
2015-02-06,0.1019295677542686,0.1019295677542686,0.095933390760461,14489700
2015-02-09,0.1019295677542686,0.1049272005891634,0.1019295677542686,14793750
2015-02-10,0.1019295677542686,0.1079257380471643,0.098931928218462,34188750
2015-02-11,0.0989319235086441,0.1019295629017431,0.0959333861933934,12218700
2015-02-12,0.0959333926439285,0.1019295697554595,0.0959333926439285,8940600
2015-02-13,0.0989319235086441,0.1019295629017431,0.0959333861933934,15426750
2015-02-16,0.0989319235086441,0.1019295629017431,0.0989319235086441,5147850
2015-02-17,0.104927197098732,0.104927197098732,0.0989319249274649,16011450
2015-02-18,0.104927197098732,0.104927197098732,0.1019295643635543,6685500
2015-02-23,0.1139210164546966,0.1139210164546966,0.1019295731556564,43557000
2015-02-24,0.1079257428646087,0.113921015502919,0.104927205272763,45729300
2015-02-25,0.1109233871102333,0.1109233871102333,0.1049272096014111,15941400
2015-02-26,0.1109233871102333,0.1139210202025961,0.1079257473169579,25221450
2015-02-27,0.1079257428646087,0.11092338253422,0.104927205272763,23124450
2015-03-02,0.1139210164546966,0.1169195540715942,0.1109233834609532,54634500
2015-03-03,0.104927197098732,0.1139210066282528,0.104927197098732,82814100
2015-03-04,0.104927197098732,0.1079257344569858,0.1019295643635543,26665500
2015-03-05,0.104927197098732,0.1079257344569858,0.1019295643635543,15272550
2015-03-06,0.1079257428646087,0.1079257428646087,0.101929572304064,8120100
2015-03-09,0.104927197098732,0.1079257344569858,0.104927197098732,11829450
2015-03-10,0.1109233871102333,0.1139210202025961,0.1079257473169579,49538250
2015-03-11,0.1109233871102333,0.1139210202025961,0.1079257473169579,17109750
2015-03-12,0.1169195547699928,0.1169195547699928,0.1109233841235347,28744650
2015-03-13,0.1109233871102333,0.116919557918143,0.1109233871102333,22510500
2015-03-16,0.1079257428646087,0.11092338253422,0.1079257428646087,10905000
2015-03-17,0.1079257428646087,0.11092338253422,0.1079257428646087,16724700
2015-03-18,0.104927197098732,0.1109233738930752,0.104927197098732,13661550
2015-03-19,0.1109233871102333,0.1109233871102333,0.1049272096014111,24190350
2015-03-20,0.1079257428646087,0.11092338253422,0.104927205272763,13383000
2015-03-23,0.1109233871102333,0.1109233871102333,0.1049272096014111,22227450
2015-03-24,0.1079257428646087,0.11092338253422,0.104927205272763,10221150
2015-03-25,0.1109233871102333,0.1109233871102333,0.1049272096014111,12658200
2015-03-26,0.1079257428646087,0.11092338253422,0.1079257428646087,3106950
2015-03-27,0.1109233871102333,0.1139210202025961,0.1079257473169579,21407250
2015-03-30,0.1109233871102333,0.1109233871102333,0.1079257473169579,6139650
2015-03-31,0.1079257428646087,0.11092338253422,0.104927205272763,18381150
2015-04-01,0.1079257428646087,0.1079257428646087,0.104927205272763,7782000
2015-04-02,0.1079257428646087,0.1079257428646087,0.104927205272763,5506800
2015-04-03,0.1109233871102333,0.1109233871102333,0.1049272096014111,9343500
2015-04-06,0.1079257428646087,0.11092338253422,0.104927205272763,14633550
2015-04-07,0.104927197098732,0.1109233738930752,0.104927197098732,5578800
2015-04-08,0.1079257428646087,0.11092338253422,0.1079257428646087,13702950
2015-04-09,0.1139210164546966,0.1169195540715942,0.1109233834609532,76140750
2015-04-10,0.1289110034704208,0.1349071804423265,0.1139210100017521,266380350
2015-04-13,0.1349071711301803,0.1379047970462988,0.1319086338901099,210325800
2015-04-14,0.1319086700677871,0.1379048348685026,0.1319086700677871,77475150
2015-04-15,0.1468986123800277,0.1498962516869043,0.1319086334032161,265443150
2015-04-16,0.1468986123800277,0.1558924282227832,0.1439009730731512,248012850
2015-04-17,0.1528948247432708,0.1588901047618791,0.1468986468023264,191272950
2015-04-20,0.1708824038505554,0.1738800430986827,0.1498962487491621,296183850
2015-04-21,0.1648862361907959,0.1738800523350292,0.16188861018526,102643200
2015-04-22,0.1738800704479217,0.179876247809411,0.1648862533668126,290330250
2015-04-23,0.1708824038505554,0.1798762195170455,0.1678838666803199,106793700
2015-04-24,0.1738800704479217,0.1768777101675416,0.1678838930864325,91378200
2015-04-27,0.1588900834321975,0.1738800639092836,0.1558924438253018,128486850
2015-04-28,0.1558924615383148,0.1648862659012992,0.1498962837210022,120578100
2015-04-29,0.1648862361907959,0.1648862361907959,0.1558924334483858,71761950
2015-04-30,0.1588900834321975,0.1648862471663806,0.1588900834321975,54736650
2015-05-05,0.1558924615383148,0.1648862659012992,0.1528948215908173,64648650
2015-05-06,0.1588900834321975,0.161888620961309,0.1558924438253018,44149950
2015-05-07,0.1588900834321975,0.1678838867732764,0.1558924438253018,88293450
2015-05-08,0.1618886291980743,0.1648862555556628,0.1588900915163996,53424300
2015-05-11,0.1618886291980743,0.1678838953150762,0.1618886291980743,55104300
2015-05-12,0.1618886291980743,0.1648862555556628,0.1588900915163996,33826500
2015-05-13,0.1588900834321975,0.161888620961309,0.152894804218406,58585800
2015-05-14,0.1588900834321975,0.161888620961309,0.1558924438253018,38379000
2015-05-15,0.1618886291980743,0.1648862555556628,0.1588900915163996,33974850
2015-05-18,0.1888700574636459,0.1888700574636459,0.1588900944336749,258794700
2015-05-19,0.1918676942586898,0.1978638717155083,0.1858715168018714,176967750
2015-05-20,0.1918676942586898,0.1948653340259672,0.1888700544914125,64425300
2015-05-21,0.1768777072429657,0.2038591446383453,0.1648862506405087,395115300
2015-05-22,0.1798762083053589,0.1798762083053589,0.1738800322607378,77186700
2015-05-25,0.1738800704479217,0.1828738875290309,0.1648862533668126,116229900
2015-05-26,0.1738800704479217,0.179876247809411,0.1708824307283018,95776950
2015-05-27,0.1738800704479217,0.1768777101675416,0.1678838930864325,70306650
2015-05-28,0.1648862361907959,0.1768776917423883,0.1588900728557449,127201350
2015-05-29,0.1528948247432708,0.1648862693009977,0.1498962868116305,91426200
2015-06-01,0.1648862361907959,0.167883875598155,0.1558924334483858,111180900
2015-06-02,0.1678838729858398,0.1738800496294119,0.1648862336251247,99901800
2015-06-03,0.1678838729858398,0.1738800496294119,0.1648862336251247,31072950
2015-06-04,0.1618886291980743,0.1708824329967508,0.1618886291980743,22762350
2015-06-05,0.1618886291980743,0.1648862555556628,0.1588900915163996,25911000
2015-06-08,0.1588900834321975,0.161888620961309,0.1558924438253018,46514400
2015-06-09,0.1528948247432708,0.1588901047618791,0.1498962868116305,48385950
2015-06-10,0.1528948247432708,0.1588901047618791,0.1528948247432708,22762800
2015-06-11,0.1528948247432708,0.1588901047618791,0.1528948247432708,30959250
2015-06-12,0.1468986123800277,0.1528947889159067,0.1409024358441488,77625450
2015-06-15,0.1349071711301803,0.1468986129222518,0.1349071711301803,75113250
2015-06-16,0.143900990486145,0.143900990486145,0.1289110096954442,79000200
2015-06-17,0.1409024447202682,0.1439009821381628,0.137904805224556,41841300
2015-06-18,0.1498962789773941,0.1498962789773941,0.1409024614972018,60619800
2015-06-19,0.1618886291980743,0.1678838953150762,0.1498962743158984,112472100
2015-06-22,0.1678838729858398,0.1708824102686968,0.1648862336251247,79759500
2015-06-23,0.1648862361907959,0.17088241292767,0.1588900728557449,57152850
2015-06-24,0.1678838729858398,0.1708824102686968,0.1588900703833756,85958550
2015-06-25,0.1528948247432708,0.1678839093103018,0.1528948247432708,62964300
2015-06-26,0.1588900834321975,0.161888620961309,0.152894804218406,57527250
2015-06-29,0.1468986123800277,0.1558924282227832,0.1439009730731512,57105450
2015-06-30,0.1498962789773941,0.155892456604952,0.1439009992721254,55905300
2015-07-01,0.1558924615383148,0.1618886393556274,0.1528948215908173,52144200
2015-07-02,0.1648862361907959,0.167883875598155,0.1588900728557449,98354550
2015-07-03,0.1618886291980743,0.1678838953150762,0.1588900915163996,36979350
2015-07-06,0.1558924615383148,0.1588901014858122,0.1528948215908173,45761850
2015-07-07,0.1558924615383148,0.1618886393556274,0.1528948215908173,42606150
2015-07-08,0.1498962789773941,0.155892456604952,0.1468986391247597,47642850
2015-07-09,0.1528948247432708,0.155892464752575,0.1468986468023264,60103800
2015-07-10,0.1558924615383148,0.1558924615383148,0.1528948215908173,10023900
2015-07-13,0.1558924615383148,0.1558924615383148,0.1498962837210022,44621550
2015-07-14,0.1528948247432708,0.155892464752575,0.1498962868116305,23530200
2015-07-15,0.1498962789773941,0.155892456604952,0.1498962789773941,13628400
2015-07-16,0.1588900834321975,0.1588900834321975,0.1498962666892945,47685600
2015-07-20,0.1618886291980743,0.1678838953150762,0.1588900915163996,71664000
2015-07-21,0.1648862361907959,0.1648862361907959,0.1588900728557449,27268500
2015-07-22,0.1618886291980743,0.1648862555556628,0.1588900915163996,23026950
2015-07-23,0.1618886291980743,0.1678838953150762,0.1588900915163996,62600100
2015-07-24,0.1618886291980743,0.1648862555556628,0.1618886291980743,23995350
2015-07-27,0.1588900834321975,0.1678838867732764,0.1558924438253018,70824900
2015-07-28,0.1558924615383148,0.1618886393556274,0.1528948215908173,43521600
2015-07-29,0.1558924615383148,0.1588901014858122,0.1528948215908173,28723650
2015-07-30,0.1588900834321975,0.1588900834321975,0.1558924438253018,30402000
2015-07-31,0.1558924615383148,0.1588901014858122,0.1558924615383148,11249550
2015-08-03,0.1588900834321975,0.1588900834321975,0.1558924438253018,14959200
2015-08-04,0.1558924615383148,0.1588901014858122,0.1558924615383148,15256650
2015-08-05,0.1528948247432708,0.1588901047618791,0.1528948247432708,13406400
2015-08-06,0.1468986123800277,0.1558924282227832,0.1468986123800277,50198850
2015-08-07,0.1468986123800277,0.1498962516869043,0.1409024358441488,25599000
2015-08-10,0.1349071711301803,0.1439009736043105,0.1319086338901099,61830750
2015-08-11,0.1379048228263855,0.1439010005053295,0.1319086585492667,42480600
2015-08-12,0.1229148507118225,0.1349072070180385,0.1199172105964524,78684900
2015-08-13,0.1289110034704208,0.1319086429952781,0.1259133639455635,40498350
2015-08-14,0.1229148507118225,0.1319086689803005,0.1199172105964524,48354450
2015-08-17,0.1109233871102333,0.1229148375046936,0.1109233871102333,58456950
2015-08-18,0.1169195547699928,0.1199171944825543,0.1109233841235347,73427700
2015-08-19,0.1169195547699928,0.1199171944825543,0.1139210171351839,39153750
2015-08-20,0.1139210164546966,0.1169195540715942,0.1109233834609532,43109100
2015-08-21,0.1139210164546966,0.1139210164546966,0.1079257437662975,41660550
2015-08-24,0.1019295677542686,0.1079257380471643,0.1019295677542686,76338750
2015-08-25,0.104927197098732,0.104927197098732,0.095933387569211,63772650
2015-08-26,0.0959333926439285,0.0989319301608,0.0929357530492689,102133500
2015-08-27,0.0959333926439285,0.0989319301608,0.0899381201555215,72531300
2015-08-28,0.0929357558488845,0.0989319331410456,0.0929357558488845,63677550
2015-09-01,0.0899381041526794,0.0959333755743375,0.0899381041526794,31120650
2015-09-02,0.0899381041526794,0.0899381041526794,0.0869395671693428,38103600
2015-09-03,0.0959333926439285,0.0989319301608,0.0899381201555215,56312100
2015-09-04,0.0929357558488845,0.1019295728260067,0.0929357558488845,77114850
2015-09-07,0.0929357558488845,0.0959333955338456,0.0899381228648357,21013200
2015-09-08,0.0989319235086441,0.1019295629017431,0.0929357468002943,46136400
2015-09-09,0.1019295677542686,0.1049272005891634,0.098931928218462,85102650
2015-09-10,0.1019295677542686,0.1049272005891634,0.098931928218462,48321150
2015-09-11,0.104927197098732,0.1109233738930752,0.1019295643635543,110172750
2015-09-14,0.104927197098732,0.1079257344569858,0.1019295643635543,34291200
2015-09-15,0.0989319235086441,0.1079257329091813,0.0989319235086441,49052100
2015-09-17,0.1019295677542686,0.1049272005891634,0.098931928218462,30873150
2015-09-18,0.0989319235086441,0.1049271955939306,0.0989319235086441,10351050
2015-09-21,0.0989319235086441,0.1019295629017431,0.0989319235086441,17656950
2015-09-22,0.0989319235086441,0.1019295629017431,0.0989319235086441,14227950
2015-09-23,0.0959333926439285,0.1019295697554595,0.0959333926439285,31158600
2015-09-25,0.1019295677542686,0.1019295677542686,0.095933390760461,20953050
2015-09-28,0.0989319235086441,0.1019295629017431,0.0959333861933934,8254500
2015-09-29,0.0959333926439285,0.0989319301608,0.0929357530492689,23235000
2015-09-30,0.0959333926439285,0.0989319301608,0.0959333926439285,25280850
2015-10-01,0.0989319235086441,0.0989319235086441,0.0959333861933934,11755050
2015-10-02,0.0959333926439285,0.0959333926439285,0.0929357530492689,14037150
2015-10-05,0.1019295677542686,0.1049272005891634,0.095933390760461,51042450
2015-10-06,0.1019295677542686,0.1079257380471643,0.098931928218462,44890950
2015-10-07,0.1079257428646087,0.11092338253422,0.101929572304064,68985150
2015-10-08,0.104927197098732,0.1109233738930752,0.1019295643635543,49333200
2015-10-09,0.1079257428646087,0.1079257428646087,0.104927205272763,24011850
2015-10-12,0.1139210164546966,0.1139210164546966,0.1049272061493999,42367800
2015-10-13,0.1289110034704208,0.1319086429952781,0.1109233771778066,204152250
2015-10-15,0.1379048228263855,0.140902462704709,0.1289110186709432,128936400
2015-10-16,0.1379048228263855,0.140902462704709,0.1349071963498873,85107000
2015-10-19,0.1319086700677871,0.1409024750085859,0.1319086700677871,30099450
2015-10-20,0.1199171990156173,0.1319086562414072,0.1169195591897402,59176200
2015-10-21,0.1259133666753769,0.1289110062652233,0.1199171895734735,36334200
2015-10-22,0.1319086700677871,0.1349072081302458,0.1259133897876206,40531800
2015-10-23,0.1379048228263855,0.1439010005053295,0.1349071963498873,51416400
2015-10-26,0.1349071711301803,0.1379047970462988,0.1319086338901099,22026300
2015-10-27,0.1289110034704208,0.1379048065653601,0.1259133639455635,16786350
2015-10-28,0.1289110034704208,0.1349071804423265,0.1289110034704208,34101000
2015-10-29,0.1289110034704208,0.1349071804423265,0.1289110034704208,21043800
2015-10-30,0.1379048228263855,0.140902462704709,0.1319086585492667,36113550
2015-11-02,0.1409024447202682,0.1439009821381628,0.137904805224556,47500650
2015-11-03,0.1528948247432708,0.1528948247432708,0.1439010067930222,75109200
2015-11-04,0.1498962789773941,0.155892456604952,0.1468986391247597,36241350
2015-11-05,0.143900990486145,0.1498962698253675,0.143900990486145,29631300
2015-11-06,0.1498962789773941,0.1498962789773941,0.1439009992721254,18201000
2015-11-09,0.143900990486145,0.1498962698253675,0.143900990486145,23021550
2015-11-11,0.1409024447202682,0.146898621633875,0.137904805224556,29377500
2015-11-12,0.1409024447202682,0.1439009821381628,0.137904805224556,25613250
2015-11-13,0.1379048228263855,0.1379048228263855,0.1349071963498873,17207100
2015-11-16,0.1379048228263855,0.1379048228263855,0.1349071963498873,9086850
2015-11-17,0.1379048228263855,0.140902462704709,0.1349071963498873,18270300
2015-11-18,0.1498962789773941,0.1498962789773941,0.1379048216445674,52538250
2015-11-19,0.1558924615383148,0.1618886393556274,0.1379048260086947,95377200
2015-11-20,0.1558924615383148,0.1588901014858122,0.1528948215908173,28936500
2015-11-23,0.1528948247432708,0.1588901047618791,0.1498962868116305,40450500
2015-11-24,0.1528948247432708,0.155892464752575,0.1498962868116305,12522600
2015-11-25,0.1199171990156173,0.1379048204136177,0.1139210214415817,198764100
2015-11-26,0.1259133666753769,0.1319086458550697,0.1199171895734735,79097100
2015-11-27,0.1259133666753769,0.1289110062652233,0.1229148291633199,29355450
2015-11-30,0.1229148507118225,0.1259133887495604,0.1199172105964524,29158650
2015-12-01,0.1259133666753769,0.1319086458550697,0.1199171895734735,68414550
2015-12-02,0.1229148507118225,0.1289110288649305,0.1229148507118225,41857650
2015-12-03,0.1229148507118225,0.1259133887495604,0.1199172105964524,30512850
2015-12-04,0.1259133666753769,0.1259133666753769,0.1229148291633199,8907900
2015-12-07,0.1319086700677871,0.1319086700677871,0.1229148517251619,60822750
2015-12-08,0.1259133666753769,0.1349071833671266,0.1259133666753769,29821500
2015-12-09,0.1259133666753769,0.1259133666753769,0.1229148291633199,8433750
2015-12-10,0.1229148507118225,0.1259133887495604,0.1199172105964524,42616200
2015-12-11,0.1229148507118225,0.1229148507118225,0.1169195704810824,25160400
2015-12-14,0.1169195547699928,0.1199171944825543,0.1139210171351839,18918150
2015-12-15,0.1139210164546966,0.1199171937662499,0.1109233834609532,21897900
2015-12-16,0.1169195547699928,0.1199171944825543,0.1139210171351839,16573500
2015-12-17,0.1199171990156173,0.1229148388414945,0.1169195591897402,25094250
2015-12-18,0.1169195547699928,0.1229148341951159,0.1169195547699928,9527550
2015-12-21,0.1169195547699928,0.1199171944825543,0.1139210171351839,22101600
2015-12-22,0.1199171990156173,0.1199171990156173,0.1169195591897402,15446850
2015-12-23,0.1199171990156173,0.1229148388414945,0.1169195591897402,28228950
2015-12-28,0.1169195547699928,0.1199171944825543,0.1169195547699928,23635950
2015-12-29,0.1169195547699928,0.1199171944825543,0.1169195547699928,3726150
2015-12-30,0.1169195547699928,0.1199171944825543,0.1139210171351839,5848050
2015-12-31,0.1139210164546966,0.1169195540715942,0.1139210164546966,3523800
2016-01-04,0.1109233871102333,0.116919557918143,0.1109233871102333,32382000
2016-01-05,0.1109233871102333,0.1139210202025961,0.1109233871102333,4446300
2016-01-06,0.1109233871102333,0.1139210202025961,0.1109233871102333,27228750
2016-01-07,0.1109233871102333,0.1139210202025961,0.1109233871102333,12111600
2016-01-08,0.1139210164546966,0.1139210164546966,0.1109233834609532,8379900
2016-01-11,0.1079257428646087,0.11092338253422,0.1079257428646087,8142900
2016-01-12,0.1079257428646087,0.11092338253422,0.104927205272763,11658600
2016-01-13,0.1079257428646087,0.11092338253422,0.1079257428646087,6055350
2016-01-14,0.1079257428646087,0.1079257428646087,0.104927205272763,2991900
2016-01-15,0.104927197098732,0.1079257344569858,0.104927197098732,5854650
2016-01-18,0.1019295677542686,0.1019295677542686,0.098931928218462,8650950
2016-01-19,0.1109233871102333,0.1139210202025961,0.1019295765090482,22151100
2016-01-20,0.1019295677542686,0.110923377582971,0.1019295677542686,7863150
2016-01-21,0.1019295677542686,0.1079257380471643,0.098931928218462,14336400
2016-01-22,0.104927197098732,0.104927197098732,0.1019295643635543,10993950
2016-01-26,0.0989319235086441,0.1019295629017431,0.0989319235086441,2810400
2016-01-27,0.1019295677542686,0.1049272005891634,0.098931928218462,13049700
2016-01-28,0.0989319235086441,0.1049271955939306,0.0989319235086441,7679400
2016-01-29,0.1079257428646087,0.1079257428646087,0.101929572304064,24347550
2016-02-02,0.1109233871102333,0.1109233871102333,0.1049272096014111,26535750
2016-02-03,0.1079257428646087,0.11092338253422,0.101929572304064,26478450
2016-02-04,0.104927197098732,0.1079257344569858,0.104927197098732,13881750
2016-02-05,0.1019295677542686,0.1049272005891634,0.1019295677542686,6887850
2016-02-10,0.1019295677542686,0.1019295677542686,0.098931928218462,7058850
2016-02-11,0.0989319235086441,0.1019295629017431,0.0989319235086441,6896250
2016-02-12,0.1019295677542686,0.1019295677542686,0.098931928218462,4992450
2016-02-15,0.1019295677542686,0.1049272005891634,0.1019295677542686,2668200
2016-02-16,0.1079257428646087,0.1079257428646087,0.101929572304064,24217350
2016-02-17,0.1019295677542686,0.1079257380471643,0.1019295677542686,4785000
2016-02-18,0.1079257428646087,0.1079257428646087,0.104927205272763,4849650
2016-02-19,0.1019295677542686,0.1079257380471643,0.1019295677542686,3933750
2016-02-22,0.1079257428646087,0.1079257428646087,0.101929572304064,9124050
2016-02-23,0.1019295677542686,0.1049272005891634,0.1019295677542686,5205000
2016-02-24,0.104927197098732,0.104927197098732,0.1019295643635543,900000
2016-02-25,0.1019295677542686,0.1049272005891634,0.1019295677542686,2378400
2016-02-26,0.1019295677542686,0.1049272005891634,0.1019295677542686,4990350
2016-02-29,0.1019295677542686,0.1019295677542686,0.098931928218462,5195700
2016-03-01,0.104927197098732,0.104927197098732,0.0989319249274649,4188900
2016-03-02,0.104927197098732,0.1079257344569858,0.1019295643635543,6990900
2016-03-03,0.104927197098732,0.104927197098732,0.1019295643635543,6096000
2016-03-04,0.104927197098732,0.104927197098732,0.0989319249274649,10950750
2016-03-07,0.1019295677542686,0.1049272005891634,0.098931928218462,5664300
2016-03-08,0.1019295677542686,0.1019295677542686,0.098931928218462,2850450
2016-03-09,0.0989319235086441,0.1019295629017431,0.0989319235086441,7863000
2016-03-10,0.0989319235086441,0.1019295629017431,0.0989319235086441,1639200
2016-03-11,0.104927197098732,0.104927197098732,0.0989319249274649,8262000
2016-03-14,0.1019295677542686,0.1049272005891634,0.1019295677542686,2121450
2016-03-15,0.1019295677542686,0.1049272005891634,0.1019295677542686,945600
2016-03-18,0.1019295677542686,0.1049272005891634,0.1019295677542686,3316200
2016-03-21,0.1139210164546966,0.1169195540715942,0.1019295731556564,33468750
2016-03-22,0.104927197098732,0.1169195439865067,0.104927197098732,23411550
2016-03-23,0.1079257428646087,0.1079257428646087,0.104927205272763,2658300
2016-03-24,0.104927197098732,0.1079257344569858,0.104927197098732,3778350
2016-03-25,0.104927197098732,0.104927197098732,0.1019295643635543,5281800
2016-03-28,0.1019295677542686,0.1079257380471643,0.1019295677542686,9440100
2016-03-29,0.104927197098732,0.104927197098732,0.1019295643635543,1428600
2016-03-30,0.1079257428646087,0.1079257428646087,0.101929572304064,6517650
2016-03-31,0.104927197098732,0.1079257344569858,0.104927197098732,1647450
2016-04-01,0.104927197098732,0.1079257344569858,0.1019295643635543,9406350
2016-04-04,0.1079257428646087,0.1079257428646087,0.101929572304064,10392300
2016-04-05,0.1079257428646087,0.1079257428646087,0.101929572304064,4154550
2016-04-06,0.104927197098732,0.1079257344569858,0.1019295643635543,9818550
2016-04-07,0.104927197098732,0.104927197098732,0.1019295643635543,9937500
2016-04-08,0.1019295677542686,0.1049272005891634,0.1019295677542686,1078200
2016-04-11,0.104927197098732,0.104927197098732,0.0989319249274649,23381400
2016-04-12,0.1019295677542686,0.1049272005891634,0.1019295677542686,1238100
2016-04-13,0.104927197098732,0.104927197098732,0.1019295643635543,2311950
2016-04-14,0.104927197098732,0.104927197098732,0.1019295643635543,3312000
2016-04-15,0.1019295677542686,0.1049272005891634,0.1019295677542686,7887000
2016-04-18,0.1019295677542686,0.1019295677542686,0.098931928218462,2870100
2016-04-19,0.0989319235086441,0.1019295629017431,0.0989319235086441,1092300
2016-04-20,0.1019295677542686,0.1019295677542686,0.098931928218462,3448350
2016-04-21,0.1019295677542686,0.1049272005891634,0.098931928218462,17323950
2016-04-22,0.104927197098732,0.104927197098732,0.0989319249274649,3123450
2016-04-25,0.1019295677542686,0.1049272005891634,0.1019295677542686,2896350
2016-04-26,0.1019295677542686,0.1019295677542686,0.095933390760461,19508850
2016-04-27,0.1019295677542686,0.1019295677542686,0.095933390760461,4525500
2016-04-28,0.0989319235086441,0.1019295629017431,0.0959333861933934,1567650
2016-04-29,0.0989319235086441,0.1019295629017431,0.0989319235086441,4315650
2016-05-03,0.0959333926439285,0.0989319301608,0.0959333926439285,6691200
2016-05-04,0.0959333926439285,0.0989319301608,0.0959333926439285,4528800
2016-05-05,0.0989319235086441,0.0989319235086441,0.0959333861933934,1706100
2016-05-06,0.0989319235086441,0.0989319235086441,0.0959333861933934,3031200
2016-05-09,0.0959333926439285,0.0989319301608,0.0959333926439285,2430000
2016-05-10,0.0929357558488845,0.0959333955338456,0.0929357558488845,3340350
2016-05-11,0.0989319235086441,0.0989319235086441,0.0929357468002943,8436450
2016-05-12,0.0959333926439285,0.0959333926439285,0.0929357530492689,5473500
2016-05-13,0.0929357558488845,0.0959333955338456,0.0929357558488845,942300
2016-05-16,0.0929357558488845,0.0959333955338456,0.0929357558488845,2677800
2016-05-17,0.0929357558488845,0.0959333955338456,0.0929357558488845,1227000
2016-05-18,0.0929357558488845,0.0959333955338456,0.0929357558488845,8482050
2016-05-20,0.0959333926439285,0.0959333926439285,0.0929357530492689,4770150
2016-05-23,0.0929357558488845,0.0959333955338456,0.0929357558488845,5455200
2016-05-24,0.0899381041526794,0.092935736513053,0.0899381041526794,2430000
2016-05-25,0.0899381041526794,0.0899381041526794,0.0869395671693428,3097950
2016-05-26,0.0899381041526794,0.0899381041526794,0.0869395671693428,1067400
2016-05-27,0.0899381041526794,0.0899381041526794,0.0869395671693428,3158250
2016-05-30,0.0899381041526794,0.0899381041526794,0.0869395671693428,2547600
2016-05-31,0.0899381041526794,0.0899381041526794,0.0869395671693428,1617900
2016-06-01,0.0899381041526794,0.0899381041526794,0.0869395671693428,2533650
2016-06-02,0.0899381041526794,0.0899381041526794,0.0869395671693428,1853250
2016-06-03,0.0899381041526794,0.0899381041526794,0.0869395671693428,1401000
2016-06-06,0.0899381041526794,0.0899381041526794,0.0869395671693428,3500250
2016-06-07,0.0899381041526794,0.0899381041526794,0.0869395671693428,5236650
2016-06-08,0.0899381041526794,0.0899381041526794,0.0869395671693428,8383050
2016-06-09,0.0869395732879638,0.0899381104823311,0.0869395732879638,1811250
2016-06-10,0.0899381041526794,0.0899381041526794,0.0869395671693428,1131750
2016-06-13,0.0869395732879638,0.0899381104823311,0.0869395732879638,4199100
2016-06-14,0.0869395732879638,0.0899381104823311,0.0839419340157119,2334000
2016-06-15,0.0869395732879638,0.0869395732879638,0.0839419340157119,493950
2016-06-16,0.0809443145990371,0.0839419476575381,0.0809443145990371,10373100
2016-06-17,0.0839419364929199,0.0839419364929199,0.0809443038331163,978600
2016-06-20,0.0839419364929199,0.0839419364929199,0.0809443038331163,6204750
2016-06-21,0.0839419364929199,0.0839419364929199,0.0809443038331163,804000
2016-06-23,0.0809443145990371,0.0839419476575381,0.0809443145990371,2476800
2016-06-24,0.0809443145990371,0.0839419476575381,0.0779457769173625,2671800
2016-06-27,0.0809443145990371,0.0809443145990371,0.0779457769173625,843000
2016-06-28,0.0779457613825798,0.0809442984666386,0.0779457613825798,918750
2016-06-29,0.0809443145990371,0.0809443145990371,0.0779457769173625,1139400
2016-06-30,0.0809443145990371,0.0809443145990371,0.0779457769173625,310050
2016-07-01,0.0809443145990371,0.0809443145990371,0.0779457769173625,3492300
2016-07-04,0.0809443145990371,0.0809443145990371,0.0779457769173625,3477300
2016-07-05,0.074948139488697,0.080944317116255,0.074948139488697,5014650
2016-07-08,0.0809443145990371,0.0809443145990371,0.0749481371579492,8720550
2016-07-11,0.0809443145990371,0.0809443145990371,0.0779457769173625,1464000
2016-07-12,0.0839419364929199,0.0839419364929199,0.0809443038331163,975000
2016-07-13,0.0899381041526794,0.0899381041526794,0.0839419281080583,10640700
2016-07-14,0.0989319235086441,0.0989319235086441,0.0929357468002943,14345550
2016-07-15,0.0929357558488845,0.0989319331410456,0.0929357558488845,6904650
2016-07-18,0.0899381041526794,0.092935736513053,0.0899381041526794,4659150
2016-07-19,0.0899381041526794,0.092935736513053,0.0899381041526794,1611900
2016-07-20,0.0899381041526794,0.092935736513053,0.0899381041526794,2030850
2016-07-21,0.0869395732879638,0.0899381104823311,0.0869395732879638,1663800
2016-07-22,0.0869395732879638,0.0899381104823311,0.0869395732879638,2643000
2016-07-26,0.0869395732879638,0.0899381104823311,0.0839419340157119,2725200
2016-07-27,0.0869395732879638,0.0899381104823311,0.0869395732879638,795450
2016-07-28,0.0929357558488845,0.0959333955338456,0.0899381228648357,4863750
2016-07-29,0.0899381041526794,0.092935736513053,0.0869395671693428,2813100
2016-08-02,0.0869395732879638,0.0899381104823311,0.0869395732879638,1443150
2016-08-03,0.0869395732879638,0.0869395732879638,0.0839419340157119,2560800
2016-08-04,0.0869395732879638,0.0869395732879638,0.0839419340157119,4242750
2016-08-05,0.0869395732879638,0.0869395732879638,0.0839419340157119,4202550
2016-08-08,0.0839419364929199,0.086939575853635,0.0839419364929199,854250
2016-08-09,0.0899381041526794,0.0899381041526794,0.0839419281080583,2112600
2016-08-10,0.0869395732879638,0.0899381104823311,0.0869395732879638,3047550
2016-08-12,0.0869395732879638,0.0899381104823311,0.0869395732879638,3739200
2016-08-15,0.0869395732879638,0.0899381104823311,0.0869395732879638,1099500
2016-08-16,0.0929357558488845,0.0929357558488845,0.0869395852576357,7906800
2016-08-17,0.0929357558488845,0.0929357558488845,0.0899381228648357,888900
2016-08-18,0.0959333926439285,0.0989319301608,0.0899381201555215,11254650
2016-08-19,0.0959333926439285,0.0989319301608,0.0929357530492689,5744250
2016-08-22,0.0929357558488845,0.0959333955338456,0.0899381228648357,2851800
2016-08-24,0.0899381041526794,0.0899381041526794,0.0869395671693428,2424600
2016-08-25,0.0899381041526794,0.0899381041526794,0.0869395671693428,4007850
2016-08-26,0.0989319235086441,0.1019295629017431,0.0869395767928562,30416400
2016-08-29,0.0929357558488845,0.0989319331410456,0.0899381228648357,11085150
2016-08-30,0.0899381041526794,0.092935736513053,0.0899381041526794,2699100
2016-09-01,0.0929357558488845,0.0929357558488845,0.0899381228648357,1284600
2016-09-02,0.0899381041526794,0.0899381041526794,0.0869395671693428,3807000
2016-09-05,0.0959333926439285,0.0989319301608,0.0899381201555215,9898350
2016-09-06,0.0989319235086441,0.0989319235086441,0.0929357468002943,24929250
2016-09-07,0.0989319235086441,0.0989319235086441,0.0959333861933934,11424750
2016-09-08,0.0989319235086441,0.0989319235086441,0.0959333861933934,2398200
2016-09-09,0.0959333926439285,0.0989319301608,0.0929357530492689,10998300
2016-09-13,0.0929357558488845,0.0959333955338456,0.0899381228648357,13113900
2016-09-14,0.0929357558488845,0.0929357558488845,0.0899381228648357,1635150
2016-09-15,0.0929357558488845,0.0929357558488845,0.0899381228648357,3012750
2016-09-19,0.0899381041526794,0.092935736513053,0.0899381041526794,1284600
2016-09-20,0.0899381041526794,0.092935736513053,0.0899381041526794,3175650
2016-09-21,0.0899381041526794,0.092935736513053,0.0899381041526794,243150
2016-09-22,0.0959333926439285,0.0959333926439285,0.0929357530492689,6835200
2016-09-23,0.0929357558488845,0.0959333955338456,0.0929357558488845,1891500
2016-09-26,0.0899381041526794,0.092935736513053,0.0899381041526794,3144000
2016-09-27,0.0899381041526794,0.092935736513053,0.0899381041526794,2017950
2016-09-28,0.0929357558488845,0.0929357558488845,0.0899381228648357,3110700
2016-09-29,0.0899381041526794,0.092935736513053,0.0899381041526794,2225850
2016-09-30,0.0869395732879638,0.0899381104823311,0.0869395732879638,2230500
2016-10-04,0.0899381041526794,0.0899381041526794,0.0869395671693428,600300
2016-10-05,0.0899381041526794,0.0899381041526794,0.0869395671693428,2193450
2016-10-06,0.0869395732879638,0.0899381104823311,0.0869395732879638,1746600
2016-10-07,0.0869395732879638,0.0899381104823311,0.0869395732879638,2425350
2016-10-10,0.0869395732879638,0.0899381104823311,0.0839419340157119,6457050
2016-10-13,0.0839419364929199,0.086939575853635,0.0839419364929199,1176000
2016-10-18,0.0869395732879638,0.0869395732879638,0.0839419340157119,3523500
2016-10-19,0.0869395732879638,0.0869395732879638,0.0839419340157119,931950
2016-10-20,0.0839419364929199,0.086939575853635,0.0839419364929199,180000
2016-10-21,0.0869395732879638,0.0899381104823311,0.0839419340157119,4733100
2016-10-24,0.0869395732879638,0.0899381104823311,0.0869395732879638,1904850
2016-10-25,0.0869395732879638,0.0899381104823311,0.0869395732879638,1008450
2016-10-26,0.0899381041526794,0.0899381041526794,0.0869395671693428,814950
2016-10-27,0.0899381041526794,0.0899381041526794,0.0839419281080583,2351550
2016-10-31,0.0869395732879638,0.0899381104823311,0.0839419340157119,1248150
2016-11-01,0.0869395732879638,0.0869395732879638,0.0839419340157119,1314150
2016-11-02,0.0839419364929199,0.086939575853635,0.0839419364929199,748500
2016-11-04,0.0839419364929199,0.086939575853635,0.0839419364929199,1268850
2016-11-07,0.0869395732879638,0.0869395732879638,0.0809443014443714,1090500
2016-11-08,0.0869395732879638,0.0869395732879638,0.0839419340157119,1354950
2016-11-09,0.0809443145990371,0.0839419476575381,0.0809443145990371,1183500
2016-11-10,0.0869395732879638,0.0869395732879638,0.0809443014443714,5052450
2016-11-11,0.0869395732879638,0.0899381104823311,0.0839419340157119,5058150
2016-11-14,0.0839419364929199,0.086939575853635,0.0839419364929199,753750
2016-11-15,0.0869395732879638,0.0869395732879638,0.0839419340157119,1230000
2016-11-17,0.0869395732879638,0.0899381104823311,0.0869395732879638,848700
2016-11-18,0.0899381041526794,0.0899381041526794,0.0869395671693428,1017750
2016-11-21,0.0869395732879638,0.0899381104823311,0.0869395732879638,1108650
2016-11-22,0.0869395732879638,0.0869395732879638,0.0839419340157119,3322800
2016-11-25,0.0959333926439285,0.1019295697554595,0.0869395826386499,39840600
2016-11-28,0.0899381041526794,0.0959333755743375,0.0899381041526794,11601600
2016-11-29,0.0899381041526794,0.092935736513053,0.0899381041526794,3060600
2016-11-30,0.0899381041526794,0.092935736513053,0.0899381041526794,8924400
2016-12-01,0.0929357558488845,0.0959333955338456,0.0899381228648357,6128250
2016-12-02,0.0929357558488845,0.0959333955338456,0.0899381228648357,4898250
2016-12-05,0.0899381041526794,0.092935736513053,0.0899381041526794,788400
2016-12-06,0.0929357558488845,0.0929357558488845,0.0899381228648357,1807500
2016-12-07,0.0899381041526794,0.092935736513053,0.0899381041526794,3533550
2016-12-09,0.0899381041526794,0.092935736513053,0.0899381041526794,595650
2016-12-13,0.0959333926439285,0.0959333926439285,0.0899381201555215,12587700
2016-12-14,0.0989319235086441,0.0989319235086441,0.0929357468002943,11958450
2016-12-15,0.0989319235086441,0.0989319235086441,0.0959333861933934,5769450
2016-12-16,0.0959333926439285,0.0989319301608,0.0959333926439285,6507300
2016-12-19,0.0959333926439285,0.0989319301608,0.0929357530492689,10146300
2016-12-20,0.1019295677542686,0.1019295677542686,0.098931928218462,36648300
2016-12-21,0.0989319235086441,0.1019295629017431,0.0989319235086441,3505050
2016-12-22,0.0959333926439285,0.0989319301608,0.0959333926439285,8400300
2016-12-23,0.0959333926439285,0.0989319301608,0.0959333926439285,4612500
2016-12-27,0.0959333926439285,0.0989319301608,0.0959333926439285,4701150
2016-12-29,0.0959333926439285,0.0989319301608,0.0959333926439285,8134200
2016-12-30,0.1019295677542686,0.1079257380471643,0.095933390760461,44523600
2017-01-03,0.1019295677542686,0.1079257380471643,0.1019295677542686,18012600
2017-01-04,0.1139210164546966,0.1169195540715942,0.1019295731556564,56547750
2017-01-05,0.1109233871102333,0.1139210202025961,0.1079257473169579,19614600
2017-01-06,0.1079257428646087,0.113921015502919,0.104927205272763,19350300
2017-01-09,0.1139210164546966,0.1139210164546966,0.1079257437662975,21649350
2017-01-10,0.1109233871102333,0.116919557918143,0.1109233871102333,16455900
2017-01-11,0.1109233871102333,0.116919557918143,0.1079257473169579,29272650
2017-01-12,0.1139210164546966,0.1169195540715942,0.1109233834609532,17672100
2017-01-13,0.1079257428646087,0.113921015502919,0.1079257428646087,11621250
2017-01-16,0.1079257428646087,0.11092338253422,0.1079257428646087,11387850
2017-01-17,0.1079257428646087,0.11092338253422,0.1079257428646087,10121400
2017-01-18,0.1109233871102333,0.1139210202025961,0.1079257473169579,15579450
2017-01-19,0.1109233871102333,0.1139210202025961,0.1079257473169579,4079250
2017-01-20,0.1109233871102333,0.1109233871102333,0.1079257473169579,396000
2017-01-23,0.1109233871102333,0.1109233871102333,0.1079257473169579,7107150
2017-01-24,0.104927197098732,0.1109233738930752,0.104927197098732,8254800
2017-01-25,0.104927197098732,0.1109233738930752,0.104927197098732,8001600
2017-01-26,0.104927197098732,0.1079257344569858,0.104927197098732,2110350
2017-01-27,0.104927197098732,0.1079257344569858,0.104927197098732,1881300
2017-01-31,0.1079257428646087,0.11092338253422,0.104927205272763,13704000
2017-02-02,0.1109233871102333,0.1139210202025961,0.1079257473169579,12721650
2017-02-03,0.1109233871102333,0.1139210202025961,0.1109233871102333,2415300
2017-02-06,0.1169195547699928,0.1169195547699928,0.1109233841235347,11519850
2017-02-07,0.1139210164546966,0.1169195540715942,0.1109233834609532,6937950
2017-02-08,0.1259133666753769,0.1259133666753769,0.1139210124715701,47644650
2017-02-10,0.1259133666753769,0.1319086458550697,0.1259133666753769,34665450
2017-02-13,0.1289110034704208,0.1319086429952781,0.1259133639455635,29138400
2017-02-14,0.1229148507118225,0.1289110288649305,0.1229148507118225,19292700
2017-02-15,0.1289110034704208,0.1289110034704208,0.1259133639455635,10693050
2017-02-16,0.1259133666753769,0.1289110062652233,0.1259133666753769,6902550
2017-02-17,0.1289110034704208,0.1319086429952781,0.1259133639455635,14012250
2017-02-20,0.1289110034704208,0.1349071804423265,0.1259133639455635,27953250
2017-02-21,0.1259133666753769,0.1319086458550697,0.1259133666753769,8016150
2017-02-22,0.1259133666753769,0.1319086458550697,0.1259133666753769,18049650
2017-02-23,0.1289110034704208,0.1319086429952781,0.1259133639455635,14498400
2017-02-24,0.1349071711301803,0.1439009736043105,0.1349071711301803,136003500
2017-02-27,0.1319086700677871,0.1379048348685026,0.1259133897876206,31019250
2017-02-28,0.1289110034704208,0.1289110034704208,0.1229148264985151,24303150
2017-03-01,0.1379048228263855,0.1379048228263855,0.1259133787926196,38338800
2017-03-02,0.1379048228263855,0.1439010005053295,0.1349071963498873,52401600
2017-03-03,0.1349071711301803,0.1409024363642401,0.1319086338901099,30972150
2017-03-06,0.1349071711301803,0.1379047970462988,0.1349071711301803,15040350
2017-03-07,0.1409024447202682,0.1439009821381628,0.1349071791306674,40665300
2017-03-08,0.143900990486145,0.1498962698253675,0.143900990486145,101111850
2017-03-09,0.1468986123800277,0.1528947889159067,0.1409024358441488,70446900
2017-03-10,0.1468986123800277,0.1498962516869043,0.1409024358441488,51885000
2017-03-13,0.1498962789773941,0.1498962789773941,0.1439009992721254,16601700
2017-03-14,0.1558924615383148,0.1588901014858122,0.1468986437735047,75007500
2017-03-15,0.1558924615383148,0.1618886393556274,0.1528948215908173,55761150
2017-03-16,0.1558924615383148,0.1588901014858122,0.1528948215908173,31635150
2017-03-17,0.1588900834321975,0.1588900834321975,0.1558924438253018,15819750
2017-03-20,0.1528948247432708,0.1618886426935195,0.1528948247432708,37243800
2017-03-21,0.1468986123800277,0.1558924282227832,0.1439009730731512,56891400
2017-03-22,0.1409024447202682,0.1439009821381628,0.137904805224556,24384000
2017-03-23,0.1468986123800277,0.1528947889159067,0.1439009730731512,49153650
2017-03-24,0.143900990486145,0.1498962698253675,0.1409024528942993,11916900
2017-03-27,0.1409024447202682,0.1439009821381628,0.137904805224556,22854450
2017-03-28,0.143900990486145,0.143900990486145,0.1409024528942993,7276500
2017-03-29,0.143900990486145,0.1468986301557562,0.1409024528942993,11178750
2017-03-30,0.1409024447202682,0.1439009821381628,0.1409024447202682,8098200
2017-03-31,0.143900990486145,0.1468986301557562,0.1409024528942993,26843400
2017-04-03,0.1468986123800277,0.1498962516869043,0.1439009730731512,26897850
2017-04-04,0.1468986123800277,0.1498962516869043,0.1439009730731512,11889900
2017-04-05,0.1468986123800277,0.1498962516869043,0.1468986123800277,5940300
2017-04-06,0.1528948247432708,0.155892464752575,0.1468986468023264,43006650
2017-04-07,0.1528948247432708,0.155892464752575,0.1498962868116305,19986450
2017-04-10,0.1498962789773941,0.1528948167523177,0.1468986391247597,10472700
2017-04-11,0.1468986123800277,0.1528947889159067,0.1439009730731512,14264550
2017-04-12,0.143900990486145,0.1468986301557562,0.1409024528942993,21875850
2017-04-13,0.1409024447202682,0.146898621633875,0.1409024447202682,20604750
2017-04-14,0.1379048228263855,0.140902462704709,0.1319086585492667,39078450
2017-04-17,0.1379048228263855,0.140902462704709,0.1379048228263855,8769600
2017-04-18,0.1379048228263855,0.140902462704709,0.1349071963498873,12420600
2017-04-19,0.1349071711301803,0.1379047970462988,0.1349071711301803,10693650
2017-04-20,0.1379048228263855,0.1379048228263855,0.1349071963498873,6500700
2017-04-21,0.1349071711301803,0.1379047970462988,0.1349071711301803,7665150
2017-04-25,0.143900990486145,0.143900990486145,0.137904813224688,16739700
2017-04-26,0.1498962789773941,0.1528948167523177,0.1439009992721254,56508000
2017-04-27,0.143900990486145,0.1498962698253675,0.143900990486145,9381900
2017-04-28,0.1468986123800277,0.1498962516869043,0.1439009730731512,9511500
2017-05-02,0.1468986123800277,0.1498962516869043,0.1468986123800277,19104750
2017-05-03,0.1558924615383148,0.1618886393556274,0.1468986437735047,101938500
2017-05-04,0.1498962789773941,0.155892456604952,0.1468986391247597,24950100
2017-05-05,0.1528948247432708,0.155892464752575,0.1498962868116305,24914400
2017-05-08,0.1558924615383148,0.1588901014858122,0.1528948215908173,24371250
2017-05-09,0.1498962789773941,0.155892456604952,0.1468986391247597,22722900
2017-05-11,0.1498962789773941,0.1528948167523177,0.1468986391247597,14946750
2017-05-12,0.1468986123800277,0.1528947889159067,0.1468986123800277,11201850
2017-05-15,0.1468986123800277,0.1498962516869043,0.1468986123800277,13500750
2017-05-16,0.1498962789773941,0.1528948167523177,0.1468986391247597,15583200
2017-05-17,0.1498962789773941,0.1528948167523177,0.1468986391247597,13593600
2017-05-18,0.1528948247432708,0.155892464752575,0.1468986468023264,20661150
2017-05-19,0.1708824038505554,0.1708824038505554,0.1528947859193976,133642800
2017-05-22,0.1738800704479217,0.179876247809411,0.1708824307283018,81781200
2017-05-23,0.1678838729858398,0.1768776889901271,0.1678838729858398,31632150
2017-05-24,0.1558924615383148,0.1648862659012992,0.1528948215908173,82065750
2017-05-25,0.1588900834321975,0.1648862471663806,0.1558924438253018,33241050
2017-05-26,0.1588900834321975,0.161888620961309,0.1558924438253018,25256850
2017-05-29,0.1588900834321975,0.1648862471663806,0.1558924438253018,36185400
2017-05-31,0.1618886291980743,0.1618886291980743,0.1558924517569863,23540850
2017-06-01,0.1738800704479217,0.1738800704479217,0.1618886270490173,55188450
2017-06-02,0.1738800704479217,0.1768777101675416,0.1678838930864325,41172000
2017-06-05,0.1738800704479217,0.1768777101675416,0.1708824307283018,31090200
2017-06-06,0.1738800704479217,0.1738800704479217,0.1708824307283018,18621900
2017-06-07,0.1888700574636459,0.1918676972780969,0.1708824361342094,227688300
2017-06-08,0.1888700574636459,0.1918676972780969,0.1858715197269171,81056250
2017-06-09,0.1918676942586898,0.1978638717155083,0.1858715168018714,102597000
2017-06-13,0.1888700574636459,0.1918676972780969,0.1858715197269171,51779100
2017-06-14,0.1858715116977691,0.1888700493049692,0.1828738854146326,42236550
2017-06-15,0.1828738898038864,0.1888700538381402,0.1828738898038864,51458400
2017-06-16,0.1858715116977691,0.1888700493049692,0.1828738854146326,39844950
2017-06-19,0.1768777072429657,0.1888700483658328,0.1768777072429657,50510100
2017-06-20,0.1738800704479217,0.179876247809411,0.1738800704479217,19184400
2017-06-21,0.1738800704479217,0.1738800704479217,0.1678838930864325,25620450
2017-06-22,0.1828738898038864,0.1828738898038864,0.1738800726108988,42094200
2017-06-23,0.1798762083053589,0.1858714730261061,0.1798762083053589,15460650
2017-06-28,0.1768777072429657,0.1828738845053114,0.1768777072429657,11035350
2017-06-29,0.1798762083053589,0.1828738473666433,0.1768776713220222,15047100
2017-06-30,0.1828738898038864,0.1828738898038864,0.1798762500469774,14181450
2017-07-03,0.2038591355085373,0.2068576729665383,0.1798762367795192,119483850
2017-07-04,0.1978638470172882,0.206857663118737,0.1978638470172882,51605250
2017-07-05,0.2068576663732528,0.2098553058135141,0.1978638501303033,66183000
2017-07-06,0.2008614838123321,0.2098552997974498,0.2008614838123321,36609600
2017-07-07,0.2008614838123321,0.203859123166658,0.1948653071815403,28054350
2017-07-10,0.2038591355085373,0.2038591355085373,0.2008614959727306,19010700
2017-07-11,0.1948653310537338,0.2038591481406491,0.1918676913321787,26402400
2017-07-12,0.2068576663732528,0.2068576663732528,0.1948653127678763,31966950
2017-07-13,0.2188491076231002,0.2188491076231002,0.2098553048243661,85011000
2017-07-14,0.2128529697656631,0.2248453255071373,0.2128529697656631,57234600
2017-07-17,0.2188491076231002,0.2218467470492322,0.2128529308486748,44493300
2017-07-18,0.2278429269790649,0.2308405664467113,0.2188491106539517,86000550
2017-07-19,0.2188491076231002,0.2278429238236577,0.2188491076231002,41670900
2017-07-20,0.2308406084775924,0.2368367730250024,0.2188491505014581,98132700
2017-07-21,0.2308406084775924,0.2368367730250024,0.2278429684641432,36495150
2017-07-24,0.2278429269790649,0.2338390904347082,0.2248452875114185,36890250
2017-07-25,0.2308406084775924,0.2338391330115531,0.224845328450694,32099550
2017-07-26,0.2278429269790649,0.2308405664467113,0.2218467501215981,29215200
2017-07-27,0.2308406084775924,0.2308406084775924,0.224845328450694,28370100
2017-07-28,0.2248453199863433,0.2308405997875482,0.2248453199863433,19975050
2017-07-31,0.2248453199863433,0.2308405997875482,0.2248453199863433,19626600
2017-08-01,0.2368367314338684,0.2398343709208991,0.2218467515561786,91792200
2017-08-02,0.2428329437971115,0.2488281965122885,0.2368367529541987,110366550
2017-08-03,0.2398343980312347,0.2428329491812182,0.2368367582053575,29667450
2017-08-04,0.2458305954933166,0.2488282085946354,0.2398344043592469,60348000
2017-08-07,0.1978638470172882,0.2548243562154337,0.1648862354064152,268221150
2017-08-08,0.2038591355085373,0.2098553125023449,0.1738800597857115,237280200
2017-08-09,0.1978638470172882,0.206857663118737,0.1948653097020375,56974800
2017-08-10,0.1948653310537338,0.2038591481406491,0.1948653310537338,46018650
2017-08-11,0.1828738898038864,0.1888700538381402,0.1828738898038864,47891550
2017-08-14,0.2008614838123321,0.2068576604431239,0.1858714911964226,81377550
2017-08-15,0.2068576663732528,0.212852931851952,0.2008614895705646,92946750
2017-08-16,0.2098553627729416,0.2128529896250023,0.2068577225190538,30393450
2017-08-17,0.2098553627729416,0.2158515278012994,0.2068577225190538,23059050
2017-08-18,0.2098553627729416,0.2098553627729416,0.200861544088869,22684050
2017-08-21,0.2068576663732528,0.212852931851952,0.2038591290108258,31441050
2017-08-22,0.2068576663732528,0.2098553058135141,0.2038591290108258,19066950
2017-08-23,0.2098553627729416,0.2128529896250023,0.2068577225190538,23030400
2017-08-24,0.2038591355085373,0.2098553125023449,0.2008614959727306,28648650
2017-08-25,0.2158514857292175,0.2188491253988287,0.203859144608128,109241100
2017-08-28,0.2098553627729416,0.2158515278012994,0.2068577225190538,27488550
2017-08-29,0.2068576663732528,0.2098553058135141,0.2038591290108258,13129350
2017-08-30,0.2098553627729416,0.2128529896250023,0.2068577225190538,7720800
2017-09-05,0.2098553627729416,0.2128529896250023,0.2068577225190538,27906450
2017-09-06,0.2218467742204666,0.2248453119360134,0.2098553305269186,87817650
2017-09-07,0.2308406084775924,0.2368367730250024,0.224845328450694,65252250
2017-09-08,0.2248453199863433,0.2368367641092312,0.2248453199863433,22353300
2017-09-11,0.2338391095399856,0.2368367492525472,0.2248453058818782,25038150
2017-09-12,0.2338391095399856,0.2368367492525472,0.2278429455944398,18165150
2017-09-13,0.2308406084775924,0.2338391330115531,0.224845328450694,20633850
2017-09-14,0.2278429269790649,0.2308405664467113,0.2248452875114185,11809050
2017-09-15,0.2339181154966354,0.2339181154966354,0.2278429079540126,15401100
2017-09-18,0.2308805435895919,0.2339181477801289,0.2278429393990549,8762400
2017-09-19,0.2278429269790649,0.2308805310040185,0.2248044130608306,10343850
2017-09-20,0.2278429269790649,0.2308805310040185,0.2217668090358771,15936000
2017-09-21,0.2278429269790649,0.2308805310040185,0.2217668090358771,12246600
2017-09-25,0.2308805435895919,0.2308805435895919,0.2248044253151876,15086250
2017-09-26,0.2399941980838775,0.243031801585999,0.221766770865395,65644200
2017-09-27,0.2460704445838928,0.2582217606343508,0.2460704445838928,106856250
2017-09-28,0.2369566410779953,0.2491079809444666,0.2369566410779953,25018350
2017-09-29,0.2339181154966354,0.2430318231232787,0.230880511725324,20552550
2017-10-02,0.2339181154966354,0.2399942193519673,0.2278429079540126,29465400
2017-10-03,0.2369566410779953,0.2399942451761632,0.2308805365688539,29216700
2017-10-04,0.2308805435895919,0.2369566482834988,0.2308805435895919,10643100
2017-10-05,0.2430318742990493,0.2430318742990493,0.230880560342365,51996150
2017-10-06,0.2399941980838775,0.2491079320638604,0.2399941980838775,33494100
2017-10-09,0.2460704445838928,0.2491080495182442,0.239994311241136,33380850
2017-10-10,0.2399941980838775,0.2491079320638604,0.2399941980838775,13688100
2017-10-11,0.2430318742990493,0.2460704021838907,0.2399942698881027,13898550
2017-10-12,0.2399941980838775,0.243031801585999,0.2369565945817561,17730450
2017-10-13,0.2369566410779953,0.2430318492743311,0.2369566410779953,11375550
2017-10-16,0.2369566410779953,0.2430318492743311,0.2369566410779953,11188800
2017-10-17,0.2399941980838775,0.243031801585999,0.2369565945817561,12003150
2017-10-19,0.2430318742990493,0.2460704021838907,0.2399942698881027,23738250
2017-10-20,0.2399941980838775,0.243031801585999,0.2399941980838775,7057350
2017-10-23,0.2460704445838928,0.2521456272915941,0.239994311241136,38083500
2017-10-24,0.258221685886383,0.2642977903092757,0.2460703733533907,103365900
2017-10-25,0.2642977833747864,0.2703729913254883,0.2521455476868506,79391700
2017-10-26,0.2612592875957489,0.2703729959918651,0.2612592875957489,34477650
2017-10-27,0.258221685886383,0.2642977903092757,0.258221685886383,10432200
2017-10-30,0.258221685886383,0.2642977903092757,0.258221685886383,25404750
2017-10-31,0.258221685886383,0.2673353943643256,0.2551840818313332,19402350
2017-11-01,0.258221685886383,0.2612592899414329,0.2521455543024967,25045650
2017-11-02,0.2551840543746948,0.2582216581029124,0.25214552717279,11266950
2017-11-03,0.2551840543746948,0.2582216581029124,0.2491079506055632,24179400
2017-11-06,0.2491079866886139,0.2551840913378634,0.2491079866886139,18201150
2017-11-07,0.2491079866886139,0.2551840913378634,0.2460703825204022,18871200
2017-11-08,0.2642977833747864,0.2673353873501374,0.2491079708724926,59458950
2017-11-09,0.2612592875957489,0.2673353919640879,0.2582216835679717,27601200
2017-11-10,0.2612592875957489,0.2612592875957489,0.2582216835679717,13555950
2017-11-13,0.2551840543746948,0.26125926183113,0.25214552717279,14998050
2017-11-14,0.258221685886383,0.2642977903092757,0.2551840818313332,29367000
2017-11-15,0.2491079866886139,0.2551840913378634,0.2491079866886139,18597000
2017-11-16,0.2369566410779953,0.2521455578816404,0.2369566410779953,24817200
2017-11-17,0.2430318742990493,0.2460704021838907,0.2369566654771561,14037300
2017-11-20,0.2308805435895919,0.2430318566645727,0.2308805435895919,15142950
2017-11-21,0.2278429269790649,0.233918135028972,0.2248044130608306,19512900
2017-11-22,0.2460704445838928,0.2491080495182442,0.2339182050593808,46745700
2017-11-23,0.2430318742990493,0.2491080065948374,0.2430318742990493,9444450
2017-11-24,0.2430318742990493,0.2460704021838907,0.2399942698881027,19991250
2017-11-27,0.2339181154966354,0.2460703503682905,0.2339181154966354,15186750
2017-11-28,0.2339181154966354,0.2369566155806559,0.2278429079540126,12558300
2017-11-29,0.2369566410779953,0.2399942451761632,0.2339181406670218,12048450
2017-11-30,0.2369566410779953,0.2399942451761632,0.2339181406670218,15280350
2017-12-04,0.2278429269790649,0.2399942393916632,0.2248044130608306,20604750
2017-12-05,0.2248043864965438,0.2278429000557285,0.2096154718538088,17911650
2017-12-06,0.2187292128801345,0.2248044211486092,0.2187292128801345,10469850
2017-12-07,0.2308805435895919,0.2308805435895919,0.2187292169341136,24836250
2017-12-08,0.2308805435895919,0.2339181477801289,0.2278429393990549,14147100
2017-12-11,0.2339181154966354,0.2369566155806559,0.2278429079540126,9883500
2017-12-12,0.2521456182003021,0.2521456182003021,0.2339181966252917,49407450
2017-12-13,0.258221685886383,0.2642977903092757,0.2491079774084405,79229400
2017-12-14,0.2673353850841522,0.2703729890337559,0.2582216769225793,42612300
2017-12-15,0.258221685886383,0.2673353943643256,0.2551840818313332,11256300
2017-12-18,0.2886004745960235,0.2886004745960235,0.2582217145714662,68940450
2017-12-19,0.2764491736888885,0.2855628836070166,0.2703730411448269,41149050
2017-12-20,0.2825253009796142,0.2916390116044405,0.273411590354788,27255000
2017-12-21,0.2946765422821045,0.2977141462889421,0.2855628339488128,48918000
2017-12-22,0.2916389107704162,0.2946765144907735,0.2855628070170076,17409150
2017-12-26,0.2916389107704162,0.2946765144907735,0.2855628070170076,14835150
2017-12-27,0.2977141439914703,0.2977141439914703,0.2886004357285095,22886400
2017-12-28,0.2916389107704162,0.3007526454051729,0.2886004107373649,16566000
2017-12-29,0.279486745595932,0.291638983285348,0.279486745595932,12188400
2018-01-02,0.2916389107704162,0.2977141182111308,0.2794866761026082,21820050
2018-01-03,0.2946765422821045,0.3068278546222339,0.2946765422821045,45318900
2018-01-04,0.3007526993751526,0.3037902764796114,0.2946765673703931,23712600
2018-01-05,0.2977141439914703,0.3037902482710348,0.294676540008074,12539850
2018-01-08,0.2977141439914703,0.3007526714486315,0.294676540008074,13414500
2018-01-09,0.2946765422821045,0.3007526737695518,0.2886004379556505,15361650
2018-01-10,0.31290403008461,0.3189801352649881,0.2916389792616464,67144350
2018-01-11,0.3068278729915619,0.3189801095329995,0.3037902688028673,14932950
2018-01-12,0.31290403008461,0.3159416345183467,0.3068278977432347,9555000
2018-01-15,0.2977141439914703,0.3129039836949887,0.2977141439914703,13898400
2018-01-16,0.2886004745960235,0.2977141840863809,0.2764491607131778,21868650
2018-01-17,0.2825253009796142,0.2916390116044405,0.2794867727350027,13933800
2018-01-18,0.2855629026889801,0.2855629026889801,0.2764491921618531,14238900
2018-01-19,0.2825253009796142,0.2916390116044405,0.2794867727350027,9735600
2018-01-22,0.2886004745960235,0.2977141840863809,0.2855628702035352,20807100
2018-01-23,0.2977141439914703,0.3007526714486315,0.2916389360246776,12402750
2018-01-24,0.3007526993751526,0.3129040127498252,0.2977141716358476,26904450
2018-01-25,0.2977141439914703,0.3007526714486315,0.294676540008074,11440350
2018-01-26,0.2886004745960235,0.2977141840863809,0.2886004745960235,9426300
2018-01-29,0.2855629026889801,0.3007527461661898,0.2855629026889801,5003250
2018-01-30,0.2764491736888885,0.2886004881420812,0.273411569153824,14866800
2018-02-02,0.2764491736888885,0.2764491736888885,0.2642978320746978,10970700
2018-02-05,0.2642977833747864,0.2703729913254883,0.258221679111315,18645150
2018-02-06,0.2612592875957489,0.2612592875957489,0.2399942396147459,27384750
2018-02-07,0.2491079866886139,0.2734115361337803,0.2491079866886139,17167650
2018-02-08,0.2612592875957489,0.2612592875957489,0.2491079751718556,7316850
2018-02-09,0.2460704445838928,0.2521456272915941,0.239994311241136,18950100
2018-02-12,0.2460704445838928,0.2551841556999994,0.2430319161754875,7994400
2018-02-13,0.2430318742990493,0.2521455838447871,0.2430318742990493,10090500
2018-02-14,0.2491079866886139,0.2521455636958308,0.2430318548783696,10647300
2018-02-19,0.2734114825725555,0.2764490861457016,0.2673353519526234,9010650
2018-02-20,0.270372986793518,0.2764491181161348,0.2642977789446482,6841800
2018-02-21,0.2734114825725555,0.2734114825725555,0.2642977483794774,6795000
2018-02-22,0.2855629026889801,0.2886005074270243,0.2734115874238089,21303600
2018-02-23,0.2916389107704162,0.2946765144907735,0.2855628070170076,14018550
2018-02-26,0.2764491736888885,0.2946765935251448,0.2703730411448269,20267250
2018-02-27,0.2825253009796142,0.2855629057502216,0.2764491951253954,11458350
2018-02-28,0.2886004745960235,0.2886004745960235,0.2734115563206895,8632350
2018-03-01,0.279486745595932,0.2855628780211388,0.2734115638056372,4548150
2018-03-02,0.279486745595932,0.279486745595932,0.2703730358560766,7174650
2018-03-05,0.2764491736888885,0.2886004881420812,0.2703730411448269,10927050
2018-03-06,0.2734114825725555,0.2825251896046442,0.2703729555257694,10739700
2018-03-07,0.2612592875957489,0.2734115234934205,0.2551840795401947,16906650
2018-03-08,0.2612592875957489,0.2673353919640879,0.2582216835679717,5256600
2018-03-09,0.2612592875957489,0.2673353919640879,0.2582216835679717,5949450
2018-03-12,0.2642977833747864,0.2673353873501374,0.261259283086666,5172000
2018-03-13,0.2551840543746948,0.264297761872044,0.25214552717279,9494400
2018-03-14,0.2612592875957489,0.2642977879363108,0.2551840795401947,6886800
2018-03-15,0.2673353850841522,0.2703729890337559,0.2521455455496174,8537850
2018-03-16,0.2734114825725555,0.2764490861457016,0.2582216449205347,22375050
2018-03-19,0.2977141439914703,0.3007526714486315,0.2703729920415947,40546950
2018-03-20,0.270372986793518,0.297714138212688,0.2642977789446482,64985550
2018-03-21,0.270372986793518,0.2764491181161348,0.2673353828690831,10550400
2018-03-22,0.2642977833747864,0.2703729913254883,0.258221679111315,5699400
2018-03-23,0.258221685886383,0.2612592899414329,0.2521455543024967,6746100
2018-03-26,0.2642977833747864,0.2673353873501374,0.255184075135964,17877300
2018-03-27,0.2642977833747864,0.2703729913254883,0.258221679111315,11132550
2018-03-28,0.2612592875957489,0.2642977879363108,0.2582216835679717,5265000
2018-03-29,0.2612592875957489,0.2612592875957489,0.2551840795401947,4787250
2018-03-30,0.2551840543746948,0.26125926183113,0.2551840543746948,11420550
2018-04-02,0.2430318742990493,0.2582217161405751,0.2399942698881027,15112800
2018-04-03,0.2430318742990493,0.2521455838447871,0.2369566654771561,9829050
2018-04-04,0.2126531153917312,0.2491079922112611,0.2096155111561769,9863550
2018-04-05,0.2308805435895919,0.2339181477801289,0.2248044253151876,11647800
2018-04-06,0.2217668145895004,0.2308805367858734,0.2156906964941506,9449400
2018-04-09,0.2399941980838775,0.2399941980838775,0.2187291673632735,16288650
2018-04-10,0.2521456182003021,0.2521456182003021,0.2339181966252917,18463950
2018-04-11,0.258221685886383,0.2612592899414329,0.2491079774084405,14468700
2018-04-12,0.2612592875957489,0.2673353919640879,0.2521455520386392,8554650
2018-04-13,0.2673353850841522,0.2703729890337559,0.2551840729729756,19123050
2018-04-16,0.2642977833747864,0.2703729913254883,0.261259283086666,6518700
2018-04-17,0.2642977833747864,0.2764491227499527,0.2642977833747864,12578400
2018-04-18,0.2673353850841522,0.2703729890337559,0.261259280872183,6278100
2018-04-19,0.2673353850841522,0.2734115164571142,0.2673353850841522,3907200
2018-04-20,0.2642977833747864,0.2703729913254883,0.255184075135964,8663250
2018-04-23,0.2399941980838775,0.2642977421997271,0.2369565945817561,11995200
2018-04-24,0.2460704445838928,0.2521456272915941,0.239994311241136,4302000
2018-04-25,0.2430318742990493,0.2430318742990493,0.2369566654771561,3101400
2018-04-26,0.2460704445838928,0.2551841556999994,0.239994311241136,8415000
2018-04-27,0.2430318742990493,0.2551841117296285,0.2399942698881027,7698150
2018-04-30,0.2430318742990493,0.2460704021838907,0.2399942698881027,7025250
2018-05-02,0.2399941980838775,0.2460703285617389,0.2369565945817561,5492550
2018-05-03,0.2399941980838775,0.243031801585999,0.2339180947670049,6794400
2018-05-04,0.2308805435895919,0.2369566482834988,0.2308805435895919,10137750
2018-05-07,0.2339181154966354,0.2339181154966354,0.2217667905181851,6398250
2018-05-08,0.2430318742990493,0.2430318742990493,0.2278429559314184,6681000
2018-05-14,0.258221685886383,0.2612592899414329,0.2430318458245542,8859300
2018-05-15,0.2551840543746948,0.26125926183113,0.2430318196754408,6350850
2018-05-16,0.2551840543746948,0.2551840543746948,0.2491079506055632,3424350
2018-05-17,0.2551840543746948,0.2551840543746948,0.2460703468773456,6651750
2018-05-18,0.2551840543746948,0.2551840543746948,0.2491079506055632,2667600
2018-05-21,0.2460704445838928,0.2551841556999994,0.2460704445838928,3115650
2018-05-22,0.2491079866886139,0.2521455636958308,0.2430318548783696,1800450
2018-05-23,0.2491079866886139,0.2521455636958308,0.239994250710158,3571800
2018-05-24,0.2460704445838928,0.2491080495182442,0.2369567063067846,5291550
2018-05-25,0.2521456182003021,0.2551841464991511,0.2430319074127969,4930050
2018-05-28,0.2491079866886139,0.2491079866886139,0.2430318548783696,2203650
2018-06-01,0.2491079866886139,0.2521455636958308,0.2430318548783696,4628850
2018-06-04,0.258221685886383,0.258221685886383,0.2460703733533907,3859650
2018-06-05,0.2673353850841522,0.2734115164571142,0.2582216769225793,10104750
2018-06-06,0.2642977833747864,0.2734115187746018,0.258221679111315,10934250
2018-06-07,0.2642977833747864,0.2703729913254883,0.261259283086666,6868050
2018-06-08,0.2642977833747864,0.2642977833747864,0.261259283086666,4515000
2018-06-11,0.270372986793518,0.270372986793518,0.2612592787074589,5002200
2018-06-12,0.2855629026889801,0.2886005074270243,0.2703730592117704,69446250
2018-06-13,0.2825253009796142,0.2855629057502216,0.2794867727350027,7963800
2018-06-14,0.2855629026889801,0.2855629026889801,0.2794867697388974,2757000
2018-06-18,0.279486745595932,0.2825252735454926,0.2764491682812833,3615000
2018-06-19,0.270372986793518,0.285562826202194,0.2673353828690831,11157900
2018-06-20,0.2734114825725555,0.2794866625578581,0.2703729555257694,3119850
2018-06-21,0.2612592875957489,0.2764491275211976,0.2612592875957489,4029900
2018-06-22,0.270372986793518,0.270372986793518,0.2612592787074589,2286600
2018-06-25,0.2642977833747864,0.2703729913254883,0.2642977833747864,3331050
2018-06-26,0.2642977833747864,0.2673353873501374,0.261259283086666,3078300
2018-06-27,0.2612592875957489,0.2703729959918651,0.2612592875957489,4314900
2018-06-28,0.258221685886383,0.2642977903092757,0.2551840818313332,3382500
2018-06-29,0.258221685886383,0.2642977903092757,0.258221685886383,5080350
2018-07-02,0.258221685886383,0.2642977903092757,0.258221685886383,2593050
2018-07-03,0.2673353850841522,0.2734115164571142,0.261259280872183,6268650
2018-07-04,0.2764491736888885,0.279486751062955,0.2673354366097624,10462950
2018-07-05,0.279486745595932,0.2855628780211388,0.279486745595932,10349550
2018-07-06,0.279486745595932,0.279486745595932,0.2673354313804304,7543350
2018-07-09,0.279486745595932,0.2825252735454926,0.2764491682812833,5257350
2018-07-10,0.2825253009796142,0.2855629057502216,0.2794867727350027,3039150
2018-07-11,0.2825253009796142,0.2825253009796142,0.273411590354788,3446250
2018-07-12,0.2825253009796142,0.2886005105208291,0.2764491951253954,9277350
2018-07-13,0.2825253009796142,0.2886005105208291,0.2825253009796142,6398700
2018-07-16,0.3068278729915619,0.3098664006540836,0.2825252468563411,58575600
2018-07-17,0.2977141439914703,0.3068278522544312,0.2916389360246776,23054400
2018-07-18,0.3007526993751526,0.3007526993751526,0.2946765673703931,6073200
2018-07-19,0.3007526993751526,0.3098664084843708,0.2977141716358476,15759750
2018-07-20,0.3007526993751526,0.3007526993751526,0.2946765673703931,10334850
2018-07-23,0.3068278729915619,0.3129040048427781,0.2946765599239515,22500750
2018-07-24,0.3189800977706909,0.3220177018473745,0.3098663892278407,27497400
2018-07-25,0.3220176696777344,0.3250552734509607,0.318980065904508,12646350
2018-07-26,0.3189800977706909,0.3220177018473745,0.315941597381208,13171350
2018-07-27,0.3341690003871918,0.3372075278096447,0.3159415840694765,17996550
2018-07-30,0.3280939161777496,0.334169098701505,0.3189801781765894,20978400
2018-07-31,0.3311314284801483,0.3432827689245117,0.3250553236820402,20867850
2018-08-01,0.3402450978755951,0.3402450978755951,0.3341689671095249,8412750
2018-08-02,0.3432827889919281,0.346321289725029,0.331131447837229,12968250
2018-08-03,0.3402450978755951,0.343282701521799,0.3341689671095249,5689650
2018-08-06,0.3645487129688263,0.3706239214248618,0.3341690311152825,59197350
2018-08-07,0.3888513147830963,0.4131548631670212,0.3675862939085232,240147150
2018-08-08,0.4131548702716827,0.4283447104973131,0.3827761132942184,78118200
2018-08-09,0.4253062307834625,0.4344199398029717,0.4101172861318493,79741050
2018-08-10,0.4344199299812317,0.4465721664353885,0.4192310128340178,54472800
2018-08-13,0.4496097564697265,0.4496097564697265,0.4253062077991645,39383850
2018-08-14,0.4556858539581299,0.486064610307011,0.4496097495954387,108867450
2018-08-15,0.4617610871791839,0.4708747960636277,0.4556858787981099,34948650
2018-08-16,0.4526473581790924,0.464799567026862,0.443533622538668,30616500
2018-08-17,0.4587235152721405,0.4647996479144285,0.4496098323676791,34186350
2018-08-20,0.5012545585632324,0.5042921360837571,0.4556859524534842,78866700
2018-08-21,0.5042921304702759,0.5164434725350876,0.4951784202141744,53052450
2018-08-23,0.5073296427726746,0.5255570589912366,0.501254434908325,38865750
2018-08-24,0.5194818377494812,0.5225194687644253,0.5042919986932616,19094850
2018-08-27,0.5073296427726746,0.5316331903293355,0.5042920116795071,17643450
2018-08-28,0.5225195288658142,0.5255571059081635,0.4921407707328663,26554800
2018-08-29,0.5103681087493896,0.525557023703174,0.5073296087084757,14574000
2018-08-30,0.5225195288658142,0.5285956064243444,0.5073296880624244,20665650
2018-09-03,0.5194818377494812,0.5225194687644253,0.5073296297082056,10840950
2018-09-04,0.5255570411682129,0.5407468801004653,0.5164433333680016,21435900
2018-09-05,0.5285955667495728,0.5346707747002748,0.5225194896470944,16430850
2018-09-06,0.5589744448661804,0.562012076666942,0.5255571814159318,33463050
2018-09-07,0.5589744448661804,0.5832779980841761,0.5559368673874169,31371600
2018-09-12,0.543784499168396,0.574164179401654,0.5285955825255569,19824300
2018-09-13,0.5164433717727661,0.5559367603743662,0.5073296632948237,28594200
2018-09-14,0.543784499168396,0.5498606307742031,0.513405742408928,23908800
2018-09-18,0.5346707701683044,0.5407469015412664,0.5225194852181206,9378150
2018-09-19,0.5377093553543091,0.5468231192772585,0.5285956457533538,8956050
2018-09-20,0.5255570411682129,0.5407468801004653,0.5225194645000429,10264650
2018-09-21,0.5164433717727661,0.5377092890964938,0.5164433717727661,7893450
2018-09-24,0.5285955667495728,0.5346707747002748,0.5073296499838076,15496650
2018-09-25,0.5559368133544922,0.5680880998844942,0.531633262498621,50308350
2018-09-26,0.5559368133544922,0.5650505227009605,0.5468231040080239,21926100
2018-09-27,0.5620119571685791,0.5741641657696844,0.5528982488741375,23934450
2018-09-28,0.5528983473777771,0.5711257672140333,0.5437845831376529,17734800
2018-10-01,0.5680879354476929,0.5680879354476929,0.5498605220308014,16313250
2018-10-02,0.5589744448661804,0.574164287851923,0.5528983664346889,14458800
2018-10-03,0.5589744448661804,0.5650505776196699,0.5498607346339274,9062550
2018-10-04,0.5498606562614441,0.5680880741279684,0.546823079215631,10198200
2018-10-05,0.5407468676567078,0.5498605752471928,0.5316331600662227,11159250
2018-10-08,0.5559368133544922,0.5589743905380259,0.537709340339563,6556950
2018-10-09,0.5468229651451111,0.5559366721771998,0.5377092037910435,4218000
2018-10-10,0.5316332578659058,0.5468230992429426,0.5255571257559193,10492800
2018-10-11,0.5073296427726746,0.5255570589912366,0.4799884641228462,16891500
2018-10-12,0.5316332578659058,0.5346708350229696,0.5042920757427626,15739800
2018-10-15,0.5346707701683044,0.5498606097028392,0.5346707701683044,15392250
2018-10-16,0.5346707701683044,0.5437844783298773,0.5316331933796935,5846400
2018-10-17,0.5741642117500305,0.5863155521724606,0.5468230846771674,37890150
2018-10-18,0.589353084564209,0.6045429243849479,0.5741641682172419,39504000
2018-10-19,0.5832778215408325,0.6015052908103459,0.5802393215077811,19229550
2018-10-22,0.5863155126571655,0.5954292210672261,0.5802393811185362,10433400
2018-10-23,0.5680879354476929,0.5893529794908484,0.5559366524349599,14978250
2018-10-24,0.5377093553543091,0.5832779576810797,0.5134058038197968,31487550
2018-10-25,0.4982159733772278,0.5134057596829437,0.4617610837853939,78801000
2018-10-26,0.4799883961677551,0.525556984584703,0.4769508198266224,42645450
2018-10-29,0.4556858539581299,0.4891021871709711,0.4404960140468006,30375450
2018-10-30,0.4708748459815979,0.4799885558321963,0.4374584802436911,41580750
2018-10-31,0.5042921304702759,0.5103682632396651,0.4739133678932611,52459350
2018-11-01,0.5012545585632324,0.5225196111208555,0.4951784257262072,36976650
2018-11-02,0.5134057998657227,0.5285956416822928,0.4951783808041934,38096700
2018-11-05,0.5134057998657227,0.519481932151528,0.504292090334958,10731900
2018-11-07,0.5042921304702759,0.5134058407263773,0.4891022874447851,26460750
2018-11-08,0.5346707701683044,0.5407469015412664,0.5255570620067316,47046150
2018-11-09,0.5225195288658142,0.537709315347214,0.5134057656209546,10751700
2018-11-12,0.5225195288658142,0.5285956064243444,0.5134057656209546,10474050
2018-11-13,0.5134057998657227,0.519481932151528,0.5012545130899988,11067000
2018-11-14,0.5012545585632324,0.513405846441307,0.4951784257262072,18088200
2018-11-15,0.5285955667495728,0.5316331978859168,0.4951783106086412,24267600
2018-11-16,0.5255570411682129,0.5407468801004653,0.5225194645000429,17508450
2018-11-19,0.5164433717727661,0.5285955806185514,0.5073296632948237,7880700
2018-11-21,0.5134057998657227,0.5225195637184811,0.4921408035592342,12233550
2018-11-22,0.5073296427726746,0.5164433508819556,0.501254434908325,12254250
2018-11-23,0.5042921304702759,0.5073297622789862,0.4951784202141744,10045050
2018-11-26,0.5103681087493896,0.5103681087493896,0.4982159012111264,9317400
2018-11-27,0.4860645532608032,0.5073295987263008,0.4830269224313629,12997950
2018-11-28,0.4982159733772278,0.5042920508654826,0.4860646332305604,9921150
2018-11-29,0.4921408891677856,0.5073298101525952,0.4860647558250289,10239000
2018-11-30,0.4921408891677856,0.4982160990364885,0.4830271237296759,7902900
2018-12-03,0.5164433717727661,0.5225195033566524,0.4982159548168811,16367550
2018-12-04,0.5054170489311218,0.5207320996383723,0.5023533157847995,6091650
2018-12-05,0.4962276518344879,0.4992904538062626,0.4901010619752139,7184250
2018-12-06,0.4809117019176483,0.4962276846198866,0.4778488449704171,11469450
2018-12-07,0.4778488278388977,0.4870382199476307,0.4747850946319145,5232450
2018-12-10,0.4564062654972076,0.4717222461430247,0.4533434363477612,10187700
2018-12-11,0.471722275018692,0.4747850769690766,0.4594700265283404,6717450
2018-12-12,0.471722275018692,0.4778488100620835,0.4564062934353335,8779500
2018-12-13,0.4625328481197357,0.4747850971303672,0.4594700460392922,4825200
2018-12-14,0.4502806663513183,0.4625328609281383,0.4472169056568227,6222900
2018-12-17,0.389017641544342,0.4472168765508734,0.3828910790833196,24973650
2018-12-18,0.3920804560184479,0.3920804560184479,0.352260033536527,27986400
2018-12-19,0.4104592800140381,0.4135230131084345,0.3982070589046774,18871650
2018-12-20,0.4472168684005737,0.4472168684005737,0.3890176344546938,23980350
2018-12-21,0.4441540837287903,0.4655957258583108,0.4349646911594953,14812350
2018-12-24,0.4410911798477173,0.4441540089363385,0.4319017888258519,4856250
2018-12-26,0.438027411699295,0.438027411699295,0.4104592134690742,5671350
2018-12-27,0.4410911798477173,0.4564062564333707,0.4349646179144733,8307150
2018-12-28,0.4349646270275116,0.4472168473946971,0.4319017978747203,5081400
2018-12-31,0.4319017827510834,0.4472168317347826,0.4319017827510834,5801700
2019-01-02,0.4288381040096283,0.4410912292484243,0.4227124451463329,4948050
2019-01-03,0.4257752299308777,0.4349646210183172,0.4196486405673698,6768600
2019-01-04,0.4196486175060272,0.4196486175060272,0.4073963979814182,7309050
2019-01-07,0.4533434212207794,0.4533434212207794,0.4227123920937946,15992850
2019-01-08,0.471722275018692,0.471722275018692,0.4533434640984012,14163450
2019-01-09,0.4747851192951202,0.4870382452473378,0.4655957267090346,11591550
2019-01-10,0.471722275018692,0.4809116667855636,0.465595685202205,17177400
2019-01-11,0.4594700038433075,0.4809116430419102,0.4594700038433075,6413850
2019-01-14,0.4502806663513183,0.4655957178664958,0.441091246553207,5041500
2019-01-15,0.4319017827510834,0.4594699828154736,0.4288380499495526,21059400
2019-01-16,0.4410911798477173,0.450280598256128,0.4349646179144733,7490400
2019-01-17,0.438027411699295,0.4594699522459843,0.438027411699295,20506200
2019-01-18,0.4410911798477173,0.4472168380249599,0.4349646179144733,7710900
2019-01-22,0.4410911798477173,0.4472168380249599,0.4319017888258519,8802900
2019-01-23,0.438027411699295,0.4441539731387551,0.4288380214180692,5052300
2019-01-24,0.471722275018692,0.4778488100620835,0.4380274825150427,28915200
2019-01-25,0.4778488278388977,0.4839744867406476,0.4686594357301646,21105900
2019-01-28,0.4809117019176483,0.4962276846198866,0.4717223094794632,13996050
2019-01-29,0.4778488278388977,0.4839744867406476,0.4717222925675883,7744800
2019-01-30,0.5084798336029053,0.5084798336029053,0.4778488020898464,21291000
2019-01-31,0.5176692605018616,0.5299215096229399,0.5115427251430855,28923300
2019-02-07,0.5452373623847961,0.5513639510603014,0.5115426035428184,17463000
2019-02-08,0.532985270023346,0.5452375197685404,0.5268587343524909,8829450
2019-02-11,0.532985270023346,0.548300322032609,0.532985270023346,14784900
2019-02-12,0.5544268488883972,0.5636162405424748,0.5360480655802419,58333950
2019-02-13,0.5452373623847961,0.5666789986488485,0.5360479723293053,28246350
2019-02-14,0.5819950103759766,0.5850578119296073,0.5483001948505903,53880600
2019-02-15,0.575868546962738,0.5850579395436291,0.566679154381847,17350950
2019-02-18,0.5789322853088379,0.603436729897971,0.572805694896923,22315950
2019-02-19,0.5850578546524048,0.5942472458999257,0.5819950528751185,9701400
2019-02-20,0.5942472815513611,0.5973110146550236,0.5850578897525293,12351000
2019-02-21,0.5911844372749329,0.5942472390167426,0.5850578478756627,8697000
2019-02-22,0.5881216526031494,0.5911845094921999,0.575868527080897,10077000
2019-02-25,0.5881216526031494,0.6003739017558275,0.5819951172285723,12378450
2019-02-26,0.5666791200637817,0.588121637291406,0.5605534612182606,11561550
2019-02-27,0.5728055834770203,0.5728055834770203,0.5605533909522527,7359450
2019-02-28,0.5728055834770203,0.578932172697215,0.5636161926045391,4591800
2019-03-01,0.5697428584098816,0.575868517310959,0.5605534663021573,9656850
2019-03-04,0.5697428584098816,0.5789322505176059,0.5605534663021573,13815000
2019-03-05,0.5850578546524048,0.5942472458999257,0.566679072157363,16354650
2019-03-06,0.5973109006881714,0.6187525369289057,0.5881215106426742,57000900
2019-03-07,0.5881216526031494,0.606500491903503,0.5819951172285723,12426150
2019-03-08,0.6126260161399841,0.6126260161399841,0.5789321847437686,24352200
2019-03-11,0.6095632314682007,0.6371314602032263,0.5911844488269121,28189050
2019-03-12,0.5959758758544922,0.6175912398808124,0.5959758758544922,15649800
2019-03-13,0.5959758758544922,0.602152064890557,0.5928881954640896,5789850
2019-03-14,0.5928882956504822,0.5959759765626418,0.5836244246586038,10295400
2019-03-15,0.5928882956504822,0.5959759765626418,0.5836244246586038,8466000
2019-03-18,0.5990635752677917,0.6021521395132264,0.58671207913726,17763150
2019-03-19,0.5928882956504822,0.5990636022577748,0.5867121055707634,6265800
2019-03-20,0.5743604898452759,0.5928882297702781,0.5681842452348188,9460050
2019-03-21,0.5867120027542114,0.589799627908263,0.574360453014683,6275850
2019-03-22,0.5959758758544922,0.5959758758544922,0.5805357621749426,6967800
2019-03-25,0.5836243629455566,0.589799668899866,0.5805357988875589,9139200
2019-03-26,0.5867120027542114,0.5928881917516028,0.5836243223831429,10765350
2019-03-27,0.5867120027542114,0.5928881917516028,0.5805357585398031,5098800
2019-03-28,0.5990635752677917,0.6021521395132264,0.5836243983642115,9422250
2019-03-29,0.6114160418510437,0.6361190883815308,0.6021521164148732,41522400
2019-04-01,0.6114160418510437,0.6237675375077762,0.6052397970694792,12049650
2019-04-02,0.6114160418510437,0.6237675375077762,0.6083274225070633,12748050
2019-04-03,0.6484714150428772,0.6669992076214826,0.608327321488606,55207350
2019-04-04,0.6793507933616638,0.6855270379552363,0.6484715029895136,45812250
2019-04-05,0.7040546536445618,0.7102299584595542,0.6793506735340619,19532850
2019-04-08,0.7102301120758057,0.728757852689513,0.7040548059251512,12153300
2019-04-09,0.6978785991668701,0.7164063960086227,0.6917024092068333,9792300
2019-04-10,0.7534618377685547,0.7596380826055209,0.6855270649705248,31059900
2019-04-11,0.7287578582763672,0.7719896398922688,0.7164063624080077,16317450
2019-04-12,0.7534618377685547,0.7534618377685547,0.728757852327095,6574800
2019-04-15,0.7349339723587036,0.7596379536049711,0.722582423471675,6551850
2019-04-16,0.7164062857627869,0.7411102687629467,0.7102300415361701,12764550
2019-04-17,0.765813410282135,0.7781658450863044,0.7164063766996368,26058600
2019-04-18,0.790517270565033,0.790517270565033,0.7472855501863602,12588150
2019-04-19,0.7843410968780518,0.8152213258777281,0.7781657909861877,16324050
2019-04-22,0.790517270565033,0.8090450087407105,0.7719895323893553,12877650
2019-04-23,0.809045135974884,0.833749122062942,0.7905173948854484,22881150
2019-04-24,0.8213967084884644,0.8522769403723701,0.8152214020198234,18598950
2019-04-25,0.8646283745765686,0.8831561700283767,0.833749083603698,21591300
2019-04-26,0.8461006283760071,0.8646283684801565,0.8337490777250127,8329950
2019-04-29,0.8275728821754456,0.8461006221431081,0.8213966375507676,7128600
2019-04-30,0.8522768616676331,0.8646283569367045,0.827572877223125,20655600
2019-05-02,0.8399242758750916,0.8646282574778825,0.821396538149561,15474150
2019-05-03,0.8337491154670715,0.8461006666771945,0.8213966807845721,13295400
2019-05-06,0.790517270565033,0.8213965581060858,0.7534617389966625,34569450
2019-05-07,0.81522136926651,0.8399244163104123,0.7966936284431422,28007100
2019-05-08,0.81522136926651,0.8275729203969727,0.7843411386232855,14412150
2019-05-09,0.8584522008895874,0.864628390500034,0.809045113555001,36640500
2019-05-10,0.8708046674728394,0.901683960154294,0.8522769262128931,28399650
2019-05-13,0.8584522008895874,0.8769799414655909,0.8337490989584736,15210600
2019-05-14,0.8461006283760071,0.8584521790270015,0.8213966436016819,12291600
2019-05-15,0.8893322944641113,0.9016838442985918,0.8522768167054092,22759050
2019-05-16,0.9078601598739624,0.92021165546165,0.8831561747921963,10864950
2019-05-17,0.8769798874855042,0.93873935023955,0.864628337280213,22107600
2019-05-21,0.8275728821754456,0.8584521727031132,0.8152213316154403,28839900
2019-05-23,0.7843410968780518,0.8275728763508003,0.7781657909861877,17849250
2019-05-24,0.7966936230659485,0.8090451188960229,0.7719896374993891,15994200
2019-05-27,0.7781658172607422,0.8090451086137054,0.7658133828982697,9620400
2019-05-28,0.790517270565033,0.8090450087407105,0.7719895323893553,8104500
2019-05-29,0.7843410968780518,0.8152213258777281,0.7781657909861877,8443200
2019-05-30,0.7966936230659485,0.8028689292448034,0.7781658271506087,5371800
2019-05-31,0.7781658172607422,0.8213966595038242,0.7781658172607422,12308700
2019-06-03,0.790517270565033,0.7966935145923505,0.7719895323893553,11005200
2019-06-04,0.790517270565033,0.7966935145923505,0.7781657211996577,1876200
2019-06-07,0.7781658172607422,0.8028689190409801,0.7781658172607422,7942500
2019-06-10,0.8337491154670715,0.8337491154670715,0.7905173886315882,15945300
2019-06-11,0.8399242758750916,0.8646282574778825,0.821396538149561,16213200
2019-06-12,0.8522768616676331,0.8646283569367045,0.8337490665938231,12616800
2019-06-13,0.8831562995910645,0.8893324899938397,0.8399245128484635,13553400
2019-06-14,0.8461006283760071,0.8893323532544817,0.8461006283760071,8785950
2019-06-17,0.8337491154670715,0.8584522178873175,0.8337491154670715,6342600
2019-06-18,0.81522136926651,0.8337491100898778,0.8090451243565817,5962200
2019-06-19,0.8213967084884644,0.8461006952142975,0.8152214020198234,5594850
2019-06-20,0.8275728821754456,0.8337490715831029,0.8028688975831051,7632600
2019-06-21,0.8213967084884644,0.8337491435875841,0.8152214020198234,7663350
2019-06-24,0.8461006283760071,0.852276873046183,0.8213966436016819,10012650
2019-06-25,0.8399242758750916,0.8522767636296125,0.8337489706870681,6497400
2019-06-26,0.8337491154670715,0.839924421727433,0.8152213745242106,5751900
2019-06-27,0.8337491154670715,0.839924421727433,0.8213966807845721,5304300
2019-06-28,0.8275728821754456,0.8399243775184302,0.8213966375507676,2941050
2019-07-01,0.8708046674728394,0.8831562188943478,0.8584522325789393,17833950
2019-07-02,0.8584522008895874,0.8708046353275032,0.8522768947514996,5750700
2019-07-03,0.8646283745765686,0.8769799253146526,0.8522768790555061,7105500
2019-07-04,0.8769798874855042,0.8955076269210837,0.864628337280213,6911250
2019-07-05,0.8646283745765686,0.8831561700283767,0.858452185079866,5142750
2019-07-08,0.8584522008895874,0.8708046353275032,0.8522768947514996,2899050
2019-07-09,0.8646283745765686,0.8769799253146526,0.858452185079866,5364750
2019-07-10,0.8646283745765686,0.8893323595250793,0.858452185079866,9231600
2019-07-11,0.9510909914970398,0.9510909914970398,0.8708046145376722,40987500
2019-07-12,0.9510909914970398,0.9634433704230292,0.9325631409293303,13309650
2019-07-15,0.963443398475647,1.0004989902559729,0.944915657802507,20262600
2019-07-16,0.9881466031074524,0.994322848608406,0.9510911179147544,9202950
2019-07-17,0.9696189165115356,1.0128506497020404,0.951091172845115,14479650
2019-07-18,0.9757948517799376,0.9757948517799376,0.9510908701189732,5474700
2019-07-19,1.012850284576416,1.0313780215637138,0.9819709437989668,15848850
2019-07-22,1.0066742897033691,1.019026780018118,0.9943227932950772,7207800
2019-07-23,1.0252020359039309,1.0499060227386574,1.006674294254501,20766750
2019-07-24,1.0190266370773315,1.031378131753056,1.0004988981105858,19086450
2019-07-25,1.0190266370773315,1.0190266370773315,1.0004988981105858,9477300
2019-07-26,1.0066742897033691,1.019026780018118,1.0004990384524517,5749350
2019-07-29,1.0190266370773315,1.031378131753056,1.0004988981105858,9751800
2019-07-31,0.963443398475647,1.0560822122753928,0.9510910191899932,27972600
2019-08-01,0.9819710850715636,0.9943226906386956,0.9634433454187477,8761500
2019-08-02,0.9572672247886658,0.975795077273398,0.9510910899036656,7816950
2019-08-05,0.926387906074524,0.957267142192464,0.9140354717192524,13743900
2019-08-06,0.944915771484375,0.944915771484375,0.8831562971748848,10446300
2019-08-07,0.944915771484375,0.9572672687836616,0.9325632802785598,5599050
2019-08-08,0.9696189165115356,0.9819712977927992,0.9325633187446312,13089450
2019-08-09,0.9757948517799376,0.994322589549098,0.9696186078881333,8495850
2019-08-13,0.9387393593788148,0.9696187045373356,0.9325631148713772,5963400
2019-08-14,0.9696189165115356,0.9819712977927992,0.9572673082687152,8336100
2019-08-15,0.963443398475647,0.963443398475647,0.944915657802507,4827750
2019-08-16,0.9757948517799376,0.981970985237714,0.963443247468554,5311650
2019-08-19,1.012850284576416,1.0190265282075857,0.9757948106018206,12391950
2019-08-20,1.0313780307769775,1.043729524243441,1.0128502936241723,14091150
2019-08-21,1.037554383277893,1.062257483235607,1.0313781389438113,12228150
2019-08-22,1.0252020359039309,1.0499060227386574,1.019026784625095,8326050
2019-08-23,1.0190266370773315,1.0437296264287808,1.0190266370773315,4138350
2019-08-26,1.0313780307769775,1.043729524243441,0.9943225564713668,16769100
2019-08-27,0.963443398475647,1.037554471602253,0.963443398475647,23702700
2019-08-28,0.9881466031074524,0.9881466031074524,0.944915755886256,9360900
2019-08-29,0.9757948517799376,0.994322589549098,0.9696186078881333,6412350
2019-08-30,0.963443398475647,0.9943227453961228,0.963443398475647,6091800
2019-09-03,0.994322657585144,1.000498901899555,0.963443313391696,8731350
2019-09-04,0.9881466031074524,1.0128505912047552,0.9757951060120572,14083050
2019-09-05,0.9819710850715636,1.0066741857717882,0.9819710850715636,3735450
2019-09-06,1.0006160736083984,1.0068314095342048,0.9881862908208768,4434900
2019-09-10,1.019261121749878,1.0379061300721666,0.9944007772544456,8433150
2019-09-11,1.044121503829956,1.044121503829956,1.01926115843964,12215700
2019-09-12,1.0379059314727783,1.0565509362274157,1.0379059314727783,8239200
2019-09-13,1.0316908359527588,1.0503358450350546,1.019261163296956,7279500
2019-09-17,1.0379059314727783,1.050335601243553,1.0254762617020037,5786550
2019-09-18,1.0689809322357178,1.081411493571775,1.0379061403243195,18830400
2019-09-19,1.0814117193222046,1.0938415053219273,1.0627667069235005,11513550
2019-09-20,1.0876259803771973,1.1124863260241484,1.0751961965192949,48645900
2019-09-23,1.0503357648849487,1.087625891336987,1.0441214291298486,10504500
2019-09-24,1.0503357648849487,1.0689808836774737,1.037906093177642,6820200
2019-09-25,1.0316908359527588,1.0565511814615474,1.0316908359527588,5235900
2019-09-26,1.0503357648849487,1.0565511008371553,1.037906093177642,8337300
2019-09-27,1.0565510988235474,1.068980881640177,1.0379060911995683,5830200
2019-09-30,1.0689809322357178,1.081411493571775,1.0565511488307788,12653550
2019-10-01,1.093841552734375,1.100056779402755,1.0751964283944595,7902150
2019-10-02,1.0751965045928955,1.106271306540506,1.0689812774840468,9122250
2019-10-03,1.0876259803771973,1.0938413168382322,1.0627665237944135,5472300
2019-10-04,1.100056529045105,1.1124863127547486,1.0876259674043245,10070550
2019-10-07,1.0814117193222046,1.118701855252653,1.0814117193222046,7263300
2019-10-08,1.093841552734375,1.093841552734375,1.0751964283944595,5595600
2019-10-09,1.0627665519714355,1.0876260092133154,1.0503358787197927,12097050
2019-10-10,1.0627665519714355,1.081411561651685,1.056551215345614,5965500
2019-10-11,1.0751965045928955,1.081411842834797,1.0627668283065674,3819150
2019-10-14,1.0689809322357178,1.0876259407421769,1.0565511488307788,7077450
2019-10-15,1.093841552734375,1.093841552734375,1.062766752989014,6477450
2019-10-16,1.1187015771865845,1.13113124896373,1.0938412334351812,14612250
2019-10-17,1.1187015771865845,1.13113124896373,1.1124862411994556,4455750
2019-10-18,1.1808511018753052,1.1808511018753052,1.124915964869172,13300350
2019-10-21,1.1684213876724243,1.2119267437746286,1.1622060510300471,7376550
2019-10-22,1.1870664358139038,1.1994962204366726,1.1684214254806675,7781550
2019-10-23,1.1808511018753052,1.1870663270161308,1.1684213183917591,2591250
2019-10-24,1.174636721611023,1.1808511691749024,1.1622060483548815,4165350
2019-10-25,1.1684213876724243,1.1746367243148013,1.1497763779425103,4451400
2019-10-29,1.1497762203216553,1.1746365632858842,1.1311312131477538,7886400
2019-10-30,1.1684213876724243,1.193281734044715,1.137346704854974,6765900
2019-10-31,1.1870664358139038,1.1932817726573992,1.174636762324163,4456200
2019-11-01,1.1994962692260742,1.1994962692260742,1.1684214730061049,6312000
2019-11-04,1.211926817893982,1.211926817893982,1.1870664700012752,4939950
2019-11-05,1.2305718660354614,1.2305718660354614,1.1994961829854929,8261550
2019-11-06,1.193281650543213,1.230571778526637,1.1684213059105586,20661900
2019-11-07,1.2057117223739624,1.2181413975656543,1.1932819360492275,6097350
2019-11-08,1.193281650543213,1.2181411061117362,1.1808510892613284,10082850
2019-11-11,1.1622061729431152,1.1932818592175594,1.1373468241603468,11839200
2019-11-12,1.1870664358139038,1.1870664358139038,1.1497764151474312,5911500
2019-11-13,1.1870664358139038,1.1994962204366726,1.1684214254806675,6226050
2019-11-14,1.1497762203216553,1.1932815704597857,1.1497762203216553,7266150
2019-11-15,1.1622061729431152,1.1684215102374684,1.149776498551731,4955400
2019-11-18,1.1622061729431152,1.187066521923206,1.1559918358460843,9590400
2019-11-19,1.1808511018753052,1.1870663270161308,1.1559916460412305,5780850
2019-11-20,1.2057117223739624,1.230572072954733,1.1746369231629965,9774900
2019-11-21,1.2305718660354614,1.2305718660354614,1.1994961829854929,9635250
2019-11-22,1.2367862462997437,1.261646593580931,1.2367862462997437,9656550
2019-11-25,1.2243566513061523,1.267862011789995,1.2181413140377984,8678400
2019-11-26,1.2430014610290527,1.25543113334965,1.224356452449579,16766550
2019-11-27,1.2243566513061523,1.249217000182251,1.2181413140377984,2454750
2019-11-28,1.2305718660354614,1.2367862024876803,1.2181411927365864,4417800
2019-11-29,1.2305718660354614,1.2305718660354614,1.2181411927365864,1543050
2019-12-02,1.2305718660354614,1.274076221989868,1.2181411927365864,5044800
2019-12-03,1.2989364862442017,1.311366269692809,1.2305717882127238,15397650
2019-12-04,1.3175815343856812,1.3175815343856812,1.274076072215334,4261650
2019-12-05,1.3237969875335691,1.342442109442237,1.3113664246846592,6132600
2019-12-06,1.3424420356750488,1.3486563721272675,1.3175816892745176,4107450
2019-12-09,1.3175815343856812,1.3424418778637446,1.3051517516121889,3438750
2019-12-10,1.3175815343856812,1.3300112060261624,1.2989364156933976,5535750
2019-12-11,1.3175815343856812,1.323796759171461,1.3051517516121889,2790150
2019-12-12,1.367301344871521,1.367301344871521,1.3113663171321548,7621500
2019-12-13,1.3983771800994873,1.3983771800994873,1.3610871575260717,4512150
2019-12-16,1.4418814182281494,1.4667417626668002,1.3797319462942166,6207750
2019-12-17,1.4853869676589966,1.4916023046410525,1.448096946161205,6693600
2019-12-18,1.460526466369629,1.4853868114867863,1.4480967939096334,5890650
2019-12-19,1.4667420387268066,1.4853870505157445,1.4480970269378688,6246000
2019-12-20,1.4356672763824463,1.4791717492865226,1.4294519389020044,4395150
2019-12-23,1.4108065366744995,1.448096661987528,1.4045912009121375,2881050
2019-12-24,1.429451823234558,1.4605266188606127,1.3859464647865067,5141700
2019-12-26,1.4418814182281494,1.4667417626668002,1.4232364099484462,4190250
2019-12-27,1.4667420387268066,1.472957376055562,1.4480970269378688,3577200
2019-12-30,1.460526466369629,1.5226768290639396,1.454312019105196,5354400
2019-12-31,1.42323637008667,1.4729570575714022,1.42323637008667,6271650
2020-01-02,1.460526466369629,1.4791714751582057,1.4356670103166194,3761400
2020-01-03,1.5102472305297852,1.516461566965388,1.4667418744944856,6289800
2020-01-06,1.4791713953018188,1.5102470750698676,1.4667417235128672,2867400
2020-01-07,1.5102472305297852,1.5102472305297852,1.4791715475629073,3330750
2020-01-08,1.4791713953018188,1.4916020672878836,1.435666932808919,6026850
2020-01-09,1.4791713953018188,1.5040317390768352,1.4729570595058996,5219100
2020-01-10,1.4916023015975952,1.4978166383696994,1.4729572908867428,5038050
2020-01-13,1.497816562652588,1.497816562652588,1.4791715528842715,3983550
2020-01-14,1.460526466369629,1.497816483946782,1.460526466369629,6184500
2020-01-15,1.4729572534561155,1.4853869268817326,1.4543121320860408,2648250
2020-01-16,1.4853869676589966,1.4978166414258365,1.472957293892157,5118450
2020-01-17,1.497816562652588,1.522676909076083,1.4853868895394502,9119100
2020-01-20,1.4916023015975952,1.5288923230193003,1.485386964628221,7073400
2020-01-21,1.5413219928741455,1.5413219928741455,1.4916022978363364,6702600
2020-01-22,1.6159021854400637,1.6656219928040512,1.5413220298619523,11045250
2020-01-23,1.6469769477844238,1.6594075106011754,1.6159021521714811,6189000
2020-01-24,1.6283317804336548,1.6656219119797224,1.6221174438296435,1218000
2020-01-28,1.5910415649414062,1.6159019089010291,1.553751549100532,5841150
2020-01-29,1.6159021854400637,1.6159021854400637,1.578612163217524,4439550
2020-01-30,1.553751826286316,1.6283318712729742,1.5475373782025936,6189000
2020-01-31,1.454312086105347,1.5661822551236828,1.4108067301953209,12936300
2020-02-03,1.516461730003357,1.5351068528421976,1.2305719950464973,42034650
2020-02-04,1.4916023015975952,1.5661823444410057,1.4605266169479942,12696450
2020-02-05,1.5102472305297852,1.5413219132994471,1.4916022208285449,6460200
2020-02-06,1.5723966360092163,1.584827308712034,1.5164614983050289,7024050
2020-02-07,1.553751826286316,1.5910418487796452,1.5475373782025936,2862150
2020-02-10,1.5288922786712646,1.5661822990113117,1.5164616050930884,4570050
2020-02-11,1.5413219928741455,1.566182340491684,1.5226769822103086,4635900
2020-02-12,1.547537326812744,1.5786121222592024,1.5413219898711523,6310200
2020-02-13,1.559967041015625,1.6221174070263462,1.5475372567593446,11009400
2020-02-14,1.5723966360092163,1.6096866537233283,1.5599669635035691,5180250
2020-02-17,1.553751826286316,1.5972571859276328,1.5475373782025936,4627500
2020-02-18,1.547537326812744,1.5723967853176104,1.4418815997920085,15373200
2020-02-19,1.522676944732666,1.553751739474824,1.4853869243228113,8023050
2020-02-20,1.516461730003357,1.547537416311247,1.504032055598595,4213650
2020-02-21,1.5040318965911863,1.5288922429697789,1.491602223500499,5324100
2020-02-24,1.460526466369629,1.497816483946782,1.4294516739880383,10176450
2020-02-25,1.516461730003357,1.5226770673043997,1.4108068859365364,8168550
2020-02-26,1.5102472305297852,1.5288922402310257,1.4916022208285449,4811550
2020-02-27,1.4356672763824463,1.5102474364913805,1.4356672763824463,8979600
2020-02-28,1.4108065366744995,1.4356668795268714,1.3362265083144595,6963900
2020-03-02,1.42323637008667,1.448096713829036,1.385946243438664,7327800
2020-03-03,1.4045913219451904,1.4605264591681366,1.3983769858444175,3070650
2020-03-04,1.367301344871521,1.4045913633644316,1.3486563356250656,9248850
2020-03-05,1.4170221090316772,1.4294517824346609,1.385946425228354,7514850
2020-03-06,1.367301344871521,1.4170220363268629,1.3610870085874969,7150200
2020-03-09,1.1187015771865845,1.3175815488724982,1.106270905212327,13282650
2020-03-10,1.261646747589111,1.2802917602766697,1.0689811719521751,20481300
2020-03-11,1.2367862462997437,1.286506940862118,1.2057115623462002,11929950
2020-03-12,1.174636721611023,1.211926740985016,1.1559917119240264,14014200
2020-03-16,0.9136064052581788,1.068981048514149,0.9136064052581788,16916550
2020-03-17,1.0006160736083984,1.037906088769032,0.8390261190453316,16980750
2020-03-18,0.840643048286438,1.0351205594167368,0.8280964250977559,16589400
2020-03-19,0.7026267647743225,0.90337803821739,0.6179350403885439,62510700
2020-03-20,0.90965074300766,0.90965074300766,0.7277208075446466,27384000
2020-03-23,0.840643048286438,0.9096507378285692,0.7528149472040736,20695650
2020-03-24,0.9410186409950256,0.9849322414707942,0.9221982861236312,27213150
2020-03-25,1.0351203680038452,1.0790339617119238,0.9159243568087748,32724450
2020-03-26,1.010026454925537,1.060213734880787,0.997479775159439,15760950
2020-03-27,1.0476670265197754,1.091581521582124,1.0413932387670377,18683550
2020-03-30,1.060213565826416,1.079034031187267,1.0037525062783237,9913200
2020-03-31,1.13549542427063,1.1794099311306323,1.0790343481379174,17271900
2020-04-01,1.1794096231460571,1.2546911505092542,1.1041282079610173,17112000
2020-04-02,1.2672380208969116,1.273511810203771,1.1668633374309223,13157250
2020-04-03,1.2860583066940308,1.367613636847917,1.2735117383914605,12664650
2020-04-06,1.3676135540008545,1.3676135540008545,1.2546913051293271,9994800
2020-04-07,1.3801599740982056,1.4930822109060309,1.355066841693901,41355450
2020-04-08,1.2860583066940308,1.380160205150487,1.2609651700888902,18009600
2020-04-09,1.279785394668579,1.3362464605822004,1.2672378180632216,16103700
2020-04-10,1.217050552368164,1.279785407198688,1.1919564085152532,17857800
2020-04-13,1.1605892181396484,1.2358707421811033,1.148042652696888,16903650
2020-04-14,1.27351176738739,1.2797855564833205,1.173136077692446,21192450
2020-04-15,1.2986056804656982,1.3425192796016678,1.2735115382016342,17947500
2020-04-16,1.336246371269226,1.3550668374939974,1.273511521246042,18134850
2020-04-17,1.3425195217132568,1.3801602370958037,1.3362466300404012,21476400
2020-04-20,1.3174259662628174,1.3864337040747672,1.2986056129442014,12016650
2020-04-21,1.2986056804656982,1.329972713271357,1.2735115382016342,10677600
2020-04-22,1.336246371269226,1.336246371269226,1.273511521246042,6928050
2020-04-23,1.336246371269226,1.3676134036572627,1.3048785536340786,6516300
2020-04-24,1.336246371269226,1.3550668374939974,1.3174260172226138,5929200
2020-04-27,1.3487930297851562,1.367613383555134,1.323698888224048,7560600
2020-04-28,1.3487930297851562,1.3613395957640035,1.336246351628152,4086300
2020-04-29,1.3801599740982056,1.405254116105942,1.3487930537911088,10563600
2020-04-30,1.3989803791046145,1.4178007338943313,1.386433812445959,8631900
2020-05-04,1.3864338397979736,1.411527983213818,1.3487931294759514,6243000
2020-05-05,1.3864338397979736,1.417800761865163,1.3864338397979736,5055000
2020-05-06,1.3989803791046145,1.455441555651929,1.386433812445959,11485350
2020-05-08,1.43034827709198,1.4554415220073886,1.4115279227373214,6457350
2020-05-12,1.436621069908142,1.4554414229823047,1.405254039140844,6854550
2020-05-13,1.4679890871047974,1.486809554936386,1.4178007989600003,11078850
2020-05-14,1.4178006649017334,1.5181763342750925,1.3927075328054976,12612750
2020-05-15,1.4178006649017334,1.4742618387015507,1.4178006649017334,9968550
2020-05-18,1.43034827709198,1.4491686314466383,1.417800701119911,8718000
2020-05-19,1.4428949356079102,1.4679890795511854,1.411528012881448,6662550
2020-05-20,1.5119026899337769,1.5119026899337769,1.4240745878767842,12033750
2020-05-21,1.461715579032898,1.5181766524889486,1.4428951090360334,12126750
2020-05-22,1.4679890871047974,1.4805357665174077,1.4178007989600003,11103150
2020-05-27,1.5181764364242554,1.5181764364242554,1.4742619378959654,10238550
2020-05-28,1.474261999130249,1.5244502879910322,1.4491687521252168,8338200
2020-05-29,1.524450421333313,1.524450421333313,1.44916887888269,11913000
2020-06-03,1.599731683731079,1.919677930734767,1.5871841078132023,17467950
2020-06-04,1.681286096572876,1.7189268074751751,1.60600456259011,7218300
2020-06-05,1.6310988664627075,1.6875600505352115,1.6122785091645988,4882800
2020-06-09,1.6310988664627075,1.731474554098666,1.6310988664627075,9164850
2020-06-10,1.6687395572662354,1.6938337031737918,1.6436454113586787,4584300
2020-06-11,1.5934579372406006,1.693833499178605,1.587184149118392,7249350
2020-06-12,1.6310988664627075,1.6310988664627075,1.474262106932423,14547450
2020-06-15,1.5119026899337769,1.6750132242342812,1.5056299111161209,16321050
2020-06-16,1.5620909929275513,1.612278384141055,1.5244502812501697,6912150
2020-06-17,1.5809112787246704,1.6310986677146442,1.5369967805121625,11455800
2020-06-18,1.5620909929275513,1.593458028302364,1.5558172044468128,6894150
2020-06-19,1.6060044765472412,1.6060044765472412,1.5558170890560024,9803250
2020-06-22,1.568363904953003,1.6060046171336662,1.568363904953003,4062600
2020-06-23,1.5620909929275513,1.612278384141055,1.5558172044468128,6813450
2020-06-24,1.568363904953003,1.5997318381725811,1.5558172252491238,10809750
2020-06-25,1.543270707130432,1.568363955163367,1.5307231295994812,5890950
2020-06-26,1.5369969606399536,1.5683639983011124,1.5244503923674808,3511500
2020-06-29,1.5056301355361938,1.53072327375408,1.4993563461798896,6573150
2020-06-30,1.5871840715408323,1.6060044253841002,1.518176331805166,13220700
2020-07-01,1.5934579372406006,1.6436452134078694,1.587184149118392,10624350
2020-07-02,1.6310988664627075,1.6561930127280533,1.5934581518664903,9435150
2020-07-03,1.643645405769348,1.6875600207355166,1.618552269550711,6552150
2020-07-06,1.7628414630889893,1.7753881434796164,1.668739565308453,10344750
2020-07-07,1.7252005338668823,1.8318489865701624,1.7126539672178884,10376850
2020-07-08,1.7691150903701782,1.7816616574363704,1.7314743795681,7108950
2020-07-09,1.863216996192932,1.9259508416876367,1.78793546173831,20063100
2020-07-10,1.9761393070220947,2.001232667987749,1.8318492283024284,15805050
2020-07-13,1.963591694831848,2.0263264351208865,1.9259507609158943,9586950
2020-07-14,1.9698657989501955,2.0075065166913846,1.9259511795393915,8114250
2020-07-15,2.0827877521514893,2.114154789567079,1.9761392864832368,20019300
2020-07-16,2.0263266563415527,2.1894364155738266,2.0075062995070594,11068200
2020-07-17,2.107881784439087,2.1706156281924835,2.038873142865476,9553500
2020-07-20,2.0576934814453125,2.1204284464783134,2.0514207028822606,6863400
2020-07-21,2.195709705352783,2.2145300588713743,2.0765136843557506,10597500
2020-07-22,2.214530229568481,2.2521709395070286,2.170615619260853,7800750
2020-07-23,2.158069372177124,2.2396247002655283,2.132975114425746,7191150
2020-07-24,2.1204283237457275,2.1831630607912493,2.101607969938965,5467050
2020-07-27,2.2584445476531982,2.2898113531640742,2.1141542808000158,7510050
2020-07-28,2.3588192462921143,2.3713668218918977,2.289811506728809,10729200
2020-07-29,2.308631896972656,2.3588192835320365,2.270991188785883,5529000
2020-07-30,2.195709705352783,2.321178504453746,2.195709705352783,7898400
2020-08-03,2.239624500274658,2.3839136650061747,2.239624500274658,8232900
2020-08-04,2.314905881881714,2.365093270280259,2.245897241274786,6940800
2020-08-05,2.296085357666016,2.3713667712431605,2.296085357666016,6332700
2020-08-06,2.283538341522217,2.333726635932578,2.2709916605432645,3988800
2020-08-07,2.2458975315093994,2.3149061810342304,2.239624752173396,5157300
2020-08-10,2.158069372177124,2.2458974794561475,2.132975114425746,4746750
2020-08-11,2.1643428802490234,2.2082565939343124,2.1580692041215546,3932400
2020-08-12,2.176889181137085,2.2898112933940338,2.0388728174437825,8229900
2020-08-13,2.2019832134246826,2.2772648461303118,2.176889186285277,5770950
2020-08-14,2.170616149902344,2.233351130515805,2.151795790332135,7203600
2020-08-17,2.1894359588623047,2.227076664679523,2.1016078696451,6277050
2020-08-18,2.233350992202759,2.289812067416709,2.1957102753934588,6189900
2020-08-19,2.283538341522217,2.3713673519385288,2.2458976255162666,7442700
2020-08-21,2.3399994373321533,2.3525470158534656,2.283538362797198,6588600
2020-08-24,2.377640008926392,2.4780156951454586,2.3211789378290635,10669050
2020-08-25,2.296085357666016,2.4027338025439944,2.283537782334229,5047500
2020-08-26,2.321178436279297,2.3588191422109483,2.2835377303476454,4926450
2020-08-27,2.333726406097412,2.3650934419901826,2.314906049947945,4074450
2020-08-28,2.38391375541687,2.38391375541687,2.289811751999617,5528550
2020-09-01,2.321178436279297,2.390187070222905,2.302358083313471,4526400
2020-09-02,2.3525466918945312,2.3713670474811805,2.296085625134583,6744750
2020-09-03,2.3475112915039062,2.4167414757836765,2.3349243331168665,7761000
2020-09-04,2.297162771224976,2.3412183632803147,2.265695262876625,6110850
2020-09-07,2.2531073093414307,2.3349242230757503,2.2216395772419624,4957350
2020-09-08,2.23422646522522,2.2719880126565863,2.133529455561396,8529300
2020-09-09,2.1838784217834477,2.2279337948375733,2.1083553109648725,13489950
2020-09-10,2.1272358894348145,2.234226727997187,2.1272358894348145,6756750
2020-09-11,2.190171957015991,2.190171957015991,1.913253019415438,4665300
2020-09-14,2.1838784217834477,2.253107714957183,2.1587036013573404,4672950
2020-09-15,2.2656946182250977,2.290868302633952,2.16499672951827,6930150
2020-09-17,2.1461164951324463,2.2782819162025785,2.1335295372499714,11641500
2020-09-18,2.139822244644165,2.1838778308540374,2.114648556412858,6931950
2020-09-21,2.045418500900269,2.146116410767431,2.045418500900269,7571700
2020-09-22,2.120941638946533,2.1524102709787547,2.026537768539098,5786250
2020-09-23,2.1461164951324463,2.158703227938336,2.120941679061155,5844150
2020-09-24,2.1524100303649902,2.164996986602329,2.139822173821428,3188100
2020-09-25,2.2027587890625,2.2216395632492127,2.1587031991403385,4711650
2020-09-28,2.246814012527466,2.26569478363471,2.202758429790806,3836400
2020-09-29,2.259401321411133,2.3034569154239164,2.25310750435459,4540500
2020-09-30,2.2782819271087646,2.297162701637738,2.209052645579117,3161100
2020-10-01,2.3223373889923096,2.3286303049230934,2.2782818007156225,4077450
2020-10-02,2.221639633178711,2.366392014756564,2.221639633178711,5377800
2020-10-05,2.284575700759888,2.30345647307389,2.2216393428934262,3570600
2020-10-06,2.2656946182250977,2.3600984668692564,2.246813848496266,4237050
2020-10-07,2.3160433769226074,2.3160433769226074,2.2531072394463028,2266950
2020-10-08,2.2908689975738525,2.3412184073539235,2.271988222117498,2433300
2020-10-09,2.3412182331085205,2.347511149229162,2.284575910955068,3739350
2020-10-12,2.3286304473876958,2.3600990803451825,2.3097496727510607,3693750
2020-10-13,2.3097493648529053,2.34751090909242,2.297162408516291,2253000
2020-10-14,2.3160433769226074,2.334924150642526,2.271988013166221,4781100
2020-10-15,2.3097493648529053,2.3538049499521216,2.278281636396534,5633700
2020-10-16,2.3286304473876958,2.347511222024329,2.3097496727510607,2665950
2020-10-19,2.3286304473876958,2.35380526372305,2.303456756435279,5517000
2020-10-20,2.3475112915039062,2.353805333388912,2.2971627827259646,4166550
2020-10-21,2.2908689975738525,2.3663920993992704,2.28457608098486,6094950
2020-10-22,2.3160433769226074,2.360098965755571,2.2656950971559784,8652000
2020-10-23,2.3349239826202397,2.4104472971417947,2.322337251199195,20563350
2020-10-26,2.3160433769226074,2.397860513195408,2.271988013166221,5614650
2020-10-27,2.3160433769226074,2.347511108045895,2.2971626032026893,4457700
2020-10-28,2.3223373889923096,2.366391851886127,2.3034566155107927,4815450
2020-10-30,2.2027587890625,2.3223374757315134,2.1838780148757877,8264850
2020-11-02,2.2027587890625,2.2153457467770594,2.1461164665023613,7348200
2020-11-03,2.221639633178711,2.2971627323027675,2.2090526750679578,4318050
2020-11-04,2.246814012527466,2.2782815142197808,2.221639200898049,4482750
2020-11-05,2.2908689975738525,2.3160435899255893,2.259401263556526,10080750
2020-11-06,2.2908689975738525,2.309749773030207,2.246814530072152,5513250
2020-11-09,2.2908689975738525,2.3034568564412146,2.259401263556526,3104400
2020-11-10,2.2656946182250977,2.2719875329051207,2.215345223718625,5632050
2020-11-11,2.2405202388763428,2.290868742749518,2.234226422681052,2628450
2020-11-12,2.209052085876465,2.2656946201885764,2.2027582708848708,5892000
2020-11-13,2.221639633178711,2.240520407959725,2.2090526750679578,4446900
2020-11-16,2.23422646522522,2.253107238940903,2.2216395078246745,5873400
2020-11-17,2.23422646522522,2.2405202815403573,2.202758734108991,5069550
2020-11-18,2.221639633178711,2.234226591289464,2.2027588583976967,2331750
2020-11-19,2.1083550453186035,2.221639697272947,2.1020610033901703,9239550
2020-11-20,2.0831801891326904,2.16499733083497,2.064299414159822,8024400
2020-11-23,2.1083550453186035,2.120941778715894,2.07059326959056,4398450
2020-11-24,2.020244836807251,2.1083548900971905,2.020244836807251,6777900
2020-11-25,2.0517125129699707,2.0642994715586105,1.98248322788776,10005150
2020-11-26,2.0768871307373047,2.089473863038989,2.0139507683099667,8852550
2020-11-27,2.0642991065979004,2.102060650917508,2.0454183344380965,3788550
2020-11-30,2.045418500900269,2.0768871322906257,2.0391255848978727,3508950
2020-12-01,2.058006525039673,2.083180216774419,2.026537891104226,5273550
2020-12-02,2.2027587890625,2.2027587890625,2.045418554020061,10569000
2020-12-03,2.209052085876465,2.2531067651288588,2.1712905463860768,8560350
2020-12-04,2.209052085876465,2.221639040630065,2.177583461071553,3962100
2020-12-07,2.215346097946167,2.24681473514207,2.190172178526564,3768150
2020-12-08,2.209052085876465,2.221639040630065,2.177583461071553,6079950
2020-12-09,2.158703088760376,2.240520222872446,2.158703088760376,3696750
2020-12-10,2.139822244644165,2.177583789835661,2.133529329008606,4383600
2020-12-11,2.196465015411377,2.209052648601085,2.1209416921155837,3300000
2020-12-14,2.0831801891326904,2.177584063997032,2.0705932308940365,2457000
2020-12-15,2.0768871307373047,2.114648678101816,2.039125583372793,2416200
2020-12-16,2.120941638946533,2.120941638946533,2.0705931331391487,2845500
2020-12-17,2.0768871307373047,2.1209415940995053,2.0705930893567333,3836100
2020-12-18,2.139822244644165,2.139822244644165,2.0768870112213618,4500150
2020-12-21,2.120941638946533,2.1587031871095075,2.0768871746528066,2718450
2020-12-22,2.1272358894348145,2.1901720342990503,2.0894741124856315,2455050
2020-12-23,2.221639633178711,2.221639633178711,2.12723575927364,4818000
2020-12-24,2.227932929992676,2.246813925444669,2.2027583444155305,2997300
2020-12-28,2.3097493648529053,2.328630136972663,2.240520092157019,5106600
2020-12-29,2.23422646522522,2.3600989652261712,2.2153456915095364,4612950
2020-12-30,2.297162771224976,2.316043546325898,2.240520445922209,4095900
2020-12-31,2.23422646522522,2.3034566440791218,2.23422646522522,2496150
2021-01-04,2.297162771224976,2.32863050464992,2.246814487775702,3940650
2021-01-05,2.2656946182250977,2.297162117620092,2.240519808433597,3151650
2021-01-06,2.2027587890625,2.2971626599960646,2.1712910571612274,4491150
2021-01-07,2.2719881534576416,2.278281970162824,2.17129113755336,5217150
2021-01-08,2.3538050651550293,2.385272570074965,2.278281747903084,12377400
2021-01-11,2.441915273666382,2.46708986444455,2.322337486737021,13413600
2021-01-12,2.5489068031311035,2.611842037217181,2.441915082064589,12920550
2021-01-13,2.668484687805176,2.706246234910591,2.5614936376731663,8318400
2021-01-14,2.7440075874328613,2.7691821754611983,2.643310585778866,12912450
2021-01-15,2.800650119781494,2.825824934825364,2.725127025109342,12145050
2021-01-18,2.907642126083374,2.976871411129733,2.7062465123140687,7914900
2021-01-19,2.8321189880371094,2.932816005870336,2.77547666229475,8226150
2021-01-20,2.844705581665039,2.9516964026039325,2.7943570792049184,5455050
2021-01-21,2.819530963897705,2.93281583381302,2.800650189757916,5996850
2021-01-22,2.800650119781494,2.8698802984606955,2.7691823887446736,4872450
2021-01-25,2.7377147674560547,2.7691822720907058,2.6433106780161344,5825700
2021-01-26,2.7377147674560547,2.850999404692079,2.7377147674560547,5913000
2021-01-27,3.0146324634552,3.0146324634552,2.756595466209977,9902100
2021-01-29,2.932815790176392,2.983165195696438,2.863586511103793,6765300
2021-02-02,3.146798610687256,3.234908671084165,2.932816038669831,11787900
2021-02-03,3.121623516082764,3.216027610070137,3.071275236150161,10172550
2021-02-04,3.064981460571289,3.13421164567348,2.9957521757754866,8492850
2021-02-05,3.064981460571289,3.1656793796297915,3.05239472711132,5007750
2021-02-08,3.046100378036499,3.0964497826425985,3.008338831004217,4914000
2021-02-09,3.090156316757202,3.121623826032088,3.00833917209098,7874100
2021-02-10,3.146798610687256,3.159385569249731,3.0523947333942134,9654150
2021-02-11,3.096449851989746,3.1467983574171376,3.071275261661181,3203700
2021-02-15,3.083862066268921,3.15938538886803,3.0775691500384648,3902250
2021-02-16,3.083862066268921,3.197146937629292,3.058688375657834,8297550
2021-02-17,3.0398075580596924,3.109036838061176,3.0335135165357965,4904850
2021-02-18,3.090156316757202,3.121623826032088,2.9516968451204257,10422750
2021-02-19,3.090156316757202,3.1027430503752367,3.039807806748865,4116150
2021-02-22,3.064981460571289,3.13421164567348,3.064981460571289,4596750
2021-02-23,3.3481931686401367,3.385954942883615,3.014632817665932,19526400
2021-02-24,3.335606336593628,3.474065796243313,3.153092187711846,19693800
2021-02-25,3.417423248291016,3.7446897728560233,3.360780926237664,17046450
2021-02-26,3.278963327407837,3.511826849432305,3.2412017846843524,14609100
2021-03-01,3.2097346782684326,3.335606277787792,3.1782660468897195,8127750
2021-03-02,3.272669553756714,3.297844366047622,3.228615095245209,9532950
2021-03-03,3.222321033477783,3.335605887433367,3.1845594905181054,5166000
2021-03-04,3.1845595836639404,3.197146539942108,3.121623226737205,7056600
2021-03-05,3.1405045986175537,3.1467984151225443,3.033513544334633,8119800
2021-03-08,2.9391093254089355,3.1782657714122307,2.9139347375951896,11068350
2021-03-09,2.895054340362549,3.0398078564026187,2.769182725670756,22004550
2021-03-10,2.895054340362549,3.064981549126488,2.832119095708161,11545350
2021-03-11,3.0523946285247803,3.0523946285247803,2.832118922408905,6686250
2021-03-12,3.0020461082458496,3.121623672979928,2.989458249861994,5178300
2021-03-15,2.945403575897217,3.0586884500114278,2.9328159425176343,3525450
2021-03-16,2.964284420013428,3.0020459677079234,2.9202288308833597,3049500
2021-03-17,3.0326616764068604,3.0453239100500085,2.956686916012094,1165800
2021-03-18,3.09597396850586,3.1086362002632546,3.0136675374905844,6377700
2021-03-19,3.1023049354553223,3.1023049354553223,2.98834279651222,3439800
2021-03-22,3.1023049354553223,3.133961764429668,3.0643175558076217,3178800
2021-03-23,3.1909430027008057,3.247924301609287,3.1023050995659998,6051300
2021-03-24,3.0643177032470703,3.2352611463092997,3.038993461531391,11439750
2021-03-25,3.0706489086151123,3.1149677398641344,3.0073361631607267,5794950
2021-03-26,3.0706489086151123,3.14662365974609,3.0516549944097493,5690850
2021-03-29,3.222599029541016,3.285911787149976,3.0959746464364057,7015050
2021-03-30,3.197273731231689,3.3049053235489567,3.1276304256812564,7252800
2021-03-31,3.2162673473358154,3.2479241767679934,3.140292360518995,11108850
2021-04-01,3.222599029541016,3.266918095720885,3.1466242638246524,5832000
2021-04-02,3.2732481956481934,3.323898711743927,3.2225985852429826,5394300
2021-04-05,3.29224181175232,3.406204168520833,3.279579579247624,4292850
2021-04-06,3.1909430027008057,3.3555549898820827,3.1909430027008057,3903750
2021-04-07,3.1909430027008057,3.3049053740951138,3.165617855173339,5061450
2021-04-08,3.3112356662750244,3.31756734890161,3.1529553745875067,5606400
2021-04-09,3.2985734939575195,3.3682167964134657,3.2669177973125354,4398900
2021-04-12,3.330229520797729,3.374548584310403,3.2859115893982977,3342900
2021-04-13,3.3112356662750244,3.3998735624813,3.3112356662750244,4726200
2021-04-14,3.3808798789978027,3.4125358015365967,3.3238988108672265,4447650
2021-04-15,3.3112356662750244,3.393542106277351,3.2985734331350383,3955500
2021-04-16,3.3682162761688232,3.374547957934187,3.2985729844697724,3046500
2021-04-19,3.4251978397369385,3.608804172530317,3.3302291718356045,4980750
2021-04-20,3.355554580688477,3.45052302325058,3.349222898339082,2758350
2021-04-21,3.3112356662750244,3.355554727589481,3.2795797437911034,4454250
2021-04-22,3.279579162597656,3.355554132932064,3.2605854766197035,3158400
2021-04-23,3.2099368572235107,3.279579936055469,3.171949249885992,6273300
2021-04-26,3.2415921688079834,3.273248089374974,3.1782796484061318,7044150
2021-04-27,3.200439929962158,3.2764149216422096,3.0864777820760727,7682200
2021-04-28,3.0389938354492188,3.2764152253058345,3.001006449299789,11005400
2021-04-30,2.9820127487182617,3.0579875208258644,2.9440251362417795,6554300
2021-05-03,2.9820127487182617,2.991509595231712,2.868050364134177,7328200
2021-05-04,2.915534257888794,2.972515556770412,2.8775468762494856,7826600
2021-05-05,2.8395588397979736,2.963017801655658,2.8015714669186864,8988400
2021-05-06,2.8110687732696533,2.915534065898632,2.8110687732696533,7267500
2021-05-07,2.7540876865386963,2.868049823206298,2.7540876865386963,6672800
2021-05-10,2.782578468322754,2.830062696159799,2.6496224039563687,10920300
2021-05-11,2.659118413925171,2.7635839087622003,2.6306278861757777,10151800
2021-05-12,2.649622201919556,2.735094031931568,2.649622201919556,3074300
2021-05-17,2.6116347312927246,2.68760948738418,2.516666286178406,7979200
2021-05-18,2.7066032886505127,2.716100133555781,2.5451569252609527,13000100
2021-05-19,2.649622201919556,2.735094031931568,2.592641132859975,7716800
2021-05-20,2.516666412353516,2.735094073490129,2.450188271017924,11756500
2021-05-21,2.56415057182312,2.592641106058388,2.4216976742241427,8224500
2021-05-24,2.8300623893737797,2.849056078449633,2.58314420496505,9089100
2021-05-25,2.8870434761047363,2.982012148548198,2.773081340879745,11915600
2021-05-27,2.9250311851501465,2.9250311851501465,2.76358480866531,8330500
2021-05-28,2.8300623893737797,2.934527679290974,2.8205655448358526,2303200
2021-05-31,2.858553409576416,2.906037640348913,2.716100490836251,4156200
2021-06-01,2.9060375690460205,2.9060375690460205,2.8015722639097,2814000
2021-06-02,2.9820127487182617,3.038993827798964,2.906037750187978,6453600
2021-06-03,2.9440248012542725,3.010502945706853,2.915534264955733,3016500
2021-06-04,2.8300623893737797,2.925030834753047,2.7635844776082923,6859300
2021-06-08,2.820565700531006,2.858553080779616,2.792075165344549,3957800
2021-06-09,2.716099977493286,2.820565491871468,2.697106288774094,5283500
2021-06-10,2.782578468322754,2.839559541727208,2.697106631793414,3739500
2021-06-11,2.716099977493286,2.811068647511872,2.697106288774094,6479400
2021-06-14,2.763584613800049,2.801571993823805,2.725597007353646,4056400
2021-06-15,2.858553409576416,2.877547101885415,2.744591255722422,5907500
2021-06-16,2.8300623893737797,2.91553399021512,2.8205655448358526,4865600
2021-06-17,2.7540876865386963,2.839559289039397,2.735093997094096,4751800
2021-06-18,2.8490562438964844,2.8870436242541477,2.7730814831811585,13964400
2021-06-21,2.7730813026428223,2.8300623694696285,2.74459076922942,5067600
2021-06-22,2.80157208442688,2.868050001618356,2.782578393800744,3714400
2021-06-23,2.782578468322754,2.830062696159799,2.773081622755345,2448600
2021-06-24,2.7540876865386963,2.801571910150197,2.7255969259491577,3485300
2021-06-25,2.7255969047546387,2.7730813544195336,2.6971063708092835,4928200
2021-06-28,2.735093832015991,2.7635843644633296,2.6401251641022383,3992700
2021-06-29,2.763584613800049,2.792075148817866,2.716100162347708,4571500
2021-06-30,2.7255969047546387,2.792075043716437,2.687609526160832,10592700
2021-07-01,2.735093832015991,2.7540875203142168,2.687609384847802,2274300
2021-07-02,2.782578468322754,2.792075313890163,2.697106631793414,3978900
2021-07-05,2.9060375690460205,2.934528106810472,2.792075417988216,7175900
2021-07-06,2.896540403366089,2.934527782858474,2.8490561790006077,6737700
2021-07-07,2.9630184173583984,3.019999714940406,2.868049965426136,5203200
2021-07-08,2.8395588397979736,2.963017801655658,2.830061996578152,6028900
2021-07-09,2.934527635574341,2.982012083979217,2.8205655028169514,5097100
2021-07-12,2.97251558303833,2.9915092740258302,2.9060374381594225,4657500
2021-07-13,3.0199995040893555,3.105471104860915,2.9535213659555084,8487500
2021-07-14,3.133962154388428,3.133962154388428,3.020000001265021,7637400
2021-07-15,3.1719491481781006,3.219433599221758,3.1244649235570865,5664300
2021-07-16,3.086477756500244,3.1624525211280763,3.067484065343286,5889300
2021-07-19,3.086477756500244,3.1149682932356813,3.02949668302937,4583300
2021-07-21,3.09597396850586,3.105470812140865,3.0294960630608188,5028000
2021-07-22,3.09597396850586,3.181445561220912,3.0864771248708536,5206900
2021-07-23,3.09597396850586,3.152955030315894,3.0864771248708536,7489600
2021-07-26,3.143458604812622,3.2099367455229624,3.1054712252196524,8972500
2021-07-27,3.200439929962158,3.209937002041993,3.1434588560191155,5236800
2021-07-28,3.133962154388428,3.181446384856514,3.095974770013959,5071600
2021-07-29,3.1244654655456543,3.1624528518319863,3.0959749258309057,3395900
2021-07-30,3.086477756500244,3.1434588299711184,3.010502991872412,5074000
2021-08-02,3.162452459335327,3.162452459335327,3.057987160013258,5869100
2021-08-03,3.181446313858032,3.2384276155707883,3.143458930331305,4596700
2021-08-04,3.276414394378662,3.276414394378662,3.124464661894036,5873400
2021-08-05,3.2574212551116943,3.314402329488273,3.2194338721939757,5094500
2021-08-06,3.228930711746216,3.295408631725047,3.2194338660349544,2609700
2021-08-09,3.162452459335327,3.257421139687135,3.152955613942412,3751200
2021-08-11,3.162452459335327,3.2384274489013047,3.1244650777636656,4810100
2021-08-12,3.2384274005889893,3.2479242458402267,3.1339618764027293,4828700
2021-08-13,3.105471134185791,3.2764145637657585,3.076980600326236,5265000
2021-08-16,3.133962154388428,3.143459000482045,2.9535218521870283,7755600
2021-08-17,3.029496669769287,3.133961970675313,3.019999824232376,4577100
2021-08-18,3.0484907627105717,3.057987609499405,2.96301891518838,3910800
2021-08-19,3.0532612800598145,3.0628027123183954,2.976929594505479,3465800
2021-08-20,3.0150954723358154,3.09142692841232,3.0150954723358154,3968800
2021-08-23,3.110509395599365,3.1200508263916533,3.024636518468774,3141900
2021-08-24,3.1486752033233643,3.158216634371879,3.081885185983763,5302400
2021-08-25,3.1486752033233643,3.167758065420393,3.13913377227485,3329900
2021-08-26,3.2154650688171387,3.225006726900722,3.139133624033668,5364800
2021-08-27,3.2154650688171387,3.2154650688171387,3.148675054631602,4241200
2021-08-30,3.234548330307007,3.244089761414699,3.129592360636728,4021200
2021-09-01,3.205923557281494,3.24408950619533,3.167757835853302,3909300
2021-09-02,3.1009678840637207,3.2250067086193805,3.07234359243218,2933300
2021-09-03,3.110509395599365,3.148675118768517,3.0532608108456376,3901200
2021-09-06,3.301337957382202,3.3204208173393317,3.1105091303252776,7174500
2021-09-07,3.358586549758911,3.3776694097870927,3.301337969674365,7413900
2021-09-08,3.5303330421447754,3.5398744735768286,3.329962754585986,11166000
2021-09-09,3.406294107437134,3.549415802260522,3.3681283828137407,5737600
2021-09-10,3.3776700496673584,3.4158357769540006,3.339504322380716,3453500
2021-09-13,3.3967528343200684,3.4826259462037354,3.368128539520737,6610300
2021-09-14,3.4444596767425537,3.482625627130626,3.387211092388924,6107600
2021-09-15,3.425376892089844,3.482625705212671,3.387211168331731,4181900
2021-09-17,3.625747203826904,3.759327465737796,3.43491835573377,16099800
2021-09-20,3.5494155883789062,3.673454185930584,3.5303327272171097,4148300
2021-09-21,3.6352884769439697,3.644829907559873,3.492167017705418,5445900
2021-09-22,3.6734542846679688,3.7211616663404175,3.58758140713174,6876800
2021-09-23,3.730703115463257,3.787951700768005,3.673454302672853,7552300
2021-09-24,3.7020788192749023,3.816575989775039,3.673454299164212,7326500
2021-09-27,3.625747203826904,3.759327465737796,3.5875814797054093,7093700
2021-09-28,3.520791292190552,3.644829889585608,3.463542708777449,7143200
2021-09-29,3.4921672344207764,3.5303329592528616,3.4158355572709413,8603300
2021-09-30,3.4444596767425537,3.578039934386677,3.4444596767425537,13806700
2021-10-01,3.339503765106201,3.4826254460335804,3.339503765106201,7294800
2021-10-04,3.501708507537842,3.597122815310404,3.3585868183933445,6292100
2021-10-05,3.425376892089844,3.501708567091727,3.406294030210787,5603000
2021-10-06,3.4826254844665527,3.5303326361402774,3.4540009659766744,5141800
2021-10-07,3.473083972930908,3.549415413824234,3.4349180249986078,4952100
2021-10-08,3.4444596767425537,3.482625627130626,3.387211092388924,4474100
2021-10-11,3.3872110843658447,3.4540010992868786,3.37766965366284,4284500
2021-10-12,3.3967528343200684,3.444459992318954,3.3776699711205143,3573600
2021-10-13,3.3776700496673584,3.4444600724189827,3.3776700496673584,6165700
2021-10-14,3.4635426998138428,3.492166991446315,3.396752458519093,7418100
2021-10-15,3.520791292190552,3.539874153328253,3.4921670004840006,6425500
2021-10-18,3.4921672344207764,3.5684986840849477,3.4921672344207764,5126200
2021-10-20,3.625747203826904,3.644830065887652,3.5398743245535407,4615700
2021-10-21,3.5875813961029053,3.644829980951066,3.539874242062771,3972900
2021-10-22,3.5303330421447754,3.6448302193294153,3.5303330421447754,3992400
2021-10-25,3.57804012298584,3.606664416671447,3.5112501043860904,3903400
2021-10-26,3.5494155883789062,3.5875813107024994,3.520791296636211,3691000
2021-10-27,3.5398740768432617,3.58758122865672,3.4921669250298035,2331200
2021-10-28,3.625747203826904,3.654371496918025,3.51125003146242,4198800
2021-10-29,3.6352884769439697,3.702078718740944,3.578039893248549,3248700
2021-11-01,3.5684986114501958,3.663912921588305,3.549415749422573,1841700
2021-11-02,3.6734542846679688,3.702078804665701,3.568498545457022,3855600
2021-11-03,3.6448299884796143,3.70207880093168,3.606664265168674,2680100
2021-11-05,3.7974934577941895,3.816576321201342,3.673454618162021,8436900
2021-11-08,3.7593274116516113,3.86428337896136,3.740244549865413,6572700
2021-11-09,3.768868923187256,3.8356589408680577,3.67345438472902,4869700
2021-11-10,3.721161603927612,3.7879516186688953,3.692537084409983,4981400
2021-11-11,3.6734542846679688,3.7211616663404175,3.6448299921558927,3911400
2021-11-12,3.749786138534546,3.749786138534546,3.673454460692363,4628500
2021-11-15,3.6734542846679688,3.7879516822019297,3.6448299921558927,3254700
2021-11-16,3.6066641807556152,3.702078714285468,3.597122750151195,3180600
2021-11-17,3.616205930709839,3.682995950839057,3.568498773474684,2662000
2021-11-18,3.57804012298584,3.625747279128518,3.5303329668431616,2980300
2021-11-19,3.625747203826904,3.644830065887652,3.568498617644662,2792000
2021-11-22,3.5875813961029053,3.6257471193350126,3.568498534486852,3000100
2021-11-23,3.65437126159668,3.702078641162116,3.5875812486849723,3273200
2021-11-24,3.57804012298584,3.682995866499732,3.5303329668431616,6079100
2021-11-25,3.5875813961029053,3.606664257718959,3.558957103678825,3452000
2021-11-26,3.57804012298584,3.625747279128518,3.5303329668431616,4924100
2021-11-29,3.501708507537842,3.568498522978635,3.3967525415023694,10243100
2021-11-30,3.5875813961029053,3.6925371349912,3.51124994963869,7062100
2021-12-01,3.5398740768432617,3.6829955322836367,3.482625494667112,8016400
2021-12-02,3.4921672344207764,3.5684986840849477,3.3967526948548987,14091300
2021-12-06,3.4635426998138428,3.5398741441671016,3.44445961123988,5275500
2021-12-07,3.558957099914551,3.5875813923083557,3.492167084329006,3587000
2021-12-08,3.6352884769439697,3.682995630023487,3.597122754480356,6678200
2021-12-09,3.6352884769439697,3.673454199407584,3.578039893248549,2125800
2021-12-10,3.616205930709839,3.644830225050932,3.587581636368746,2795500
2021-12-13,3.5875813961029053,3.6734542733751465,3.5875813961029053,2841200
2021-12-14,3.59712290763855,3.644830062749341,3.587581476616392,4092400
2021-12-15,3.59712290763855,3.6639129247936575,3.5780400455942334,3910100
2021-12-16,3.711620092391968,3.721161522861432,3.6257469906811424,7762600
2021-12-17,3.682995319366455,3.740244125718645,3.6734538895553617,2794800
2021-12-20,3.6734542846679688,3.7211616663404175,3.6734542846679688,2296000
2021-12-21,3.721161603927612,3.7307030346049386,3.663912792378005,2148800
2021-12-22,3.7020788192749023,3.768868835399982,3.616205713914144,2899900
2021-12-23,3.663912534713745,3.740244202249989,3.644829674701093,1864600
2021-12-24,3.721161603927612,3.7307030346049386,3.654371361700678,734400
2021-12-27,3.711620092391968,3.7593272447392896,3.702078661922504,873800
2021-12-28,3.721161603927612,3.7879516186688953,3.711620173250286,1809900
2021-12-29,3.7974934577941895,3.7974934577941895,3.721162004165578,1357000
2021-12-30,3.873824834823608,3.950156286942876,3.7593276566447056,4598800
2021-12-31,3.81657600402832,3.921531971531067,3.807034573117676,2854200
2022-01-03,3.826117992401123,3.8929077870501407,3.816576333181919,1275900
2022-01-04,3.9883217811584473,4.007404643078964,3.845200544240233,5204300
2022-01-05,3.940614938735962,4.026487591742592,3.892907555421247,3121700
2022-01-06,3.883366346359253,3.9024492086644273,3.8261177594437297,2573500
2022-01-07,3.873824834823608,3.8929076978534254,3.835659108763974,1272700
2022-01-10,3.59712290763855,3.873824634766798,3.539874321505601,9686200
2022-01-11,3.501708507537842,3.654371399973941,3.406293972279625,14276100
2022-01-12,3.520791292190552,3.578039875603655,3.4921670004840006,5738600
2022-01-13,3.4635426998138428,3.5589570052554165,3.4349181806957225,8846700
2022-01-14,3.244089841842652,3.4062941746948168,3.129592438226044,35230700
2022-01-17,3.263172149658203,3.301337868545448,3.1105090466235965,13988800
2022-01-19,3.0341780185699463,3.177299483723549,2.996012294528985,17660800
2022-01-20,3.110509395599365,3.148675118768517,2.948304844644817,16301000
2022-01-21,3.0150954723358154,3.081885496402757,2.967388084802317,11873400
2022-01-24,3.0723440647125244,3.1295926567758534,2.9196809250579645,8648200
2022-01-25,3.0341780185699463,3.0914266046313874,2.9673877740126056,5679800
2022-01-26,3.110509395599365,3.1200508263916533,3.015095087676486,6881700
2022-01-27,2.986470937728882,3.072343818954879,2.976929278995884,5579900
2022-01-28,2.986470937728882,3.005553800223548,2.957846416501218,6270900
2022-01-31,3.043719530105591,3.062802392630932,2.996012373792237,2744900
2022-02-03,3.005553722381592,3.110509463383967,2.9864708603811603,4118100
2022-02-04,3.005553722381592,3.015095153381808,2.967387770895069,1630100
2022-02-07,3.08188533782959,3.0914267693482147,2.98647102264334,2981500
2022-02-08,3.06280255317688,3.100968280228133,3.03417825788844,2116100
2022-02-09,3.2250070571899414,3.2250070571899414,3.0818853560774704,3709000
2022-02-10,3.234548330307007,3.3108797791685465,3.1772995161751902,4768200
2022-02-11,3.1772994995117188,3.22500688228564,3.1391337752811106,3004900
2022-02-14,3.0341780185699463,3.139133759682588,3.0341780185699463,2188300
2022-02-15,3.0723440647125244,3.1009683607441887,2.996012608628086,2020700
2022-02-16,3.1486752033233643,3.158216634371879,3.062802323886734,3583000
2022-02-17,3.1772994995117188,3.196382361627023,3.1200509131658065,1256700
2022-02-18,3.129592180252075,3.1772993330407737,3.091426458021116,3441000
2022-02-21,2.9005978107452397,3.120050955537144,2.9005978107452397,7123200
2022-02-22,2.652520179748535,2.871973308602339,2.623895888265732,13396400
2022-02-23,2.814724922180176,2.862432077982756,2.6525203649657407,5724100
2022-02-24,2.767017602920532,2.8242661865017613,2.671603069466168,3242100
2022-02-25,2.9101390838623047,2.9769290985450634,2.83380763851058,7379200
2022-02-28,2.7479348182678223,2.986470817319446,2.7479348182678223,5408700
2022-03-01,2.767017602920532,2.900597631276733,2.7574761723236607,3639000
2022-03-02,2.728851795196533,2.8147249025272587,2.728851795196533,3695000
2022-03-03,2.671602964401245,2.795641784768206,2.633437243514685,6726100
2022-03-04,2.480774164199829,2.652520137870785,2.4235255821380584,11810000
2022-03-07,2.2899458408355717,2.4426087452341614,2.24223845572534,9456100
2022-03-08,2.1659066677093506,2.2994869158326114,2.089575227344994,12434400
2022-03-09,2.557105779647827,2.557105779647827,2.1849895492477205,17434200
2022-03-10,2.509398937225342,2.7574763788059067,2.4903158471169906,12218400
2022-03-11,2.595271587371826,2.7002273224281748,2.404442750692818,7512500
2022-03-14,2.557105779647827,2.6716029413182363,2.5093986289518235,6142300
2022-03-15,2.471232652664185,2.5380228903608426,2.375818352362724,5908400
2022-03-16,2.6334376335144043,2.671603360053129,2.528481885532912,8085800
2022-03-17,2.878968477249145,2.975254956261462,2.6960239375606707,14788200
2022-03-18,2.7730531692504883,2.9271115256099205,2.7730531692504883,7081300
2022-03-21,2.994511842727661,3.0522839518029383,2.830824850781997,13618200
2022-03-22,3.0811703205108643,3.0811703205108643,2.878968484509969,6215500
2022-03-23,3.110056161880493,3.1774566951397576,3.0426556286212287,12613100
2022-03-24,3.0811703205108643,3.0811703205108643,2.9848836116906368,7522000
2022-03-25,3.061912775039673,3.129313305023502,2.994512015490788,6714800
2022-03-28,2.9367401599884038,3.052284156315732,2.8885969238374574,5076400
2022-03-29,2.888596773147583,2.984883240426484,2.8597108329639127,6135700
2022-03-30,2.840453863143921,2.955997637043435,2.8308252153189613,5647800
2022-03-31,2.917482852935791,2.917482852935791,2.811567733860853,6288600
2022-04-01,2.9078543186187744,2.9367402613059066,2.8404537856821324,3534100
2022-04-04,2.9271116256713867,2.9367402732730006,2.888597035264932,3153100
2022-04-05,2.984883069992065,3.0041403623482696,2.9271111929234523,4673700
2022-04-06,2.946368932723999,2.9656262280046737,2.90785434216265,1564600
2022-04-07,2.878968477249145,2.9559976604589986,2.878968477249145,2319300
2022-04-08,2.86933970451355,2.9078542944428487,2.859711057031225,958200
2022-04-11,2.5997371673583984,2.8597108611377338,2.5997371673583984,6505600
2022-04-12,2.6189944744110107,2.6671377087712216,2.52270777612554,4907700
2022-04-13,2.7345387935638428,2.7441674423960536,2.599737709912896,3128300
2022-04-14,2.69602370262146,2.792310402808152,2.6575091143728047,2944100
2022-04-15,2.686394691467285,2.686394691467285,2.590108233895528,2838300
2022-04-18,2.628623485565185,2.667138078390816,2.5901088927395546,1281600
2022-04-20,2.69602370262146,2.715280996745788,2.6575091143728047,2490800
2022-04-21,2.724909543991089,2.734538190700543,2.6863949571532717,1987000
2022-04-22,2.570851325988769,2.6671377979278383,2.532336737213142,7742300
2022-04-25,2.474564552307129,2.5227077868724326,2.474564552307129,4381800
2022-04-26,2.551593780517578,2.551593780517578,2.5130789659668498,1265100
2022-04-27,2.561222791671753,2.561222791671753,2.436050143069361,2139500
2022-04-28,2.64788031578064,2.667137608802932,2.5612224971803244,4055300
2022-04-29,2.686394691467285,2.686394691467285,2.628622816924231,2496900
2022-05-05,2.551593780517578,2.724909412953199,2.5419651342711544,2384500
2022-05-06,2.464935779571533,2.522707658100935,2.4456784867283994,4481300
2022-05-09,2.426421403884888,2.484193287414276,2.41679275662999,2418700
2022-05-10,2.474564552307129,2.5034504930463117,2.378278083176521,2348700
2022-05-11,2.4360499382019043,2.5130791126699337,2.4360499382019043,3648900
2022-05-12,2.3205063343048096,2.4167928089377626,2.301249039378219,5801200
2022-05-13,2.4071643352508545,2.426421631567655,2.339763798142053,4734500
2022-05-17,2.464935779571533,2.484193072414667,2.3590206689342965,4178600
2022-05-18,2.4841933250427246,2.5130792672449584,2.47456467764198,2540600
2022-05-19,2.416792392730713,2.4649356217562204,2.3686491637052054,2269500
2022-05-20,2.4360499382019043,2.4745645254359188,2.407163997776393,2817000
2022-05-23,2.426421403884888,2.4553073456495818,2.41679275662999,1771300
2022-05-24,2.397535562515259,2.455307448463803,2.3879069148571683,1035900
2022-05-25,2.4553072452545166,2.464935892115709,2.378278070364978,2892600
2022-05-26,2.551593780517578,2.5708510730104246,2.455307088488309,4109200
2022-05-27,2.561222791671753,2.599737382144776,2.532336848816986,1617200
2022-05-30,2.5901083946228027,2.599737040977477,2.513078994220371,1168800
2022-05-31,2.638251781463623,2.6478804283842363,2.5708512530193293,1941300
2022-06-01,2.628623485565185,2.6863953748036318,2.6189948373587777,1546300
2022-06-02,2.609365940093994,2.638251881956116,2.5323367617950026,1982400
2022-06-03,2.724909543991089,2.7441668374099977,2.580479843349273,3252600
2022-06-07,2.5997371673583984,2.734538222876917,2.5901085205356478,1162600
2022-06-08,2.64788031578064,2.676766255314078,2.5804797902026166,1466100
2022-06-09,2.638251781463623,2.6478804283842363,2.609365840701783,662300
2022-06-10,2.6189944744110107,2.638251768155095,2.551593946306716,1006600
2022-06-13,2.4456787109375,2.541965413545351,2.426421416328942,3382400
2022-06-14,2.4456787109375,2.493821947458896,2.397535474416104,3266800
2022-06-15,2.397535562515259,2.445678800805712,2.378278267199077,2014900
2022-06-16,2.464935779571533,2.532336534087541,2.4264211938852656,3586900
2022-06-17,2.4360499382019043,2.4938218190529264,2.3686494105423788,4450700
2022-06-20,2.4360499382019043,2.4745645254359188,2.3782780573508826,1564200
2022-06-21,2.4553072452545166,2.4745645389769013,2.4071640109485557,3655200
2022-06-22,2.4071643352508545,2.464936224201256,2.4071643352508545,1789600
2022-06-23,2.426421403884888,2.4553073456495818,2.3975354621201936,1005700
2022-06-24,2.4553072452545166,2.522707773282862,2.42642130467094,2078100
2022-06-27,2.503450632095337,2.551594098899721,2.455307394856016,4499100
2022-06-28,2.426421403884888,2.474564640159378,2.407164109375092,5688600
2022-06-29,2.3205063343048096,2.378278219084581,2.301249039378219,6298400
2022-06-30,2.204962491989136,2.3397637956269133,2.204962491989136,14617900
2022-07-01,2.166447639465332,2.243476815407727,2.1568189924725325,4165200
2022-07-04,2.060532569885254,2.1568190420254285,2.031646398678144,5967200
2022-07-05,2.002760410308838,2.108675756756932,2.002760410308838,5324000
2022-07-06,2.0701608657836914,2.099046802523671,2.012388762738714,8667100
2022-07-07,2.079789638519287,2.108675577025315,2.0316461781108752,3209700
2022-07-08,2.1183040142059326,2.156818595080857,2.060532142893546,3933500
2022-07-12,2.0990469455718994,2.0990469455718994,2.041274838589803,2051900
2022-07-13,2.1183040142059326,2.1183040142059326,2.0316459776723423,2168100
2022-07-14,2.137561798095703,2.176076387861652,2.089418560888268,2199300
2022-07-15,2.224219799041748,2.2338484472363627,2.1086760207063704,3677300
2022-07-18,2.2916202545166016,2.3012489014025936,2.2434767905215915,2782600
2022-07-19,2.3012490272521973,2.310877674664756,2.2531055606243404,3959600
2022-07-20,2.310877799987793,2.3782783355309567,2.2819916266185047,4046100
2022-07-21,2.368649482727051,2.407164071134799,2.301248953013492,4303600
2022-07-22,2.426421403884888,2.46493599290448,2.378278167610397,3390000
2022-07-25,2.426421403884888,2.436050051139786,2.3590208731006017,739000
2022-07-26,2.4071643352508545,2.426421631567655,2.378278390775654,2149800
2022-07-27,2.570851325988769,2.570851325988769,2.3782781525455743,4584600
2022-07-28,2.6189944744110107,2.65750906189918,2.5997371806669265,5419600
2022-07-29,2.7730531692504883,2.8115677583403467,2.638251877870926,8979900
2022-08-01,2.792310237884521,2.8404534703518323,2.7249094828652454,4323000
2022-08-02,2.628623485565185,2.8115680310520124,2.628623485565185,4799500
2022-08-03,2.69602370262146,2.715280996745788,2.638251820248477,5472700
2022-08-04,2.7152810096740723,2.7826817689951886,2.65750912702602,5421000
2022-08-05,2.69602370262146,2.7634242320566065,2.6863950555592964,1990400
2022-08-08,2.69602370262146,2.705652349683624,2.647880467310641,1722100
2022-08-09,2.69602370262146,2.705652349683624,2.6671377614349687,1286200
2022-08-10,2.609365940093994,2.657509176530864,2.5515940563697503,4807100
2022-08-11,2.8019392490386963,2.811567896785287,2.667137951021358,6596300
2022-08-12,2.792310237884521,2.8115675308714456,2.74416677585217,1341300
2022-08-15,2.811567544937134,2.8597107776452955,2.7730529587706045,1717500
2022-08-16,2.792310237884521,2.821196177364908,2.74416677585217,950300
2022-08-17,2.74416732788086,2.7730535027371555,2.71528138258965,1694300
2022-08-18,2.7345387935638428,2.7441674423960536,2.6863955494027905,2673900
2022-08-19,2.7693984508514404,2.7790816533386016,2.7209824384156343,2722000
2022-08-22,2.5951004028320312,2.7403484175694803,2.585417201849535,3181800
2022-08-23,2.662882804870605,2.662882804870605,2.5273177604962758,2855800
2022-08-24,2.6531996726989746,2.662882873914945,2.59510046540315,671400
2022-08-25,2.7693984508514404,2.7790816533386016,2.6435168185183446,3047700
2022-08-26,2.8081307411193848,2.817813941018457,2.740348110960181,3191600
2022-08-29,2.7209818363189697,2.7306650366634404,2.6241498328742656,3351700
2022-08-30,2.691932201385498,2.7403482024981374,2.6628826007179143,1124100
2022-09-01,2.5951004028320312,2.662882809709508,2.5466843979195484,2316200
2022-09-02,2.5951004028320312,2.633833206762018,2.5466843979195484,1491400
2022-09-05,2.5951004028320312,2.643516407744514,2.556367598902045,838000
2022-09-06,2.6435163021087646,2.66288270329987,2.5854170985354474,647300
2022-09-07,2.604783535003662,2.633833137183745,2.5951003342769674,1029000
2022-09-08,2.614466905593872,2.653199711017144,2.6047837042380544,1773900
2022-09-09,2.6338329315185547,2.662882531430274,2.6144665315774085,768500
2022-09-12,2.7693984508514404,2.7790816533386016,2.653200021005506,2484000
2022-09-13,2.779081344604492,2.8178143811159586,2.7500317403701917,3768200
2022-09-14,2.759714841842652,2.7693980429034224,2.6628828312349437,1919200
2022-09-15,2.6435163021087646,2.759714709255398,2.6435163021087646,2102700
2022-09-19,2.6435163021087646,2.66288270329987,2.5951002991310004,1442500
2022-09-20,2.6531996726989746,2.6919324775628573,2.6338332702670333,643300
2022-09-21,2.662882804870605,2.672566005835506,2.624150001011003,655500
2022-09-22,2.662882804870605,2.6822492068004067,2.633833201975904,889000
2022-09-23,2.6435163021087646,2.672565903895423,2.6241499009176588,727200
2022-09-26,2.6338329315185547,2.6919321313419933,2.624149731547982,2134500
2022-09-27,2.682249069213867,2.7500314724912585,2.6338330668728736,3114600
2022-09-28,2.662882804870605,2.7112988096951085,2.633833201975904,2002100
2022-09-29,2.6531996726989746,2.7112988799947986,2.604783666619121,3821000
2022-09-30,2.662882804870605,2.7112988096951085,2.604783599081202,9246800
2022-10-03,2.6531996726989746,2.662882873914945,2.604783666619121,1061400
2022-10-04,2.662882804870605,2.6822492068004067,2.653199603905705,1053000
2022-10-05,2.6338329315185547,2.7016153313125666,2.624149731547982,3217500
2022-10-06,2.614466905593872,2.662882912372962,2.614466905593872,386900
2022-10-07,2.614466905593872,2.643516509661326,2.6047837042380544,429000
2022-10-11,2.343336820602417,2.59510026349531,2.323970419677249,6759400
2022-10-12,2.343336820602417,2.382069622452753,2.2949205874237872,6076900
2022-10-13,2.343336820602417,2.3530200210650007,2.2658709860360355,6119800
2022-10-14,2.3917527198791504,2.449851920151753,2.372386319788282,2855600
2022-10-17,2.382069826126098,2.401436228707146,2.323970618382957,636300
2022-10-18,2.3917527198791504,2.449851920151753,2.362703119742849,2114300
2022-10-19,2.3917527198791504,2.44016872010632,2.362703119742849,1735300
2022-10-20,2.420802354812622,2.430485554997244,2.362703153704888,601100
2022-10-21,2.4014363288879395,2.4208027322768952,2.382069925498983,605000
2022-10-25,2.4111194610595703,2.4789018709664608,2.4014362596443,749300
2022-10-26,2.4014363288879395,2.4692187407492856,2.382069925498983,620400
2022-10-27,2.382069826126098,2.4401690338692403,2.382069826126098,572100
2022-10-28,2.4014363288879395,2.4304859339713736,2.382069925498983,759900
2022-10-31,2.3723864555358887,2.4498520603319296,2.3530200543368784,2601800
2022-11-01,2.4014363288879395,2.4111195305824173,2.343337118721071,3039100
2022-11-02,2.420802354812622,2.420802354812622,2.3723863538895102,2570500
2022-11-03,2.4014363288879395,2.4401691356658515,2.3723867238045053,994000
2022-11-04,2.430485725402832,2.430485725402832,2.391752921948718,915000
2022-11-07,2.4111194610595703,2.449852266720651,2.4014362596443,650000
2022-11-08,2.430485725402832,2.4401689262663604,2.401436122812247,1165700
2022-11-09,2.430485725402832,2.4498521271298888,2.391752921948718,781700
2022-11-10,2.420802354812622,2.4401687551818667,2.401435954443377,475800
2022-11-11,2.614466905593872,2.730665321863687,2.517634661169962,6404300
2022-11-14,2.624149799346924,2.653199400009184,2.595100198684664,1582100
2022-11-15,2.624149799346924,2.662882600229937,2.58541699846391,2834300
2022-11-16,2.682249069213867,2.701615470150265,2.614466665936476,3607700
2022-11-17,2.6725661754608154,2.6919325786197845,2.643516570722362,1031000
2022-11-21,2.6725661754608154,2.6919325786197845,2.6144669659839086,513100
2022-11-22,2.6725661754608154,2.711298981778753,2.624150167563393,630100
2022-11-23,2.7306649684906006,2.7597145687987696,2.6531993676688166,1140700
2022-11-24,2.9921116828918457,3.069577516670261,2.750031442923925,7658600
2022-11-25,2.934012651443481,3.0017950579364974,2.885596646805613,4286000
2022-11-29,2.9049627780914307,2.972745178271168,2.8759131780144003,1250300
2022-11-30,3.0114784240722656,3.021161625531055,2.914646409484373,2949000
2022-12-01,3.137360095977783,3.224508904164545,3.0405280868813818,11054900
2022-12-02,3.234192371368408,3.234192371368408,3.088944345764495,4560200
2022-12-05,3.1276769638061523,3.2341921761531154,3.0502113548265437,2673400
2022-12-06,3.1276769638061523,3.1664097682959573,3.0598945559489943,2310400
2022-12-07,3.0211613178253174,3.12767675388912,2.992111716407656,2076500
2022-12-08,3.0986270904541016,3.127676691290351,2.972745255964649,1707700
2022-12-09,3.147042989730835,3.147042989730835,3.069577390014484,1587700
2022-12-12,3.137360095977783,3.166409698706704,3.059894488700662,1293700
2022-12-13,3.117993831634521,3.166409838317441,3.1083106302979377,881200
2022-12-14,3.147042989730835,3.214825389482642,3.117993389837203,1918400
2022-12-15,3.050211191177368,3.127676796000812,3.0308447899715074,1965200
2022-12-16,3.2148256301879883,3.2148256301879883,2.9824285827728496,2918400
2022-12-19,3.1954591274261475,3.1954591274261475,3.098627123602755,905800
2022-12-20,3.0211613178253174,3.185775956724443,3.0211613178253174,3474500
2022-12-21,3.0211613178253174,3.088943951998904,3.0114781173527634,2718100
2022-12-22,3.001795053482056,3.069577690740208,2.992111852568851,1308600
2022-12-23,3.001795053482056,3.0114782543952603,2.9630622498292376,755700
2022-12-27,3.001795053482056,3.0405280880005945,2.953379048916033,644900
2022-12-28,2.9243295192718506,3.001795128513788,2.9243295192718506,1138400
2022-12-29,2.9533791542053223,2.9533791542053223,2.914646349171662,419800
2022-12-30,2.982428550720215,3.0017949518911995,2.904962946036276,1936800
2023-01-03,3.0211613178253174,3.0695775510537966,2.914646112627225,983700
2023-01-04,3.030844449996948,3.030844449996948,2.982428221547507,1161700
2023-01-05,3.0114784240722656,3.040528259314367,2.982428819695898,1144800
2023-01-06,2.9049627780914307,3.001794778348198,2.895279578065754,2565900
2023-01-09,3.0114784240722656,3.0695778636907347,2.9243296109431625,4559000
2023-01-10,3.050211191177368,3.050211191177368,2.9921117566940723,1690100
2023-01-11,3.069577932357788,3.0792611340331923,3.001795289764219,2602000
2023-01-12,3.2051424980163574,3.2051424980163574,3.059894484567929,6394800
2023-01-13,3.137360095977783,3.321341144126668,3.0405280868813818,7032100
2023-01-16,3.2245090007781982,3.2245090007781982,3.0889441839814045,2844400
2023-01-17,3.234192371368408,3.253558774782263,3.137360354299133,2310000
2023-01-18,3.2922914028167725,3.3116578038208715,3.166409565424418,3625200
2023-01-19,3.253558397293091,3.253558397293091,3.2051423943758466,2895000
2023-01-20,3.1954591274261475,3.2826081617329086,3.1954591274261475,1986000
2023-01-25,3.3019747734069824,3.321341175408665,3.2148257335336887,3097400
2023-01-26,3.24387526512146,3.321341102288482,3.24387526512146,4020600
2023-01-27,3.147042989730835,3.272924820135603,3.098626989908116,3508300
2023-01-30,3.2051424980163574,3.21482569891292,3.1179936899473,3237500
2023-01-31,3.185775756835937,3.185775756835937,3.1373597575109846,2203900
2023-02-02,3.234192371368408,3.2729254090618576,3.1664099594199158,5473100
2023-02-03,3.1954591274261475,3.263241530102522,3.1760927266614694,2678700
2023-02-07,3.0986270904541016,3.185775892962849,3.0986270904541016,3443800
2023-02-08,3.176092624664306,3.2051422248784243,3.127676624307444,3782500
2023-02-09,3.137360095977783,3.176092899616344,3.108310493248863,2999600
2023-02-10,3.0889439582824707,3.14704316123598,3.079260757790219,2753300
2023-02-13,3.0986270904541016,3.1567262921266,3.040527888781603,1657400
2023-02-14,3.1083104610443115,3.1276768626629408,3.0598944569977387,1984100
2023-02-15,3.0986270904541016,3.117993491011601,3.0598942893391023,2031000
2023-02-16,3.1276769638061523,3.137360164928604,3.0695777570714458,1858600
2023-02-17,3.0114784240722656,3.098627468067103,2.9630624167783197,3641600
2023-02-20,2.9921116828918457,3.0211612839841115,2.904962879615049,3909400
2023-02-21,2.982428550720215,3.0211613530621846,2.9727453501347223,4791000
2023-02-22,2.934012651443481,3.0017950579364974,2.9049630486607603,5148600
2023-02-23,3.0211613178253174,3.0695775510537966,2.9340125135723327,2242000
2023-02-24,3.0114784240722656,3.040528259314367,2.9630624167783197,942400
2023-02-27,2.963062286376953,3.021161492572802,2.953379085344312,3234300
2023-02-28,3.030844449996948,3.030844449996948,2.9533786229972545,705600
2023-03-01,3.030844449996948,3.059894048547201,2.982428221547507,1242500
2023-03-02,3.001795053482056,3.059894489827004,2.992111852568851,744100
2023-03-03,3.001795053482056,3.0405280880005945,2.9436958480028284,1886600
2023-03-06,3.030844449996948,3.0405276495136992,2.982428221547507,790500
2023-03-07,2.9921116828918457,3.0308447152139077,2.9824284825277574,437700
2023-03-08,2.972745180130005,3.0017947802252,2.924329179971347,1099300
2023-03-09,2.9533791542053223,2.9921119592389824,2.9533791542053223,845500
2023-03-10,2.9533791542053223,2.9630623554637374,2.9243295504300773,1923400
2023-03-13,2.9533791542053223,2.9630623554637374,2.914646349171662,1030700
2023-03-14,2.9049627780914307,2.943695578194138,2.9049627780914307,577000
2023-03-15,2.9243295192718506,2.953379122737577,2.9146463181166085,660300
2023-03-16,2.9049627780914307,2.9243291781427843,2.8759131780144003,1713300
2023-03-17,2.9243295192718506,2.982428726203304,2.9049631169613663,1342500
2023-03-20,2.963062286376953,2.9727454874095947,2.904963080181105,631600
2023-03-21,2.934012651443481,2.992111857008924,2.924329450515908,793500
2023-03-22,2.982428550720215,3.030844784513389,2.934012547792753,2052100
2023-03-23,2.982428550720215,3.0017949518911995,2.943695748378245,763100
2023-03-24,2.972745180130005,3.021161180288663,2.924329179971347,663500
2023-03-27,2.9533791542053223,2.9921119592389824,2.9340127516884924,1221500
2023-03-28,2.885596513748169,2.953378917115677,2.885596513748169,1020500
2023-03-29,2.9243295192718506,2.943695921582335,2.885596714650882,743400
2023-03-30,3.001795053482056,3.0405280880005945,2.9436958480028284,2023800
2023-03-31,3.0211613178253174,3.050211150108689,3.0114781173527634,2364400
2023-04-03,3.147042989730835,3.1760925896244663,3.05989419004994,3930900
2023-04-04,3.147042989730835,3.166409389659923,3.098626989908116,2376600
2023-04-05,3.0889439582824707,3.14704316123598,3.0889439582824707,512000
2023-04-06,3.0889439582824707,3.108310359266974,3.040527955821213,674800
2023-04-07,3.069577932357788,3.1083107390594056,3.040528327331575,671500
2023-04-10,3.079261064529419,3.1083106688999367,3.06957786307258,494400
2023-04-11,3.137360095977783,3.166409698706704,3.069577689610302,1779200
2023-04-12,3.0889439582824707,3.1567263617282317,3.0889439582824707,2059800
2023-04-13,3.079261064529419,3.1083106688999367,3.079261064529419,765100
2023-04-14,3.079261064529419,3.137360273270455,3.06957786307258,785200
2023-04-17,3.0986270904541016,3.0986270904541016,3.040527888781603,359000
2023-04-18,3.0986270904541016,3.1083102907328515,3.0695774896178523,853100
2023-04-19,3.059894323348999,3.0986271248945028,2.982428489392284,1102400
2023-04-20,3.0114784240722656,3.079261065149524,3.0017952226134765,1333000
2023-04-25,2.963062286376953,3.001795090507519,2.963062286376953,925300
2023-04-26,2.934012651443481,2.972745455153776,2.9049630486607603,1636100
2023-04-27,2.9243295192718506,2.943695921582335,2.9146463181166085,1426200
2023-04-28,2.943695545196533,2.982428344865061,2.934012345279401,1173700
2023-05-02,2.9533791542053223,2.9630623554637374,2.9243295504300773,2970800
2023-05-03,2.895279884338379,2.953379090638373,2.895279884338379,3147000
2023-05-05,2.875913381576538,2.924329385131891,2.817814177310115,3210800
2023-05-08,2.8565471172332764,2.914646324287742,2.8565471172332764,5544400
2023-05-09,2.8178141117095947,2.8662301141377915,2.798447710738316,4007200
2023-05-10,2.8371806144714355,2.8371806144714355,2.7500315761082925,6457100
2023-05-11,2.759714841842652,2.856547083316084,2.750031640781881,1563600
2023-05-12,2.7403483390808105,2.81781417558774,2.7403483390808105,1729000
2023-05-15,2.7403483390808105,2.769397941196266,2.6725659341447483,1848700
2023-05-16,2.691932201385498,2.7306650022756096,2.6822490011629703,2398500
2023-05-17,2.7500317096710205,2.7597149109743584,2.70161570315433,840900
2023-05-18,2.7693984508514404,2.8371810991273265,2.750032045877118,1288200
2023-05-19,2.788764238357544,2.817813836982224,2.7693976084087364,571500
2023-05-22,2.788764238357544,2.837180236065344,2.7693976084087364,1085100
2023-05-23,2.7693984508514404,2.798448289178682,2.7306656409027954,1782700
2023-05-24,2.7403483390808105,2.769397941196266,2.711298736965355,1813700
2023-05-25,2.7403483390808105,2.769397941196266,2.730665138375659,5708600
2023-05-26,2.972745180130005,3.0017947802252,2.740348148502746,6117000
2023-05-29,3.059894323348999,3.088943924508127,2.972745289005908,2520500
2023-05-30,3.050211191177368,3.0792607929861595,3.0308447899715074,2997800
2023-05-31,3.0114784240722656,3.079261065149524,3.0017952226134765,3546600
2023-06-01,3.0889439582824707,3.0889439582824707,3.011478123478748,955800
2023-06-02,3.0114784240722656,3.0889442666083133,2.972745618237109,2521500
2023-06-06,3.069577932357788,3.0792611340331923,2.9921120880888146,1516400
2023-06-07,3.0211613178253174,3.0695775510537966,3.0114781173527634,1312600
2023-06-08,3.001795053482056,3.0405280880005945,2.982428651655647,834500
2023-06-09,3.069577932357788,3.0889443357085966,3.001795289764219,983200
2023-06-12,3.0211613178253174,3.088943951998904,3.0211613178253174,456500
2023-06-13,3.147042989730835,3.18577578958901,3.0017947593969785,6841100
2023-06-14,3.185775756835937,3.195458956700928,3.108310157916013,4284100
2023-06-15,3.147042989730835,3.18577578958901,3.127676589801747,1600300
2023-06-16,3.0552868843078613,3.221228819133587,3.0552868843078613,2887500
2023-06-19,3.035764455795288,3.094332437649486,3.016241872753071,728100
2023-06-20,3.016241788864136,3.065048477839794,3.006480497614512,1710700
2023-06-21,3.035764455795288,3.065048563086161,2.967435415147529,842400
2023-06-22,3.026002883911133,3.07480956972222,2.977196430827571,929800
2023-06-23,3.045525550842285,3.065048365352586,3.0162416781681323,742700
2023-06-26,2.9967191219329834,3.035764285831388,2.986957830958382,327800
2023-06-27,3.045525550842285,3.045525550842285,2.9967190963853634,361800
2023-06-28,3.016241788864136,3.074809769089417,2.986957915115265,459300
2023-06-30,3.0748095512390137,3.0748095512390137,2.996718994047205,1596200
2023-07-03,3.0552868843078613,3.08457075515946,3.016241490444879,654900
2023-07-04,3.035764455795288,3.1040937291705943,3.02600316427418,1370000
2023-07-05,3.08457088470459,3.0943321753984083,3.035764198507968,4646400
2023-07-06,3.0748095512390137,3.1040934229131203,3.065048260680978,2847700
2023-07-07,3.0748095512390137,3.0943321323550848,3.065048260680978,766900
2023-07-10,3.094332218170166,3.123616090656402,3.0455255312989085,567900
2023-07-11,3.221229076385498,3.221229076385498,3.1236161657513306,2780800
2023-07-12,3.221229076385498,3.2309903674489147,3.182183912131831,1528800
2023-07-13,3.2114675045013428,3.2212287947112017,3.182183633871765,548300
2023-07-14,3.435977935791016,3.435977935791016,3.182184118922164,8101800
2023-07-17,3.3578872680664062,3.4262163031511945,3.33836468661361,3010500
2023-07-18,3.416455030441284,3.426216321219158,3.309080831884671,2407600
2023-07-20,3.3774099349975586,3.455500262785121,3.357887353050668,3569400
2023-07-21,3.2017064094543457,3.3188421318402828,3.162661246234877,3859500
2023-07-24,3.279797077178955,3.3286037690094967,3.1821841589729805,3496100
2023-07-25,3.260274171829224,3.299319567986352,3.2407515901144253,2009000
2023-07-26,3.2114675045013428,3.3188419295373084,3.2017062142914834,2217500
2023-07-27,3.260274171829224,3.279796753544022,3.221229008399627,2426500
2023-07-28,3.230990409851074,3.2797968658086734,3.2114678274680344,1177100
2023-07-31,3.162661552429199,3.270035761678215,3.162661552429199,1418700
2023-08-01,3.191945075988769,3.201706366663176,3.1431386226167373,2356800
2023-08-02,3.162661552429199,3.2212293029286627,3.1529002606792886,1162000
2023-08-03,3.289558172225952,3.3969326085571936,3.143138803675451,7944100
2023-08-04,3.3090808391571045,3.318842129956431,3.2895580248309213,1299900
2023-08-07,3.2993197441101074,3.3578874923809563,3.279796928625613,1267400
2023-08-08,3.31884241104126,3.357887577545443,3.279797011809527,2525400
2023-08-09,3.31884241104126,3.3383649942933515,3.2993198277891684,4494400
2023-08-10,3.338364839553833,3.367648713074608,3.328603548380242,2010100
2023-08-11,3.338364839553833,3.3871712954217905,3.299319674859467,2003200
2023-08-14,3.3676486015319824,3.377409892382262,3.2700354603016524,1830800
2023-08-15,3.338364839553833,3.396932586595382,3.338364839553833,2345100
2023-08-16,3.279797077178955,3.3676489362918867,3.270035785358357,3631400
2023-08-17,3.279797077178955,3.3286037690094967,3.270035785358357,4200200
2023-08-18,3.3090808391571045,3.3090808391571045,3.270035443232268,4293300
2023-08-21,3.279797077178955,3.309081185368302,3.270035785358357,1034100
2023-08-22,3.3481264114379883,3.3481264114379883,3.279797134766508,4420700
2023-08-23,3.2993197441101074,3.3578874923809563,3.2993197441101074,930500
2023-08-24,3.3774099349975586,3.41645509889134,3.3188421891568867,3685700
2023-08-25,3.289558172225952,3.3774100260837936,3.270035589752552,4281200
2023-08-28,3.270035743713379,3.3090811432260674,3.201706701839389,3762800
2023-08-29,3.270035743713379,3.3090811432260674,3.2212292852319577,1691000
2023-08-30,3.416455030441284,3.416455030441284,3.2895580176013937,5582100
2023-09-01,3.3676486015319824,3.416455055783381,3.328603438130863,1238300
2023-09-04,3.31884241104126,3.396932744049626,3.279797011809527,635900
2023-09-05,3.31884241104126,3.31884241104126,3.260274428557435,667300
2023-09-06,3.270035743713379,3.348126310011204,3.2602744520170948,803300
2023-09-07,3.2017064094543457,3.3090808410354158,3.2017064094543457,2218100
2023-09-08,3.113855123519897,3.2309906256413403,3.113855123519897,1655900
2023-09-11,3.143138885498047,3.162661468479661,3.113855011025625,2128900
2023-09-12,3.1236162185668945,3.172422674709221,3.113854927338429,2238400
2023-09-13,3.162661552429199,3.191945427678931,3.1236163854295573,1721800
2023-09-14,3.172422409057617,3.19194498987977,3.1333772474133115,3375700
2023-09-15,3.2017064094543457,3.22122899106408,3.152899955430009,6627000
2023-09-18,3.162661552429199,3.191945427678931,3.1236163854295573,2997000
2023-09-19,3.1236162185668945,3.1626613834807555,3.113854927338429,1617600
2023-09-20,3.13337779045105,3.172422958862174,3.084571329937144,4322100
2023-09-21,3.1040937900543213,3.133377665192021,3.1040937900543213,865900
2023-09-22,3.113855123519897,3.123616415363351,3.0943325398329904,4597100
2023-09-25,3.113855123519897,3.143138999050258,3.104093831676444,6367200
2023-09-26,3.0748095512390137,3.1040934229131203,3.0748095512390137,1050200
2023-09-27,3.0748095512390137,3.113854713471156,3.0552869701229426,3020900
2023-09-29,3.0748095512390137,3.113854713471156,3.016241575163276,2827600
2023-10-02,3.0748095512390137,3.1040934229131203,3.0455254468373827,1653500
2023-10-03,3.0650484561920166,3.08457103855338,3.045525641103114,4085500
2023-10-04,3.035764455795288,3.074809854607269,3.035764455795288,2429600
2023-10-05,3.035764455795288,3.094332437649486,3.02600316427418,2918300
2023-10-06,3.0650484561920166,3.104093620914743,3.055287165011335,1502800
2023-10-09,3.045525550842285,3.065048365352586,3.045525550842285,181300
2023-10-10,3.0552868843078613,3.08457075515946,3.0552868843078613,2003500
2023-10-11,3.0748095512390137,3.0943321323550848,3.0552869701229426,1493100
2023-10-12,3.1040937900543213,3.123616373479454,3.0650486232040555,2858300
2023-10-13,3.08457088470459,3.1236160474798647,3.074809594010771,1113100
2023-10-16,3.0748095512390137,3.123616004029192,3.0748095512390137,2592200
2023-10-17,3.113855123519897,3.143138999050258,3.06504866430263,1263300
2023-10-18,3.0650484561920166,3.1138549120954244,3.045525641103114,4515200
2023-10-19,3.094332218170166,3.1333773814851478,3.06504834568393,4267300
2023-10-20,3.1821837425231934,3.211467614152629,3.08457083709174,2708300
2023-10-23,3.1236162185668945,3.182183965937686,3.113854927338429,539700
2023-10-24,3.143138885498047,3.152900176988854,3.123616302516432,2388400
2023-10-25,3.1236162185668945,3.172422674709221,3.113854927338429,7306300
2023-10-26,3.162661552429199,3.162661552429199,3.1138550936796467,907200
2023-10-27,3.13337779045105,3.172422958862174,3.1236164983482686,403000
2023-10-30,3.1040937900543213,3.133377665192021,3.0845712066291884,1484100
2023-10-31,3.1040937900543213,3.123616373479454,3.0845712066291884,1663600
2023-11-01,3.0748095512390137,3.113854713471156,3.065048260680978,3221600
2023-11-02,3.113855123519897,3.123616415363351,3.084571247989537,1693700
2023-11-03,3.08457088470459,3.1236160474798647,3.08457088470459,4896000
2023-11-06,3.1821837425231934,3.260274066868356,3.10409341817803,7502100
2023-11-07,3.152900218963623,3.2114679686881837,3.152900218963623,4287400
2023-11-08,3.172422409057617,3.19194498987977,3.1528998282354643,2345600
2023-11-09,3.113855123519897,3.1724228745806187,3.104093831676444,5702300
2023-11-10,3.1236162185668945,3.15290009225229,3.104093636109964,3688000
2023-11-14,3.143138885498047,3.1724227599704684,3.123616302516432,4599300
2023-11-15,3.191945075988769,3.2505128200352083,3.1431386226167373,7455200
2023-11-16,3.143138885498047,3.191945342952083,3.1040937195348177,3053100
2023-11-17,3.13337779045105,3.143139082553831,3.1138552062454874,6036200
2023-11-20,3.230990409851074,3.230990409851074,3.123616206744356,5588300
2023-11-21,3.221229076385498,3.2309903674489147,3.182183912131831,4266600
2023-11-22,3.221229076385498,3.240751658512332,3.182183912131831,4939700
2023-11-23,3.191945075988769,3.221228948011989,3.182183785314363,3877100
2023-11-24,3.2114675045013428,3.2212287947112017,3.172422343661906,1921000
2023-11-27,3.13337779045105,3.211468127273299,3.13337779045105,1259600
2023-11-28,3.13337779045105,3.152900374656612,3.1236164983482686,1817000
2023-11-29,3.0748095512390137,3.133377294587227,3.0552869701229426,5751000
2023-11-30,3.1040937900543213,3.143138956904587,3.0650486232040555,1485000
2023-12-01,3.1040937900543213,3.123616373479454,3.0943324983417546,605700
2023-12-04,3.0552868843078613,3.08457075515946,3.026002780728745,4861100
2023-12-05,3.026002883911133,3.07480956972222,2.9869577214442837,6744900
2023-12-06,3.0552868843078613,3.0943320454433265,3.026002780728745,1925100
2023-12-07,3.026002883911133,3.07480956972222,2.9869577214442837,3757500
2023-12-08,3.026002883911133,3.123616022805782,3.01624159329442,4322400
2023-12-11,3.0650484561920166,3.08457103855338,2.9967191851997064,3866600
2023-12-12,3.026002883911133,3.065048279105508,3.026002883911133,3711700
2023-12-13,3.026002883911133,3.0552869884887954,3.006480302677708,3216100
2023-12-14,3.026002883911133,3.07480956972222,3.006480302677708,4779100
2023-12-15,3.026002883911133,3.084570860338933,2.996719012060996,3766800
2023-12-18,3.035764455795288,3.065048563086161,3.016241872753071,5780300
2023-12-19,3.035764455795288,3.0845711461283774,3.016241872753071,7775200
2023-12-20,3.045525550842285,3.0748096562439704,3.0260029690595163,8342800
2023-12-21,3.0748095512390137,3.152899875703298,3.035764156279347,4076400
2023-12-22,3.1236162185668945,3.13337750979536,3.094332344881499,4310200
2023-12-26,3.1236162185668945,3.143138801023825,3.104093636109964,13066500
2023-12-27,3.152900218963623,3.162661510584383,3.1138550524805835,6588000
2023-12-28,3.152900218963623,3.191945385446663,3.123616344101343,43144500
2023-12-29,3.162661552429199,3.17242284417911,3.1431389689293785,9225600
2024-01-02,3.113855123519897,3.162661582737165,3.06504866430263,3335300
2024-01-03,3.08457088470459,3.1236160474798647,3.065048303316952,4022300
2024-01-04,3.094332218170166,3.123616090656402,3.0552870548551847,3390400
2024-01-05,3.1236162185668945,3.1236162185668945,3.0650484711961035,4382100
2024-01-08,3.13337779045105,3.143139082553831,3.104093914142706,11038800
2024-01-09,3.1236162185668945,3.230990422080012,3.113854927338429,7217700
2024-01-10,3.230990409851074,3.2407517010425937,3.084571041978277,4848500
2024-01-11,3.4945456981658936,3.51406828162947,3.2017067134846964,10088700
2024-01-12,3.445739269256592,3.514068311969045,3.387171518360204,6205600
2024-01-15,3.416455030441284,3.4652614843306537,3.3774098673297885,3016200
2024-01-16,3.3578872680664062,3.416455012424796,3.348125977340008,4388800
2024-01-17,3.338364839553833,3.4262164601161564,3.3188422572066503,3079300
2024-01-18,3.3481264114379883,3.357887703429977,3.289558426758497,6421700
2024-01-19,3.445739269256592,3.514068311969045,3.406694101992333,12360000
2024-01-22,3.445739269256592,3.514068311969045,3.445739269256592,3371200
2024-01-23,3.475023031234741,3.494545614229399,3.4457391567427544,2860700
2024-01-24,3.416455030441284,3.475022775108528,3.3969324488855364,3324400
2024-01-26,3.455500364303589,3.4945455293444705,3.4164551992627072,5631400
2024-01-29,3.455500364303589,3.4652616555638094,3.4359777817831483,4781400
2024-01-30,3.465261936187744,3.4750232282384537,3.4262167679849056,5425700
2024-01-31,3.3774099349975586,3.484784135705457,3.357887353050668,2129000
2024-02-02,3.3774099349975586,3.4066938079178946,3.3383647711037776,1285400
2024-02-05,3.3676486015319824,3.406693764933101,3.318842147280584,1892600
2024-02-06,3.3676486015319824,3.377409892382262,3.338364728981143,802300
2024-02-07,3.338364839553833,3.4066938777689737,3.299319674859467,1266900
2024-02-08,3.3871712684631348,3.4359777239426395,3.3286035218877297,1886200
2024-02-09,3.416455030441284,3.426216321219158,3.3969324488855364,1458900
2024-02-13,3.416455030441284,3.445738902774906,3.3871711581076624,1685000
2024-02-14,3.406693696975708,3.4457388595979466,3.3969324063201483,2379200
2024-02-15,3.445739269256592,3.475023144704786,3.35788764291201,4310800
2024-02-16,3.406693696975708,3.4847840222201856,3.367648534353469,6294000
2024-02-19,3.426216125488281,3.4554999961489914,3.396932254827572,2719300
2024-02-20,3.416455030441284,3.435977611997032,3.3774098673297885,9337700
2024-02-21,3.475023031234741,3.475023031234741,3.39693269925611,11491600
2024-02-22,3.650726556777954,3.728816889737627,3.47502307489114,14194200
2024-02-23,3.6214425563812256,3.719055469197077,3.59215868253647,10073500
2024-02-26,3.562874794006348,3.660487706419861,3.562874794006348,4770900
2024-02-27,3.660487651824951,3.6897715251122474,3.5628747408673007,5528000
2024-02-28,3.6214425563812256,3.709294177915492,3.601919973818055,4165100
2024-02-29,3.582397222518921,3.6507262582716233,3.553113350053477,9023800
2024-03-01,3.562874794006348,3.611681250213104,3.5531135027649965,5018800
2024-03-04,3.582397222518921,3.631203676627994,3.523829244860502,5310600
2024-03-05,3.709294080734253,3.709294080734253,3.5726360063724183,7868200
2024-03-06,3.660487651824951,3.767861853878367,3.621442487441891,9303800
2024-03-07,3.6116812229156494,3.69953284342382,3.582397349412926,1983300
2024-03-08,3.6019201278686523,3.6604878780630488,3.58239754447052,3045200
2024-03-11,3.6214425563812256,3.631203847662811,3.5726360999733,3876300
2024-03-12,3.6116812229156494,3.621442514083224,3.572636058245352,3608700
2024-03-13,3.6019201278686523,3.640965294664917,3.592158836169586,2143000
2024-03-14,3.6019201278686523,3.6116814195677183,3.58239754447052,2172400
2024-03-15,3.592158555984497,3.592158555984497,3.523829286693104,11157800
2024-03-18,3.5726358890533447,3.592158470463948,3.562874598348043,740900
2024-03-19,3.640964984893799,3.6995327301052874,3.5628746579451485,3755500
2024-03-20,3.650726556777954,3.670249140017873,3.640965265157995,5372200
2024-03-21,3.660487651824951,3.6897715251122474,3.631203778537656,5994700
2024-03-22,3.7483391761779785,3.787384572293687,3.670248849401624,6334100
2024-03-25,3.7385776042938232,3.826429448040737,3.7385776042938232,6146500
2024-03-26,3.758100271224976,3.816668245983334,3.660487367840243,5541100
2024-03-27,3.777623176574707,3.797145991657087,3.7483393030424463,3770400
2024-03-29,3.7873847484588623,3.79714603975994,3.748339350527009,1898100
2024-04-01,3.767861843109131,3.8069072401081296,3.7483392609734,4469000
2024-04-02,3.767861843109131,3.787384657972399,3.7483392609734,3984700
2024-04-03,3.7483391761779785,3.777623048719111,3.72881659448389,4576000
2024-04-04,3.7385776042938232,3.7873842875876704,3.7385776042938232,884400
2024-04-05,3.7483391761779785,3.777623048719111,3.719055303636845,1669000
2024-04-08,3.816668748855591,3.845952623729362,3.748339474755909,1642300
2024-04-09,3.816668748855591,3.845952623729362,3.7678620580050897,902100
2024-04-12,3.884997606277466,3.924042770927082,3.777623170763481,4547500
2024-04-15,3.778989315032959,3.8967761195906823,3.759358219943524,3890000
2024-04-16,3.7200963497161865,3.7789896400496823,3.690649704549438,4551400
2024-04-17,3.818251848220825,3.837882943870609,3.700465040301004,2669700
2024-04-18,3.7986204624176025,3.8575139825178018,3.778989367057908,6934700
2024-04-19,3.749542713165283,3.7789893561195913,3.553231526115448,13441300
2024-04-22,3.6808340549468994,3.73972734366098,3.6710185068278864,3636500
2024-04-23,3.769173622131348,3.778989169297532,3.690649244801873,3683700
2024-04-24,3.778989315032959,3.808436191688224,3.7397271248540886,5030200
2024-04-25,3.778989315032959,3.798620410122394,3.749542672398806,6147400
2024-04-26,3.818251848220825,3.837882943870609,3.7691738750752464,3155100
2024-04-29,3.857514142990112,3.8673296910782855,3.818251950637419,2112700
2024-04-30,3.867329835891724,3.867329835891724,3.8280676420688446,2162800
2024-05-02,3.818251848220825,3.857514039520392,3.7986205185499218,3351800
2024-05-03,3.857514142990112,3.9065918834309783,3.818251950637419,6009300
2024-05-06,4.014563083648682,4.073456371256842,3.857514082672465,7050500
2024-05-07,4.063640117645264,4.093086992052647,4.0243779304635465,5437900
2024-05-08,4.122533798217773,4.122533798217773,4.05382519800756,4165400
2024-05-09,4.053825378417969,4.102902885317649,4.044009596212679,2438700
2024-05-10,4.093087673187256,4.15198096376032,4.034194382614191,5435900
2024-05-13,4.171611785888672,4.220689758821904,4.0538252124996,3216100
2024-05-14,4.210873603820801,4.220689384754398,4.132349228520808,2112800
2024-05-15,4.191242694854736,4.230504884236431,4.181427381530421,2390900
2024-05-16,4.299213886260986,4.328660293841807,4.112718255427688,6889000
2024-05-17,4.358107566833496,4.377738663024727,4.289398496143062,3101100
2024-05-20,4.289398193359375,4.387553667386847,4.289398193359375,6569400
2024-05-21,4.367923259735107,4.367923259735107,4.269767770265992,2237100
2024-05-23,4.358107566833496,4.397369759215958,4.328660688525524,4989700
2024-05-24,4.358107566833496,4.377738663024727,4.299214278259804,4452300
2024-05-27,4.318844795227051,4.417000263019036,4.309029014426757,6271100
2024-05-28,4.210873603820801,4.299213760054391,4.191242509995803,5529500
2024-05-29,4.201058387756348,4.240320576311269,4.181427293478888,3756800
2024-05-30,4.171611785888672,4.201058663257059,4.16179600408513,2766600
2024-05-31,4.171611785888672,4.1814275676922135,4.063640526260904,3866800
2024-06-04,4.22068977355957,4.2697672786219325,4.171611800454969,3585800
2024-06-05,4.22068977355957,4.338476347359927,4.201058677926178,3536600
2024-06-06,4.289398193359375,4.299213974783232,4.230504908942892,4292500
2024-06-07,4.299213886260986,4.348291388243091,4.240320603057135,2976400
2024-06-10,4.230504989624023,4.299214056774733,4.230504989624023,2207400
2024-06-11,4.358107566833496,4.377738663024727,4.210874111378139,3049300
2024-06-12,4.49552583694458,4.6623904107421215,4.3679234607414825,10914600
2024-06-13,4.49552583694458,4.574050232133467,4.456263639350137,6794300
2024-06-14,4.397369384765625,4.534787046402679,4.397369384765625,5797300
2024-06-18,4.583865165710449,4.623127356025733,4.417000622849383,9365300
2024-06-19,4.485710144042969,4.613312041464583,4.446447949752892,3935000
2024-06-20,4.485710144042969,4.544603435478085,4.446447949752892,2705300
2024-06-21,4.524971961975098,4.524971961975098,4.456262893661101,4708700
2024-06-24,4.475894451141357,4.524972429008561,4.446448038854863,6233400
2024-06-25,4.407184600830078,4.475893664154742,4.367922412656614,2768600
2024-06-26,4.417000770568848,4.446447648311227,4.397369674754676,2359600
2024-06-27,4.348291873931885,4.456263139220057,4.348291873931885,2258500
2024-06-28,4.3777384757995605,4.40718488480593,4.34829159875096,6461200
2024-07-01,4.417000770568848,4.43663186638302,4.377738578940504,2214400
2024-07-02,4.485710144042969,4.524972338333046,4.417001070014195,7823600
2024-07-03,4.524971961975098,4.544603057487349,4.475893989173352,4723100
2024-07-04,4.515156269073486,4.534787364972153,4.49552517317482,2062300
2024-07-05,4.49552583694458,4.5151569357418015,4.475894738147359,391300
2024-07-09,4.485710144042969,4.515156555739389,4.46607904689793,3379100
2024-07-10,4.652573585510254,4.652573585510254,4.4562626414963145,9526200
2024-07-11,4.583865165710449,4.691836423098591,4.5740493841105145,2775900
2024-07-12,4.505341053009033,4.583865438309384,4.426816667708683,1394100
2024-07-15,4.505341053009033,4.524972149334121,4.485709956683945,1043800
2024-07-16,4.456263065338135,4.515156354143745,4.456263065338135,1691500
2024-07-17,4.417000770568848,4.475894058011363,4.397369674754676,883200
2024-07-18,4.318844795227051,4.387553388660345,4.230504640193169,9194800
2024-07-19,4.250135898590088,4.328660275869189,4.210873709950538,5797600
2024-07-22,4.279582500457764,4.318844686586921,4.210873440710649,2326100
2024-07-23,4.299213886260986,4.358107169464837,4.269767010637956,3320600
2024-07-24,4.259952068328857,4.309029574583637,4.250136286252551,1311000
2024-07-25,4.093087673187256,4.201058939925675,4.0440096970219015,7991400
2024-07-26,4.1617960929870605,4.181427657013502,4.073456395079313,2606500
2024-07-29,4.22068977355957,4.259951964826356,4.181427582292785,2362000
2024-07-30,4.230504989624023,4.24032077123508,4.191242799264255,3030500
2024-07-31,4.22068977355957,4.2697672786219325,4.210873991721755,1339900
2024-08-01,4.250135898590088,4.29921386841063,4.220689491131529,1445500
2024-08-02,4.014563083648682,4.171611850603776,4.004747301692865,7876000
2024-08-05,3.641571521759033,3.916407077398437,3.582678238555112,15868600
2024-08-06,3.8378829956054688,3.8476985435626743,3.671018446311846,10512600
2024-08-07,3.965485095977783,3.98511619177798,3.759358356054591,3701600
2024-08-08,3.9753007888793945,4.014562979600584,3.592493961305566,2692700
2024-08-09,4.122533798217773,4.132349579986224,4.024378320744443,1677400
2024-08-12,4.132349967956543,4.171612162632051,4.093087773281035,1684700
2024-08-13,4.122533798217773,4.161795989207106,4.112718484491558,2922900
2024-08-14,4.073456287384033,4.181427546463646,4.004747219234782,2223200
2024-08-15,3.8771450519561768,4.073456238261764,3.808436218656611,13586200
2024-08-16,3.867329835891724,3.936038909102896,3.788805214224831,9463600
2024-08-19,3.808436155319214,3.9360385062031047,3.778989278945154,7705200
2024-08-20,3.651387214660645,3.81825175775124,3.631756119476,11162900
2024-08-21,3.759357929229736,3.7691734760154105,3.6513869145873175,6471900
2024-08-22,3.7299118041992183,3.857514164063688,3.700465159773832,6413300
2024-08-23,3.671018362045288,3.729911648436655,3.621940623385816,3101000
2024-08-26,3.7299118041992183,3.788805093049992,3.6906496116320366,4157200
2024-08-27,3.6219406127929688,3.7495427329344073,3.563047326573843,6547100
2024-08-28,3.4747073650360107,3.671018564522688,3.4452607202161785,7360500
2024-08-29,3.553231716156006,3.553231716156006,3.2685805850190044,19719200
2024-08-30,3.5502729415893555,3.6686154983758232,3.392483179374455,11706000
2024-09-02,3.708063125610352,3.708063125610352,3.530549399056446,4769100
2024-09-03,3.708063125610352,3.727786846880196,3.648891961800818,3116000
2024-09-04,3.619306325912476,3.678477488839445,3.5798588839611627,2518000
2024-09-05,3.5404109954833984,3.648891689497329,3.4023449568978514,8332200
2024-09-06,3.5404109954833984,3.5601347152813334,3.461516116291657,5382800
2024-09-09,3.609444379806519,3.6193062400604177,3.431930660111038,1478100
2024-09-10,3.5798587799072266,3.6291680809131193,3.5305492437760395,3243900
2024-09-11,3.5404109954833984,3.6094442499014585,3.520687275685463,2167900
2024-09-12,3.619306325912476,3.698201209815101,3.560134927860205,3434000
2024-09-13,3.7475104331970215,3.796819734595937,3.6390299701194073,3637200
2024-09-17,3.7277867794036874,3.7770960816857526,3.70806305849086,1503100
2024-09-18,3.796819686889648,3.8066815470455193,3.6883392251750697,785400
2024-09-19,3.8165435791015625,3.86585311722715,3.7376486943011074,2215000
2024-09-20,3.9644718170166016,3.994057634641998,3.855991347849616,2306700
2024-09-23,3.855991363525391,3.98419555488029,3.855991363525391,1791300
2024-09-24,3.767234325408936,3.895438750012989,3.708063161034129,2119200
2024-09-25,3.589720726013184,3.8165435160683354,3.5305493282648013,5799100
2024-09-26,3.5798587799072266,3.639029941114298,3.5206873835748613,3901900
2024-09-27,3.471378326416016,3.579859031374504,3.471378326416016,3070600
2024-09-30,3.619306325912476,3.619306325912476,3.4516544624940946,2812500
2024-10-01,3.7277867794036874,3.7277867794036874,3.540411195606536,2872000
2024-10-02,3.569996833801269,3.688339396287248,3.5305493913477117,2803500
2024-10-03,3.5995826721191406,3.629168254134808,3.5009638302749435,2917700
2024-10-04,3.4812397956848145,3.609444208008685,3.471377935900308,1375500
2024-10-07,3.609444379806519,3.648891820822115,3.5206874023961308,1916300
2024-10-08,3.6291680335998535,3.658753613817684,3.5009636175306325,2461200
2024-10-09,3.6982011795043945,3.757372341946393,3.658753737876396,3527700
2024-10-10,3.7277867794036874,3.747510500316513,3.678477477121621,1095600
2024-10-11,3.648891925811768,3.727786810113005,3.6291682047364575,902300
2024-10-14,3.708063125610352,3.717924986245274,3.6094445192611286,768700
2024-10-15,3.7475104331970215,3.796819734595937,3.717924852357672,1065200
2024-10-16,3.7869577407836914,3.7869577407836914,3.579858682210796,2848500
2024-10-17,3.7573723793029785,3.7770961003130754,3.6488919137474456,2821400
2024-10-18,3.836267471313477,3.9151623547954033,3.786957934011973,4315200
2024-10-21,3.767234325408936,3.87571502855472,3.708063161034129,940300
2024-10-22,3.836267471313477,3.8461293317487177,3.777096073576732,692300
2024-10-23,3.82640552520752,3.875714826279721,3.7869578492244647,1907500
2024-10-24,3.796819686889648,3.8264055024825536,3.757372246266165,530700
2024-10-25,3.7277867794036874,3.8264056190931184,3.7277867794036874,1143300
2024-10-28,3.7573723793029785,3.826405637963619,3.639030053242397,1202100
2024-10-29,3.7770957946777344,3.7968195140918257,3.727786496142506,1088600
2024-10-30,3.796819686889648,3.8855766634177775,3.737648525954424,3050500
2024-11-01,3.7475104331970215,3.7869578743161534,3.7475104331970215,892500
2024-11-04,3.7277867794036874,3.836267479549532,3.7179249189472734,2099900
2024-11-05,3.6883392333984375,3.7672341148213047,3.658753652864862,717600
2024-11-06,4.12226152420044,4.12226152420044,3.688339419370339,3869400
2024-11-07,4.0137810707092285,4.122261297032025,4.003918975452292,5177200
2024-11-08,3.944747924804688,4.053228624406984,3.8954386227696887,5054200
2024-11-11,3.944747924804688,3.944747924804688,3.875714901955689,853800
2024-11-12,3.9644718170166016,4.013781356308722,3.925024373683153,1600600
2024-11-13,3.984195232391357,4.013781047742292,3.964471512240928,1919700
2024-11-14,4.0236430168151855,4.063090460489796,3.984195573140576,1502100
2024-11-15,4.003919124603272,4.043366566599316,3.964471682607228,727200
2024-11-18,3.915162324905396,4.033504884350108,3.895438604185493,1695000
2024-11-19,3.984195232391357,4.013781047742292,3.875714771563997,740000
2024-11-20,3.9644718170166016,3.984195538683327,3.925024373683153,1234400
2024-11-21,3.944747924804688,3.984195366432687,3.944747924804688,1399600
2024-11-22,4.053228378295898,4.082813722595184,3.9447476852805248,2006600
2024-11-25,4.082813739776611,4.141984898874757,3.9940572362546782,4994900
2024-11-26,4.063089847564697,4.11239937984483,4.053228223259001,1784400
2024-11-27,4.053228378295898,4.092675817528658,4.033504658679519,759400
2024-11-28,3.925024032592773,4.063090072261704,3.905300312640069,4562900
2024-11-29,3.944747924804688,3.994057461964985,3.915162343583688,1523400
2024-12-02,3.9940574169158936,4.013781137507428,3.94474788031176,1113100
2024-12-03,4.033504962921143,4.053228684025255,3.9841954250355593,2358000
2024-12-04,4.171571254730225,4.270189866021001,4.043366824926899,5620300
2024-12-05,4.151847362518311,4.201156901270554,4.141985266667617,2405100
2024-12-06,4.23074197769165,4.270189418069848,4.151847096935255,1706700
2024-12-09,4.161708831787109,4.230742089396949,4.122261390367371,1149200
2024-12-10,4.220880508422852,4.250465854672557,4.1222614335889,1392900
2024-12-11,4.181432247161865,4.2406038752212565,4.161708527892255,1055700
2024-12-12,4.220880508422852,4.230742133755887,4.16170887542224,3681500
2024-12-13,4.181432247161865,4.201156436682036,4.161708527892255,1300100
2024-12-16,4.299775123596191,4.349084187683533,4.191294430203127,4520900
2024-12-17,4.33922290802002,4.37867035052697,4.309637091014502,1693400
2024-12-18,4.2603278160095215,4.329360601917284,4.240604095714363,3469600
2024-12-19,4.398394107818604,4.437841550648766,4.151847355004783,3512300
2024-12-20,4.437841415405273,4.447703510937572,4.309636994988978,4336400
2024-12-23,4.437841415405273,4.487150952565571,4.378670252963275,6845800
2024-12-24,4.4674272537231445,4.4674272537231445,4.388531899828528,3014000
2024-12-26,4.516736507415772,4.526598603403876,4.4575653422390005,3587800
2024-12-27,4.427978992462158,4.526598059490724,4.427978992462158,1501500
2024-12-30,4.437841415405273,4.447703510937572,4.398393973777274,3072300
2024-12-31,4.398394107818604,4.418117829233685,4.33922294357336,2082600
2025-01-02,4.358946323394775,4.408255387943012,4.339222603525365,995300
2025-01-03,4.289913654327393,4.3589469184191,4.250466209203743,4646500
2025-01-06,4.30963659286499,4.35894612542431,4.260327530556225,5416900
2025-01-07,4.358946323394775,4.408255387943012,4.319498883655956,3125000
2025-01-08,4.3194990158081055,4.349084361392077,4.250465759027858,2130600
2025-01-09,4.12226152420044,4.319499207953229,4.102537802850222,5015900
2025-01-10,4.092676162719727,4.161708952074246,4.063090345674498,4220800
2025-01-13,4.0729522705078125,4.092675990960005,4.023642734252036,1758500
2025-01-14,4.003919124603272,4.201156804834093,3.9940574992295614,3106100
2025-01-15,3.944747924804688,4.063090249688685,3.934886064397688,2209600
2025-01-16,4.033504962921143,4.053228684025255,3.994057520712918,2466100
2025-01-17,4.1419854164123535,4.15184751261959,4.023643083429287,4270500
2025-01-20,4.102537631988525,4.161708793574831,4.082813911459757,5189400
2025-01-21,4.12226152420044,4.141985245550657,4.092676177300418,2777800
2025-01-22,4.112399578094482,4.171570737532822,4.092675858281702,1314600
2025-01-23,4.0433669090271,4.141985522369099,4.0236431863587,1075600
2025-01-24,4.003919124603272,4.092676104219671,3.9743337782315393,512200
2025-01-27,3.7475104331970215,4.003919035596678,3.717924852357672,4459000
2025-01-28,3.796819686889648,3.9841952649764862,3.6488917845515862,3838800
2025-01-31,3.7179250717163086,3.87571508062779,3.7179250717163086,2149500
2025-02-03,3.6587536334991455,3.767234094881403,3.629168053122166,3366900
2025-02-04,3.7475104331970215,3.796819734595937,3.668615550958757,2872000
2025-02-05,3.8461294174194336,3.895438720693979,3.737648715090129,2630300
2025-02-06,3.9053003787994394,3.9053003787994394,3.757372241522829,4021300
2025-02-07,3.8954384326934814,3.93488587239666,3.8362672731387137,621200
2025-02-10,3.8461294174194336,3.905300581348888,3.836267556764524,748300
2025-02-12,3.7277867794036874,3.8658530609187713,3.698201198034447,5439900
2025-02-13,3.678477287292481,3.747510306924899,3.639029847502527,4270800
2025-02-14,3.668615579605103,3.717924881389049,3.668615579605103,1126200
2025-02-17,3.6390299797058105,3.708063001846148,3.5798588178712354,1157400
2025-02-18,3.7475104331970215,3.7869578743161534,3.629168109839624,7731900
2025-02-19,3.7277867794036874,3.7573723607729264,3.648891895752381,4109500
2025-02-20,3.7475104331970215,3.767234153756588,3.708062992077889,2967200
2025-02-21,3.796819686889648,3.8264055024825536,3.708062945486812,1746800
2025-02-24,3.708063125610352,3.7968198713246526,3.668615683070662,2124100
2025-02-25,3.668615579605103,3.70806302103226,3.6094444174643674,6442700
2025-02-26,3.7770957946777344,3.7770957946777344,3.678477197607277,2863200
2025-02-27,3.8165435791015625,3.86585311722715,3.767234276101278,2170700
2025-02-28,3.6883392333984375,3.777095974999163,3.658753652864862,5988700
2025-03-03,3.5305492877960205,3.7376485897282414,3.5305492877960205,2722800
2025-03-04,3.412207126617432,3.5009638737670503,3.2544171187816904,9172000
2025-03-05,3.4812397956848145,3.5502728141763606,3.4122067771932683,3671400
2025-03-06,3.4516544342041016,3.5502730382740992,3.4023451321691027,3670600
2025-03-07,3.3037264347076416,3.451654582284232,3.3037264347076416,4839100
2025-03-10,3.195245742797852,3.313588064507816,3.195245742797852,6626100
2025-03-11,3.2445549964904785,3.284002436488797,3.1064889564963627,4914900
2025-03-12,3.195245742797852,3.293864344222822,3.155798302227863,1562500
2025-03-13,3.5502729415893555,3.560134801727787,3.2445550421726934,3171500
2025-03-14,3.510825634002685,3.530549355026553,3.4319307499072145,4345100
2025-03-17,3.609444379806519,3.609444379806519,3.5206874023961308,2909800
2025-03-19,3.678477287292481,3.6883391472399687,3.530549152954867,2255300
2025-03-20,3.619306325912476,3.7475105122542423,3.619306325912476,2483700
2025-03-21,3.7277867794036874,3.747510500316513,3.639030035295968,3313200
2025-03-24,3.6390299797058105,3.767234163680723,3.6193062590942855,2001100
2025-03-25,3.708063125610352,3.737648707515119,3.619306379896051,2067600
2025-03-26,3.737807035446167,3.8171238203736193,3.7278924373302353,2760600
2025-03-27,3.78737998008728,3.797294578082954,3.688234000130544,2309900
2025-03-28,3.698148488998413,3.767550672920156,3.6584900981859887,4324900
2025-04-02,3.5196855068206787,3.698148502511343,3.5196855068206787,2794400
2025-04-03,3.5196855068206787,3.599002525118005,3.420539529427341,2948100
2025-04-04,3.271820306777954,3.519685485115416,3.2420765137433776,7861600
2025-04-07,2.94463849067688,3.0933574631054097,2.795919281865684,7646200
2025-04-08,2.835577726364136,3.1131869527390337,2.7265171445889527,8592900
2025-04-09,2.6769440174102783,2.7760899958251315,2.607541832519881,5572700
2025-04-10,3.1726744174957275,3.4800271903788733,3.0636136036451527,24534800
2025-04-11,3.073528289794922,3.2817350891364963,3.053699093322645,8140200
2025-04-14,3.2123327255249023,3.3213933001485265,3.1627597370596185,5646300
2025-04-15,3.162759780883789,3.222247367866408,3.1131867917316067,3893300
2025-04-16,3.1032721996307373,3.1825889824206715,3.073528169701853,1852600
2025-04-17,3.1726744174957275,3.182589015447356,3.0437844077418954,1644700
2025-04-18,3.222247362136841,3.2916495468264904,3.1231013840087707,2182700
2025-04-21,3.1726744174957275,3.232162005205499,3.1528452215924703,3168000
2025-04-22,3.1330158710479736,3.172674260897006,3.1032720786612,1716500
2025-04-23,3.301564216613769,3.341222608729555,3.16275984420852,4678800
2025-04-24,3.3610520362854004,3.400710428343549,3.2420766237282908,6617400
2025-04-25,3.4502832889556885,3.539514667738409,3.3313078808627403,7153800
2025-04-28,3.440368890762329,3.5494294711526893,3.4007104978931078,1742000
2025-04-29,3.43045425415039,3.4701126465757444,3.390795861725037,4122800
2025-04-30,3.470112562179565,3.4899417579099787,3.4304541707187384,2994000
2025-05-02,3.71797776222229,3.71797776222229,3.420539588521039,5279600
2025-05-05,3.618831872940064,3.7873800416041767,3.54942944946041,7159800
2025-05-06,3.5990025997161865,3.6485755894403775,3.529600177719658,5277800
2025-05-07,3.6584901809692383,3.688233974751591,3.608917191331984,5706300
2025-05-08,3.757636070251465,3.7774652656314736,3.6882338864214335,5928500
2025-05-09,3.7675507068634033,3.817123695825555,3.708063120108821,4284500
2025-05-13,3.9460136890411377,4.10464725313837,3.9162698957729063,10236800
2025-05-14,3.9460136890411377,4.015416109716333,3.896440700260753,7389200
2025-05-15,3.866697072982788,4.005501447526485,3.836953042055044,4419000
2025-05-16,3.7675507068634033,3.8865261167552254,3.747721511278543,2118700
2025-05-19,3.569258451461792,3.767550640183592,3.53951465861092,6817500
2025-05-20,3.628746271133423,3.648575466354153,3.5494292538678494,5158600
2025-05-21,3.569258451461792,3.628746273546189,3.509770865760048,5241600
2025-05-22,3.5990025997161865,3.618831795605863,3.480027187995467,2501300
2025-05-23,3.6485755443573,3.67831933782429,3.6386609465349697,625100
2025-05-26,3.5990025997161865,3.618831795605863,3.559343971554173,1880200
2025-05-27,3.638660907745361,3.658490103178634,3.569258487346252,781500
2025-05-28,3.7675507068634033,3.7774653046558337,3.6684047289391,2500200
2025-05-29,3.866697072982788,3.8865262693461737,3.7378070602381177,1844700
2025-05-30,3.7477216720581055,3.8766116852718175,3.737807073840333,9679400
2025-06-03,3.79729437828064,3.79729437828064,3.72789219596266,2042300
2025-06-04,3.8171236515045166,3.8369528468591385,3.717977674731408,4125700
2025-06-05,3.886526107788086,3.946013694405417,3.817123687018544,1793000
2025-06-06,3.886526107788086,3.936099096635861,3.866696912248976,1775800
2025-06-09,3.9460136890411377,3.965842884553292,3.896440700260753,2715700
2025-06-10,3.965842962265015,3.975757796598032,3.916269972513234,4879700
2025-06-11,3.886526107788086,3.985672085483636,3.876611510018531,2328300
2025-06-12,3.955928325653076,3.955928325653076,3.886526140678856,2309000
2025-06-13,3.9460136890411377,3.9460136890411377,3.8270382795855578,4155900
2025-06-16,3.886526107788086,3.936099096635861,3.8468677167098657,2374700
2025-06-17,3.8369529247283936,3.9261845420177615,3.8369529247283936,3165400
2025-06-18,3.916269779205322,3.916269779205322,3.8171235682129785,5767000
2025-06-19,3.906355381011963,3.936099174912136,3.8666969891450655,1744600
2025-06-20,3.827038288116455,3.896440708946357,3.827038288116455,2628400
2025-06-23,3.906355381011963,3.906355381011963,3.708063185294815,1112300
2025-06-24,3.886526107788086,3.946013694405417,3.876611510018531,1407700
2025-06-25,3.916269779205322,3.975757600353788,3.896440584283383,2733200
2025-06-26,3.886526107788086,3.936099096635861,3.866696912248976,3845800
2025-06-30,3.9261844158172607,4.035245225358103,3.9162698182574256,8402100
2025-07-01,3.955928325653076,3.975757757742655,3.926184532092696,3369700
2025-07-02,3.965842962265015,3.995586992498744,3.9360991684139455,1216900
2025-07-03,4.1740498542785645,4.193879050648033,3.965843056016473,5367600
2025-07-04,4.084817886352539,4.223622721882935,4.055074330714092,4003400
2025-07-07,4.114562034606934,4.144305591111763,3.9360990408993817,2179300
2025-07-08,4.025330543518066,4.064988935255953,3.98567215178018,4428400
2025-07-09,4.114562034606934,4.114562034606934,3.985672029045187,781600
2025-07-10,4.035245418548584,4.154220594962638,4.015416222479575,3335900
2025-07-11,4.035245418548584,4.084818172338443,4.015416222479575,965400
2025-07-14,4.015416145324707,4.055074536700702,3.975757753948712,1444900
2025-07-15,4.035245418548584,4.084818172338443,3.9757578303415575,2765900
2025-07-16,4.055074691772461,4.084818250059234,4.035245495326167,2070700
2025-07-17,4.07490348815918,4.1244762380253706,4.045159460027235,5079400
2025-07-18,4.114562034606934,4.114562034606934,4.025330419561831,3816200
2025-07-21,4.094732761383057,4.114561956263822,4.045159537798495,1041400
2025-07-22,4.06498908996582,4.094733121283928,4.045159893342195,1216900
2025-07-23,4.025330543518066,4.114562161310972,4.015416181966256,1419000
2025-07-24,4.07490348815918,4.094732682658714,4.015415904660578,1298300
2025-07-25,4.06498908996582,4.084818286589445,3.9856723034713206,1879900
2025-07-28,4.07490348815918,4.084817849026303,4.045159460027235,1339300
2025-07-29,4.055074691772461,4.084818250059234,4.045159857166646,922800
2025-07-30,3.975757837295532,4.0550746217103,3.955928404809177,1693700
2025-07-31,4.035245418548584,4.064988976269435,3.985672191993399,4127600
2025-08-01,4.045159816741943,4.064989012990077,3.9955870625042738,1152400
2025-08-04,4.104647159576416,4.134391188549314,4.0055011842755945,6481600
2025-08-05,4.312854290008545,4.342598321367099,4.074903930201474,15146200
2025-08-06,4.322768688201904,4.372341438439834,4.243451909608981,11884300
2025-08-07,4.312854290008545,4.372341879960312,4.223623141463563,8496800
2025-08-08,4.312854290008545,4.362427518017688,4.243452338114152,6703200
2025-08-11,4.312854290008545,4.352512683309723,4.243452338114152,7928100
2025-08-12,4.273195743560791,4.342598165733218,4.253366547620859,3419700
2025-08-13,4.293025016784668,4.382256636503394,4.273195820487766,6715000
2025-08-14,4.243452072143555,4.31285401968798,4.233537238057031,6397700
2025-08-15,4.21370792388916,4.263281147393975,4.21370792388916,2130600
2025-08-18,4.243452072143555,4.2731956288725055,4.20379320856277,5623400
2025-08-19,4.283110618591309,4.342598206976078,4.233537391888004,5468300
2025-08-20,4.233537197113037,4.293024782760924,4.203793167906441,3055500
2025-08-21,4.223622798919678,4.243451993962081,4.183963936069569,2449900
2025-08-22,4.203793048858643,4.213707882568497,4.183963854204226,2193300
2025-08-25,4.3029398918151855,4.352512646641356,4.174049878289538,6286300
2025-08-26,4.322768688201904,4.352512243791604,4.253366270550451,5752900
2025-08-27,4.392170906066895,4.402085740389875,4.293024926663697,8070000
2025-08-28,4.293025016784668,4.412000194566082,4.293025016784668,3598000
2025-08-29,4.243452072143555,4.322768853774504,4.243452072143555,2461700
2025-09-02,4.233537197113037,4.263281226319633,4.193878806681113,2841500
2025-09-03,4.233537197113037,4.263281226319633,4.193878806681113,2652500
2025-09-04,4.223622798919678,4.263281189004485,4.183963936069569,1701800
2025-09-08,4.253366470336914,4.2632813045093885,4.203793245005169,1783100
2025-09-09,4.263281345367432,4.293024902639281,4.233537315330263,2118300
2025-09-10,4.263281345367432,4.293024902639281,4.213708119560591,1487400
2025-09-11,4.323047161102295,4.323047161102295,4.2632815912451765,1924800
2025-09-12,4.3330078125,4.372851525375554,4.313085956062223,3865900
2025-09-17,4.372851371765137,4.412695083241053,4.342968825645452,3046100
2025-09-18,4.3330078125,4.392773381813332,4.3330078125,1584300
2025-09-19,4.342968940734863,4.342968940734863,4.2732422063169855,2823400
2025-09-22,4.283203125,4.352929380423467,4.263281269882653,5292200
2025-09-23,4.2333984375,4.323047026991844,4.223437272012234,4196500
2025-09-24,4.223437309265137,4.303125208946616,4.173632906310544,2945100
2025-09-25,4.283203125,4.293163815071427,4.21347639460204,8379900
2025-09-26,4.193554878234863,4.243359757538653,4.153711164781644,6967000
2025-09-29,4.1337890625,4.213476484672853,4.113867206956787,3041400
2025-09-30,4.1337890625,4.143749752784355,4.0939453514135735,2868600
2025-10-01,4.283203125,4.333007525306121,4.113867119015306,8367100
2025-10-02,4.362890720367432,4.412695122670095,4.2832032967035625,7798700
2025-10-03,4.372851371765137,4.392773227503095,4.33300766028922,3697800
2025-10-06,4.352929592132568,4.402734469835492,4.313085879960036,2192100
2025-10-07,4.4326171875,4.4824220671245305,4.342969069140192,7188600
2025-10-08,4.412694931030273,4.442577951093684,4.333007510827166,2327700
2025-10-09,4.542187213897705,4.542187213897705,4.352929353946823,8674900
2025-10-10,4.4326171875,4.532226946749061,4.402734639704908,4581000
2025-10-13,4.452538967132568,4.47246082364196,4.213476689019864,2383100
2025-10-14,4.372851371765137,4.48242181581116,4.33300766028922,2786800
2025-10-15,4.542187213897705,4.552148378883036,4.402734228924499,8906600
2025-10-16,4.761328220367432,4.811132621694223,4.522265479085529,18244700
2025-10-17,4.492383003234863,4.761328294505665,4.462499981993881,6944600
2025-10-21,4.542187213897705,4.681640198870912,4.482421648909188,8360400
2025-10-22,4.58203125,4.591992415694282,4.502343824343838,5666800
2025-10-23,4.512304782867432,4.582031039628013,4.482421762131111,2603900
2025-10-24,4.572070598602295,4.6119143117730514,4.522265719651586,6928200
2025-10-27,4.522265434265137,4.611914020729151,4.482421723608796,3391400
2025-10-28,4.522265434265137,4.572070310072811,4.502343578936967,4581700
2025-10-29,4.562109470367432,4.621875040615423,4.502343900119441,10432600
2025-10-30,4.522265434265137,4.582031000249647,4.5123047440883,6369400
2025-10-31,4.502343654632568,4.552148531277587,4.462499943306356,10202800
2025-11-03,4.4326171875,4.512305089894155,4.412695330645095,7155700
2025-11-04,4.4326171875,4.452539044354905,4.342969069140192,12454300
2025-11-05,4.3828125,4.412695045866586,4.283203222153876,10965200
2025-11-06,4.452538967132568,4.601953128440271,4.342968993818175,7403400
2025-11-07,4.372851371765137,4.432616938979011,4.352929516027178,3221600
2025-11-10,4.452538967132568,4.462500132874527,4.362890850327567,5404200
2025-11-11,4.482421875,4.492383040487766,4.432616997510195,6819600
2025-11-12,4.502343654632568,4.502343654632568,4.432616922324444,8473900
2025-11-13,4.492383003234863,4.502343693665518,4.462499981993881,8224000
2025-11-14,4.4326171875,4.4824220671245305,4.382812782850003,11230500
2025-11-17,4.392773151397705,4.432616862183324,4.372851296004896,3260800
2025-11-18,4.392773151397705,4.432616862183324,4.333007585219277,7626900
2025-11-19,4.392773151397705,4.392773151397705,4.313085729826468,4429200
2025-11-20,4.482421875,4.482421875,4.402734450995922,7220100
2025-11-21,4.372851371765137,4.422656248597286,4.323046969907495,4217600
2025-11-24,4.263281345367432,4.372851312965617,4.263281345367432,5211600
2025-11-25,4.3330078125,4.372851525375554,4.283203408892819,6568600
2025-11-26,4.323047161102295,4.372851565162629,4.283203447864216,6743200
2025-11-27,4.313086032867432,4.402734625921107,4.313086032867432,2697800
2025-11-28,4.323047161102295,4.402734587578452,4.303125304483255,2246200
2025-12-01,4.2333984375,4.303125170990825,4.2333984375,2246100
2025-12-02,4.263281345367432,4.283203200837511,4.213476469204984,2857600
2025-12-03,4.213476657867432,4.243359679897841,4.183593635837022,2941500
2025-12-04,4.253320217132568,4.2931639284192125,4.213476505845924,3084100
2025-12-05,4.18359375,4.233398629751598,4.18359375,1255200
2025-12-08,4.18359375,4.2134767728458655,4.15371120212867,1502200
2025-12-09,4.213476657867432,4.233398514229531,4.163671779474923,1177800
2025-12-10,4.203515529632568,4.243359717686112,4.18359367309306,815800
2025-12-11,4.223437309265137,4.233398474840766,4.183593596911656,2247600
2025-12-12,4.253320217132568,4.273242072775891,4.2035153405370105,1678400
2025-12-15,4.223437309265137,4.253320331017506,4.193554762487285,724100
2025-12-16,4.113867282867432,4.253320274243164,4.113867282867432,2193200
2025-12-17,4.153710842132568,4.153710842132568,4.093945276595167,1731600
2025-12-18,4.1337890625,4.1736327735864265,4.103906041697929,2928600
2025-12-19,4.243359565734863,4.243359565734863,4.133789121203931,4360700
2025-12-22,4.243359565734863,4.28320327738711,4.183593523281984,7170400
2025-12-23,4.273241996765137,4.303125017185825,4.203515265766528,2337600
2025-12-24,4.203515529632568,4.303125287304638,4.1736329823105685,2889500
2025-12-26,4.253320217132568,4.263281382441482,4.17363279455928,348100
2025-12-29,4.1337890625,4.273242051302493,4.1337890625,2748200
2025-12-30,4.18359375,4.2134767728458655,4.123828179282804,2305200
2025-12-31,4.163671493530273,4.193554513508435,4.143749638536329,1190400
2026-01-02,4.1337890625,4.163671608327569,4.123827897241142,506000
2026-01-05,4.18359375,4.203515606905732,4.1337893452229375,2940700
2026-01-06,4.173633098602295,4.2234375038515255,4.153711241507695,1808700
2026-01-07,4.1337890625,4.183593463870782,4.123827897241142,2382200
2026-01-08,4.163671493530273,4.183593348524218,4.113867093532657,1444800
2026-01-09,4.143749713897705,4.183593424610222,4.113867168350566,1328900
2026-01-12,4.093945503234863,4.223437331580618,4.0640624813246005,5090100
2026-01-13,4.093945503234863,4.123828050170607,4.034179934388857,3271000
2026-01-14,4.153710842132568,4.153710842132568,4.054101566236899,3975600
2026-01-15,4.153710842132568,4.183593387414022,4.083984111518354,4271300
2026-01-16,4.203515529632568,4.233398551929095,4.15371112577106,2467300
2026-01-20,4.083984375,4.143749944393226,4.0740236842550575,727700
2026-01-21,4.113867282867432,4.153710994689069,4.074023571045794,1405400
2026-01-22,4.153710842132568,4.163671532234888,4.103905966697488,1165800
2026-01-23,4.074023723602295,4.223437411041148,4.074023723602295,1767700
2026-01-26,3.944531202316284,4.0939453565656665,3.924609346748,3895800
2026-01-27,3.964453220367432,3.994336242431863,3.884765794828311,2531200
2026-01-28,3.8349609375,3.964453242201506,3.8050781527582513,8524100
2026-01-29,3.8349609375,3.964453242201506,3.8349609375,6439800
2026-01-30,3.8249998092651367,3.9146483962904273,3.79511702608579,6508200
2026-02-03,3.924609422683716,3.924609422683716,3.834960833404611,3060100
2026-02-04,3.914648532867432,3.924609460941405,3.864843892497568,5923600
2026-02-05,3.904687643051148,3.954492283908992,3.8847657867080096,2225100
2026-02-06,3.844921827316284,3.9046876336896696,3.815039042873222,5506700
2026-02-09,3.844921827316284,3.934570418132732,3.844921827316284,3378600
2026-02-10,3.8349609375,3.8748048879762607,3.815039081005501,703700
2026-02-11,3.864843845367432,3.884765701272439,3.815038968117659,3969100
2026-02-12,3.854882717132568,3.8847657387657466,3.815039004938008,2287300
2026-02-13,3.864843845367432,3.914648485129949,3.805078040165156,1136600
2026-02-16,3.8349609375,3.89472674447076,3.815039081005501,1605000
2026-02-19,3.924609422683716,3.954492206614332,3.834960833404611,2745500
2026-02-20,3.8349609375,3.964453242201506,3.8250000092527503,1585100
2026-02-23,3.874804735183716,3.904687518747117,3.844921714133062,5312600
2026-02-24,3.8349609375,3.88476581622351,3.8250000092527503,2601900
2026-02-25,3.854882717132568,3.8748048107171065,3.805078076889368,4544500
2026-02-26,3.78515625,3.85488274687852,3.78515625,5024300
2026-02-27,3.7353515625,3.815038986504078,3.72539063449949,7912900
2026-03-02,3.78515625,3.78515625,3.595898378128185,2086300
2026-03-03,3.884765625,3.894726552756933,3.695507760131017,3303300
2026-03-04,3.884765625,3.9146484082708,3.834960748728083,2203600
2026-03-05,3.8947267532348633,3.9146486097741913,3.874804896695535,2394700
2026-03-06,3.815038919448853,3.904687507364984,3.78515613597256,4732900
2026-03-09,3.665625095367432,3.815039016551884,3.635742311130541,5800800
2026-03-10,3.795117139816284,3.805078067841238,3.65566414746693,4327900
2026-03-11,3.795117139816284,3.974414081752711,3.735351571666561,2748600
2026-03-12,3.725390672683716,3.7951171694019616,3.6855469602732898,4864300
2026-03-13,3.685546875,3.765234297977107,3.685546875,9649000
2026-03-16,3.685546875,3.7253905864885537,3.675585947127862,2250100
2026-03-17,3.78515625,3.815039034376509,3.675586040619468,480500
2026-03-18,3.864843845367432,3.864843845367432,3.805078040165156,689800
2026-03-19,3.8249998092651367,3.844921664718034,3.805077953812239,4259600
2026-03-24,3.815038919448853,3.8947265795395527,3.805077991623421,1200500
2026-03-25,3.815038919448853,3.8947265795395527,3.7951170637979903,830600
2026-03-26,3.805078029632568,3.8947266184442046,3.805078029632568,692500
2026-03-27,3.914648532867432,3.914648532867432,3.7951171584925,1276500
2026-03-30,3.7353515625,3.874804791994393,3.695507850497961,7481800
2026-03-31,3.725390672683716,3.7353516007863226,3.6855469602732898,1186300
2026-04-01,3.78515625,3.815039034376509,3.71542975312148,2238000
2026-04-02,3.854882717132568,3.854882717132568,3.775195292743448,1255900
2026-04-03,3.924609422683716,3.9843749905449486,3.8249999054277386,3558400
2026-04-06,3.884765625,3.924609336027733,3.8748046972430665,651000
2026-04-07,3.924609422683716,3.94453127863746,3.864843854822483,536800
2026-04-08,3.984375,4.00429685600102,3.944531287997961,717500
2026-04-09,3.974414110183716,3.9843750382799255,3.934570397798878,1071600
2026-04-10,4.004296779632568,4.01425794493036,3.964453068390414,1410100
2026-04-13,3.9345703125,3.994336117268833,3.8548826519706414,2633800
2026-04-14,4.054101943969727,4.093945658040353,3.944531492788237,5775400
2026-04-15,4.173633098602295,4.173633098602295,4.0441407900001245,14739100
2026-04-16,4.3828125,4.3828125,4.223437180471699,16163700
2026-04-17,4.283203125,4.382812400586734,4.263281269882653,6406900
2026-04-20,4.263281345367432,4.30312505630759,4.203515303982695,6167600
2026-04-21,4.283203125,4.34296869035204,4.263281269882653,7087000
2026-04-22,4.303125381469727,4.303125381469727,4.283203524494269,8147100
2026-04-23,4.273241996765137,4.313085707343056,4.243359451318945,6521400
2026-04-24,4.303125381469727,4.323047238445184,4.243359810543353,25738200
2026-04-27,4.392773151397705,4.422656171974168,4.303125039617313,18700900
2026-04-28,4.342968940734863,4.392773343912331,4.303125228203082,5897400
2026-04-29,4.243359565734863,4.352929535291287,4.243359565734863,5075400
2026-04-30,4.203515529632568,4.273242265008112,4.1736329823105685,7086300
2026-05-04,4.293163776397705,4.303124941353892,4.233398211584045,9185800
2026-05-05,4.4326171875,4.452539044354905,4.2732423326607565,9707500
2026-05-06,4.6318359375,4.641796627808968,4.462499927477011,21840000
2026-05-07,4.651757717132568,4.711523282933959,4.552148440796919,14184800
2026-05-08,4.591992378234863,4.641796781376421,4.55214866573181,3909000
2026-05-11,4.591992378234863,4.591992378234863,4.472460765751183,4920400
2026-05-12,4.552148818969727,4.621875080709989,4.542187653021383,5801600
2026-05-13,4.701562404632568,4.721484261115034,4.482421983325448,22237500
2026-05-14,4.78125,4.78125,4.661718393769129,8038600
2026-05-15,4.78125,4.821093710418792,4.731445124489262,9564800
2026-05-18,4.691601753234863,4.751367323183613,4.621875017474058,5691300
2026-05-19,4.691601753234863,4.73144546653403,4.651758039935697,5792800
2026-05-20,4.621874809265137,4.691601541884851,4.591992263124193,12143500
2026-05-21,4.751367092132568,4.811132659175018,4.6318359580476685,9456000
2026-05-22,4.890820026397705,4.950585592761941,4.751367038214489,9873500
2026-05-25,4.9306640625,4.970507776037309,4.88085965806563,3679500
2026-05-26,4.8310546875,4.930663969463754,4.8310546875,4048600
2026-05-28,4.860937595367432,4.900781307216795,4.831054573993153,6302600
2026-05-29,4.880859375,4.9406249418398565,4.860937519386715,7488900
2026-06-03,4.890820026397705,4.950585592761941,4.860937480702837,2073600
2026-06-04,4.860937595367432,4.91074199769188,4.791210862143791,5554800
2026-06-05,4.900781154632568,4.930663700101952,4.821093733414884,2685000
2026-06-08,4.791210651397705,4.801171816409149,4.661718356095864,4182000
2026-06-09,4.751367092132568,4.860937535864313,4.691601525090118,6115700
2026-06-10,4.7314453125,4.781250189989805,4.661718579009175,2942700
2026-06-11,4.7314453125,4.7314453125,4.601953011006117,1911900
2026-06-12,4.7314453125,4.781250189989805,4.701562291011214,3656400
2026-06-15,4.990429878234863,5.030273589939474,4.771288988884994,9031100
2026-06-16,4.98046875,5.080078030005097,4.930663872510195,6771600
2026-06-18,4.98046875,4.990429915487766,4.841015757992864,6148700
2026-06-19,4.98046875,5.010351771488786,4.841015757992864,5200300
2026-06-22,4.960546970367432,4.980468826675152,4.900781401444272,1381600
2026-06-23,4.880859375,4.960546797453143,4.860937519386715,5355900
2026-06-24,4.890820026397705,4.9804686134313085,4.791210749123979,5774600
2026-06-25,4.940625190734863,4.960547047351756,4.870898455088472,1302500
2026-06-26,4.811132907867432,4.940625213973583,4.811132907867432,6771400
2026-06-29,4.9306640625,4.9306640625,4.79121106511942,5983000
2026-06-30,4.940625190734863,4.960547047351756,4.880859620884182,5019000
2026-07-01,5.000390529632568,5.000390529632568,4.900781251148754,16836000
2026-07-02,4.920703411102295,4.980468981888007,4.870898531293601,8386500
2026-07-03,4.910741806030273,4.930663661177424,4.860937405649644,3881500
2026-07-06,4.761328220367432,4.910741899322307,4.731445199591756,4611400
2026-07-07,4.8310546875,4.8310546875,4.741406571219883,6844300
2026-07-08,4.771288871765137,4.831054437855,4.721483995869669,4092300
2026-07-09,4.880859375,4.930663776545962,4.781250096933572,3562900
2026-07-10,4.9306640625,4.950585919268654,4.890820348962691,2554600
2026-07-13,4.821094036102295,4.940625175433461,4.821094036102295,1601800
2026-07-14,4.721484184265137,4.83105463062252,4.6318360690404745,5327000
2026-07-15,4.870898246765137,4.900781267899674,4.721484091041463,5755400
2026-07-16,4.8310546875,4.870898400285501,4.811132831107249,3746200
2026-07-17,4.78125,4.821093710418792,4.731445124489262,11102300
2026-07-20,4.771288871765137,4.821093747660605,4.761328181570741,3579200
2026-07-21,4.960546970367432,4.960546970367432,4.771289097956833,5574700
2026-07-22,5.0302734375,5.0302734375,4.890819975785408,6382700
2026-07-23,4.970507621765137,5.030273665190642,4.940625075026901,2458700
2026-07-24,4.940625190734863,4.98046890396865,4.900781477501076,3148900
2026-07-27,5.070117473602295,5.070117473602295,4.950585859459916,3127200
2026-07-28,4.960546970367432,5.04023439559831,4.900781401444272,6310700
2026-07-29,4.98046875,5.010351771488786,4.880859469994903,6316100
2026-07-30,4.940625190734863,5.020312617202437,4.890820311705365,4747200
2026-07-31,5.189648628234863,5.209570484822204,4.990430062361454,8545200
2026-08-03,5.000390529632568,5.18964839623907,4.99042983927144,3418300
2026-08-04,5.139843463897705,5.159765319378917,5.050195351719502,1483600
2026-08-05,5.189648628234863,5.249414197996886,5.119921892691907,3872900
2026-08-06,5.2294921875,5.259375208988786,5.119921742007136,5928900
2026-08-07,5.2294921875,5.299218920990825,5.219531022012234,3459300
2026-08-10,5.368945121765137,5.378906287145773,5.229492131257792,4696000
2026-08-11,5.239453315734863,5.378906306750478,5.239453315734863,7436200
2026-08-12,5.2294921875,5.289257755503058,5.199609166011214,6802200
2026-08-13,5.189648628234863,5.239453507190479,5.169726771647523,4039500
2026-08-14,5.2294921875,5.269335899502039,5.189648475497961,5957100
2026-08-17,5.1796875,5.269336092780135,5.169726809121391,4898700
2026-08-18,5.169726848602295,5.199609396440864,5.119921968905301,3137900
2026-08-19,5.060156345367432,5.169726794570924,5.040234488691754,5364900
2026-08-20,5.099999904632568,5.149804782304273,5.06015619248501,5456500
2026-08-21,5.110000133514404,5.179999828338623,5.070000171661377,6073100
2026-08-24,5.099999904632568,5.130000114440918,5.090000152587891,3883300
2026-08-26,5.099999904632568,5.130000114440918,5.070000171661377,2829900
2026-08-27,5.099999904632568,5.139999866485596,5.059999942779541,3993600
2026-08-28,5.090000152587891,5.179999828338623,5.090000152587891,9270500
2026-09-01,4.949999809265137,5.110000133514404,4.949999809265137,7587800
2026-09-02,4.949999809265137,4.980000019073486,4.900000095367432,8583100
2026-09-03,4.949999809265137,5.019999980926514,4.940000057220459,5199200
