Date,Close,High,Low,Volume
2015-01-02,0.4579534828662872,0.4579534828662872,0.4507978792066747,1931310
2015-01-05,0.449008971452713,0.4668976151154814,0.449008971452713,3220302
2015-01-06,0.4293312132358551,0.4454311247595611,0.4275424702333616,7538723
2015-01-07,0.4561647772789001,0.4561647772789001,0.4203868405282243,8167181
2015-01-08,0.4829976558685303,0.5008869818302364,0.4579534862297484,39156850
2015-01-09,0.4829976558685303,0.5098313281298014,0.4776315125546804,11752995
2015-01-12,0.495520144701004,0.4973088873750216,0.4776315356839626,18071631
2015-01-13,0.5312974452972412,0.5348756065037235,0.4883646199448695,28416437
2015-01-14,0.5116201639175415,0.536664382409634,0.509831463080851,14650554
2015-01-15,0.518775463104248,0.5277197642641415,0.5080417021293328,9138182
2015-01-16,0.518775463104248,0.518775463104248,0.5116198617245331,6107169
2015-01-19,0.5134086608886719,0.5295085229965831,0.5134086608886719,15740753
2015-01-20,0.517606794834137,0.525163360074968,0.4817148094632807,17230875
2015-01-21,0.5497216582298279,0.5497216582298279,0.5157182310070902,22947000
2015-01-22,0.5497216582298279,0.5516102613250681,0.5364978475078992,17877750
2015-01-23,0.5497216582298279,0.5572774640087083,0.5459430164172486,19753125
2015-01-26,0.547832190990448,0.5497215113920756,0.5364977042023975,15525750
2015-01-27,0.5402756333351135,0.549721517639748,0.5402756333351135,5064375
2015-01-28,0.5270524621009827,0.5421648262755507,0.5270524621009827,8113875
2015-01-29,0.5194959044456482,0.5383869087397185,0.5194959044456482,4852125
2015-01-30,0.5421649813652039,0.5497215456315179,0.5232739718290409,14256000
2015-02-04,0.5402756333351135,0.547832197216648,0.5402756333351135,4839000
2015-02-05,0.5553886294364929,0.559166551863446,0.5478321089959983,28015500
2015-02-06,0.5572774410247803,0.5610560826815161,0.5516102385748739,6909000
2015-02-09,0.5553886294364929,0.559166551863446,0.5516100314229514,3298500
2015-02-10,0.5553886294364929,0.5572772317445943,0.5516100314229514,5503500
2015-02-11,0.5572774410247803,0.5629446856988642,0.5534995594032419,11488875
2015-02-12,0.5497216582298279,0.5572774640087083,0.5497216582298279,3063000
2015-02-13,0.5516101121902466,0.5553887107570542,0.5478321892101263,2421750
2015-02-16,0.5483734011650085,0.5559892314324699,0.5483734011650085,6872625
2015-02-17,0.5540856719017029,0.5540856719017029,0.5483734370723671,2734500
2015-02-18,0.5521812438964844,0.5521812438964844,0.5483733292620492,1181625
2015-02-23,0.5464692115783691,0.5521814473897868,0.5445648918047032,3066000
2015-02-24,0.5617014169692993,0.56551005556932,0.5464690756567927,14682750
2015-02-25,0.5578935742378235,0.5636057663741938,0.5559892548360943,7443750
2015-02-26,0.5597977042198181,0.5617012996127092,0.548373280384844,24125250
2015-02-27,0.5864546298980713,0.5883589491936189,0.5617014156529232,37372500
2015-03-02,0.5826468467712402,0.5921669983862563,0.5750303339328762,18425625
2015-03-03,0.5997832417488098,0.6035911559820512,0.5845501803567374,50926125
2015-03-04,0.5959749221801758,0.5997835191246105,0.5807425346936058,13401000
2015-03-05,0.6226325035095215,0.6340569765423892,0.5959750025451687,76184625
2015-03-06,0.620728075504303,0.6245359485290543,0.6150158403733562,15769125
2015-03-09,0.6169202327728271,0.6207281488066405,0.6054957611618077,5363250
2015-03-10,0.626440167427063,0.6283444866679135,0.6169200608009402,24792000
2015-03-11,0.60930335521698,0.6207278207908853,0.6016868036646442,16233750
2015-03-12,0.6245360374450684,0.6283446770809363,0.6112080118077087,26139750
2015-03-13,0.626440167427063,0.6283444866679135,0.6207279757732639,24543375
2015-03-16,0.6188239455223083,0.6302483767244746,0.6188239455223083,10368375
2015-03-17,0.6226325035095215,0.6283447400259554,0.6188239060515118,13289625
2015-03-18,0.6188239455223083,0.6264404599738593,0.6093037918909123,14322750
2015-03-19,0.6226325035095215,0.6245361000085533,0.6188239060515118,6010125
2015-03-20,0.6340567469596863,0.6340567469596863,0.6207280013036542,26702625
2015-03-23,0.6340567469596863,0.6397689814078034,0.6283445125115692,13496625
2015-03-24,0.6378647089004517,0.6378647089004517,0.6245359197068653,7645875
2015-03-25,0.6454812288284302,0.6511934637679808,0.6321524820257026,18850875
2015-03-26,0.6131117343902588,0.6569059495364812,0.6035915803590468,52558500
2015-03-27,0.6188239455223083,0.6302483767244746,0.605495875140297,13981125
2015-03-30,0.6302481293678284,0.6359603640066996,0.6188237026494641,9870375
2015-03-31,0.6302481293678284,0.6340567681333635,0.6226322988556209,12541125
2015-04-01,0.6245360374450684,0.6321525932072076,0.6207281638781852,18310875
2015-04-02,0.6359604001045227,0.6359604001045227,0.6226323341969281,8083875
2015-04-03,0.6359604001045227,0.6378647195953816,0.6321524846322775,9143625
2015-04-06,0.6359604001045227,0.6435769119991049,0.6340568041231363,18373125
2015-04-07,0.649289071559906,0.6511933908296152,0.6340567304897735,23521500
2015-04-08,0.6530970931053162,0.6530970931053162,0.6454812618031696,9736875
2015-04-09,0.6511936783790588,0.6530972749799562,0.6473850381578484,4485750
2015-04-10,0.6359604001045227,0.6454812314899638,0.6321524846322775,9176250
2015-04-13,0.6588094234466553,0.6588094234466553,0.6378648416371805,19897125
2015-04-14,0.6683300733566284,0.6702336691801447,0.65500132760433,22426125
2015-04-15,0.6530970931053162,0.6683301601692394,0.6530970931053162,4624875
2015-04-16,0.6588094234466553,0.6626180205976859,0.6550015072458467,4849500
2015-04-17,0.6645215749740601,0.6664258520276527,0.6588093396446507,5577375
2015-04-20,0.6607136726379395,0.6683301851751858,0.6607136726379395,11116875
2015-04-21,0.6645215749740601,0.6664258520276527,0.6550014239282174,8998875
2015-04-22,0.6588094234466553,0.6626180205976859,0.6569058271010564,2080125
2015-04-23,0.6511936783790588,0.6607138319126693,0.6511936783790588,4464750
2015-04-24,0.6454812288284302,0.6550013792245248,0.6340568015087094,5302875
2015-04-27,0.6283445954322815,0.6416726618971472,0.6188237636487568,21696375
2015-04-28,0.6035914421081543,0.6283446625719493,0.6035914421081543,15608250
2015-04-29,0.5997832417488098,0.615015622191012,0.5978789654369375,20476125
2015-04-30,0.6054956316947937,0.6226322928877768,0.6035913123302789,21097125
2015-05-05,0.6169202327728271,0.6188238290349443,0.6073993574239248,5235750
2015-05-06,0.6131117343902588,0.6264404862823554,0.6112081376898638,5484000
2015-05-07,0.6131117343902588,0.6207282917210759,0.6131117343902588,1398750
2015-05-08,0.626440167427063,0.626440167427063,0.6169200608009402,6944625
2015-05-11,0.6283445954322815,0.639769065836168,0.6245359562913175,13083750
2015-05-12,0.6283445954322815,0.6321525110637428,0.6264402758617995,7841625
2015-05-13,0.6302481293678284,0.6302481293678284,0.6245358947289571,5988375
2015-05-14,0.6321524381637573,0.6340567575146328,0.6264402036205505,5350500
2015-05-15,0.6454812288284302,0.6492891442849741,0.626440247086152,11599875
2015-05-18,0.6683300733566284,0.6721379885130733,0.6416725818520316,29946000
2015-05-19,0.6645215749740601,0.6740424069700383,0.6550014239282174,40750125
2015-05-20,0.6645215749740601,0.6664258520276527,0.6588093396446507,6469500
2015-05-21,0.6511936783790588,0.6645217486241718,0.6454814415569511,8649375
2015-05-22,0.6511936783790588,0.6569059152011667,0.6473850381578484,9661125
2015-05-25,0.6416727304458618,0.6569057990586503,0.6188238297565654,18170625
2015-05-26,0.6397690176963806,0.6492891252540567,0.6340567829242577,3916125
2015-05-27,0.6302481293678284,0.6397690027722348,0.6264402141117247,14252250
2015-05-28,0.6340567469596863,0.6454811732965434,0.6340567469596863,18509625
2015-05-29,0.6664257645606995,0.670233679777352,0.637864676781001,24763500
2015-06-01,0.6721381545066833,0.6740424743099095,0.6530971695625826,9591375
2015-06-02,0.6626178026199341,0.6778501859218657,0.6626178026199341,11380125
2015-06-03,0.6743027567863464,0.6857965854037784,0.6666406896426884,15318750
2015-06-04,0.6589781641960144,0.6762188702376285,0.6589781641960144,3040125
2015-06-05,0.6570619940757751,0.6666406261278907,0.6570619940757751,2005500
2015-06-08,0.6608937382698059,0.6647247713785797,0.6551468246557168,6837750
2015-06-09,0.6589781641960144,0.6628091990862582,0.6570622827997947,3846000
2015-06-10,0.6685559749603271,0.6704718131363997,0.6570621448013734,7122000
2015-06-11,0.6666408181190491,0.6762187678454759,0.6666408181190491,9096375
2015-06-12,0.6608937382698059,0.6743026752836863,0.6589778577644906,4489875
2015-06-15,0.6417372226715088,0.6608938030799124,0.6321592750093908,12734625
2015-06-16,0.6264123916625977,0.6379062205836156,0.6072558103113423,33029625
2015-06-17,0.6474842429161072,0.6551470395489678,0.6302435392365131,6141750
2015-06-18,0.6321591734886169,0.6493998704350786,0.6321591734886169,6555375
2015-06-19,0.6283275485038757,0.6417372582968079,0.6283275485038757,19768125
2015-06-22,0.6398214101791382,0.6398214101791382,0.6264124276032479,9071625
2015-06-23,0.6551470160484314,0.657062169211377,0.6321593976942962,8078625
2015-06-24,0.6551470160484314,0.6628090845043529,0.6494001007554554,6048750
2015-06-25,0.6513152122497559,0.6628090421003768,0.6513152122497559,4183125
2015-06-26,0.6359903216362,0.65897793600409,0.6340744409034146,6126000
2015-06-29,0.61491858959198,0.6302434089703193,0.6091716752806989,9659250
2015-06-30,0.622580885887146,0.6321595223816775,0.6072560180505505,9715125
2015-07-01,0.6321591734886169,0.647483990049562,0.6302432931031003,21762750
2015-07-02,0.6493999361991882,0.6551468500359111,0.6359902707639644,11011500
2015-07-03,0.6436529755592346,0.6551467588145504,0.6398212149336895,6836250
2015-07-06,0.6321591734886169,0.6417371196125772,0.6264122602338785,6354375
2015-07-07,0.6474842429161072,0.6494001240498463,0.6321594203702522,11753625
2015-07-08,0.6321591734886169,0.645568152481799,0.6264122602338785,10735875
2015-07-09,0.6570619940757751,0.6589778746301248,0.6244964776985985,20449125
2015-07-10,0.6551470160484314,0.6608939313414074,0.651315253918401,15914250
2015-07-13,0.6647250056266785,0.6723877596286697,0.6551470555285602,8985750
2015-07-14,0.6647250056266785,0.6723877596286697,0.6647250056266785,6671625
2015-07-15,0.6685559749603271,0.6704718131363997,0.66472494087469,6998625
2015-07-16,0.6589781641960144,0.6647250804824778,0.6551471293057706,1377000
2015-07-20,0.6608937382698059,0.6666406090661388,0.6532309441504014,4027875
2015-07-21,0.6589781641960144,0.6666409190609213,0.6589781641960144,6801750
2015-07-22,0.6532310843467712,0.657062118277761,0.6494000504157814,5025000
2015-07-23,0.6513152122497559,0.6570621271750664,0.64748417826689,7207875
2015-07-24,0.6551470160484314,0.668555999797329,0.6455683814431938,7771875
2015-07-27,0.6532310843467712,0.6589779991942625,0.64748416949928,4268250
2015-07-28,0.6493999361991882,0.653230969456375,0.6474840556196522,5984625
2015-07-29,0.6532310843467712,0.657062118277761,0.64748416949928,8646750
2015-07-30,0.6570619940757751,0.6666406261278907,0.6474840471077777,3257625
2015-07-31,0.6589781641960144,0.6628091990862582,0.6532312479095509,3702375
2015-08-03,0.6570619940757751,0.6666406261278907,0.6532309608689513,1945875
2015-08-04,0.6474842429161072,0.6589780739143501,0.6474842429161072,5857875
2015-08-05,0.6436529755592346,0.6551467588145504,0.6340743018971556,18212250
2015-08-06,0.6283275485038757,0.6513151636728717,0.6206655239273648,9116250
2015-08-07,0.6091716289520264,0.6398213081954995,0.5995929967114961,28409250
2015-08-10,0.5861842036247253,0.6091718236509667,0.580437330731494,27372750
2015-08-11,0.5919308662414551,0.6091715631850186,0.5746901692978915,26070000
2015-08-12,0.5536180138587952,0.5900153080040014,0.536377307501824,25085625
2015-08-13,0.6015087962150574,0.6053397861630307,0.5574494573884441,21307125
2015-08-14,0.5842682123184204,0.6034247942280878,0.5651116304087529,10783875
2015-08-17,0.5593647360801697,0.5804371979848629,0.5517026688192369,21893625
2015-08-18,0.5785213112831116,0.59767789222505,0.5593647303411732,22698750
2015-08-19,0.5938462018966675,0.5957620828728155,0.5785213806113583,13830375
2015-08-20,0.5995931625366211,0.6015090436585181,0.5842682972677188,12538500
2015-08-21,0.580437183380127,0.6053399075689757,0.580437183380127,25114125
2015-08-24,0.5746902823448181,0.5785213159669959,0.5651116064364419,14803125
2015-08-25,0.5919308662414551,0.5938460187248383,0.557449472354328,10564500
2015-08-26,0.5842682123184204,0.5995930753591742,0.5804372213514921,5098875
2015-08-27,0.6015087962150574,0.6053397861630307,0.5900149700160882,15686625
2015-08-28,0.5938462018966675,0.6110869041581247,0.5938462018966675,12690750
2015-09-01,0.611086905002594,0.6130027859813895,0.5976779646749026,8225625
2015-09-02,0.61491858959198,0.61491858959198,0.5995930423116953,9759750
2015-09-03,0.6130027770996094,0.6149186580506458,0.6072558621485266,2145000
2015-09-04,0.6264123916625977,0.6340744590086335,0.6130027247718514,11276625
2015-09-07,0.6302434802055359,0.6321593611598263,0.6168338121473241,4834875
2015-09-08,0.6264123916625977,0.6321593061231067,0.6225806729053782,2892000
2015-09-09,0.6366368532180786,0.6424244727348898,0.6308492337012674,9730875
2015-09-10,0.6327782869338989,0.6462829839844374,0.630849568110993,8021625
2015-09-11,0.6385655999183655,0.6443532196971089,0.6327779801396219,6639750
2015-09-14,0.6404950618743896,0.6462826817526263,0.634707441996153,8844750
2015-09-15,0.6443532705307007,0.6462827216283926,0.6404951013930588,6420750
2015-09-17,0.6559284329414368,0.6559284329414368,0.6424245182711663,12302625
2015-09-18,0.6559284329414368,0.6617160528684854,0.6501408561354294,6357000
2015-09-21,0.6385655999183655,0.6597873180245073,0.6366368820305737,15317625
2015-09-22,0.6443532705307007,0.6482121727260846,0.6404951013930588,5507625
2015-09-23,0.6327782869338989,0.6462829839844374,0.6327782869338989,8809500
2015-09-25,0.6327782869338989,0.644353532103492,0.6327782869338989,9634125
2015-09-28,0.6404950618743896,0.6424245128530341,0.6327779910175086,1107375
2015-09-29,0.6327782869338989,0.6366371906957896,0.630849568110993,3144000
2015-09-30,0.6539996862411499,0.6539996862411499,0.6269903919730789,12804000
2015-10-01,0.6443532705307007,0.6539997498403748,0.6424245524907507,3558000
2015-10-02,0.6482122540473938,0.6539998318877631,0.6443533513678923,4971000
2015-10-05,0.6539996862411499,0.6559284040935387,0.638565588197055,1578375
2015-10-06,0.6597874760627747,0.6597874760627747,0.6520704034900924,7650000
2015-10-07,0.6559284329414368,0.6597873349312712,0.6520702640093052,3098625
2015-10-08,0.6559284329414368,0.6617160528684854,0.6539997150042224,3386625
2015-10-09,0.6385655999183655,0.6559284161335556,0.6385655999183655,4807500
2015-10-12,0.6424247026443481,0.6520704511507762,0.6385657995470249,4278750
2015-10-13,0.6462826132774353,0.6501407817682453,0.6424244447866253,661500
2015-10-15,0.6597874760627747,0.6617161944125506,0.6482122768537315,6940875
2015-10-16,0.669433057308197,0.669433057308197,0.6501407915691148,7771125
2015-10-19,0.669433057308197,0.6732912258571689,0.6636454379559242,4158375
2015-10-20,0.669433057308197,0.6752206335394328,0.6675036065048962,8749875
2015-10-21,0.7080169916152954,0.7176634713045392,0.6694331857895419,38857875
2015-10-22,0.7350263595581055,0.7427426984190352,0.711875919980768,46714875
2015-10-23,0.7138044834136963,0.7369549179720002,0.7138044834136963,19290750
2015-10-26,0.7022294998168945,0.7195923212663147,0.6983713298205355,6698625
2015-10-27,0.6848664283752441,0.7195920585984189,0.6771500911991692,11663250
2015-10-28,0.6848664283752441,0.704158694309669,0.6810082597872067,33956625
2015-10-29,0.6925836205482483,0.7118758898793541,0.6906541693857032,29857500
2015-10-30,0.6887254118919373,0.7022293269631037,0.6887254118919373,17758875
2015-11-02,0.6829378604888916,0.6983712281646778,0.6810084092426131,8652750
2015-11-03,0.7099463939666748,0.7157339709106894,0.6848665057865638,19346250
2015-11-04,0.7003005743026733,0.7176633906187488,0.6983711233459866,14953500
2015-11-05,0.7273091077804565,0.7273091077804565,0.7003005469714504,25430625
2015-11-06,0.7273091077804565,0.7427425587795918,0.7234509821963861,20508375
2015-11-09,0.7408137917518616,0.7485300424074978,0.7330966786755065,15612750
2015-11-11,0.7350263595581055,0.7523891353397998,0.7350263595581054,12890250
2015-11-12,0.7369549870491028,0.7427426070114299,0.7350262691001319,5735250
2015-11-13,0.7658928632736206,0.7716804821980732,0.7523889078216152,22306500
2015-11-16,0.7523892521858215,0.7716808353919254,0.7523892521858215,12531375
2015-11-17,0.7832561135292053,0.7890437353611696,0.7620351209523731,38596125
2015-11-18,0.7697520852088928,0.7929024843071428,0.7504598128603562,36731250
2015-11-19,0.7813273668289185,0.7929025238340233,0.7504598502714325,28837875
2015-11-20,0.7986898422241211,0.8025480539434506,0.7716805491052345,11914875
2015-11-23,0.8083358407020569,0.812193966977976,0.8006187257292879,12231000
2015-11-24,0.7909728288650513,0.8141232207311507,0.7890434211245242,13182000
2015-11-25,0.7813273668289185,0.80061886396022,0.7793978721473565,12791625
2015-11-26,0.7828810214996338,0.7887089352225044,0.7751109619766728,10726125
2015-11-27,0.778995931148529,0.78676677208278,0.7712251770567818,7391625
2015-11-30,0.8197911977767944,0.8197911977767945,0.7770530511344155,9787500
2015-12-01,0.8042505979537964,0.8120206589665722,0.7887090864478853,7581750
2015-12-02,0.8042505979537964,0.8139635867217478,0.8003648292859674,4860750
2015-12-03,0.8178485631942749,0.8197914040817174,0.7984226727529695,12549750
2015-12-04,0.8236764073371887,0.8256192480580525,0.8139635063705778,15932625
2015-12-07,0.8761274814605713,0.8877832222511229,0.8120205163212548,31203375
2015-12-08,0.8761274814605713,0.8761274814605713,0.8625295079962102,16330500
2015-12-09,0.8702995777130127,0.8780703321908062,0.8664145044228947,10692375
2015-12-10,0.8722426891326904,0.8800134460232547,0.864471932242126,11401875
2015-12-11,0.850873589515686,0.876127387916767,0.8450456763214008,4868250
2015-12-14,0.8275620937347412,0.8508736616455413,0.8256191663636148,5264625
2015-12-15,0.8353321552276611,0.8644716368971136,0.8295042415252695,10788375
2015-12-16,0.8567014932632446,0.8605864792082691,0.8469878126057256,5811375
2015-12-17,0.8819552659988403,0.8819552659988403,0.8547587124811444,7722750
2015-12-18,0.8605864644050598,0.8858409568332365,0.8605864644050598,22658625
2015-12-21,0.8469880819320679,0.8586439118984468,0.8450459357119775,14491875
2015-12-22,0.8664143085479736,0.8664143085479735,0.8508734978458466,9000750
2015-12-23,0.862529456615448,0.8702995158004183,0.8605865293173207,35635875
2015-12-28,0.8838983178138733,0.8838983178138733,0.8683575023370256,7255125
2015-12-29,0.9208088517189026,0.9208088517189026,0.8838985165276072,34176000
2015-12-30,0.9285787343978882,0.9460624796559844,0.9130379169768896,18142875
2015-12-31,0.889726459980011,0.9285788559901164,0.889726459980011,15873375
2016-01-04,0.9106096029281616,0.9616037789028382,0.8911830227312634,44596500
2016-01-05,0.9227509498596193,0.9251796749029204,0.9081811180331896,25441500
2016-01-06,0.9130378365516664,0.9227508248735872,0.9106098065774824,24897600
2016-01-07,0.898468017578125,0.910609729587828,0.881470246030621,28307400
2016-01-08,0.8887550830841064,0.9008960130489916,0.857186789377236,25332300
2016-01-11,0.8887550830841064,0.8960399536960657,0.8693285009246916,20364600
2016-01-12,0.8838983178138733,0.8887551591651348,0.869328575342726,17271900
2016-01-13,0.845045804977417,0.8838982760461793,0.8401889638556604,19760400
2016-01-14,0.8061925768852234,0.8426170153703955,0.7916228362281563,28701300
2016-01-15,0.8013364672660828,0.8231910768756352,0.7964796268253519,16308300
2016-01-18,0.8231911063194275,0.8256191358353929,0.7624833341776223,21119700
2016-01-19,0.8231911063194275,0.832904005965808,0.8013364959281821,17250600
2016-01-20,0.8207624554634094,0.8401890401314601,0.8159063954834004,13383600
2016-01-21,0.8134774565696716,0.8329040381967021,0.8134774565696716,9932700
2016-01-22,0.8134774565696716,0.8304760085867793,0.8134774565696716,4877100
2016-01-26,0.8426170945167542,0.8499019655295499,0.815906335015733,22203000
2016-01-27,0.8013364672660828,0.8450456864851877,0.7794818576565302,26555100
2016-01-28,0.7794819474220276,0.8061926189658333,0.7746251064219808,13111500
2016-01-29,0.7843380570411682,0.7989077993912664,0.7794819973128894,14765700
2016-02-02,0.8061925768852234,0.8110494176317591,0.7794819067356272,15457500
2016-02-03,0.8061925768852234,0.8231911287068283,0.7940516473926943,13698900
2016-02-04,0.8061925768852234,0.8110494176317591,0.7940516473926943,14428800
2016-02-05,0.7867669463157654,0.8061927503157638,0.7819101045244117,5200800
2016-02-10,0.7867669463157654,0.7940518182114419,0.7819101045244117,1785300
2016-02-11,0.7770531177520752,0.7891948291737296,0.7721969716069563,2609400
2016-02-12,0.7721970081329346,0.7794819658565102,0.7697682836266911,21067500
2016-02-15,0.7697682976722717,0.8037646229317538,0.7649121512088429,21701400
2016-02-16,0.7600553035736084,0.7770530733260711,0.7551984629661114,21029700
2016-02-17,0.7721970081329346,0.7843380253888204,0.7600553829794715,24281100
2016-02-18,0.7940518856048584,0.7989079462256514,0.7746252983733627,8162400
2016-02-19,0.8013364672660828,0.8134773959941736,0.7940515973962319,20078100
2016-02-22,0.825619101524353,0.8329039713520239,0.806192521456402,18442800
2016-02-23,0.8231911063194275,0.8353321223242756,0.8183342657049778,12994500
2016-02-24,0.8207624554634094,0.8231912670360855,0.8037646823680348,12663600
2016-02-25,0.7964796423912048,0.8207622819044406,0.7891947723789835,14965800
2016-02-26,0.8013364672660828,0.8110493665650536,0.7794818576565302,7977300
2016-02-29,0.7843380570411682,0.8061926705663156,0.7794819973128894,12216600
2016-03-01,0.8037645220756531,0.8037645220756531,0.7819099117759981,8276700
2016-03-02,0.7964796423912048,0.8061925418799979,0.7940516129146331,12480000
2016-03-03,0.8013364672660828,0.8037644966952027,0.7964796268253519,2392800
2016-03-04,0.8134774565696716,0.8256191677843844,0.801336526937508,20172600
2016-03-07,0.7940518856048584,0.8256194059711112,0.7891950434012909,9021300
2016-03-08,0.7843380570411682,0.8086214820130859,0.7746251560019796,9070500
2016-03-09,0.7916227579116821,0.7964795981777231,0.7794818296202739,5030700
2016-03-10,0.8037645220756531,0.8086213626697483,0.7891947818758831,11924100
2016-03-11,0.8047427535057068,0.8096350675535354,0.7974046760794877,3121800
2016-03-14,0.7974045276641846,0.8120806797850536,0.7949587647410069,1836900
2016-03-15,0.792513370513916,0.7974048986359268,0.7827287396873592,6124800
2016-03-16,0.7974045276641846,0.7974045276641846,0.7851749257573946,9858900
2016-03-17,0.7876208424568176,0.794958919949949,0.7827285283643782,15141900
2016-03-18,0.7998514771461487,0.8047430054342453,0.7851753176992706,14524800
2016-03-21,0.7900665998458862,0.8022969913383959,0.7900665998458862,3420300
2016-03-22,0.7680522203445435,0.7949587615552782,0.763160607041024,13551600
2016-03-23,0.7631608247756958,0.7802828321129128,0.7582685102622359,10402800
2016-03-24,0.7729447484016418,0.7778369754029506,0.765606670330051,8529600
2016-03-25,0.7802827954292297,0.7876208732088708,0.7656066398699475,5203800
2016-03-28,0.7704987525939941,0.775390366338883,0.7558225992077122,11664000
2016-03-29,0.7729447484016418,0.7778369754029506,0.7582685047816695,4736700
2016-03-30,0.7876208424568176,0.7900666058575098,0.7729446874705546,10628400
2016-03-31,0.7876208424568176,0.7900666058575098,0.7802827649636861,4304100
2016-04-01,0.7876208424568176,0.794958919949949,0.7827285283643782,4032300
2016-04-04,0.7876208424568176,0.7974046833506413,0.7851750790561254,10364100
2016-04-05,0.785175085067749,0.790066611906585,0.7827285343572701,7972800
2016-04-06,0.785175085067749,0.790066611906585,0.7827285343572701,4535400
2016-04-07,0.7827284932136536,0.7876208070863892,0.7827284932136536,4662300
2016-04-08,0.7778369188308716,0.7876208472611593,0.7778369188308716,2084400
2016-04-11,0.7729447484016418,0.7802828264732327,0.7704988973313598,1116600
2016-04-12,0.7778369188308716,0.7802827697232669,0.7704988412929792,4050900
2016-04-13,0.7729447484016418,0.7778369754029506,0.7704988973313598,2903100
2016-04-14,0.7753904461860657,0.7802827602489438,0.7729446828001516,16657800
2016-04-15,0.7778369188308716,0.7827285331388778,0.7753904556009854,10571100
2016-04-18,0.7656065225601196,0.777836825272445,0.7607142090262868,6621600
2016-04-19,0.7411466240882874,0.7656067106618888,0.7362543093524627,21533100
2016-04-20,0.7289161086082458,0.7558226542045872,0.7240238384315669,25429200
2016-04-21,0.726470410823822,0.7313619816274747,0.6946715484441555,31587000
2016-04-22,0.7387000322341919,0.7460381977634388,0.7240239198676744,15425400
2016-04-25,0.6995638012886047,0.7411465014335625,0.6971179942326385,47622600
2016-04-26,0.6799954771995544,0.7069020285677424,0.6775496696244814,61357200
2016-04-27,0.6848875880241394,0.6897799018428953,0.6359668117096143,62436600
2016-04-28,0.6799954771995544,0.6946716348019851,0.6775496696244814,24331200
2016-04-29,0.6677658557891846,0.679995506529645,0.6653193045557894,9982200
2016-05-03,0.6702114343643188,0.6702114343643188,0.6579810434537113,5239800
2016-05-04,0.6775495409965515,0.6775495409965515,0.648197231364016,14652900
2016-05-05,0.7020095586776733,0.7069018725625373,0.6775495200970066,19105500
2016-05-06,0.6946713924407959,0.7020094686818584,0.6897798227356501,5817600
2016-05-09,0.6604275107383728,0.6946714310493681,0.6579810040664836,5417700
2016-05-10,0.6775495409965515,0.6848876184046855,0.6604275790695296,21345900
2016-05-11,0.6848875880241394,0.6922257088451571,0.6726571971227554,10365000
2016-05-12,0.6824418902397156,0.6897799680264232,0.6775495759515483,4885500
2016-05-13,0.6677658557891846,0.6824420140246387,0.6604277329330559,8487000
2016-05-16,0.6555351614952087,0.6653190000776023,0.6555351614952087,4037700
2016-05-17,0.66531902551651,0.6726571015565985,0.6579809494764215,9345000
2016-05-18,0.66531902551651,0.6726571015565985,0.6579809494764215,6134700
2016-05-19,0.6677658557891846,0.6751039349069116,0.6286289089671542,17312100
2016-05-20,0.6677658557891846,0.6702116197313505,0.6604277329330559,3366300
2016-05-23,0.709347665309906,0.709347665309906,0.6604275861175258,11026200
2016-05-24,0.7240238189697266,0.7313618959995689,0.6995637808955312,15059400
2016-05-25,0.7387000322341919,0.7435923466995346,0.7264704270075079,16575600
2016-05-26,0.726470410823822,0.7435923301344212,0.719132332934837,6712800
2016-05-27,0.721578061580658,0.7289161391148621,0.7142399840464538,6913500
2016-05-30,0.726470410823822,0.733808488712807,0.7142400185784813,3487800
2016-05-31,0.7582682967185974,0.7582682967185974,0.7240237230889814,7332600
2016-06-01,0.7460380792617798,0.7533761561486465,0.7338083885008853,2725200
2016-06-02,0.7362541556358337,0.7484845462763304,0.726470315498033,3164700
2016-06-03,0.7533761858940125,0.7533761858940125,0.7362541807688529,4882200
2016-06-06,0.7509301900863647,0.7558225030228599,0.7411463515042434,1035600
2016-06-07,0.7680522203445435,0.7778367591030796,0.7435921418613171,10565400
2016-06-08,0.7508758306503296,0.775414058033263,0.743514309781699,6048600
2016-06-09,0.731244683265686,0.7533292409850175,0.731244683265686,4782600
2016-06-10,0.731244683265686,0.7459677217452403,0.7287911067877884,2094600
2016-06-13,0.7287909984588623,0.7386060927176022,0.7263366764178116,2589900
2016-06-14,0.7238831520080566,0.733698291440897,0.7116136902100968,1441200
2016-06-15,0.7042522430419922,0.7238832259631,0.7017986663541605,3161100
2016-06-16,0.7067066431045532,0.7189753615724891,0.699345122428171,3980100
2016-06-17,0.7091600894927979,0.7165216083583168,0.7067064692615259,2061600
2016-06-20,0.6968905329704285,0.7116135686913722,0.6944369569522499,3486000
2016-06-21,0.7238831520080566,0.7238831520080566,0.7017985946553713,1462500
2016-06-23,0.7116137146949768,0.7238831769150987,0.7067065177736899,1339200
2016-06-24,0.7042522430419922,0.7140681294056218,0.694437146484514,12441300
2016-06-27,0.7067066431045532,0.7189753615724891,0.6968907995433425,4113900
2016-06-28,0.7140679955482483,0.7165215717761387,0.6993449146907872,3696600
2016-06-29,0.7263367772102356,0.7386061952126308,0.7042521758308469,4662900
2016-06-30,0.7287909984588623,0.7336981945633583,0.6919833638530201,15882900
2016-07-01,0.7214296460151672,0.7238832226919113,0.711613759695895,981600
2016-07-04,0.7263367772102356,0.7336982963773268,0.7214295804247769,3241500
2016-07-05,0.7238831520080566,0.733698291440897,0.7214295755708929,346200
2016-07-08,0.7116137146949768,0.7287911197643671,0.7091601381733916,2237400
2016-07-11,0.7116137146949768,0.7189752340658303,0.7067065177736899,7891500
2016-07-12,0.7189754247665405,0.7214297917452188,0.7091603262707495,2367300
2016-07-13,0.7287909984588623,0.7312445745720557,0.7116135962486092,1310400
2016-07-14,0.7263367772102356,0.7312446760455398,0.7189752141650291,856500
2016-07-15,0.7263367772102356,0.7386061952126308,0.7263367772102356,9203100
2016-07-18,0.7386062741279602,0.7410598508437807,0.7238832342207158,3306000
2016-07-19,0.7655987739562988,0.7655987739562988,0.7386062709729317,11806500
2016-07-20,0.7729601263999939,0.7778673665036538,0.7680522720027891,7465200
2016-07-21,0.7754138708114624,0.7778674472398429,0.7606907448728133,3559800
2016-07-22,0.7729601263999939,0.7803216447271388,0.7705058481765088,9669600
2016-07-25,0.7754138708114624,0.7754138708114624,0.7705059281486333,1023900
2016-07-26,0.7631444931030273,0.7729602917534761,0.7606908286481934,2799300
2016-07-27,0.7508758306503296,0.7680525371646324,0.7484215515795312,6480300
2016-07-28,0.755782961845398,0.7606908172187618,0.750875720765701,3387000
2016-07-29,0.7606905698776245,0.7655985114113925,0.7557827161000661,8945700
2016-08-01,0.7729601263999939,0.7754137903299342,0.7606906659194235,2176200
2016-08-02,0.7533292174339294,0.7778674386202596,0.7533292174339294,810600
2016-08-03,0.7729601263999939,0.7729601263999938,0.7508755714185588,1504200
2016-08-04,0.7729601263999939,0.7729601263999938,0.7557828115222187,1818600
2016-08-05,0.7606905698776245,0.7876831513607285,0.7582369940136837,7906800
2016-08-08,0.7582371830940247,0.7631444238018263,0.7557829045683878,7760100
2016-08-09,0.7582371830940247,0.7606907595698098,0.7533292403363712,5459400
2016-08-10,0.7508758306503296,0.7582373515189602,0.7508758306503296,4957500
2016-08-11,0.7508758306503296,0.7557830724481618,0.7484215515795312,3303900
2016-08-12,0.7582371830940247,0.7582371830940247,0.7508756638605861,1301100
2016-08-15,0.7803217768669128,0.7803217768669128,0.7582372181456762,2773800
2016-08-16,0.782775342464447,0.787683284829842,0.7729601597834527,8297400
2016-08-17,0.7729601263999939,0.7852288848307989,0.7705058481765088,7286400
2016-08-18,0.7533292174339294,0.7680523432094309,0.7533292174339294,8883300
2016-08-19,0.7386062741279602,0.7582372572730062,0.7361526974121396,6841200
2016-08-22,0.755782961845398,0.7582372405570323,0.7435142009743697,7358700
2016-08-23,0.7533292174339294,0.7582371600423734,0.7484213625817143,4936500
2016-08-24,0.7508758306503296,0.7533294076711202,0.7459678868024896,3316500
2016-08-25,0.7705059051513672,0.7705059051513672,0.7484213485368953,13067400
2016-08-26,0.7705059051513672,0.775413847667709,0.7680523287962184,19592100
2016-08-29,0.7729601263999939,0.7778673665036538,0.7680522720027891,10193700
2016-08-30,0.7778675556182861,0.7778675556182861,0.772960314321581,4727100
2016-09-01,0.812221348285675,0.8367595661795362,0.7729600943480367,20545200
2016-09-02,0.8171294331550598,0.822036586157299,0.8097679138456096,9987300
2016-09-05,0.8244909644126892,0.8293981174860408,0.8122215021171044,9428400
2016-09-06,0.8220367431640625,0.8244911099400508,0.8097680685090899,6136200
2016-09-07,0.8171294331550598,0.82449095246451,0.8146750668478488,6916800
2016-09-08,0.8220367431640625,0.8318526306555312,0.8195831661943164,8909100
2016-09-09,0.8073134422302246,0.8220364789286118,0.8048598660491563,7328400
2016-09-13,0.7855746746063232,0.8102780818063927,0.7855746746063232,2293800
2016-09-14,0.7979259490966797,0.8226300607282518,0.7880447815177235,18635400
2016-09-15,0.8176892995834351,0.8201593933626804,0.8003970528827136,18782700
2016-09-19,0.8275701403617859,0.8374521017906914,0.817688974055566,7369800
2016-09-20,0.8152190446853638,0.8374522696734324,0.8152190446853638,7813200
2016-09-21,0.8275701403617859,0.8349812138721223,0.8201590668514496,8332800
2016-09-22,0.8349813222885132,0.8374522105279095,0.8226300615826861,7731900
2016-09-23,0.8325112462043762,0.8374522276614685,0.8201591901230479,7032000
2016-09-26,0.8226300477981567,0.8325112152218008,0.8176890665249471,6134100
2016-09-27,0.8201591968536377,0.8275702715386922,0.8176891036662233,7824000
2016-09-28,0.8201591968536377,0.8374522345339726,0.8176891036662233,13460700
2016-09-29,0.8152190446853638,0.8325112879684688,0.8152190446853638,12820200
2016-09-30,0.8201591968536377,0.8251001783512778,0.8127481221685832,4958700
2016-10-04,0.8176892995834351,0.8275704698234185,0.8152192058041897,3816300
2016-10-05,0.8102779984474182,0.8176890728532008,0.8078079053530844,7615200
2016-10-06,0.807807981967926,0.8176891504052008,0.8028670001878602,5710200
2016-10-07,0.8201591968536377,0.8226300851638635,0.8053370474835286,6765300
2016-10-10,0.8226300477981567,0.8300411221465837,0.807807899101303,9808200
2016-10-11,0.8152190446853638,0.825100212972446,0.8152190446853638,6668700
2016-10-12,0.8325112462043762,0.8349813393715199,0.8152190037887607,13707000
2016-10-13,0.8448634147644043,0.8473335082603974,0.8226301879317334,6977100
2016-10-14,0.8374520540237427,0.8423923276806895,0.8325110735911158,10137300
2016-10-17,0.8251001238822937,0.8423924536452431,0.8226300308579426,8440500
2016-10-18,0.8226300477981567,0.8300411221465837,0.8201591596001642,7890900
2016-10-19,0.8300409317016602,0.8300409317016602,0.8250999515621109,870300
2016-10-20,0.8201591968536377,0.830041159848918,0.815219010478809,6716400
2016-10-21,0.8152190446853638,0.8226301196813867,0.8127481562714596,9418500
2016-10-24,0.8176892995834351,0.8226302822649278,0.8152192058041897,9615900
2016-10-25,0.8201591968536377,0.8399223277213869,0.8176891036662233,13034700
2016-10-26,0.8226300477981567,0.8325112152218008,0.8152189734497299,5577300
2016-10-27,0.8226300477981567,0.8226300477981567,0.8152189734497299,12497100
2016-10-28,0.8251001238822937,0.8325111980781063,0.8176890496864813,1401600
2016-10-31,0.8275701403617859,0.8325111210762387,0.8152188812596823,7912800
2016-11-01,0.8325112462043762,0.8349813393715199,0.8176890969559043,5715300
2016-11-02,0.8275701403617859,0.8349812138721223,0.8226299547700187,7656000
2016-11-03,0.8201591968536377,0.8275702715386922,0.8176891036662233,8178600
2016-11-04,0.8152190446853638,0.8226301196813867,0.800396894693318,9237300
2016-11-07,0.8102779984474182,0.815218979758867,0.8078079053530844,11884800
2016-11-08,0.8176892995834351,0.8226302822649278,0.8127483169019424,8190000
2016-11-09,0.8102779984474182,0.815218979758867,0.7905148683244041,5541000
2016-11-10,0.8201591968536377,0.8226300851638635,0.8127481221685832,13656000
2016-11-11,0.8152190446853638,0.8226301196813867,0.8127481562714596,10793100
2016-11-14,0.8201591968536377,0.8201591968536377,0.8102780289811689,8524200
2016-11-15,0.8201591968536377,0.8226300851638635,0.8127481221685832,5599800
2016-11-16,0.8399225473403931,0.8423927295206781,0.8127483346822038,9624000
2016-11-17,0.8374520540237427,0.8423923276806895,0.8300409809361223,4704900
2016-11-18,0.8349813222885132,0.8374522105279095,0.8300411360552978,3578700
2016-11-21,0.8399225473403931,0.8423927295206781,0.834981564550808,2958000
2016-11-22,0.8152190446853638,0.8448633446694553,0.8053370812754367,6930600
2016-11-23,0.8349813222885132,0.874507582890968,0.8349813222885132,25474500
2016-11-24,0.8473333120346069,0.8522742930052697,0.8374521452160081,12281100
2016-11-25,0.8473333120346069,0.8522742930052697,0.8374521452160081,9337800
2016-11-28,0.8498034477233887,0.8522742472905838,0.8423923742262764,7256700
2016-11-29,0.8423923254013062,0.8522741978928613,0.8399221444060366,7600200
2016-11-30,0.8423923254013062,0.8522741978928613,0.8325110713384695,15579900
2016-12-01,0.8325112462043762,0.8423925023427341,0.8300411530372326,9832500
2016-12-02,0.8176892995834351,0.8399225289656493,0.8152192058041897,7379700
2016-12-05,0.8201591968536377,0.8275702715386922,0.815219010478809,11273100
2016-12-06,0.8152190446853638,0.825100212972446,0.8152190446853638,9212700
2016-12-07,0.8152190446853638,0.8226301196813867,0.8078079696893409,12041700
2016-12-08,0.8152190446853638,0.8226301196813867,0.8127481562714596,9971700
2016-12-09,0.8152190446853638,0.8176891379764231,0.8127481562714596,8687100
2016-12-13,0.8152191638946533,0.8226982314311395,0.8152191638946533,4037700
2016-12-14,0.810232937335968,0.8177120056657293,0.810232937335968,13759200
2016-12-15,0.807739794254303,0.8152188589935339,0.807739794254303,1488600
2016-12-16,0.822698175907135,0.8351627526816028,0.8102327967150614,13275900
2016-12-19,0.822698175907135,0.830177242938858,0.815219108875412,6307200
2016-12-20,0.8276834487915039,0.8276834487915039,0.8202043839000668,9737100
2016-12-21,0.822698175907135,0.8326699978102304,0.8202046186181567,5010900
2016-12-22,0.8127254247665405,0.8226980475310864,0.8077399158017482,1326600
2016-12-23,0.8152191638946533,0.8202046739738708,0.8127256064373846,565500
2016-12-27,0.8052464127540588,0.8177117908346437,0.8052464127540588,1020900
2016-12-28,0.8127254247665405,0.8177117361488135,0.8027536044194752,1719300
2016-12-29,0.8202044367790222,0.8226979935151795,0.8152189281415636,8735100
2016-12-30,0.8276834487915039,0.8276834487915039,0.8052462541171925,4689600
2017-01-03,0.8276834487915039,0.8276834487915039,0.8127253190086297,1981800
2017-01-04,0.8476278185844421,0.8501206616919538,0.8301769360995933,16079100
2017-01-05,0.8575999140739441,0.8600933818307498,0.8501208481660028,8384100
2017-01-06,0.8600935935974121,0.867572661346801,0.8401491454598139,11300700
2017-01-09,0.8600935935974121,0.87006550561489,0.8576001252266808,7458300
2017-01-10,0.8600935935974121,0.8650791929760697,0.8576001252266808,4154700
2017-01-11,0.8775442838668823,0.8800370381551041,0.860093309857003,16031100
2017-01-12,0.8875162601470947,0.8925025720213959,0.8775444388160522,12336300
2017-01-13,0.8775442838668823,0.892502414431049,0.8750514404211698,7086000
2017-01-16,0.8775442838668823,0.8850233491489657,0.8750514404211698,4364400
2017-01-17,0.8825304508209229,0.8825304508209229,0.8775442292946326,4643100
2017-01-18,0.8850235342979431,0.8850235342979431,0.8800372222609335,6422700
2017-01-19,0.9074606895446776,0.9124470013328092,0.8875162448096977,10617450
2017-01-20,0.8675723075866699,0.91743229313082,0.8675723075866698,9541050
2017-01-23,0.8875162601470947,0.9074607052267398,0.8725581269417509,5887050
2017-01-24,0.9024741053581238,0.9124467259242992,0.8725578484942051,13463700
2017-01-25,0.8775442838668823,0.9074605449952158,0.8775442838668823,10822650
2017-01-26,0.8974885940551758,0.8974885940551758,0.8825303765230247,8754750
2017-01-27,0.8875162601470947,0.8974888838956973,0.8825306615328468,652050
2017-01-31,0.8875162601470947,0.8974888838956973,0.8825306615328468,2761350
2017-02-02,0.8825304508209229,0.8974886696123668,0.8825304508209229,8708550
2017-02-03,0.9024741053581238,0.9124467259242992,0.8875159769261645,18034050
2017-02-06,0.9124467968940736,0.9124467968940736,0.8974886672986764,8399550
2017-02-07,0.9074606895446776,0.9174325107033948,0.9024743777565464,7119300
2017-02-08,0.9124467968940736,0.9124467968940736,0.9024741755522312,2799600
2017-02-10,0.9174324870109558,0.9174324870109558,0.9074606661097584,5926950
2017-02-13,0.9373769760131836,0.9373769760131836,0.912447021360422,12824400
2017-02-14,0.9423630237579346,0.952334842340336,0.9373767132580644,7952100
2017-02-15,0.9423630237579346,0.947348620997948,0.9373767132580644,6897150
2017-02-16,0.9224187135696412,0.9423631559495232,0.9124468935884256,11363400
2017-02-17,0.9224187135696412,0.9323905335508564,0.9124468935884256,5530500
2017-02-20,0.9323905110359192,0.9423631331937716,0.9224186912954986,2714850
2017-02-21,0.9274052381515504,0.9373770604271384,0.9224189258049384,7529250
2017-02-22,0.9423630237579346,0.947348620997948,0.9274048946756628,10493100
2017-02-23,0.9523350596427916,0.9772651021534484,0.9323906155097552,21600750
2017-02-24,0.9523350596427916,0.9722795037758284,0.9523350596427916,16365900
2017-02-27,0.9523350596427916,0.9672932812956913,0.9523350596427916,12530400
2017-02-28,0.9523350596427916,0.9573213712804312,0.9473488371626544,5546850
2017-03-01,0.9573213458061218,0.9623069440510752,0.9423632137087604,8749050
2017-03-02,0.987238109111786,0.997209933845022,0.9573217433367072,40761300
2017-03-03,0.9822513461112976,0.9922231662819696,0.9772650348172284,17905500
2017-03-06,0.9822513461112976,0.9872376574053668,0.9573213053183884,12538500
2017-03-07,0.987238109111786,0.987238109111786,0.9672936572274804,8948550
2017-03-08,0.9922230839729308,1.002195705733799,0.9772649537490292,14751450
2017-03-09,0.9822513461112976,0.9922231662819696,0.9772650348172284,10836600
2017-03-10,0.9822513461112976,0.9822513461112976,0.9722794367831294,7177500
2017-03-13,0.9672934412956238,0.9872378887276698,0.9672934412956236,10968450
2017-03-14,0.9623070359230042,0.9722795707274948,0.9573214372020732,11571000
2017-03-15,0.961300492286682,0.966333745849515,0.9462015415697904,10900500
2017-03-16,0.9663337469100952,0.9713662805036896,0.951234796176632,11898300
2017-03-17,0.9763998985290528,0.9763998985290528,0.9512351512404904,7515600
2017-03-20,0.97136652469635,0.9763997795300212,0.9613007350039512,5750850
2017-03-21,0.9914983510971068,0.9965316039867052,0.9613003637056816,17730600
2017-03-22,0.986465334892273,0.9914985889895108,0.9763996366694904,5803950
2017-03-23,1.0267294645309448,1.0468609454206346,0.981432530067976,27584850
2017-03-24,1.0166629552841189,1.046860941477977,1.0166629552841189,5955150
2017-03-27,1.0367953777313232,1.04686116528866,1.021696426404772,17907450
2017-03-28,1.0518944263458252,1.0569276805774062,1.0267297751313498,17347500
2017-03-29,1.0216962099075315,1.051894106161706,1.0216962099075315,18913500
2017-03-30,1.031761884689331,1.041828389886935,1.026729442061981,13391550
2017-03-31,1.0267294645309448,1.0418284126863244,1.0267294645309448,4760100
2017-04-03,1.0367953777313232,1.04686116528866,1.0267296801708354,7941450
2017-04-04,1.0418286323547363,1.0518943299235075,1.021696427245554,9388350
2017-04-05,1.0468612909317017,1.0619602440704117,1.04182875653643,27389700
2017-04-06,1.0518944263458252,1.0720266333004345,1.041828727854378,19332600
2017-04-07,1.0267294645309448,1.0518941081327544,1.0065972636666154,16643400
2017-04-10,1.031761884689331,1.041828389886935,1.0166629368643771,6843600
2017-04-11,1.0367953777313232,1.041828631497387,1.0267296801708354,14274750
2017-04-12,1.031761884689331,1.031761884689331,1.026729442061981,7632600
2017-04-13,0.9914983510971068,1.0317619442993968,0.9763994023998108,14609700
2017-04-14,0.956267476081848,0.9965318908460576,0.9512349417182616,22363950
2017-04-17,1.0015641450881958,1.0065973984712042,0.961300457942021,16728000
2017-04-18,1.0267294645309448,1.0267294645309448,1.0015640109576658,8184900
2017-04-19,1.0418286323547363,1.0418286323547363,1.0116307296767828,9667050
2017-04-20,1.0267294645309448,1.0418284126863244,1.0267294645309448,8508900
2017-04-21,1.0518944263458252,1.0569276805774062,1.0267297751313498,6457500
2017-04-25,1.0569275617599487,1.0569275617599487,1.041828610734311,6446850
2017-04-26,1.0669935941696167,1.0669935941696167,1.0367955951860186,11888250
2017-04-27,1.0669935941696167,1.072026758994474,1.0569278045011088,5469600
2017-04-28,1.0518944263458252,1.0569276805774062,1.0468612621111015,1617450
2017-05-02,1.0619603395462036,1.0619603395462036,1.0468613850500188,2979900
2017-05-03,1.0518944263458252,1.0619602148341298,1.0468612621111015,8381550
2017-05-04,1.0216962099075315,1.0569273588612245,1.0065972617804446,7166850
2017-05-05,1.0367953777313232,1.041828631497387,1.021696426404772,3829050
2017-05-08,1.0367953777313232,1.04686116528866,1.0317621239652597,8608650
2017-05-09,1.0619603395462036,1.0669935943688684,1.036795595379631,8715150
2017-05-11,1.0669935941696167,1.082092548662982,1.0569278045011088,11708100
2017-05-12,1.082092046737671,1.087125299224736,1.0669930992479093,8757000
2017-05-15,1.10725736618042,1.10725736618042,1.0820927083029008,13227150
2017-05-16,1.0971910953521729,1.1223557401639788,1.0871253994217522,12376500
2017-05-17,1.092157959938049,1.1223558609506847,1.087125516417007,18703200
2017-05-18,1.082092046737671,1.0971909942274325,1.0720262617381484,13007700
2017-05-19,1.0971910953521729,1.1022243483031375,1.0820921464707876,8929650
2017-05-22,1.092157959938049,1.107256910444367,1.0770590094317314,7065750
2017-05-23,1.0468612909317017,1.0971914047179798,1.04182875653643,18556950
2017-05-24,1.072026610374451,1.0770591445235502,1.0518944038503817,13998000
2017-05-25,1.0468612909317017,1.0720266628138495,1.0468612909317017,3728100
2017-05-26,1.0619603395462036,1.0619603395462036,1.041828850202296,7356750
2017-05-29,1.0367953777313232,1.0619601166152113,1.0367953777313232,4268100
2017-05-31,1.0267294645309448,1.0418284126863244,1.0216962118219952,9615900
2017-06-01,1.0216962099075315,1.0367951580346189,1.0166629572080137,8547900
2017-06-02,1.0669935941696167,1.0669935941696167,1.0267298955143784,9991950
2017-06-05,1.087125539779663,1.087125539779663,1.0569275481212197,11915850
2017-06-06,1.0881425142288208,1.108481889216222,1.0678038666250906,9477600
2017-06-07,1.0881425142288208,1.0881425142288208,1.0728881875649272,2639700
2017-06-08,1.0728877782821655,1.0881420991268758,1.0678034592818832,4666050
2017-06-09,1.0678036212921145,1.077972988218998,1.06271857413692,3152400
2017-06-13,1.0423791408538818,1.0576335540144617,1.0271248186162347,20249400
2017-06-14,1.0525493621826172,1.0627186388053829,1.0474643147179885,12180450
2017-06-15,1.032210111618042,1.0627187633688129,1.032210111618042,7356000
2017-06-16,1.0271248817443848,1.0423792049195784,1.0220406528902823,5811900
2017-06-19,1.0169557332992554,1.0372951061864173,1.0067864560089477,4734300
2017-06-20,1.032210111618042,1.032210111618042,1.0169557857426568,14534100
2017-06-21,1.062718152999878,1.0678031981399554,1.0322095187716482,16402950
2017-06-22,1.0881425142288208,1.0983126108758363,1.0627188183015828,22657800
2017-06-23,1.0881425142288208,1.0983126108758363,1.0830581932889842,7881450
2017-06-28,1.077973246574402,1.0932275733895118,1.0678038772102485,3121200
2017-06-29,1.0830577611923218,1.0881420801037187,1.062718394319513,4278150
2017-06-30,1.0728877782821655,1.0830577801265937,1.0678034592818832,5905950
2017-07-03,1.0728877782821655,1.0830577801265937,1.0678034592818832,10323150
2017-07-04,1.0830577611923218,1.0881420801037187,1.067803440614291,7057200
2017-07-05,1.1033965349197388,1.1135666287465773,1.083057892955935,9217800
2017-07-06,1.118651032447815,1.1288211278665037,1.0983124782235003,13949400
2017-07-07,1.118651032447815,1.1288211278665037,1.1084817553356576,5863650
2017-07-10,1.118651032447815,1.1237360801571594,1.113566803045002,8892450
2017-07-11,1.1033965349197388,1.1237359042670123,1.1033965349197388,8935950
2017-07-12,1.1796680688858032,1.1796680688858032,1.1033963767284845,19415400
2017-07-13,1.2203470468521118,1.2254312757513697,1.1847533530250562,16245900
2017-07-14,1.1949225664138794,1.2356013053115982,1.1796682439038368,9591750
2017-07-17,1.2152622938156128,1.2305166208187843,1.1898385973229153,10625850
2017-07-18,1.2406854629516602,1.2508555562473582,1.2152618663251364,12793050
2017-07-19,1.261024832725525,1.2661098793793777,1.2305161894151322,12267750
2017-07-20,1.2457709312438965,1.2610252580440715,1.2305166044437217,5919900
2017-07-21,1.2356014251708984,1.2661100731504698,1.2305163777388075,12853500
2017-07-24,1.2152622938156128,1.2508559962585626,1.210177245379006,4218000
2017-07-25,1.2457709312438965,1.2661103064130093,1.220347326012484,13326000
2017-07-26,1.261024832725525,1.2661098793793777,1.2457705110703283,6997200
2017-07-27,1.286448955535889,1.2915340039101129,1.2610252593550848,7501350
2017-07-28,1.2966188192367554,1.311873143311056,1.2762794477021908,14831100
2017-07-31,1.3017030954360962,1.311873190724187,1.2864487708104806,14635500
2017-08-01,1.2559399604797363,1.3118730224710264,1.2457705938794832,5488050
2017-08-02,1.291533589363098,1.3017028645408486,1.2559398987814083,8858250
2017-08-03,1.2966188192367554,1.311873143311056,1.2915337717764914,7429800
2017-08-04,1.291533589363098,1.2966186361051613,1.271194220701222,4038000
2017-08-07,1.2762794494628906,1.2966188210255143,1.2711944019956116,7442700
2017-08-08,1.286448955535889,1.296619052284337,1.266110307729309,7013100
2017-08-09,1.261024832725525,1.2864485203049942,1.2559398769946013,5064300
2017-08-10,1.2203470468521118,1.2610249695784252,1.2152619996464038,11742300
2017-08-11,1.1949225664138794,1.2254312114339647,1.144075279328408,33132000
2017-08-14,1.2050929069519043,1.2356015582165505,1.1898384903966286,9996000
2017-08-15,1.2457709312438965,1.2661103064130093,1.205092999212309,18177000
2017-08-16,1.250855565071106,1.2661098868158989,1.2406854717036664,11783400
2017-08-17,1.286448955535889,1.2915340039101129,1.2559403019038204,11316450
2017-08-18,1.2661101818084717,1.276279550161848,1.2610251339399805,3859200
2017-08-21,1.2661101818084717,1.2813645071073887,1.2559401769944398,5443650
2017-08-22,1.2711942195892334,1.281364222141533,1.255939897682764,10577850
2017-08-23,1.2966188192367554,1.347466111536373,1.2915337717764914,31384050
2017-08-24,1.322042465209961,1.3271275128444069,1.311873188247589,19763550
2017-08-25,1.3067879676818848,1.3474659793777932,1.3067879676818848,14296950
2017-08-28,1.33221173286438,1.3372967804632971,1.311873179081738,7001850
2017-08-29,1.311872959136963,1.3271272810697063,1.3017028656442164,5976900
2017-08-30,1.291533589363098,1.327127279944788,1.291533589363098,8317650
2017-09-05,1.2966188192367554,1.306788095850792,1.2864487243162277,14309550
2017-09-06,1.2762794494628906,1.2915337735582355,1.2711944019956116,3701400
2017-09-07,1.286448955535889,1.3017032823519228,1.281364634545343,8370300
2017-09-08,1.2966188192367554,1.2966188192367554,1.2813644042395114,3570600
2017-09-11,1.291533589363098,1.3067879112829115,1.2813642232624174,4690500
2017-09-12,1.250855565071106,1.3017028496057677,1.2457705183873862,20209050
2017-09-13,1.2661101818084717,1.286448827592274,1.2610251339399805,16306950
2017-09-14,1.2711942195892334,1.281364222141533,1.2610248534974482,6025200
2017-09-15,1.2457709312438965,1.2711946273982688,1.235601652812659,20266950
2017-09-18,1.2807472944259644,1.2910342277369375,1.2498859426485454,12366900
2017-09-19,1.2653167247772217,1.2858905011525237,1.2601728897935096,9169800
2017-09-20,1.260172963142395,1.2910344112814245,1.255029127859284,13181250
2017-09-21,1.2858903408050537,1.2910341751473418,1.2601727326529644,8518500
2017-09-25,1.27046000957489,1.2858906890135386,1.2550292381621373,9692400
2017-09-26,1.229311466217041,1.2704597524438046,1.1881631799902777,45765000
2017-09-27,1.229311466217041,1.2344553009111652,1.2138807899014403,7483350
2017-09-28,1.224167823791504,1.2447423380326752,1.2190248160563877,9508500
2017-09-29,1.3064647912979126,1.3064647912979126,1.2241674924042518,31514250
2017-10-02,1.3116087913513184,1.3116087913513184,1.2704597688020407,8881050
2017-10-03,1.337326169013977,1.337326169013977,1.296177886583697,14014800
2017-10-04,1.337326169013977,1.35275684390589,1.316751659902528,13520400
2017-10-05,1.337326169013977,1.3424700032335133,1.3270393283416002,4322400
2017-10-06,1.347612977027893,1.347612977027893,1.3321823025099315,4549050
2017-10-09,1.337326169013977,1.347613009686354,1.332182334794441,3790200
2017-10-10,1.327039361000061,1.3424700362717232,1.327039361000061,3573450
2017-10-11,1.3527568578720093,1.3527568578720093,1.3270393420422069,8226600
2017-10-12,1.337326169013977,1.35275684390589,1.332182334794441,6234150
2017-10-13,1.3630439043045044,1.3630439043045044,1.3321824596540923,8107500
2017-10-16,1.429910659790039,1.4504851739296167,1.3579010099777646,26821800
2017-10-17,1.4196237325668335,1.4504850880658644,1.404193054817318,19774500
2017-10-19,1.4504848718643188,1.4504848718643188,1.4196235209653163,15692100
2017-10-20,1.440197467803955,1.455628238064164,1.4247667895178435,16668750
2017-10-23,1.4556280374526978,1.4607717801206972,1.4401972693191234,17132850
2017-10-24,1.4504848718643188,1.455627970477083,1.4196235209653163,8861400
2017-10-25,1.4556280374526978,1.4762025482542716,1.4350542624438023,17714400
2017-10-26,1.3939054012298584,1.4504851055028185,1.3887623017886637,18837000
2017-10-27,1.4144797325134275,1.424766573891718,1.3939052219900945,7651500
2017-10-30,1.460771918296814,1.460771918296814,1.414479885439528,10502550
2017-10-31,1.4453412294387815,1.465915742026536,1.4350543870283223,7659300
2017-11-01,1.440197467803955,1.455628238064164,1.42991062486884,5193450
2017-11-02,1.440197467803955,1.4453413031549516,1.4247667895178435,2240250
2017-11-03,1.4350543022155762,1.4453411440180757,1.4196236256284336,4376100
2017-11-06,1.4659159183502195,1.486489697619892,1.435054559639932,12449850
2017-11-07,1.496776819229126,1.5122074929161775,1.4659153798809528,11289450
2017-11-08,1.476202368736267,1.517350557568703,1.4659154364957503,10307700
2017-11-09,1.491633057594299,1.5019198979612571,1.4762023831605269,14335500
2017-11-10,1.4864894151687622,1.4967770846286983,1.46077180507839,16461750
2017-11-13,1.476202368736267,1.4916330430192637,1.4607716024791972,11550750
2017-11-14,1.4556280374526978,1.4813462909222712,1.450484938603292,7865550
2017-11-15,1.4556280374526978,1.4659156147627816,1.450484938603292,6780900
2017-11-16,1.4659159183502195,1.4710590182647485,1.4556283389096043,10337250
2017-11-17,1.4556280374526978,1.4762025482542716,1.4556280374526978,32519550
2017-11-20,1.491633057594299,1.5070637320280715,1.4401971082520932,29993400
2017-11-21,1.4556280374526978,1.5019200659311664,1.4556280374526978,27359850
2017-11-22,1.496776819229126,1.5019198252803894,1.4607715460630586,29224350
2017-11-23,1.5687870979309082,1.5739308419128737,1.4813466693312864,42383550
2017-11-24,1.5533559322357178,1.584217282790657,1.5533559322357178,16666200
2017-11-27,1.6099350452423096,1.6150787881091868,1.553356081084781,14285100
2017-11-28,1.697375774383545,1.7333801280904897,1.6099347376286517,28196100
2017-11-29,1.702519416809082,1.7230940241389747,1.6768018014654522,14805900
2017-11-30,1.666515231132507,1.6973765936435894,1.6202230034176537,29999100
2017-12-04,1.666515231132507,1.6768019840730737,1.6150792590509095,8250600
2017-12-05,1.6047921180725098,1.671658027113048,1.5996483743599217,11833050
2017-12-06,1.5739305019378662,1.6459401429077751,1.568786759066969,16986000
2017-12-07,1.6305092573165894,1.651083858268789,1.5842172329408304,24465900
2017-12-08,1.6562267541885376,1.6665144218745738,1.6305091485326462,11231250
2017-12-11,1.7076627016067505,1.7128066279788845,1.651083926269139,9974550
2017-12-12,1.717949628829956,1.7230935551847826,1.7076626958611043,6304050
2017-12-13,1.7195032835006714,1.7298615439814815,1.7039656149440268,8578950
2017-12-14,1.7195032835006714,1.7298615439814815,1.7039656149440268,5195550
2017-12-15,1.7402206659317017,1.7557583355649071,1.7039657330069573,9790500
2017-12-18,1.7816542387008667,1.786833647055054,1.7350412305258478,11676900
2017-12-19,1.7764747142791748,1.7920123842757114,1.7712960466179064,13476450
2017-12-20,1.7868332862854004,1.802370952539949,1.771295620030852,9298950
2017-12-21,1.766116976737976,1.7868340592630982,1.760937381965269,8754450
2017-12-22,1.766116976737976,1.7764750549413564,1.766116976737976,3156000
2017-12-26,1.7453986406326294,1.771295302079141,1.7350405687694137,6928050
2017-12-27,1.771296143531799,1.776474811476411,1.7246831309918262,6582900
2017-12-28,1.7816542387008667,1.7816542387008667,1.7609369757313769,6413700
2017-12-29,1.760936975479126,1.781654238445648,1.760936975479126,9015000
2018-01-02,1.7764747142791748,1.786833716614443,1.7557583766213698,9450450
2018-01-03,1.8541630506515503,1.8645220518759555,1.7712958566703494,23878800
2018-01-04,1.9370315074920652,1.9525691800092773,1.85934295968234,13445400
2018-01-05,1.9111347198486328,1.9318510516316767,1.9111347198486328,4345800
2018-01-08,1.9681066274642944,1.978464704177274,1.9163140212156484,10116300
2018-01-09,1.8904184103012085,1.968106962450028,1.8904184103012085,13692000
2018-01-10,1.8023713827133176,1.9163139253275765,1.7764747104375151,36671700
2018-01-11,1.7143244743347168,1.83862605143702,1.6987868003498896,39918900
2018-01-12,1.766116976737976,1.7712963862870108,1.688428426633867,29995200
2018-01-15,1.698786377906799,1.781654322332855,1.6832487077857785,27652950
2018-01-16,1.7195032835006714,1.74022054535677,1.6987862068681925,12807900
2018-01-17,1.7195032835006714,1.7246828768001254,1.7039656149440268,7072500
2018-01-18,1.7453986406326294,1.7505782322349144,1.7246823116826384,9726750
2018-01-19,1.7920124530792236,1.802371455812221,1.7453994412999283,14684850
2018-01-22,1.7868332862854004,1.8230874704321625,1.7816538789769587,8958900
2018-01-23,1.771296143531799,1.807550338393373,1.771296143531799,8325000
2018-01-24,1.7816542387008667,1.786833647055054,1.771295977663381,3329400
2018-01-25,1.7764747142791748,1.7816543080586271,1.7609370442826382,8862000
2018-01-26,1.7764747142791748,1.7816543080586271,1.7609370442826382,3703500
2018-01-29,1.771296143531799,1.786833814378457,1.7661167346926,4813500
2018-01-30,1.7091450691223145,1.8282669998033372,1.7091450691223145,20800650
2018-02-02,1.641814947128296,1.7453992193534424,1.626277278510981,25874400
2018-02-05,1.6210981607437134,1.6366358321437309,1.5434096185199742,34650000
2018-02-06,1.6210981607437134,1.6210981607437134,1.54858912015546,32369400
2018-02-07,1.7091450691223145,1.7246827364142223,1.6573524743687456,42832650
2018-02-08,1.7091450691223145,1.7246827364142223,1.6884278089525615,8828400
2018-02-09,1.729861617088318,1.729861617088318,1.626277340889996,14065650
2018-02-12,1.6625325679779053,1.7505791905935109,1.6418153015684045,10144350
2018-02-13,1.7143244743347168,1.7195038842200103,1.662532783389679,11187750
2018-02-14,1.7143244743347168,1.7298621483195442,1.6987868003498896,3773400
2018-02-19,1.807549834251404,1.81272924164602,1.7712956495014494,5126400
2018-02-20,1.807549834251404,1.81272924164602,1.7816539086198957,5520300
2018-02-21,1.7920124530792236,1.8179091264053195,1.781654376464446,8386950
2018-02-22,1.7816542387008667,1.7971919080925396,1.7764746451230498,3964950
2018-02-23,1.7868332862854004,1.7971915452315073,1.7661162127224104,6041400
2018-02-26,1.771296143531799,1.7920124823230688,1.7661167346926,3755550
2018-02-27,1.7868332862854004,1.792011952699473,1.7661162127224104,5792400
2018-02-28,1.7505788803100586,1.7868336270415184,1.745399286790256,5890800
2018-03-01,1.7453986406326294,1.7661158957004153,1.7453986406326296,5940600
2018-03-02,1.7039653062820437,1.7402202301274483,1.6625319014169495,19616550
2018-03-05,1.5744847059249878,1.7143239110656687,1.553768369756294,24086250
2018-03-06,1.6625325679779053,1.6780702399495406,1.6107399576251342,20556000
2018-03-07,1.6055597066879272,1.6521728887667702,1.6055597066879272,17067450
2018-03-08,1.6055597066879272,1.6418146302447418,1.5952016333894836,6779100
2018-03-09,1.641814947128296,1.641814947128296,1.6003813493724095,15574650
2018-03-12,1.6677106618881226,1.6677106618881226,1.6314564768886517,9469050
2018-03-13,1.623343586921692,1.6703213377959587,1.623343586921692,11486250
2018-03-14,1.6181232929229736,1.6233434158158724,1.5920249185341022,12900300
2018-03-15,1.60768461227417,1.612904549939278,1.5920253592979068,10570200
2018-03-16,1.6598814725875854,1.6598814725875854,1.597244492240258,19570050
2018-03-19,1.633783221244812,1.64944247461101,1.618123781205589,6850350
2018-03-20,1.5554866790771484,1.6285637506397117,1.5554866790771484,15690750
2018-03-21,1.4876304864883425,1.5868052922351508,1.471971232946862,27917100
2018-03-22,1.5241680145263672,1.560706546481509,1.4928495128586674,14616300
2018-03-23,1.4563117027282717,1.4824101736628852,1.440652452161811,22635450
2018-03-26,1.477190375328064,1.477190375328064,1.4302125258867284,15344100
2018-03-27,1.5085086822509766,1.5189487422622214,1.49284943226254,16893900
2018-03-28,1.4719709157943726,1.4980694794005875,1.4563116656268515,5196750
2018-03-29,1.4615310430526731,1.4719711045218775,1.451091821612017,5584800
2018-03-30,1.4354326725006104,1.4771904946264944,1.4354326725006104,15369450
2018-04-02,1.4719709157943726,1.4980694794005875,1.43543238539401,6637200
2018-04-03,1.3310376405715942,1.471970992787452,1.3205975798948744,24850050
2018-04-04,1.247521162033081,1.3780152831476815,1.2423011321128632,20007750
2018-04-05,1.3780152797698977,1.3884544995563275,1.2840596882702913,17486700
2018-04-06,1.372795343399048,1.3884545941598567,1.3362568116143363,7493700
2018-04-09,1.414553165435791,1.4458716671053258,1.3466968785009528,17761650
2018-04-10,1.5293879508972168,1.5293879508972168,1.4093337952131453,32164425
2018-04-11,1.6129043102264404,1.675541499495258,1.5815858089285275,24795800
2018-04-12,1.5580968856811523,1.6285635114634405,1.53460801042039,14468800
2018-04-13,1.6207338571548462,1.636393107046353,1.573756107480325,14084200
2018-04-16,1.5972450971603394,1.62856359919517,1.581585846142924,7674500
2018-04-17,1.5346084833145142,1.6050751308113071,1.4954602524797735,12371000
2018-04-18,1.5032895803451538,1.5424378033769073,1.4876303284670538,9100400
2018-04-19,1.4798007011413574,1.5111192048682105,1.4641414492779308,10857800
2018-04-20,1.3858449459075928,1.4641412900461588,1.3780153208273855,15528800
2018-04-23,1.3310376405715942,1.3858450190246785,1.3153782962485006,11291600
2018-04-24,1.4484820365905762,1.4563116616529717,1.2997189737320742,22064800
2018-04-25,1.3936748504638672,1.4563119570027476,1.3701859705129789,15077500
2018-04-26,1.3858449459075928,1.4249931646451224,1.3780153208273855,5550900
2018-04-27,1.4015042781829834,1.4171635292608828,1.3936746526440338,5065700
2018-04-30,1.3466966152191162,1.3936743585391769,1.323207743559086,6598700
2018-05-02,1.4171632528305054,1.432822594190409,1.3545262607368136,11267900
2018-05-03,1.4563117027282717,1.4876302038611928,1.409333857692394,13016500
2018-05-04,1.4328230619430542,1.4798008213494604,1.4328230619430542,6903700
2018-05-07,1.4015042781829834,1.46414137583108,1.4015042781829834,10460500
2018-05-08,1.4406524896621704,1.4641413661232796,1.378015392429381,9970600
2018-05-14,1.5502673387527466,1.589415466161049,1.4719709905996434,20077600
2018-05-15,1.6285637617111206,1.6520526405812217,1.5737563776808852,19380000
2018-05-16,1.573756217956543,1.6285635964242444,1.565926592461157,20698800
2018-05-17,1.6285637617111206,1.6363933880011543,1.5894156302609523,5667900
2018-05-18,1.6129043102264404,1.6285635608753966,1.5894154342530058,4853800
2018-05-21,1.6520522832870483,1.6520522832870483,1.612904160303559,7449600
2018-05-22,1.6912009716033936,1.714689850652647,1.652052653181621,13139700
2018-05-23,1.7303494215011597,1.7460086770798358,1.6990309103438077,25569600
2018-05-24,1.746008276939392,1.75383790293438,1.6129044483515882,15595800
2018-05-25,1.746008276939392,1.75383790293438,1.730349024949416,9580900
2018-05-28,1.7616674900054932,1.769497115827486,1.7303489867175206,12931300
2018-06-01,1.8556225299835205,1.8869412120138935,1.77732629158998,21502900
2018-06-04,1.8634525537490845,1.8634525537490845,1.8243042433992296,9842300
2018-06-05,1.8556225299835205,1.863452340495832,1.8399632823048124,3174800
2018-06-06,1.8445872068405151,1.8682357390887725,1.8288215186750103,11085100
2018-06-07,1.8682349920272827,1.8761180208996324,1.844586469235492,10395000
2018-06-08,1.85247015953064,1.8840017256521224,1.8367044704408175,7579700
2018-06-11,1.757875919342041,1.8682357363380877,1.7421102311997487,20073800
2018-06-12,1.7815243005752563,1.797289987381442,1.7342272401567005,12942900
2018-06-13,1.7972899675369265,1.828821340801148,1.7578757509566492,9873900
2018-06-14,1.7815243005752563,1.8130556741876271,1.7815243005752563,4644300
2018-06-18,1.7972899675369265,1.8051728108529816,1.7578757509566492,5954300
2018-06-19,1.805172681808472,1.8209383673135573,1.7815241535508433,11250900
2018-06-20,1.8209384679794312,1.868235527109384,1.7894070952261294,13770900
2018-06-21,1.7972899675369265,1.844587027433259,1.77364143758876,6607900
2018-06-22,1.7894072532653809,1.797290097149914,1.781524409380848,5807300
2018-06-25,1.828821301460266,1.836704144606749,1.8051727720208173,6723700
2018-06-26,1.8209384679794312,1.836704154356082,1.797289938414455,10982600
2018-06-27,1.7972899675369265,1.828821340801148,1.7972899675369265,12419300
2018-06-28,1.7894072532653809,1.8051729410344468,1.7657587216117825,11843600
2018-06-29,1.7815243005752563,1.7894071439783492,1.7499929269628856,13204900
2018-07-02,1.7342270612716677,1.7815241168115457,1.7263442186816875,4387300
2018-07-03,1.7342270612716677,1.757875589041607,1.7342270612716677,3871400
2018-07-04,1.773641586303711,1.773641586303711,1.7342273664186605,3474000
2018-07-05,1.773641586303711,1.7815244302807212,1.7578758983496907,2947900
2018-07-06,1.7342270612716677,1.7894069594015254,1.7342270612716677,8582600
2018-07-09,1.7894072532653809,1.7894072532653809,1.7421101899581837,3362000
2018-07-10,1.85247015953064,1.8682358486204615,1.7736417140815297,10234300
2018-07-11,1.828821301460266,1.8524698308997145,1.8051727720208173,5975200
2018-07-12,1.8682349920272827,1.8761180208996324,1.8209379464437003,10355400
2018-07-13,1.8682349920272827,1.8761180208996324,1.8524693101660887,8444800
2018-07-16,1.85247015953064,1.8840017256521224,1.8445873149857288,4220700
2018-07-17,1.8603527545928955,1.8603527545928955,1.8130556936662028,5549100
2018-07-18,1.89976704120636,1.9076498842013323,1.8445869522997516,18954400
2018-07-19,1.89976704120636,1.947064099176194,1.89976704120636,16728400
2018-07-20,1.88400137424469,1.915532746543044,1.88400137424469,5421100
2018-07-23,1.9234154224395752,1.9312982648290085,1.8682353377717555,3621000
2018-07-24,1.907650351524353,1.9391817312285824,1.907650351524353,4635900
2018-07-25,1.9234154224395752,1.9470639496078748,1.9076497376607089,14446000
2018-07-26,1.9234154224395752,1.9391811072184413,1.899766895271276,11929500
2018-07-27,1.9312989711761477,1.9312989711761477,1.891884744813748,7004900
2018-07-30,1.891883850097656,1.915532374731156,1.8367037713443892,12546300
2018-07-31,1.9312989711761477,1.9312989711761477,1.844587485237012,22383300
2018-08-01,1.9234154224395752,1.9391811072184413,1.8918840528818424,4178900
2018-08-02,1.907650351524353,1.9312988863025249,1.8997675065982955,4509300
2018-08-03,1.89976704120636,1.923415570191277,1.89976704120636,3653600
2018-08-06,1.907650351524353,1.9312988863025249,1.907650351524353,5070900
2018-08-07,1.91553258895874,1.9312982738109288,1.9076497465326463,4614000
2018-08-08,1.939180850982666,1.9470636923304916,1.9155323269391895,9534800
2018-08-09,1.9943609237670896,2.0180094499846706,1.9470638713319288,19380000
2018-08-10,1.954946756362915,1.9943609675916465,1.9549467563629148,9599600
2018-08-13,1.9312989711761477,1.9628303522660675,1.915533280631188,4323400
2018-08-14,1.9312989711761477,1.9391818164486276,1.899767590086228,8756200
2018-08-15,1.939180850982666,1.9549465336783167,1.923415168287015,6482500
2018-08-16,1.891883850097656,1.923415216275656,1.8682351375223891,19255500
2018-08-17,1.7972899675369265,1.891884275271401,1.7815242809048155,39848200
2018-08-20,1.8209384679794312,1.8445869975444076,1.7657585656611532,26631400
2018-08-21,1.8130552768707275,1.8288209602219867,1.789406751843839,7373400
2018-08-23,1.8445872068405151,1.852470050923268,1.7972901423440006,7727700
2018-08-24,1.876118540763855,1.876118540763855,1.8367041372475583,5994500
2018-08-27,1.85247015953064,1.8918845701970337,1.8445873149857288,5679300
2018-08-28,1.8682349920272827,1.8840008618302293,1.8603521510966856,9018900
2018-08-29,1.8130552768707275,1.8445866435732456,1.77364106849258,29538200
2018-08-30,1.7657585144042969,1.8367041010398004,1.7578756714447965,22460800
2018-09-03,1.7421103715896606,1.7736417504152369,1.7342275268832668,12030200
2018-09-04,1.7894072532653809,1.797290097149914,1.7421101899581837,27796000
2018-09-05,1.805172681808472,1.8288212100661,1.789406996303386,20817600
2018-09-06,1.7972899675369265,1.8130556541690368,1.77364143758876,14298300
2018-09-07,1.773641586303711,1.805172962211752,1.773641586303711,3396400
2018-09-12,1.7421103715896606,1.7815245951216307,1.7342275268832668,8438600
2018-09-13,1.67116379737854,1.7342267133898983,1.639632433343738,30602100
2018-09-14,1.7421103715896606,1.7499932162960548,1.6790476139385089,9683700
2018-09-18,1.734155297279358,1.734155297279358,1.6546067777883466,11438100
2018-09-19,1.734155297279358,1.7580197962292077,1.7262004642960749,6579800
2018-09-20,1.750064730644226,1.7739292264222375,1.7421098987182222,9318500
2018-09-21,1.750064730644226,1.7818840583482414,1.750064730644226,8156200
2018-09-24,1.7261998653411863,1.7580191862336874,1.710290204894936,11420900
2018-09-25,1.7580201625823977,1.765974997223386,1.7102911547364672,6523800
2018-09-26,1.7818841934204102,1.7898390259494144,1.7500648633043945,4542600
2018-09-27,1.765974521636963,1.7898390191330908,1.765974521636963,3427400
2018-09-28,1.8137036561965945,1.861432654861672,1.7739294906423626,13258500
2018-10-01,1.893251895904541,1.9012067278344695,1.8216582188770305,9589200
2018-10-02,1.893251895904541,1.9250712236242555,1.8773420423865304,9056700
2018-10-03,1.901206970214844,1.909161803158915,1.8852971146685236,4775800
2018-10-04,1.893251895904541,1.9012067278344695,1.885296874316459,3249800
2018-10-05,1.8852965831756592,1.8932516035352709,1.8137031068622715,5398800
2018-10-08,1.853477478027344,1.869387141298623,1.8137033198491457,4095000
2018-10-09,1.8137036561965945,1.8455229886399795,1.805748823085748,5595100
2018-10-10,1.8296128511428835,1.8614321753901824,1.7977935268955845,12959100
2018-10-11,1.750064730644226,1.8057485541262528,1.7262002348662144,14810200
2018-10-12,1.742109775543213,1.797793595088143,1.734154944179651,3841900
2018-10-15,1.750064730644226,1.7898388902742453,1.7421098987182222,5767700
2018-10-16,1.750064730644226,1.7659743944962336,1.7421098987182222,5801300
2018-10-17,1.7739295959472656,1.789839263113396,1.7500650951980703,9008000
2018-10-18,1.789839267730713,1.7977941013342993,1.7739296005235397,7575800
2018-10-19,1.7739295959472656,1.789839263113396,1.758019928781135,5477700
2018-10-22,1.7739295959472656,1.7818844295303309,1.7500650951980703,3904100
2018-10-23,1.7580201625823977,1.7739298318643744,1.7500653279414091,3541400
2018-10-24,1.6307423114776611,1.7500649982733216,1.614832645192664,17293200
2018-10-25,1.5352840423583984,1.5750582983253594,1.4000517996605235,66963300
2018-10-26,1.5114197731018066,1.590968202176448,1.503464939677252,17892100
2018-10-29,1.4318710565567017,1.5114194696607577,1.4239162247292037,16685300
2018-10-30,1.4716455936431885,1.479600427001063,1.4080068319510988,17705400
2018-10-31,1.5591490268707275,1.5671038611034065,1.4796005897148343,15687000
2018-11-01,1.5830131769180298,1.6227873392208614,1.5511938470757645,12288700
2018-11-02,1.5114197731018066,1.5830133687518932,1.5114197731018066,24957400
2018-11-05,1.5193743705749512,1.5352840349533674,1.4955098740073267,6962400
2018-11-07,1.5352840423583984,1.551193801642631,1.4875550489929414,14156800
2018-11-08,1.543238878250122,1.5591485417654305,1.5193742881480845,10125600
2018-11-09,1.4955098628997805,1.5432389505096125,1.4796001986395293,7632300
2018-11-12,1.4955098628997805,1.5034646950299058,1.4796001986395293,4516900
2018-11-13,1.4159616231918335,1.463690716748494,1.4000519569493104,24815500
2018-11-14,1.4080065488815308,1.4398258759159823,1.400051717122918,6065300
2018-11-15,1.423916220664978,1.4398258842745637,1.3920968934458064,12321600
2018-11-16,1.423916220664978,1.4477808109084318,1.4159613888601852,8343700
2018-11-19,1.3920971155166626,1.4318712808855023,1.3920971155166626,9890500
2018-11-21,1.38414204120636,1.4159613679557697,1.35232271445695,12515300
2018-11-22,1.360277771949768,1.3920971039811718,1.360277771949768,6588600
2018-11-23,1.328458309173584,1.3682325679666063,1.328458309173584,7365300
2018-11-26,1.360277771949768,1.37618743796547,1.3284583450892746,5014400
2018-11-27,1.2727746963500977,1.3682328009470826,1.2727746963500977,19361800
2018-11-28,1.2807291746139526,1.3045936704245604,1.2727743426770834,6419800
2018-11-29,1.3682323694229126,1.392096864338306,1.2966387898476592,18707400
2018-11-30,1.3125487565994265,1.376187519250155,1.3125487565994265,7510500
2018-12-03,1.4955098628997805,1.4955098628997805,1.3602776218585677,20577700
2018-12-04,1.4318710565567017,1.5114194696607577,1.4159613929017056,10460900
2018-12-05,1.4080065488815308,1.4159613806401437,1.3523227265712403,9076600
2018-12-06,1.3682323694229126,1.408006527615235,1.360277537784448,8158700
2018-12-07,1.3682323694229126,1.4000516959767704,1.3682323694229126,5702100
2018-12-10,1.3443681001663208,1.3602777661137655,1.3205035064160646,3568900
2018-12-11,1.3682323694229126,1.3761872010613772,1.328458116401517,7500000
2018-12-12,1.3682323694229126,1.4000516959767704,1.3523227061459837,8711700
2018-12-13,1.3443681001663208,1.3682325990874875,1.336413172363509,3835100
2018-12-14,1.2966388463974,1.3523227651242429,1.2807291824266098,8180200
2018-12-17,1.2966388463974,1.31254851036819,1.2648195184558195,3570800
2018-12-18,1.309492826461792,1.309492826461792,1.2452232052220742,10855900
2018-12-19,1.2612905502319336,1.3094926892854295,1.253256764620547,7201500
2018-12-20,1.229155421257019,1.2612902692360075,1.221121733204551,10930500
2018-12-21,1.205054759979248,1.2452232136708972,1.205054759979248,13804900
2018-12-24,1.205054759979248,1.2291558321942375,1.1889873785025884,5499500
2018-12-26,1.1488184928894043,1.19702071898422,1.1407848045017883,11950300
2018-12-27,1.188987374305725,1.2211221371456158,1.1809536835957524,13113300
2018-12-28,1.188987374305725,1.2050547557256706,1.17291999288578,10178500
2018-12-31,1.205054759979248,1.2211221414559077,1.1889873785025884,32472000
2019-01-02,1.1809536218643188,1.2130883830244443,1.1809536218643188,3082000
2019-01-03,1.0202800035476685,1.1006170320614046,0.9961789237243012,85201900
2019-01-04,0.988144874572754,1.0283133264784985,0.9801111841916048,32037200
2019-01-07,1.0684821605682373,1.0845495456375212,1.0283136021258583,33371100
2019-01-08,1.084549069404602,1.1006164474185902,1.068481691390614,29883900
2019-01-09,1.13275146484375,1.1407851557046231,1.0925830105393846,23595400
2019-01-10,1.1648863554000854,1.172920046477122,1.1327514953227884,18412800
2019-01-11,1.1648863554000854,1.172920046477122,1.1327514953227884,6794200
2019-01-14,1.084549069404602,1.1648860552436704,1.076515380397608,12477500
2019-01-15,1.0765156745910645,1.116684130603392,1.068481983388599,9294100
2019-01-16,1.084549069404602,1.124717514439573,1.084549069404602,8658700
2019-01-17,1.084549069404602,1.124717514439573,1.076515380397608,15269200
2019-01-18,1.1166841983795166,1.1327515817596427,1.1006168149993905,19109200
2019-01-22,1.1488184928894043,1.15685227704614,1.1247174277265564,10691200
2019-01-23,1.1247178316116333,1.148818905429153,1.10865044906662,7710800
2019-01-24,1.205054759979248,1.205054759979248,1.124717756826802,14282600
2019-01-25,1.2693244218826294,1.2853918038684986,1.2130884891629363,27435700
2019-01-28,1.2130885124206543,1.2853918285124388,1.2050548212736951,10867200
2019-01-29,1.1970210075378418,1.229155768834704,1.1809536268894103,9650000
2019-01-30,1.2452236413955688,1.2532573348934102,1.2211225609020449,17103800
2019-01-31,1.205054759979248,1.2693243816550346,1.205054759979248,14407500
2019-02-07,1.2612905502319336,1.2612905502319336,1.2371893849360485,7289500
2019-02-08,1.3014591932296753,1.3014591932296753,1.2291558781143734,10783600
2019-02-11,1.3175264596939087,1.3496612210279344,1.2853916983598832,12146100
2019-02-12,1.293425440788269,1.3335938940736527,1.293425440788269,7550300
2019-02-13,1.3335938453674316,1.3496612260947638,1.3094927742764335,7810900
2019-02-14,1.325560212135315,1.34162759355515,1.3175265214253975,6391100
2019-02-15,1.3576949834823608,1.3576949834823608,1.3255601269389146,7808100
2019-02-18,1.3576949834823608,1.3817960540630894,1.3496611975196433,5615300
2019-02-19,1.3335938453674316,1.3657287025912392,1.3175264646400997,9274400
2019-02-20,1.341627597808838,1.357695075048763,1.3255602163380604,8680200
2019-02-21,1.293425440788269,1.3496612753878063,1.2853917501311922,14947100
2019-02-22,1.205054759979248,1.293425453870024,1.205054759979248,26273700
2019-02-25,1.2532570362091064,1.2612908235614646,1.205054886709906,14886900
2019-02-26,1.2773581743240356,1.2773581743240356,1.2371896216578673,19090400
2019-02-27,1.2612905502319336,1.2773579299164324,1.253256764620547,7797100
2019-02-28,1.2612905502319336,1.2612905502319336,1.2452230747782975,3981900
2019-03-01,1.2773581743240356,1.2773581743240356,1.24522331303727,4871200
2019-03-04,1.2693244218826294,1.2853918038684986,1.2612907308896948,4740600
2019-03-05,1.2693244218826294,1.2693244218826294,1.2452232531346747,2935500
2019-03-06,1.341627597808838,1.341627597808838,1.2693243811903394,12661200
2019-03-07,1.3335938453674316,1.3496612260947638,1.3094927742764335,8505500
2019-03-08,1.341627597808838,1.341627597808838,1.3175265256026718,7210500
2019-03-11,1.2693244218826294,1.3416276408190408,1.2693244218826294,7195900
2019-03-12,1.2773581743240356,1.3094929398416462,1.2773581743240356,4591500
2019-03-13,1.25708270072937,1.2895236113604116,1.2084214798046855,7932000
2019-03-14,1.2003109455108645,1.2489721530244926,1.1759803417540502,16884700
2019-03-15,1.2246417999267578,1.2408622057512853,1.2084213941022304,7688800
2019-03-18,1.2733029127120972,1.2895233159714106,1.2246416062529268,13809000
2019-03-19,1.2327518463134766,1.273302952407166,1.224641644430985,5161600
2019-03-20,1.2489721775054932,1.2570823789167318,1.2246415732717768,6777300
2019-03-21,1.2408623695373535,1.2489725735201134,1.2246419615718338,2088300
2019-03-22,1.30574369430542,1.3138538957802612,1.2489721873003026,16976400
2019-03-25,1.265192985534668,1.2895236942420716,1.265192985534668,3200400
2019-03-26,1.30574369430542,1.30574369430542,1.2733028884060549,5224900
2019-03-27,1.30574369430542,1.3138538957802612,1.2895232913557373,4101100
2019-03-28,1.2976335287094116,1.2976335287094116,1.257082423532762,4718900
2019-03-29,1.2733029127120972,1.3057437192307242,1.265192614401211,3472100
2019-04-01,1.2814130783081057,1.3057436825128932,1.2733028769065096,2332700
2019-04-02,1.313854455947876,1.3219646608805389,1.2814136362172248,8233800
2019-04-03,1.3219640254974363,1.338184427566658,1.313853824462826,7578000
2019-04-04,1.3300745487213137,1.338184751720491,1.321964345722136,5813500
2019-04-05,1.354405164718628,1.3625153677597204,1.3300745555953508,16175300
2019-04-08,1.338184833526611,1.3625154440115266,1.3300746300316395,4850200
2019-04-09,1.346294403076172,1.354404602752199,1.330074003724118,8281800
2019-04-10,1.354405164718628,1.354405164718628,1.3300745555953508,9396200
2019-04-11,1.3300745487213137,1.3625153607180236,1.3057439397237809,6442600
2019-04-12,1.346294403076172,1.346294403076172,1.3219638040480908,8991200
2019-04-15,1.4355069398880005,1.4517273419936605,1.3462946316256494,46733800
2019-04-16,1.4517273902893066,1.467947792934582,1.4192865849987562,16335100
2019-04-17,1.4355069398880005,1.4679477440993198,1.419286537782341,11427800
2019-04-18,1.4841681718826294,1.5003885732122944,1.435506871212416,34891100
2019-04-19,1.4436177015304563,1.5084994318293714,1.4355074973282498,14350400
2019-04-22,1.500388741493225,1.5084989430676834,1.443617233790788,19223400
2019-04-23,1.4841681718826294,1.5003885732122944,1.467947673871746,8725200
2019-04-24,1.459837794303894,1.4922787007799454,1.443617389406488,10995800
2019-04-25,1.4517273902893066,1.492278493583721,1.4517273902893066,12987400
2019-04-26,1.4355069398880005,1.45983754304649,1.419286537782341,8560300
2019-04-29,1.394956350326538,1.4436175711447596,1.3868461468568345,11359300
2019-04-30,1.4030663967132568,1.4111765992749672,1.3787357890281258,7129800
2019-05-02,1.354405164718628,1.3949562766053365,1.3462949616775357,9491000
2019-05-03,1.362515211105347,1.3787357120038355,1.346294806888093,5035500
2019-05-06,1.30574369430542,1.3462947016796267,1.281413089880896,9443600
2019-05-07,1.370625376701355,1.370625376701355,1.3138538707766418,4930700
2019-05-08,1.346294403076172,1.362514802428226,1.330074003724118,3358000
2019-05-09,1.2814130783081057,1.3544048909224686,1.2733028769065096,12087600
2019-05-10,1.25708270072937,1.3219644253102012,1.240862293754475,13816100
2019-05-13,1.2165313959121704,1.265192605341667,1.2003109927690048,8251800
2019-05-14,1.2165313959121704,1.2165313959121704,1.151649686658279,13119600
2019-05-15,1.2733029127120972,1.2733029127120972,1.2327518078825837,7178400
2019-05-16,1.2408623695373535,1.281413486132411,1.2408623695373535,4335300
2019-05-17,1.2165313959121704,1.265192605341667,1.2084211943405876,7371800
2019-05-21,1.1354297399520874,1.1759808607925746,1.1273195351202436,17304300
2019-05-23,1.0705476999282837,1.1435395160488335,1.0462169978735354,24413400
2019-05-24,1.1273192167282104,1.143539621810722,1.0299966895518995,25345700
2019-05-27,1.167870044708252,1.1759802452952912,1.1110985439177603,10145700
2019-05-28,1.2246417999267578,1.2246417999267578,1.1597600799474033,18682500
2019-05-29,1.192200779914856,1.2165313843993482,1.1759803769251946,8921200
2019-05-30,1.1840907335281372,1.2003111386425651,1.1597600291752543,9896300
2019-05-31,1.2489721775054932,1.2570823789167318,1.1678701633931057,13684100
2019-06-03,1.2408623695373535,1.2489725735201134,1.216531757589074,4317600
2019-06-04,1.2327518463134766,1.240862048195968,1.216531442548494,3716000
2019-06-07,1.2408623695373535,1.2489725735201134,1.2246419615718338,5496200
2019-06-10,1.2733029127120972,1.2895233159714106,1.2489722111418973,10248200
2019-06-11,1.289523720741272,1.3057441290920253,1.265193011533882,10119800
2019-06-12,1.289523720741272,1.3057441290920253,1.2814135165658953,3281800
2019-06-13,1.2813619375228882,1.2976850034173082,1.2650387743353209,9220900
2019-06-14,1.1915851831436155,1.273200526679619,1.1834236487900154,35132300
2019-06-17,1.1834232807159424,1.1997463443462644,1.1752617489007815,10034300
2019-06-18,1.1589388847351074,1.1997466515532789,1.1589388847351074,9011300
2019-06-19,1.216069579124451,1.2323926450520573,1.1834234472692378,19782100
2019-06-20,1.2650389671325684,1.2732005013236305,1.2079082277951338,19484400
2019-06-21,1.2976852655410769,1.3058468001368624,1.2650390298647676,21019700
2019-06-24,1.2813619375228882,1.2976850034173082,1.2568772413881109,5984800
2019-06-25,1.2732006311416626,1.297685333504519,1.2650390961184343,5734100
2019-06-26,1.256877064704895,1.281361757397781,1.256877064704895,8125800
2019-06-27,1.3058464527130127,1.330331049986179,1.2650386932979287,11998700
2019-06-28,1.3058464527130127,1.3140079851374014,1.2895233878642356,5594400
2019-07-01,1.3548152446746826,1.4364306419596156,1.3466537146755009,29816100
2019-07-02,1.3466542959213257,1.3793005273020027,1.338492762399445,11888800
2019-07-03,1.3384926319122314,1.3629772300909146,1.3303310991860036,6477000
2019-07-04,1.3140079975128174,1.3466541275178352,1.3058464650115629,10510200
2019-07-05,1.3548152446746826,1.3711383046730468,1.3221691246779543,17150100
2019-07-08,1.3466542959213257,1.3629773629650872,1.3303312288775642,10620300
2019-07-09,1.3466542959213257,1.3548158294432064,1.3303312288775642,11520000
2019-07-10,1.3466542959213257,1.3793005273020027,1.338492762399445,7624200
2019-07-11,1.3548152446746826,1.3711383046730468,1.3384921846763185,6511000
2019-07-12,1.3303308486938477,1.3711385046411853,1.32216931750438,8219000
2019-07-15,1.3303308486938477,1.3466539110727829,1.32216931750438,5293700
2019-07-16,1.3548152446746826,1.3629767746738648,1.3303306546771363,12394600
2019-07-17,1.3221697807312012,1.3548159169267595,1.2976851785845325,17727000
2019-07-18,1.2976852655410769,1.3221698693284334,1.273200564460553,13814500
2019-07-19,1.3140079975128174,1.3140079975128174,1.2976849325103084,2779400
2019-07-22,1.3221697807312012,1.3303313147800908,1.2895236445356428,6747500
2019-07-23,1.3303308486938477,1.338492379883315,1.3140077863149124,9078300
2019-07-24,1.3629772663116455,1.387461962434147,1.338492667482291,22858400
2019-07-25,1.371138572692871,1.379300201580539,1.3548155095037977,11788800
2019-07-26,1.3629772663116455,1.379300429491029,1.3466542004254092,6513700
2019-07-29,1.3629772663116455,1.3711387992547637,1.3466542004254092,2512900
2019-07-31,1.3466542959213257,1.3629773629650872,1.338492762399445,7196900
2019-08-01,1.3303308486938477,1.3466539110727829,1.3140077863149124,6198600
2019-08-02,1.3058464527130127,1.3140079851374014,1.2732002257223172,14019900
2019-08-05,1.2650389671325684,1.2976852011899789,1.2487158987504443,11575000
2019-08-06,1.2487157583236694,1.2568772915969102,1.1834234921377422,18454800
2019-08-07,1.2650389671325684,1.2732005013236305,1.2487158987504443,8162700
2019-08-08,1.2732006311416626,1.289523798481291,1.2650390961184343,4029800
2019-08-09,1.2976852655410769,1.3058468001368624,1.2813621963495057,7331700
2019-08-13,1.2405539751052856,1.2976847938004827,1.2405539751052856,11131700
2019-08-14,1.2976852655410769,1.3221698693284334,1.2813621963495057,10101700
2019-08-15,1.2976852655410769,1.3221698693284334,1.2405544260774108,12565900
2019-08-16,1.3058464527130127,1.3140079851374014,1.297684920288624,1893700
2019-08-19,1.289523363113403,1.3140079599166172,1.2813618308456654,3661600
2019-08-20,1.2976852655410769,1.2976852655410769,1.2813621963495057,2948700
2019-08-21,1.2976852655410769,1.2976852655410769,1.2895237309452912,2353300
2019-08-22,1.3058464527130127,1.32216951756179,1.2895233878642356,5171800
2019-08-23,1.3303308486938477,1.3466539110727829,1.305846255125445,10842900
2019-08-26,1.3058464527130127,1.3058464527130127,1.2732002257223172,5513700
2019-08-27,1.2813619375228882,1.3221696022589382,1.2813619375228882,2262000
2019-08-28,1.2976852655410769,1.2976852655410769,1.2650390298647676,5389000
2019-08-29,1.3058464527130127,1.3140079851374014,1.2405540960247627,13893000
2019-08-30,1.3303308486938477,1.3303308486938477,1.305846255125445,3774800
2019-09-03,1.3221697807312012,1.3303313147800908,1.305846712633422,1713900
2019-09-04,1.3221697807312012,1.3303313147800908,1.3140082466823115,2076100
2019-09-05,1.3384926319122314,1.3548156973646868,1.322169566459776,6891800
2019-09-06,1.371138572692871,1.3874617331750756,1.3548155095037977,13072100
2019-09-10,1.4119465351104736,1.4201080679024185,1.3548157082737151,14780800
2019-09-11,1.4119465351104736,1.4201080679024185,1.3874619367346397,10003800
2019-09-12,1.4119465351104736,1.436431133486308,1.3956234695265843,19005700
2019-09-13,1.4201080799102783,1.4201080799102783,1.3956234813274122,9276600
2019-09-17,1.4119465351104736,1.4282696006943632,1.403785002318529,7837400
2019-09-18,1.4445925951004028,1.4445925951004028,1.403784933151351,12758800
2019-09-19,1.4454139471054075,1.4618390900199916,1.437201375648116,11859700
2019-09-20,1.4618393182754517,1.4618393182754517,1.4454141727962022,9788300
2019-09-23,1.4618393182754517,1.4618393182754517,1.4372016000565777,6593800
2019-09-24,1.4618393182754517,1.4618393182754517,1.4454141727962022,6012200
2019-09-25,1.4618393182754517,1.4618393182754517,1.4454141727962022,6211000
2019-09-26,1.5111145973205566,1.5275397400248716,1.4618390713060394,36684900
2019-09-27,1.4946893453598022,1.5357521991190417,1.4864766767063886,12685200
2019-09-30,1.4946893453598022,1.519327057615346,1.4700515352026928,9000300
2019-10-01,1.5603898763656616,1.5686024469332522,1.4946893118249371,13404200
2019-10-02,1.5521774291992188,1.5603900004197246,1.5357522867582063,7670500
2019-10-03,1.5686026811599731,1.5686026811599731,1.511114678602622,7070200
2019-10-04,1.6014529466629028,1.6096655178436092,1.5686025640385055,23860700
2019-10-07,1.642515778541565,1.675366062783894,1.5932403521780714,25656600
2019-10-08,1.642515778541565,1.6671534917233115,1.634303207480983,13546100
2019-10-09,1.5932406187057495,1.6260909084434891,1.5850279483697287,20434400
2019-10-10,1.5603898763656616,1.601452827105178,1.552177305798071,17281500
2019-10-11,1.634303092956543,1.642515663441626,1.560389860689232,21267000
2019-10-14,1.642515778541565,1.6671534917233115,1.6178780653598182,10478200
2019-10-15,1.634303092956543,1.642515663441626,1.6178779519863766,6242200
2019-10-16,1.6178781986236572,1.6589410573088963,1.6178781986236572,13950800
2019-10-17,1.642515778541565,1.6507283496021472,1.6014529232386536,9288200
2019-10-18,1.6507281064987185,1.6671532462009455,1.617877827094264,23167900
2019-10-21,1.6753662824630735,1.6917914267379537,1.6425159939133138,29468400
2019-10-22,1.7082165479660034,1.7164291199926414,1.6835788318860894,17451700
2019-10-23,1.6917911767959597,1.7164288895683508,1.683578605871829,14759900
2019-10-24,1.7000036239624023,1.716428764614938,1.6835784833098668,10359400
2019-10-25,1.6589409112930298,1.700003766364018,1.650728340278832,14033900
2019-10-29,1.6507281064987185,1.6917909557542865,1.6507281064987185,8524500
2019-10-30,1.634303092956543,1.650728233926709,1.6178779519863766,8281800
2019-10-31,1.6178781986236572,1.642515913834801,1.6014530551495616,11783800
2019-11-01,1.634303092956543,1.6589408044117924,1.6260905224714597,9630900
2019-11-04,1.6260906457901,1.650728359113812,1.6096655035742924,7717500
2019-11-05,1.6507281064987185,1.658940676349832,1.6260903969453775,9353100
2019-11-06,1.6507281064987185,1.6671532462009455,1.6507281064987185,10935300
2019-11-07,1.6753662824630735,1.6753662824630735,1.6425159939133138,9710600
2019-11-08,1.6753662824630735,1.7000039988753937,1.6671537103256338,9673800
2019-11-11,1.6589409112930298,1.675366053321425,1.6425157692646344,4259800
2019-11-12,1.6260906457901,1.66715350132962,1.6096655035742924,9865900
2019-11-13,1.6260906457901,1.6260906457901,1.6014529324663884,3113000
2019-11-14,1.5850274562835691,1.6260904036089652,1.5850274562835691,6563600
2019-11-15,1.5850274562835691,1.601452693954661,1.5768148863988012,7409200
2019-11-18,1.6014529466629028,1.6178780890243158,1.5850277063999187,8928400
2019-11-19,1.6014529466629028,1.6096655178436092,1.5850277063999187,3463600
2019-11-20,1.6096656322479248,1.6260907757767278,1.6014530604835235,12535400
2019-11-21,1.6096656322479248,1.6178782040123263,1.593240488719122,3994100
2019-11-22,1.6096656322479248,1.6178782040123263,1.6014530604835235,8310600
2019-11-25,1.5932406187057495,1.6096657635746194,1.5850279483697287,5234500
2019-11-26,1.6014529466629028,1.6178780890243158,1.5850277063999187,13548700
2019-11-27,1.535752296447754,1.5932403932555783,1.535752296447754,20417300
2019-11-28,1.5111145973205566,1.5521774540813438,1.4864767853625116,14676400
2019-11-29,1.4946893453598022,1.511114486863498,1.4782641059545407,9016300
2019-12-02,1.5029016733169556,1.5275393815922622,1.4946891038918533,3833200
2019-12-03,1.4700515270233154,1.502901907749493,1.4700515270233154,5548100
2019-12-04,1.4782642126083374,1.4946894531986472,1.4618390699196009,3379200
2019-12-05,1.5111145973205566,1.5357523113770288,1.5029020259683994,14515200
2019-12-06,1.5275397300720217,1.5357523013706689,1.5111145874747265,4240300
2019-12-09,1.535752296447754,1.568602581537041,1.535752296447754,4460100
2019-12-10,1.5275397300720217,1.552177443967964,1.519327158773374,2390900
2019-12-11,1.51932692527771,1.53575206535073,1.5111143552412,4198600
2019-12-12,1.5686026811599731,1.5686026811599731,1.5193272503965292,5439100
2019-12-13,1.5768152475357056,1.6014530607343465,1.535752388707267,9343100
2019-12-16,1.5603898763656616,1.5850275880684332,1.5439647352304804,7559100
2019-12-17,1.5603898763656616,1.5603898763656616,1.552177305798071,6839600
2019-12-18,1.554601550102234,1.5628706994185195,1.521524952837091,8164500
2019-12-19,1.331334114074707,1.554601307995903,1.3147958180177326,279492500
2019-12-20,1.3561419248580933,1.3892185259158856,1.3065270232714048,92103500
2019-12-23,1.3478724956512451,1.3644107927575384,1.3230650499918053,26579700
2019-12-24,1.339603304862976,1.3561416014478485,1.3313341565705397,18862000
2019-12-26,1.4057568311691284,1.4057568311691284,1.3396035348940498,36267900
2019-12-27,1.3892184495925903,1.4140259975990612,1.380949299782447,16565400
2019-12-30,1.4388331174850464,1.4471022654012575,1.3809489834955475,20036400
2019-12-31,1.4057568311691284,1.430564280306268,1.3974876814567487,11521300
2020-01-02,1.4305641651153564,1.4471024632084304,1.4057567179757453,18220800
2020-01-03,1.4388331174850464,1.4636405612336805,1.430563969568835,18027200
2020-01-06,1.4057568311691284,1.4388334300186476,1.3974876814567487,9652700
2020-01-07,1.414025902748108,1.4305642012590276,1.4057567534926485,3289300
2020-01-08,1.3974875211715698,1.4057566699355175,1.3726799763036976,8921000
2020-01-09,1.422295331954956,1.4305644828380386,1.405757030188791,8954900
2020-01-10,1.422295331954956,1.4305644828380386,1.405757030188791,10080800
2020-01-13,1.4305641651153564,1.4636407613015046,1.4140258670222825,13652100
2020-01-14,1.4388331174850464,1.4471022654012575,1.4222948216526234,11462900
2020-01-15,1.422295331954956,1.4388336337211212,1.405757030188791,5229100
2020-01-16,1.422295331954956,1.4388336337211212,1.405757030188791,6890000
2020-01-17,1.414025902748108,1.4388333505144872,1.4057567534926485,12778500
2020-01-20,1.4305641651153564,1.4388333141618934,1.4140258670222825,9881800
2020-01-21,1.4305641651153564,1.4388333141618934,1.4222950160688197,6953700
2020-01-22,1.4636406898498535,1.4719098384927092,1.4222949466355748,13862600
2020-01-23,1.4553718566894531,1.4719101575601892,1.447102706254085,7293700
2020-01-24,1.571139574050903,1.5876778697920677,1.471909701027898,31356000
2020-01-28,1.4967174530029297,1.5380632994501944,1.480179153854439,18974400
2020-01-29,1.562870740890503,1.5794090399619307,1.5132558436762191,24094900
2020-01-30,1.4967174530029297,1.554601598598685,1.4884483034286844,13880500
2020-01-31,1.4553718566894531,1.521525158748446,1.438833555818717,17354600
2020-02-03,1.422295331954956,1.4471027846042035,1.3726803280804063,22121500
2020-02-04,1.4636406898498535,1.4884481357784207,1.4222949466355748,18339600
2020-02-05,1.488447904586792,1.496717051945251,1.463640462511415,10132800
2020-02-06,1.488447904586792,1.5049862978797222,1.471909609869874,6610600
2020-02-07,1.4801790714263916,1.504986617343686,1.4553716240851302,10601800
2020-02-10,1.4388331174850464,1.4719097091498918,1.4388331174850464,14403900
2020-02-11,1.4305641651153564,1.4553716122549674,1.4140258670222825,11259400
2020-02-12,1.447102665901184,1.4636409663107446,1.4222952152868436,14539400
2020-02-13,1.4636406898498535,1.4967172844212766,1.447102392564142,13693900
2020-02-14,1.4388331174850464,1.4719097091498918,1.430563969568835,7977700
2020-02-17,1.4388331174850464,1.4471022654012575,1.4222948216526234,7304500
2020-02-18,1.4057568311691284,1.430564280306268,1.3892184331683286,15772300
2020-02-19,1.3644108772277832,1.405756721129251,1.3644108772277832,14019100
2020-02-20,1.3892184495925903,1.3892184495925903,1.3726801499723038,9867400
2020-02-21,1.3644108772277832,1.3892183244230445,1.3644108772277832,7600700
2020-02-24,1.3230654001235962,1.3478728523480008,1.2982579478991916,18780200
2020-02-25,1.3561419248580933,1.3644110751225411,1.2817194739020137,9219800
2020-02-26,1.29825758934021,1.3230650347131758,1.2734500453912188,38636000
2020-02-27,1.2569119930267334,1.2982578419354818,1.2569119930267334,11500400
2020-02-28,1.1659510135650637,1.2321042996150622,1.1659510135650637,28252600
2020-03-02,1.1659510135650637,1.1990277058780754,1.1411435682623232,16368800
2020-03-03,1.2072970867156982,1.2238353867677965,1.1907587866636,8689900
2020-03-04,1.1824895143508911,1.1990279126474146,1.1659512146304096,19293800
2020-03-05,1.1824895143508911,1.215566212367896,1.1742203644906504,11577500
2020-03-06,1.1659510135650637,1.182489310433557,1.1576818651308167,6541100
2020-03-09,1.0667212009429932,1.141143640113165,1.0501829030331842,36607000
2020-03-10,1.0997979640960691,1.1080671135679463,1.0253755202731378,26414000
2020-03-11,1.1246051788330078,1.132874326586661,1.0749901937350723,12929000
2020-03-12,1.074990153312683,1.108066841659544,1.0584518584272593,16663800
2020-03-16,0.917876362800598,1.0171062425243391,0.9096072143716218,25371800
2020-03-17,0.917876362800598,0.934565007665163,0.7509897152106095,34636400
2020-03-18,0.917876362800598,0.9595979749620104,0.8928433955037508,17790300
2020-03-19,0.8678103089332581,0.9178763418567284,0.8302608588447808,19980000
2020-03-20,0.959598183631897,0.9846311563723016,0.8761548416916904,18146700
2020-03-23,0.8678103089332581,0.9262206640986124,0.8594659866913742,14775500
2020-03-24,0.934565007686615,0.942909330119089,0.8844989736196013,9623900
2020-03-25,0.9429094791412354,1.009664168623443,0.8761547896590275,21097700
2020-03-26,0.9429094791412354,0.9762867741462464,0.9178765078874768,6312400
2020-03-27,0.9846307039260864,1.001319444223262,0.9679420631010562,11021600
2020-03-30,0.9512535929679872,1.00131962389902,0.9429092710581756,8745000
2020-03-31,1.0346969366073608,1.0346969366073608,0.9679422602393432,13952800
2020-04-01,1.0096640586853027,1.0931072871120429,1.0096640586853027,10722600
2020-04-02,1.0597299337387085,1.0597299337387085,1.0013196772574555,3861800
2020-04-03,1.0263526439666748,1.0764185780761863,1.0180083216150897,2744200
2020-04-06,1.07641863822937,1.07641863822937,1.0263527013220386,3564900
2020-04-07,1.1431734561920166,1.1431734561920166,1.0931074138586057,14021700
2020-04-08,1.1348291635513306,1.1515178116301137,1.1097961914331558,5870300
2020-04-09,1.1348291635513306,1.1682064597088968,1.1348291635513306,8031300
2020-04-10,1.126484751701355,1.1431733984792418,1.1181404283124117,3723000
2020-04-13,1.0931074619293213,1.1431735064644468,1.0847631377521654,7116200
2020-04-14,1.1431734561920166,1.159862103812425,1.1014518371409958,4039500
2020-04-15,1.184895157814026,1.201583906069598,1.1598621846389574,10792500
2020-04-16,1.1682060956954956,1.1848947385740922,1.1598617742561974,13187700
2020-04-17,1.21827232837677,1.251649619738706,1.176550614702175,27344500
2020-04-20,1.209928035736084,1.2516496509798758,1.2015837126873257,11475300
2020-04-21,1.1515175104141235,1.20992786288297,1.1515175104141235,11729600
2020-04-22,1.1598619222640991,1.1682062447682011,1.1181403097435876,9066100
2020-04-23,1.1598619222640991,1.184894889776406,1.1598619222640991,6803400
2020-04-24,1.184895157814026,1.1932394822057153,1.151517860247268,3643900
2020-04-27,1.1682060956954956,1.1932390600133904,1.1682060956954956,2198500
2020-04-28,1.126484751701355,1.1682063686460722,1.1181404283124117,12630200
2020-04-29,1.1431734561920166,1.1682064276226292,1.1264848085716084,12123700
2020-04-30,1.184895157814026,1.201583906069598,1.151517860247268,16014600
2020-05-04,1.1431734561920166,1.1682064276226292,1.1431734561920166,9581600
2020-05-05,1.1682060956954956,1.1765504171347938,1.1431731313776008,11110600
2020-05-06,1.1515175104141235,1.1765504759841308,1.1431731885574543,7208100
2020-05-08,1.1515175104141235,1.1765504759841308,1.1515175104141235,12247400
2020-05-12,1.1765508651733398,1.1848951897902134,1.1598622159395924,5399100
2020-05-13,1.1682060956954956,1.1765504171347938,1.1431731313776008,6886700
2020-05-14,1.1431734561920166,1.1682064276226292,1.1348291323818125,6775600
2020-05-15,1.1598619222640991,1.1598619222640991,1.1431732772558945,4142800
2020-05-18,1.1348291635513306,1.1682064597088968,1.126484839511939,7790600
2020-05-19,1.1515175104141235,1.1598618322707923,1.1348288667007853,8464400
2020-05-20,1.184895157814026,1.2099282304612873,1.1431735358555786,19629000
2020-05-21,1.201583743095398,1.2099280663553231,1.1765506738434424,11617700
2020-05-22,1.1682060956954956,1.1848947385740922,1.151517452816899,6389500
2020-05-27,1.1682060956954956,1.1848947385740922,1.1598617742561974,7250700
2020-05-28,1.184895157814026,1.2182725548529767,1.151517860247268,14999900
2020-05-29,1.2433054447174072,1.2433054447174072,1.176550754584755,13362800
2020-06-03,1.3350931406021118,1.3684704367887033,1.276682772803388,29979800
2020-06-04,1.3100597858428955,1.3434370722812348,1.293371043151566,17648200
2020-06-05,1.293371319770813,1.3184043894256647,1.2850269963765897,8856500
2020-06-09,1.326748609542847,1.3684702232662616,1.3017155418366244,22190600
2020-06-10,1.4268807172775269,1.4352250408135911,1.3434373824447028,27514700
2020-06-11,1.4185359477996826,1.4519132314512015,1.376814243763132,22836700
2020-06-12,1.4268807172775269,1.4352250408135911,1.293371341756135,26046900
2020-06-15,1.3345528841018677,1.4352738583747875,1.3009791593060316,14190500
2020-06-16,1.410093903541565,1.4184874119488635,1.3765202701416506,10553300
2020-06-17,1.410093903541565,1.452061045348778,1.4017004951915863,9530500
2020-06-18,1.3765202760696411,1.4017005012280157,1.3681268676835163,6570300
2020-06-19,1.3765202760696411,1.4100939096141405,1.3597334592973915,7158200
2020-06-22,1.3765202760696411,1.393307092841891,1.3765202760696411,2413300
2020-06-23,1.3597331047058103,1.4017001356922607,1.3513396985085204,5992100
2020-06-24,1.4017003774642944,1.4268807004566824,1.3597333392391675,7789400
2020-06-25,1.3849138021469116,1.4017006203457194,1.3765203930475078,4559800
2020-06-26,1.410093903541565,1.452061045348778,1.3849136784916292,11798800
2020-06-29,1.3849138021469116,1.4100940294451232,1.3597335748487,5235500
2020-06-30,1.4184874296188354,1.4436676549824392,1.3933071041979106,9871500
2020-07-01,1.4520606994628906,1.4940277312160912,1.41848707406033,24260200
2020-07-02,1.4940279722213743,1.5024213799259756,1.46045434140297,11013600
2020-07-03,1.4940279722213743,1.5359951108016925,1.4772411568121722,27543500
2020-07-06,1.5527817010879517,1.5863553270388375,1.5024211621043244,22631100
2020-07-07,1.5527817010879517,1.603142140014281,1.527601481624787,11127700
2020-07-08,1.5527817010879517,1.5695685140633946,1.5359948881125085,5722000
2020-07-09,1.5947487354278564,1.6199289549210416,1.5527817029392148,17405300
2020-07-10,1.5359950065612793,1.586355449371171,1.51920809223401,18913800
2020-07-13,1.5359950065612793,1.569568635101207,1.5359950065612793,7402300
2020-07-14,1.5527817010879517,1.561175107575673,1.510814568592046,12417900
2020-07-15,1.5359950065612793,1.561175227966225,1.5276015994262973,8684500
2020-07-16,1.510814905166626,1.5443886386542605,1.4940280884514687,6776700
2020-07-17,1.4688477516174316,1.5108147902121474,1.4520609361795451,21369800
2020-07-20,1.5024210214614868,1.519207832865503,1.4688473986534545,10085900
2020-07-21,1.5779619216918943,1.6115355476670523,1.51920797617807,22658700
2020-07-22,1.5359950065612793,1.6115356707761168,1.5359950065612793,11590400
2020-07-23,1.5779619216918943,1.5947487346794735,1.552781702210526,11513000
2020-07-24,1.5359950065612793,1.569568635101207,1.5276015994262973,9315900
2020-07-27,1.5611755847930908,1.569568993846495,1.519208439468742,12618800
2020-07-28,1.6618961095809937,1.687076329409239,1.5779619434295424,38204600
2020-07-29,1.678683161735535,1.7290436085600902,1.6451095305191643,19677700
2020-07-30,1.7794039249420166,1.8297645681894157,1.7038632602428372,38133700
2020-08-03,1.930485486984253,1.947272301644711,1.838158006351732,49428900
2020-08-04,1.9892395734786987,2.014419998561021,1.947272531865894,33310600
2020-08-05,1.9724525213241575,2.014419758040744,1.913698670081399,31115700
2020-08-06,1.9724525213241575,1.997632943399956,1.930485484722187,17309900
2020-08-07,1.8717314004898071,1.972452275796991,1.8717314004898071,16257200
2020-08-10,1.7626173496246338,1.871731857992596,1.7290437163159191,40535200
2020-08-11,1.8045847415924072,1.8465517867217207,1.7710109053742995,15168800
2020-08-12,1.7542235851287842,1.787797411735479,1.5947487592340308,15376400
2020-08-13,1.7626173496246338,1.8045845913751664,1.7458305329702766,5822700
2020-08-14,1.7290433645248413,1.7626169910026674,1.678682924808102,12700200
2020-08-17,1.7290433645248413,1.7626169910026674,1.678682924808102,8137900
2020-08-18,1.7206499576568604,1.7542235841298373,1.7038631444203718,11614100
2020-08-19,1.7626173496246338,1.8129779997023447,1.7206503079887403,13883000
2020-08-21,1.8717314004898071,1.8885182130410043,1.7626169187924343,20604900
2020-08-24,1.880124807357788,1.9304852450272472,1.829764369688329,12614800
2020-08-25,1.8213711977005005,1.8969118639217932,1.7961909756267362,11762200
2020-08-26,1.8465512990951536,1.8633381127139148,1.8045842650482509,5544900
2020-08-27,1.880124807357788,1.8885182136360312,1.8213709634100856,10682600
2020-08-28,1.8885185718536377,1.955665834816197,1.863338348242678,17909100
2020-09-01,1.9220919609069824,1.9472721813420333,1.8549447064135127,11435300
2020-09-02,1.930485486984253,1.9724525236353987,1.9136986723237943,9091200
2020-09-03,1.930485486984253,1.9724525236353987,1.9136986723237943,13292200
2020-09-04,1.8549447059631348,1.905305146821009,1.846551299153489,18140600
2020-09-07,1.8213711977005005,1.8969118639217932,1.7710105534383556,10209200
2020-09-08,1.7374372482299805,1.8381583554352283,1.7206504303815482,12125100
2020-09-09,1.7626173496246338,1.7710107579518124,1.66189644969849,18412200
2020-09-10,1.7290433645248413,1.787797410975636,1.6870763314275583,16203900
2020-09-11,1.8129777908325195,1.854944827633468,1.6870764803150575,15752400
2020-09-14,1.8391306400299072,1.864439752366321,1.7969487861358844,8746300
2020-09-15,1.8053852319717407,1.856003458748969,1.7885122885737108,4130800
2020-09-17,1.81382155418396,1.822257925085976,1.788512240338964,3942100
2020-09-18,1.81382155418396,1.822257925085976,1.788512240338964,4518400
2020-09-21,1.81382155418396,1.85600340869404,1.796948812379928,4984100
2020-09-22,1.8391306400299072,1.8391306400299072,1.7969487861358844,3926300
2020-09-23,1.830694317817688,1.881312543833369,1.796948833807234,11420000
2020-09-24,1.830694317817688,1.830694317817688,1.7800758906630565,10080800
2020-09-25,1.8981847763061523,1.8981847763061523,1.822257457663909,10573200
2020-09-28,1.9319311380386357,1.940367510649062,1.898185647596928,9868700
2020-09-29,1.9488033056259155,2.0078580975338007,1.9319305654062136,19891400
2020-09-30,1.9234939813613887,1.9488030888760104,1.9066212430183085,10424400
2020-10-01,1.9488033056259155,1.974112415955468,1.915057825186512,6346500
2020-10-02,1.9234939813613887,1.9488030888760104,1.8897485046752276,9734900
2020-10-05,1.9234939813613887,1.957239458047551,1.9066212430183085,5187100
2020-10-06,1.9488033056259155,1.974112415955468,1.9403669355160649,11523500
2020-10-07,2.0753490924835205,2.092221832980221,1.9150578566259304,25536900
2020-10-08,2.100658178329468,2.100658178329468,2.041603587290989,11716700
2020-10-09,2.083785057067871,2.109094162885834,2.066912319855896,7531400
2020-10-12,2.083785057067871,2.109094162885834,2.066912319855896,14671700
2020-10-13,2.100658178329468,2.142840029071238,2.08378543803276,19044300
2020-10-14,2.0500404834747314,2.1175314619795844,2.033167738848518,20404700
2020-10-15,2.024731159210205,2.092222130804225,1.9994218437234863,17883600
2020-10-16,2.083785057067871,2.1175305314918216,2.0162941082199706,21365800
2020-10-19,2.1597135066986084,2.235641065094551,2.0753497764131152,29807300
2020-10-20,2.2103312015533447,2.2103312015533447,2.13440386295993,23529300
2020-10-21,2.24407696723938,2.277822452272626,2.1934585385505545,24873100
2020-10-22,2.1597135066986084,2.277822930237297,2.1597135066986084,16922400
2020-10-23,2.193458318710327,2.2525131127386744,2.185021948297554,21158700
2020-10-26,2.1512763500213623,2.218767510803648,2.125967240155102,12146200
2020-10-27,2.1681487560272217,2.210330599308122,2.1344032814025016,14091300
2020-10-28,2.176585912704468,2.201895027836035,2.142840425862378,7555800
2020-10-30,2.142840385437012,2.185022243193849,2.0416039268206,16656500
2020-11-02,2.1090950965881348,2.1344042136105146,2.0416041178617887,10847600
2020-11-03,2.083785057067871,2.151276005915772,2.083785057067871,10584300
2020-11-04,2.142840385437012,2.1681495000911144,2.100658527680173,14328800
2020-11-05,2.235640525817871,2.252513267804961,2.151276614743471,16107800
2020-11-06,2.2609496116638184,2.336876949694485,2.2525132407715223,20541700
2020-11-09,2.277822256088257,2.303131367683368,2.2525131444931468,10534300
2020-11-10,2.235640525817871,2.260949638798506,2.2187677838307813,13109000
2020-11-11,2.176585912704468,2.26094983094866,2.1681495409939453,12805500
2020-11-12,2.193458318710327,2.2356403719131284,2.193458318710327,9905600
2020-11-13,2.2525131702423096,2.2693859114985937,2.1850220040782307,7623300
2020-11-16,2.2609496116638184,2.336876949694485,2.2525132407715223,14501500
2020-11-17,2.235640525817871,2.277822380785596,2.227204154824326,13860000
2020-11-18,2.193458318710327,2.277822223976993,2.193458318710327,10871400
2020-11-19,2.201895236968994,2.26938641820236,2.1934588644571966,13175400
2020-11-20,2.2103312015533447,2.252513257466413,2.193458459643697,8633400
2020-11-23,2.185022354125977,2.23564078714301,2.1765859821463,11736900
2020-11-24,2.083785057067871,2.1850214803397225,2.083785057067871,20599100
2020-11-25,2.2525131702423096,2.277822282126736,2.100658297796809,45634000
2020-11-26,2.235640525817871,2.320004235753321,2.2187677838307813,21528500
2020-11-27,2.2525131702423096,2.2946950233830203,2.2440767996141675,9935200
2020-11-30,2.2609496116638184,2.320004207909892,2.2525132407715223,14356200
2020-12-01,2.2609496116638184,2.286258724340707,2.244076869879226,4102000
2020-12-02,2.24407696723938,2.3200043085641835,2.24407696723938,14563700
2020-12-03,2.2525131702423096,2.3115677646393045,2.2440767996141675,10775500
2020-12-04,2.235640525817871,2.269386009792051,2.2187677838307813,8374300
2020-12-07,2.201895236968994,2.244077300666968,2.1934588644571966,7967400
2020-12-08,2.2103312015533447,2.235640515556766,2.193458459643697,14066200
2020-12-09,2.2103312015533447,2.277822370330885,2.193458459643697,18188700
2020-12-10,2.193458318710327,2.2356403719131284,2.176585577884781,9362400
2020-12-11,2.1597135066986084,2.201895371841355,2.1344043876129604,11392300
2020-12-14,2.083785057067871,2.15971237452176,2.058475951249908,10757400
2020-12-15,2.09229063987732,2.117806354658643,2.058269686835554,24644900
2020-12-16,2.2113640308380127,2.228374507784391,2.1093011691597416,18694600
2020-12-17,2.236879587173462,2.2538900613680184,2.1858479618089457,14279700
2020-12-18,2.202859401702881,2.2538910494388795,2.194354160877037,9716400
2020-12-21,2.1943538188934326,2.211364297894087,2.1773433398927784,4958300
2020-12-22,2.202859401702881,2.202859401702881,2.1518279567478187,6339800
2020-12-23,2.21986985206604,2.262396258376796,2.1858488892421826,6864700
2020-12-24,2.236879587173462,2.24538482427074,2.21136367310078,3880900
2020-12-28,2.279406785964966,2.279406785964966,2.245385822451912,8121900
2020-12-29,2.3389434814453125,2.3389434814453125,2.270901554147713,13346800
2020-12-30,2.398479700088501,2.398479700088501,2.296416829046007,15898300
2020-12-31,2.3474483489990234,2.406985025915195,2.3474483489990234,8897600
2021-01-04,2.313426971435547,2.3644583995424435,2.2794060193642824,8304000
2021-01-05,2.296416759490967,2.304921998486897,2.2879115204950367,5379000
2021-01-06,2.2113640308380127,2.3644585261363,2.2028587923648235,26611700
2021-01-07,2.2453854084014893,2.2538906477113816,2.1688380518315573,9578500
2021-01-08,2.22837495803833,2.2879118421612508,2.1943539972714734,15520200
2021-01-11,2.2623960971832275,2.2709013372832016,2.1858487335025414,10067600
2021-01-12,2.2709012031555176,2.279406442753141,2.2028590835936206,16130000
2021-01-13,2.3389434814453125,2.3729644450941123,2.262396313235513,33770400
2021-01-14,2.42399525642395,2.500542607389074,2.3474481082397123,51903000
2021-01-15,2.475027084350586,2.500542802401924,2.432500684817455,34656300
2021-01-18,2.5260589122772217,2.5515746342863737,2.458016986919484,39965400
2021-01-19,2.5430688858032227,2.577089841688607,2.475026974032453,30454400
2021-01-20,2.6196157932281494,2.6196157932281494,2.534563411414589,34377700
2021-01-21,2.56858491897583,2.6451320791428614,2.5430691989201533,26680800
2021-01-22,2.74719500541687,2.74719500541687,2.5515742933694097,51868200
2021-01-25,2.6791529655456543,2.747194878673121,2.6451318062010243,22511300
2021-01-26,2.8067312240600586,2.8067312240600586,2.6961631281727456,34820800
2021-01-27,2.942815065383911,2.985341253627435,2.8067310602237736,52834600
2021-01-29,2.891784191131592,2.95982610530098,2.840752552723651,31241600
2021-02-02,2.917299747467041,2.959825941469003,2.891784031065864,17174500
2021-02-03,2.976836681365967,3.087404998294395,2.917300004517301,30349000
2021-02-04,3.010857105255127,3.0533832954574285,2.9428152009314448,15417900
2021-02-05,2.9683310985565186,3.053383484219102,2.9598258599902603,10165900
2021-02-08,2.8747732639312744,2.9853413572004714,2.866267823206622,18312400
2021-02-09,2.917299747467041,2.951320702668611,2.8577628730834057,17146300
2021-02-10,2.883279323577881,2.934310765783986,2.8577633996939027,10021100
2021-02-11,2.900289297103882,2.917299774864418,2.857762899921651,11715100
2021-02-15,2.993846893310547,3.0108573708922406,2.908794505402078,16785000
2021-02-16,3.002352237701416,3.0448784331514003,2.976836520431425,16169500
2021-02-17,2.908794641494751,3.0023522725713123,2.8917841631171943,22329600
2021-02-18,2.8492581844329834,2.925805551197578,2.815237222662465,23628600
2021-02-19,2.891784191131592,2.9172999089451124,2.8492577919948245,10737700
2021-02-22,2.8747732639312744,2.9513204054253337,2.849257347319053,7139400
2021-02-23,2.891784191131592,2.891784191131592,2.8152368349101304,20828600
2021-02-24,2.7897214889526367,2.900289816997001,2.7897214889526367,15758700
2021-02-25,3.09591007232666,3.1384362678021165,2.8832788921684824,55472200
2021-02-26,3.0618889331817627,3.1044153317161207,2.993847019976225,39610300
2021-03-01,3.138436317443848,3.180962513591956,3.09591012129574,33566600
2021-03-02,3.1469414234161377,3.1894676177634724,3.1129204679382694,16436000
2021-03-03,3.0533833503723145,3.1384359350874527,3.036372873985462,19386800
2021-03-04,2.9683310985565186,3.027867768520327,2.9343101442914854,24978100
2021-03-05,2.8492581844329834,2.925805551197578,2.8322477035477243,42680700
2021-03-08,2.653637647628784,2.917300526402149,2.611111442272094,57120400
2021-03-09,2.6026060581207275,2.7386901105617665,2.568585095705701,86703800
2021-03-10,2.6876583099365234,2.7471949862545406,2.6536371492596094,46153400
2021-03-11,2.670647382736206,2.7131735729684494,2.645131465815989,27428300
2021-03-12,2.7386891841888428,2.7556996596424925,2.687657757827893,30108000
2021-03-15,2.670647382736206,2.738689287107796,2.653636703862438,19961300
2021-03-16,2.6876583099365234,2.696163549410526,2.645131909785607,15481000
2021-03-17,2.734809875488281,2.751956002248876,2.6833714952064964,7001000
2021-03-18,2.829113245010376,2.889124681722076,2.726236496361748,30888300
2021-03-19,2.8119678497314453,2.837687043565814,2.7519563974512518,15118700
2021-03-22,2.8119678497314453,2.8462601081772703,2.769102526674164,9046500
2021-03-23,2.8119678497314453,2.8462601081772703,2.803394785119989,6494700
2021-03-24,2.8033947944641118,2.846260117664269,2.7776756005440166,8139200
2021-03-25,2.743382692337036,2.794821067996359,2.734809629727149,10855500
2021-03-26,2.7948215007781982,2.8119676286530733,2.726236989278698,6354900
2021-03-29,2.7948215007781982,2.820540692590511,2.760529245028448,6189200
2021-03-30,2.8205409049987797,2.829113969581834,2.7776755820835057,4360100
2021-03-31,2.8119678497314453,2.829113978954358,2.7862486558970763,3837100
2021-04-01,2.897697687149048,2.897697687149048,2.786247681767356,10808900
2021-04-02,2.992002010345459,3.000575073808995,2.9234175026371707,20306900
2021-04-05,2.957710027694702,3.0520137344406546,2.9491369634450697,14858100
2021-04-06,2.9062716960906982,3.009148468994025,2.9062716960906982,12465200
2021-04-07,2.923417091369629,2.949136278142051,2.8719785134268574,9458500
2021-04-08,2.923417091369629,2.949136278142051,2.8891246379418054,9941500
2021-04-09,2.897697687149048,2.966282180062143,2.897697687149048,5797200
2021-04-12,2.897697687149048,2.9062707487631845,2.871978297908725,3798000
2021-04-13,2.914844274520874,2.914844274520874,2.8719787552266114,4248100
2021-04-14,2.923417091369629,2.940563215884577,2.8976979045972064,2851600
2021-04-15,2.9062716960906982,2.914844760499309,2.8719792340582773,4593500
2021-04-16,2.914844274520874,2.966282652396456,2.889124881185139,9523100
2021-04-19,2.923417091369629,2.949136278142051,2.8891246379418054,6302400
2021-04-20,2.9319908618927,2.9405639262211243,2.88055227152418,6611800
2021-04-21,2.8805527687072754,2.931991367954093,2.8805527687072754,4660400
2021-04-22,2.897697687149048,2.9234168719914586,2.8805513595228622,6978000
2021-04-23,2.949136972427368,2.957710036703112,2.880552253823446,7310000
2021-04-26,3.043440580368042,3.077732836354481,2.9748560683951637,23777300
2021-04-27,3.052013397216797,3.1034517770310464,3.0434403339144223,21113400
2021-04-28,2.957710027694702,3.0777329271895506,2.9062716421969097,14279200
2021-04-30,2.957710027694702,2.974856156193966,2.9148447064465417,4147700
2021-05-03,2.863406181335449,2.9577100946130064,2.811967794673861,15920500
2021-05-04,2.8205409049987797,2.8805523570801626,2.8205409049987797,8116900
2021-05-05,2.7691023349761963,2.8205407190839846,2.7348100789043377,16368800
2021-05-06,2.7948215007781982,2.803394564715636,2.734810053216136,7225000
2021-05-07,2.743382692337036,2.811967193216133,2.6919443166777137,17403100
2021-05-10,2.674798011779785,2.7605288430688937,2.649078823712434,8956300
2021-05-11,2.5976407527923584,2.649079134970909,2.571921561703083,24911200
2021-05-12,2.6062138080596924,2.683371585475934,2.5804946170535987,7474400
2021-05-17,2.5719215869903564,2.6490791610168003,2.5376293318674925,13786900
2021-05-18,2.6405060291290283,2.6405060291290283,2.5719215206523134,8107100
2021-05-19,2.5976407527923584,2.640506071274484,2.571921561703083,8083500
2021-05-20,2.5890674591064453,2.640505836715673,2.5633482703018315,6810500
2021-05-21,2.5719215869903564,2.6233599696746523,2.503337076744629,8480300
2021-05-24,2.7176642417907715,2.7519565015335714,2.597641128292981,19339700
2021-05-25,2.777675151824951,2.8205404681004387,2.734809835549464,17702400
2021-05-27,2.8205409049987797,2.8205409049987797,2.709091065419068,10747400
2021-05-28,2.6919448375701904,2.8033946730643136,2.6833717733014115,7465600
2021-05-31,2.743382692337036,2.743382692337036,2.589067360961133,4778500
2021-06-01,2.75195574760437,2.760528810191383,2.7005173720822917,3270800
2021-06-02,2.8119678497314453,2.8205409143429017,2.7348102682283386,6673600
2021-06-03,2.8033947944641118,2.8376870530242373,2.7776756005440166,7026300
2021-06-04,2.777675151824951,2.829113531355536,2.760529025314756,7884000
2021-06-08,2.71691370010376,2.8297566493890733,2.6995530394146248,7347900
2021-06-09,2.6995532512664795,2.7342743684166133,2.690873023717184,5475400
2021-06-10,2.7603156566619877,2.777676115569365,2.716914509393543,3683400
2021-06-11,2.725594043731689,2.7603149526914788,2.699553155058906,4307000
2021-06-14,2.725594043731689,2.7516347254515314,2.716913816491742,6064000
2021-06-15,2.7776753902435303,2.795035844617626,2.7082333657942077,18459600
2021-06-16,2.7863550186157227,2.855796821188385,2.7342736666862257,16182400
2021-06-17,2.7950360774993896,2.8210767612302368,2.76031516585826,4602300
2021-06-18,2.8384368419647217,2.881837975780878,2.812396161675028,11156900
2021-06-21,2.7776753902435303,2.8210765261787696,2.7342742543082914,11923700
2021-06-22,2.725594043731689,2.803716088891215,2.699553155058906,10072100
2021-06-23,2.7516348361968994,2.777675518964804,2.734274381018297,7148200
2021-06-24,2.725594043731689,2.768995179931426,2.6821927005790114,13086900
2021-06-25,2.725594043731689,2.742954498211584,2.716913816491742,6951900
2021-06-28,2.725594043731689,2.7342742709716368,2.6908729278189587,7093800
2021-06-29,2.7516348361968994,2.7689952913755023,2.708233491297442,7421500
2021-06-30,2.7516348361968994,2.7689952913755023,2.734274381018297,4412300
2021-07-01,2.725594043731689,2.7516347254515314,2.6908729278189587,8007000
2021-07-02,2.7429540157318115,2.7429540157318115,2.699552680213336,5883700
2021-07-05,2.7603156566619877,2.803716803930432,2.74295519775461,11006000
2021-07-06,2.7342746257781982,2.7863559959760957,2.7255943974118817,5380800
2021-07-07,2.7603156566619877,2.786356345023054,2.716914509393543,6065400
2021-07-08,2.708233594894409,2.7516349414540806,2.673512683209039,8605500
2021-07-09,2.682192802429199,2.725594147229945,2.682192802429199,5967000
2021-07-12,2.69087290763855,2.716913796116038,2.6821926804637006,3203500
2021-07-13,2.708233594894409,2.734274485611396,2.690873139051724,5039600
2021-07-14,2.8123958110809326,2.8123958110809326,2.708232895954207,16605900
2021-07-15,2.7776753902435303,2.8384369805528653,2.7689951630564824,6232700
2021-07-16,2.7603156566619877,2.7950365744767427,2.7516354272082983,3299800
2021-07-19,2.7603156566619877,2.786356345023054,2.74295519775461,5895600
2021-07-21,2.7603156566619877,2.777676115569365,2.734274968300921,8363300
2021-07-22,2.8731582164764404,2.8731582164764404,2.7603152501950423,14934900
2021-07-23,2.907878875732422,2.933919764942181,2.8731579660566715,14191300
2021-07-26,2.942600011825561,2.977320921730981,2.9252393499199045,15063400
2021-07-27,2.9599602222442627,2.9773206757627566,2.925239108254344,7613100
2021-07-28,2.9339194297790527,2.9512798826337163,2.899198317116803,6824800
2021-07-29,2.951279640197754,2.986000543054896,2.9165585303877064,9905500
2021-07-30,2.8905184268951416,2.959960453343748,2.855797517147312,9988300
2021-08-02,3.038082361221313,3.038082361221313,2.899198521633853,20286000
2021-08-03,3.064122676849365,3.0728029028536388,2.9860006428109025,13832800
2021-08-04,3.038082361221313,3.0641230423402863,3.020721907141998,15546500
2021-08-05,3.072803497314453,3.107524408048613,3.0380825865802934,15638100
2021-08-06,3.124884605407715,3.142245059341418,3.081483470573456,13340600
2021-08-09,3.124884605407715,3.142245059341418,2.994681200904939,20658900
2021-08-11,3.081483840942383,3.255088608098213,3.072803612932239,34317400
2021-08-12,3.0901639461517334,3.1335650844777225,3.0641232631561404,12071700
2021-08-13,3.038082361221313,3.12488463161789,2.994681226023025,11689400
2021-08-16,3.0554428100585938,3.0554428100585938,2.977320766835704,12422100
2021-08-17,3.0033609867095947,3.090163243627772,2.9860005353259598,7466100
2021-08-18,2.9686403274536133,3.0033612330689667,2.9339194218382603,10687000
2021-08-19,2.951279640197754,2.9773203173406104,2.933919188769183,14318100
2021-08-20,2.951279640197754,3.003360994483467,2.9425994144834684,4811500
2021-08-23,2.9773213863372803,3.0120423016608435,2.968641157506389,9121000
2021-08-24,3.064122676849365,3.0814831288579128,3.00336109481945,15712500
2021-08-25,3.038082361221313,3.0988439504989174,3.020721907141998,9867500
2021-08-26,3.0294017791748047,3.038082005197252,2.994680875085016,5858000
2021-08-27,2.9773213863372803,3.038082988153516,2.968641157506389,6910000
2021-08-30,2.986001253128052,3.0294023920203,2.9686407975711524,7932700
2021-09-01,2.9946811199188232,3.0120415733830423,2.9860008931867137,6529600
2021-09-02,2.9773213863372803,3.0207225304917342,2.9599609286754984,6957000
2021-09-03,2.9946811199188232,3.0120415733830423,2.9686404397224946,6675200
2021-09-06,3.046762704849243,3.064123159592879,2.977320885874702,12894400
2021-09-07,3.081483840942383,3.081483840942383,3.029402472881522,8596200
2021-09-08,3.0683705806732178,3.112079521738514,3.0683705806732178,14268900
2021-09-09,3.059628963470459,3.094596118277098,3.0508871747688,6989700
2021-09-10,3.042145252227783,3.068370617178976,3.024661675593655,10613700
2021-09-13,3.0771126747131348,3.0771126747131348,3.015920151139941,10222100
2021-09-14,3.0858540534973145,3.1033376293364534,3.059628689738606,7426500
2021-09-15,3.0945966243743896,3.1383055750309485,3.085854834243078,8501800
2021-09-17,3.182013988494873,3.2169811408265745,3.094595899244951,21063800
2021-09-20,3.1645305156707764,3.208239668812199,3.147046937782483,16021800
2021-09-21,3.173271656036377,3.208238802369456,3.138304301282666,19112500
2021-09-22,3.208240270614624,3.269432804702161,3.173273108278889,32922400
2021-09-23,3.278173446655273,3.2869152341761945,3.216980934008825,28261400
2021-09-24,3.356849908828736,3.3655916973248776,3.260690235371172,34562200
2021-09-27,3.3043997287750244,3.3918178367318306,3.295657938821415,18464400
2021-09-28,3.1645305156707764,3.3131411361419603,3.1645305156707764,31041700
2021-09-29,3.2257232666015625,3.2519486335958,3.1120798012058435,30074300
2021-09-30,3.2257232666015625,3.2781740005900377,3.1820143216111667,19423500
2021-10-01,3.199497699737549,3.243206641997486,3.182014122833574,8205800
2021-10-04,3.2694320678710938,3.3043992223262904,3.216981336188299,15865700
2021-10-05,3.2169814109802246,3.2432067774313382,3.182014255712073,14363400
2021-10-06,3.190756320953369,3.2606906375482803,3.173272741804641,9646700
2021-10-07,3.2344648838043213,3.278173826473161,3.208239518203017,12838000
2021-10-08,3.2344648838043213,3.251948460871857,3.2169813067367854,5699000
2021-10-11,3.2257232666015625,3.243206844597721,3.199497899607325,9203800
2021-10-12,3.24320650100708,3.260690077151,3.2169811367912007,9671600
2021-10-13,3.199497699737549,3.2344648535454987,3.190755911285561,19283400
2021-10-14,3.2344648838043213,3.2344648838043213,3.208239518203017,8603600
2021-10-15,3.3043997287750244,3.35685046849668,3.251948989053368,27240800
2021-10-18,3.321882963180542,3.348108330313728,3.3043993850917515,10996700
2021-10-20,3.365591764450073,3.496718802928152,3.365591764450073,45537100
2021-10-21,3.400559425354004,3.426784793662149,3.3393666908809654,27892600
2021-10-22,3.400559425354004,3.409301214790052,3.3481084803170136,13024200
2021-10-25,3.365591764450073,3.409300916223221,3.35684997577958,11797300
2021-10-26,3.3393659591674805,3.391816892711554,3.321882384126341,12955200
2021-10-27,3.409301519393921,3.4267850998280878,3.3218834088023708,21794700
2021-10-28,3.400559425354004,3.4792355302784386,3.391817635917956,17351300
2021-10-29,3.383075475692749,3.4267846291958994,3.374333686676257,11379400
2021-11-01,3.383075475692749,3.4355264182123912,3.3481083196267813,16104900
2021-11-02,3.453010082244873,3.470493660713297,3.391817557605389,14111600
2021-11-03,3.41804313659668,3.47049387524423,3.409301346822088,6560200
2021-11-05,3.453010082244873,3.487977239181721,3.4355265037764493,12192200
2021-11-08,3.4267847537994385,3.4704937004712275,3.400559385796365,9023500
2021-11-09,3.41804313659668,3.4617520854696378,3.409301346822088,7509900
2021-11-10,3.41804313659668,3.453010295695046,3.400559557047496,11116000
2021-11-11,3.41804313659668,3.435526716145863,3.3918177672729044,10825200
2021-11-12,3.4967188835144043,3.5316860390022384,3.4355263614106946,50335900
2021-11-15,3.575395107269287,3.654070996836525,3.531685955521983,36902100
2021-11-16,3.584136962890625,3.6016205415645737,3.5316862268687794,25431100
2021-11-17,3.56665301322937,3.662812894354664,3.557911433222354,29480900
2021-11-18,3.689038038253784,3.706521615047732,3.5753949975137997,37593700
2021-11-19,3.715263843536377,3.715263843536377,3.645329531999725,25039300
2021-11-22,3.706521987915039,3.758973140414695,3.66281324995385,26944000
2021-11-23,3.706521987915039,3.732747564164867,3.6365876737040224,26998600
2021-11-24,3.6540706157684326,3.7327469139722047,3.627845460928056,31895300
2021-11-25,3.636587381362915,3.6802965326517687,3.6016202270683766,30002600
2021-11-26,3.645328760147095,3.6977794826938015,3.610361611782624,30155100
2021-11-29,3.627845764160156,3.689038075129986,3.531685882411539,39199800
2021-11-30,3.6628124713897705,3.697779621062693,3.5753945972074628,290248400
2021-12-01,3.584136962890625,3.6540712775864193,3.549169805542728,30054900
2021-12-02,3.383075475692749,3.5928788289299374,3.243206851428877,81730600
2021-12-06,3.365591764450073,3.409300916223221,3.2956574550861286,21914100
2021-12-07,3.41804313659668,3.4967192445680046,3.3830757690776045,41651700
2021-12-08,3.487977266311645,3.514202634218266,3.4530101091028187,19884300
2021-12-09,3.503823518753052,3.521430655237751,3.477412814026004,11893000
2021-12-10,3.4950196743011475,3.547841289474403,3.486216106754539,13610700
2021-12-13,3.521430730819702,3.530234509144634,3.4950200255257897,10160100
2021-12-14,3.477412700653076,3.503823404519065,3.459805564742417,13016600
2021-12-15,3.477412700653076,3.477412700653076,3.4510019967870877,7721600
2021-12-16,3.503823518753052,3.530234433373724,3.477412814026004,9628800
2021-12-17,3.2837343215942383,3.4950201833821173,3.2837343215942383,44799200
2021-12-20,3.3189480304718018,3.3629658671040006,3.230912357207405,23053800
2021-12-21,3.3453588485717773,3.3629659838358177,3.3013410104116767,7470100
2021-12-22,3.380573511123657,3.398180648429486,3.3453592365119995,12586800
2021-12-23,3.4333949089050293,3.459805613140469,3.3805732905405312,15160200
2021-12-24,3.4245917797088623,3.459806056535706,3.3893772929883728,5315600
2021-12-27,3.4245917797088623,3.4333953489155733,3.3805737237816618,5152200
2021-12-28,3.4862165451049805,3.503823682412086,3.424591564530112,11003100
2021-12-29,3.46860933303833,3.5214307438211767,3.459805764574522,13291100
2021-12-30,3.4862165451049805,3.503823682412086,3.4598058391443227,6243600
2021-12-31,3.521430730819702,3.521430730819702,3.459805751800573,7708200
2022-01-03,3.565448760986328,3.574252119469972,3.486216435697264,6254600
2022-01-04,3.512627363204956,3.565448986706216,3.486216656401146,13239100
2022-01-05,3.503823518753052,3.53903779172245,3.4950199505107022,8752100
2022-01-06,3.45100212097168,3.4862163940601865,3.424591416155299,9862900
2022-01-07,3.4333949089050293,3.459805613140469,3.41578777274807,10081400
2022-01-10,3.3013412952423096,3.424591462617885,3.292537726850742,21987000
2022-01-11,3.2045018672943115,3.3277518180208534,3.142876682037425,51379900
2022-01-12,3.2397162914276123,3.3013412696916413,3.2045020181338817,19343200
2022-01-13,3.13407301902771,3.248519608266048,3.0988587484601013,19560100
2022-01-14,2.975609064102173,3.1076625903858144,2.949198148951817,54701900
2022-01-17,3.0284311771392822,3.0812525999060467,2.94919883309546,29394500
2022-01-19,2.8875732421875,2.9491982226600366,2.8171446930760298,40169600
2022-01-20,2.896376848220825,2.9403946919837973,2.843555435705259,32354000
2022-01-21,2.852358102798462,2.878768800707555,2.808340272949973,37481400
2022-01-24,2.896376848220825,2.913983985726014,2.817144729447475,20410700
2022-01-25,2.8611624240875244,2.9051802655563,2.8347517192062592,22213500
2022-01-26,2.878769874572754,2.896377013080126,2.834752028304324,26748500
2022-01-27,2.843555450439453,2.8611625880358758,2.81714474404482,21592300
2022-01-28,2.878769874572754,2.905180582333812,2.8435555975580096,12938000
2022-01-31,2.905180692672729,2.9227878318488214,2.887573553496637,10720100
2022-02-03,2.878769874572754,2.99321648476432,2.869966305319068,19908800
2022-02-04,2.852358102798462,2.8875723666772526,2.852358102798462,8743200
2022-02-07,2.8699662685394287,2.887573406821159,2.8523591302576983,12056200
2022-02-08,2.843555450439453,2.8963768632287192,2.843555450439453,13985800
2022-02-09,2.896376848220825,2.9051804169734194,2.8611625732104478,11966500
2022-02-10,2.940394401550293,3.019626722391212,2.9051801300181577,25269700
2022-02-11,2.8875732421875,2.922787516743235,2.8787696735485664,14651800
2022-02-14,2.817144632339477,2.878769611483403,2.808341063890345,20200300
2022-02-15,2.843555450439453,2.843555450439453,2.8083411752466088,16796200
2022-02-16,2.905180692672729,2.9139842622607754,2.843555705556407,13425600
2022-02-17,2.905180692672729,2.94919854061296,2.8963771230846835,12456200
2022-02-18,2.817144632339477,2.8875731799325357,2.808341063890345,10853500
2022-02-21,2.702697992324829,2.8171445903514094,2.66748371905315,34330800
2022-02-22,2.702697992324829,2.764323180443892,2.6762872873710704,25646500
2022-02-23,2.7643229961395264,2.7819301316014537,2.720304947591097,17251600
2022-02-24,2.737912178039551,2.7819302281151006,2.711501473930392,20178500
2022-02-25,2.7819302082061768,2.834751616046477,2.76432307225941,12093900
2022-02-28,2.834751605987549,2.843555173929693,2.7643230624503925,15136100
2022-03-01,2.755519151687622,2.8523583870032145,2.74671537494716,15759900
2022-03-02,2.746715784072876,2.7555195621246686,2.6938943751238487,14075000
2022-03-03,2.6674838066101074,2.781930408393261,2.658680238003221,15273700
2022-03-04,2.614661931991577,2.6762869013278703,2.5882512308474515,26287000
2022-03-07,2.4209835529327397,2.6058586941942186,2.3945728484516167,29307100
2022-03-08,2.3241446018218994,2.403376725446619,2.2801265454700737,33652900
2022-03-09,2.412179946899414,2.429787082943718,2.332947834700047,30520200
2022-03-10,2.561840772628784,2.5882514762772937,2.5090191554381507,31931100
2022-03-11,2.579448699951172,2.605859411704349,2.491412784213567,8943000
2022-03-14,2.579448699951172,2.6234665528731345,2.535430847029209,11137600
2022-03-15,2.465001344680786,2.5530372344262244,2.43859064072524,17793100
2022-03-16,2.588251829147339,2.5970553982304123,2.50021592842296,13321100
2022-03-17,2.773126602172852,2.7909032503618083,2.6309151119558867,39390400
2022-03-18,2.6931326389312744,2.7731266021784795,2.6486915482383826,24526400
2022-03-21,2.7997913360595703,2.7997913360595703,2.702020729248493,20789400
2022-03-22,2.746462106704712,2.7820151932283728,2.7197974507458524,16591500
2022-03-23,2.8442323207855225,2.85312053817906,2.755349934938333,18270200
2022-03-24,2.817568063735962,2.826456282375968,2.782015189175937,9132400
2022-03-25,2.870896816253662,2.870896816253662,2.826455731711864,12123900
2022-03-28,2.7820146083831787,2.8708967762275788,2.773126179686934,8831000
2022-03-29,2.719797372817993,2.8086797687127074,2.6931327176231314,13493400
2022-03-30,2.764238119125366,2.799791200184237,2.7464616845518384,10055600
2022-03-31,2.7286853790283203,2.7642382498568074,2.7197971613211984,9323700
2022-04-01,2.773126602172852,2.782015032223248,2.693132638925809,4770900
2022-04-04,2.773126602172852,2.782015032223248,2.7375737296186102,6696000
2022-04-05,2.7997913360595703,2.817567771495798,2.746461817839062,8306700
2022-04-06,2.7375733852386475,2.773126253320426,2.7375733852386475,7256900
2022-04-07,2.6931326389312744,2.7197972933470096,2.684244420792696,10009500
2022-04-08,2.7109084129333496,2.728684844867723,2.702020196966163,9559700
2022-04-11,2.639803409576416,2.7020209384196487,2.63091519117024,15399600
2022-04-12,2.6220269203186035,2.6309151385469987,2.5509209625796045,16272300
2022-04-13,2.630914688110352,2.6486911215236537,2.6131382546970494,10514500
2022-04-14,2.5864737033843994,2.657579439753958,2.577585486338205,13903300
2022-04-15,2.577585935592652,2.577585935592652,2.5509210678947647,3690800
2022-04-18,2.550920963287353,2.577585829891775,2.506479872133048,7293600
2022-04-20,2.5864737033843994,2.604250137476789,2.56869726929201,13374200
2022-04-21,2.595362424850464,2.6042506436241224,2.550921119070321,10643400
2022-04-22,2.497591257095337,2.5686972035570483,2.488703040276598,18732800
2022-04-25,2.4353742599487305,2.4798153535421315,2.42648604123005,11781900
2022-04-26,2.4798154830932617,2.497591921459303,2.453150825544199,7884300
2022-04-27,2.462038516998291,2.470926734276155,2.408709213331107,9947100
2022-04-28,2.533143997192383,2.559808858221678,2.4620382662123785,12784400
2022-04-29,2.5242562294006348,2.5509208832566608,2.515368011448626,7226400
2022-05-05,2.399821281433105,2.5598094233718034,2.399821281433105,14982800
2022-05-06,2.355380058288574,2.382044711804708,2.328715192860612,15246100
2022-05-09,2.355380058288574,2.3998211474821303,2.337603622611152,7980500
2022-05-10,2.355380058288574,2.382044711804708,2.319826975021901,10687900
2022-05-11,2.346491813659668,2.3553800313969013,2.3198269485361416,6934100
2022-05-12,2.230945110321045,2.328715520294061,2.222056891232589,22123900
2022-05-13,2.275385618209839,2.293162051796493,2.20427988386322,20083000
2022-05-17,2.3287150859832764,2.346491732756661,2.27538578139858,18844700
2022-05-18,2.2931625843048096,2.373156765932463,2.2931625843048096,14028700
2022-05-19,2.248721122741699,2.2842739923642053,2.2042800357135666,9473300
2022-05-20,2.26649808883667,2.29316274730394,2.248721649858489,7103100
2022-05-23,2.2220568656921387,2.2753861796099044,2.2220568656921387,10370100
2022-05-24,2.204280138015747,2.2576094449245567,2.204280138015747,10241900
2022-05-25,2.26649808883667,2.27538630832576,2.213168771902129,12282500
2022-05-26,2.346491813659668,2.3642682491341342,2.2664976421127423,19869100
2022-05-27,2.355380058288574,2.382044711804708,2.319826975021901,7046100
2022-05-30,2.399821281433105,2.408709499767931,2.302050667838185,8999600
2022-05-31,2.497591257095337,2.497591257095337,2.364268004814261,32626700
2022-06-01,2.417597770690918,2.4975917374443943,2.39982133363459,16459600
2022-06-02,2.5242562294006348,2.5331444473526434,2.399821178072512,19016500
2022-06-03,2.533143997192383,2.5686970745941786,2.48870291532988,16410600
2022-06-07,2.4798154830932617,2.524256579008365,2.4442626063611788,6526400
2022-06-08,2.453150510787964,2.4798151649157663,2.426485856660162,8066800
2022-06-09,2.453150510787964,2.4620387288305645,2.4175976386175613,7457500
2022-06-10,2.417597770690918,2.4442624262754102,2.39982133363459,8320000
2022-06-13,2.319827079772949,2.3731566011251224,2.293162425052782,13588400
2022-06-14,2.3642680644989014,2.390932715628251,2.2753856821559264,10543400
2022-06-15,2.3391733169555664,2.3750228973804672,2.330210975269112,13053800
2022-06-16,2.375023603439331,2.4198353251934583,2.339174012356885,10297200
2022-06-17,2.3570985794067383,2.3570985794067383,2.3033243072728,16685900
2022-06-20,2.3302106857299805,2.3481353668756686,2.2853989828657606,6701200
2022-06-21,2.375023603439331,2.392948292140982,2.3122869793044085,9898000
2022-06-22,2.2943618297576904,2.375023126392652,2.285399487207039,8888900
2022-06-23,2.26747465133667,2.3302110450197557,2.26747465133667,6903600
2022-06-24,2.3302106857299805,2.3302106857299805,2.2764366422929165,4993900
2022-06-27,2.3929479122161865,2.401910255144074,2.3302112980418634,7024400
2022-06-28,2.3839852809906006,2.4019099646787256,2.3570982554584123,5834300
2022-06-29,2.348135471343994,2.401909730852524,2.3391731303724166,8806200
2022-06-30,2.366060733795166,2.392947760878405,2.3391734930328294,10484200
2022-07-01,2.3302106857299805,2.375022602273255,2.3122860045842923,5777200
2022-07-04,2.2853996753692627,2.3391737351005117,2.2853996753692627,6994500
2022-07-05,2.312286615371704,2.339173644192409,2.3033242724314693,3178200
2022-07-06,2.312286615371704,2.375023229632459,2.312286615371704,10419900
2022-07-07,2.3302106857299805,2.3481353668756686,2.3122860045842923,6397600
2022-07-08,2.3929479122161865,2.4108725980719616,2.3570985405046363,8485100
2022-07-12,2.2316250801086426,2.3660604108550576,2.2316250801086426,18543900
2022-07-13,2.1420016288757324,2.2495497205285404,2.133039287904665,21357400
2022-07-14,2.150964498519897,2.177851528041507,2.1151149121453026,12529300
2022-07-15,2.258512258529663,2.276436942035527,2.15096415749448,16066700
2022-07-18,2.348135471343994,2.3570980259946355,2.2764367435713724,12840900
2022-07-19,2.3391733169555664,2.348135658642021,2.294361608523291,5090400
2022-07-20,2.3929479122161865,2.419834940999849,2.3750232263604114,8482700
2022-07-21,2.419834852218628,2.4287971948176965,2.383985481822354,11915200
2022-07-22,2.4556844234466557,2.4825714534427465,2.4198350501185337,13194800
2022-07-25,2.4377593994140625,2.4556840835974745,2.410872373138944,4796000
2022-07-26,2.428797006607056,2.4467216904161857,2.4108723227979256,4206100
2022-07-27,2.4915332794189453,2.500495620889985,2.4108722061795853,9160600
2022-07-28,2.572194576263428,2.572194576263428,2.509458180512369,18933600
2022-07-29,2.563232421875,2.625969035903178,2.545307736060981,18830600
2022-08-01,2.5901193618774414,2.6080440455987453,2.5453074388950965,10745400
2022-08-02,2.5363452434539795,2.5901195114012867,2.5273829010759443,8176500
2022-08-03,2.563232421875,2.5811573213681296,2.491533678618922,9777900
2022-08-04,2.6259686946868896,2.64389337817179,2.590119327717089,12696400
2022-08-05,2.617006778717041,2.634931465118189,2.599082092315893,4750400
2022-08-08,2.643893957138061,2.652856300843107,2.5990822386128327,8830400
2022-08-09,2.643893957138061,2.652856300843107,2.62596926972797,4651500
2022-08-10,2.527383089065552,2.6259690762359718,2.518420746020888,11851000
2022-08-11,2.6259686946868896,2.6259686946868896,2.581156985974639,15872900
2022-08-12,2.617006778717041,2.617006778717041,2.599082092315893,6048300
2022-08-15,2.617006778717041,2.6438938083187637,2.5811574059147446,5629900
2022-08-16,2.643893957138061,2.643893957138061,2.6080445823178784,3864500
2022-08-17,2.5990822315216064,2.643893949924573,2.5990822315216064,4503300
2022-08-18,2.5901193618774414,2.5901193618774414,2.5632321226164003,4562400
2022-08-19,2.563232421875,2.625969035903178,2.55427007896799,4419500
2022-08-22,2.419834852218628,2.536345306006518,2.41087250961956,13725400
2022-08-23,2.3929479122161865,2.401910255144074,2.3570985405046363,15192800
2022-08-24,2.3839852809906006,2.4019099646787256,2.375022939146538,6593600
2022-08-25,2.4467217922210693,2.464646476776022,2.375023054001259,9165100
2022-08-26,2.4915332794189453,2.500495620889985,2.4377592305927056,7023700
2022-08-29,2.410872220993042,2.4377592455713675,2.375022854888608,7398900
2022-08-30,2.428797006607056,2.4467216904161857,2.392947638988796,9872000
2022-09-01,2.4019103050231934,2.428797334365204,2.375023275681183,5329900
2022-09-02,2.4019103050231934,2.428797334365204,2.3839856187951862,3649800
2022-09-05,2.3839852809906006,2.4019099646787256,2.3570982554584123,2825000
2022-09-06,2.4377593994140625,2.464646425689181,2.392947688955532,8365300
2022-09-07,2.428797006607056,2.4377593485116207,2.4108723227979256,3521300
2022-09-08,2.4396398067474365,2.4757825835924745,2.421568418324917,5784200
2022-09-09,2.484818935394287,2.5028903285992783,2.4306047557793136,5983200
2022-09-12,2.5299971103668213,2.5480685013715294,2.493854328357405,4520600
2022-09-13,2.5390326976776123,2.5390326976776123,2.4938542220909574,4470700
2022-09-14,2.50288987159729,2.520961261502631,2.421568617023256,5940400
2022-09-15,2.5299971103668213,2.5299971103668213,2.484818632855052,7596000
2022-09-19,2.4215688705444336,2.520961525429519,2.4215688705444336,6456900
2022-09-20,2.4486753940582275,2.457711087875021,2.4396397002414343,8453800
2022-09-21,2.4125328063964844,2.439639889954788,2.3944614173576158,3562400
2022-09-22,2.4396398067474365,2.4396398067474365,2.38542564147988,2886200
2022-09-23,2.4125328063964844,2.439639889954788,2.4034971118770496,2736100
2022-09-26,2.394461870193481,2.403497566421729,2.367354566080748,5898900
2022-09-27,2.394461870193481,2.421568958878224,2.376390477736986,5692000
2022-09-28,2.276997327804565,2.3854258848289547,2.26796163267153,23893500
2022-09-29,2.3041045665740967,2.313140262308584,2.295068870839609,7792500
2022-09-30,2.276997327804565,2.286033022937601,2.2589259375384945,8487500
2022-10-03,2.231818914413452,2.26796169595408,2.231818914413452,9917300
2022-10-04,2.2589263916015625,2.28603348244942,2.2498906946522768,5685900
2022-10-05,2.3131399154663086,2.349282692984853,2.276997137947764,7634600
2022-10-06,2.3221757411956787,2.3402471309771267,2.3131400463049547,2539000
2022-10-07,2.3221757411956787,2.3312114360864027,2.2860329616327824,2425000
2022-10-11,2.231818914413452,2.286033086724393,2.195676132872825,7034100
2022-10-12,2.1414616107940674,2.2318187744052507,2.1414616107940674,11134400
2022-10-13,2.1143548488616943,2.141461937451563,2.1053191526650714,7455100
2022-10-14,2.123389959335327,2.168568643284193,2.123389959335327,7178900
2022-10-17,2.1143548488616943,2.1233905450583173,2.0601406716819564,7552200
2022-10-18,2.204711675643921,2.204711675643921,2.141461596898135,6567800
2022-10-19,2.1414616107940674,2.213747384768605,2.1414616107940674,6328800
2022-10-20,2.168568849563598,2.168568849563598,2.123390161317229,14479600
2022-10-21,2.1504971981048584,2.177604278489215,2.132425595754029,2524300
2022-10-25,2.1504971981048584,2.195675665412119,2.1504971981048584,5312100
2022-10-26,2.168568849563598,2.2047116278183334,2.159533154999915,5005400
2022-10-27,2.168568849563598,2.186640238690966,2.159533154999915,3045800
2022-10-28,2.168568849563598,2.186640238690966,2.159533154999915,3874300
2022-10-31,2.2498903274536133,2.2498903274536133,2.204711850080644,5439900
2022-11-01,2.222782850265503,2.2318185441516256,2.1956757686071358,2323100
2022-11-02,2.213747262954712,2.231818651596959,2.1685687913490943,4348000
2022-11-03,2.18664026260376,2.231818735916244,2.177604567941263,5606000
2022-11-04,2.3131399154663086,2.3131399154663086,2.1866401941514035,3540400
2022-11-07,2.2498903274536133,2.286033109351989,2.2408546319790195,4945800
2022-11-08,2.222782850265503,2.258925625809993,2.1956757686071358,2629800
2022-11-09,2.2408547401428223,2.24989043605356,2.213747652410609,2941400
2022-11-10,2.231818914413452,2.2589260005689225,2.2137475236431383,2956800
2022-11-11,2.34928297996521,2.358318675448616,2.304104502548182,14182900
2022-11-14,2.367354154586792,2.3763900646724068,2.3402470706138083,3881800
2022-11-15,2.3131399154663086,2.358318387364489,2.3131399154663086,1964400
2022-11-16,2.358318328857422,2.376389932596306,2.3221755522355365,3216800
2022-11-17,2.331211566925049,2.3402472623228987,2.295068785333648,2801500
2022-11-21,2.331211566925049,2.349282957720749,2.267961699140098,4348300
2022-11-22,2.2860329151153564,2.3221756939428,2.276997220408496,6136700
2022-11-23,2.2950689792633057,2.349283156231418,2.2860332831019536,5528300
2022-11-24,2.51192569732666,2.51192569732666,2.3221758780138018,20836200
2022-11-25,2.4486753940582275,2.51192525077578,2.421568312607848,14200700
2022-11-29,2.4486753940582275,2.4667467816918136,2.4034969249742613,3729400
2022-11-30,2.4034972190856934,2.475782778465487,2.4034972190856934,9986700
2022-12-01,2.5480682849884038,2.584211063928558,2.4486756429029786,24589500
2022-12-02,2.5390326976776123,2.575175478146936,2.5209613074429504,5653900
2022-12-05,2.51192569732666,2.566139869865199,2.4938543064804803,7657100
2022-12-06,2.50288987159729,2.5119255665499605,2.484818481691949,5172800
2022-12-07,2.4577114582061768,2.484818543741087,2.421568677492963,7176100
2022-12-08,2.4631848335266118,2.4631848335266118,2.3993245480205228,3973000
2022-12-09,2.454062223434448,2.517922516430718,2.435816425435513,4623500
2022-12-12,2.454062223434448,2.48143092043285,2.4266935264360465,3713900
2022-12-13,2.454062223434448,2.4996767184317843,2.444939324434981,4002800
2022-12-14,2.4996769428253174,2.5179227424621597,2.4814311431884755,4153400
2022-12-15,2.4266936779022217,2.4905539748844405,2.4266936779022217,5501000
2022-12-16,2.4175705909729004,2.444939287558506,2.390201676880229,4156200
2022-12-19,2.4266936779022217,2.463185276177775,2.3993249791955567,2196400
2022-12-20,2.454062223434448,2.463185122433915,2.408447728437112,2646900
2022-12-21,2.4266936779022217,2.463185276177775,2.4175707783333333,3262700
2022-12-22,2.4175705909729004,2.4540621864203747,2.408447692111032,1059400
2022-12-23,2.399324655532837,2.4084475538710697,2.3810786413493177,2066400
2022-12-27,2.4175705909729004,2.4175705909729004,2.3993247932491637,1137100
2022-12-28,2.3902013301849365,2.417570240307787,2.371955535107726,1461600
2022-12-29,2.4084479808807373,2.417570880836429,2.371956163550877,2605800
2022-12-30,2.381078720092773,2.444939228079356,2.381078720092773,4595900
2023-01-03,2.3902013301849365,2.3993244452305764,2.3628326375691207,2333400
2023-01-04,2.4084479808807373,2.4266937807921214,2.371956163550877,6832100
2023-01-05,2.4631848335266118,2.4723077314560524,2.417570343879405,4140600
2023-01-06,2.490554094314575,2.490554094314575,2.4449395942827703,3680700
2023-01-09,2.5544142723083496,2.5544142723083496,2.5087997744560204,7261500
2023-01-10,2.4084479808807373,2.527045680304735,2.326341663772416,30173600
2023-01-11,2.4175705909729004,2.444939287558506,2.3993247932491637,6457700
2023-01-12,2.444939613342285,2.454062513419764,2.417570913109849,6925400
2023-01-13,2.4175705909729004,2.444939287558506,2.3993247932491637,3127200
2023-01-16,2.371955394744873,2.4175700972456378,2.3628324977461244,3264100
2023-01-17,2.371955394744873,2.3902011887423704,2.3628324977461244,1907700
2023-01-18,2.399324655532837,2.399324655532837,2.353709946334619,3385600
2023-01-19,2.381078720092773,2.417570532159561,2.371955821452842,3643900
2023-01-20,2.444939613342285,2.444939613342285,2.381079095292841,4139800
2023-01-25,2.435816526412964,2.454062325168283,2.4266936270353043,3112200
2023-01-26,2.454062223434448,2.454062223434448,2.435816425435513,3555400
2023-01-27,2.435816526412964,2.481431023301261,2.417570727657645,6586600
2023-01-30,2.4266936779022217,2.4540623766088867,2.3993249791955567,4388900
2023-01-31,2.362833023071289,2.426693533767564,2.362833023071289,5358000
2023-02-02,2.4175705909729004,2.472307984144112,2.3993247932491637,8898800
2023-02-03,2.444939613342285,2.472308313574721,2.4266938131873284,4564000
2023-02-07,2.4266936779022217,2.4449394770399984,2.3902018621195853,3722800
2023-02-08,2.399324655532837,2.444939147224001,2.399324655532837,1747300
2023-02-09,2.399324655532837,2.4175704522093024,2.3902015396875504,2598600
2023-02-10,2.3902013301849365,2.417570240307787,2.371955535107726,2919400
2023-02-13,2.362833023071289,2.381078821125348,2.3445872250172304,3738600
2023-02-14,2.381078720092773,2.3902016187327053,2.3537100241729787,2713300
2023-02-15,2.335463762283325,2.381078246408582,2.326340865458274,4456400
2023-02-16,2.362833023071289,2.381078821125348,2.3445872250172304,3897800
2023-02-17,2.308095932006836,2.3719562335821363,2.2898501315567503,6415300
2023-02-20,2.2442352771759038,2.317218467488269,2.2442352771759038,8972700
2023-02-21,2.2533583641052246,2.289849962308211,2.225989665452985,5408100
2023-02-22,2.22598934173584,2.2442351381839165,2.207743545287763,4949500
2023-02-23,2.2168664932250977,2.262480985368195,2.207743594796478,3588600
2023-02-24,2.235112428665161,2.2624811256479505,2.216866630676635,4562500
2023-02-27,2.2077436447143555,2.289849732428379,2.2077436447143555,5158600
2023-02-28,2.235112428665161,2.244235327659424,2.216866630676635,9242100
2023-03-01,2.2077436447143555,2.23511234061903,2.1621289340328373,6863300
2023-03-02,2.1712522506713867,2.20774384858064,2.1621291336869928,8833000
2023-03-03,2.180375099182129,2.207743796974322,2.1712521999180647,2588000
2023-03-06,2.22598934173584,2.235112239959878,2.189497748839687,4128800
2023-03-07,2.2442352771759038,2.2716039735430407,2.216866580808766,5196100
2023-03-08,2.27160382270813,2.27160382270813,2.216866433608428,2897900
2023-03-09,2.2442352771759038,2.2716039735430407,2.225989479597812,1984000
2023-03-10,2.2168664932250977,2.2442351885109564,2.2168664932250977,1564600
2023-03-13,2.189497947692871,2.2259895439032404,2.189497947692871,2992300
2023-03-14,2.180375099182129,2.2168666962383865,2.1712521999180647,5586500
2023-03-15,2.191424369812012,2.200632026007531,2.1638011816976133,4908700
2023-03-16,2.1638009548187256,2.1914241400367773,2.1545932995886474,3286000
2023-03-17,2.1638009548187256,2.219047105727012,2.1638009548187256,4316400
2023-03-20,2.1638009548187256,2.182216265278882,2.1545932995886474,1280100
2023-03-21,2.173008680343628,2.2190471775111384,2.1638010248156907,3328800
2023-03-22,2.173008680343628,2.2190471775111384,2.173008680343628,2850600
2023-03-23,2.219046831130981,2.228254485221658,2.1638006870591315,3779500
2023-03-24,2.219046831130981,2.237462139312335,2.2098391770403047,2757200
2023-03-27,2.219046831130981,2.237462139312335,2.219046831130981,1223300
2023-03-28,2.228254795074463,2.228254795074463,2.191424173590227,1707000
2023-03-29,2.219046831130981,2.228254485221658,2.191423868858952,1911900
2023-03-30,2.2466700077056885,2.255877662674654,2.228254697767757,2469200
2023-03-31,2.265085458755493,2.283500769840674,2.2466701476703124,4842300
2023-04-03,2.320331335067749,2.3295389903843744,2.274293058484623,6265500
2023-04-04,2.320331335067749,2.3387466457009998,2.3019160244344987,5555000
2023-04-05,2.283501148223877,2.320331776497188,2.283501148223877,1800700
2023-04-06,2.2466700077056885,2.292708282550516,2.219047042798792,4534300
2023-04-07,2.191424369812012,2.265085619376167,2.145385869306575,8101100
2023-04-10,2.219046831130981,2.237462139312335,2.200631522949628,3590700
2023-04-11,2.228254795074463,2.2558777611876395,2.219047139703404,3699400
2023-04-12,2.2098395824432373,2.228254894002945,2.200631926663384,2607700
2023-04-13,2.154593706130981,2.228255181398336,2.154593706130981,4777900
2023-04-14,2.200632095336914,2.209839751822514,2.182216562837867,3343000
2023-04-17,2.1638009548187256,2.2098394504969336,2.1545932995886474,5326000
2023-04-18,2.1453857421875,2.1822163647872777,2.1453857421875,2835600
2023-04-19,2.1638009548187256,2.173008610048804,2.117762678668335,3810100
2023-04-20,2.1269705295562744,2.17300880994168,2.1177628734791933,2403000
2023-04-25,2.117762804031372,2.145385771356775,2.117762804031372,2770800
2023-04-26,2.0993475914001465,2.126970560027115,2.080932278982168,4101500
2023-04-27,2.090139627456665,2.099347282309997,2.071724317750001,5958600
2023-04-28,2.117762804031372,2.145385771356775,2.108555148256238,3527500
2023-05-02,2.173008680343628,2.173008680343628,2.117762747176004,2969100
2023-05-03,2.1822166442871094,2.1822166442871094,2.126970703311504,3112000
2023-05-05,2.1638009548187256,2.182216265278882,2.1453856443585693,3745900
2023-05-08,2.1638009548187256,2.182216265278882,2.1545932995886474,2239900
2023-05-09,2.1269705295562744,2.1638011538645987,2.099347561325031,4789800
2023-05-10,2.154593706130981,2.154593706130981,2.0993477643263594,3120300
2023-05-11,2.080932378768921,2.145385975322584,2.080932378768921,3583200
2023-05-12,2.04410171508789,2.0901399975053967,2.04410171508789,5059700
2023-05-15,1.988855481147766,2.090139687441154,1.9796478260301853,9506700
2023-05-16,2.025686264038086,2.044101575749792,1.988855640614675,10727200
2023-05-17,2.0164787769317627,2.0809323733165472,2.0164787769317627,6018500
2023-05-18,2.025686264038086,2.080932199173202,2.025686264038086,5959000
2023-05-19,2.0348939895629883,2.071724614247376,2.0164786772207943,5915800
2023-05-22,2.0348939895629883,2.0441016457340853,2.0072710210496973,4950000
2023-05-23,1.9796476364135744,2.0348935618274377,1.9796476364135744,4186100
2023-05-24,2.0717244148254395,2.136178001818886,2.016478483116771,23931500
2023-05-25,2.080932378768921,2.117763005371014,2.0717247221183976,5609800
2023-05-26,2.2742931842803955,2.2742931842803955,2.090139848234177,32380900
2023-05-29,2.2742931842803955,2.301916151758153,2.191424281847121,17288200
2023-05-30,2.265085458755493,2.274293114298084,2.2190471810425407,7247800
2023-05-31,2.320331335067749,2.3295389903843744,2.246670092534748,29027000
2023-06-01,2.283501148223877,2.3019164623605324,2.246670519950566,7285300
2023-06-02,2.3387467861175537,2.3387467861175537,2.2835008509008787,6552900
2023-06-06,2.3019161224365234,2.338746745271055,2.265085499601992,4474700
2023-06-07,2.283501148223877,2.3019164623605324,2.246670519950566,3523000
2023-06-08,2.2466700077056885,2.292708282550516,2.228254697767757,4788500
2023-06-09,2.292708396911621,2.301916052339868,2.246670119770388,3092500
2023-06-12,2.3387467861175537,2.3571620978564454,2.2742931950314333,6941400
2023-06-13,2.486069440841675,2.5136924077976257,2.3479543865340937,32837200
2023-06-14,2.578145980834961,2.605768947613842,2.486069424905358,39936100
2023-06-15,2.5263242721557617,2.581847829193448,2.507816419809866,10639300
2023-06-16,2.4985620975494385,2.5818474199030645,2.4985620975494385,27647400
2023-06-19,2.544832229614258,2.554086156169433,2.461546890617683,7823500
2023-06-20,2.5078158378601074,2.554085457987776,2.498561913834574,6733900
2023-06-21,2.5263242721557617,2.554086050674605,2.489308567463971,4912200
2023-06-22,2.5170700550079346,2.535577905214311,2.4708004294919936,7796200
2023-06-23,2.5263242721557617,2.5633399768475527,2.507816419809866,8429300
2023-06-26,2.5078158378601074,2.5448315339622423,2.498561913834574,8731400
2023-06-27,2.4337847232818604,2.50781612393102,2.424530577569738,12657900
2023-06-28,2.4985620975494385,2.5170699469613558,2.452292474019646,4622600
2023-06-30,2.5355780124664307,2.5448319379610496,2.507816235982574,4667100
2023-07-03,2.544832229614258,2.5911018623901327,2.507816523393558,13402200
2023-07-04,2.544832229614258,2.5725940092797828,2.517070449948733,6982900
2023-07-05,2.5355780124664307,2.5725937144449063,2.498562310487955,11207100
2023-07-06,2.5263242721557617,2.554086050674605,2.517070345982814,4932000
2023-07-07,2.4985620975494385,2.526323871667314,2.4800542481375216,4826400
2023-07-10,2.4985620975494385,2.5170699469613558,2.48930817284348,2256200
2023-07-11,2.563339948654175,2.5725938747253414,2.498562466156008,5424500
2023-07-12,2.572593688964844,2.591101539770772,2.544831912755952,5070700
2023-07-13,2.59110164642334,2.6466252011265343,2.5633398690717426,18019900
2023-07-14,2.7761805057525635,2.813196210528304,2.6096096136307283,40115300
2023-07-17,2.877973794937134,2.8964818686058624,2.748418823673115,42183400
2023-07-18,2.868719577789306,2.9149894263270286,2.8224499498825737,37324500
2023-07-20,2.859466075897217,2.8779739298022324,2.831704295039693,18964900
2023-07-21,2.8872275352478027,2.961259163255104,2.822450053793537,29947200
2023-07-24,2.868719577789306,2.8872274289519995,2.794688173138534,13810100
2023-07-25,2.868719577789306,2.877973503370653,2.83170387546392,12220200
2023-07-26,2.813196182250977,2.8594658127555643,2.776180477847306,6719400
2023-07-27,2.813196182250977,2.8409579605537294,2.794688330049141,9677500
2023-07-28,2.8224501609802246,2.8409580135271635,2.7854344558863477,12292800
2023-07-31,2.7946882247924805,2.8594657050591823,2.7946882247924805,9618900
2023-08-01,2.8224501609802246,2.8224501609802246,2.757672677065939,12283800
2023-08-02,2.813196182250977,2.8409579605537294,2.794688330049141,11401800
2023-08-03,2.859466075897217,2.859466075897217,2.757672879419629,14438600
2023-08-04,2.8317041397094727,2.859465919044153,2.803942360374793,3942100
2023-08-07,2.813196182250977,2.8317040344528115,2.794688330049141,2657200
2023-08-08,2.813196182250977,2.8317040344528115,2.794688330049141,2859600
2023-08-09,2.877973794937134,2.877973794937134,2.7946884562674077,8673600
2023-08-10,2.8317041397094727,2.8779737719339398,2.8317041397094727,4236200
2023-08-11,2.8502116203308105,2.8779733960395024,2.8039419941496573,10428000
2023-08-14,2.868719577789306,2.8872274289519995,2.83170387546392,6497300
2023-08-15,2.914989471435547,2.914989471435547,2.8687196221818136,12167300
2023-08-16,2.8224501609802246,2.914989644345924,2.8131962347067554,7513000
2023-08-17,2.7761805057525635,2.831704062916174,2.7761805057525635,10060200
2023-08-18,2.7854340076446533,2.822449706781836,2.711402609370288,10578900
2023-08-21,2.7761805057525635,2.7946883581404336,2.7391648009768232,5423900
2023-08-22,2.813196182250977,2.813196182250977,2.776180477847306,2905700
2023-08-23,2.8224501609802246,2.831704087253694,2.7854344558863477,6413500
2023-08-24,2.8502116203308105,2.868719470803272,2.84095769509458,5029900
2023-08-25,2.8039419651031494,2.831703740524252,2.7854341148224138,2443800
2023-08-28,2.7761805057525635,2.8224501367222388,2.7576726533646934,3885800
2023-08-29,2.8039419651031494,2.8224498153838846,2.757672339401311,3406300
2023-08-30,2.914989471435547,2.952005174333739,2.776180364936333,26329500
2023-09-01,2.914989471435547,2.933497322884643,2.877973547906362,5802600
2023-09-04,2.8502116203308105,2.933497168087868,2.8224498446221187,6195200
2023-09-05,2.8039419651031494,2.8594655159453555,2.7854341148224138,6212000
2023-09-06,2.813196182250977,2.822450108351894,2.785434403948224,7088400
2023-09-07,2.7761805057525635,2.840957989110109,2.7576726533646934,9078700
2023-09-08,2.655879259109497,2.7669265946743744,2.628117480376029,32783300
2023-09-11,2.702148675918579,2.748418299691643,2.646624906759933,16630600
2023-09-12,2.665133237838745,2.729910717463287,2.665133237838745,3404200
2023-09-13,2.64662504196167,2.6836409635020337,2.6373711167343243,10336800
2023-09-14,2.64662504196167,2.6932207324198,2.590710480033576,17431100
2023-09-15,2.6652631759643555,2.674582269432651,2.627986802091174,14681600
2023-09-18,2.637305736541748,2.665263015260936,2.627986643635352,7897800
2023-09-19,2.637305736541748,2.665263015260936,2.637305736541748,5591000
2023-09-20,2.693220615386963,2.721177895136137,2.609348553954731,12189800
2023-09-21,2.7025399208068848,2.721178108769576,2.646625134734086,4532600
2023-09-22,2.7025399208068848,2.71185901478823,2.665263322696777,2852900
2023-09-25,2.6745824813842773,2.702539986189416,2.6745824813842773,1594200
2023-09-26,2.6652631759643555,2.6839015850856605,2.65594408249606,5718000
2023-09-27,2.655944347381592,2.674582536177027,2.6279870641884395,7277300
2023-09-29,2.7025399208068848,2.71185901478823,2.665263322696777,11242800
2023-10-02,2.6652631759643555,2.711858865490547,2.6652631759643555,2497600
2023-10-03,2.609349012374878,2.6652635816965065,2.60002991748794,8327300
2023-10-04,2.590710401535034,2.618667681651975,2.58139130816272,4422200
2023-10-05,2.590710401535034,2.6279867750242887,2.58139130816272,5433800
2023-10-06,2.637305736541748,2.665263015260936,2.590710272009769,4157900
2023-10-09,2.6745824813842773,2.6839017977758117,2.6279870103502665,2529000
2023-10-10,2.7025399208068848,2.7025399208068848,2.674582416678122,4770200
2023-10-11,2.7304975986480717,2.7304975986480717,2.6932212173179555,5441400
2023-10-12,2.7118589878082275,2.73981626947412,2.693220800030966,4251300
2023-10-13,2.749135732650757,2.749135732650757,2.7025402569484904,6345800
2023-10-16,2.7211780548095703,2.7398162424026724,2.693220773419917,5625000
2023-10-17,2.749135732650757,2.767773922931663,2.73049754236985,7764300
2023-10-18,2.6745824813842773,2.7491354572234266,2.665263387177476,7210100
2023-10-19,2.683901786804199,2.7211781634790246,2.655944282113349,4657600
2023-10-20,2.683901786804199,2.683901786804199,2.665263376282056,3282300
2023-10-23,2.64662504196167,2.683901638765118,2.618667760997623,11011800
2023-10-24,2.7211780548095703,2.7211780548095703,2.618667800862787,11804700
2023-10-25,2.739816188812256,2.739816188812256,2.6932207207409014,5084200
2023-10-26,2.6745824813842773,2.72117817460302,2.6745824813842773,4711600
2023-10-27,2.6279871463775635,2.674582619823404,2.6279871463775635,6860200
2023-10-30,2.637305736541748,2.646624829448144,2.6000293649161645,6358400
2023-10-31,2.655944347381592,2.655944347381592,2.6279870641884395,6682800
2023-11-01,2.6279871463775635,2.6559444304450675,2.6279871463775635,2118000
2023-11-02,2.693220615386963,2.702539708636688,2.6466249269536304,7507800
2023-11-03,2.7304975986480717,2.777093075310716,2.6745828044681392,11771700
2023-11-06,2.777092695236206,2.805049977407543,2.7304972249506445,12463000
2023-11-07,2.767773389816284,2.7864115765071915,2.739816109779923,6524600
2023-11-08,2.749135732650757,2.7770930180721165,2.7398166375103035,4214500
2023-11-09,2.7584543228149414,2.7677734162493954,2.7211779490771257,5977600
2023-11-10,2.7211780548095703,2.7584544299957745,2.7211780548095703,8470300
2023-11-14,2.7584543228149414,2.7584543228149414,2.711858855642672,5722700
2023-11-15,2.795730829238892,2.8236881108691136,2.7677735476086696,10997200
2023-11-16,2.786411762237549,2.7957308562041736,2.7398162924044245,10165600
2023-11-17,2.767773389816284,2.8050497631980997,2.7584542964708305,9715100
2023-11-20,2.767773389816284,2.7864115765071915,2.7584542964708305,7266300
2023-11-21,2.842326402664185,2.842326402664185,2.7864118373570226,10260400
2023-11-22,2.795730829238892,2.8330072047458543,2.7770926414854102,8138100
2023-11-23,2.7025399208068848,2.8143690485830297,2.683901732844194,13602700
2023-11-24,2.683901786804199,2.7118590693103184,2.665263376282056,5164200
2023-11-27,2.7025399208068848,2.7025399208068848,2.665263322696777,4193000
2023-11-28,2.693220615386963,2.702539708636688,2.6745822067028047,3201500
2023-11-29,2.683901786804199,2.702539975141612,2.665263376282056,2777400
2023-11-30,2.7211780548095703,2.7211780548095703,2.6745823636420933,10990400
2023-12-01,2.693220615386963,2.7118588018864127,2.6839015221372384,3029500
2023-12-04,2.655944347381592,2.693220947157198,2.6466252529838745,6987200
2023-12-05,2.693220615386963,2.693220615386963,2.655944020203355,3019300
2023-12-06,2.6745824813842773,2.6932208919826137,2.655944292970673,3529300
2023-12-07,2.6652631759643555,2.674582269432651,2.65594408249606,3632600
2023-12-08,2.637305736541748,2.6932205161648244,2.637305736541748,5526200
2023-12-11,2.637305736541748,2.665263015260936,2.562752993290581,5712500
2023-12-12,2.7584543228149414,2.777092509683849,2.637305885982326,22485800
2023-12-13,2.767773389816284,2.777092483161738,2.721177923089016,17536500
2023-12-14,2.7602627277374268,2.8165945653215805,2.6945420267130897,13022100
2023-12-15,2.7696518898010254,2.797817813906313,2.741485965695738,8216800
2023-12-18,2.7978174686431885,2.816594749062847,2.7508742675940425,7551100
2023-12-19,2.7978174686431885,2.816594749062847,2.760262907803872,8079700
2023-12-20,2.8072056770324707,2.835371593329315,2.7790397607356265,10449700
2023-12-21,2.816594362258911,2.816594362258911,2.779039806576975,5616500
2023-12-22,2.8259832859039307,2.8447605656367543,2.807206006171107,7654000
2023-12-26,2.816594362258911,2.825983001179395,2.797817084417943,11741000
2023-12-27,2.816594362258911,2.825983001179395,2.807205723338427,7171000
2023-12-28,2.8259832859039307,2.8353719257703425,2.807206006171107,10801200
2023-12-29,2.8259832859039307,2.8353719257703425,2.816594646037519,7101200
2024-01-02,2.8259832859039307,2.8353719257703425,2.807206006171107,8471300
2024-01-03,2.788428544998169,2.8259831020201807,2.779039905742666,6611500
2024-01-04,2.7978174686431885,2.844760669692335,2.7696515480137007,9167700
2024-01-05,2.9198696613311768,2.9762017239241776,2.816594623622529,25461000
2024-01-08,2.9574244022369385,2.966813041894971,2.929258259420015,20387800
2024-01-09,2.97620177268982,2.9949790525808795,2.9480358528532298,17994500
2024-01-10,3.013755798339844,3.0513103514661184,2.957423968650432,14929900
2024-01-11,2.994978904724121,3.0231448231702096,2.985590265242092,13890400
2024-01-12,2.9574244022369385,2.994978960869068,2.948035762578906,7692600
2024-01-15,3.032533407211304,3.0419220465216896,2.957424292728216,14105900
2024-01-16,3.013755798339844,3.041921713184549,2.985589883495138,7846100
2024-01-17,2.98559045791626,3.004367738092105,2.9668131777404145,8935000
2024-01-18,2.97620177268982,3.0043676925264093,2.9480358528532298,10525000
2024-01-19,3.032533407211304,3.0419220465216896,2.9855902106593737,11802200
2024-01-22,3.041922092437744,3.0700880107940502,3.013756174081438,9537200
2024-01-23,3.041922092437744,3.0606993713419484,3.02314481353354,9918300
2024-01-24,3.013755798339844,3.079476266310824,3.0043671600582758,11807100
2024-01-26,3.013755798339844,3.041921713184549,2.985589883495138,9979800
2024-01-29,3.060699224472046,3.0794765024752087,2.9949787514609767,12898700
2024-01-30,3.060699224472046,3.08886514147679,3.032533307467302,7958500
2024-01-31,2.98559045791626,3.0700882187075638,2.9480358975645697,13268400
2024-02-02,2.97620177268982,3.0043676925264093,2.882315149391687,18196300
2024-02-05,2.9198696613311768,3.0325335626743493,2.9198696613311768,11209100
2024-02-06,3.004367589950561,3.004367589950561,2.910480969857929,7723800
2024-02-07,2.98559045791626,3.0231450182679502,2.957424537652492,8660900
2024-02-08,3.004367589950561,3.0137562295755425,2.9668130314506387,6275600
2024-02-09,3.0231449604034424,3.0419222402198813,2.9949790406787846,2773000
2024-02-13,3.041922092437744,3.051310731889846,3.02314481353354,7704800
2024-02-14,2.97620177268982,3.032533612362999,2.95742449279876,10399000
2024-02-15,3.032533407211304,3.032533407211304,2.99497884996976,9135400
2024-02-16,3.032533407211304,3.032533407211304,2.99497884996976,6349100
2024-02-19,3.013755798339844,3.0513103514661184,2.985589883495138,7323100
2024-02-20,3.032533407211304,3.0419220465216896,2.976201571348988,10824200
2024-02-21,3.051310777664185,3.051310777664185,2.9949789401065083,6908600
2024-02-22,3.126420021057129,3.1451973010036776,3.0325336213243874,15941500
2024-02-23,3.098253965377808,3.1451971631872184,3.088865325815925,10688000
2024-02-26,2.9668128490448,3.0982537957132665,2.9668128490448,11353200
2024-02-27,2.948035717010498,3.0043675540879597,2.835371819012753,19644900
2024-02-28,2.901092767715454,2.957424837802996,2.872926844593113,13902700
2024-02-29,2.97620177268982,2.97620177268982,2.872926509446157,27429300
2024-03-01,2.9198696613311768,2.9668130841324825,2.9010923817477865,7329800
2024-03-04,2.872926712036133,2.919869915074073,2.872926712036133,5908500
2024-03-05,2.929258346557617,2.938647210337769,2.863537866996382,10843700
2024-03-06,2.9104809761047363,2.929258255395,2.891703696814473,13481300
2024-03-07,2.9104809761047363,2.9386471188829573,2.891703696814473,14655900
2024-03-08,2.9198696613311768,2.9386471647573966,2.9104810215394816,7658700
2024-03-11,2.9198696613311768,2.9574244443407878,2.9104810215394816,10477000
2024-03-12,2.9104809761047363,2.929258255395,2.9010923364596044,4121200
2024-03-13,2.948035717010498,2.957424356523408,2.9104809351160346,5953900
2024-03-14,2.959381580352783,2.959381580352783,2.902652051738289,8490200
2024-03-15,2.9215621948242188,2.949926850064581,2.9121073097440977,9135600
2024-03-18,2.931016683578491,2.940471567380143,2.902652032173537,3110900
2024-03-19,2.940471887588501,2.997201421998293,2.921562117925982,8332400
2024-03-20,2.940471887588501,2.968836767504515,2.940471887588501,6377200
2024-03-21,3.0066564083099365,3.016111293460316,2.9499268719854146,10689700
2024-03-22,3.0728402137756348,3.0728402137756348,2.987746258238461,8853400
2024-03-25,3.035020351409912,3.091749648997229,3.006655702616254,7306500
2024-03-26,3.053930282592773,3.072840049478867,3.0444753991497264,10655900
2024-03-27,2.987746000289917,3.053930182215897,2.9593813508930684,10287600
2024-03-29,3.053930282592773,3.053930282592773,2.987746098491445,3602600
2024-04-01,2.997201442718506,3.0539307520982426,2.9782916729252604,4163700
2024-04-02,3.016110897064209,3.0255657809719687,2.978291361433169,3467700
2024-04-03,3.0066564083099365,3.035021063761076,2.997201523159557,8007100
2024-04-04,2.997201442718506,3.035020982304997,2.987746557821883,1639100
2024-04-05,2.987746000289917,3.0161106496867656,2.978291117157634,5795600
2024-04-08,2.987746000289917,3.0066557665544824,2.978291117157634,7276900
2024-04-09,3.0066564083099365,3.0066564083099365,2.987746638009177,3298600
2024-04-12,2.997201442718506,3.0255660974083742,2.987746557821883,6799300
2024-04-15,2.931016683578491,2.9877462118106117,2.912106915975188,7236600
2024-04-16,2.9215621948242188,2.949926850064581,2.874287769423615,7105900
2024-04-17,2.959381580352783,2.978291348083544,2.9215618194690496,7341700
2024-04-18,3.0066564083099365,3.0066564083099365,2.940471986835034,11351300
2024-04-19,2.883742094039917,3.0066558016150857,2.855377444312309,25708800
2024-04-22,2.874287843704224,2.921562270326547,2.8364683024063653,12437400
2024-04-23,2.883742094039917,2.921561627010062,2.883742094039917,6841700
2024-04-24,2.940471887588501,2.94992677241976,2.893197463432204,6350200
2024-04-25,2.8931972980499268,2.9404717195039014,2.8931972980499268,5208400
2024-04-26,2.864832878112793,2.91210730341058,2.864832878112793,9695600
2024-04-29,2.9499266147613525,2.9499266147613525,2.874287540153797,9372000
2024-04-30,2.9215621948242188,2.968836845647064,2.9215621948242188,8703200
2024-05-02,2.940471887588501,2.9593818826732554,2.893197463432204,9950800
2024-05-03,2.9499266147613525,2.968836608835465,2.9310168461094634,8436000
2024-05-06,3.0066564083099365,3.016111293460316,2.9499268719854146,8939100
2024-05-07,3.035020351409912,3.044475234341132,3.006655702616254,8249100
2024-05-08,3.044475555419922,3.044475555419922,3.0066560197064915,5228100
2024-05-09,2.9215621948242188,3.0444759262880305,2.9121073097440977,18277500
2024-05-10,2.8931972980499268,2.9404717195039014,2.864832645177542,19060900
2024-05-13,2.9215621948242188,2.9404719649844604,2.902652424663977,8434300
2024-05-14,2.9215621948242188,2.9404719649844604,2.902652424663977,9661900
2024-05-15,2.959381580352783,2.978291348083544,2.93101670333443,8602400
2024-05-16,2.9688363075256348,2.9877460742583546,2.949926315370714,7818300
2024-05-17,2.997201442718506,3.006656327615129,2.9593819031320145,8128500
2024-05-20,3.035020351409912,3.07283988313479,2.9972008196850344,18553500
2024-05-21,3.0728402137756348,3.0728402137756348,3.04447556192991,13885900
2024-05-23,3.053930282592773,3.082294932921914,3.016110748820586,8882800
2024-05-24,3.2524831295013428,3.2524831295013428,2.978291278398546,35072600
2024-05-27,3.224118709564209,3.347032205744532,3.224118709564209,24639200
2024-05-28,3.2146639823913574,3.243028636742652,3.1768442178340632,15333000
2024-05-29,3.224118709564209,3.243028478207336,3.1768440625341694,18675800
2024-05-30,3.1768441200256348,3.2241187679112056,3.1768441200256348,11004100
2024-05-31,3.0728402137756348,3.195753930529323,3.0728402137756348,18890200
2024-06-04,3.12011456489563,3.148479216117511,3.082295029933122,16135100
2024-06-05,3.224118709564209,3.2335735938857724,3.139024525247916,18010000
2024-06-06,3.2146639823913574,3.290303060661477,3.1957542128238274,19342400
2024-06-07,3.2802693843841557,3.2802693843841557,3.223221276371325,14106600
2024-06-10,3.2992851734161377,3.2992851734161377,3.2422370696737177,8457300
2024-06-11,3.30879282951355,3.3183008457660432,3.280268780756069,16652500
2024-06-12,3.613049745559693,3.765178239416048,3.3373170346298604,64956200
2024-06-13,3.698622226715088,3.746162311544021,3.5655097625050693,41527800
2024-06-14,3.641573667526245,3.717638025122628,3.584525569345701,17528500
2024-06-18,3.613049745559693,3.660589829049491,3.5750176787678534,22996100
2024-06-19,3.536985397338867,3.651081590790612,3.508461348975931,19603400
2024-06-20,3.5084619522094727,3.565510058744011,3.4989539344537164,7690300
2024-06-21,3.5084619522094727,3.59403411201128,3.48944591669796,19991800
2024-06-24,3.4704296588897705,3.5274777617701205,3.4323973636138607,12338400
2024-06-25,3.4704296588897705,3.5179697446233957,3.403873312173685,12705400
2024-06-26,3.4989535808563232,3.5464936648307974,3.479937547266533,7422700
2024-06-27,3.489445686340332,3.5179697377245707,3.4323973568828454,9184700
2024-06-28,3.517969846725464,3.5274778641481404,3.4704297596120828,11197500
2024-07-01,3.5084619522094727,3.517969969965229,3.4799378989422034,3272000
2024-07-02,3.613049745559693,3.632065778955612,3.517969578580095,17100600
2024-07-03,3.6891140937805176,3.698622110447416,3.641573783757027,16332000
2024-07-04,3.641573667526245,3.69862199239578,3.622557634799397,8987000
2024-07-05,3.651081800460816,3.6605898171278097,3.613049733792838,7909100
2024-07-09,3.72714638710022,3.72714638710022,3.64157400520538,13765100
2024-07-10,3.755670309066773,3.784194359816464,3.717638241400517,15190300
2024-07-11,3.803210496902466,3.831734775115564,3.765178428203683,17411200
2024-07-12,3.755670309066773,3.7746863428999,3.689114190650826,6748700
2024-07-15,3.803210496902466,3.803210496902466,3.736654376679596,7355500
2024-07-16,3.793701887130737,3.803209902820229,3.765177840062263,7429000
2024-07-17,3.774686336517334,3.8032103872187935,3.75567030271636,13087700
2024-07-18,3.708130598068237,3.736654651691651,3.651082264132382,17304600
2024-07-19,3.6605899333953857,3.7081302449293294,3.651081916426398,6898400
2024-07-22,3.632066011428833,3.698622359263541,3.575017907589666,8056900
2024-07-23,3.632066011428833,3.698622359263541,3.603541959509249,10210600
2024-07-24,3.60354208946228,3.622558124761104,3.5845260541634576,3600000
2024-07-25,3.517969846725464,3.556001916416169,3.4894457944574357,19228200
2024-07-26,3.517969846725464,3.546493898993493,3.498953811880112,9035500
2024-07-29,3.536985397338867,3.5560014295808244,3.508461348975931,7643000
2024-07-30,3.594034194946289,3.613050230896611,3.5179700511450016,9133500
2024-07-31,3.594034194946289,3.594034194946289,3.489445997219519,11561200
2024-08-01,3.594034194946289,3.632066266846933,3.5464941050704843,7454300
2024-08-02,3.403873443603516,3.5274778979725463,3.403873443603516,18474300
2024-08-05,3.109124183654785,3.35633282671731,2.9950279914823814,42420300
2024-08-06,3.232728719711304,3.2707607849591325,3.099616264654913,23870500
2024-08-07,3.232728719711304,3.327808882830875,3.185188411462528,18749400
2024-08-08,3.232728719711304,3.299284833895004,3.1756803951505703,7870500
2024-08-09,3.3943653106689453,3.4038733278594853,3.308793155954085,9060900
2024-08-12,3.3943653106689453,3.4799376920728164,3.375349276287865,7349100
2024-08-13,3.422888994216919,3.441905026553425,3.3658408972074008,4803900
2024-08-14,3.422888994216919,3.4799373179154243,3.413380978048666,4643400
2024-08-15,3.30879282951355,3.4323970407959643,3.2992848132610564,4681900
2024-08-16,3.375349283218384,3.3848573004284463,3.346825231588196,7898200
2024-08-19,3.2992851734161377,3.394365346320171,3.2612531042545245,4317200
2024-08-20,3.261253118515014,3.318301222506889,3.21371303185512,10678300
2024-08-21,3.30879282951355,3.3278088620185367,3.242236715746096,2385800
2024-08-22,3.346825122833252,3.365841156635452,3.3087930552288523,3699700
2024-08-23,3.1851885318756104,3.34682504197839,3.1661724985328124,12123400
2024-08-26,3.204204797744751,3.2802691633248653,3.194696780383364,8513300
2024-08-27,3.204204797744751,3.251745111240703,3.194696780383364,3282600
2024-08-28,2.9474878311157227,3.261252828551702,2.9094557651693,24701500
2024-08-29,2.890439748764038,2.985520140864089,2.8809317322229324,17117700
2024-08-30,2.995028257369995,3.023552307945357,2.899947862096454,19962200
2024-09-02,3.071092367172241,3.090108400733945,2.966503955893867,7746700
2024-09-03,3.033060312271118,3.0901084131861167,3.004536261813619,10177300
2024-09-04,2.91896390914917,2.9855202541514245,2.8428997739340267,15344800
2024-09-05,2.814375877380371,2.9474881212978388,2.7858518251123425,14733200
2024-09-06,2.890439748764038,2.890439748764038,2.7953595833529823,11390600
2024-09-09,2.8238837718963623,2.8619158399317604,2.804867737878664,4576100
2024-09-10,2.833392143249512,2.8999482706349737,2.8238841250515887,11792800
2024-09-11,2.789448499679565,2.8467658784447303,2.770342706757844,4768100
2024-09-12,2.86587142944336,2.884977220752262,2.8276598468255543,11616500
2024-09-13,2.904083013534546,2.980506178808929,2.8372127439194603,12254700
2024-09-17,2.8181071281433105,2.913636090686876,2.799001335634597,7262300
2024-09-18,2.87542462348938,2.87542462348938,2.818107243614673,2592100
2024-09-19,2.961400270462036,2.961400270462036,2.8467655270805845,9059000
2024-09-20,2.961400270462036,3.018717869911751,2.9327415846166733,11790700
2024-09-23,2.961400270462036,2.961400270462036,2.8945300034895225,7373400
2024-09-24,2.8467659950256348,2.961400757250493,2.8467659950256348,11006000
2024-09-25,2.779895305633545,2.8849771554541013,2.770342410195312,8474800
2024-09-26,2.8181071281433105,2.8276600243976677,2.760789750617172,8060600
2024-09-27,2.7703425884246826,2.7990012765831302,2.760789692371867,5617900
2024-09-30,2.7703425884246826,2.808554172635946,2.760789692371867,5150900
2024-10-01,2.86587142944336,2.86587142944336,2.7703424728988466,3500500
2024-10-02,2.856318473815918,2.856318473815918,2.7894482056388075,3135100
2024-10-03,2.789448499679565,2.856318774905591,2.789448499679565,2434800
2024-10-04,2.7512366771698,2.789448259726214,2.7225777624934917,11331600
2024-10-07,2.8467659950256348,2.8658717887297778,2.7607899233569912,5250400
2024-10-08,2.779895305633545,2.837212678262939,2.770342410195312,5925600
2024-10-09,2.732130765914917,2.8467657458654974,2.713024973882988,13891000
2024-10-10,2.7607898712158203,2.7798956645591253,2.6652606767402736,10602500
2024-10-11,2.703472137451172,2.751236846342729,2.674813448771645,11028500
2024-10-14,2.6748135089874268,2.722577991195253,2.646154819662732,6385500
2024-10-15,2.6461546421051025,2.703472016908484,2.6461546421051025,8453600
2024-10-16,2.5983901023864746,2.6557074758505377,2.588837206809131,12518700
2024-10-17,2.684366464614868,2.684366464614868,2.607943291397341,13363600
2024-10-18,2.703472137451172,2.741683722357208,2.684366344998154,6710500
2024-10-21,2.732130765914917,2.760789681721817,2.6843662858350945,8315900
2024-10-22,2.722577810287476,2.751236725466882,2.7034720186738723,6632700
2024-10-23,2.732130765914917,2.760789681721817,2.703472077867024,4924200
2024-10-24,2.7130250930786133,2.741683782385614,2.7034721966429465,5362000
2024-10-25,2.693918943405152,2.7225776289163885,2.684366048234739,4872000
2024-10-28,2.7130250930786133,2.741683782385614,2.693919300207279,4150300
2024-10-29,2.7130250930786133,2.741683782385614,2.6843664037716124,5019900
2024-10-30,2.7512366771698,2.7798953640871105,2.703471971215284,8029300
2024-11-01,2.732130765914917,2.7416836619308813,2.6843662858350945,6362300
2024-11-04,2.7130250930786133,2.741683782385614,2.693919300207279,4215200
2024-11-05,2.741683959960937,2.741683959960937,2.6748136805801668,6005700
2024-11-06,2.856318473815918,2.865871369269791,2.7034719187949583,20658000
2024-11-07,3.047376871109009,3.0760355599200606,2.904083199294737,54491300
2024-11-08,2.9900593757629395,3.03782385523412,2.913635980850047,12264600
2024-11-11,2.8372128009796143,2.9900593623613285,2.8276599051281948,8810000
2024-11-12,2.86587142944336,2.894530116406713,2.8276598468255543,9116800
2024-11-13,2.86587142944336,2.884977220752262,2.8276598468255543,4591900
2024-11-14,2.8467659950256348,2.8849775824339208,2.827660201321492,4584100
2024-11-15,2.7703425884246826,2.865871548952841,2.7703425884246826,6610400
2024-11-18,2.8467659950256348,2.8467659950256348,2.7225781081896785,5046200
2024-11-19,2.779895305633545,2.856318469139404,2.770342410195312,4948100
2024-11-20,2.8181071281433105,2.8467658169063803,2.789448439380241,7205700
2024-11-21,2.7703425884246826,2.827659964741577,2.7512367963190507,5462700
2024-11-22,2.732130765914917,2.770342577737781,2.732130765914917,4199200
2024-11-25,2.799001455307007,2.808554351969801,2.751236971993035,15131200
2024-11-26,2.8181071281433105,2.837212920652024,2.770342646871528,5080800
2024-11-27,2.8372128009796143,2.8563185926824533,2.7990012175739363,8935700
2024-11-28,2.722577810287476,2.8372127877280966,2.7130249144806737,18781200
2024-11-29,2.63660216331482,2.722578239118039,2.63660216331482,16080600
2024-12-02,2.6461546421051025,2.674813329506793,2.6270488505039755,9454900
2024-12-03,2.732130765914917,2.732130765914917,2.655707597787201,11578200
2024-12-04,2.8181071281433105,2.8181071281433105,2.7225779378407333,12906800
2024-12-05,2.808554172515869,2.8467657567254987,2.799001276463461,8420000
2024-12-06,2.8181071281433105,2.8181071281433105,2.779895543125885,7754800
2024-12-09,2.8372128009796143,2.8467656968310338,2.7990012175739363,9691400
2024-12-10,2.856318473815918,2.865871369269791,2.8085539965465536,10393800
2024-12-11,2.846733808517456,2.865903714687408,2.8275639023475048,5981700
2024-12-12,2.87548828125,2.894658184843138,2.856318377656862,15859500
2024-12-13,3.038433313369751,3.038433313369751,2.8946587784158337,20840900
2024-12-16,2.9713380336761475,3.0671877877283653,2.9042433658059017,13141800
2024-12-17,2.9905080795288086,3.0096782140601217,2.9425833145087905,8270200
2024-12-18,2.9521679878234863,3.000092976826382,2.9329980836316416,4580900
2024-12-19,2.961753368377685,2.961753368377685,2.885073740517546,5263000
2024-12-20,2.904243469238281,2.971338139498052,2.904243469238281,6817400
2024-12-23,2.9234135150909424,2.9713382818583387,2.9138285617374637,4645400
2024-12-24,2.9234135150909424,2.96175332850486,2.9138285617374637,2157700
2024-12-26,2.9521679878234863,2.9617529399194087,2.913828179439797,3593900
2024-12-27,2.9713380336761475,3.000093119858119,2.952168128570363,3318500
2024-12-30,2.9329984188079834,2.980923184764328,2.9138285124254457,5682100
2024-12-31,2.9329984188079834,2.952168325190521,2.9138285124254457,5627200
2025-01-02,2.9234135150909424,2.9713382818583387,2.9138285617374637,6470300
2025-01-03,2.856318712234497,2.9425832885083016,2.846733759315186,10818700
2025-01-06,2.827563762664795,2.8563186204992213,2.7892239522188933,9133600
2025-01-07,2.865903377532959,2.8946582334050683,2.837148521660849,9118800
2025-01-08,2.7796390056610107,2.8563186267198093,2.750883919240665,10063600
2025-01-09,2.7317137718200684,2.7988086628221103,2.702958916472026,9163000
2025-01-10,2.7029592990875244,2.760469246447665,2.6933743459480524,8228700
2025-01-13,2.6646196842193604,2.693374545771117,2.6646196842193604,8137600
2025-01-14,2.607109785079956,2.7125442703173053,2.607109785079956,10891600
2025-01-15,2.5208451747894287,2.645449564878515,2.5112599931823456,15988600
2025-01-16,2.626279592514038,2.6550344510405823,2.5687698754609496,7322000
2025-01-17,2.616694688796997,2.626279641819124,2.5496000176421094,8747200
2025-01-20,2.549599885940552,2.6166945536296127,2.549599885940552,11271400
2025-01-21,2.626279592514038,2.6550344510405823,2.540015016934405,17274800
2025-01-22,2.559185028076172,2.655034560447698,2.5400151216018667,10554500
2025-01-23,2.511259794235229,2.578354689029573,2.472919984937484,13001400
2025-01-24,2.444164991378784,2.520844834212524,2.424995087801168,12097000
2025-01-27,2.4633350372314453,2.492089894258666,2.4249952278618183,6882900
2025-01-28,2.405825614929199,2.4441654289482595,2.3099760798815487,11250700
2025-01-31,2.424995422363281,2.4825051410304004,2.4154104692520946,8990100
2025-02-03,2.367485761642456,2.434580435062963,2.3483158549508825,5630300
2025-02-04,2.348315715789795,2.4154103852342748,2.3195608574564464,8112000
2025-02-05,2.367485761642456,2.405825575025603,2.3195609949135227,10479300
2025-02-06,2.329146146774292,2.377070917587892,2.309976238448852,11172300
2025-02-07,2.607109785079956,2.6358646446901424,2.357900773268366,38974800
2025-02-10,2.5016746520996094,2.607109348191984,2.4633348457108446,20719900
2025-02-12,2.511259794235229,2.5495998320562645,2.453750080288611,22138900
2025-02-13,2.549599885940552,2.5879396960485868,2.501674894782214,8594400
2025-02-14,2.5304300785064697,2.5591849371968123,2.511259944189605,6433500
2025-02-17,2.511259794235229,2.540014879731828,2.492089889586357,9358300
2025-02-18,2.5016746520996094,2.559184590206028,2.472919797308036,11927100
2025-02-19,2.511259794235229,2.540014879731828,2.48250493726192,7174400
2025-02-20,2.5400149822235107,2.587939745779496,2.501674942855424,10427600
2025-02-21,2.2524662017822266,2.5687701345198803,2.242881247973408,39116500
2025-02-24,2.147031307220459,2.2141259712989254,2.079936643141993,38852000
2025-02-25,2.0607669353485107,2.156616464587524,2.0607669353485107,24609800
2025-02-26,2.070351839065552,2.127861555242104,2.06076688636946,19356900
2025-02-27,2.099106550216675,2.166201214392702,2.0799366461663813,36645600
2025-02-28,1.9840867519378664,2.118276298975742,1.9840867519378664,275081800
2025-03-03,2.0032570362091064,2.0415970773261503,1.9457473173185045,25311000
2025-03-04,1.916992425918579,1.984087096839204,1.888237566952597,19244000
2025-03-05,1.92657732963562,1.984087046096791,1.916992376892092,18504600
2025-03-06,1.9840867519378664,2.032011508550227,1.9074071413580889,17667100
2025-03-07,1.936162233352661,2.003256900858424,1.9265772808518375,13278700
2025-03-10,1.888237476348877,1.9840870016363144,1.888237476348877,9554600
2025-03-11,1.869067668914795,1.8882375749735472,1.7923879304181327,16915100
2025-03-12,1.8206461668014529,1.888436234618496,1.8109618878912623,13349700
2025-03-13,1.888436198234558,1.965910428023408,1.8496989678944245,14888600
2025-03-14,1.917488932609558,1.936857489028531,1.859383147906937,12711100
2025-03-17,1.946541786193848,2.0046474560166114,1.9368575078900536,13809400
2025-03-19,1.9368575811386108,1.9465418598086472,1.917489023798538,7517900
2025-03-20,1.917488932609558,1.9949631582854497,1.917488932609558,8771900
2025-03-21,1.946541786193848,1.9659103428014355,1.907804672978672,10976300
2025-03-24,1.9368575811386108,1.96591041714872,1.917489023798538,8943800
2025-03-25,1.9949631690979004,2.0530688386697444,1.9465417777880305,19784100
2025-03-26,1.9755949974060056,2.0046478378512176,1.9562264371091984,15685700
2025-03-27,2.014331817626953,2.014331817626953,1.946541866696812,10339500
2025-03-28,1.9659104347229004,2.024016107262552,1.9659104347229004,8216200
2025-04-02,1.9659104347229004,1.9852789922361176,1.9368575984530745,5019400
2025-04-03,1.9368575811386108,2.053068925179048,1.9271733024685744,19700400
2025-04-04,1.8206461668014529,1.9271733502592576,1.8109618878912623,19537200
2025-04-07,1.491380214691162,1.7431716765105607,1.4526431022407011,47962500
2025-04-08,1.5010645389556885,1.6269602737361932,1.4526431469038423,50246000
2025-04-09,1.4042218923568726,1.520433360106722,1.375168938835123,29643000
2025-04-10,1.665697455406189,1.820646021006901,1.5785388367482938,69044400
2025-04-11,1.6075916290283203,1.6560131338786648,1.5301174059808873,25691500
2025-04-14,1.723803162574768,1.772224669771453,1.6947503275241798,39990200
2025-04-15,1.7044346332550049,1.7238031902665405,1.6560132407261663,14173900
2025-04-16,1.6753818988800049,1.7238032943320285,1.6656976197896,11731000
2025-04-17,1.665697455406189,1.6947502898102536,1.6463288991368126,13730200
2025-04-18,1.6850661039352417,1.7044346612650731,1.6366447106106634,11907100
2025-04-21,1.656013250350952,1.704434643161217,1.6366446932268464,17241100
2025-04-22,1.656013250350952,1.6656975289130052,1.6269602992190866,8583800
2025-04-23,1.7625404596328735,1.781909017082843,1.6753818356623011,23718000
2025-04-24,1.7431718111038208,1.781909041990951,1.733487532243466,14132900
2025-04-25,1.878751873970032,1.8981204309477508,1.7722246951468716,26335700
2025-04-28,1.8593833446502688,1.8884362977985545,1.810961948479317,16615800
2025-04-29,1.878751873970032,1.8884361524588915,1.840014644568888,12068300
2025-04-30,1.8593833446502688,1.9078048562669352,1.8593833446502688,16248900
2025-05-02,1.927173376083374,1.9368576551233336,1.8400147492780248,20106300
2025-05-05,1.8303303718566892,1.946541829535481,1.810961814817842,25515900
2025-05-06,1.840014696121216,1.840014696121216,1.7819090235600925,7733300
2025-05-07,1.8303303718566892,1.8690674859343843,1.8206460933372657,13771300
2025-05-08,1.917488932609558,1.917488932609558,1.810961756859505,17096800
2025-05-09,1.878751873970032,1.9174889879254695,1.859383201546607,10003100
2025-05-13,2.1402275562286377,2.227386059865986,1.956226039880609,82344200
2025-05-14,2.149911880493164,2.198333272440697,2.130543323714151,33230800
2025-05-15,2.111175060272217,2.178965018417834,2.072437941331864,20440100
2025-05-16,2.043384552001953,2.1111747304483117,2.043384552001953,13556300
2025-05-19,1.946541786193848,2.0337002909279933,1.946541786193848,14862900
2025-05-20,1.956226110458374,2.0046475031149846,1.946541831927052,9475900
2025-05-21,1.810961961746216,1.9368577081587028,1.810961961746216,36661800
2025-05-22,1.840014696121216,1.849698974881403,1.7625404660397177,12550500
2025-05-23,1.8012775182724,1.840014631962439,1.79159323984989,7528700
2025-05-26,1.7819089889526367,1.8012775460968435,1.743171759218516,16064500
2025-05-27,1.7819089889526367,1.8012775460968435,1.743171759218516,6913600
2025-05-28,1.7915934324264526,1.8303305502803051,1.7819091529629896,10041500
2025-05-29,1.8496989011764529,1.8787518517450508,1.8012775093049636,19271000
2025-05-30,1.8593833446502688,1.8690676238844588,1.810961948479317,10227000
2025-06-03,1.840014696121216,1.8690675324017776,1.8206461386008408,8116300
2025-06-04,1.8593833446502688,1.8593833446502688,1.8206462277135071,4830700
2025-06-05,1.9078048467636108,1.917489125949561,1.8496990562021955,10595000
2025-06-06,1.9078048467636108,1.917489125949561,1.8787520092057604,5119700
2025-06-09,1.9302265644073489,1.949723783649832,1.900980735543624,6809100
2025-06-10,1.9692209959030151,1.9887182150762972,1.93022655755645,7284200
2025-06-11,1.978969693183899,1.988718303202531,1.9497238631280025,8944300
2025-06-12,1.9984668493270876,2.0082154590340413,1.9692210202062248,8149300
2025-06-13,1.9302265644073489,1.9594723932710736,1.9107293451648653,10214700
2025-06-16,1.9107292890548704,1.9107292890548704,1.8522375168324816,16124300
2025-06-17,1.900980830192566,1.930226660512427,1.8912322200859453,5080900
2025-06-18,1.9107292890548704,1.9107292890548704,1.8717347355024143,4257400
2025-06-19,1.900980830192566,1.9204780504058063,1.861986273553485,6252700
2025-06-20,1.8229918479919436,1.8814835091086155,1.8034946276197197,13341600
2025-06-23,1.842489004135132,1.852237613981408,1.783997345057475,4647400
2025-06-24,1.891232132911682,1.91072935222622,1.8619861877272812,7211600
2025-06-25,1.920478105545044,1.9302267159315587,1.9009808847720149,6149300
2025-06-26,1.978969693183899,1.9984669132211632,1.920478033072106,12521300
2025-06-30,1.9692209959030151,2.027712653422862,1.9497237767297328,13594000
2025-07-01,1.959472417831421,1.9789696373182857,1.9399751983445563,8177400
2025-07-02,1.9497238397598269,1.9692210595634092,1.9204780100544523,15978400
2025-07-03,2.095953226089477,2.1154504459430843,1.9399752348354289,44639000
2025-07-04,2.027712821960449,2.1349477687517453,2.017964211563532,21108800
2025-07-07,1.9984668493270876,2.0082154590340413,1.9107293619645007,12980700
2025-07-08,1.8814834356307983,1.95947243028658,1.8814834356307983,32025700
2025-07-09,1.8814834356307983,1.920477991064987,1.8522376062146035,20105800
2025-07-10,1.8619861602783203,1.9107293240586989,1.8424889412512055,18845700
2025-07-11,1.978969693183899,1.978969693183899,1.8522376467290824,23252500
2025-07-14,2.0082154273986816,2.0082154273986816,1.930226550971606,14261900
2025-07-15,2.0082154273986816,2.037461256058835,1.9789695987385283,16385800
2025-07-16,1.959472417831421,2.017964076292015,1.9399751983445563,6214700
2025-07-17,1.9302265644073489,1.9594723932710736,1.920477954786107,13671400
2025-07-18,1.9887185096740725,1.998467120704819,1.949724065551086,8439400
2025-07-21,1.978969693183899,1.988718303202531,1.9497238631280025,7502200
2025-07-22,1.9399752616882324,1.998466922058684,1.9399752616882324,4858700
2025-07-23,1.978969693183899,1.9984669132211632,1.9399752531093704,8020400
2025-07-24,1.978969693183899,2.037461353295692,1.9594724731466344,10868000
2025-07-25,1.9497238397598269,1.988718279366992,1.9399752298580355,7819600
2025-07-28,1.978969693183899,1.988718303202531,1.9594724731466344,6319500
2025-07-29,1.9497238397598269,1.988718279366992,1.9399752298580355,5126200
2025-07-30,1.9984668493270876,1.9984668493270876,1.9302265813784087,5800600
2025-07-31,2.0569584369659424,2.115450325625185,1.9594723432425067,28564800
2025-08-01,2.076456069946289,2.115450510849941,2.0374613966174357,17322800
2025-08-04,1.9399752616882324,2.056958582429136,1.9204780415647484,61241400
2025-08-05,1.920478105545044,1.9692211574776175,1.9107294951585287,19736100
2025-08-06,1.81324315071106,1.910729364102264,1.7839973215574767,54858700
2025-08-07,1.842489004135132,1.8912321695791088,1.793745954903751,32538400
2025-08-08,1.8229918479919436,1.8327404581780555,1.7937460174336075,11224900
2025-08-11,1.842489004135132,1.8717348336739603,1.8034945647500276,9773800
2025-08-12,1.8327404260635376,1.8717348661246984,1.813243206032957,10184900
2025-08-13,1.9399752616882324,1.9399752616882324,1.8424890448582136,21703200
2025-08-14,1.891232132911682,1.939975181198027,1.8717347973845504,8805700
2025-08-15,1.900980830192566,1.9204780504058063,1.861986273553485,8601400
2025-08-18,1.8814834356307983,1.9009807714541904,1.8522376062146035,8268000
2025-08-19,1.900980830192566,1.9107294402991863,1.861986273553485,9748800
2025-08-20,1.891232132911682,1.891232132911682,1.8327403587554745,11165100
2025-08-21,1.8619861602783203,1.8912321050315843,1.8424889412512055,9552700
2025-08-22,1.8717349767684937,1.8717349767684937,1.8132433132191368,14804700
2025-08-25,1.9302265644073489,1.9302265644073489,1.8619861808460636,22213900
2025-08-26,1.9302265644073489,1.9887182221347988,1.8814834000885468,16781200
2025-08-27,1.978969693183899,1.988718303202531,1.920478033072106,13211700
2025-08-28,1.9302265644073489,1.978969612513557,1.920477954786107,5813000
2025-08-29,1.978969693183899,1.9984669132211632,1.9009808130348416,12221200
2025-09-02,1.9399752616882324,1.9789697019352,1.9107294315030063,6029100
2025-09-03,1.9887185096740725,1.9887185096740725,1.9302268434895928,9900700
2025-09-04,1.9399752616882324,2.017964142182168,1.9204780415647484,13039400
2025-09-08,1.978969693183899,1.9984669132211632,1.9497238631280025,9142100
2025-09-09,1.9984668493270876,1.9984668493270876,1.9497238007923168,8223200
2025-09-10,1.978969693183899,2.008215523239796,1.9594724731466344,4479100
2025-09-11,1.9887185096740725,2.0082157317355653,1.9692212876125792,7449200
2025-09-12,2.0179638862609863,2.037461103911804,1.98871805978476,12179800
2025-09-17,2.029730319976806,2.098368713893128,2.029730319976806,18898400
2025-09-18,2.078758001327514,2.0983691420049837,2.0199252806364605,12379300
2025-09-19,2.1179797649383545,2.1277852170722182,2.0493413662208884,21206500
2025-09-22,2.1179797649383545,2.147396121339946,2.07875772262248,9406000
2025-09-23,2.1179797649383545,2.15720157347381,2.1081743128044907,11168500
2025-09-24,2.157201766967773,2.157201766967773,2.098369048887488,8743600
2025-09-25,2.108174562454224,2.1670072822243687,2.108174562454224,6755200
2025-09-26,2.059146881103516,2.1081743770472783,2.0395359762381813,13832100
2025-09-29,2.039536237716675,2.068952598785997,2.0199253303371263,7291800
2025-09-30,2.029730319976806,2.06895212576876,2.0199248685288183,6768000
2025-10-01,2.0689523220062256,2.0983689129207197,2.029730512494134,12048800
2025-10-02,2.304283380508423,2.304283380508423,2.0983688834608607,45055000
2025-10-03,2.314088821411133,2.3336999595761925,2.2650615604495368,15951000
2025-10-06,2.274867057800293,2.333700005902524,2.2062288910915204,15989000
2025-10-07,2.314088821411133,2.323894273603452,2.245450656064898,17737800
2025-10-08,2.323894739151001,2.333700427088122,2.2650620142110824,7425900
2025-10-09,2.42194938659668,2.441560293874349,2.3042837091502104,32210900
2025-10-10,2.3925328254699707,2.431754636743177,2.382727372651669,12207100
2025-10-13,2.343505620956421,2.3729219801591657,2.274867215702908,15235500
2025-10-14,2.274867057800293,2.382727267837361,2.265061605413325,16121100
2025-10-15,2.343505620956421,2.3631165270915844,2.2846726687704897,13311100
2025-10-16,2.4513654708862305,2.470976375950886,2.343505493030625,25696700
2025-10-17,2.353311061859131,2.4513655920280777,2.314089016011112,17143900
2025-10-21,2.4611711502075195,2.480782057079257,2.4023384295923083,23896300
2025-10-22,2.4121434688568115,2.461170727618045,2.382727113600071,7745300
2025-10-23,2.4415600299835205,2.4415600299835205,2.3631164093512567,7750300
2025-10-24,2.4611711502075195,2.480782057079257,2.421949336464045,11096100
2025-10-27,2.559225559234619,2.5788366989264007,2.510198294456262,25057600
2025-10-28,2.588642120361328,2.598447573197603,2.539614622399518,18353900
2025-10-29,2.588642120361328,2.6180584788701524,2.5592255280720675,12664100
2025-10-30,2.559225559234619,2.598447604837744,2.539614653323276,8726900
2025-10-31,2.569031238555908,2.588642379975691,2.539614877096924,8242700
2025-11-03,2.4807820320129395,2.5886422524981034,2.4611711253393547,9062900
2025-11-04,2.42194938659668,2.4905875620685216,2.4023384793190106,8390900
2025-11-05,2.4317548274993896,2.4317548274993896,2.3435057452120764,14143800
2025-11-06,2.38272762298584,2.4807821614706644,2.363116715288875,10447100
2025-11-07,2.4611711502075195,2.4611711502075195,2.353311162412965,7491700
2025-11-10,2.4905874729156494,2.5298092860670063,2.4415602064764528,6326300
2025-11-11,2.470976591110229,2.529809311427033,2.470976591110229,4693300
2025-11-12,2.4905874729156494,2.510198379491328,2.4611711130521314,3364700
2025-11-13,2.470976591110229,2.500392951268631,2.4611711377240955,3846500
2025-11-14,2.3631162643432617,2.4317544281846466,2.3533108123659208,10636400
2025-11-17,2.3631162643432617,2.402338072252624,2.3533108123659208,4910600
2025-11-18,2.3631162643432617,2.3631162643432617,2.304283318698802,7914200
2025-11-19,2.3631162643432617,2.3631162643432617,2.265061510789439,11503100
2025-11-20,2.37292218208313,2.3925330898870847,2.353311274279175,8059400
2025-11-21,2.37292218208313,2.37292218208313,2.2846728631848725,6819200
2025-11-24,2.343505620956421,2.3827274332267474,2.323894481040816,4824400
2025-11-25,2.3631162643432617,2.382727168297943,2.3435053603885803,5905900
2025-11-26,2.333700180053711,2.382727445647183,2.3238944931545733,4375500
2025-11-27,2.333700180053711,2.343505633172405,2.314089040035879,3669500
2025-11-28,2.1473963260650635,2.2748672159579137,2.1375908729963826,31299000
2025-12-01,1.8924541473388672,2.1375908184739765,1.8924541473388672,48854600
2025-12-02,1.8434269428253172,1.9414815910704324,1.8140105834188496,30530900
2025-12-03,1.8532323837280276,1.8728432898695588,1.8238160245157304,22406700
2025-12-04,1.8140106201171875,1.882648793454197,1.8140106201171875,17200600
2025-12-05,1.794399619102478,1.8336214303756848,1.774788596575657,19632400
2025-12-08,1.823815941810608,1.8532322996889528,1.7845941313061482,8961500
2025-12-09,1.8140106201171875,1.8336215267849043,1.784594260115612,10746900
2025-12-10,1.8140106201171875,1.823816073451046,1.784594260115612,11194000
2025-12-11,1.804205179214477,1.8532324462215728,1.804205179214477,17641400
2025-12-12,1.794399619102478,1.8238159775573832,1.774788596575657,18575800
2025-12-15,1.794399619102478,1.80420507192078,1.774788596575657,7806300
2025-12-16,1.7355668544769287,1.794399690621857,1.725761401267811,20310700
2025-12-17,1.7684661149978638,1.7684661149978638,1.709187976467858,15301800
2025-12-18,1.7684661149978638,1.7783458047528649,1.72894735597786,4895800
2025-12-19,1.738827109336853,1.7981053678103711,1.728947419220466,9148700
2025-12-22,1.728947401046753,1.7585864710843648,1.728947401046753,7261100
2025-12-23,1.7585865259170532,1.768466216237639,1.7388271452758817,6134000
2025-12-24,1.7585865259170532,1.7783459065582248,1.7388271452758817,6461300
2025-12-26,1.7091879844665527,1.7684661232739698,1.6993082946653166,13984500
2025-12-29,1.7190678119659424,1.7388271931511503,1.7091881213733382,9938400
2025-12-30,1.679548978805542,1.758586500215085,1.6696692886293492,20732900
2025-12-31,1.6597894430160522,1.7091880105513215,1.620270683207992,36627600
2026-01-02,1.7190678119659424,1.7289475025585463,1.6597895506351157,24753900
2026-01-05,1.738827109336853,1.7585864895696268,1.6993083488713052,7369800
2026-01-06,1.7882256507873535,1.7882256507873535,1.7289475070768168,13804600
2026-01-07,1.7684661149978638,1.7981053020380589,1.758586425242863,10805800
2026-01-08,1.8079850673675537,1.8277444477035056,1.748706808584501,11775400
2026-01-09,1.8376240730285645,1.8573834526672812,1.778345816337221,11664500
2026-01-12,1.8376240730285645,1.847503762847923,1.8178646933898477,13303800
2026-01-13,1.8475037813186648,1.8672631611549293,1.837624091400532,10035700
2026-01-14,1.8573836088180544,1.887022680767895,1.8376242275181605,13761300
2026-01-15,1.9166617393493648,1.926541429323315,1.8475037917565225,16417400
2026-01-16,1.9364211559295652,1.9463008460904143,1.8969022775109723,8807900
2026-01-20,1.827744483947754,1.8573835550394255,1.798105412856082,11415700
2026-01-21,1.8079850673675537,1.8376241378714813,1.778345879088429,12200200
2026-01-22,1.8178647756576536,1.8475038464570508,1.7882255870830588,14087800
2026-01-23,1.7684661149978638,1.8277443713030617,1.7684661149978638,9991700
2026-01-26,1.689428687095642,1.758586519070496,1.67954899681352,27631200
2026-01-27,1.6993083953857422,1.7091880857725616,1.6795490146121033,16218300
2026-01-28,1.640030026435852,1.709187972328565,1.640030026435852,20265000
2026-01-29,1.5807520151138306,1.649909848790415,1.560992634063378,20437300
2026-01-30,1.5906316041946411,1.6005112940897783,1.5511128446140914,11120800
2026-02-03,1.6005113124847412,1.6202706925021142,1.5906316224760548,9622500
2026-02-04,1.5609925985336304,1.600511359735049,1.5609925985336304,6014600
2026-02-05,1.5017143487930298,1.560992608758649,1.4720752776978197,19942700
2026-02-06,1.5017143487930298,1.5115940391580998,1.4720752776978197,8132500
2026-02-09,1.5412330627441406,1.5511128705798607,1.521473682623092,8153000
2026-02-10,1.51159405708313,1.5511129367872385,1.491834676118676,9401400
2026-02-11,1.51159405708313,1.5214737475653568,1.491834676118676,6888800
2026-02-12,1.51159405708313,1.5214737475653568,1.491834676118676,7051300
2026-02-13,1.4819549322128296,1.5017143124649692,1.4720752420867598,12353000
2026-02-16,1.4918346405029297,1.4918346405029297,1.472075260010207,3646100
2026-02-19,1.51159405708313,1.5313534380475835,1.481954985636449,7318900
2026-02-20,1.4918346405029297,1.5313534014883747,1.4918346405029297,3030700
2026-02-23,1.4918346405029297,1.5511128997562953,1.4819549502565683,8641700
2026-02-24,1.4621955156326294,1.4819548953938495,1.4621955156326294,7960700
2026-02-25,1.4819549322128296,1.5017143124649692,1.4720752420867598,5794200
2026-02-26,1.4918346405029297,1.4918346405029297,1.4621955697638458,8447300
2026-02-27,1.4029173851013184,1.4621956475064128,1.3930376943296698,28851900
2026-03-02,1.353518843650818,1.3930376041799757,1.3337594633862389,17922700
2026-03-03,1.363398551940918,1.4029173129963886,1.3436391714131826,8509200
2026-03-04,1.2942405939102173,1.3732782332828646,1.284360903710536,12147400
2026-03-05,1.304120421409607,1.3436391827999832,1.2942406132868138,10430500
2026-03-06,1.304120421409607,1.323879802104795,1.2744812325916255,14376000
2026-03-09,1.1954437494277954,1.2843609655028525,1.1954437494277954,37017200
2026-03-10,1.2547218799591064,1.2942406422333457,1.225082808253427,35444100
2026-03-11,1.2547218799591064,1.2843609516647858,1.2448421893905466,12146000
2026-03-12,1.2843608856201172,1.2942405756806417,1.2349624353174955,20482200
2026-03-13,1.3238798379898071,1.343639219220592,1.2646015765222505,15694700
2026-03-16,1.3140000104904177,1.3436390792489887,1.2942405135428467,5442200
2026-03-17,1.3239545822143557,1.3438636540470268,1.3239545822143557,3739400
2026-03-18,1.35381817817688,1.3836817856658912,1.333909106517539,8226600
2026-03-19,1.3140000104904177,1.3637726887157486,1.3140000104904177,15540000
2026-03-24,1.3239545822143557,1.333909118130691,1.2841363198815845,6763700
2026-03-25,1.3040454387664795,1.3438637025359628,1.2841363662154544,8111300
2026-03-26,1.373727321624756,1.373727321624756,1.2841363758084317,12616800
2026-03-27,1.3040454387664795,1.363772775086988,1.3040454387664795,10854500
2026-03-30,1.264227271080017,1.304045415470748,1.2443181988846517,17106400
2026-03-31,1.2841362953186035,1.2940908310445285,1.2542726881408282,13642100
2026-04-01,1.3836817741394043,1.4035908456328967,1.264227226511024,38602700
2026-04-02,1.343863606452942,1.4135453553994524,1.3040453455303689,20393400
2026-04-03,1.4533636569976809,1.463318192840068,1.3438636440639924,23202000
2026-04-06,1.4633182287216189,1.4931818369810563,1.4434091565486602,22729300
2026-04-07,1.4135453701019287,1.4633181671059827,1.403590834434603,9275300
2026-04-08,1.483227252960205,1.5031363244897498,1.4434091099011157,16318800
2026-04-09,1.443409085273743,1.483227227653457,1.443409085273743,18918400
2026-04-10,1.4234999418258667,1.4732727400906434,1.4135454059063972,10214300
2026-04-13,1.3936363458633425,1.413545417870794,1.3936363458633425,7440100
2026-04-14,1.4732728004455566,1.4832273367728293,1.4235000001417597,14771400
2026-04-15,1.5230454206466677,1.5329999565724028,1.4832272769437258,25720500
2026-04-16,1.6425000429153442,1.6723636520105931,1.5429545605970798,57971900
2026-04-17,1.6425000429153442,1.6624091156455103,1.602681897455012,13096000
2026-04-20,1.7619545459747314,1.7818636181174514,1.6424999944509822,75613700
2026-04-21,1.811727285385132,1.821681821128944,1.751999952254835,45506300
2026-04-22,1.781863570213318,1.8216818320957024,1.7619544986058393,21381800
2026-04-23,1.811727285385132,1.8415908926165672,1.791818095230082,27381900
2026-04-24,1.811727285385132,1.8316363568727556,1.791818095230082,13662200
2026-04-27,2.0506362915039062,2.1004089709414075,1.821681847423972,112957400
2026-04-28,2.100409030914306,2.1103635670860386,2.000863669196989,35498100
2026-04-29,2.040681838989258,2.100409056754438,2.000863693812471,44138900
2026-04-30,1.961045503616333,2.050636328207384,1.9411364314849884,27360000
2026-05-04,1.961045503616333,2.020772720010367,1.9411364314849884,15652500
2026-05-05,1.941136360168457,1.9709999672682976,1.9112726344011903,22133000
2026-05-06,2.000863552093506,2.0108180876826336,1.970999945326122,29717400
2026-05-07,1.9809545278549197,2.070545350279968,1.9709999920299144,25404000
2026-05-08,1.911272644996643,1.9809545139499904,1.901318109241512,24295000
2026-05-11,1.9013181924819944,1.951090992104152,1.8714545839091596,21970600
2026-05-12,1.8814090490341189,1.941136382591156,1.8814090490341189,22147600
2026-05-13,1.941136360168457,1.951090895868404,1.8515454202015087,22251600
2026-05-14,1.961045503616333,1.971000039682005,1.911272704620541,23000800
2026-05-15,1.921227216720581,1.980954551036999,1.8714545370130904,18160200
2026-05-18,1.8814090490341189,1.9013181206639889,1.831636369959444,13703800
2026-05-19,1.8714545965194704,1.8913636690355125,1.851545524003428,10643700
2026-05-20,1.861500024795532,1.8913636330006245,1.83163641659044,9110800
2026-05-21,1.861500024795532,1.901318169068988,1.851545488727168,10912900
2026-05-22,1.961045503616333,1.99090911181335,1.871454560357852,23347500
2026-05-25,1.971000075340271,1.9909091478318,1.9212272754440165,10428400
2026-05-26,2.209909200668335,2.219863736995608,1.8615000732114912,123424700
2026-05-28,2.339318037033081,2.3492725727821,2.1900000007978,66467100
2026-05-29,2.3293635845184326,2.409000110691061,2.279590903994828,32893400
2026-06-03,2.3492727279663086,2.4090001837406474,2.3094545823399955,20312700
2026-06-04,2.3094544410705566,2.3293635126658745,2.259681762082262,23661900
2026-06-05,2.23977279663086,2.319409086786133,2.22981826036145,16938400
2026-06-08,2.2198636531829834,2.229818189134415,2.110363520382377,20586300
2026-06-09,2.259681701660156,2.259681701660156,2.160136346345332,11783300
2026-06-10,2.23977279663086,2.2497273329002687,2.1999546515532225,13030700
2026-06-11,2.190000057220459,2.2298182012423995,2.1800455212149736,15591100
2026-06-12,2.1600000858306885,2.2300000190734863,2.150000095367432,35653300
2026-06-15,2.289999961853028,2.3299999237060547,2.190000057220459,35975100
2026-06-16,2.259999990463257,2.309999942779541,2.25,21089300
2026-06-18,2.220000028610229,2.289999961853028,2.180000066757202,14365100
2026-06-19,2.25,2.289999961853028,2.220000028610229,21770800
2026-06-22,2.2699999809265137,2.309999942779541,2.2300000190734863,23232200
2026-06-23,2.180000066757202,2.2699999809265137,2.1600000858306885,13425800
2026-06-24,2.190000057220459,2.2100000381469727,2.119999885559082,15966700
2026-06-25,2.25,2.2799999713897705,2.200000047683716,21673100
2026-06-26,2.200000047683716,2.25,2.1600000858306885,16835000
2026-06-29,2.25,2.259999990463257,2.150000095367432,11655800
2026-06-30,2.259999990463257,2.309999942779541,2.2100000381469727,29948300
2026-07-01,2.319999933242798,2.369999885559082,2.259999990463257,33568400
2026-07-02,2.220000028610229,2.299999952316284,2.2100000381469727,14205700
2026-07-03,2.2100000381469727,2.25,2.190000057220459,13579800
2026-07-06,2.1700000762939453,2.2100000381469727,2.1600000858306885,10703200
2026-07-07,2.190000057220459,2.220000028610229,2.1600000858306885,11613300
2026-07-08,2.180000066757202,2.200000047683716,2.1700000762939453,6594900
2026-07-09,2.2300000190734863,2.25,2.180000066757202,8604400
2026-07-10,2.180000066757202,2.25,2.180000066757202,8494600
2026-07-13,2.1600000858306885,2.190000057220459,2.1600000858306885,4757300
2026-07-14,2.1700000762939453,2.1700000762939453,2.0799999237060547,17694800
2026-07-15,2.180000066757202,2.2100000381469727,2.1700000762939453,8360600
2026-07-16,2.200000047683716,2.2300000190734863,2.1700000762939453,5355400
2026-07-17,2.1700000762939453,2.190000057220459,2.130000114440918,13133400
2026-07-20,2.2799999713897705,2.309999942779541,2.1600000858306885,47685400
2026-07-21,2.299999952316284,2.319999933242798,2.259999990463257,22284400
2026-07-22,2.289999961853028,2.3299999237060547,2.25,12986000
2026-07-23,2.2300000190734863,2.299999952316284,2.2300000190734863,10580200
2026-07-24,2.200000047683716,2.220000028610229,2.180000066757202,8561400
2026-07-27,2.2300000190734863,2.25,2.200000047683716,12450900
2026-07-28,2.1700000762939453,2.2100000381469727,2.150000095367432,15682200
2026-07-29,2.140000104904175,2.180000066757202,2.130000114440918,16950700
2026-07-30,2.119999885559082,2.140000104904175,2.0899999141693115,12615000
2026-07-31,2.220000028610229,2.25,2.1600000858306885,27122500
2026-08-03,2.190000057220459,2.2300000190734863,2.1700000762939453,14169700
2026-08-04,2.2100000381469727,2.240000009536743,2.190000057220459,8935700
2026-08-05,2.4100000858306885,2.430000066757202,2.259999990463257,69940800
2026-08-06,2.450000047683716,2.450000047683716,2.380000114440918,26125000
2026-08-07,2.400000095367432,2.450000047683716,2.3499999046325684,42816000
2026-08-10,2.5199999809265137,2.5199999809265137,2.400000095367432,29277800
2026-08-11,2.5,2.5199999809265137,2.450000047683716,15694700
2026-08-12,2.5,2.5299999713897705,2.4600000381469727,20832800
2026-08-13,2.440000057220459,2.509999990463257,2.400000095367432,19862500
2026-08-14,2.4200000762939453,2.4600000381469727,2.4200000762939453,8893600
2026-08-17,2.4200000762939453,2.450000047683716,2.380000114440918,13191600
2026-08-18,2.369999885559082,2.430000066757202,2.359999895095825,11405500
2026-08-19,2.289999961853028,2.369999885559082,2.2799999713897705,21352000
2026-08-20,2.220000028610229,2.309999942779541,2.200000047683716,22923500
2026-08-21,2.2699999809265137,2.289999961853028,2.180000066757202,14794500
2026-08-24,2.259999990463257,2.2799999713897705,2.240000009536743,9306600
2026-08-26,2.400000095367432,2.450000047683716,2.259999990463257,34278500
2026-08-27,2.5,2.509999990463257,2.4100000858306885,25325100
2026-08-28,2.559999942779541,2.5999999046325684,2.4100000858306885,52980300
2026-09-01,2.609999895095825,2.740000009536743,2.549999952316284,54640700
2026-09-02,2.549999952316284,2.5899999141693115,2.490000009536743,21379900
2026-09-03,2.609999895095825,2.619999885559082,2.549999952316284,15657300
