Date,Close,High,Low,Volume
2015-01-02,3.313384294509888,3.3253244062963767,3.2895040709369106,720300
2015-01-05,3.259653091430664,3.3312937498924065,3.235772871943417,4447900
2015-01-06,3.1880123615264893,3.259653018382785,3.1701020549750827,9889400
2015-01-07,3.134282112121582,3.205922777791004,3.1044316924219726,10731400
2015-01-08,3.1581623554229736,3.193982688500538,3.146222244397119,9169100
2015-01-09,3.1760730743408203,3.193983100854496,3.14025273663873,5790600
2015-01-12,3.092491865158081,3.193982959837112,3.0148812792341686,16727600
2015-01-13,3.534275531768799,3.552185552179821,3.1104012530460423,29224700
2015-01-14,3.4327850341796875,3.50442569700586,3.3312939528385987,25010900
2015-01-15,3.528305768966675,3.611886823409389,3.480545329099224,43132100
2015-01-16,3.492485761642456,3.528306094851516,3.414874897352141,18128800
2015-01-19,3.552186250686645,3.564126361533461,3.4626355616728777,10483300
2015-01-20,3.4686052799224854,3.5581562485807465,3.4686052799224854,11522800
2015-01-21,3.5044260025024414,3.5402463370381474,3.438755531524337,16447500
2015-01-22,3.373084306716919,3.492485405228712,3.34920408701456,26009800
2015-01-23,3.283533334732056,3.396964520456488,3.253682917819168,32831000
2015-01-26,3.259653091430664,3.301443617870683,3.223832762199793,11045400
2015-01-27,3.3074138164520264,3.349204346506365,3.253683175621405,9627100
2015-01-28,3.319354057312012,3.33726436651568,3.271593612335174,12554700
2015-01-29,3.283533334732056,3.313383751644944,3.253682917819168,14976800
2015-01-30,3.283533334732056,3.295473444562276,3.247713005241394,14980900
2015-02-04,3.373084306716919,3.3969645264192776,3.3014436476098425,9458200
2015-02-05,3.4268147945404053,3.4268147945404053,3.3432340222692134,10398100
2015-02-06,3.4626355171203613,3.474575627813548,3.402934678979736,6946400
2015-02-09,3.4029340744018555,3.46860481388442,3.3969641624532456,10347000
2015-02-10,3.3909943103790283,3.4029344201640908,3.3432338712387804,7577000
2015-02-11,3.414874792098999,3.456665321892188,3.385024657682173,7973300
2015-02-12,3.4029340744018555,3.42681429154558,3.373083945309521,5878700
2015-02-13,3.3969647884368896,3.408904899209044,3.355174258397001,7642500
2015-02-16,3.5103964805603027,3.5223365930244643,3.402935183708113,12005500
2015-02-17,3.522335767745972,3.5223357677459712,3.474575329079532,3189400
2015-02-18,3.522335767745972,3.558156096745801,3.492485351242112,5050600
2015-02-23,3.570096015930176,3.5760659281076217,3.516365382959891,8047300
2015-02-24,3.5939762592315674,3.623826674352414,3.570096041004752,9847800
2015-02-25,3.522335767745972,3.5939764257456317,3.5103956580793616,8721800
2015-02-26,3.4805450439453125,3.5223355677428585,3.4745751317883227,11061500
2015-02-27,3.552186250686645,3.552186250686645,3.456665363912121,11452800
2015-03-02,3.552186250686645,3.552186250686645,3.444725253065305,11477900
2015-03-03,3.546216487884521,3.5581565992373427,3.516366067165112,6443500
2015-03-04,3.54024600982666,3.54024600982666,3.5103958761431966,7028100
2015-03-05,3.414874792098999,3.510395962387046,3.414874792098999,10345500
2015-03-06,3.474575519561768,3.4924855427062065,3.408904770457894,11132600
2015-03-09,3.4626355171203613,3.474575627813548,3.390994568286549,4646300
2015-03-10,3.552186250686645,3.564126361533461,3.4626355616728777,8252000
2015-03-11,3.4626355171203613,3.4865157385067342,3.432785098050049,12342500
2015-03-12,3.492485761642456,3.5044258727121425,3.444725317363709,10677000
2015-03-13,3.534275531768799,3.552185552179821,3.4745749892743207,7047000
2015-03-16,3.528305768966675,3.5521859889004,3.456665109165499,4299300
2015-03-17,3.5581562519073486,3.558156251907349,3.5223359213454914,2988300
2015-03-18,3.534275531768799,3.611886379348941,3.534275531768799,9289700
2015-03-19,3.611887454986572,3.6118874549865727,3.534276584293536,10326900
2015-03-20,3.611887454986572,3.623827567041292,3.56412672209297,15227200
2015-03-23,3.6059165000915527,3.623826806753368,3.5939763905418984,20790200
2015-03-24,3.677558183670044,3.707408608211744,3.605917506379659,15705700
2015-03-25,3.689497947692871,3.7193483694120775,3.671587922401123,12153700
2015-03-26,3.695467472076416,3.707407581652,3.6477070337740822,4447800
2015-03-27,3.695467472076416,3.725560970851044,3.677411602405938,10046600
2015-03-30,3.737598657608032,3.737598657608032,3.6954678128372223,6575300
2015-03-31,3.743616342544556,3.7616724968060726,3.73157900203449,8927500
2015-04-01,3.7556543350219727,3.7556543350219727,3.7315796498225664,2463300
2015-04-02,3.7556543350219727,3.77371049241797,3.737598464618861,5513800
2015-04-03,3.7616727352142334,3.7676915493471457,3.743616579808349,5109800
2015-04-06,3.7616727352142334,3.773710076487205,3.749635393941262,7503200
2015-04-07,3.7917675971984863,3.803804942805757,3.731580582169179,8914000
2015-04-08,3.7556543350219727,3.779729307214264,3.7436169924222695,5493400
2015-04-09,3.7556543350219727,3.77371049241797,3.749635807218564,5550100
2015-04-10,3.719542980194092,3.755655014526896,3.7075056354164895,6200000
2015-04-13,3.725561380386353,3.743617252041637,3.719542565172654,2819500
2015-04-14,3.725561380386353,3.731579908607145,3.713524036951861,2416900
2015-04-15,3.7556543350219727,3.779729307214264,3.7315796498225664,4811000
2015-04-16,3.701486587524414,3.761673302973409,3.6533372151652177,8412400
2015-04-17,3.671393632888794,3.731580357298196,3.653337759062443,6984300
2015-04-20,3.701486587524414,3.7135239306142127,3.671393086303468,4880900
2015-04-21,3.773710012435913,3.773710012435913,3.7014859660239456,5705400
2015-04-22,3.7556543350219727,3.7616731498182663,3.719542307222864,4643700
2015-04-23,3.701486587524414,3.761673302973409,3.701486587524414,4728400
2015-04-24,3.665374279022217,3.743616859648845,3.6473181222666105,11110500
2015-04-27,3.677412033081055,3.731579935429163,3.665374689560041,5053600
2015-04-28,3.677412033081055,3.6954679048661214,3.647318530782066,6959400
2015-04-29,3.6352806091308594,3.701486131464015,3.635280609130859,5833600
2015-04-30,3.551019191741944,3.659355265404481,3.526944508705824,15784100
2015-05-05,3.5450007915496826,3.5510196065081523,3.5088887627775462,7723600
2015-05-06,3.581112861633301,3.581112861633301,3.460739431004225,8222300
2015-05-07,3.538981914520264,3.5991686232040374,3.520925758418699,6204600
2015-05-08,3.5450007915496826,3.5991689782043346,3.538982263584107,4519700
2015-05-11,3.5690760612487797,3.60518809592834,3.5510201874054683,5764400
2015-05-12,3.551019191741944,3.569075060522603,3.532963035968424,3656200
2015-05-13,3.5450007915496826,3.569075477397774,3.490832891887925,4444000
2015-05-14,3.611206531524658,3.611206531524658,3.52092631083796,3624800
2015-05-15,3.587131977081299,3.611206665223354,3.551019944868216,2058600
2015-05-18,3.581112861633301,3.611206362787018,3.563056990535388,4457700
2015-05-19,3.611206531524658,3.623243875150024,3.5871318442739266,9346400
2015-05-20,3.617225170135498,3.635281041195078,3.611206355120374,2322200
2015-05-21,3.526945114135742,3.5991691756419706,3.520926298847101,7600500
2015-05-22,3.4607388973236084,3.5510190998697517,3.44870155611698,8863900
2015-05-25,3.4607388973236084,3.4607388973236084,3.442682742017239,3256000
2015-05-26,3.3764779567718506,3.4607393563956483,3.364440613968451,6413300
2015-05-27,3.3885152339935303,3.412589919134385,3.3283285211413927,4596500
2015-05-28,3.4065709114074707,3.4186082532961137,3.3584215438528995,3730000
2015-05-29,3.412590503692627,3.4607398822220645,3.3704596539829024,16927900
2015-06-01,3.3885152339935303,3.418608446923157,3.334347048930164,8656200
2015-06-02,3.286197662353516,3.382496402439429,3.286197662353516,12044400
2015-06-03,3.201936721801758,3.298235475632723,3.2019367218017583,13466500
2015-06-04,3.183880090713501,3.238048275222407,3.1838800907135005,9394400
2015-06-05,3.2079548835754395,3.256104254984822,3.177861669941022,2941600
2015-06-08,3.189899444580078,3.23203000676966,3.1778621000983507,6501700
2015-06-09,3.1537866592407227,3.1959175022127067,3.1537866592407227,7681200
2015-06-10,3.2199923992156982,3.2681417732088227,3.159805681724293,9251400
2015-06-11,3.2440664768218994,3.2561038180589934,3.2019359259884954,6312400
2015-06-12,3.2320303916931152,3.2500865540625976,3.226011862231931,9029300
2015-06-15,3.2260115146636963,3.2440673880948867,3.213974170045258,6213800
2015-06-16,3.2199923992156982,3.2320297427139795,3.207955055717417,4335500
2015-06-17,3.3283278942108154,3.3584211014720244,3.207954204187487,10613000
2015-06-18,3.322310209274292,3.3403663693596264,3.292216704796378,8821300
2015-06-19,3.3283278942108154,3.340365234513865,3.292215586308836,10888000
2015-06-22,3.37045955657959,3.382496900864081,3.2982354908726457,6116000
2015-06-23,3.3403656482696533,3.3885150154458943,3.3403656482696538,4600200
2015-06-24,3.37045955657959,3.394534245148572,3.340366339364826,8826900
2015-06-25,3.352403402328491,3.376478088877217,3.3463845871948585,7782200
2015-06-26,3.3102731704711914,3.3584225524864446,3.310273170471191,5493000
2015-06-29,3.1959173679351807,3.2861975779432,3.1778614981293023,12691600
2015-06-30,3.2922163009643555,3.316291273789344,3.195917557635976,22489800
2015-07-01,3.3343472480773926,3.3885154363760086,3.298235218209283,11768700
2015-07-02,3.3343472480773926,3.3885154363760086,3.3343472480773926,8274300
2015-07-03,3.2982351779937744,3.346384550564167,3.250085805423382,5694700
2015-07-06,3.2801785469055176,3.298234702512848,3.22601065406924,6372100
2015-07-07,3.2801785469055176,3.3162908581201784,3.2320291812764457,9126300
2015-07-08,3.189899444580078,3.2741608559521724,3.183880628842749,8303900
2015-07-09,3.213973045349121,3.244066252867948,3.159804870025267,6054500
2015-07-10,3.2500851154327397,3.26814098281694,3.207954279881541,5272900
2015-07-13,3.213973045349121,3.250085066567413,3.207954231649656,5710600
2015-07-14,3.2079548835754395,3.256104254984822,3.20795488357544,6270400
2015-07-15,3.2199923992156982,3.238048557959573,3.2139738709630112,3238900
2015-07-16,3.2982351779937744,3.2982351779937744,3.2260111191381857,2195900
2015-07-20,3.3102731704711914,3.3283293322233884,3.292217008718993,23721400
2015-07-21,3.352403402328491,3.352403402328491,3.292216398963774,4089900
2015-07-22,3.3403656482696533,3.352402990063714,3.3343468338761904,3217300
2015-07-23,3.3102731704711914,3.346385206982631,3.310273170471191,10251200
2015-07-24,3.3102731704711914,3.316291986719575,3.2681423177113667,10455300
2015-07-27,3.2079548835754395,3.286197755612131,3.2019363556457128,4853600
2015-07-28,3.2079548835754395,3.316291256239441,3.2019363556457128,10412800
2015-07-29,3.183880090713501,3.2199921180551443,3.16582422053912,7732400
2015-07-30,3.129711866378784,3.195917392492435,3.129711866378784,7370200
2015-07-31,3.238048791885376,3.2440673205728587,3.1417497499493057,5525700
2015-08-03,3.201936721801758,3.23804875448837,3.1598058735042485,4296200
2015-08-04,3.147768497467041,3.2199925621104373,3.147768497467041,2770900
2015-08-05,3.183880090713501,3.2500856176696216,3.159805405819072,4554300
2015-08-06,3.183880090713501,3.2260109327751927,3.171842748266286,3602600
2015-08-07,3.189899444580078,3.189899444580078,3.141749779660237,3497100
2015-08-10,3.0755441188812256,3.153786704095007,3.021375932431545,10194400
2015-08-11,3.0394318103790283,3.111655860999716,3.039431810379028,4870900
2015-08-12,2.97322678565979,3.0394323199923545,2.9551706264807582,10465700
2015-08-13,3.057488203048706,3.099619049954291,2.9732267962304504,8615900
2015-08-14,2.991283178329468,3.069526070064686,2.961189957118743,9344100
2015-08-17,2.9491517543792725,3.0093384663068328,2.931095597304564,6215800
2015-08-18,2.97322678565979,3.00933881702494,2.9250774105062574,8584500
2015-08-19,3.009338617324829,3.069525332272747,2.961189245366495,11501100
2015-08-20,3.009338617324829,3.0394321182952355,2.9491519023769115,11592200
2015-08-21,2.979245185852051,3.0273948459264792,2.931095812770524,11922600
2015-08-24,2.7806284427642822,2.9250768263716105,2.774609915568441,16044700
2015-08-25,2.840815305709839,2.846834120229101,2.696367201162009,14221300
2015-08-26,2.834796667098999,2.8588713502469125,2.798684642377129,8224500
2015-08-27,2.937114715576172,2.937114715576172,2.8528530231753537,10028900
2015-08-28,3.009338617324829,3.015357432316069,2.9491519023769115,14524000
2015-09-01,2.913039207458496,3.0996181246396968,2.88896452698304,10758700
2015-09-02,2.8709094524383545,2.901002957842637,2.822760073385852,9016200
2015-09-03,2.979245185852051,2.979245185852051,2.9010025980910203,5736700
2015-09-04,2.8588712215423584,2.979244631862792,2.8588712215423584,4276000
2015-09-07,2.840815305709839,2.8528526477554914,2.8047032795728817,5511800
2015-09-08,2.840815305709839,2.8769276188396686,2.8047032795728817,7072600
2015-09-09,2.8709094524383545,2.88294679720148,2.8528532917971976,10371700
2015-09-10,2.9491517543792725,2.9491517543792725,2.828778043531271,7113300
2015-09-11,2.876927614212036,2.9070208257813253,2.8648902721857463,5661900
2015-09-14,2.9491517543792725,2.9491517543792725,2.8709088853770037,7532300
2015-09-15,2.955170154571533,3.02137567833178,2.955170154571533,17347300
2015-09-17,3.0755441188812256,3.0755441188812256,3.02739474736724,18924600
2015-09-18,2.997300624847412,3.117674028659424,2.991281811160395,17237500
2015-09-21,2.89436411857605,2.997301507539,2.876198527151835,15614600
2015-09-22,2.858032464981079,2.9246392375893584,2.839867165281152,13534000
2015-09-23,2.858032464981079,2.858032464981079,2.773260392672872,13699900
2015-09-25,2.83986759185791,2.858032894286449,2.7853711071077387,18126700
2015-09-28,2.8035366535186768,2.845922550996892,2.749040169638375,13602100
2015-09-29,2.742984771728516,2.785370663127094,2.730874475795746,17598100
2015-09-30,2.7005984783172607,2.7490396600164053,2.7005984783172607,32681500
2015-10-01,2.718764066696167,2.749039952849285,2.7127090627048926,21003900
2015-10-02,2.7066538333892822,2.7248194232531624,2.700598829256159,12905800
2015-10-05,2.718764066696167,2.749039952849285,2.7127090627048926,13297100
2015-10-06,2.77931547164917,2.7853704748401302,2.7248189992694734,22875100
2015-10-07,2.967025756835937,2.967025756835937,2.7550954075045704,32009900
2015-10-08,2.979135751724243,3.01546664031451,2.948859866866236,13373800
2015-10-09,3.0033562183380127,3.0336321019280743,2.9791356269588536,13352300
2015-10-12,2.991245746612549,3.009411044711772,2.960969864804234,12101800
2015-10-13,2.9973011016845703,3.015466690649044,2.973080508886766,10920000
2015-10-15,3.0275774002075195,3.0820738858055847,3.003356804104442,17618900
2015-10-16,3.033632516860962,3.0517978185138253,3.021521930782701,9949800
2015-10-19,3.063908100128174,3.0639081001281734,3.033632501284764,14395700
2015-10-20,2.960970640182495,3.0578533141000808,2.93675004388617,7014300
2015-10-21,3.009411573410034,3.015466866328384,2.9488600878878293,9374700
2015-10-22,2.960970640182495,3.0215221309233096,2.9488603420343327,10540400
2015-10-23,2.9730801582336426,2.991245745055618,2.9549148601438744,5574200
2015-10-26,2.967025756835937,2.9973013560362665,2.9549154594093525,4302300
2015-10-27,2.948859930038452,2.9973011158632104,2.9185843332641,6396600
2015-10-28,2.930694103240967,2.948859400295857,2.8943632203989957,9112000
2015-10-29,2.83986759185791,2.954915565923674,2.827757293994792,15466900
2015-10-30,2.791425943374634,2.845922130470051,2.7853706510683494,15218900
2015-11-02,2.77931547164917,2.797480769954262,2.7611498846118674,6401800
2015-11-03,2.8277571201324463,2.8277571201324463,2.7853709358514736,8621600
2015-11-04,2.8459222316741943,2.864087820506808,2.82775693157382,10669400
2015-11-05,2.851977825164795,2.876198420342784,2.833812234415168,8676400
2015-11-06,2.83986759185791,2.864088187584147,2.827757293994792,5747300
2015-11-09,2.8277571201324463,2.839867417250973,2.809591530088527,7719300
2015-11-11,2.7853705883026123,2.815646471687339,2.76114999708772,8950900
2015-11-12,2.7732603549957275,2.8095912426342298,2.7490397632367265,12037400
2015-11-13,2.7550952434539795,2.785370840851565,2.7550952434539795,8879600
2015-11-16,2.7611501216888428,2.7732604178427844,2.7369295293809595,5554700
2015-11-17,2.767205715179444,2.839867500008053,2.767205715179444,6277900
2015-11-18,2.7853705883026123,2.7853705883026123,2.742984698042662,8700300
2015-11-19,2.7611501216888428,2.7853707139967265,2.742984821824048,6227200
2015-11-20,2.7611501216888428,2.779315710285873,2.749039825534901,7530700
2015-11-23,2.7853705883026123,2.8095911795175046,2.76114999708772,4901200
2015-11-24,2.7611501216888428,2.80959130630461,2.7611501216888428,7218200
2015-11-25,2.7853705883026123,2.8035361760798927,2.7672052892575545,4893000
2015-11-26,2.7248191833496094,2.779315659410915,2.7127088874173446,37755100
2015-11-27,2.7550952434539795,2.761150247440597,2.7308746500430114,10370400
2015-11-30,2.7248191833496094,2.7429847716141214,2.7127088874173446,29221200
2015-12-01,2.7550952434539795,2.791426133570432,2.724819357324145,9463400
2015-12-02,2.742984771728516,2.7793156595268247,2.742984771728516,5694900
2015-12-03,2.7550952434539795,2.7672055401594635,2.7429849467484955,10227300
2015-12-04,2.730875015258789,2.7611506167053066,2.730875015258789,5199200
2015-12-07,2.730875015258789,2.7611506167053066,2.724819721730113,7682700
2015-12-08,2.730875015258789,2.755095611908918,2.730875015258789,9953100
2015-12-09,2.7369298934936523,2.7490401912587106,2.73087488897726,5646200
2015-12-10,2.7369298934936523,2.7369298934936523,2.7248195957285937,5934900
2015-12-11,2.688488483428955,2.736929670543166,2.688488483428955,6177600
2015-12-14,2.6824333667755127,2.7005989575020397,2.6642680647812558,5461600
2015-12-15,2.664267301559448,2.694542892454375,2.664267301559448,5949100
2015-12-16,2.694543838500977,2.7187644352135742,2.682433540144677,4098300
2015-12-17,2.7853705883026123,2.7853705883026123,2.694543226880655,6994700
2015-12-18,2.7550952434539795,2.785370840851565,2.7066537678997946,6708200
2015-12-21,2.688488483428955,2.7490399673217185,2.682433190673553,6558100
2015-12-22,2.7066538333892822,2.7127091262546608,2.6642679382606542,6710000
2015-12-23,2.7248191833496094,2.7308744756818566,2.6884882955528155,6505900
2015-12-28,2.7369298934936523,2.767205782272435,2.7066540047148693,8927300
2015-12-29,2.749039888381958,2.76720547739428,2.7369295919511574,12001500
2015-12-30,2.767205715179444,2.773260719549027,2.736929827134722,9800600
2015-12-31,2.749039888381958,2.77326048124356,2.7369295919511574,4279500
2016-01-04,2.6763782501220703,2.7369297354508437,2.6763782501220703,7042000
2016-01-05,2.6763782501220703,2.712709141319334,2.6703229572230645,7630300
2016-01-06,2.6521575450897217,2.6945434386813543,2.6521575450897217,11416000
2016-01-07,2.6037168502807617,2.6642683445061124,2.6037168502807617,12187200
2016-01-08,2.597661256790161,2.6218818516858806,2.579495954984505,14940100
2016-01-11,2.5128889083862305,2.597660981538691,2.506833615937794,14040900
2016-01-12,2.494723081588745,2.549219553492664,2.494723081588745,10796400
2016-01-13,2.488668203353882,2.5249990902024946,2.464447612121473,13326800
2016-01-14,2.4462826251983643,2.470503222379949,2.434172326607572,11735000
2016-01-15,2.428117036819458,2.4765582254996628,2.428117036819458,10068800
2016-01-18,2.416006326675415,2.422061474587238,2.379675439204474,11028400
2016-01-19,2.4462826251983643,2.470503222379949,2.409951729425988,13487800
2016-01-20,2.4038965702056885,2.452337908735005,2.391786271664896,11001300
2016-01-21,2.3857312202453613,2.428117411242753,2.3857312202453613,12566600
2016-01-22,2.494723081588745,2.494723081588745,2.391785574017317,21408900
2016-01-26,2.4462826251983643,2.4886688146322835,2.4462826251983643,8049800
2016-01-27,2.4462826251983643,2.506834118152325,2.4462826251983643,13189200
2016-01-28,2.4826130867004395,2.5068336796452444,2.4281168969407503,15668700
2016-01-29,2.5128889083862305,2.549219796880142,2.48261302360852,46828700
2016-02-02,2.5007784366607666,2.53105403058082,2.482612849322962,12732600
2016-02-03,2.434171438217163,2.47655761218156,2.434171438217163,10532700
2016-02-04,2.4826130867004395,2.488668379302762,2.4462821972832325,8768200
2016-02-05,2.5007784366607666,2.5007784366607666,2.4765578460318376,11169000
2016-02-10,2.476557970046997,2.50683356548312,2.4462820858786443,10194100
2016-02-11,2.506834030151367,2.506834030151367,2.4705031356543654,6124200
2016-02-12,2.5431649684906006,2.549220262043965,2.476558471797328,13532100
2016-02-15,2.579495906829834,2.6037165012733974,2.543164726432228,12291100
2016-02-16,2.6763782501220703,2.688488547187825,2.579495873596034,13083200
2016-02-17,2.609771251678467,2.682433027941701,2.609771251678467,8791600
2016-02-18,2.664267301559448,2.664267301559448,2.633991421932335,7934200
2016-02-19,2.609771251678467,2.676378024285881,2.609771251678467,7917400
2016-02-22,2.6037168502807617,2.640047746815972,2.585551257647007,6128800
2016-02-23,2.6339917182922363,2.6400470103918368,2.6158264194578744,5551900
2016-02-24,2.5855510234832764,2.633992214476418,2.57949601897527,3341000
2016-02-25,2.5734403133392334,2.640047084647155,2.5734403133392334,6660200
2016-02-26,2.7066538333892822,2.7127091262546608,2.615826750266648,21884200
2016-02-29,2.7369298934936523,2.7369298934936523,2.694543706949811,18110800
2016-03-01,2.767205715179444,2.773260719549027,2.724819529663287,14203600
2016-03-02,2.815646886825561,2.815646886825561,2.7853709989769664,16372200
2016-03-03,2.7248191833496094,2.815646547207709,2.7066535950850974,19663100
2016-03-04,2.8035366535186768,2.8095916579874483,2.7127092766289307,24839000
2016-03-07,2.7853705883026123,2.827756767294785,2.742984698042662,17513300
2016-03-08,2.7732603549957275,2.8035362390605942,2.7490397632367265,11615500
2016-03-09,2.767205715179444,2.767205715179444,2.742985120236573,9082600
2016-03-10,2.8035366535186768,2.8217019556572627,2.7550954628394178,11765600
2016-03-11,2.8035366535186768,2.815646951188491,2.7853710626478185,7125500
2016-03-14,2.797481060028076,2.8338119491376594,2.7914260562092656,8714200
2016-03-15,2.8035366535186768,2.815646951188491,2.7853710626478185,12561500
2016-03-16,2.8095920085906982,2.8217023077717323,2.797481709409664,15229500
2016-03-17,2.9064736366271973,2.9185839314159687,2.809590989584822,27921000
2016-03-18,2.9549155235290527,2.9609705280076017,2.906474332771572,24354000
2016-03-21,2.89436411857605,2.967025906808349,2.876198527151835,18606400
2016-03-22,2.942805051803589,2.954915348776762,2.90647416088407,16328600
2016-03-23,2.9549155235290527,2.9609705280076017,2.924639634939491,15760700
2016-03-24,2.9673044681549072,2.985888968639008,2.9487202630614204,17940600
2016-03-25,2.911551713943481,2.9611102911286524,2.8991621434948533,6051200
2016-03-28,2.892967462539673,2.91774660306497,2.868188322014376,5103100
2016-03-29,2.9549150466918945,2.9858891172434032,2.8805776318370286,14441600
2016-03-30,2.985888957977295,3.0044731630044232,2.973499389495672,10493500
2016-03-31,3.0044736862182617,3.0044736862182613,2.985889477954788,16814000
2016-04-01,2.9549150466918945,3.0044733232618053,2.936330545282864,15378900
2016-04-04,2.985888957977295,2.985888957977295,2.9611098210140487,10100900
2016-04-05,3.0044736862182617,3.010668619233196,2.973499907315584,7644000
2016-04-06,2.985888957977295,3.010668094940541,2.973499389495672,7991400
2016-04-07,3.0044736862182617,3.0168632568574654,2.973499907315584,7612300
2016-04-08,2.985888957977295,3.0044731630044232,2.954914889077931,7641700
2016-04-11,2.99208402633667,2.99208402633667,2.942525745257988,3386200
2016-04-12,3.0106685161590576,3.0106685161590576,2.967304872711122,6243700
2016-04-13,3.0292530059814453,3.060227082099792,3.0106687966229826,12373100
2016-04-14,3.047836780548096,3.078810553855249,3.0230576437461285,12993900
2016-04-15,3.0788111686706543,3.078811168670654,3.041642456045391,15450200
2016-04-18,2.9734995365142822,3.0726160892678824,2.923940964746855,23918000
2016-04-19,3.0044736862182617,3.0044736862182613,2.954915403661446,18637000
2016-04-20,3.0168628692626958,3.06022650862405,3.004473300215255,11672500
2016-04-21,3.047836780548096,3.0540314170532823,3.0044731434493475,12700800
2016-04-22,3.0416417121887207,3.047836643806582,3.023057508116333,6171400
2016-04-25,2.9734995365142822,3.0478369510794825,2.9611099674200823,9716200
2016-04-26,2.930136203765869,2.9982789886136314,2.930136203765869,12276500
2016-04-27,2.998278856277466,2.9982788562774663,2.9301360744373475,7614800
2016-04-28,2.936330795288086,3.023058082060197,2.936330795288086,11915600
2016-04-29,2.892967462539673,2.9425257435902674,2.8805778922770244,9400000
2016-05-03,2.8124349117279053,2.948720470490056,2.8124349117279053,14602900
2016-05-04,2.8991615772247314,2.9053565089343683,2.769070965228371,7907400
2016-05-05,2.8867721557617188,2.8991617244194274,2.8496034497885923,6391700
2016-05-06,2.8867721557617188,2.911551293077137,2.8496034497885923,9874000
2016-05-09,2.9053571224212646,2.930136263710902,2.880577981131628,6704700
2016-05-10,2.9053571224212646,2.9239413306931605,2.8557988398419907,10544800
2016-05-11,2.8991615772247314,2.936330281310748,2.880577372877024,9329700
2016-05-12,2.892967462539673,2.9053570328023217,2.868188322014376,10911300
2016-05-13,2.725707530975342,2.874382342200433,2.70092839577116,90422700
2016-05-16,2.6637606620788574,2.7319031609862705,2.651371089969264,33140400
2016-05-17,2.676149606704712,2.7257078835230275,2.669954674407107,21192900
2016-05-18,2.676149606704712,2.719512951225423,2.651370468295554,17374700
2016-05-19,2.6947338581085205,2.7195129969341587,2.67614965168461,23056600
2016-05-20,2.707123279571533,2.769071123250052,2.6947337108358296,14409800
2016-05-23,2.7133185863494877,2.725708156796216,2.682344512537336,8669600
2016-05-24,2.676149606704712,2.707123382020844,2.663760037500133,19279300
2016-05-25,2.7009286880493164,2.713318256992132,2.6761495501636863,9395800
2016-05-26,2.707123279571533,2.731902417042941,2.688539074163287,10696700
2016-05-27,2.707123279571533,2.731902417042941,2.688539074163287,19902600
2016-05-30,2.719513177871704,2.725708110685599,2.657565326686029,20306600
2016-05-31,2.719513177871704,2.818630035159439,2.663760259499924,229915400
2016-06-01,2.725707530975342,2.7442917346831823,2.6947334642748184,31552500
2016-06-02,2.7566821575164795,2.806240738690456,2.694734300287363,22494400
2016-06-03,2.781460762023926,2.7876556942430777,2.744292054880893,10949500
2016-06-06,2.781460762023926,2.8000452632907558,2.7566816239285705,8179400
2016-06-07,2.793850898742676,2.843409179763189,2.781461033096892,17964700
2016-06-08,2.8124349117279053,2.824824481125316,2.775266203535673,10954100
2016-06-09,2.8062400817871094,2.824824286910188,2.787655581273416,8338000
2016-06-10,2.775265455245972,2.8062395180833364,2.775265455245972,7210500
2016-06-13,2.725707530975342,2.7628762337816144,2.7133179633732505,9888600
2016-06-14,2.7009286880493164,2.731902462711042,2.682344186939782,10541500
2016-06-15,2.6885390281677246,2.7195128017817747,2.6761494596439817,8453900
2016-06-16,2.6018123626708984,2.694734296064291,2.6018123626708984,13904000
2016-06-17,2.626591205596924,2.6451757083097376,2.601812065573606,11085300
2016-06-20,2.676149606704712,2.682344243611686,2.6327859667933704,4232000
2016-06-21,2.6637606620788574,2.688539806298044,2.626591650359378,10902000
2016-06-23,2.6885390281677246,2.6885390281677246,2.6327858221155744,5783700
2016-06-24,2.632786273956299,2.6947341272065493,2.601812199635841,11533900
2016-06-27,2.620396614074707,2.669954894987315,2.608007043846555,22490200
2016-06-28,2.6513705253601074,2.6761496643025784,2.6080068845154654,6884500
2016-06-29,2.6513705253601074,2.6761496643025784,2.638980955888872,4014900
2016-06-30,2.7009286880493164,2.707123324825412,2.663759981220871,11156200
2016-07-01,2.6947338581085205,2.70712342752134,2.657565149870064,3040500
2016-07-04,2.725707530975342,2.7380970985774327,2.663759692964887,5774200
2016-07-05,2.6947338581085205,2.7319025663469776,2.67614965168461,2330700
2016-07-08,2.719513177871704,2.738097680922734,2.688539399974194,5695400
2016-07-11,2.725707530975342,2.7380970985774327,2.7133179633732505,10838000
2016-07-12,2.7133185863494877,2.7319027943242498,2.682344512537336,5370500
2016-07-13,2.676149606704712,2.7133183143184483,2.676149606704712,13582000
2016-07-14,2.6513705253601074,2.682344301342878,2.601811952084529,21213500
2016-07-15,2.6389811038970947,2.6699548816170404,2.6142016681742235,12964900
2016-07-18,2.6575653553009038,2.6699549256714405,2.6451757849303656,6553200
2016-07-19,2.6513705253601074,2.669954731871642,2.6203964539867006,6483600
2016-07-20,2.626591205596924,2.657565278321397,2.626591205596924,6990600
2016-07-21,2.6018123626708984,2.645176010358664,2.6018123626708984,11343600
2016-07-22,2.5894224643707275,2.608006966859679,2.5770328945083087,9886200
2016-07-25,2.626591205596924,2.626591205596924,2.583227858251442,9424800
2016-07-26,2.5894224643707275,2.6265911739579844,2.583227827134841,3783500
2016-07-27,2.6575653553009038,2.6575653553009038,2.5956175034482154,6327000
2016-07-28,2.6575653553009038,2.663760288181501,2.638981147440426,7687300
2016-07-29,2.719513177871704,2.725708110685599,2.6451757564488942,17891800
2016-08-01,2.762876033782959,2.8000447338986696,2.7319019693245816,22182000
2016-08-02,2.7566821575164795,2.8000458052722026,2.7195134431790096,20433700
2016-08-03,2.7009286880493164,2.744292031653857,2.7009286880493164,11896400
2016-08-04,2.725707530975342,2.731902167081091,2.6947334642748184,8837100
2016-08-05,2.750600576400757,2.750600576400757,2.707038922736403,8067200
2016-08-08,2.8128316402435303,2.8128316402435303,2.7506009108278704,21169200
2016-08-09,2.800384759902954,2.8190541222009973,2.781715397604912,14585000
2016-08-10,2.794161796569824,2.80660823707003,2.7692695090483603,12019200
2016-08-11,2.8626153469085693,2.8626153469085693,2.787938494484561,18132100
2016-08-12,2.8750617504119877,2.8812849703829237,2.843946540775691,13682100
2016-08-15,2.899954080581665,2.906177300646519,2.868838870475792,14569300
2016-08-16,2.955960988998413,2.962184207199626,2.899953212145,21942500
2016-08-17,2.9497387409210205,2.9621851814168902,2.931069673656164,16018100
2016-08-18,2.9435155391693115,2.955961681749204,2.9248461769297496,4647800
2016-08-19,2.906177043914795,2.9497383935627006,2.906177043914795,4540300
2016-08-22,2.9248464107513428,2.931069630908516,2.881285056609008,3545700
2016-08-23,2.918623924255371,2.931070069693452,2.893731633379209,7319800
2016-08-24,2.9123997688293457,2.924845910274536,2.8999536273841557,5387400
2016-08-25,2.918623924255371,2.924846848604654,2.893731633379209,7612500
2016-08-26,2.9248464107513428,2.9248464107513428,2.906177343758762,8550600
2016-08-29,2.539016008377075,2.987077831466859,2.918623884128793,14595900
2016-08-30,2.9684078693389893,3.024415660167473,2.962184946324408,16943500
2016-09-01,2.9621856212615967,3.049308640492962,2.9186239632761555,17072600
2016-09-02,2.9684078693389893,2.987077231861634,2.9497385068163444,7862200
2016-09-05,2.9497387409210205,2.980854248681746,2.931069673656164,8560400
2016-09-06,3.005746364593506,3.005746364593506,2.943515649364341,6517300
2016-09-07,3.0493083000183105,3.055531223755963,2.974631434729573,13455400
2016-09-08,3.061753749847412,3.0741998912394983,3.018192106605401,10854200
2016-09-09,3.0493083000183105,3.0679773679707525,3.0244160115887317,9916700
2016-09-13,2.9497387409210205,3.036862043955264,2.924846453408229,14452400
2016-09-14,2.9248464107513428,2.949738697901097,2.8999541236015887,12650900
2016-09-15,2.8875083923339844,2.949739119094294,2.8875083923339844,15902200
2016-09-19,2.8937313556671143,2.924846567906425,2.8937313556671143,10131800
2016-09-20,2.8937313556671143,2.912400423662804,2.881285211423493,8648400
2016-09-21,2.9123997688293457,2.9186229879216503,2.8999536273841557,9967700
2016-09-22,2.9248464107513428,2.943515774483393,2.9124002671764657,12750900
2016-09-23,2.931069850921631,2.95596213993986,2.918623706412516,6490900
2016-09-26,2.987076997756958,2.987076997756958,2.9248459920516416,6887500
2016-09-27,3.0187199115753174,3.037705704250795,2.974419929845161,7075100
2016-09-28,3.0503623485565186,3.0820049293200764,3.0060623733648666,10652100
2016-09-29,3.0503623485565186,3.088333626534124,3.03137655868327,6303000
2016-09-30,2.9807488918304443,3.0566914657164386,2.968091796182778,13084200
2016-10-04,3.012392044067383,3.025049140816868,2.99340624805866,8256600
2016-10-05,3.031376838684082,3.031376838684082,2.993405557199164,11833300
2016-10-06,3.031376838684082,3.0377055364826955,3.0060626510274697,16496300
2016-10-07,3.037705183029175,3.037705183029175,3.0187193936113554,10760100
2016-10-10,2.999734401702881,3.0377059906336465,2.993406004727064,6028900
2016-10-11,3.031376838684082,3.0377055364826955,2.9997339532288563,14339200
2016-10-12,3.044034719467163,3.0503634189018944,3.012392127600501,12678400
2016-10-13,3.0503623485565186,3.06301944121572,3.0250481632381154,16016600
2016-10-14,3.0060620307922363,3.056690395659404,2.9870762430826194,16980700
2016-10-17,3.0187199115753174,3.0313770061026566,2.993405722520639,8737200
2016-10-18,3.0630197525024414,3.0630197525024414,2.9997339810059724,12288000
2016-10-19,3.082005262374878,3.0883339602728315,3.044033980293932,12661100
2016-10-20,3.1199769973754883,3.126305696192164,3.0630202168702514,9955700
2016-10-21,3.1895906925201416,3.189590692520141,3.1199765249231004,25701300
2016-10-24,3.21490478515625,3.227561878728955,3.1642764108654293,20895300
2016-10-25,3.21490478515625,3.227561878728955,3.2022476915835445,8161500
2016-10-26,3.170605421066284,3.2085767055272707,3.164276722771648,9695200
2016-10-27,3.1642768383026123,3.170605536828316,3.15161974302016,7250200
2016-10-28,3.18326187133789,3.195918963595404,3.1516189898096654,11356600
2016-10-31,3.18326187133789,3.195918963595404,3.0883335285220985,6679800
2016-11-01,3.151619672775269,3.195919656160948,3.151619672775268,10442200
2016-11-02,3.088334083557129,3.1516195562183533,3.056691196342048,16910500
2016-11-03,3.012392044067383,3.088334624564294,3.012392044067383,18406200
2016-11-04,3.0187199115753174,3.0313770061026566,2.9870770243725007,17898800
2016-11-07,3.0060620307922363,3.0503620009354373,3.0060620307922363,11139500
2016-11-08,3.0756771564483643,3.0756771564483643,3.006062981847124,13342600
2016-11-09,3.037705183029175,3.094661947744864,2.9807481165446013,25778600
2016-11-10,3.1452910900115967,3.176933979560125,3.0693485172178785,29429400
2016-11-11,3.0630197525024414,3.1389623161754963,3.056691054645225,27392200
2016-11-14,3.0187199115753174,3.044034100629996,3.0187199115753174,22143600
2016-11-15,3.031376838684082,3.0440339325123884,3.0060626510274697,12837800
2016-11-16,3.031376838684082,3.075676817967614,3.025048442654389,20614900
2016-11-17,2.9744200706481934,3.0440342447284223,2.9554345788429184,24987500
2016-11-18,2.9364492893218994,2.9934063780525384,2.917463794257688,16918400
2016-11-21,2.96809196472168,2.96809196472168,2.9301206756225366,12280000
2016-11-22,2.9491055011749268,2.980748385806752,2.93644840767598,15531100
2016-11-23,2.9111340045928955,2.9554339794354063,2.9111340045928955,17751200
2016-11-24,2.9364492893218994,2.949106386621041,2.8858209001253328,8866200
2016-11-25,2.9491055011749268,2.955434198808857,2.9301200118109625,6901700
2016-11-28,2.9491055011749268,2.955434198808857,2.93644840767598,7595800
2016-11-29,2.923791646957397,2.9491058368365044,2.9111345520178435,11700100
2016-11-30,2.8921496868133545,2.936449377810805,2.8921496868133545,17973900
2016-12-01,2.9554343223571777,2.9617627184867463,2.8921488522168697,11267800
2016-12-02,2.9554343223571777,2.9680914163852394,2.9427772283291165,11929000
2016-12-05,2.9301202297210693,2.955434418601554,2.92379153161648,6831400
2016-12-06,2.9364492893218994,2.949106386621041,2.911135094723616,12923300
2016-12-07,2.9364492893218994,2.9554350861551133,2.9237921920227574,11073200
2016-12-08,2.9364492893218994,2.9680921834542557,2.9237921920227574,8932900
2016-12-09,2.942777633666992,2.9554347294384407,2.923791839125336,15297600
2016-12-13,2.9491055011749268,2.974419688172821,2.9301200118109625,16640600
2016-12-14,2.942777633666992,2.9554347294384407,2.923791839125336,8975300
2016-12-15,2.923791646957397,2.942777440251201,2.9048061554325404,11937500
2016-12-16,2.9111340045928955,2.9364481897117902,2.9111340045928955,10131100
2016-12-19,2.9111340045928955,2.923791097152343,2.8984769120334484,8172400
2016-12-20,2.9111340045928955,2.930119794316512,2.8984769120334484,7581500
2016-12-21,2.8731629848480225,2.9174629636674907,2.8731629848480225,13140500
2016-12-22,2.8921496868133545,2.898478084769128,2.87316388940801,7977000
2016-12-23,2.898477554321289,2.91746334825206,2.879492062159475,6350200
2016-12-27,2.898477554321289,2.911134649685484,2.879492062159475,4815200
2016-12-28,2.885820150375366,2.898477244386134,2.879491754254445,6444500
2016-12-29,2.885820150375366,2.898477244386134,2.879491754254445,6713700
2016-12-30,2.854177951812744,2.885820540229897,2.841520554323124,7239300
2017-01-03,2.8731629848480225,2.8921487762760565,2.8541774951889054,12056200
2017-01-04,2.9111340045928955,2.923791097152343,2.8731627269145537,19551700
2017-01-05,2.9491055011749268,2.955434198808857,2.911134220678085,20520700
2017-01-06,2.999734401702881,2.999734401702881,2.949106018820481,18234800
2017-01-09,3.012392044067383,3.031377538307116,2.999734645548908,13204800
2017-01-10,3.037705183029175,3.037705183029175,3.0060623012557706,15809700
2017-01-11,3.0503623485565186,3.0566907440016733,3.037705255897317,19984100
2017-01-12,3.0756771564483643,3.0820055531745023,3.050362966005905,23162100
2017-01-13,3.0503623485565186,3.088333626534124,3.044033651342472,11672300
2017-01-16,2.987076997756958,3.0503627715987003,2.980748601434144,19593700
2017-01-17,2.999734401702881,3.006063100447664,2.980748909006464,13155400
2017-01-18,3.0503623485565186,3.0503623485565186,2.99973367615082,19247000
2017-01-19,3.0503623485565186,3.06301944121572,3.03137655868327,11505300
2017-01-20,3.0630197525024414,3.0756768464479505,3.0503626585569323,19609400
2017-01-23,3.088334083557129,3.088334083557129,3.037705705428149,23353600
2017-01-24,3.113647937774658,3.119976333475746,3.0756766582614192,32865800
2017-01-25,3.1389622688293457,3.145290664822185,3.113648081320151,22045300
2017-01-26,3.176934003829956,3.1769340038299565,3.132634018477383,30947000
2017-01-27,3.1642768383026123,3.1769339335850644,3.138962647737708,7421100
2017-01-31,3.1452910900115967,3.1706055827117954,3.1073198036147374,6884300
2017-02-02,3.1326334476470947,3.164276331671372,3.1263050519035835,7697500
2017-02-03,3.1452910900115967,3.151619788628886,3.119976899080357,9580100
2017-02-06,3.1452910900115967,3.1642768840945057,3.1389626931632666,11135800
2017-02-07,3.1452910900115967,3.151619788628886,3.113648502232027,10250700
2017-02-08,3.1642768383026123,3.1642768383026123,3.126305552455255,13899300
2017-02-10,3.21490478515625,3.259204763545175,3.2022476915835445,24387100
2017-02-13,3.2718617916107178,3.2845188849300104,3.23389051165284,17998000
2017-02-14,3.2718617916107178,3.27819018738591,3.2592046982914247,18436200
2017-02-15,3.2718617916107178,3.27819018738591,3.2592046982914247,17645500
2017-02-16,3.22123384475708,3.2718622247363824,3.2085767497622544,13791100
2017-02-17,3.21490478515625,3.227561878728955,3.2085763892543544,12141700
2017-02-20,3.22123384475708,3.25287643135967,3.2085767497622544,7797100
2017-02-21,3.21490478515625,3.252876065874365,3.21490478515625,7434400
2017-02-22,3.21490478515625,3.24654766997247,3.1895905980108394,19755600
2017-02-23,3.22123384475708,3.2275622413700185,3.2085767497622544,8821800
2017-02-24,3.21490478515625,3.2338905763997645,3.2022476915835445,11758700
2017-02-27,3.126305103302002,3.233890548630626,3.126305103302002,8797100
2017-02-28,3.1452910900115967,3.1706055827117954,3.1073198036147374,19316000
2017-03-01,3.22123384475708,3.2338909397519053,3.1706054647777773,19179100
2017-03-02,3.2908477783203125,3.335147762520973,3.2338910006554107,19108700
2017-03-03,3.303504705429077,3.322490498197108,3.2465479306628624,17092100
2017-03-06,3.455389499664306,3.480703684134685,3.297175695840003,29294400
2017-03-07,3.449060440063477,3.4680462273047308,3.41108916734982,21801600
2017-03-08,3.398432970046997,3.4427329507458246,3.3921045738151245,13200500
2017-03-09,3.404762029647827,3.4364046177056253,3.3857762353979783,11297800
2017-03-10,3.398432970046997,3.423747158512347,3.360461687348972,17860300
2017-03-13,3.4174187183380127,3.430075812407938,3.398432926348661,16426700
2017-03-14,3.4300756454467773,3.4617182281969043,3.398432760927739,21192000
2017-03-15,3.3921051025390625,3.417419294950109,3.385776403551812,9596400
2017-03-16,3.537660837173462,3.537660837173462,3.417418307094396,49447300
2017-03-17,3.5756330490112305,3.651575624133384,3.531333062638822,54988200
2017-03-20,3.5756330490112305,3.6895469116944617,3.5566472543462075,30954400
2017-03-21,3.5756330490112305,3.626261432426,3.5566472543462075,15961200
2017-03-22,3.543989896774292,3.562975690037243,3.512347310361302,22453200
2017-03-23,3.543989896774292,3.6072753713692185,3.543989896774292,24020000
2017-03-24,3.556647062301636,3.5819612526421567,3.550318665600982,11266800
2017-03-27,3.556647062301636,3.6199325381529377,3.556647062301636,15788500
2017-03-28,3.595447063446045,3.6407135947825178,3.588980592313988,13847000
2017-03-29,3.60837984085083,3.6277798684088673,3.595446591929797,16857800
2017-03-30,3.6277801990509033,3.6277801990509033,3.588980448751531,23015000
2017-03-31,3.601912498474121,3.627778990053408,3.556645984033917,19253700
2017-04-03,3.6148464679718018,3.6407129647296745,3.569579944469042,14029300
2017-04-04,3.601912498474121,3.627778990053408,3.588979252684477,26709600
2017-04-05,3.595447063446045,3.6083803140631776,3.588980592313988,29113900
2017-04-06,3.550180673599243,3.601913986482582,3.5437142022094696,22467000
2017-04-07,3.53078031539917,3.569580061811439,3.511380288016549,19226800
2017-04-10,3.5372467041015625,3.55664673103707,3.5243134555955464,10645500
2017-04-11,3.53078031539917,3.556646813007349,3.504913817790991,8374500
2017-04-12,3.5372467041015625,3.5372467041015625,3.5113802070895304,9352800
2017-04-13,3.4790470600128174,3.537246521102462,3.446713786244052,24831200
2017-04-14,3.4790470600128174,3.491980307849733,3.4402473165020697,8596800
2017-04-17,3.524313449859619,3.5437134767635525,3.4725804559197515,8019100
2017-04-18,3.543713092803955,3.556646339887611,3.5307798457202995,11131900
2017-04-19,3.543713092803955,3.556646339887611,3.5243130680020047,4937700
2017-04-20,3.556646585464477,3.576046611605948,3.5307800895111545,9097700
2017-04-21,3.6277801990509033,3.653646699250485,3.57604719865174,12234500
2017-04-25,3.718312740325928,3.7571124884400136,3.6536464934691177,23817500
2017-04-26,3.718312740325928,3.744179239068652,3.711845961463753,18217900
2017-04-27,3.718312740325928,3.763579267302189,3.7183127403259273,15391200
2017-04-28,3.711845636367798,3.750645689436632,3.711845636367798,14800400
2017-05-02,3.802378654479981,3.841178398911047,3.718312387369525,21615500
2017-05-03,3.7571115493774414,3.854111049594834,3.737711834345709,9946600
2017-05-04,3.7441790103912354,3.776512286021365,3.692446016065404,16082200
2017-05-05,3.7571115493774414,3.7765115727620846,3.7118450337152153,16025700
2017-05-08,3.770045757293701,3.782979006731898,3.757112507855505,14414400
2017-05-09,3.7829785346984863,3.802378560611575,3.7765120649627577,17008100
2017-05-11,3.8217787742614746,3.867045301699247,3.815312303686359,25853800
2017-05-12,3.8476450443267822,3.854111822870105,3.821778546859437,19914800
2017-05-15,3.841177940368652,3.860577656091856,3.828244693768876,7276600
2017-05-16,3.860577821731568,3.87351106888625,3.828244858021328,16644000
2017-05-17,3.8476450443267822,3.8605782930604544,3.8347117955931096,7486500
2017-05-18,3.841177940368652,3.860577656091856,3.8153114471691,24938900
2017-05-19,3.8541126251220703,3.873512348084238,3.834712593806866,29244400
2017-05-22,3.8476450443267822,3.873511541794127,3.841178574136432,12673800
2017-05-23,3.873511552810669,3.886445109934098,3.8217785577288463,18033400
2017-05-24,3.964045286178589,4.028711541182925,3.847645718817759,27869200
2017-05-25,4.086910724639893,4.158043440521254,3.989911202202695,33326500
2017-05-26,4.10630989074707,4.138643163319881,4.067510148671461,26516100
2017-05-29,4.099843978881836,4.11277722799948,4.08044395102888,11919500
2017-05-31,4.138643264770508,4.138643264770508,4.067510248378403,47276500
2017-06-01,4.203310012817383,4.229176511304943,4.119243738556319,20931900
2017-06-02,4.274442672729492,4.319708887039778,4.203309653788096,23130300
2017-06-05,4.364975929260254,4.442575427331273,4.274443181510732,20839200
2017-06-06,4.358508586883545,4.41670835709067,4.306775594856304,16414800
2017-06-07,4.339108943939209,4.397308715150813,4.313242447479154,20957500
2017-06-08,4.3132429122924805,4.345575882175407,4.28090963405656,19777200
2017-06-09,4.287375926971436,4.31970889318867,4.2356429343414925,20974800
2017-06-13,4.274442672729492,4.377908657842099,4.267975894483475,45231300
2017-06-14,4.352042675018311,4.364975924683252,4.287376426693601,28389500
2017-06-15,4.371442317962647,4.436108560581301,4.358508761085948,30211600
2017-06-16,4.352042675018311,4.384375953357162,4.352042675018311,34510100
2017-06-19,4.3132429122924805,4.352042661163789,4.300309662668711,14070900
2017-06-20,4.293842792510986,4.332642540558476,4.280909543161823,18262700
2017-06-21,4.300309658050537,4.31970937828886,4.28090962945922,20196900
2017-06-22,4.300309658050537,4.33264262789874,4.28090962945922,15637200
2017-06-23,4.319708824157715,4.319708824157715,4.2744426105063695,8934100
2017-06-28,4.319708824157715,4.41670833796524,4.293842328256102,21960600
2017-06-29,4.293842792510986,4.326176070060388,4.287376322012899,8854900
2017-06-30,4.255043029785156,4.313242805832116,4.158043505824552,15453000
2017-07-03,4.216243743896484,4.248577024877497,4.138644239565677,15299600
2017-07-04,4.209776878356934,4.248576626887731,4.196843320493676,24469900
2017-07-05,4.209776878356934,4.216243348935571,4.196843320493676,11837400
2017-07-06,4.267976760864258,4.267976760864258,4.203310507041909,12243100
2017-07-07,4.235642910003662,4.267975876035113,4.229176131785597,13557000
2017-07-10,4.222710132598877,4.235643382123635,4.190376854610486,12319500
2017-07-11,4.132177352905273,4.20331038420763,4.099844381115483,25819500
2017-07-12,4.080443859100342,4.138643632995044,4.067510610274072,20729200
2017-07-13,4.099843978881836,4.119243698381811,4.0739774806465485,23927300
2017-07-14,4.099843978881836,4.1451101966170985,4.08044395102888,12973100
2017-07-17,4.061043739318848,4.119243199117814,4.035176935865708,10224700
2017-07-18,4.093377590179443,4.106310840529417,4.067511089479496,13756700
2017-07-19,4.151576519012451,4.2033095097965525,4.1063099978998885,12896400
2017-07-20,4.080443859100342,4.170976600884231,4.073977388863694,21321100
2017-07-21,4.10630989074707,4.132176385464144,4.093376643388534,20201300
2017-07-24,4.099843978881836,4.138643726234768,4.093377200146523,8340100
2017-07-25,4.10630989074707,4.1709761275397526,4.093376643388534,11523200
2017-07-26,4.138643264770508,4.138643264770508,4.10630999140511,10637600
2017-07-27,4.261508464813232,4.274441710039482,4.158042194650347,25349300
2017-07-28,4.293842792510986,4.352042568758714,4.248576573965409,60290200
2017-07-31,4.235642910003662,4.332642116450971,4.203309635619254,27703200
2017-08-01,4.209776878356934,4.293842845997166,4.209776878356934,13198400
2017-08-02,4.242109775543213,4.248576554364454,4.222710055785464,14161200
2017-08-03,4.267976760864258,4.267976760864258,4.209777286600655,11286300
2017-08-04,4.280909061431885,4.377908574811764,4.267975813538098,12685200
2017-08-07,4.319708824157715,4.339108850260401,4.280909080305296,8310400
2017-08-08,4.371442317962647,4.377908788048028,4.326175793953103,14608500
2017-08-09,4.371442317962647,4.390842036571759,4.352042291000566,7135800
2017-08-10,4.38437557220459,4.38437557220459,4.332642269689226,6269900
2017-08-11,4.397309303283691,4.397309303283691,4.332642745131548,12182100
2017-08-14,4.38437557220459,4.403775290839004,4.358508766770424,10078800
2017-08-15,4.38437557220459,4.403775290839004,4.364975545217208,7486600
2017-08-16,4.377909183502197,4.390842433194182,4.352042684118229,10244200
2017-08-17,4.377909183502197,4.403775682886167,4.352042684118229,7602600
2017-08-18,4.377909183502197,4.377909183502197,4.326176184734259,7143000
2017-08-21,4.364975929260254,4.377909178938757,4.3455759005660015,10316000
2017-08-22,4.364975929260254,4.377909178938757,4.3455759005660015,10687900
2017-08-23,4.358508586883545,4.371442143243312,4.345575338876735,15680600
2017-08-24,4.34557580947876,4.35204258835896,4.209776844877444,15095800
2017-08-25,4.34557580947876,4.34557580947876,4.280909562441708,5878200
2017-08-28,4.38437557220459,4.38437557220459,4.28090927552683,6736500
2017-08-29,4.332642555236816,4.3973091105547,4.319709305843837,19642300
2017-08-30,4.57837438583374,4.57837438583374,4.339109129186904,20338400
2017-09-05,4.371442317962647,4.52664130024742,4.339109042476835,15962400
2017-09-06,4.364975929260254,4.403775678295763,4.3455759005660015,6913300
2017-09-07,4.468442440032959,4.468442440032959,4.358509650959859,16763400
2017-09-08,4.371442317962647,4.442575030666683,4.371442317962647,6675800
2017-09-11,4.377909183502197,4.403775682886167,4.371442712832703,10169400
2017-09-12,4.397309303283691,4.397309303283691,4.352042774247791,18131600
2017-09-13,4.34557580947876,4.397309115461391,4.34557580947876,5199900
2017-09-14,4.352042675018311,4.37144270369222,4.339109425353368,7145000
2017-09-15,4.364975929260254,4.364975929260254,4.222710182796719,25743300
2017-09-18,4.326175689697266,4.33910893790932,4.280909166778594,11429700
2017-09-19,4.177443504333496,4.313242775244722,4.177443504333496,20290300
2017-09-20,4.080443859100342,4.119243605579151,4.02224408520564,72186200
2017-09-21,4.10630989074707,4.132176385464144,4.067510148671461,56228200
2017-09-25,4.080443859100342,4.106310356752881,4.048110891211154,61025200
2017-09-26,4.099843978881836,4.099843978881836,4.048110982411261,58168500
2017-09-27,4.073977470397949,4.099843968568166,4.054577442593796,16930900
2017-09-28,4.05457878112793,4.106311794546933,4.05457878112793,21701200
2017-09-29,4.073977470397949,4.086910719483058,4.048110972227732,23282200
2017-10-02,4.099843978881836,4.106310449264167,4.067510701911235,17738300
2017-10-03,4.112776756286621,4.119243225927284,4.086910261018079,22027900
2017-10-04,4.145110607147217,4.170977107944313,4.106310855951573,16795300
2017-10-05,4.138643264770508,4.151576512446077,4.11924323908068,11585600
2017-10-06,4.145110607147217,4.164510636921545,4.13864413612445,14384900
2017-10-09,4.151576519012451,4.177443014404502,4.145109740987965,15881900
2017-10-10,4.144976139068604,4.177977351511648,4.125175159822067,8175400
2017-10-11,4.151577472686768,4.158177905945802,4.131776802361624,10968600
2017-10-12,4.151577472686768,4.171378457737891,4.144977354153713,10931100
2017-10-13,4.171378135681152,4.177978253704636,4.15157715215879,13546900
2017-10-16,4.118575096130371,4.184578156359803,4.111974978942977,8948300
2017-10-17,4.059174060821533,4.098775720594668,4.05257362682967,29179000
2017-10-19,4.07897424697876,4.098775231867316,4.05917357681618,35395900
2017-10-20,4.085574150085449,4.105374817678917,4.072373600114492,13239800
2017-10-23,4.07897424697876,4.111975783551029,4.072374128499892,14523400
2017-10-24,4.032772064208984,4.098774815929683,3.9931704131765655,22162300
2017-10-25,4.026172161102295,4.039372713182264,3.973369952782421,10448000
2017-10-26,3.993170738220215,4.026171959403887,3.9865703051478976,10868800
2017-10-27,4.006370067596436,4.019570614988604,3.993169520204268,12482000
2017-10-30,4.026172161102295,4.052573265262232,4.006371490345336,5725000
2017-10-31,4.052573204040527,4.085574741104892,4.026172100279428,16536200
2017-11-01,4.052573204040527,4.0789743078016265,4.045973085463244,8196300
2017-11-02,4.065772533416748,4.078973081328131,4.052571985505365,6448800
2017-11-03,4.098775386810303,4.118576057721392,4.052573296807778,14822700
2017-11-06,4.098775386810303,4.111975938993026,4.08557483462758,7798400
2017-11-07,4.125175952911377,4.158177486425048,4.085574301530542,11699400
2017-11-08,4.07897424697876,4.12517633523474,4.07897424697876,5833900
2017-11-09,4.098775386810303,4.118576057721392,4.065773848990501,5458100
2017-11-10,4.07897424697876,4.118575902029896,4.07897424697876,8262300
2017-11-13,4.0459723472595215,4.092174113048759,4.0459723472595215,7824000
2017-11-14,4.019571304321289,4.078973620410253,3.9931702050093207,7904400
2017-11-15,3.9601681232452393,4.032771293627983,3.9601681232452393,12182400
2017-11-16,3.907366991043091,3.9799701811048025,3.880965888243554,11864600
2017-11-17,3.9601681232452393,3.973368671067021,3.907365931958111,12502900
2017-11-20,3.9469687938690186,3.973369897662713,3.946968793869019,8121700
2017-11-21,3.927167415618897,3.96016894942112,3.927167415618896,7720500
2017-11-22,3.927167415618897,3.94696839884542,3.9205672976940233,11100400
2017-11-23,3.9469687938690186,3.9997710014564074,3.927167808660757,6929200
2017-11-24,3.9469687938690186,3.953568912454451,3.933768241972172,4506300
2017-11-27,3.940368175506592,3.960169159784942,3.9139670729527696,6946000
2017-11-28,3.913966655731201,3.940367755470716,3.913966655731201,11081800
2017-11-29,3.9205667972564697,3.940367463229603,3.9007658165574255,11308300
2017-11-30,3.993170738220215,4.019571841057541,3.9205675480545823,47423000
2017-12-04,3.927167415618897,3.979969932647644,3.927167415618896,19065500
2017-12-05,3.940368175506592,3.960169159784942,3.9271676242296807,11611300
2017-12-06,3.940368175506592,3.973369711061853,3.9271676242296807,21382900
2017-12-07,3.940368175506592,3.986570262338765,3.940368175506592,23724000
2017-12-08,3.9337685108184814,3.9535691826540016,3.927168077055972,8558200
2017-12-11,3.927167415618897,3.940367966194595,3.9073667471183233,9418900
2017-12-12,4.07897424697876,4.085574680183604,3.91396719356937,5912300
2017-12-13,4.07897424697876,4.12517633523474,4.006371370081332,14576200
2017-12-14,4.204379081726074,4.250581163788513,4.059173032670594,26865200
2017-12-15,4.164777755737305,4.237380943271903,4.138376653856716,26191400
2017-12-18,4.151577472686768,4.177978576270946,4.125176369102589,9767900
2017-12-19,4.125175952911377,4.164777604292213,4.098774851990821,19113700
2017-12-20,4.276982307434082,4.296783289871111,4.105374842066293,16401900
2017-12-21,4.323184490203857,4.323184490203857,4.204379222279035,13310400
2017-12-22,4.283582210540772,4.323184173431256,4.270381661152584,12705800
2017-12-26,4.276982307434082,4.290182857483456,4.24398077494768,6444400
2017-12-27,4.290183067321777,4.309984050727297,4.270382083916257,6247600
2017-12-28,4.316584587097168,4.3363855724219,4.270382497823448,8817900
2017-12-29,4.316584587097168,4.3363855724219,4.276982931173687,13852000
2018-01-02,4.290183067321777,4.329784719406864,4.270382083916257,8969000
2018-01-03,4.30998420715332,4.342985427725657,4.290183223029145,24822600
2018-01-04,4.323184490203857,4.3297846080186,4.296783389492996,30095900
2018-01-05,4.42218828201294,4.42218828201294,4.329784433254639,35194800
2018-01-08,4.501391410827637,4.507991527665076,4.375986043657303,29909700
2018-01-09,4.455189228057861,4.521191968491317,4.428788131884478,19028600
2018-01-10,4.448589324951172,4.47499073898579,4.435388775296827,17519400
2018-01-11,4.455189228057861,4.474990207550844,4.422187700478187,16372700
2018-01-12,4.474991321563721,4.514592975682306,4.448589904092026,16607900
2018-01-15,4.481591701507568,4.501392687085762,4.468391149364102,15789200
2018-01-16,4.481591701507568,4.488192134942295,4.461791030655363,23597500
2018-01-17,4.468390941619873,4.494792044679366,4.448589956962266,7927300
2018-01-18,4.488192081451416,4.501392633437556,4.4683910961092135,18744400
2018-01-19,4.507991790771484,4.521192339942704,4.488191124377614,14689200
2018-01-22,4.547593593597412,4.560794143219465,4.474990728039083,13384700
2018-01-23,4.55419397354126,4.560794090913628,4.521192442501643,13137800
2018-01-24,4.58719539642334,4.600395946488443,4.547593746228032,9536400
2018-01-25,4.633397102355957,4.64659765134796,4.554193808403936,19724400
2018-01-26,4.6597981452941895,4.6597981452941895,4.600395518168935,18305400
2018-01-29,4.725802421569824,4.725802421569824,4.653199536796709,16049400
2018-01-30,4.7852044105529785,4.857807600077743,4.68620011842393,20626900
2018-02-02,4.7852044105529785,4.7852044105529785,4.68620011842393,25472700
2018-02-05,4.679599761962891,4.706000863223464,4.587195592824933,30827300
2018-02-06,4.534392356872559,4.567393883289889,4.422187544724693,51183200
2018-02-07,4.672998905181885,4.692799886693233,4.580595059156087,24675000
2018-02-08,4.68619966506958,4.699400215094668,4.62679734731965,13157600
2018-02-09,4.5277934074401855,4.633397815633229,4.52119297456514,22916400
2018-02-12,4.55419397354126,4.600395739325614,4.534392991972305,18990700
2018-02-13,4.55419397354126,4.600395739325614,4.534392991972305,13145800
2018-02-14,4.593795776367188,4.613596443875789,4.547593694303891,12088500
2018-02-15,4.626797676086426,4.646598345168068,4.613596810397384,11733500
2018-02-19,4.679599761962891,4.692800312593177,4.6201971267636255,15307800
2018-02-20,4.699400424957275,4.719201408242136,4.679599756398367,12147800
2018-02-21,4.706000328063965,4.706000328063965,4.646597699619879,8969500
2018-02-22,4.706000328063965,4.732401426322244,4.672998797878158,11139600
2018-02-23,4.745602130889893,4.798404329135945,4.686199500500121,17214400
2018-02-26,4.752201557159424,4.785203083626511,4.739001009517765,9627700
2018-02-27,4.811605453491211,4.877608209183457,4.765403367143657,17675300
2018-02-28,4.745602130889893,4.831405860402692,4.745602130889893,24171300
2018-03-01,4.798405170440674,4.805005603741648,4.73240241106084,13940800
2018-03-02,4.798405170440674,4.805005603741648,4.752203081511799,15072900
2018-03-05,4.752201557159424,4.811604178909828,4.70599979777656,9523600
2018-03-06,4.752201557159424,4.785203083626511,4.732400893059877,11337900
2018-03-07,4.71920108795166,4.752202304885378,4.666398889076968,12317400
2018-03-08,4.706000328063965,4.732401426322244,4.686199347007298,13847400
2018-03-09,4.71920108795166,4.71920108795166,4.672999006573339,10850200
2018-03-12,4.798405170440674,4.81160572231664,4.745602962936807,23201900
2018-03-13,4.7852044105529785,4.805005394869175,4.778603977538923,13666500
2018-03-14,4.778603076934815,4.791803940475012,4.765402528120527,8330700
2018-03-15,4.765402793884277,4.785203775572953,4.739001694783329,22521900
2018-03-16,4.765402793884277,4.778603343434752,4.732401577371054,18532500
2018-03-19,4.79180383682251,4.7984039537239305,4.7588023081377,13671800
2018-03-20,4.752201557159424,4.79840363126817,4.752201557159424,20470900
2018-03-21,4.8182053565979,4.8182053565979,4.765402843124475,30967400
2018-03-22,4.811605453491211,4.83800655576811,4.798404902352762,18777900
2018-03-23,4.758803367614746,4.81160557348535,4.626797852938237,17600800
2018-03-26,4.752201557159424,4.765402104801082,4.686198818951131,9440700
2018-03-27,4.778603076934815,4.798404057519201,4.75220197930624,15602900
2018-03-28,4.812160968780518,4.8591414144814005,4.758468847962203,15590400
2018-03-29,4.805450439453125,4.832296506263338,4.798739082765752,14504600
2018-03-30,4.825583457946777,4.845717840981061,4.812160429247172,13699700
2018-04-02,4.8322954177856445,4.852430123373129,4.785314971465328,14507600
2018-04-03,4.8322954177856445,4.839007092991569,4.785314971465328,11246300
2018-04-04,4.630949974060059,4.825584075112078,4.523565410699079,22595600
2018-04-05,4.704777240753174,4.758469367432929,4.684642533233106,12085100
2018-04-06,4.738333702087402,4.738333702087402,4.604103412521854,10293700
2018-04-09,4.711488246917725,4.731622952943529,4.671219154896412,12413700
2018-04-10,4.724911689758301,4.738334721602999,4.698065626068904,15951000
2018-04-11,4.8322954177856445,4.839007092991569,4.731622849939089,20633600
2018-04-12,4.8322954177856445,4.839007092991569,4.771891941083768,5947600
2018-04-13,4.839007377624512,4.839007377624512,4.792026608510474,12587100
2018-04-16,4.8591413497924805,4.8591413497924805,4.82558393474292,11596300
2018-04-17,4.899411201477051,4.9195455883154136,4.832295725268353,17776200
2018-04-18,4.899411201477051,4.939680295184084,4.872565139005696,10237500
2018-04-19,4.906122207641602,4.919545237921225,4.872564791957685,8454600
2018-04-20,4.899411201477051,4.9195455883154136,4.885988170241373,18438100
2018-04-23,4.8591413497924805,4.92625681995216,4.8457183197666005,6660900
2018-04-24,4.845718383789063,4.872564764225801,4.818872323382608,10555000
2018-04-25,4.812160968780518,4.839007029189675,4.765180203049351,5890000
2018-04-26,4.8322954177856445,4.839007092991569,4.771891941083768,9368000
2018-04-27,4.865853786468506,4.885988494674134,4.825584690087578,20253000
2018-04-30,4.8322954177856445,4.852430123373129,4.812161032228448,10493200
2018-05-02,4.724911689758301,4.812161556764001,4.644373498690111,24519900
2018-05-03,4.698065280914307,4.771892110651445,4.630950126621591,23921800
2018-05-04,4.543700695037842,4.698065724501238,4.543700695037842,17663400
2018-05-07,4.476585865020752,4.543701030607124,4.463162831903477,22675000
2018-05-08,4.630949974060059,4.718199831781389,4.463161933840711,40728800
2018-05-14,4.396047115325928,4.671219419755717,4.026913270821804,124125000
2018-05-15,4.530276775360107,4.55041147961947,4.3960464803985815,40215300
2018-05-16,4.597392559051514,4.597392559051514,4.443027538468806,15482000
2018-05-17,4.57054615020752,4.604103886065531,4.550411764716942,17710300
2018-05-18,4.563835144042969,4.590681206770137,4.510142698558321,17179300
2018-05-21,4.429605007171631,4.563835655892194,4.416181974302609,14605000
2018-05-22,4.463162422180176,4.483296809992551,4.389335586797377,9906900
2018-05-23,4.174566268920898,4.42960416497238,4.174566268920898,27966100
2018-05-24,4.060471057891846,4.234970468627936,4.047048026296761,28006800
2018-05-25,4.10745096206665,4.167854756224484,4.067181872638185,20658100
2018-05-28,4.067182540893555,4.12758634497599,4.047048152886295,10800800
2018-06-01,4.094028949737549,4.1208750160285215,3.966509974840253,21696500
2018-06-04,4.094028949737549,4.174567148610466,4.033625460598038,21517000
2018-06-05,4.080605506896973,4.107451570492585,4.060471119215424,25035400
2018-06-06,4.167855739593506,4.194701805546576,4.067182832254318,17967500
2018-06-07,4.255105018615723,4.402758360699127,4.1678551564603765,28584200
2018-06-08,4.241682052612305,4.308797209134745,4.167855220422465,13063000
2018-06-11,4.167855739593506,4.241682580979624,4.167855739593506,14430800
2018-06-12,4.114162921905518,4.1947011063399735,4.094028215781755,12473300
2018-06-13,4.080605506896973,4.120874602290392,4.060471119215424,12379000
2018-06-14,4.006778240203857,4.087316742341794,4.006778240203857,19759000
2018-06-18,3.9597978591918954,4.000066950908793,3.932951798047295,18926300
2018-06-19,3.932952404022217,3.973221501943631,3.932952404022217,12021500
2018-06-20,3.9396626949310303,3.96650875295204,3.9396626949310303,7980400
2018-06-21,3.9128167629241934,3.959797525989127,3.912816762924195,13852400
2018-06-22,3.899393796920776,3.94637456075004,3.892682442105322,19538500
2018-06-25,3.624222040176392,3.959798149081052,3.624222040176392,37488300
2018-06-26,3.6175105571746826,3.711472103097385,3.570530104243665,16226700
2018-06-27,3.624222040176392,3.677914166396287,3.624222040176392,8849600
2018-06-28,3.6913368701934814,3.738317636479575,3.62422171837784,7473800
2018-06-29,3.657778739929199,3.8255667613943967,3.651067385486323,17960800
2018-07-02,3.6309330463409424,3.72489457820916,3.624221691224804,11924000
2018-07-03,3.624222040176392,3.677914166396287,3.624222040176392,6204700
2018-07-04,3.6644909381866455,3.67120229358881,3.630933201084927,5058300
2018-07-05,3.711471319198608,3.711471319198608,3.644355851992022,4752600
2018-07-06,3.563817977905273,3.69804860368273,3.563817977905273,16604900
2018-07-09,3.557106733322144,3.597375826299376,3.4967029338411444,13527900
2018-07-10,3.5906646251678467,3.6107993343317055,3.570530236034332,8510600
2018-07-11,3.6107988357543945,3.6107988357543945,3.550395036633687,8937100
2018-07-12,3.778586387634277,3.778586387634277,3.577240630270823,11502200
2018-07-13,3.838990688323975,3.865837072466124,3.724895075863901,16150400
2018-07-16,3.798720836639404,3.852412954184373,3.792009481961416,7379500
2018-07-17,3.8054330348968506,3.8389904529641328,3.8054330348968506,10977900
2018-07-18,3.926239967346192,3.926239967346192,3.792009666936005,14111700
2018-07-19,3.932952404022217,4.020201956170109,3.885971629765396,17514700
2018-07-20,3.899393796920776,3.9262398562431353,3.852413033091512,11069400
2018-07-23,3.932952404022217,3.953086792967753,3.885971629765396,4803900
2018-07-24,3.932952404022217,3.966509825608224,3.9195293713817456,6617100
2018-07-25,3.9530863761901855,3.966509407415454,3.926240313739648,12423100
2018-07-26,3.946375131607056,3.946375131607055,3.8926830051955834,15183800
2018-07-27,3.9530863761901855,3.9530863761901855,3.8926828956916304,8409500
2018-07-30,3.919529438018799,3.946375503756159,3.8993947287006048,5616700
2018-07-31,3.919529438018799,3.939663827306645,3.8993947287006048,11426800
2018-08-01,3.926239967346192,3.94637467242286,3.919528612340822,9305300
2018-08-02,3.926239967346192,3.9396629973872095,3.912816937305173,8416600
2018-08-03,3.8859710693359375,3.939663192154418,3.879259713998776,4274400
2018-08-06,3.892683506011963,3.912817895991513,3.872548796002054,10859000
2018-08-07,3.9128167629241934,3.9262397923669945,3.892682378775128,12639600
2018-08-08,3.973220586776733,3.979931941535946,3.9128167937924743,12566200
2018-08-09,3.9799320697784415,4.026912834727834,3.946374654840544,12355100
2018-08-10,3.9799320697784415,4.006778129740872,3.946374654840544,10590700
2018-08-13,3.9530863761901855,3.986644114268512,3.912817282514379,6071800
2018-08-14,3.926239967346192,3.959797702463879,3.906105582299804,11125200
2018-08-15,3.946375131607056,3.959798163209924,3.919529068401319,6556900
2018-08-16,3.946375131607056,3.953086487393331,3.8926830051955834,4582000
2018-08-17,3.9530863761901855,3.966509407415454,3.9530863761901855,4918400
2018-08-20,3.946375131607056,3.959798163209924,3.9329521000041874,9266100
2018-08-21,3.9530863761901855,3.966509407415454,3.932951989367437,6937000
2018-08-23,3.986643552780152,4.013489611449626,3.939662790093439,9507100
2018-08-24,4.013490200042725,4.013490200042725,3.9665094304661097,8517900
2018-08-27,4.000067710876465,4.013490743998989,3.953086934932453,8858500
2018-08-28,4.080605506896973,4.080605506896973,3.986644284312329,10501300
2018-08-29,4.087316513061523,4.154431661053037,4.033624394668313,25915600
2018-08-30,4.087316513061523,4.114162572258129,4.0738934834632206,16421600
2018-09-03,4.094028949737549,4.134298049174007,4.06047152688901,4372400
2018-09-04,4.094028949737549,4.107451982883035,4.073894560034496,7194500
2018-09-05,3.9396626949310303,4.1007393630873405,3.9396626949310303,27257500
2018-09-06,3.973220586776733,4.013489675422816,3.919528468581956,11240100
2018-09-07,3.973220586776733,3.986643616325428,3.9463745276793447,9046300
2018-09-12,3.9597978591918954,4.000066950908793,3.919528767474996,21867300
2018-09-13,4.087316513061523,4.107450897443843,3.959797571862514,20705500
2018-09-14,4.181278228759766,4.214835966851813,4.0940283657446885,23329500
2018-09-18,4.05375862121582,4.141008470222812,4.033624237617442,29302100
2018-09-19,4.10745096206665,4.120873991876138,4.073893547558067,10390600
2018-09-20,4.120874404907227,4.141009111654677,4.100740018190082,10421800
2018-09-21,4.1611433029174805,4.1611433029174805,4.120874211344377,23183100
2018-09-24,4.133722305297852,4.1542879041404985,4.1268668877607695,17108900
2018-09-25,4.113156318664551,4.126866826651394,4.106300901228981,25703500
2018-09-26,4.1405768394470215,4.1679978521413,4.113155826752744,14644000
2018-09-27,4.133722305297852,4.1542879041404985,4.120011797107988,9279000
2018-09-28,4.120012283325195,4.167998904210641,4.072025335555411,11748600
2018-10-01,4.120012283325195,4.140577884594861,4.11315686497908,2708500
2018-10-02,4.1405768394470215,4.1405768394470215,4.099445320405605,4744500
2018-10-03,4.147432804107666,4.147432804107666,4.120011787789954,12227900
2018-10-04,4.154288768768311,4.161144187732204,4.126867746681473,18806700
2018-10-05,4.1405768394470215,4.1542873457941605,4.1268663330998825,16224900
2018-10-08,4.1405768394470215,4.147432256062719,4.092589903789907,6306700
2018-10-09,4.1405768394470215,4.147432256062719,4.099445320405605,10045900
2018-10-10,4.003472805023193,4.1474333221137085,3.955485857031576,12775900
2018-10-11,3.880077838897705,3.928064786266004,3.8183807087205617,26524800
2018-10-12,4.078880310058594,4.085735728208134,3.852656741273016,17375400
2018-10-15,4.065169334411621,4.092590350096224,4.017182720405713,11949300
2018-10-16,4.133722305297852,4.133722305297852,4.030893330431719,2555200
2018-10-17,4.133722305297852,4.147432813487716,4.092590453843958,12661500
2018-10-18,4.133722305297852,4.140577395950634,4.113156379570905,12792200
2018-10-19,4.126867294311523,4.126867294311523,4.058314746608874,12359600
2018-10-22,4.099446773529053,4.133723214988936,4.037749309655012,11446200
2018-10-23,3.941775560379028,4.092591177120935,3.941775560379028,10875100
2018-10-24,3.907499074935913,4.024038577231663,3.893788564482552,13082700
2018-10-25,3.825235605239868,3.88007764121854,3.770393569261196,20868300
2018-10-26,3.8389461040496826,3.86636712196627,3.811525086133096,6259000
2018-10-29,3.8389461040496826,3.8595120309292814,3.825235595091389,3280200
2018-10-30,3.825235605239868,3.873222550163365,3.8115250962452,4359400
2018-10-31,3.921209812164306,3.9897626952800818,3.825236233440344,11986600
2018-11-01,3.907499074935913,3.9623414436337128,3.8732229622446863,9537300
2018-11-02,3.893788099288941,3.955485552400206,3.880077590473583,13259000
2018-11-05,3.893788099288941,3.921209116919655,3.8389460640275113,13138100
2018-11-07,3.893788099288941,3.948630461434684,3.8389460640275113,8623100
2018-11-08,3.900643825531006,3.914354335430342,3.873222805732334,9033500
2018-11-09,3.8183798789978023,3.9006429192813674,3.8115244621987063,13961600
2018-11-12,3.7772486209869385,3.8526562497044936,3.756682696046696,7427500
2018-11-13,3.7703938484191895,3.7772492668662543,3.708696389932976,8921200
2018-11-14,3.7703938484191895,3.790959776876041,3.749827919962337,3547900
2018-11-15,3.8320913314819336,3.859512351677368,3.777249291091065,5770700
2018-11-16,3.8732223510742183,3.907498458356888,3.8526564251971753,5528300
2018-11-19,3.9280648231506343,3.941775332972557,3.859512274041024,5171600
2018-11-21,3.880077838897705,3.886933257186463,3.838946309818165,5140900
2018-11-22,3.8732223510742183,3.8869328593641472,3.8252354086173184,5590800
2018-11-23,3.859512090682984,3.8663671818261034,3.85265667265554,2584500
2018-11-26,3.893788099288941,3.893788099288941,3.83209097306199,5286400
2018-11-27,3.907499074935913,3.9143544936047703,3.852657033122467,6061800
2018-11-28,3.941775560379028,3.941775560379028,3.880078099178797,5546600
2018-11-29,4.01032829284668,4.024038804072924,3.962341666997012,9761200
2018-11-30,3.948630332946777,4.024037965535331,3.941774915320016,16827800
2018-12-03,4.04460334777832,4.133721803639388,3.976050815148368,22952000
2018-12-04,3.9829065799713135,4.037748615369615,3.9349196355556417,9786300
2018-12-05,3.976051807403565,3.982906898935172,3.921209440728996,7606500
2018-12-06,3.976051807403565,4.010327918830286,3.921209440728996,7127300
2018-12-07,3.9623405933380127,3.989761608360342,3.9349192514314,6266100
2018-12-10,3.8732223510742183,3.955485400813788,3.866366933487104,6578600
2018-12-11,3.7772486209869385,3.8869326823101367,3.7772486209869385,7430900
2018-12-12,3.941775560379028,3.955486070991929,3.797815035501393,13790000
2018-12-13,4.003472805023193,4.051459426130472,3.9349199287824983,7194400
2018-12-14,3.976051807403565,3.9966174088827287,3.9417753690925017,5605100
2018-12-17,3.9143545627594,3.969196605541736,3.886933541368231,4331600
2018-12-18,3.859512090682984,3.9006436181946698,3.825235654314416,9539200
2018-12-19,3.907499074935913,3.907499074935913,3.8389465226691057,5506600
2018-12-20,3.8732223510742183,3.89378795006696,3.838945916907247,4668800
2018-12-21,3.8732223510742183,3.955485400813788,3.838945916907247,10568600
2018-12-24,3.893788099288941,3.928064534769491,3.852656572842868,3541900
2018-12-26,3.921209812164306,3.9486311615412406,3.845802163751951,4106400
2018-12-27,3.9623405933380127,3.976051100849178,3.92806416111796,3390600
2018-12-28,3.9623405933380127,3.976051100849178,3.921208743920235,4563100
2018-12-31,3.9143545627594,3.976052024331708,3.9143545627594,4681600
2019-01-02,3.8732223510742183,3.934919474936745,3.8526564251971753,6022200
2019-01-03,3.8732223510742183,3.921208966646816,3.8526564251971753,5198100
2019-01-04,3.859512090682984,3.886933109024108,3.85265667265554,3506600
2019-01-07,3.866366624832153,3.91435356345822,3.866366624832153,10358800
2019-01-08,3.8732223510742183,3.914353875944004,3.866366933487104,11516600
2019-01-09,3.8732223510742183,3.9006433676540753,3.866366933487104,12079200
2019-01-10,3.8732223510742183,3.9006433676540753,3.8526564251971753,8114200
2019-01-11,3.8732223510742183,3.89378795006696,3.8526564251971753,6385100
2019-01-14,3.8732223510742183,3.89378795006696,3.8526564251971753,4324900
2019-01-15,3.886932611465454,3.9074982091465738,3.85951159663444,9463200
2019-01-16,3.8732223510742183,3.8869328593641472,3.866366933487104,5718700
2019-01-17,3.8732223510742183,3.8732223510742183,3.8526564251971753,6605800
2019-01-18,3.886932611465454,3.8937877017310663,3.85951159663444,5980300
2019-01-22,3.955485820770264,3.955485820770264,3.886933272042354,16396400
2019-01-23,3.880077838897705,3.941775295959184,3.880077838897705,12430100
2019-01-24,3.8732223510742183,3.914353875944004,3.8526564251971753,13410700
2019-01-25,3.893788099288941,3.900643517138776,3.8732224995080617,11523500
2019-01-28,3.880077838897705,3.9074988582840655,3.866367329204525,10608400
2019-01-29,3.886932611465454,3.900643118880961,3.866366686900053,13827900
2019-01-30,3.880077838897705,3.893788348590885,3.866367329204525,8182800
2019-01-31,3.852656841278076,3.9074988803606434,3.845801749834924,12779100
2019-02-04,3.8732223510742183,3.914353875944004,3.8526564251971753,6981700
2019-02-07,3.8732223510742183,3.9006433676540753,3.8732223510742183,5728100
2019-02-08,3.886932611465454,3.8937877017310663,3.866366686900053,8620500
2019-02-11,3.948630332946777,3.9623408413159966,3.87322237347392,9144800
2019-02-12,3.9897615909576416,4.010327188692543,3.941774651435735,17709600
2019-02-13,3.9623405933380127,4.003472115871507,3.92806416111796,8790200
2019-02-14,3.9623405933380127,3.982906191162618,3.92806416111796,3629400
2019-02-15,3.907499074935913,3.976051954087074,3.893788564482552,5197200
2019-02-18,3.9143545627594,3.941775584150568,3.8937886332738434,7908000
2019-02-19,3.900643825531006,3.92120942693784,3.88693331563167,10321000
2019-02-20,3.948630332946777,3.976051349685216,3.8869328818431392,15616400
2019-02-21,4.003472805023193,4.003472805023193,3.94863076553811,19156000
2019-02-22,4.003472805023193,4.030893824765736,3.969196366902846,12748900
2019-02-25,4.003472805023193,4.010327896516659,3.976051785280652,12862000
2019-02-26,4.030892848968506,4.030892848968506,3.9966164191457856,8159200
2019-02-27,4.017183303833008,4.037748905141116,4.00347279399949,7624500
2019-02-28,4.01032829284668,4.024038804072924,3.9897626894495,22938400
2019-03-01,3.893788099288941,4.010327587661635,3.8732224995080617,19455300
2019-03-04,3.866366624832153,3.900643056262812,3.852656117636745,9008500
2019-03-05,3.8320913314819336,3.8800779533817713,3.832091331481934,11373000
2019-03-06,3.784103155136109,3.859511099653417,3.777248065753211,14276700
2019-03-07,3.736116886138916,3.790959245373361,3.736116886138917,14512300
2019-03-08,3.694985628128052,3.7635381735054674,3.688130537032471,13435700
2019-03-11,3.619577884674072,3.729261954036092,3.619577884674072,9575800
2019-03-12,3.681274890899658,3.6949853991254105,3.6264328579966487,14583800
2019-03-13,3.736116886138916,3.749827394226453,3.688130271274686,11805600
2019-03-14,3.7498278617858887,3.770393789923672,3.736117351988813,8987500
2019-03-15,3.756683588027954,3.78410460986956,3.742973077107152,13999900
2019-03-18,3.756683588027954,3.7772495178513408,3.736117658204568,10364900
2019-03-19,3.7498278617858887,3.770393789923672,3.736117351988813,10352500
2019-03-20,3.694985628128052,3.7566830824098862,3.688130537032471,13273200
2019-03-21,3.65385365486145,3.742972116415213,3.6401431474596624,16822100
2019-03-22,3.65385365486145,3.688130086808061,3.6401431474596624,10231500
2019-03-25,3.5907351970672607,3.6608666785698873,3.5767089007667354,13937400
2019-03-26,3.5907351970672607,3.646840382269361,3.569695919823114,15076700
2019-03-27,3.555670022964477,3.6117752144694015,3.5346304089434706,17238800
2019-03-28,3.5837225914001465,3.6047618708474634,3.555669995861514,12358400
2019-03-29,3.611774682998657,3.639827274623196,3.583722091374119,12417700
2019-04-01,3.562682867050171,3.625801372261261,3.562682867050171,9599400
2019-04-02,3.5907351970672607,3.597748512424164,3.569695919823114,7630700
2019-04-03,3.5907351970672607,3.6047614933677856,3.569695919823114,4855700
2019-04-04,3.576709508895874,3.604762106266561,3.562683210210531,5896700
2019-04-05,3.5837225914001465,3.5977488891694627,3.5767092753088296,2336800
2019-04-08,3.569695949554444,3.5907352269738224,3.562682634139127,7379400
2019-04-09,3.569695949554444,3.5837222459717912,3.555669653137096,12074600
2019-04-10,3.562682867050171,3.57670916438449,3.548656569715852,3530600
2019-04-11,3.548656702041626,3.590735595613663,3.548656702041626,7565100
2019-04-12,3.548656702041626,3.562682999898972,3.548656702041626,3507200
2019-04-15,3.548656702041626,3.597748911748995,3.548656702041626,3697800
2019-04-16,3.541643619537353,3.5767091959762194,3.541643619537353,5921900
2019-04-17,3.541643619537353,3.555669916995562,3.513591024620937,6761700
2019-04-18,3.541643619537353,3.5626828985180112,3.506577708685178,12980300
2019-04-19,3.555670022964477,3.5696963208407086,3.541643725088246,1283800
2019-04-22,3.62580156326294,3.646840843166082,3.5696963709701266,14951800
2019-04-23,3.62580156326294,3.660867141239285,3.618788247019676,11823500
2019-04-24,3.681906461715698,3.7099590556233255,3.653853867808071,21000100
2019-04-25,3.639827966690064,3.716972775532281,3.625801668210873,14910200
2019-04-26,3.639827966690064,3.674893545681374,3.632814650243801,6527100
2019-04-29,3.646841526031494,3.6748941274307065,3.625802242188778,8056400
2019-04-30,3.695933103561402,3.702946419899416,3.646840892435287,14747800
2019-05-02,3.667880296707153,3.709959189082306,3.6538539992487697,11260400
2019-05-03,3.674893379211426,3.688920011468555,3.660867081367616,15682200
2019-05-06,3.646841526031494,3.6748941274307065,3.632815225331888,9070400
2019-05-07,3.646841526031494,3.6748941274307065,3.639828542888385,13698300
2019-05-08,3.646841526031494,3.6608678267311,3.625802242188778,19795100
2019-05-09,3.5977489948272705,3.646840871254937,3.590735678529988,11426000
2019-05-10,3.5907351970672607,3.618787789668311,3.5837222161236397,9550800
2019-05-13,3.5907351970672607,3.625801105025215,3.555669623522589,9398000
2019-05-14,3.618788242340088,3.639827856629348,3.534630454009696,14855200
2019-05-15,3.5977489948272705,3.653854187552219,3.5767093803487517,7879800
2019-05-16,3.5977489948272705,3.618788274892463,3.5977489948272705,4666400
2019-05-17,3.618788242340088,3.632814540395153,3.597748962464152,3390700
2019-05-21,3.604762315750122,3.632814914751029,3.604762315750122,7013600
2019-05-23,3.611774682998657,3.639827274623196,3.597748387186388,13506700
2019-05-24,3.611774682998657,3.646840255322695,3.611774682998657,6673800
2019-05-27,3.6328139305114746,3.6468402262117783,3.611774654167652,7806800
2019-05-28,3.6328139305114746,3.6608665219120833,3.611774654167652,21589800
2019-05-29,3.611774682998657,3.632813959510426,3.604761367885888,8618300
2019-05-30,3.65385365486145,3.695932543270533,3.5977484703160063,10967600
2019-05-31,3.695933103561402,3.7520382966122017,3.6538542087733017,24098000
2019-06-03,3.709959745407105,3.716973062394629,3.667880846722036,19019200
2019-06-04,3.730999231338501,3.773078128550437,3.6959333164552137,8084100
2019-06-07,3.702945947647095,3.780090411046721,3.688919651173227,11040600
2019-06-10,3.702945947647095,3.7380115216251193,3.6819063357296495,7769300
2019-06-11,3.730999231338501,3.730999231338501,3.7029466331972105,13756300
2019-06-12,3.7169723510742183,3.738011629183767,3.695932738551375,2692700
2019-06-13,3.730999231338501,3.7380122136671496,3.7029466331972105,6610300
2019-06-14,3.702945947647095,3.7380115216251193,3.688919651173227,3000100
2019-06-17,3.681906461715698,3.7169723713068814,3.681906461715698,8172200
2019-06-18,3.667880296707153,3.688919910101384,3.6468406833129223,6532200
2019-06-19,3.688920259475708,3.7029465582625103,3.6608673274887615,6707800
2019-06-20,3.667880296707153,3.688919910101384,3.6538539992487697,8857600
2019-06-21,3.667880296707153,3.7520380814574574,3.6678802967071538,10727800
2019-06-24,3.702945947647095,3.723985225151252,3.6748930202860737,9102200
2019-06-25,3.745025873184204,3.745025873184204,3.695933654736954,14374500
2019-06-26,3.773077726364136,3.773077726364136,3.730998833637544,4868600
2019-06-27,3.752037763595581,3.787103671477513,3.730998486397048,12423800
2019-06-28,3.773077726364136,3.773077726364136,3.730998833637544,8277000
2019-07-01,3.794117212295532,3.8011305286721706,3.773077931992278,9714200
2019-07-02,3.815157413482666,3.8221703965240175,3.787104812490494,11420800
2019-07-03,3.759051322937012,3.8151565116592607,3.730998728575888,8028300
2019-07-04,3.7169723510742183,3.766064222938695,3.709959035428839,5471300
2019-07-05,3.7660648822784415,3.7660648822784415,3.709959684946029,4203900
2019-07-08,3.773077726364136,3.773077726364136,3.723985517643123,5228100
2019-07-09,3.752037763595581,3.79411665240593,3.730998486397048,7648100
2019-07-10,3.738011360168457,3.77307726704516,3.7169720835730535,7222900
2019-07-11,3.745025873184204,3.766065156509183,3.723986255445846,3663900
2019-07-12,3.646841526031494,3.773078566741337,3.632815225331888,42813600
2019-07-15,3.6328139305114746,3.653853541268565,3.611774654167652,5309200
2019-07-16,3.618788242340088,3.639827856629348,3.597748962464152,9422200
2019-07-17,3.611774682998657,3.6258009788109264,3.597748387186388,7532300
2019-07-18,3.611774682998657,3.632813959510426,3.604761367885888,9392100
2019-07-19,3.674893379211426,3.674893379211426,3.61177520612094,8367000
2019-07-22,3.646841526031494,3.6748941274307065,3.611775941489172,3805300
2019-07-23,3.639827966690064,3.6538542651692554,3.61878835176461,4520100
2019-07-24,3.62580156326294,3.653854159409346,3.618788247019676,5295800
2019-07-25,3.62580156326294,3.639827861336143,3.618788247019676,10727800
2019-07-26,3.604762315750122,3.6258019322074815,3.604762315750122,7079300
2019-07-29,3.569695949554444,3.618787819808517,3.569695949554444,10566200
2019-07-31,3.562682867050171,3.6047617590531287,3.5556698855896647,20114300
2019-08-01,3.562682867050171,3.569696182923984,3.5416435882553454,13930400
2019-08-02,3.562682867050171,3.5907354617188094,3.5416435882553454,9590100
2019-08-05,3.527617692947388,3.5767095720056274,3.527617692947388,13111600
2019-08-06,3.548656702041626,3.597748911748995,3.492551510612244,11849800
2019-08-07,3.548656702041626,3.5556700181769583,3.527617422462267,6489800
2019-08-08,3.548656702041626,3.562682999898972,3.53463040418428,5741600
2019-08-09,3.5346295833587646,3.5696954870656468,3.5346295833587646,8379600
2019-08-13,3.506577730178833,3.548656622811382,3.506577730178833,6304700
2019-08-14,3.569695949554444,3.5977485423891387,3.527617060302401,6329100
2019-08-15,3.541643619537353,3.555669916995562,3.5206040061433863,7129700
2019-08-16,3.555670022964477,3.555670022964477,3.527617427212015,7157400
2019-08-19,3.5346295833587646,3.5696954870656468,3.5346295833587646,3955500
2019-08-20,3.6328139305114746,3.6328139305114746,3.534629860609345,9054900
2019-08-21,3.555670022964477,3.6258015123456335,3.555670022964477,5313800
2019-08-22,3.548656702041626,3.569696316034304,3.548656702041626,7206500
2019-08-23,3.555670022964477,3.5696963208407086,3.541643725088246,3675100
2019-08-26,3.548656702041626,3.548656702041626,3.520604106326935,7897000
2019-08-27,3.541643619537353,3.555669916995562,3.5276173220791454,9953800
2019-08-28,3.492551565170288,3.5556700737209934,3.492551565170288,9456300
2019-08-29,3.4644992351531982,3.52761774855254,3.4644992351531982,7298100
2019-08-30,3.548656702041626,3.5556700181769583,3.506577808469589,12856100
2019-09-03,3.5346295833587646,3.5696954870656468,3.5276166032653333,8293700
2019-09-04,3.555670022964477,3.562683004695933,3.5206041110672395,7335800
2019-09-05,3.555670022964477,3.5696963208407086,3.541643725088246,11509600
2019-09-06,3.527617692947388,3.555670290813052,3.506578077341467,8022900
2019-09-10,3.506577730178833,3.555669938790129,3.506577730178833,7885000
2019-09-11,3.527617692947388,3.548656974139964,3.513591394014556,8525300
2019-09-12,3.506577730178833,3.548656622811382,3.506577730178833,8712300
2019-09-13,3.520604372024536,3.527617688689159,3.4995647564440127,8687400
2019-09-17,3.506577730178833,3.541643641245946,3.49255143263465,13406400
2019-09-18,3.513591766357422,3.5206047493603463,3.4995651315248124,5484600
2019-09-19,3.5346295833587646,3.5346295833587646,3.5065769941585554,5519600
2019-09-20,3.520604372024536,3.534630670940437,3.506578073108636,23033100
2019-09-23,3.5346295833587646,3.5346295833587646,3.5065769941585554,13068400
2019-09-24,3.5346295833587646,3.5486558779588693,3.52060328875866,13808700
2019-09-25,3.548656702041626,3.548656702041626,3.520604106326935,4832700
2019-09-26,3.548656702041626,3.562682999898972,3.53463040418428,9146900
2019-09-27,3.513591766357422,3.5626836506180344,3.5135917663574223,3277800
2019-09-30,3.527617692947388,3.548656974139964,3.5206043762743,5603000
2019-10-01,3.541643619537353,3.548656601059803,3.5206040061433863,3229100
2019-10-02,3.520604372024536,3.534630670940437,3.506578073108636,4462400
2019-10-03,3.513591766357422,3.5416443671958806,3.5065784489411174,6368700
2019-10-04,3.506376028060913,3.542449648102985,3.4775169944165287,6069200
2019-10-07,3.506376028060913,3.5135906144586,3.484731580814216,3441200
2019-10-08,3.5352354049682617,3.5640944414147904,3.506376368521733,6458000
2019-10-09,3.4991605281829834,3.528019557130849,3.491945942959397,8349500
2019-10-10,3.506376028060913,3.5280201312807926,3.484731580814216,5443900
2019-10-11,3.506376028060913,3.535235061705298,3.4991610976364083,3849700
2019-10-14,3.5496647357940674,3.5713088399728807,3.528020287588421,7551800
2019-10-15,3.556879997253418,3.5857390376509666,3.5424504770546434,6303400
2019-10-16,3.5929534435272217,3.5929534435272217,3.535235371185716,7943600
2019-10-17,3.585737943649292,3.600167459445649,3.549664326171796,7711300
2019-10-18,3.607382535934448,3.607382535934448,3.5713085729643805,8083400
2019-10-21,3.5929534435272217,3.5929534435272217,3.549664889271092,3813500
2019-10-22,3.578524589538574,3.5929541103017577,3.571309657143527,5122000
2019-10-23,3.564094066619873,3.57852358332575,3.549664549913995,5280600
2019-10-24,3.5929534435272217,3.607382961612598,3.5568794763003564,11566800
2019-10-25,3.5713090896606445,3.600168126601295,3.5713090896606445,7125600
2019-10-29,3.629026412963867,3.6795295403635735,3.592952455655431,21851800
2019-10-30,3.67231559753418,3.6939597004829694,3.629027047609787,15130500
2019-10-31,3.7877516746521,3.838255154163779,3.665100613000028,28867800
2019-11-01,3.794966697692871,3.809396214473852,3.758892733727012,11127300
2019-11-04,3.7877516746521,3.8021811910801775,3.737248195140421,10420400
2019-11-05,3.84546971321106,3.84546971321106,3.773322131580111,17461900
2019-11-06,3.838254928588867,3.8526844441689208,3.80218096762534,7505400
2019-11-07,3.823826313018799,3.852685350971427,3.8093967940424847,9259800
2019-11-08,3.895972967147827,3.895972967147827,3.8093958741955354,13466500
2019-11-11,3.867114543914795,3.895973579434344,3.852685026155021,13243000
2019-11-12,3.816610813140869,3.881543810877782,3.79496670991311,6152100
2019-11-13,3.751678228378296,3.831040751678661,3.744463641183821,7270400
2019-11-14,3.751678228378296,3.780537265209909,3.73724870996249,6072700
2019-11-15,3.7661073207855225,3.787751767974318,3.744463217623544,6442900
2019-11-18,3.859899282455444,3.859899282455444,3.7516777365119287,5221900
2019-11-19,3.881544351577759,3.881544351577759,3.816611344795664,4675000
2019-11-20,3.881544351577759,3.881544351577759,3.838255795065317,6205700
2019-11-21,3.881544351577759,3.881544351577759,3.816611344795664,7813700
2019-11-22,3.8743295669555664,3.8743295669555664,3.83825594050836,4883200
2019-11-25,3.852685689926148,3.867115210171953,3.816611717298182,6050000
2019-11-26,3.8021819591522217,3.874329555867023,3.8021819591522217,22499400
2019-11-27,3.7877516746521,3.8166107075082567,3.758892641795943,7524000
2019-11-28,3.7733230590820312,3.794967510905035,3.7444640193359535,6331300
2019-11-29,3.737247943878174,3.7877514199944087,3.737247943878174,8367500
2019-12-02,3.7444636821746826,3.7733227193222176,3.737248750874369,3569300
2019-12-03,3.715603828430176,3.744462859235216,3.693959383313004,8462700
2019-12-04,3.715603828430176,3.715603828430176,3.6578857668200953,8783300
2019-12-05,3.737247943878174,3.7516774593361286,3.693959397504309,6182700
2019-12-06,3.751678228378296,3.7588931595996273,3.722819191546683,8676000
2019-12-09,3.737247943878174,3.7516774593361286,3.708388912962264,7114800
2019-12-10,3.7083897590637207,3.737248796564072,3.701175171702065,5440600
2019-12-11,3.730034351348877,3.7444638706489415,3.701175312748748,7316500
2019-12-12,3.737247943878174,3.7516774593361286,3.708388912962264,13330400
2019-12-13,3.7877516746521,3.8021811910801775,3.737248195140421,7339300
2019-12-16,3.794966697692871,3.809396214473852,3.758892733727012,5643200
2019-12-17,3.7661073207855225,3.802181284757909,3.751677804001931,9813900
2019-12-18,3.84546971321106,3.84546971321106,3.7588926152539206,11429500
2019-12-19,3.852685689926148,3.8599002780356,3.7949676089429225,6162900
2019-12-20,3.8021819591522217,3.895974006894901,3.773322920466301,11903100
2019-12-23,3.8021819591522217,3.8310409978381417,3.766107988781382,4322500
2019-12-24,3.816610813140869,3.8526847772228914,3.7877517794859785,2204000
2019-12-26,3.7877516746521,3.838255154163779,3.7877516746521,945600
2019-12-27,3.823826313018799,3.823826313018799,3.780537412062988,4124100
2019-12-30,3.8310413360595694,3.83104133605957,3.794967706530868,6991600
2019-12-31,3.715603828430176,3.831039951650337,3.715603828430176,9756100
2020-01-02,3.751678228378296,3.766107746794103,3.730034122768014,5601200
2020-01-03,3.7661073207855225,3.7805368375691137,3.758892734407136,6371800
2020-01-06,3.7661073207855225,3.7661073207855225,3.722818770434748,6006500
2020-01-07,3.816610813140869,3.816610813140869,3.751677815403956,6635100
2020-01-08,3.730034351348877,3.787752428549135,3.715604832048813,5429100
2020-01-09,3.7805371284484863,3.7805371284484863,3.744463505727366,5845600
2020-01-10,3.751678228378296,3.787752196431241,3.751678228378296,5870500
2020-01-13,3.751678228378296,3.766107746794103,3.730034122768014,5772300
2020-01-14,3.737247943878174,3.773321904536453,3.701174327246679,7388100
2020-01-15,3.737247943878174,3.7661069747940834,3.708388912962264,5793300
2020-01-16,3.730034351348877,3.737248938985471,3.715604832048813,3011800
2020-01-17,3.7228188514709473,3.737248368568632,3.7083893343732623,7310000
2020-01-20,3.693959951400757,3.737248504265589,3.693959951400757,2781400
2020-01-21,3.7011754512786874,3.708390039185312,3.6867459314385447,3003600
2020-01-22,3.629026412963867,3.730033011790033,3.6001670407010664,20132100
2020-01-23,3.6434576511383057,3.665101760543792,3.621813197705903,4685100
2020-01-24,3.6506712436676025,3.6651007606770873,3.636241726658119,8446200
2020-01-28,3.578524589538574,3.636242672591308,3.578524589538574,14726800
2020-01-29,3.6001687049865723,3.6218131581827793,3.5713096634095707,15104400
2020-01-30,3.5713090896606445,3.607383057849886,3.556879571190319,13176000
2020-01-31,3.556879997253418,3.607383489962577,3.528020956855869,20814900
2020-02-03,3.4991605281829834,3.556878586078715,3.4991605281829834,8885800
2020-02-04,3.5496647357940674,3.556879322511394,3.499161252665447,10752000
2020-02-05,3.5929534435272217,3.600168030556486,3.520805853100339,12930100
2020-02-06,3.621813058853149,3.650672099638681,3.5857390858577847,8958300
2020-02-07,3.715603828430176,3.715603828430176,3.614597220612535,11265800
2020-02-10,3.657886505126953,3.701175060071864,3.643456986811983,8937500
2020-02-11,3.6651010513305664,3.70117501872846,3.6506715331767774,9880400
2020-02-12,3.5713090896606445,3.715604618390754,3.5640945024389104,30202900
2020-02-13,3.520805597305298,3.5785236654534467,3.506376080268261,17693500
2020-02-14,3.513591766357422,3.5424508094629794,3.5063771775944983,7716300
2020-02-17,3.5496647357940674,3.556879322511394,3.520805700871094,5769900
2020-02-18,3.578524589538574,3.578524589538574,3.520806506485841,9504700
2020-02-19,3.5713090896606445,3.5857386081309697,3.549664983968585,6247500
2020-02-20,3.5929534435272217,3.600168030556486,3.5640944073564684,7883800
2020-02-21,3.607382535934448,3.607382535934448,3.5640939867864514,9030800
2020-02-24,3.506376028060913,3.5568791649251774,3.4703020639920235,29125200
2020-02-25,3.5352354049682617,3.5568795102897326,3.470302400950147,13372900
2020-02-26,3.542449474334717,3.585738022677855,3.4919463399477904,18624300
2020-02-27,3.506376028060913,3.5496645785274903,3.4630874775943363,18558400
2020-02-28,3.4775171279907227,3.5063761627436056,3.405369197081684,28497100
2020-03-02,3.3187923431396484,3.427013903638879,3.3115777559206903,34213200
2020-03-03,3.246644735336304,3.369295813715528,3.19614124893696,36347300
2020-03-04,3.275503158569336,3.326006635508497,3.2394291973232505,26463500
2020-03-05,3.246644735336304,3.318792327316184,3.246644735336304,23534600
2020-03-06,3.2033560276031494,3.23942964986182,3.181711579026476,18579700
2020-03-09,3.0302016735076904,3.1744972042627806,3.0302016735076904,25323700
2020-03-10,3.138422966003418,3.1817115183037674,3.030201413239128,36999500
2020-03-11,3.1672818660736084,3.261073897412743,3.160067279677346,20494900
2020-03-12,3.080704689025879,3.145637685121677,3.0734901028079067,18835300
2020-03-16,2.6724188327789307,2.85058010009668,2.6724188327789307,34278200
2020-03-17,2.590761661529541,2.739229413514398,2.3235198495466456,61147600
2020-03-18,2.486834049224853,2.657571928340419,2.44971715745784,28422400
2020-03-19,2.3309431076049805,2.590761527385123,2.2938260387901304,36543200
2020-03-20,2.702112436294556,2.702112436294556,2.3680600488946046,43784600
2020-03-23,2.442293882369995,2.538797982031938,2.4126003677008767,30110300
2020-03-24,2.5536446571350098,2.5759147924197143,2.501680831150064,16792100
2020-03-25,2.61303186416626,2.7466528620461577,2.509104559027584,30264900
2020-03-26,2.5981850624084477,2.672418850539478,2.5536447895298284,16924500
2020-03-27,2.650148630142212,2.69468907859708,2.635301872986358,23910700
2020-03-30,2.605608463287353,2.62787859991526,2.561068190031542,9842100
2020-03-31,2.6724188327789307,2.7095359035850826,2.6353019389600894,21887400
2020-04-01,2.620454788208008,2.7021121193432984,2.5684911446592764,15962300
2020-04-02,2.61303186416626,2.63530200098169,2.583338348412352,14289900
2020-04-03,2.5981850624084477,2.6278785776608595,2.5833383047822407,15139800
2020-04-06,2.5981850624084477,2.620455198847756,2.5684915471560346,20801600
2020-04-07,2.6427249908447266,2.672418502227004,2.6204548573080184,17923000
2020-04-08,2.61303186416626,2.63530200098169,2.5981851062893058,15139700
2020-04-09,2.627878427505493,2.6501485626723005,2.6130316707276213,15025400
2020-04-10,2.61303186416626,2.6278786220432133,2.5981851062893058,9066600
2020-04-13,2.5981850624084477,2.620455198847756,2.590761683595344,5813800
2020-04-14,2.650148630142212,2.657572008720139,2.598184980096723,14146600
2020-04-15,2.6427249908447266,2.7095355684421394,2.6427249908447266,21855300
2020-04-16,2.6353018283843994,2.687265477550413,2.6353018283843994,14557300
2020-04-17,2.6946892738342285,2.709536032065768,2.66499558038383,18093300
2020-04-20,2.7986161708831787,2.843156439043504,2.7318057686426904,23333300
2020-04-21,2.679841995239258,2.7763460883662283,2.672418617074668,28837600
2020-04-22,2.590761661529541,2.635301934028805,2.575914904029786,44740200
2020-04-23,2.590761661529541,2.65014869152856,2.590761661529541,23144500
2020-04-24,2.5981850624084477,2.6278785776608595,2.5833383047822407,12710600
2020-04-27,2.61303186416626,2.6204552431047365,2.5981851062893058,5578700
2020-04-28,2.53137469291687,2.627878619005516,2.516527935057079,36432300
2020-04-29,2.501680612564087,2.5387976784494355,2.4942572347844747,29290200
2020-04-30,2.561068296432495,2.561068296432495,2.509104642141857,29870400
2020-05-04,2.53137469291687,2.553644829706557,2.5091045561271828,16142100
2020-05-05,2.5462214946746826,2.575915010906196,2.51652797844317,19961300
2020-05-06,2.53137469291687,2.5610682086364536,2.53137469291687,14952100
2020-05-08,2.5536446571350098,2.56849141399148,2.531374521850305,14385100
2020-05-12,2.53137469291687,2.5610682086364536,2.5239513139869745,14157600
2020-05-13,2.5981850624084477,2.6130318200346534,2.523951274277416,28897600
2020-05-14,2.53137469291687,2.590761724356037,2.5239513139869745,22382500
2020-05-15,2.5684914588928223,2.5759148374508296,2.538797944660793,14912100
2020-05-18,2.5684914588928223,2.583338216008837,2.561068080334815,8470900
2020-05-19,2.583338022232056,2.613031534236768,2.5684912662296995,17859700
2020-05-20,2.583338022232056,2.583338022232056,2.5684912662296995,14253600
2020-05-21,2.6427249908447266,2.650148368690296,2.5759145902346026,15312500
2020-05-22,2.5759146213531494,2.642725022770382,2.568491243417901,17140500
2020-05-27,2.5387978553771973,2.568491368564975,2.523951098783308,23984800
2020-05-28,2.605608463287353,2.605608463287353,2.5536448111555736,23118600
2020-05-29,2.7986161708831787,2.7986161708831787,2.598184787174421,152250200
2020-06-03,2.850579738616944,2.909966938183557,2.7318056934582926,52843700
2020-06-04,2.939660787582397,2.947084166258623,2.858003445156604,41446700
2020-06-05,2.939660787582397,2.969354302287301,2.858003445156604,18445400
2020-06-09,2.9990477561950684,3.058434784400973,2.976777797605159,31185900
2020-06-10,3.0064713954925537,3.028741354703083,2.9693543248421785,16010400
2020-06-11,2.9322378635406494,3.013895041639829,2.880274204750262,19478800
2020-06-12,2.828309774398804,2.843156530932081,2.761499369999056,23269100
2020-06-15,2.6946892738342285,2.8134633396865456,2.6575722012680605,32366000
2020-06-16,2.7689225673675537,2.791192700712526,2.7392290562409234,13024200
2020-06-17,2.783769369125366,2.813462880744737,2.754075857505996,8544500
2020-06-18,2.746652603149414,2.783769494343197,2.724382468433144,10129300
2020-06-19,2.7318058013916016,2.791192826317301,2.7318058013916016,15872200
2020-06-22,2.739229202270508,2.739229202270508,2.716959067738304,7055500
2020-06-23,2.702112436294556,2.7540760859384976,2.6872655022661247,7371600
2020-06-24,2.687265157699585,2.709535467393035,2.6798417801308623,13463400
2020-06-25,2.650148630142212,2.6872655230318467,2.650148630142212,6362400
2020-06-26,2.657572031021118,2.6649954096613384,2.642725273740678,7548000
2020-06-29,2.620454788208008,2.657571676457102,2.598184655258552,9272400
2020-06-30,2.6427249908447266,2.650148368690296,2.6204548573080184,12523800
2020-07-01,2.679841995239258,2.6872653734038483,2.6278783480871257,6142900
2020-07-02,2.739229202270508,2.739229202270508,2.6724186216866,7842200
2020-07-03,2.746652603149414,2.7763461161044405,2.716959090194388,6229800
2020-07-06,2.746652603149414,2.768922737865684,2.724382468433144,4626100
2020-07-07,2.746652603149414,2.768922737865684,2.7318058466719006,11357900
2020-07-08,2.820886850357056,2.820886850357056,2.731806296813461,12119000
2020-07-09,2.791193008422852,2.880273728610581,2.783769629822816,17697100
2020-07-10,2.828309774398804,2.828309774398804,2.761499369999056,10079400
2020-07-13,2.820886850357056,2.85058036820492,2.791193332509191,6470600
2020-07-14,2.7540760040283203,2.820886408726351,2.7466526257285397,7804000
2020-07-15,2.7243824005126958,2.7763460468885075,2.7243824005126958,9214100
2020-07-16,2.7243824005126958,2.746652534673758,2.716959022459008,3140100
2020-07-17,2.679841995239258,2.7169590630495057,2.679841995239258,11145800
2020-07-20,2.620454788208008,2.6798418094065584,2.620454788208008,10343000
2020-07-21,2.6649951934814453,2.672418571519493,2.627878303291204,8624900
2020-07-22,2.6353018283843994,2.7021124114422923,2.6353018283843994,7242200
2020-07-23,2.716958999633789,2.716958999633789,2.642725042733262,7731900
2020-07-24,2.650148630142212,2.7095358357529338,2.642725251564285,5443200
2020-07-27,2.650148630142212,2.67984214445392,2.642725251564285,2556600
2020-07-28,2.6649951934814453,2.6649951934814453,2.635301681329252,8840000
2020-07-29,2.6724188327789307,2.6724188327789307,2.605608423905016,9963300
2020-07-30,2.6649951934814453,2.6649951934814453,2.6056081691770587,13720300
2020-08-03,2.5684914588928223,2.6204551087988737,2.561068080334815,15792300
2020-08-04,2.5684914588928223,2.598184973124852,2.561068080334815,9507100
2020-08-05,2.5462214946746826,2.575915010906196,2.5387981156168045,8558100
2020-08-06,2.561068296432495,2.561068296432495,2.531374779694988,9050000
2020-08-07,2.5536446571350098,2.583338170847949,2.5387979002785404,6673100
2020-08-10,2.561068296432495,2.561068296432495,2.5387981588793647,4159300
2020-08-11,2.5536446571350098,2.5610680355632445,2.5387979002785404,6046200
2020-08-12,2.627878427505493,2.642725184283365,2.5387978868382635,11410300
2020-08-13,2.6724188327789307,2.7095359035850826,2.642725317723857,12945500
2020-08-14,2.6353018283843994,2.687265477550413,2.620455071479824,9494400
2020-08-17,2.650148630142212,2.664995387298066,2.620455115830504,5672000
2020-08-18,2.5981850624084477,2.672418850539478,2.5833383047822407,10239300
2020-08-19,2.5684914588928223,2.6204551087988737,2.5684914588928223,9923900
2020-08-21,2.5462214946746826,2.583338389964074,2.5462214946746826,9626800
2020-08-24,2.5239510536193848,2.5610679444399325,2.5239510536193848,15014100
2020-08-25,2.5165276527404785,2.5387977870317915,2.5165276527404785,16036900
2020-08-26,2.501680612564087,2.5313743006698237,2.4942572347844747,15641600
2020-08-27,2.501680612564087,2.546221056229048,2.4942572347844747,11668400
2020-08-28,2.4497170448303223,2.509104245914476,2.4497170448303223,31752800
2020-09-01,2.37548303604126,2.46456356361151,2.37548303604126,27893100
2020-09-02,2.4348702430725098,2.4348702430725098,2.3903299758364533,13134900
2020-09-03,2.4126007556915283,2.464564414719199,2.3977539959693366,11404500
2020-09-04,2.4200239181518555,2.4200239181518555,2.390330401374964,8273600
2020-09-07,2.405177116394043,2.434870632635511,2.390330358273309,6738400
2020-09-08,2.3977532386779785,2.420023371227607,2.37548310612835,12438700
2020-09-09,2.37548303604126,2.390329790636301,2.368059658743739,13095300
2020-09-10,2.360636949539185,2.397753846531385,2.345790190742304,21762800
2020-09-11,2.35321307182312,2.368059827476044,2.3383663161701964,12431600
2020-09-14,2.338366270065308,2.360636403105599,2.3309428923852105,12048300
2020-09-15,2.3977532386779785,2.4125999937110643,2.338366218545636,13110400
2020-09-17,2.360636949539185,2.412600605328265,2.3309434319454243,20332800
2020-09-18,2.345789670944214,2.375483181958258,2.345789670944214,19352500
2020-09-21,2.316096305847168,2.3754835131421568,2.316096305847168,11208200
2020-09-22,2.316096305847168,2.338366619199858,2.308672927058708,12973600
2020-09-23,2.3012495040893555,2.3457899529523085,2.3012495040893555,10088600
2020-09-24,2.2641327381134038,2.308673012492399,2.2641327381134038,19302800
2020-09-25,2.2715559005737305,2.301249413994987,2.264132522218416,9931200
2020-09-28,2.2789793014526367,2.3012494367386798,2.2789793014526367,5471600
2020-09-29,2.29382586479187,2.353213064198431,2.286402486989461,14508400
2020-09-30,2.286402940750122,2.330943393391385,2.286402940750122,11661000
2020-10-01,2.286402940750122,2.3012496993014357,2.278979561474465,5904100
2020-10-02,2.2715559005737305,2.2938260356396727,2.2715559005737305,4944800
2020-10-05,2.2715559005737305,2.2864026572843588,2.264132522218416,8750300
2020-10-06,2.2641327381134038,2.301249633429233,2.2641327381134038,10687300
2020-10-07,2.249285936355591,2.278979452032262,2.249285936355591,10065400
2020-10-08,2.308673143386841,2.308673143386841,2.256709486998505,5657200
2020-10-09,2.345789670944214,2.345789670944214,2.278979094175328,6604700
2020-10-12,2.3012495040893555,2.3383665743063675,2.286402746797474,8128300
2020-10-13,2.308673143386841,2.323520079342264,2.286403004934697,5621800
2020-10-14,2.2641327381134038,2.301249633429233,2.2641327381134038,14004700
2020-10-15,2.2641327381134038,2.293826254366067,2.2641327381134038,8682800
2020-10-16,2.2641327381134038,2.278979496239735,2.2567093590502374,9838700
2020-10-19,2.2715559005737305,2.2789792789290444,2.256709143863102,6830500
2020-10-20,2.256709098815918,2.2715558552301838,2.249285720608785,12813400
2020-10-21,2.249285936355591,2.278979452032262,2.249285936355591,10307500
2020-10-22,2.249285936355591,2.2641326941939264,2.249285936355591,14501500
2020-10-23,2.2641327381134038,2.278979496239735,2.2492859799870715,12179300
2020-10-26,2.256709098815918,2.2715558552301838,2.249285720608785,4745900
2020-10-27,2.256709098815918,2.2641324770230504,2.249285720608785,8895100
2020-10-28,2.227015495300293,2.256709006919664,2.227015495300293,14915300
2020-10-30,2.1898984909057617,2.234438755998475,2.1898984909057617,23545800
2020-11-02,2.1527819633483887,2.1973222358897817,2.1527819633483887,11969700
2020-11-03,2.1898984909057617,2.2195920009675705,2.160204980843953,11505400
2020-11-04,2.2047457695007324,2.22701590733561,2.19732239022244,4086900
2020-11-05,2.2715559005737305,2.2715559005737305,2.219592252086532,8306600
2020-11-06,2.3012495040893555,2.3012495040893555,2.264132610859652,9453400
2020-11-09,2.2715559005737305,2.301249413994987,2.249285765507788,8623900
2020-11-10,2.5091047286987305,2.5165281081391924,2.316096509272065,66061600
2020-11-11,2.4497170448303223,2.501680690915076,2.397753398745569,25303000
2020-11-12,2.5165276527404785,2.523951030837583,2.420023560490828,26612700
2020-11-13,2.5536446571350098,2.56849141399148,2.4794106958653592,18491800
2020-11-16,2.7986161708831787,2.820886304963341,2.5462211409873747,60475200
2020-11-17,2.820886850357056,2.939661098735842,2.798616711971157,59741400
2020-11-18,2.7614996433258057,2.8134632963355166,2.716959369317482,31027300
2020-11-19,2.702112436294556,2.7466527074179345,2.6872655022661247,15792000
2020-11-20,2.702112436294556,2.7392293288973715,2.6353018526221827,19275500
2020-11-23,2.702112436294556,2.7169591933356823,2.6649953667044355,11844900
2020-11-24,2.702112436294556,2.7540760859384976,2.6946890577739926,13545700
2020-11-25,2.806039810180664,2.813463188898577,2.724382644283624,25201100
2020-11-26,2.828309774398804,2.85057990919872,2.768922748265694,14231000
2020-11-27,2.843156576156616,2.8876970234522275,2.7911929274635883,20219100
2020-11-30,2.6946892738342285,2.7837698232234662,2.6946892738342285,55924500
2020-12-01,2.783769369125366,2.8060395028398943,2.709535590076939,20447400
2020-12-02,2.8134634494781494,2.8283102082890634,2.761499793639949,17979200
2020-12-03,2.850579738616944,2.850579738616944,2.7763459603927867,17837300
2020-12-04,2.895120143890381,2.9322370325069684,2.8208861896699204,25595100
2020-12-07,2.924814462661743,2.939661222209278,2.8580038677105013,10433800
2020-12-08,2.9173903465271,2.939660480227332,2.895120212826867,14291400
2020-12-09,3.0064713954925537,3.013894597237857,2.880273780050822,27629900
2020-12-10,3.177208662033081,3.199478616888765,2.9767772984591763,43035600
2020-12-11,3.3034067153930664,3.325677029728309,3.16236268917687,56997700
2020-12-14,3.325676441192627,3.526107818841475,3.2662894187743867,31548900
2020-12-15,3.3405234813690186,3.4444507794542765,3.2365961832837606,31244800
2020-12-16,3.3405234813690186,3.4592975363235987,3.3108299676303736,17651400
2020-12-17,3.266289472579956,3.3776403184357258,3.2365959608816945,19632700
2020-12-18,3.2514431476593018,3.2959834211098173,3.147515488966804,23804000
2020-12-21,3.192055940628052,3.2662897256247163,3.162362426629386,10612500
2020-12-22,3.0584349632263184,3.192056138476985,3.0435882053067584,19321100
2020-12-23,3.1252455711364746,3.169785845184248,3.0064715070090786,17585900
2020-12-24,3.1103992462158203,3.1772098435775744,3.1029756891868776,6040800
2020-12-28,3.192055940628052,3.2514429686253834,3.117821801656779,8443200
2020-12-29,3.2291722297668457,3.236595784273628,3.1697852096108354,7081900
2020-12-30,3.2514431476593018,3.2514431476593018,3.192056116391947,7868600
2020-12-31,3.192055940628052,3.2514429686253834,3.1697856281417485,14380500
2021-01-04,3.177208662033081,3.2143253714507374,3.080704580392984,4899600
2021-01-05,3.192055940628052,3.192055940628052,3.132668558656112,9084800
2021-01-06,3.088127851486206,3.184631935338789,3.051011141217599,14235600
2021-01-07,3.0732812881469727,3.088128043974752,2.939660485696958,30991500
2021-01-08,3.051011323928833,3.065858079720292,2.9693539900885164,21430800
2021-01-11,2.9990477561950684,3.021318068759588,2.947084106514902,15775000
2021-01-12,2.909967422485352,2.984201213064134,2.835733454919252,29704600
2021-01-13,3.021317958831787,3.021317958831787,2.8951203514985155,26865200
2021-01-14,3.0732812881469727,3.1178215556303104,3.0287410206636345,20754200
2021-01-15,3.043588161468506,3.073281676879936,3.013894646057077,12083800
2021-01-18,2.9693539142608643,3.021317735191275,2.9545071588485428,13575300
2021-01-19,2.9693539142608643,2.9990474250855077,2.9545071588485428,11771500
2021-01-20,2.9990477561950684,3.043588027349497,2.95450748504064,24341900
2021-01-21,2.9693539142608643,3.0287409359101503,2.9545071588485428,11380600
2021-01-22,2.954507350921631,2.976777662475196,2.947083972732875,9614700
2021-01-25,2.850579738616944,2.9173903160059727,2.8357329829721123,16352700
2021-01-26,2.872849941253662,2.9173903862478423,2.8580031852513663,13133100
2021-01-27,2.924814462661743,2.954507981756813,2.880274184019138,18499000
2021-01-29,2.850579738616944,2.93966044947322,2.820886227327281,19797100
2021-02-02,2.865427017211914,2.9099674692624795,2.828310121325876,8456800
2021-02-03,2.895120143890381,2.9545071656769206,2.8505797005631903,16422000
2021-02-04,2.9322378635406494,2.9322378635406494,2.880274204750262,6882300
2021-02-05,2.8876969814300537,2.954507385920284,2.8728500478893704,12040500
2021-02-08,2.9322378635406494,2.9396612433678477,2.8951209644046583,6330300
2021-02-09,3.013894557952881,3.0213181135760405,2.932237392958508,11632400
2021-02-10,3.1103992462158203,3.1103992462158203,3.01389512868766,12500200
2021-02-11,3.1103992462158203,3.117822449270081,3.0584354089372687,8721000
2021-02-15,3.1326680183410645,3.1697850814248394,3.110398063670438,10737900
2021-02-16,3.177208662033081,3.184631862326792,3.095551334954957,7145200
2021-02-17,3.162362575531006,3.1772093332294067,3.1178219484611787,8067400
2021-02-18,3.0658583641052246,3.177209219857217,3.0658583641052246,11474900
2021-02-19,3.1549386978149414,3.1549386978149414,3.02874109326641,9284200
2021-02-22,3.088127851486206,3.1549384255340804,3.0881278514862056,8606700
2021-02-23,3.1103992462158203,3.1326692093532835,3.1029756891868776,9539700
2021-02-24,3.1252455711364746,3.169785845184248,3.117822015141196,19414200
2021-02-25,3.2143261432647705,3.251443215569413,3.1400923526301203,21149500
2021-02-26,3.2143261432647705,3.2143261432647705,3.1326687965793374,26961600
2021-03-01,3.1326680183410645,3.214325344740641,3.117821263902464,21193400
2021-03-02,3.177208662033081,3.199478616888765,3.1475147989345857,11664400
2021-03-03,3.1846320629119877,3.199478818409088,3.147514997181949,11025800
2021-03-04,3.2440199851989746,3.266290301612495,3.1623629842902985,20180500
2021-03-05,3.333099842071533,3.340523397306688,3.2143257901058333,19266400
2021-03-08,3.399910688400269,3.429604203707069,3.34794721360068,20162100
2021-03-09,3.4518747329711914,3.4518747329711914,3.3479474229002912,17221400
2021-03-10,3.444450855255127,3.4667211680365084,3.4296040980590767,10962900
2021-03-11,3.414757013320923,3.444450524864833,3.377640300878324,9348400
2021-03-12,3.3182530403137207,3.4073339320474982,3.310829839154417,15236200
2021-03-15,3.3627936840057373,3.407333953161328,3.340523372440645,12405500
2021-03-16,3.377640724182129,3.3999106836437614,3.34794720891687,6559200
2021-03-17,3.3479466438293457,3.3776401540827465,3.310829579025312,4276100
2021-03-18,3.377640724182129,3.3924874818147583,3.340523653113243,10422200
2021-03-19,3.399910688400269,3.399910688400269,3.3405236577866675,15092900
2021-03-22,3.3405234813690186,3.39248730739895,3.3405234813690186,7140800
2021-03-23,3.325676441192627,3.362793507191314,3.310829685588067,7274000
2021-03-24,3.3767786026000977,3.3767786026000977,3.264219244283494,9419400
2021-03-25,3.346763134002685,3.376778917981657,3.316747350023713,6658600
2021-03-26,3.3317549228668213,3.3542665797864903,3.309242908130817,8566200
2021-03-29,3.3317549228668213,3.3392586892345992,3.2867312512111484,9103200
2021-03-30,3.346763134002685,3.3692747930787297,3.309243225120786,7936200
2021-03-31,3.2567155361175537,3.354266647773936,3.2342035209252544,19284900
2021-04-01,3.27172327041626,3.294234926714996,3.2417074901403944,5543500
2021-04-02,3.309243440628052,3.316747566019669,3.2567159941523003,4834000
2021-04-05,3.2642197608947754,3.301739672210506,3.2642197608947754,4329700
2021-04-06,3.2266995906829834,3.286731151061329,3.2116917005883967,9966000
2021-04-07,3.2642197608947754,3.279227653857789,3.2267002073954383,9423800
2021-04-08,3.2041878700256348,3.271723560543367,3.196684103199418,9727200
2021-04-09,3.2191951274871826,3.249210904513278,3.204187238974135,6150600
2021-04-12,3.1891798973083496,3.241707695019078,3.1741720062219057,10118000
2021-04-13,3.1741719245910645,3.219195596692514,3.166667800332654,6382500
2021-04-14,3.2116918563842773,3.2116918563842773,3.166667826100124,4941100
2021-04-15,3.2266995906829834,3.2266995906829834,3.1891796865383557,4079000
2021-04-16,3.2191951274871826,3.249210904513278,3.204187238974135,6131000
2021-04-19,3.181675434112549,3.2191953367421906,3.1741716682764065,5313200
2021-04-20,3.2191951274871826,3.2417071391648977,3.1741714619480392,7556900
2021-04-21,3.166667938232422,3.2041878455256887,3.166667938232422,5671100
2021-04-22,3.181675434112549,3.1966836814174533,3.15165965513536,5004000
2021-04-23,3.144155740737915,3.181675283778449,3.1366516174400325,6811600
2021-04-26,3.129148483276367,3.1591642668911133,3.099132699661621,15595200
2021-04-27,3.0991320610046387,3.1291478384338505,3.076620049024584,10052700
2021-04-28,3.144155740737915,3.144155740737915,3.091627951101616,5982700
2021-04-30,3.1066365242004395,3.166668092541878,3.1066365242004395,9548200
2021-05-03,3.0991320610046387,3.106635826453796,3.061612160309977,5199500
2021-05-04,3.084124803543091,3.114140587115879,3.084124803543091,3688300
2021-05-05,3.046604871749878,3.106636438433996,3.039101104822544,7416200
2021-05-06,3.084124803543091,3.099132695329485,3.016589111596135,5709600
2021-05-07,3.1216437816619877,3.1441557941215668,3.0541084599158475,4760600
2021-05-10,3.0991320610046387,3.121643715168402,3.0916279377391898,6462500
2021-05-11,3.07662034034729,3.07662034034729,3.0090850136448424,5945800
2021-05-12,3.136651992797852,3.136651992797852,3.0691166641165357,8818200
2021-05-17,3.1891798973083496,3.1891798973083496,3.1141404418761285,10142100
2021-05-18,3.2191951274871826,3.22669925065185,3.166667338783372,10376600
2021-05-19,3.1516597270965576,3.219195410245417,3.1516597270965576,12839500
2021-05-20,3.1891798973083496,3.1891798973083496,3.136652099597621,9917200
2021-05-21,3.1216437816619877,3.1816753377991334,3.099132127018707,13615700
2021-05-24,3.1516597270965576,3.1516597270965576,3.0991322915952835,11824000
2021-05-25,3.1591639518737797,3.1741718421846343,3.1291481712520697,7800700
2021-05-27,3.166667938232422,3.2041878455256887,3.129148388755509,43740000
2021-05-28,3.2642197608947754,3.2942355468208024,3.1741724031166947,15160700
2021-05-31,3.2116918563842773,3.226699747206881,3.159164059596993,7490400
2021-06-01,3.339258909225464,3.361770925444563,3.2717235762008845,23007200
2021-06-02,3.406794309616089,3.4218021998771864,3.339258624532986,22487600
2021-06-03,3.3617711067199707,3.4067947837696035,3.3467632143700934,9070500
2021-06-04,3.339258909225464,3.361770925444563,3.331755142363337,8453400
2021-06-08,3.451817512512207,3.504345300214173,3.346762294924556,30592000
2021-06-09,3.489337921142578,3.5043458115592983,3.451818016192612,14993000
2021-06-10,3.4668259620666504,3.489337976960012,3.451818071409856,15450200
2021-06-11,3.43681001663208,3.4668257965123,3.4218021266919703,7328000
2021-06-14,3.4443140029907227,3.4668256580939145,3.399290334968032,9399900
2021-06-15,3.4668259620666504,3.4818338527234456,3.444314304989627,29038100
2021-06-16,3.474330425262451,3.5118499766567157,3.4518184081727945,11136200
2021-06-17,3.474330425262451,3.481834192414755,3.444314641020491,9484200
2021-06-18,3.451817512512207,3.4668254007390145,3.4218017360585926,24884200
2021-06-21,3.4443140029907227,3.451817768753018,3.4142982243089293,6431800
2021-06-22,3.451817512512207,3.4668254007390145,3.429305859080136,7772900
2021-06-23,3.451817512512207,3.4668254007390145,3.4368096242854,13386200
2021-06-24,3.5268571376800537,3.534361261093168,3.4368098036204784,23847400
2021-06-25,3.519353151321411,3.5643768155269564,3.489337375184381,16728300
2021-06-28,3.459321975708008,3.4968415210563903,3.4368099622459263,13229800
2021-06-29,3.459321975708008,3.474329865410624,3.4142983066001595,10597100
2021-06-30,3.459321975708008,3.4968415210563903,3.444314086005392,10073300
2021-07-01,3.4818334579467773,3.504345470287685,3.451817680036432,9311500
2021-07-02,3.4818334579467773,3.4893375813325127,3.4668255689916045,9714600
2021-07-05,3.459321975708008,3.4818336313537745,3.451817851948542,4294500
2021-07-06,3.4443140029907227,3.474329781672516,3.436809879412121,9168400
2021-07-07,3.451817512512207,3.451817512512207,3.4218017360585926,5667400
2021-07-08,3.3242509365081787,3.4368102992223086,3.2867313874810358,32770200
2021-07-09,3.369274377822876,3.384282625778997,3.3092428172636934,12689700
2021-07-12,3.38428282737732,3.391786593986046,3.339258796459571,3899800
2021-07-13,3.3767786026000977,3.3917864931878894,3.3617707120123064,8638700
2021-07-14,3.3992903232574463,3.4067940889938906,3.346762531837113,9976100
2021-07-15,3.406794309616089,3.4218021998771864,3.376778529093894,6375500
2021-07-16,3.3992903232574463,3.414298212546641,3.369274186862752,4313100
2021-07-19,3.421802043914795,3.44431405718853,3.3767783751836373,10250100
2021-07-21,3.3617711067199707,3.4368105684693586,3.3467632143700934,6965200
2021-07-22,3.4142985343933105,3.4142985343933105,3.361770738021478,6213600
2021-07-23,3.38428282737732,3.4142986094449204,3.369274578527172,2025600
2021-07-26,3.369274377822876,3.391786391940732,3.3392585975432847,5225400
2021-07-27,3.3992903232574463,3.4293061018358357,3.369274186862752,8010700
2021-07-28,3.38428282737732,3.4067944850198466,3.361770811918445,5131900
2021-07-29,3.4142985343933105,3.444314315801118,3.361770738021478,11148800
2021-07-30,3.339258909225464,3.399290833204275,3.3242510176848508,19504800
2021-08-02,3.354266405105591,3.354266405105591,3.3317547493582667,8263500
2021-08-03,3.406794309616089,3.414298433654802,3.3617706388327964,7631000
2021-08-04,3.38428282737732,3.4067944850198466,3.361770811918445,6059300
2021-08-05,3.4142985343933105,3.4293064250972143,3.384282752985503,5786400
2021-08-06,3.4142985343933105,3.4293064250972143,3.376778628725382,4301300
2021-08-09,3.391786575317383,3.4218023572197747,3.384282808749957,4841300
2021-08-11,3.43681001663208,3.564377260031176,3.39178634681175,16680800
2021-08-12,3.451817512512207,3.474329523760558,3.4142979708533288,7248900
2021-08-13,3.451817512512207,3.451817512512207,3.4218017360585926,3408300
2021-08-16,3.38428282737732,3.4518181581212484,3.3767787029522456,15123800
2021-08-17,3.451817512512207,3.489337411987365,3.406793847831785,9187600
2021-08-18,3.459321975708008,3.474329865410624,3.4368099622459263,10421700
2021-08-19,3.451817512512207,3.4668254007390145,3.4368096242854,1798500
2021-08-20,3.4818334579467773,3.5118492358571234,3.451817680036432,8666100
2021-08-23,3.511850118637085,3.519354243909145,3.4818343331816184,7701100
2021-08-24,3.624409437179565,3.624409437179565,3.5118500645470285,26751800
2021-08-25,3.646920680999756,3.661928570311841,3.6169049023755857,12686400
2021-08-26,3.684439897537232,3.684439897537232,3.6244083456303855,12432600
2021-08-27,3.669432640075684,3.69944842118669,3.639416858964677,9847700
2021-08-30,3.684439897537232,3.706951908410435,3.639416233607098,16728200
2021-09-01,3.669432640075684,3.744472092853199,3.6619288737061,13381200
2021-09-02,3.684439897537232,3.699447785513943,3.654424121583809,8523700
2021-09-03,3.7219605445861816,3.7294643111748287,3.6844406381939088,10236400
2021-09-06,3.7219605445861816,3.7294643111748287,3.6994485291875487,5153000
2021-09-07,3.684439897537232,3.721959796387147,3.676936132457013,4929700
2021-09-08,3.706951856613159,3.729463509355533,3.684439846054516,9362200
2021-09-09,3.624409437179565,3.714456792159042,3.586889884846308,18075000
2021-09-10,3.639416933059693,3.691944729981536,3.6094011513375936,7439000
2021-09-13,3.631913185119629,3.6394169516803743,3.601897403243958,5665700
2021-09-14,3.586889266967773,3.646920826613038,3.556873129328821,17701700
2021-09-15,3.6018967628479004,3.6244084163440418,3.571880986308858,24746600
2021-09-17,3.616905212402344,3.646920993599348,3.601897321803842,15008800
2021-09-20,3.6018967628479004,3.6244084163440418,3.586888874578379,6417900
2021-09-21,3.586889266967773,3.609400922926588,3.556873129328821,7138900
2021-09-22,3.6018967628479004,3.6169046511174217,3.5643768632659567,3794600
2021-09-23,3.65442419052124,3.65442419052124,3.6018967605200043,9014800
2021-09-24,3.609400510787964,3.654424175380895,3.6018967455972817,6351700
2021-09-27,3.609400510787964,3.631912521992569,3.6018967455972817,9144800
2021-09-28,3.635787487030029,3.6511287143682902,3.5667537927828072,8507500
2021-09-29,3.6894803047180176,3.6894803047180176,3.612776004717062,9187000
2021-09-30,3.666468858718872,3.681809717301172,3.6127756708033623,13216000
2021-10-01,3.605105638504028,3.674139696105737,3.5744239164043754,12336300
2021-10-04,3.605105638504028,3.6357873606036817,3.5744239164043754,9679400
2021-10-05,3.6204466819763184,3.6281172957652177,3.5667538484740087,5869000
2021-10-06,3.697150945663452,3.697150945663452,3.620446279325221,14843600
2021-10-07,3.727832794189453,3.743173654834061,3.6741395990558408,8192400
2021-10-08,3.758514404296875,3.781525511705604,3.727832683915264,7716000
2021-10-11,3.835218667984009,3.8582301409240927,3.766184614918712,23932800
2021-10-12,3.919593572616577,3.942604679751955,3.804536939674827,21163900
2021-10-13,3.9886279106140137,3.9886279106140137,3.896582735543309,14889100
2021-10-14,3.9272639751434326,3.980957170175519,3.881241393296631,13698600
2021-10-15,3.950275421142578,3.957945668518912,3.934934560634945,6651500
2021-10-18,4.065332889556885,4.080673753203117,3.9426056146319897,19201600
2021-10-20,4.1497063636779785,4.1497063636779785,4.057661206045792,16383800
2021-10-21,4.088343620300293,4.142036820924718,4.065332509857687,14952900
2021-10-22,4.01163911819458,4.088343425608867,3.9886276430928,11098500
2021-10-25,4.019309520721436,4.049991610622785,3.9962984104891768,4067100
2021-10-26,4.026979446411133,4.042320305862502,4.011638586959764,10068700
2021-10-27,4.049991130828857,4.119024819102361,4.034650270573084,19434600
2021-10-28,4.026979446411133,4.088342884216607,3.996297727508396,10398500
2021-10-29,4.003968715667725,4.049991668297648,3.965616742816132,18429000
2021-11-01,3.865900278091431,3.973286295328708,3.81220708659532,37678100
2021-11-02,3.904252767562866,3.911923014797638,3.865900434124131,18864600
2021-11-03,3.8889119625091553,3.927263930737019,3.8812413494106046,8523000
2021-11-05,3.8889119625091553,3.911923070294881,3.850559628526328,7939200
2021-11-08,3.8889119625091553,3.93493454383557,3.873571102067017,8609600
2021-11-09,3.850559949874878,3.896582535042109,3.8275484744137658,17742400
2021-11-10,3.835218667984009,3.8505595280257463,3.812207195043925,22063400
2021-11-11,3.8428893089294434,3.865900416282518,3.827548083020784,10249800
2021-11-12,3.865900278091431,3.88891175037689,3.8428891715609135,3724900
2021-11-15,3.8428893089294434,3.88891188939055,3.827548083020784,9268800
2021-11-16,3.850559949874878,3.85823056361358,3.835219088152468,5856800
2021-11-17,3.8889119625091553,3.8889119625091553,3.842889381182741,8396000
2021-11-18,3.8965823650360103,3.9119232260891055,3.888912117386952,7474700
2021-11-19,3.9119231700897217,3.942604891756702,3.873571200883483,5241300
2021-11-22,3.957946300506592,3.988628026420982,3.896582848677811,12553800
2021-11-23,3.98095703125,4.003968138492886,3.9579455582521583,13922500
2021-11-24,3.98095703125,3.9962978913302423,3.973286418332401,6851300
2021-11-25,3.9656167030334473,3.988627813362556,3.9656167030334473,7444400
2021-11-26,3.9119231700897217,3.965616365884424,3.904252922550463,14565800
2021-11-29,3.919593572616577,3.919593572616577,3.796866326793066,21717300
2021-11-30,3.973286628723145,3.973286628723145,3.8965823242603377,31050600
2021-12-01,3.8582301139831534,3.904252693787005,3.819877781269136,21585800
2021-12-02,3.957946300506592,3.957946300506592,3.84289001120514,18714800
2021-12-06,4.019309520721436,4.05766185878187,3.950275824269657,13630700
2021-12-07,4.065332889556885,4.065332889556885,4.003969069216917,12126000
2021-12-08,4.049991130828857,4.073002238335039,4.0269796575677175,8511800
2021-12-09,4.019309520721436,4.049991610622785,3.9119234862092234,6624900
2021-12-10,3.973286628723145,4.026979824724597,3.957945767830583,7196600
2021-12-13,4.019309520721436,4.080673334769132,3.973286934501916,9917900
2021-12-14,3.9426052570343018,4.034650796318124,3.934935008784404,9819600
2021-12-15,3.957946300506592,3.965616914862701,3.919594325991116,6064800
2021-12-16,4.01163911819458,4.042320841160295,3.965616533746008,8798200
2021-12-17,4.080673694610596,4.080673694610596,3.9809578994643418,21905000
2021-12-20,4.057661533355713,4.057661533355713,4.019309198371151,5673200
2021-12-21,4.088343620300293,4.0960142342845,4.034650785430875,7184100
2021-12-22,4.1266961097717285,4.1266961097717285,4.065332658671855,7368300
2021-12-23,4.111355304718018,4.126696167708364,4.088343827354986,5081700
2021-12-24,4.111355304718018,4.111355304718018,4.096014441727672,1082600
2021-12-27,4.134366035461426,4.142036649127482,4.103684312307184,3835500
2021-12-28,4.15737771987915,4.172718582228132,4.126695995181187,6387800
2021-12-29,4.165047645568848,4.165047645568848,4.119025062086621,4181400
2021-12-30,4.1497063636779785,4.180388082888707,4.11902464446725,5008500
2021-12-31,4.1803879737854,4.1803879737854,4.1190245369654575,6354000
2022-01-03,4.211069583892822,4.2187401961755056,4.1420359021233,2735700
2022-01-04,4.15737771987915,4.211070555223082,4.134366243478173,5021000
2022-01-05,4.1957292556762695,4.203399868928981,4.157377286677621,5979400
2022-01-06,4.165047645568848,4.211070229051074,4.134365923247363,7599100
2022-01-07,4.188059329986572,4.195729578073691,4.165047854215218,9173100
2022-01-10,4.3491387367248535,4.3491387367248535,4.180388883012294,20489200
2022-01-11,4.31078577041626,4.341467491036272,4.280104049796248,21994600
2022-01-12,4.264763355255127,4.333797412210949,4.249422494348831,7661000
2022-01-13,4.287774562835693,4.287774562835693,4.234081370125344,15464200
2022-01-14,4.249422550201416,4.287774885848731,4.234081689093486,6104700
2022-01-17,4.22641134262085,4.264763311616673,4.218740729368703,6480200
2022-01-19,4.088343620300293,4.218741131991748,4.049991647644281,19217600
2022-01-20,4.026979446411133,4.073002024765239,3.980956868057027,19177000
2022-01-21,4.065332889556885,4.080673753203117,4.011639683917553,4705400
2022-01-24,4.026979446411133,4.065331777917025,4.00396797435661,12089100
2022-01-25,4.026979446411133,4.042320305862502,3.9886271149052415,16942800
2022-01-26,4.0346503257751465,4.065332046706482,4.026979712664831,10180700
2022-01-27,4.026979446411133,4.05766116531387,4.00396797435661,7833700
2022-01-28,4.049991130828857,4.073002238335039,4.0269796575677175,8838200
2022-01-31,3.9886279106140137,4.065332588927948,3.9886279106140137,5570900
2022-02-03,4.042320728302002,4.049991341706768,3.973286670679024,7217100
2022-02-04,4.0346503257751465,4.057661433596166,4.011638852199163,6864600
2022-02-07,4.0346503257751465,4.057661433596166,4.011638852199163,10003500
2022-02-08,4.019309520721436,4.042320996708697,4.019309520721436,6310500
2022-02-09,4.142036437988281,4.218740741963903,4.00396832507719,17340400
2022-02-10,4.249422550201416,4.257093163632871,4.111354800230045,20952600
2022-02-11,4.257092952728272,4.280104060372662,4.203399758633091,12708400
2022-02-14,4.3031158447265625,4.326126954033796,4.234081785294883,12696100
2022-02-15,4.333797931671143,4.356809042911271,4.287775343435867,15214000
2022-02-16,4.333797931671143,4.364479657161327,4.287775343435867,17077400
2022-02-17,4.318456649780273,4.364479233548636,4.303115788524153,9737200
2022-02-18,4.295445442199707,4.318456918392717,4.272434331761703,9382800
2022-02-21,4.272434711456299,4.295445823939319,4.2417529843089135,8258700
2022-02-22,4.218740940093994,4.295445247671978,4.211070326458701,16849900
2022-02-23,4.257092952728272,4.280104060372662,4.211070005929567,12469400
2022-02-24,4.203400135040283,4.264763581926931,4.17271841159696,21262500
2022-02-25,4.3491387367248535,4.356808985118144,4.2110706080954845,16723400
2022-02-28,4.379820346832275,4.410502071110032,4.341468008607578,35876800
2022-03-01,4.057661533355713,4.379819976810113,4.042320672512883,71690400
2022-03-02,3.8582301139831534,4.096013625847193,3.835218641203753,66917400
2022-03-03,3.9119231700897217,3.9502755050509335,3.858230340049992,29069600
2022-03-04,3.8889119625091553,3.927263930737019,3.873571102067017,13352500
2022-03-07,3.7355029582977295,3.888911927076329,3.681810130116936,45950000
2022-03-08,3.6434576511383057,3.720161949590228,3.620446178725256,23378800
2022-03-09,3.750844240188599,3.773855716106076,3.666469681919521,16319800
2022-03-10,3.8582301139831534,3.881241221007604,3.796866308489735,14661000
2022-03-11,3.873570919036865,3.896582025735293,3.80453686743169,5690400
2022-03-14,3.8889119625091553,3.904252822951294,3.858230241624879,5886200
2022-03-15,3.904252767562866,3.92726387502214,3.85823018688936,10807100
2022-03-16,4.065332889556885,4.065332889556885,3.919594502040162,17713000
2022-03-17,4.203400135040283,4.234081858483607,4.088343489250322,27965000
2022-03-18,4.111355304718018,4.203400482660094,4.088343827354986,43937700
2022-03-21,4.103683948516846,4.126695421720061,4.088343088299688,10971400
2022-03-22,4.065332889556885,4.1190257294411765,4.042321411210017,8129500
2022-03-23,4.119025230407715,4.134366092195351,4.057661783257171,6007000
2022-03-24,4.142036437988281,4.1573772987834055,4.103684103122984,7809900
2022-03-25,4.217031955718994,4.217031955718994,4.130649818435621,7010200
2022-03-28,4.185620307922363,4.21703206309022,4.169914430338435,8540800
2022-03-29,4.177767276763916,4.224884906362374,4.138502398203051,5548000
2022-03-30,4.185620307922363,4.21703206309022,4.146355801191371,4172700
2022-03-31,4.185620307922363,4.21703206309022,4.146355801191371,12684100
2022-04-01,4.185620307922363,4.201326185506291,4.154208552754506,4562000
2022-04-04,4.1620612144470215,4.201325716797583,4.146355338615273,2789900
2022-04-05,4.138503074645996,4.162062080524788,4.130650322324862,5779500
2022-04-06,4.169913768768311,4.209178643727464,4.122796143491887,7370600
2022-04-07,4.201326370239258,4.201326370239258,4.138502857141185,8112000
2022-04-08,4.201326370239258,4.217032248513776,4.146355983507281,6397300
2022-04-11,4.185620307922363,4.193473433943157,4.1620616787753,9065400
2022-04-12,4.185620307922363,4.201326185506291,4.169914430338435,12078100
2022-04-13,4.146356105804443,4.240591378231032,4.130650227066679,17583500
2022-04-14,4.036413669586182,4.16206104560052,4.02070779439159,16416600
2022-04-15,3.997148990631104,4.028560739619916,3.9814431161366968,14336100
2022-04-18,3.9500322341918954,4.005002619759691,3.942179107992114,13323700
2022-04-20,3.997148990631104,4.01285486512551,3.942178242671888,32379700
2022-04-21,4.059972763061523,4.075678638617642,4.012855136393168,18623000
2022-04-22,4.059972763061523,4.099237264723015,4.028561011949287,14702500
2022-04-25,4.052120208740234,4.059973334853104,4.028561579316952,9139400
2022-04-26,4.07567834854126,4.091384222979551,4.0442665996646765,7169600
2022-04-27,4.044267177581787,4.075678930947042,4.044267177581787,7252300
2022-04-28,4.07567834854126,4.099236972969905,4.0442665996646765,18669800
2022-04-29,4.083531856536865,4.114943611244253,4.059973227735152,13641300
2022-05-05,4.012855529785156,4.240590934903248,3.973590649816804,16917600
2022-05-06,4.020708084106445,4.044267085824695,3.981443580519536,14255900
2022-05-09,4.005002021789551,4.020707897386466,3.97359027059572,9702300
2022-05-10,3.9892969131469727,4.028561796916859,3.9735910345305543,10781600
2022-05-11,4.005002021789551,4.020707897386466,3.9814433956229833,12691500
2022-05-12,3.965737819671631,4.020708201185514,3.9657378196716313,10653000
2022-05-13,3.9578843116760254,3.989296062208565,3.9578843116760254,7928500
2022-05-17,3.973590850830078,4.005002606610737,3.965738099113746,14032900
2022-05-18,3.981443881988525,4.00500251103297,3.97359075600194,10357300
2022-05-19,3.9578843116760254,3.9971491870705016,3.9578843116760254,9828100
2022-05-20,3.942178249359131,3.981443122890546,3.942178249359131,9919100
2022-05-23,3.934325933456421,3.989296313116947,3.918619682744697,8730000
2022-05-24,3.887207746505737,3.957884373537423,3.887207746505737,6636800
2022-05-25,3.887207746505737,3.9107667470021688,3.8793549959786655,8069600
2022-05-26,3.934325933456421,3.9500318097105183,3.879355179338268,6431500
2022-05-27,3.965737819671631,3.9657378196716313,3.9107670637001086,5607500
2022-05-30,3.965737819671631,3.9892964476182553,3.950031942888002,7459900
2022-05-31,4.044267177581787,4.044267177581787,3.934326040803394,35583000
2022-06-01,4.083531856536865,4.146355740409293,4.005002469768398,19638200
2022-06-02,4.067825794219971,4.091384796408114,4.036414040940869,9601100
2022-06-03,4.005002021789551,4.067825524177213,3.997149271219899,6437900
2022-06-07,3.973590850830078,4.020708484501067,3.9421790950494175,10162100
2022-06-08,3.981443881988525,4.00500251103297,3.9657380044730095,6992700
2022-06-09,3.981443881988525,3.997149759504041,3.957884878486424,9588100
2022-06-10,3.9578843116760254,3.981443311804232,3.934325686005423,5280800
2022-06-13,3.871501922607422,3.934325799949581,3.855796046886285,6990000
2022-06-14,3.9186198711395264,3.934326122606357,3.792972855066039,10907900
2022-06-15,3.895061254501343,3.942178885669789,3.8479436233328967,9365800
2022-06-16,3.942178249359131,3.95788412388018,3.926472374838082,6981600
2022-06-17,3.863649845123291,3.902914354038216,3.863649845123291,22398200
2022-06-20,3.8479435443878174,3.887208048993809,3.824384542058112,8533700
2022-06-21,3.895061254501343,3.895061254501343,3.8479436233328967,9368600
2022-06-22,3.8479435443878174,3.902913925727733,3.840090418792036,9702800
2022-06-23,3.8479435443878174,3.887208048993809,3.808678665324188,5686600
2022-06-24,3.8479435443878174,3.871502172259885,3.824384542058112,3673200
2022-06-27,3.863649845123291,3.879355723580797,3.824384961750686,3271900
2022-06-28,3.9264729022979736,3.94217877892886,3.847943519143541,7478900
2022-06-29,3.887207746505737,3.92647262251392,3.8793549959786655,6924200
2022-06-30,3.895061254501343,3.942178885669789,3.895061254501343,10363900
2022-07-01,3.9500322341918954,3.973590863875902,3.9029142259085448,6206400
2022-07-04,3.9500322341918954,3.965738112133789,3.9029142259085448,2431100
2022-07-05,3.965737819671631,3.973590570834626,3.950031942888002,9451900
2022-07-06,4.005002021789551,4.036413772983382,3.965737520026068,11460600
2022-07-07,3.997148990631104,4.036413489638327,3.997148990631104,15964400
2022-07-08,4.036413669586182,4.036413669586182,3.9892960440024057,9781000
2022-07-12,4.020708084106445,4.028561209498405,3.989296331453866,6184900
2022-07-13,3.997148990631104,4.01285486512551,3.9814431161366968,6926600
2022-07-14,4.005002021789551,4.005002021789551,3.965737520026068,6337300
2022-07-15,3.965737819671631,4.005002324401885,3.950031942888002,8314000
2022-07-18,3.997148990631104,4.01285486512551,3.9578841171662944,7179300
2022-07-19,4.005002021789551,4.005002021789551,3.9814433956229833,6475900
2022-07-20,3.997148990631104,4.01285486512551,3.9814431161366968,6873700
2022-07-21,4.052120208740234,4.06782608650831,4.012855701548876,10882900
2022-07-22,4.122796535491943,4.122796535491943,4.05997302915005,14679500
2022-07-25,4.09923791885376,4.107091045113777,4.067826162729031,4805700
2022-07-26,4.083531856536865,4.091384982442539,4.059973227735152,5617600
2022-07-27,4.09923791885376,4.09923791885376,4.059973410926685,8096000
2022-07-28,4.146356105804443,4.154208857944482,4.083532216395698,11645100
2022-07-29,4.0913848876953125,4.16206152137905,4.059973133715351,10193800
2022-08-01,4.122796535491943,4.130649661013497,4.091384782320996,5374500
2022-08-02,4.122796535491943,4.1385024120774165,4.107090658906469,7623600
2022-08-03,4.107091903686523,4.107091903686523,4.07568014099528,10993900
2022-08-04,4.122796535491943,4.1463555375989705,4.099237533384915,15568300
2022-08-05,4.122796535491943,4.1385024120774165,4.091384782320996,7333500
2022-08-08,4.146356105804443,4.162061984542208,4.107091221731188,10150400
2022-08-09,4.154208183288574,4.177767184798012,4.138502307101491,8504400
2022-08-10,4.1620612144470215,4.169913965134087,4.13850221347059,11934400
2022-08-11,4.217031955718994,4.23273783290303,4.162061572803692,18346700
2022-08-12,4.26414966583252,4.279855543305915,4.21703203341233,14378000
2022-08-15,4.26414966583252,4.279855543305915,4.224885159377856,9585200
2022-08-16,4.279855728149414,4.28770885445411,4.256297098150669,14470700
2022-08-17,4.279855728149414,4.28770885445411,4.264149849997693,7672200
2022-08-18,4.29556131362915,4.311267190710773,4.2641495594659045,14088800
2022-08-19,4.256296157836914,4.31126653199488,4.224884408473051,5483900
2022-08-22,4.169913768768311,4.240590393911746,4.162061018451039,19064400
2022-08-23,4.146356105804443,4.162061984542208,4.1227971004689525,12235000
2022-08-24,4.209178447723389,4.2484429463965565,4.154207700231855,8275100
2022-08-25,4.240591049194336,4.240591049194336,4.2013261681677285,10246700
2022-08-26,4.287708282470703,4.287708282470703,4.209178902187977,11172000
2022-08-29,4.240591049194336,4.279855555763287,4.169914413129506,8178000
2022-08-30,4.217031955718994,4.272002713091944,4.2091792043558005,20975600
2022-09-01,4.303414344787598,4.334826098260252,4.185620082036327,23854200
2022-09-02,4.31912088394165,4.334826763086767,4.295561877995128,13006100
2022-09-05,4.303414344787598,4.334826098260252,4.295561219190615,7475800
2022-09-06,4.287708282470703,4.326973159840877,4.272002406414158,6767000
2022-09-07,4.240591049194336,4.295561433282398,4.232737923205952,8491000
2022-09-08,4.240591049194336,4.279855555763287,4.17776753911789,18737200
2022-09-09,4.272003173828125,4.295561804916156,4.240591416072291,10673000
2022-09-12,4.29556131362915,4.319120316480408,4.272002685235539,7166500
2022-09-13,4.279855728149414,4.334826488909272,4.2484439718459726,12646900
2022-09-14,4.232737064361572,4.295560561690804,4.22488431442421,10681300
2022-09-15,4.217031955718994,4.295561341639174,4.2091792043558005,19373100
2022-09-19,4.256296157836914,4.279854782631016,4.217031283903291,27452700
2022-09-20,4.303414344787598,4.358385100593561,4.279855342454288,18244000
2022-09-21,4.279855728149414,4.303414732605831,4.2484439718459726,11981400
2022-09-22,4.2248854637146,4.272003099528876,4.193473706505082,18533000
2022-09-23,4.232737064361572,4.264148813026188,4.201325315696957,20998700
2022-09-26,4.1620612144470215,4.232737468461079,4.13850221347059,18672700
2022-09-27,4.122796535491943,4.193473167355391,4.122796535491943,23895100
2022-09-28,4.114744186401367,4.163058160821312,4.098639528261385,24457400
2022-09-29,4.146953582763672,4.17111037845747,4.130848924312691,16272300
2022-09-30,4.130849361419678,4.171110819824735,4.090587519049236,16287100
2022-10-03,4.122796535491943,4.171110512396299,4.098639739022444,23726900
2022-10-04,4.21137285232544,4.219424990783826,4.138901686372952,8281100
2022-10-05,4.235530376434326,4.26773970079033,4.219425330290891,11453300
2022-10-06,4.235530376434326,4.275791839896614,4.219425330290891,12125000
2022-10-07,4.227476596832275,4.267738432292996,4.219424076154003,11165100
2022-10-11,4.259685516357422,4.267738036288499,4.195266892769944,19735200
2022-10-12,4.267739295959473,4.332157938560832,4.235529974658792,19571900
2022-10-13,4.267739295959473,4.308000755602624,4.2516346353091325,18512900
2022-10-14,4.267739295959473,4.332157938560832,4.267739295959473,17287500
2022-10-17,4.267739295959473,4.299948617260153,4.219424930043055,10114500
2022-10-18,4.227476596832275,4.316052404466669,4.211371939441051,8968100
2022-10-19,4.3402099609375,4.3402099609375,4.227477339397216,11801600
2022-10-20,4.42878532409668,4.42878532409668,4.340209510104449,27429100
2022-10-21,4.452943325042725,4.469047986559688,4.420733618043379,17939700
2022-10-25,4.501256465911865,4.509308603178406,4.444889969184698,23365100
2022-10-26,4.4690470695495605,4.509308523097956,4.444889890248253,21893200
2022-10-27,4.509308815002441,4.517361336612594,4.469047358847771,16218000
2022-10-28,4.477099418640137,4.549570576009849,4.452942622160471,14088600
2022-10-31,4.444889545440674,4.541517487219418,4.412680231514425,23546400
2022-11-01,4.4126811027526855,4.452942945092436,4.388523920555759,18246100
2022-11-02,4.420732975006104,4.4770994740991465,4.380471519052811,16459900
2022-11-03,4.308000564575195,4.44489036601575,4.299948426589776,16853600
2022-11-04,4.324105262756348,4.356314582913664,4.29189594259903,20541700
2022-11-07,4.308000564575195,4.372419204320073,4.299948426589776,11920300
2022-11-08,4.36436653137207,4.36436653137207,4.29189537855955,14302300
2022-11-09,4.380471706390381,4.428785685979769,4.364367046527251,24822700
2022-11-10,4.4126811027526855,4.452942945092436,4.356314600270113,10916000
2022-11-11,4.444889545440674,4.485151379831139,4.412680231514425,14995400
2022-11-14,4.420732975006104,4.452942677320244,4.396576178227201,10710900
2022-11-15,4.356313705444336,4.412680196348727,4.348261569009598,12101300
2022-11-16,4.308000564575195,4.356314544383854,4.275791244702756,27101900
2022-11-17,4.356313705444336,4.36436622584438,4.307999734939989,17189400
2022-11-21,4.436838150024414,4.444890287868265,4.291895829181351,15033000
2022-11-22,4.436838150024414,4.460994947521343,4.420733106405964,7886400
2022-11-23,4.436838150024414,4.460994947521343,4.38852378709981,15401300
2022-11-24,4.72672176361084,4.750878943743478,4.452942564577934,48681700
2022-11-25,4.670355796813965,4.750879093179992,4.597884638101858,32906700
2022-11-29,4.686460018157959,4.742826128364329,4.654250702621368,31382800
2022-11-30,4.670355796813965,4.678407934467885,4.622041435028984,48765200
2022-12-01,4.630093097686768,4.710616379114349,4.613988441401252,14362300
2022-12-02,4.541517734527588,4.573727050207793,4.509308418847382,15988600
2022-12-05,4.541517734527588,4.557622392367691,4.485151624069894,16624100
2022-12-06,4.485152244567871,4.517361564704072,4.460995062483029,33423500
2022-12-07,4.557621955871582,4.605935924764728,4.477098674383007,42962400
2022-12-08,4.517361164093018,4.573727277349987,4.493203984150496,20605200
2022-12-09,4.549570560455322,4.565675219375159,4.5173612426156495,16241500
2022-12-12,4.622041702270508,4.6381467464402535,4.525413741044349,22960900
2022-12-13,4.63814640045166,4.670355718457683,4.597884560961452,7713900
2022-12-14,4.694512844085693,4.710617504217714,4.622041681508912,17031900
2022-12-15,4.630093097686768,4.686459586668721,4.622040577561363,17512200
2022-12-16,4.6542510986328125,4.694512554496572,4.605936737251724,18381700
2022-12-19,4.6542510986328125,4.718669735187117,4.646198577080844,9739400
2022-12-20,4.686460018157959,4.702564675926254,4.63009352398626,9363700
2022-12-21,4.662302970886231,4.702564808424037,4.654250833757873,5369600
2022-12-22,4.6542510986328125,4.678407895357996,4.638146439494236,5547900
2022-12-23,4.622041702270508,4.670356066848973,4.573727721657428,5539800
2022-12-27,4.549570560455322,4.64619851397434,4.501256583695813,23532200
2022-12-28,4.549570560455322,4.605936674692071,4.477099403333381,14995800
2022-12-29,4.670355796813965,4.678407934467885,4.501256682462625,8228700
2022-12-30,4.670355796813965,4.734774433906787,4.622041435028984,18255500
2023-01-03,4.589832305908203,4.670355989562864,4.573727645970347,5720400
2023-01-04,4.549570560455322,4.654251035416936,4.541518039012726,9812200
2023-01-05,4.613989353179932,4.646198672115905,4.557622853059294,15203100
2023-01-06,4.565675258636475,4.654251075439936,4.549570599578151,7522100
2023-01-09,4.597884654998779,4.605936792682291,4.565675336334001,14187700
2023-01-10,4.605936527252197,4.630093706841338,4.581779731628401,11432100
2023-01-11,4.646198272705078,4.6542507937295206,4.60593643551354,10322100
2023-01-12,4.630093097686768,4.670354930383205,4.630093097686768,9168700
2023-01-13,4.6542510986328125,4.670355757771389,4.6220413963903,10371500
2023-01-16,4.63814640045166,4.654251059454672,4.605936698480279,9620600
2023-01-17,4.646198272705078,4.646198272705078,4.622041093597088,6571500
2023-01-18,4.605936527252197,4.654250886430479,4.581779731628401,17261800
2023-01-19,4.581779956817627,4.630093934405142,4.54151811684535,18884300
2023-01-20,4.646198272705078,4.6542507937295206,4.613988956537981,10153400
2023-01-25,4.6542510986328125,4.66230323621942,4.613989258803692,7642700
2023-01-26,4.605936527252197,4.654250886430479,4.557622552039259,18411800
2023-01-27,4.622041702270508,4.64619888455974,4.573727721657428,10004800
2023-01-30,4.6542510986328125,4.670355757771389,4.581779940526539,14508500
2023-01-31,4.630093097686768,4.646197753972284,4.613988441401252,17045300
2023-02-02,4.589832305908203,4.630094147735534,4.565675507984109,16386800
2023-02-03,4.557621955871582,4.589831268467012,4.509307986978437,19969200
2023-02-07,4.493204116821289,4.565675274823362,4.469047320130839,17304400
2023-02-08,4.348261833190918,4.485151616586044,4.332157175377687,27002600
2023-02-09,4.324105262756348,4.380471765014344,4.308000602677689,20468400
2023-02-10,4.324105262756348,4.380471765014344,4.31605312469971,9083200
2023-02-13,4.380471706390381,4.41268102611664,4.340209864749868,11967400
2023-02-14,4.356313705444336,4.436837373583554,4.3402090486095535,8493300
2023-02-15,4.372418880462647,4.396576060560386,4.340209562975895,7518100
2023-02-16,4.372418880462647,4.404628197949397,4.356314221719271,13476200
2023-02-17,4.348261833190918,4.38047114881738,4.348261833190918,19114100
2023-02-20,4.36436653137207,4.372418668370499,4.348261873409881,12595400
2023-02-21,4.380471706390381,4.396576366253511,4.364367046527251,7625200
2023-02-22,4.404628276824951,4.444890116387051,4.380471480259978,16480500
2023-02-23,4.404628276824951,4.404628276824951,4.388523617793182,11705000
2023-02-24,4.404628276824951,4.420732935856719,4.380471480259978,9789700
2023-02-27,4.460994720458984,4.485151900691697,4.412680743958911,14955800
2023-02-28,4.517361164093018,4.525413301430293,4.428785349590902,24358600
2023-03-01,4.525413513183594,4.541518172577062,4.469047397289138,11177300
2023-03-02,4.493204116821289,4.509308775936709,4.469047320130839,8771800
2023-03-03,4.501256465911865,4.53346578290872,4.493203944679979,6808500
2023-03-06,4.501256465911865,4.54151792017526,4.477099286181552,6502600
2023-03-07,4.4690470695495605,4.509308523097956,4.444889890248253,7418800
2023-03-08,4.485152244567871,4.50930904268733,4.460995062483029,8212000
2023-03-09,4.42878532409668,4.509308616832641,4.412680665549488,7843500
2023-03-10,4.372418880462647,4.452942558144875,4.364366743073634,11699000
2023-03-13,4.3971686363220215,4.438418031004299,4.215672165163442,10023600
2023-03-14,4.265171051025391,4.397168479899666,4.265171051025391,18779400
2023-03-15,4.314670562744141,4.331170243173274,4.273421164979602,19090100
2023-03-16,4.248671531677246,4.273420853827215,4.215672173221699,10812500
2023-03-17,4.306419849395752,4.331169562843532,4.265170851493918,16934900
2023-03-20,4.248671531677246,4.306420212282763,4.232171852449473,8224100
2023-03-21,4.281671047210693,4.331170086709942,4.273421010602453,3416300
2023-03-22,4.289919853210449,4.331169241434584,4.27342017659746,13500600
2023-03-23,4.298170566558838,4.306420209475656,4.248671528907782,9582800
2023-03-24,4.281671047210693,4.331170086709942,4.26517136737761,11183500
2023-03-27,4.25692081451416,4.281670527953978,4.240421136682064,7911100
2023-03-28,4.298170566558838,4.306420209475656,4.2569211718246,5674800
2023-03-29,4.380668640136719,4.405418353831851,4.306419892434677,7074500
2023-03-30,4.413668155670166,4.438417870259858,4.314670084078133,12464800
2023-03-31,4.380668640136719,4.446667352145932,4.355919319824941,8557300
2023-04-03,4.372419357299805,4.405418716017409,4.347669641569908,3041000
2023-04-04,4.3971686363220215,4.413668315518256,4.355919635023127,3720200
2023-04-05,4.380668640136719,4.405418353831851,4.355919319824941,1957300
2023-04-06,4.339419841766357,4.405418556816536,4.3064200908578965,6147000
2023-04-07,4.25692081451416,4.331169561450265,4.25692081451416,6914500
2023-04-10,4.2734198570251465,4.2981695667854725,4.256920181646025,5560300
2023-04-11,4.306419849395752,4.355919276291312,4.273420493720946,8097300
2023-04-12,4.322919845581055,4.3476695608514495,4.265171165589097,9447200
2023-04-13,4.289919853210449,4.339419276432738,4.289919853210449,12037600
2023-04-14,4.314670562744141,4.331170243173274,4.289920845408735,6578400
2023-04-17,4.339419841766357,4.347669484455944,4.3064200908578965,5654700
2023-04-18,4.331169605255127,4.347669283254098,4.306419891564993,2452700
2023-04-19,4.306419849395752,4.322919527233156,4.281670529331322,7006500
2023-04-20,4.281671047210693,4.306420370268619,4.273421010602453,10528900
2023-04-25,4.25692081451416,4.273420492346256,4.232171494457692,9811700
2023-04-26,4.166173458099365,4.248671860625573,4.149673777594123,12020400
2023-04-27,4.18267297744751,4.232172017056052,4.149673617708482,11806600
2023-04-28,4.174421787261963,4.223920813191952,4.166172146298609,4936600
2023-05-02,4.199172496795654,4.2156721760344364,4.149673459079307,12502400
2023-05-03,4.18267297744751,4.215672337186538,4.149673617708482,14480800
2023-05-05,4.232172012329102,4.248671692180187,4.174422936158604,7619700
2023-05-08,4.25692081451416,4.281670527953978,4.232171494457692,7903500
2023-05-09,4.215672016143799,4.248671373369775,4.19917233753081,12551800
2023-05-10,4.141422748565674,4.223921131329269,4.141422748565674,17772400
2023-05-11,4.08367395401001,4.174422377743198,4.08367395401001,20247600
2023-05-12,4.08367395401001,4.124923344811463,4.08367395401001,18488900
2023-05-15,4.108424663543701,4.133174382703549,4.091924981898282,6756100
2023-05-16,4.116673469543457,4.149673219499174,4.100173791257278,12211800
2023-05-17,4.108424663543701,4.141424026834539,4.108424663543701,9409900
2023-05-18,4.133173942565918,4.133173942565918,4.091924546153258,4825400
2023-05-19,4.141422748565674,4.141422748565674,4.091923718907517,7919700
2023-05-22,4.166173458099365,4.182673138604606,4.116674023200226,13131900
2023-05-23,4.133173942565918,4.157923265706795,4.108424226041643,11277600
2023-05-24,4.108424663543701,4.12492434518912,4.083674944383852,8313700
2023-05-25,4.091924667358398,4.124924028112627,4.083674630478136,10317700
2023-05-26,4.042425155639648,4.108423869465052,4.042425155639648,7661400
2023-05-29,4.034175395965576,4.083674434724145,4.025925752864177,9323900
2023-05-30,4.034175395965576,4.067174755137955,4.025925752864177,11597000
2023-05-31,3.976426839828491,4.058925240367795,3.9599271597206314,86111100
2023-06-01,4.009425163269043,4.034174480339343,3.968175776974141,21148900
2023-06-02,3.9681766033172607,4.025925677479277,3.959926960370335,13605800
2023-06-06,4.025925636291504,4.042425315399937,3.9681765627202976,11372200
2023-06-07,4.042425155639648,4.067174476632493,3.9846760843507374,13221300
2023-06-08,4.042425155639648,4.075424512552351,3.992926120270596,13845200
2023-06-09,4.08367395401001,4.116673309297834,4.042424956591902,7626300
2023-06-12,4.141422748565674,4.182672136639131,4.083673683939498,17010100
2023-06-13,4.116673469543457,4.141423183664405,4.075424470519691,18907500
2023-06-14,4.116673469543457,4.141423183664405,4.0919241488058695,9116500
2023-06-15,4.124923706054688,4.141423385143571,4.108424026965804,10264600
2023-06-16,4.108424663543701,4.149674064348968,4.075425300252864,58887900
2023-06-19,4.190922260284424,4.240421295636205,4.091924189580862,11548200
2023-06-20,4.240421772003174,4.273421132611493,4.124924009874055,12125500
2023-06-21,4.331169605255127,4.347669283254098,4.215671859262329,26409200
2023-06-22,4.322919845581055,4.388918955174315,4.298170523694038,12601200
2023-06-23,4.298170566558838,4.3476696042098935,4.273420851041619,8002000
2023-06-26,4.281671047210693,4.331170086709942,4.240421650936288,11322700
2023-06-27,4.248671531677246,4.289920533054989,4.223921816143895,13223900
2023-06-28,4.248671531677246,4.298170569360567,4.232171852449473,9894100
2023-06-30,4.174421787261963,4.232170847538595,4.157922111951967,26450600
2023-07-03,4.25692081451416,4.273420492346256,4.190922103185778,6655400
2023-07-04,4.289919853210449,4.306419529823439,4.223921146758491,8184600
2023-07-05,4.2734198570251465,4.306419207783388,4.265170216027232,6366300
2023-07-06,4.298170566558838,4.306420209475656,4.232171849690764,5699400
2023-07-07,4.25692081451416,4.298170205786073,4.240421136682064,12088700
2023-07-10,4.281671047210693,4.289920690435536,4.248671687544527,11885300
2023-07-11,4.298170566558838,4.314670245775856,4.2569211718246,14832100
2023-07-12,4.306419849395752,4.331169562843532,4.256920815883542,10335400
2023-07-13,4.289919853210449,4.347668918047573,4.289919853210449,6786000
2023-07-14,4.372419357299805,4.405418716017409,4.289920567122408,28525200
2023-07-17,4.364169120788574,4.3889188353834525,4.3394197995770645,5336700
2023-07-18,4.306419849395752,4.372418954128715,4.2981702071687256,5570500
2023-07-20,4.306419849395752,4.355919276291312,4.265170851493918,9271600
2023-07-21,4.372419357299805,4.380669000287512,4.298170603493502,13850800
2023-07-24,4.413668155670166,4.421918191661186,4.331169762676805,10772000
2023-07-25,4.479666709899902,4.496166387908649,4.421918033560966,21182900
2023-07-26,4.52091646194458,4.529166104914799,4.479667066943331,17159800
2023-07-27,4.537415027618408,4.586914053440978,4.471416326521648,18961500
2023-07-28,4.537415027618408,4.562164737221337,4.471416326521648,11370000
2023-07-31,4.578665256500244,4.619914255597677,4.53741586401945,13113800
2023-08-01,4.553915023803711,4.586914376677532,4.512665636019777,10927800
2023-08-02,4.512666702270508,4.545666456324811,4.496167021935061,9699900
2023-08-03,4.504416942596436,4.520916622506249,4.471417582776809,4492800
2023-08-04,4.537415027618408,4.545665061947148,4.487916001795838,3418100
2023-08-07,4.553915023803711,4.562165058713824,4.50441599449298,4206400
2023-08-08,4.619915008544922,4.636414689549662,4.5044172415117405,9501700
2023-08-09,4.661163330078125,4.661163330078125,4.578664944128218,18468100
2023-08-10,4.669412612915039,4.677662647567289,4.619913585151449,7221500
2023-08-11,4.628164291381836,4.661163648012661,4.603414577217037,10889400
2023-08-14,4.661163330078125,4.669412971981449,4.578664944128218,6496600
2023-08-15,4.6859130859375,4.702412764665389,4.636414049753833,5094900
2023-08-16,4.72716236114502,4.743662039459981,4.652913612036014,12325400
2023-08-17,4.652914047241211,4.702413086815932,4.652914047241211,13523100
2023-08-18,4.578665256500244,4.652913612228968,4.545665899868953,18008100
2023-08-21,4.619915008544922,4.636414689549662,4.562166321720044,9754400
2023-08-22,4.603414535522461,4.644663927629064,4.562165536799215,7474300
2023-08-23,4.603414535522461,4.6116645712971245,4.570415179190522,6284900
2023-08-24,4.603414535522461,4.644663927629064,4.570415179190522,3664300
2023-08-25,4.628164291381836,4.628164291381836,4.586914898901624,4321300
2023-08-28,4.619915008544922,4.644664726743745,4.603415327540182,5802500
2023-08-29,4.6446638107299805,4.669413130664354,4.603414419661561,7190300
2023-08-30,4.6446638107299805,4.702412486165749,4.636413775162958,16601400
2023-09-01,4.735412120819092,4.768411871649167,4.669413405925684,22632400
2023-09-04,4.710662841796875,4.751912235667967,4.710662841796875,10575100
2023-09-05,4.661163330078125,4.71066236164807,4.628163975698162,13505800
2023-09-06,4.718912601470947,4.735412280751555,4.63641420506791,12523600
2023-09-07,4.735412120819092,4.743662156872453,4.702412763372387,4663100
2023-09-08,4.6941633224487305,4.743662360746162,4.6776636430162535,7476900
2023-09-11,4.710662841796875,4.718912484541069,4.669413447925782,5188200
2023-09-12,4.7024126052856445,4.727162319230317,4.67766328472433,8339300
2023-09-13,4.7024126052856445,4.727162319230317,4.685912927116982,7232300
2023-09-14,4.6941633224487305,4.743662360746162,4.685913286040798,13128300
2023-09-15,4.768412113189697,4.768412113189697,4.694163358481911,21882000
2023-09-18,4.751912593841553,4.7601622372075605,4.73541252034273,7805000
2023-09-19,4.743661403656006,4.776660755862948,4.727161727552534,8423100
2023-09-20,4.781951904296875,4.798969510849358,4.722390484229057,10520600
2023-09-21,4.756425380706787,4.798969191390052,4.7394077752871375,13143300
2023-09-22,4.756425380706787,4.781951585970402,4.730898769711454,8715000
2023-09-25,4.713881015777588,4.76493383042808,4.713881015777588,7969300
2023-09-26,4.722390174865723,4.747916380156355,4.705372569428062,12927500
2023-09-27,4.722390174865723,4.722390174865723,4.705372569428062,8701800
2023-09-29,4.620284080505371,4.730898717375263,4.577740270292753,36339100
2023-10-02,4.594758033752441,4.662828457022123,4.577740427935021,9387700
2023-10-03,4.60326623916626,4.645810452928441,4.586248634807726,14460800
2023-10-04,4.594758033752441,4.611775639569862,4.577740427935021,19660000
2023-10-05,4.60326623916626,4.628792848569908,4.586248634807726,24914600
2023-10-06,4.6117753982543945,4.628793003181353,4.586248787998104,20448400
2023-10-09,4.6117753982543945,4.654319207705937,4.594757793327436,8085200
2023-10-10,4.722390174865723,4.747916380156355,4.611775536655067,15660600
2023-10-11,4.764934539794922,4.798969754628818,4.705373116701486,24099200
2023-10-12,4.815986156463623,4.824495160907927,4.781950950149733,11273900
2023-10-13,4.815986156463623,4.824495160907927,4.764933346992789,9192600
2023-10-16,4.773443222045898,4.815987034831821,4.747916609788955,21005500
2023-10-17,4.773443222045898,4.807478434567331,4.722390403263749,11328500
2023-10-18,4.739408016204834,4.773443228774241,4.71388140391191,25811200
2023-10-19,4.747916221618652,4.764933826488079,4.7138810118798,22416900
2023-10-20,4.781951904296875,4.807478516991472,4.730899084639426,23342100
2023-10-23,4.815986156463623,4.850021362777512,4.756424748280148,14288600
2023-10-24,4.833004474639893,4.850022080314509,4.773443057644599,17871600
2023-10-25,4.841513633728027,4.858531239941781,4.824496027514273,15502800
2023-10-26,4.833004474639893,4.867039685989124,4.815986868965276,30106600
2023-10-27,4.833004474639893,4.850022080314509,4.798969263290661,7021200
2023-10-30,4.850021839141846,4.850021839141846,4.8330042343134485,7730200
2023-10-31,4.8585309982299805,4.8585309982299805,4.824495787495724,12901300
2023-11-01,4.850021839141846,4.867039443970243,4.8330042343134485,10703100
2023-11-02,4.850021839141846,4.875548449250292,4.824495634765102,6236300
2023-11-03,4.875548839569092,4.892566445759857,4.850022227417076,15867100
2023-11-06,4.943619251251221,4.943619251251221,4.875548826668277,17848400
2023-11-07,4.943619251251221,4.943619251251221,4.8925664328140135,13595500
2023-11-08,4.909584045410156,4.943619257746345,4.901075445191977,12994200
2023-11-09,4.918093204498291,4.918093204498291,4.884057585370575,10540800
2023-11-10,4.892565727233887,4.909583330925433,4.8585305198507935,5426200
2023-11-14,4.875548839569092,4.935110664102637,4.8670398336078415,12272300
2023-11-15,4.935110569000244,4.935110569000244,4.8755487456144895,11783600
2023-11-16,4.918093204498291,4.9351108111962745,4.8925665915854415,9787500
2023-11-17,4.935110569000244,4.935110569000244,4.884057345680039,4892100
2023-11-20,4.909584045410156,4.918093051360071,4.850022220955959,9029500
2023-11-21,4.926601409912109,4.926601409912109,4.875548593912137,11162400
2023-11-22,4.909584045410156,4.935110657528165,4.884057433292147,7707800
2023-11-23,4.884057521820068,4.90958413440077,4.867039915343515,7093600
2023-11-24,4.892565727233887,4.909583330925433,4.8670391188307285,6179900
2023-11-27,4.892565727233887,4.9010747319454975,4.8670391188307285,9060300
2023-11-28,4.833004474639893,4.90107530307008,4.807478268993831,10264500
2023-11-29,4.798969745635986,4.858531574349574,4.781952138250928,7639800
2023-11-30,4.807477951049805,4.824495555598956,4.764933736811078,28171400
2023-12-01,4.909584045410156,4.96063686391444,4.841513620737779,32963000
2023-12-04,4.918093204498291,5.037216451384177,4.901075597800307,14243700
2023-12-05,4.892565727233887,4.960636142000072,4.8670391188307285,11372600
2023-12-06,4.892565727233887,4.960636142000072,4.8670391188307285,12405000
2023-12-07,4.901075839996338,4.926602048438866,4.850022611647746,10562500
2023-12-08,4.901075839996338,4.926602048438866,4.867040219186687,8878100
2023-12-11,4.918093204498291,4.9351108111962745,4.858531378189474,12856700
2023-12-12,4.926601409912109,4.952128020777953,4.90107520477798,25020600
2023-12-13,4.926601409912109,4.943619015245433,4.90107520477798,24409400
2023-12-14,4.943619251251221,4.986163469481428,4.8925664328140135,17904000
2023-12-15,4.960636615753174,4.994671826386714,4.935110410643876,40625500
2023-12-18,5.054233551025391,5.071251156016114,4.960636520710557,24331700
2023-12-19,5.071251392364502,5.096777598174397,5.028707175039044,19559800
2023-12-20,5.020198345184326,5.096777364839887,5.020198345184326,34643900
2023-12-21,4.935110569000244,5.020198598314374,4.926601563202968,17551400
2023-12-22,4.935110569000244,4.960636774928619,4.901075357274593,15422600
2023-12-26,4.918093204498291,4.986163631290226,4.918093204498291,23001900
2023-12-27,4.935110569000244,4.960636774928619,4.909583957340142,41519500
2023-12-28,4.96914529800415,5.028706709872154,4.926601084614129,33168100
2023-12-29,4.977654933929443,5.03721676393396,4.926602110667761,101708800
2024-01-02,4.96914529800415,5.020198110633163,4.9436186888238,6863600
2024-01-03,5.020198345184326,5.037215950189085,4.960636524801817,14459300
2024-01-04,5.062742710113525,5.07976031698478,5.011689889499761,14955600
2024-01-05,5.105286121368408,5.139321329718996,5.062741908064329,12481500
2024-01-08,5.130812644958496,5.14783024885008,5.113795041066912,10981800
2024-01-09,5.147830963134766,5.173357169648177,5.130813356881912,16803300
2024-01-10,5.062742710113525,5.164848757072807,5.054234109543774,14398100
2024-01-11,5.062742710113525,5.105286930157539,5.037216502672519,18183600
2024-01-12,5.037216663360596,5.096778086444132,5.003181448532357,14772600
2024-01-15,5.105286121368408,5.105286121368408,5.037215704667233,11051300
2024-01-16,5.113795757293701,5.130813363568733,5.0882691450152855,8227800
2024-01-17,5.130812644958496,5.14783024885008,5.071250828472112,24124500
2024-01-18,5.054233551025391,5.113795371358777,5.028706940673452,17104300
2024-01-19,5.113795757293701,5.122304357565348,5.045724926461837,9533100
2024-01-22,5.079760074615479,5.122304292629591,5.054233868392398,14926400
2024-01-23,5.12230396270752,5.1393215676707324,5.088268752781094,9741100
2024-01-24,5.207392692565918,5.232919306332705,5.130813662729081,11231800
2024-01-26,5.258444786071777,5.2754623909821055,5.207391971340794,19998200
2024-01-29,5.292479991912842,5.318006602124992,5.2499361825348645,20812800
2024-01-30,5.292479991912842,5.30098899722746,5.266953787432397,18078800
2024-01-31,5.300989151000977,5.335024361783349,5.28397154560979,20186400
2024-02-02,5.300989151000977,5.326515761953615,5.122304091527663,27813700
2024-02-05,5.300989151000977,5.335024361783349,5.300989151000977,8309500
2024-02-06,5.283971786499023,5.318006998833016,5.258445174382661,10469400
2024-02-07,5.275462627410889,5.30949783875689,5.258445021737888,11350400
2024-02-08,5.300989151000977,5.343533367344801,5.275462540048339,6590200
2024-02-09,5.266953945159912,5.300989155974215,5.232918734345609,3262700
2024-02-13,5.394586086273193,5.428621296442032,5.275462444950548,12502800
2024-02-14,5.42011308670044,5.445639700940201,5.343534055444692,10686300
2024-02-15,5.411603927612305,5.445639139267021,5.386077316005404,7225800
2024-02-16,5.454147338867188,5.454147338867188,5.40309452513345,10558100
2024-02-19,5.445639133453369,5.47967434507175,5.428621527644179,5655500
2024-02-20,5.48818302154541,5.496692027434375,5.411603997203387,13891700
2024-02-21,5.4626569747924805,5.496692187878336,5.4456393682495525,11702700
2024-02-22,5.437129974365234,5.479674190554401,5.437129974365234,7593700
2024-02-23,5.454147338867188,5.479673948599904,5.40309452513345,17587300
2024-02-26,5.471165180206299,5.488182785520637,5.445638975100648,16012900
2024-02-27,5.48818302154541,5.513709633480572,5.428621603249584,11683400
2024-02-28,5.471165180206299,5.488182785520637,5.445638975100648,19355600
2024-02-29,5.496692180633545,5.513709787154043,5.462656967592548,22246900
2024-03-01,5.394586086273193,5.581779742201808,5.343533271019934,46004400
2024-03-04,5.48818302154541,5.573271457508131,5.403094991314422,42300900
2024-03-05,5.556253910064697,5.556253910064697,5.403095048301793,39363200
2024-03-06,5.539235591888428,5.547744191041804,5.428620962772756,22251500
2024-03-07,5.5477447509765625,5.615815174000662,5.5307271452205375,17967800
2024-03-08,5.658359050750732,5.6753766554826806,5.59028863182294,14781600
2024-03-11,5.675376892089844,5.734938308268935,5.658359286648429,15748800
2024-03-12,5.717920303344727,5.751955917581372,5.649849886334812,26293400
2024-03-13,5.700903415679932,5.760465240916207,5.675377208958485,24032000
2024-03-14,5.700903415679932,5.73493862846302,5.675377208958485,29328200
2024-03-15,5.846853733062744,5.882235566884039,5.696480728429878,35612300
2024-03-18,5.882235527038574,5.926462608123239,5.776090026293707,20556300
2024-03-19,5.846853733062744,5.944153565178939,5.793780982330802,28848300
2024-03-20,5.731862545013428,5.873389879872983,5.705325958834897,21258700
2024-03-21,5.793780326843262,5.820316488314662,5.723016245421937,20647800
2024-03-22,5.793780326843262,5.838007403223822,5.758398497024941,7059200
2024-03-25,5.749553680419922,5.820317350539531,5.714171845360117,15572600
2024-03-26,5.749553680419922,5.767244597949824,5.714171845360117,25921200
2024-03-27,5.793780326843262,5.820316488314662,5.740707160331098,16721000
2024-03-29,5.873389720916748,5.926462470052731,5.829162640862454,14151800
2024-04-01,5.891080856323242,5.917617442770211,5.873389939286841,15773600
2024-04-02,5.891080856323242,5.926462690396045,5.882235608697408,14514400
2024-04-03,5.802626132965088,5.891080716040754,5.767244299734822,12189600
2024-04-04,5.882235527038574,5.891080774541616,5.80262619058756,13388400
2024-04-05,5.86454439163208,5.891080554936732,5.811471643238067,17083000
2024-04-08,5.873389720916748,5.899926306377098,5.829162640862454,9286900
2024-04-09,5.811471939086914,5.882235607214683,5.793781022054972,8992000
2024-04-12,5.846853733062744,5.855698980625703,5.714171645340525,25296200
2024-04-15,5.820317268371582,5.864544772464331,5.80262635109143,26103500
2024-04-16,5.731862545013428,5.8203171293006495,5.731862545013428,43155400
2024-04-17,5.776090145111084,5.784935392796078,5.705326054707456,32164700
2024-04-18,5.82916259765625,5.8380078448876604,5.776089848913647,28598200
2024-04-19,5.802626132965088,5.838007966195354,5.793780885549882,32899200
2024-04-22,5.855699062347412,5.873389979504952,5.776090146030849,14881900
2024-04-23,5.89992618560791,5.926462348740358,5.864544353574841,19915000
2024-04-24,5.89992618560791,6.014917350607741,5.891080516707289,27025900
2024-04-25,5.908771514892578,5.926462431155127,5.891080598630029,23375000
2024-04-26,5.846853733062744,5.926462648268291,5.802626229893761,21526700
2024-04-29,5.846853733062744,5.873389897536351,5.811471899241449,21992600
2024-04-30,5.846853733062744,5.944153565178939,5.802626229893761,36176000
2024-05-02,5.873389720916748,5.873389720916748,5.811471724483793,15069400
2024-05-03,5.882235527038574,5.908771691332428,5.864544610247763,24861900
2024-05-06,5.9706902503967285,5.9706902503967285,5.882235664377428,21563800
2024-05-07,6.023762702941895,6.121062953624753,5.970689953965258,26947000
2024-05-08,5.961844444274902,6.059144697558672,5.917617363171172,22702700
2024-05-09,5.9706902503967285,5.988381167600589,5.952999333192869,19644200
2024-05-10,5.988381385803223,6.014917973468312,5.961844798138133,17093600
2024-05-13,6.014917373657227,6.023762620807036,5.988380788638381,8630400
2024-05-14,6.006072044372559,6.041453878542094,5.997226796722541,12745100
2024-05-15,5.997227191925049,6.03260902842616,5.997227191925049,20638600
2024-05-16,6.006072044372559,6.032608630892077,5.961844540768272,19024500
2024-05-17,6.023762702941895,6.032608371997025,6.006071786616349,19341700
2024-05-20,6.050299644470215,6.059144892261301,6.023763057527477,22020700
2024-05-21,6.050299644470215,6.059144892261301,6.023763057527477,16574700
2024-05-23,6.085681438446045,6.103372355694474,6.059144851681031,23580200
2024-05-24,6.085681438446045,6.103372355694474,6.023763017184173,18823300
2024-05-27,6.103372573852539,6.129908739781319,6.059145068258236,8019300
2024-05-28,6.112217426300049,6.129908343035813,6.094526509564285,15301900
2024-05-29,6.076835632324219,6.121063135343442,6.041453798622732,19537900
2024-05-30,6.050299644470215,6.0768358096282125,6.014917809736391,12277700
2024-05-31,6.050299644470215,6.067990561837127,6.014917809736391,76896400
2024-06-04,6.182981014251709,6.227208516418447,6.059144598683452,22668600
2024-06-05,6.094526290893555,6.191826540341497,6.076835374792538,23052700
2024-06-06,6.147598743438721,6.156444411956023,6.085680750956364,22532200
2024-06-07,6.156445026397705,6.165290274013114,6.112217522966463,14874600
2024-06-10,6.138754367828369,6.165290533576521,6.112217780295468,15190200
2024-06-11,6.094526290893555,6.138753792038449,6.085681043735401,26038400
2024-06-12,6.094526290893555,6.1652899552976175,6.094526290893555,14555500
2024-06-13,6.085681438446045,6.165290355171608,6.059144851681031,11053400
2024-06-14,6.121063232421875,6.129908480095166,6.076835728701216,15745700
2024-06-18,6.041453361511231,6.147598854935848,5.997226283476655,15544100
2024-06-19,6.006072044372559,6.067990465061612,5.970690210203022,28383200
2024-06-20,5.961844444274902,6.014917616454942,5.935308279969609,15412400
2024-06-21,6.006072044372559,6.014917713807309,5.952999293118255,37385600
2024-06-24,5.908771514892578,6.04145359775405,5.899926267653661,19958900
2024-06-25,5.908771514892578,5.944153347417675,5.87338968236748,30028700
2024-06-26,5.9795355796813965,5.99722649587872,5.9087714931073885,13783400
2024-06-27,5.988381385803223,6.014917973468312,5.970690467954746,23158700
2024-06-28,6.014917373657227,6.014917373657227,5.9795355414885725,19456700
2024-07-01,6.041453361511231,6.076835192652769,5.997226283476655,19556700
2024-07-02,6.085681438446045,6.103372355694474,6.041453934432602,23599300
2024-07-03,6.156445026397705,6.156445026397705,6.0856813583355045,21965700
2024-07-04,6.191826820373535,6.200672489716453,6.156444986571321,25488400
2024-07-05,6.147598743438721,6.191826242455853,6.112216912938891,11458500
2024-07-09,6.165290355682373,6.20951785969948,6.129908521182583,32748700
2024-07-10,6.27143669128418,6.280281939595471,6.165290759055323,36277600
2024-07-11,6.27143669128418,6.404118368446912,6.253745772876831,28820600
2024-07-12,6.306818008422852,6.324508925372484,6.24489958820677,14666600
2024-07-15,6.35104513168335,6.37758171817473,6.297972380485324,11589700
2024-07-16,6.324509143829346,6.41296373163285,6.297972556595922,27586800
2024-07-17,6.31566333770752,6.368736089242992,6.297972420529029,16477500
2024-07-18,6.324509143829346,6.351045309278024,6.289127308707943,6627600
2024-07-19,6.324509143829346,6.342200061390046,6.289127308707943,18245000
2024-07-22,6.297972679138184,6.342200184792861,6.262590843328343,20291100
2024-07-23,6.3687357902526855,6.41296329201495,6.280281208512871,14225600
2024-07-24,6.3687357902526855,6.41296329201495,6.315663041208796,17092700
2024-07-25,6.359890937805176,6.368736185635929,6.315663433297183,14827500
2024-07-26,6.34220027923584,6.368736445595999,6.324509361067481,11661700
2024-07-29,6.404118061065674,6.404118061065674,6.342200060504242,16056000
2024-07-30,6.377581596374512,6.43950001581538,6.3687359271180775,25100400
2024-07-31,6.572181224822998,6.642945308615176,6.377581154302422,28408400
2024-08-01,6.572181224822998,6.634099639971893,6.474881400455058,24529600
2024-08-02,6.545645236968994,6.563336152942504,6.492572489048467,23911600
2024-08-05,6.200672626495361,6.4925729726949335,6.147599452836586,57127600
2024-08-06,6.3687357902526855,6.430654208362913,6.067990212337315,25685300
2024-08-07,6.48372745513916,6.527954960296611,6.351045361451555,20602700
2024-08-08,6.457191467285156,6.4925733036715325,6.412963960909805,20491800
2024-08-09,6.457191467285156,6.581027894637474,6.439500549091967,18460600
2024-08-12,6.510263919830322,6.545645754575209,6.457191167712992,18712000
2024-08-13,6.563336849212647,6.563336849212647,6.4925731778116615,16005400
2024-08-14,6.554490566253662,6.581027151439036,6.536799650058318,6435400
2024-08-15,6.660637378692627,6.731401052966504,6.545646197105191,22064800
2024-08-16,6.775627613067627,6.811009447460821,6.713709613771906,16067200
2024-08-19,7.049837112426758,7.076373699384736,6.775627682189768,40876000
2024-08-20,6.943691730499268,7.102909989698047,6.8552371420555005,46290200
2024-08-21,6.97907304763794,7.049836713138318,6.952536883967656,18663400
2024-08-22,6.97907304763794,7.014454880388128,6.864082302092183,15528800
2024-08-23,6.97907304763794,7.00560963309294,6.881773218467277,21179600
2024-08-26,6.97907304763794,7.0233005494680345,6.917155051217467,34745700
2024-08-27,7.014455318450928,7.040991905563176,6.952537318163587,26956400
2024-08-28,7.412501811981201,7.412501811981201,7.049837360321663,46042400
2024-08-29,7.076373100280762,7.465573249625663,7.067527431448752,42456200
2024-08-30,7.253283023834228,7.315201868617387,7.049837258879172,46343000
2024-09-02,7.341737270355225,7.421346602814007,7.306355438547922,39985700
2024-09-03,7.297509670257568,7.359427664184213,7.19136417628215,17666600
2024-09-04,7.262127876281738,7.279818370250592,7.12944621902243,26933000
2024-09-05,7.270974159240723,7.403655827707846,7.244437150691718,33754300
2024-09-06,7.21790075302124,7.341737591549247,7.191364588897184,23653200
2024-09-09,7.32404613494873,7.350583142214187,7.17367313472221,26135600
2024-09-10,7.509800434112549,7.509800434112549,7.297509452496571,38589600
2024-09-11,7.315201759338379,7.500955760204448,7.306356089705856,50635000
2024-09-12,7.253283023834228,7.412501705320208,7.2444373540695635,41746800
2024-09-13,7.463655471801758,7.500241984024658,7.280722910687255,38049600
2024-09-17,7.646588325500488,7.719761352746135,7.472802603864898,35035600
2024-09-18,7.619148254394531,7.710614969747738,7.518535565339,30429500
2024-09-19,7.582561492919922,7.637441694782182,7.5551218281344,41379100
2024-09-20,7.719760417938232,7.774640617872514,7.637441426473591,59439600
2024-09-23,7.628295421600342,7.774641474494816,7.600855754755448,31898400
2024-09-24,7.582561492919922,7.664881359567704,7.573414647227676,35535900
2024-09-25,7.573415279388428,7.61000179292011,7.545975612312489,28036100
2024-09-26,7.573415279388428,7.591708972299913,7.536828765856746,30798000
2024-09-27,7.536828994750977,7.582562356127327,7.481949658932407,12242300
2024-09-30,7.36304235458374,7.536828059499068,7.299015743831101,33849500
2024-10-01,7.39962911605835,7.42706878149477,7.335602939276288,23449200
2024-10-02,7.299015998840332,7.344748919993779,7.244136231768825,48018900
2024-10-03,7.308162689208984,7.335603228016743,7.189256740728147,42530600
2024-10-04,7.244136333465576,7.317309357254825,7.170963309676329,29253500
2024-10-07,7.2807230949401855,7.289869505154564,7.170963555493804,16339000
2024-10-08,7.2807230949401855,7.308162761728961,7.234989735431373,37340200
2024-10-09,7.3447489738464355,7.372189511801815,7.253282694723281,13281700
2024-10-10,7.390482902526855,7.48194962486306,7.353896388050636,19240600
2024-10-11,7.518535614013672,7.518535614013672,7.390482386148421,22289100
2024-10-14,7.545975208282471,7.600855411787217,7.50938869670972,21507400
2024-10-15,7.545975208282471,7.573414873889223,7.527681516350475,24370800
2024-10-16,7.4545087814331055,7.555122346366817,7.4545087814331055,17499700
2024-10-17,7.463655471801758,7.491095137896118,7.445362651835936,14661800
2024-10-18,7.4545087814331055,7.527681807407836,7.4545087814331055,11196200
2024-10-21,7.500242233276367,7.536828746715129,7.463655719837606,16870700
2024-10-22,7.463655471801758,7.509388830153197,7.445362651835936,18019400
2024-10-23,7.481949329376221,7.509388996076875,7.445362816344923,12456100
2024-10-24,7.436215877532959,7.500242056468641,7.436215877532959,13537100
2024-10-25,7.427069187164307,7.454508854099493,7.408776366637944,11578900
2024-10-28,7.3356032371521,7.518535801308616,7.3356032371521,30489600
2024-10-29,7.39962911605835,7.42706878149477,7.31730924745785,21313200
2024-10-30,7.308162689208984,7.427069073835459,7.299016279085367,30956300
2024-11-01,7.271576404571533,7.280723251127771,7.097790681459496,23665700
2024-11-04,7.353896141052246,7.427069167546992,7.2715762681728355,19934200
2024-11-05,7.427069187164307,7.454508854099493,7.308162800723453,18522300
2024-11-06,7.500242233276367,7.500242233276367,7.427069206398844,18270200
2024-11-07,7.481949329376221,7.573415175808826,7.463655636714933,22242700
2024-11-08,7.518535614013672,7.573414945747887,7.454508563935422,8419600
2024-11-11,7.463655471801758,7.591708700727538,7.436215805707397,12616100
2024-11-12,7.500242233276367,7.591708953018914,7.463655719837606,12086400
2024-11-13,7.500242233276367,7.545975593147641,7.472802566270118,12830900
2024-11-14,7.500242233276367,7.591708953018914,7.454508873405094,25970500
2024-11-15,7.491095066070557,7.545975270024337,7.463655400239291,19903100
2024-11-18,7.509388446807861,7.545974957163064,7.481948782114262,20439400
2024-11-19,7.536828994750977,7.564269534951576,7.44536314428959,12672100
2024-11-20,7.509388446807861,7.527681265839856,7.463655090791055,17167700
2024-11-21,7.509388446807861,7.564268648486272,7.509388446807861,17262800
2024-11-22,7.518535614013672,7.582561791800672,7.5002419219081,12048600
2024-11-25,7.664881706237793,7.747201576608768,7.509388811601786,81997900
2024-11-26,7.637442111968994,7.683174598345878,7.600855599492728,23168900
2024-11-27,7.655735015869141,7.683174682453907,7.628295349284374,26275700
2024-11-28,7.545975208282471,7.683174408607473,7.545975208282471,21374600
2024-11-29,7.545975208282471,7.582561719855221,7.527681516350475,28884900
2024-12-02,7.509388446807861,7.628294823535073,7.509388446807861,17949700
2024-12-03,7.509388446807861,7.545974957163064,7.500241601146257,22450800
2024-12-04,7.500242233276367,7.518535926141391,7.454508873405094,24621900
2024-12-05,7.491095066070557,7.545975270024337,7.472802246280128,17131800
2024-12-06,7.472802639007568,7.500242306280906,7.454508945964481,16707900
2024-12-09,7.481949329376221,7.481949329376221,7.317309584589743,26749800
2024-12-10,7.417922019958496,7.518535581521832,7.417922019958496,11778700
2024-12-11,7.417922019958496,7.43621571198501,7.280722818924625,16240900
2024-12-12,7.436215877532959,7.463655543892356,7.390482518739786,9344400
2024-12-13,7.436215877532959,7.481949236326132,7.408776211173561,13755500
2024-12-16,7.40877628326416,7.445362796196449,7.39962943695827,16362000
2024-12-17,7.353896141052246,7.436216013931656,7.353896141052246,22150200
2024-12-18,7.3356032371521,7.381335723972775,7.326456390871456,9534600
2024-12-19,7.353896141052246,7.372189833821573,7.2807231145574995,18783100
2024-12-20,7.271576404571533,7.36304312555132,7.271576404571533,24596600
2024-12-23,7.271576404571533,7.335603458173903,7.262429994160944,13712400
2024-12-24,7.289869785308838,7.363043250564167,7.27157652803142,7247800
2024-12-26,7.353896141052246,7.372189833821573,7.299016371181186,10085400
2024-12-27,7.4545087814331055,7.4545087814331055,7.353896088790669,7739400
2024-12-30,7.4545087814331055,7.481949320392086,7.390482601778034,5334500
2024-12-31,7.500242233276367,7.545975593147641,7.427069206398844,8521000
2025-01-02,7.436215877532959,7.518535748902417,7.417922185099183,4875900
2025-01-03,7.417922019958496,7.500241889495318,7.381335508196714,8178300
2025-01-06,7.390482902526855,7.427069417003075,7.381336055834972,6994300
2025-01-07,7.4545087814331055,7.463655627752765,7.335603268442624,16600600
2025-01-08,7.39962911605835,7.52768146962247,7.372189450621929,13399900
2025-01-09,7.417922019958496,7.454508531720278,7.399629200223228,14844700
2025-01-10,7.481949329376221,7.491095303415587,7.417922277352992,13151100
2025-01-13,7.40877628326416,7.463655616516955,7.262429795389371,12180100
2025-01-14,7.289869785308838,7.46365594751714,7.289869785308838,9745300
2025-01-15,7.180110454559326,7.326456953264007,7.161817196739451,23378600
2025-01-16,7.308162689208984,7.372189740802484,7.207549997121016,13743600
2025-01-17,7.299015998840332,7.37218945774796,7.289869152922272,12004800
2025-01-20,7.317309379577637,7.363042737658247,7.280722867571399,7777500
2025-01-21,7.262429714202881,7.344749149307463,7.244136457941236,11351800
2025-01-22,7.372189998626709,7.427069333578953,7.271576430728757,11135200
2025-01-23,7.289869785308838,7.381336071695929,7.280723374742957,9459300
2025-01-24,7.326456546783447,7.344749367442747,7.308162853832858,15321300
2025-01-27,7.3447489738464355,7.381335485495697,7.2807227965330386,3520600
2025-01-28,7.262429714202881,7.344749149307463,7.253282867999242,7948700
2025-01-31,7.3356032371521,7.408776262814706,7.253282929063213,20591800
2025-02-03,7.317309379577637,7.399629249664485,7.308162533503264,10617900
2025-02-04,7.491095066070557,7.491095066070557,7.363042710663816,20643800
2025-02-05,7.472802639007568,7.491095459759362,7.408776457939351,7907300
2025-02-06,7.518535614013672,7.518535614013672,7.463655409988207,13088800
2025-02-07,7.6740288734436035,7.6740288734436035,7.545975639476113,21550500
2025-02-10,7.6831746101379395,7.6831746101379395,7.564269098626029,11215000
2025-02-12,7.6831746101379395,7.69232145634386,7.600855611158447,32896600
2025-02-13,7.573415279388428,7.683174819983473,7.573415279388428,23693000
2025-02-14,7.637442111968994,7.646588085869612,7.564269087016463,15492200
2025-02-17,7.591708660125732,7.64658799202095,7.5734149679664915,17264100
2025-02-18,7.6831746101379395,7.6831746101379395,7.573415072540685,11981500
2025-02-19,7.582561492919922,7.701467870045471,7.582561492919922,15211900
2025-02-20,7.637442111968994,7.646588085869612,7.591708753300846,15628000
2025-02-21,7.646588325500488,7.646588325500488,7.600855837690426,22204100
2025-02-24,7.664881706237793,7.683174526158424,7.646588014025908,15342600
2025-02-25,7.527681827545166,7.683174726230248,7.463655647718819,23569700
2025-02-26,7.573415279388428,7.61000179292011,7.481949431704868,26784300
2025-02-27,7.518535614013672,7.591708637853459,7.491095075855314,22621400
2025-02-28,7.143523216247559,7.536828437659149,7.143523216247559,107968000
2025-03-03,7.317309379577637,7.399629249664485,7.2258430995620415,37967700
2025-03-04,7.317309379577637,7.326456225652009,7.280722867571399,21282800
2025-03-05,7.134376525878906,7.317309078380167,7.134376525878906,38134500
2025-03-06,6.8599772453308105,7.152669764810677,6.841683990122419,68056000
2025-03-07,6.878271102905273,6.9331508733365546,6.8416845892844185,33122400
2025-03-10,6.878271102905273,7.015470747056299,6.786804818853137,29814400
2025-03-11,6.640458583831787,6.869124505818078,6.6130184812893535,52377600
2025-03-12,6.402645587921143,6.704484524425554,6.3294725652710575,70276200
2025-03-13,6.631311416625977,6.695338028695476,6.356912149065967,43566200
2025-03-14,6.650124549865723,6.76299784060993,6.5842815726723085,26656000
2025-03-17,6.81943416595459,6.904089354299278,6.715966763368701,27372100
2025-03-19,6.518438339233398,6.687748717212558,6.433783598762389,59515800
2025-03-20,6.396159648895264,6.603094022618743,6.396159648895264,38746500
2025-03-21,6.44318962097168,6.518438480136303,6.3867529765982125,33669100
2025-03-24,6.509032249450684,6.527844463237362,6.424377063151351,16773100
2025-03-25,6.5842814445495605,6.64071808882347,6.527844800275651,29800400
2025-03-26,6.62190580368042,6.678342447354457,6.584281374564395,22716500
2025-03-27,6.7065606117248535,6.734778707696459,6.612499544288585,23248700
2025-03-28,6.5842814445495605,6.71596694785535,6.5842814445495605,19426100
2025-04-02,6.715966701507568,6.73477891557549,6.556062657670961,23591600
2025-04-03,6.7065606117248535,6.715966494209206,6.612499544288585,25251000
2025-04-04,6.593687534332275,6.687748604671977,6.518438229541951,26053900
2025-04-07,6.226848602294922,6.424377071573274,6.123381650591828,58350200
2025-04-08,6.283285140991211,6.3115036855061,6.1798181909799,33213700
2025-04-09,5.972883701324463,6.236255152450255,5.841198200020853,39898800
2025-04-10,6.4996256828308105,6.518437895935964,6.302097220967429,43621700
2025-04-11,6.255066871643066,6.3585342673054495,6.179818019713529,27630500
2025-04-14,6.330316066741943,6.405564922750756,6.31150385273974,19729600
2025-04-15,6.302097320556641,6.367940291724434,6.302097320556641,10391600
2025-04-16,6.311503410339356,6.33031562302293,6.217442346921484,9882400
2025-04-17,6.358534812927246,6.358534812927246,6.24566107682878,12574300
2025-04-18,6.471407413482666,6.471407413482666,6.330315594727255,7322300
2025-04-21,6.4525957107543945,6.480813807624098,6.414971282582415,4564200
2025-04-22,6.349128246307373,6.405564888007879,6.292691604606868,17803000
2025-04-23,6.44318962097168,6.44318962097168,6.377347093461925,31820400
2025-04-24,6.565469264984131,6.631312241249249,6.452595975831283,32205900
2025-04-25,6.574874877929688,6.640717851488688,6.53725044975842,16490300
2025-04-28,6.574874877929688,6.621905637403054,6.565468995146152,6775500
2025-04-29,6.60309362411499,6.60309362411499,6.53725064855373,12442500
2025-04-30,6.697154521942139,6.715966736106976,6.6124997824596505,24000100
2025-05-02,6.725373268127441,6.744185482853617,6.63131219449656,23847700
2025-05-05,6.659530162811279,6.762997566052293,6.631312065530093,10871000
2025-05-06,6.490220069885254,6.659529994858091,6.443189310911298,18437600
2025-05-07,6.537250518798828,6.537250518798828,6.443189447377272,17879100
2025-05-08,6.462001323699951,6.546656507811183,6.443189110399516,9515600
2025-05-09,6.462001323699951,6.509032081210312,6.452595441309005,8531700
2025-05-13,6.875870704650879,6.904089249845036,6.593687495302107,60867000
2025-05-14,6.810028076171875,6.875871052611252,6.772403646354683,26919100
2025-05-15,6.734778881072998,6.847652613420829,6.725372998346505,15534200
2025-05-16,6.753591060638428,6.810027702265547,6.687748536332734,19970300
2025-05-19,6.678342342376709,6.734778985163612,6.659530128114408,12869200
2025-05-20,6.62190580368042,6.706560993450763,6.603093589122407,11539200
2025-05-21,6.5842814445495605,6.6219058740655,6.56546922979159,12587900
2025-05-22,6.44318962097168,6.584281456164638,6.44318962097168,14279800
2025-05-23,6.527844429016113,6.556062525288924,6.518438097912807,7221800
2025-05-26,6.546656608581543,6.565468822171549,6.490219967811528,6409700
2025-05-27,6.490220069885254,6.565468925428737,6.443189310911298,19562900
2025-05-28,6.462001323699951,6.527844294510747,6.462001323699951,8595600
2025-05-29,6.471407413482666,6.509031838681638,6.433782988283693,8015100
2025-05-30,6.518438339233398,6.584281313838469,6.452595813146899,32968300
2025-06-03,6.44318962097168,6.565469241373482,6.433783737835392,14994500
2025-06-04,6.462001323699951,6.480813537000387,6.43378322800857,18434000
2025-06-05,6.462001323699951,6.5372501769016935,6.42437689709908,15947100
2025-06-06,6.433783531188965,6.452595745375892,6.405564985649292,13677900
2025-06-09,6.480813980102539,6.480813980102539,6.424377336342581,13550300
2025-06-10,6.44318962097168,6.499626265345147,6.433783737835392,12924400
2025-06-11,6.490220069885254,6.603093353200479,6.471407855999384,26573700
2025-06-12,6.480813980102539,6.499626194689191,6.443189550929234,12939600
2025-06-13,6.414971351623535,6.471407994488904,6.414971351623535,12623100
2025-06-16,6.349128246307373,6.414971219217242,6.3115038185070365,11469000
2025-06-17,6.264472961425781,6.367940360516184,6.264472961425781,10266200
2025-06-18,6.255066871643066,6.264472753874991,6.217442445678298,10388000
2025-06-19,6.189224243164063,6.292691644530715,6.189224243164063,12968700
2025-06-20,6.255066871643066,6.31150351059022,6.189223901945453,24765600
2025-06-23,6.396159648895264,6.396159648895264,6.179818943015961,7677700
2025-06-24,6.367940902709961,6.414971664987786,6.339722355639547,6979800
2025-06-25,6.367940902709961,6.471408310610022,6.3491286875025486,16755500
2025-06-26,6.396159648895264,6.414971864688307,6.367941100946397,7031900
2025-06-30,6.386752605438232,6.443189246531939,6.349128178042428,16658700
2025-07-01,6.349128246307373,6.386752674107711,6.330316032407205,9162500
2025-07-02,6.377346992492676,6.405565089973357,6.320909900494168,14486700
2025-07-03,6.386752605438232,6.443189246531939,6.367940391740331,9315200
2025-07-04,6.367940902709961,6.414971664987786,6.3491286875025486,17961900
2025-07-07,6.349128246307373,6.3773467914169055,6.330316032407205,9146900
2025-07-08,6.217442989349365,6.339722160168038,6.217442989349365,16122100
2025-07-09,6.179818630218506,6.30209780242471,6.142194200536816,16697100
2025-07-10,6.302097320556641,6.302097320556641,6.189224040142034,16020800
2025-07-11,6.283285140991211,6.367940326017328,6.189224073472498,15325000
2025-07-14,6.292691707611084,6.311503921819187,6.255067279194878,6542600
2025-07-15,6.236255168914795,6.292691812479628,6.236255168914795,8077100
2025-07-16,6.113975524902344,6.236255143044848,6.095163310458772,18446900
2025-07-17,6.113975524902344,6.142194070826988,6.066944764534128,18023000
2025-07-18,6.123382091522217,6.198630952186073,6.1045694278376645,19048700
2025-07-21,6.132787704467773,6.151599918804357,6.11397549013119,9853900
2025-07-22,6.161006450653076,6.198630880550189,6.14219423570452,14928300
2025-07-23,6.273879528045654,6.292691742357634,6.170412125070486,7198100
2025-07-24,6.302097320556641,6.320909533959075,6.264472893751772,12984600
2025-07-25,6.349128246307373,6.358534577516737,6.283285273397505,11508600
2025-07-28,6.349128246307373,6.43378343311741,6.3209097011978415,16766400
2025-07-29,6.245660781860352,6.349128181514675,6.245660781860352,13005300
2025-07-30,6.161006450653076,6.2832856235594,6.14219423570452,15642400
2025-07-31,6.161006450653076,6.189224548816618,6.14219423570452,24760700
2025-08-01,6.386752605438232,6.396158936546461,6.17981825476131,16987600
2025-08-04,6.349128246307373,6.396159005317074,6.283285273397505,8724400
2025-08-05,6.349128246307373,6.367940460207541,6.330316032407205,40537500
2025-08-06,6.40556526184082,6.414971593599144,6.292691971852451,23516900
2025-08-07,6.377346992492676,6.405565089973357,6.330316232000111,24540200
2025-08-08,6.4525957107543945,6.462001593538107,6.367940523108159,22644300
2025-08-11,6.527844429016113,6.556062525288924,6.443189243160572,12408000
2025-08-12,6.593687534332275,6.612499748400216,6.527844560835202,18637600
2025-08-13,6.762997627258301,6.819434270850003,6.593687696483194,24538200
2025-08-14,6.772403240203857,6.857058426474936,6.715966598862656,30962800
2025-08-15,6.81943416595459,6.83824638019579,6.715966763368701,11771100
2025-08-18,6.894682884216309,6.92290142926971,6.772403269849167,23695100
2025-08-19,6.951119422912598,6.969931636496884,6.847652472458301,13882100
2025-08-20,6.922901630401611,6.951119727756279,6.90408941599231,18028500
2025-08-21,7.007556438446045,7.026368653036452,6.922901697048499,32198900
2025-08-22,7.01696252822876,7.035774742170986,6.988743983056141,17389800
2025-08-25,7.054587364196777,7.063993695971295,7.007556602361365,26314200
2025-08-26,6.960525989532471,7.054587060637254,6.866464918427687,38975200
2025-08-27,7.01696252822876,7.026368410940593,6.913495127287236,10442600
2025-08-28,7.007556438446045,7.05458719918135,6.960526126229314,17848700
2025-08-29,6.988743782043457,7.026368208845742,6.951119355241172,33133100
2025-09-02,6.810028076171875,6.913495482428444,6.650124473708101,55731100
2025-09-03,6.80062198638916,6.847652746491252,6.753591226287068,16151700
2025-09-04,6.866465091705322,6.885277306401012,6.781809901315431,18489000
2025-09-08,6.838246822357178,6.866465369802875,6.79121605945388,13755600
2025-09-09,6.734778881072998,6.847652613420829,6.70656078437496,24252800
2025-09-10,6.7818098068237305,6.791215689781233,6.725373163523,15698000
2025-09-11,6.810028076171875,6.819434407885464,6.753591431446088,15424100
2025-09-12,6.932307243347168,6.932307243347168,6.810027630189973,8974200
2025-09-17,7.073399066925049,7.10161761168624,7.0075560948279705,30594200
2025-09-18,7.070984840393066,7.138603251503275,7.032345616725554,20760900
2025-09-19,6.98404598236084,7.080644036350203,6.98404598236084,28169200
2025-09-22,7.061324596405029,7.070984632345623,6.955066504137829,5781400
2025-09-23,7.042005062103272,7.070984709625911,7.013025875196503,14964600
2025-09-24,7.042005062103272,7.042005062103272,6.984046227673863,12896300
2025-09-25,6.993705749511719,7.0420050081407135,6.9840461741554405,14802500
2025-09-26,7.003365516662598,7.032345162850796,6.95506625988755,8029900
2025-09-29,7.119283199310303,7.119283199310303,7.003365535477785,10254000
2025-09-30,7.090303897857666,7.109623508180881,7.061324252064922,21167500
2025-10-01,7.196561813354492,7.215881424453618,7.090304182617229,13253600
2025-10-02,7.341458797454834,7.360778407686984,7.167582305365479,22272600
2025-10-03,7.418737411499023,7.418737411499023,7.2738405616846595,11666900
2025-10-06,7.409078121185303,7.428397732610699,7.360778862313879,7918600
2025-10-07,7.409078121185303,7.418737696590066,7.322139639463087,7154300
2025-10-08,7.399417877197266,7.409077912946394,7.331799469416792,9284500
2025-10-09,7.3124799728393555,7.3994179928612,7.29316036165496,16613000
2025-10-10,7.244861125946045,7.31247999560992,7.21588147877128,12222500
2025-10-13,7.177241802215576,7.20622144755695,7.09996336212636,15518000
2025-10-14,7.099963665008545,7.196561719240908,7.051664868200292,22132200
2025-10-15,7.090303897857666,7.148262728827312,7.070984287534451,18067100
2025-10-16,7.090303897857666,7.128943118504097,7.070984287534451,8139700
2025-10-17,7.090303897857666,7.099963472711352,7.051664677211235,8097200
2025-10-21,7.099963665008545,7.099963665008545,7.0613244433156,6717400
2025-10-22,6.955066204071045,7.109623548141318,6.955066204071045,6326400
2025-10-23,7.080644130706787,7.099963741762113,6.964726464374834,11247500
2025-10-24,7.119283199310303,7.119283199310303,7.051664792382593,11775100
2025-10-27,7.196561813354492,7.244861071410238,7.148263015914607,11463500
2025-10-28,7.1386027336120605,7.215881175340692,7.128943158703905,15992000
2025-10-29,7.12894344329834,7.186902276908587,7.1192834073887,5128400
2025-10-30,7.061324596405029,7.1482630774069085,7.061324596405029,11351500
2025-10-31,7.05166482925415,7.119283236535422,7.05166482925415,12221800
2025-11-03,7.167582511901856,7.196561697777206,7.051664847168744,9279300
2025-11-04,7.293159961700439,7.312479571825353,7.1482626554556665,10563900
2025-11-05,7.244861125946045,7.2641807371906,7.206221903456935,11934600
2025-11-06,7.244861125946045,7.2641807371906,7.22554151470149,10760900
2025-11-07,7.27384090423584,7.283500479724304,7.2062220333530975,11620200
2025-11-10,7.322139739990234,7.380098575062151,7.264180904918318,8299100
2025-11-11,7.389758586883545,7.447717421764623,7.322139715881017,14729600
2025-11-12,7.331799507141113,7.418737526251309,7.264180638396863,16022600
2025-11-13,7.3124799728393555,7.36077877049241,7.3124799728393555,9483300
2025-11-14,7.27384090423584,7.36077892609551,7.27384090423584,12516500
2025-11-17,7.351119518280029,7.351119518280029,7.273841070146165,10951800
2025-11-18,7.196561813354492,7.370438773862489,7.196561813354492,10461100
2025-11-19,7.3124799728393555,7.3124799728393555,7.206221881017251,11656500
2025-11-20,7.27384090423584,7.341459314502709,7.264180868131502,10465500
2025-11-21,7.206221580505371,7.283500022020306,7.206221580505371,8280700
2025-11-24,7.21588134765625,7.283500216091467,7.167582550730401,24312500
2025-11-25,7.21588134765625,7.273840640952639,7.196561736762739,4803900
2025-11-26,7.341458797454834,7.341458797454834,7.20622152582978,7312300
2025-11-27,7.225541591644287,7.341459260345991,7.225541591644287,8862200
2025-11-28,7.389758586883545,7.418737774016147,7.235201233251462,21372700
2025-12-01,7.679552555084228,7.727851813162841,7.399417963706345,22154900
2025-12-02,7.727851867675781,7.776151126095101,7.631253811453007,12175100
2025-12-03,7.679552555084228,7.756830999517319,7.640913332867683,10666700
2025-12-04,7.650573253631592,7.708532086084455,7.61193403199635,6232200
2025-12-05,7.640913486480713,7.698872320970736,7.544315428997341,10852000
2025-12-08,7.631253719329834,7.660232905538901,7.544315239470911,8047100
2025-12-09,7.582954406738281,7.679552461097422,7.544315184994625,8699300
2025-12-10,7.5539751052856445,7.582954290842549,7.534655494709092,6257100
2025-12-11,7.679552555084228,7.689212590946296,7.54431527732632,13127200
2025-12-12,7.699044227600098,7.767263308595577,7.630824681896981,8357900
2025-12-15,7.728280544281006,7.728280544281006,7.660061465929657,8213100
2025-12-16,7.777009010314941,7.777009010314941,7.660061618209785,6546300
2025-12-17,7.718535423278809,7.757517887864448,7.679552958693169,19521900
2025-12-18,7.679553031921387,7.718535496878744,7.650315950849551,14881800
2025-12-19,7.942684173583984,7.96217587012134,7.669806927967735,22905300
2025-12-22,7.942684173583984,7.9524300218526625,7.874465094533733,8212600
2025-12-23,7.971921920776367,7.991412688393296,7.913447759095042,8046700
2025-12-24,7.903701782226562,7.971921791316127,7.903701782226562,7753200
2025-12-26,7.942684173583984,7.991412485512127,7.893956791071089,6547300
2025-12-29,8.020648956298828,8.020648956298828,7.893956648751137,12274300
2025-12-30,8.020648956298828,8.020648956298828,7.942684030385527,14193400
2025-12-31,8.040141105651855,8.040141105651855,7.913447861548113,14888600
2026-01-02,7.893956661224365,7.9914123540623665,7.864719116899257,26041800
2026-01-05,8.030394554138184,8.059632097505956,7.874464707170872,13900200
2026-01-06,7.786754131317139,8.04988645173954,7.757517516630835,26730200
2026-01-07,7.854974269866943,7.854974269866943,7.699043951663792,16710100
2026-01-08,7.854974269866943,7.903701652022868,7.81599180649306,5386900
2026-01-09,7.942684173583984,7.96217587012134,7.864719246265056,18667200
2026-01-12,8.001158714294434,8.010904563026598,7.952430400048905,11748400
2026-01-13,8.166833877563477,8.166833877563477,8.03039479270613,18598500
2026-01-14,8.13759708404541,8.157087850359753,8.088868774136744,13175100
2026-01-15,8.235053062438965,8.235053062438965,8.059632441814351,12793800
2026-01-16,8.196070671081543,8.244798983122667,8.186324822790269,10854400
2026-01-20,7.962175846099853,8.157088163809133,7.942684149621304,14644700
2026-01-21,8.010904312133789,8.040140927999332,7.913447686694965,12160500
2026-01-22,8.088869094848633,8.108359861935757,8.020649086505594,18052100
2026-01-23,8.088869094848633,8.098614943099816,8.049886631259143,16491700
2026-01-26,8.400729179382324,8.4104750280695,8.079123608027773,27209800
2026-01-27,8.722334861755371,8.722334861755371,8.410475135118624,49005500
2026-01-28,8.429965019226074,8.712588099204117,8.420220100852156,31995200
2026-01-29,8.254545211791992,8.439711690782627,8.157088583218842,36481200
2026-01-30,8.361746788024902,8.410475102476598,8.244799390990009,18068100
2026-02-03,8.342255592346191,8.439711286839607,8.313018047524444,17668400
2026-02-04,8.283781051635742,8.42022013295804,8.264289355983184,14753300
2026-02-05,8.30327320098877,8.38123812902869,8.283781504271163,13329600
2026-02-06,8.24479866027832,8.303272818321025,8.20581619805492,17313300
2026-02-09,8.332509994506836,8.381238307925702,8.28378168108797,15040500
2026-02-10,8.332509994506836,8.420220772777741,8.274035832521141,18461400
2026-02-11,8.371492385864258,8.381238234345526,8.303273305325915,25109700
2026-02-12,8.313017845153809,8.390982770616676,8.28378123045904,11921400
2026-02-13,8.24479866027832,8.32276358472512,8.24479866027832,9848400
2026-02-16,8.166833877563477,8.332509577241959,8.118105566584765,10392800
2026-02-19,8.254545211791992,8.274035979857448,8.196071048765043,18269600
2026-02-20,8.274035453796387,8.274035453796387,8.215562223902444,14435600
2026-02-23,8.283781051635742,8.332509361351935,8.22530689409327,11490500
2026-02-24,8.22530746459961,8.283781626197841,8.205816697010377,13377600
2026-02-25,8.254545211791992,8.332510142884395,8.18632520002467,16093900
2026-02-26,8.24479866027832,8.32276358472512,8.186324502235616,20260100
2026-02-27,7.835482597351074,8.225307232277897,7.835482597351074,42503400
2026-03-02,7.738026618957519,7.806246164013411,7.601587993553369,21768500
2026-03-03,7.8159918785095215,7.84522849395551,7.708789406182152,32000900
2026-03-04,7.747771739959717,7.845228362365342,7.718535125004123,33137600
2026-03-05,7.835482597351074,7.854974293805037,7.718535206873027,20490900
2026-03-06,7.767262935638428,7.825736629987264,7.757517552267428,26329300
2026-03-09,7.572350978851318,7.679552989242089,7.455403584629188,25141600
2026-03-10,7.650315761566162,7.728280689551874,7.630824529569734,13783800
2026-03-11,7.796500205993652,7.806246054310803,7.660061582506898,10860200
2026-03-12,7.786754131317139,7.835482442071126,7.747771668596992,15440900
2026-03-13,7.796500205993652,7.815991902627957,7.747771893823142,24233600
2026-03-16,7.800000190734863,7.900000095367432,7.730000019073486,14106300
2026-03-17,7.860000133514404,7.929999828338623,7.820000171661377,12717200
2026-03-18,7.949999809265137,7.980000019073486,7.880000114440918,8804000
2026-03-19,7.869999885559082,8.0,7.860000133514404,17504400
2026-03-24,7.829999923706055,7.949999809265137,7.820000171661377,19393800
2026-03-25,7.889999866485596,7.929999828338623,7.829999923706055,19085600
2026-03-26,7.809999942779541,7.920000076293945,7.809999942779541,8563400
2026-03-27,7.699999809265137,7.840000152587891,7.679999828338623,20524900
2026-03-30,7.480000019073486,7.639999866485596,7.429999828338623,30141100
2026-03-31,7.550000190734863,7.610000133514404,7.480000019073486,22007300
2026-04-01,7.710000038146973,7.739999771118164,7.630000114440918,21745800
2026-04-02,7.590000152587891,7.78000020980835,7.550000190734863,17597500
2026-04-03,7.489999771118164,7.670000076293945,7.46999979019165,16490800
2026-04-06,7.400000095367432,7.5,7.369999885559082,14095600
2026-04-07,7.349999904632568,7.429999828338623,7.329999923706055,9988100
2026-04-08,7.559999942779541,7.630000114440918,7.519999980926514,22783400
2026-04-09,7.449999809265137,7.570000171661377,7.420000076293945,15111400
2026-04-10,7.519999980926514,7.579999923706055,7.46999979019165,12470000
2026-04-13,7.389999866485596,7.489999771118164,7.329999923706055,15368300
2026-04-14,7.550000190734863,7.599999904632568,7.449999809265137,15008100
2026-04-15,7.5,7.599999904632568,7.489999771118164,14324700
2026-04-16,7.449999809265137,7.5,7.309999942779541,28067900
2026-04-17,7.46999979019165,7.510000228881836,7.429999828338623,9647900
2026-04-20,7.590000152587891,7.650000095367432,7.429999828338623,14833900
2026-04-21,7.800000190734863,7.840000152587891,7.599999904632568,21971700
2026-04-22,7.739999771118164,7.840000152587891,7.679999828338623,7561600
2026-04-23,7.78000020980835,7.840000152587891,7.730000019073486,7540500
2026-04-24,7.800000190734863,7.829999923706055,7.78000020980835,10016100
2026-04-27,7.650000095367432,7.820000171661377,7.650000095367432,15400500
2026-04-28,7.78000020980835,7.78000020980835,7.679999828338623,8216800
2026-04-29,7.690000057220459,7.800000190734863,7.670000076293945,7786500
2026-04-30,7.659999847412109,7.75,7.639999866485596,8192600
2026-05-04,7.690000057220459,7.730000019073486,7.670000076293945,5849400
2026-05-05,7.889999866485596,7.900000095367432,7.679999828338623,23506000
2026-05-06,7.929999828338623,8.039999961853027,7.900000095367432,28005900
2026-05-07,8.039999961853027,8.149999618530273,7.960000038146973,37948100
2026-05-08,7.929999828338623,8.09000015258789,7.929999828338623,13079700
2026-05-11,7.929999828338623,8.0,7.889999866485596,14412700
2026-05-12,7.900000095367432,8.0,7.889999866485596,17710000
2026-05-13,7.920000076293945,7.980000019073486,7.909999847412109,11305900
2026-05-14,7.900000095367432,7.960000038146973,7.880000114440918,7060800
2026-05-15,7.880000114440918,7.949999809265137,7.840000152587891,7170400
2026-05-18,7.800000190734863,7.900000095367432,7.78000020980835,6386000
2026-05-19,7.840000152587891,7.860000133514404,7.800000190734863,7486600
2026-05-20,7.760000228881836,7.849999904632568,7.699999809265137,14859900
2026-05-21,7.75,7.829999923706055,7.710000038146973,12389900
2026-05-22,7.75,7.789999961853027,7.739999771118164,8604500
2026-05-25,7.730000019073486,7.769999980926514,7.699999809265137,7008600
2026-05-26,7.679999828338623,7.789999961853027,7.670000076293945,21169300
2026-05-28,7.489999771118164,7.809999942779541,7.489999771118164,29053900
2026-05-29,7.480000019073486,7.539999961853027,7.420000076293945,56354400
2026-06-03,7.199999809265137,7.53000020980835,7.199999809265137,52457800
2026-06-04,7.349999904632568,7.369999885559082,7.199999809265137,19274000
2026-06-05,7.389999866485596,7.46999979019165,7.360000133514404,14800200
2026-06-08,7.389999866485596,7.409999847412109,7.309999942779541,13360600
2026-06-09,7.369999885559082,7.409999847412109,7.340000152587891,24998900
2026-06-10,7.400000095367432,7.449999809265137,7.340000152587891,16412100
2026-06-11,7.300000190734863,7.400000095367432,7.300000190734863,23817100
2026-06-12,7.389999866485596,7.409999847412109,7.320000171661377,9108000
2026-06-15,7.690000057220459,7.71999979019165,7.429999828338623,14882000
2026-06-16,7.78000020980835,7.800000190734863,7.650000095367432,18951500
2026-06-18,7.78000020980835,7.920000076293945,7.730000019073486,13115900
2026-06-19,7.650000095367432,7.789999961853027,7.599999904632568,17472000
2026-06-22,7.630000114440918,7.679999828338623,7.610000133514404,4900100
2026-06-23,7.480000019073486,7.670000076293945,7.480000019073486,10294800
2026-06-24,7.429999828338623,7.539999961853027,7.429999828338623,11645800
2026-06-25,7.389999866485596,7.489999771118164,7.389999866485596,8523300
2026-06-26,7.409999847412109,7.440000057220459,7.380000114440918,12150100
2026-06-29,7.449999809265137,7.489999771118164,7.389999866485596,8156300
2026-06-30,7.409999847412109,7.5,7.409999847412109,14561200
2026-07-01,7.420000076293945,7.46999979019165,7.420000076293945,7162500
2026-07-02,7.449999809265137,7.480000019073486,7.420000076293945,9562100
2026-07-03,7.599999904632568,7.619999885559082,7.460000038146973,5873900
2026-07-06,7.610000133514404,7.630000114440918,7.579999923706055,4000700
2026-07-07,7.599999904632568,7.619999885559082,7.570000171661377,7948100
2026-07-08,7.639999866485596,7.670000076293945,7.599999904632568,5866000
2026-07-09,7.599999904632568,7.659999847412109,7.579999923706055,14252000
2026-07-10,7.639999866485596,7.670000076293945,7.599999904632568,11823900
2026-07-13,7.690000057220459,7.730000019073486,7.610000133514404,6388500
2026-07-14,7.769999980926514,7.78000020980835,7.670000076293945,11622700
2026-07-15,7.710000038146973,7.840000152587891,7.679999828338623,9379700
2026-07-16,7.699999809265137,7.78000020980835,7.690000057220459,4363300
2026-07-17,7.820000171661377,7.840000152587891,7.659999847412109,12302900
2026-07-20,7.75,7.829999923706055,7.71999979019165,4140700
2026-07-21,7.679999828338623,7.78000020980835,7.630000114440918,9457600
2026-07-22,7.659999847412109,7.71999979019165,7.639999866485596,4901200
2026-07-23,7.730000019073486,7.75,7.659999847412109,6933100
2026-07-24,7.679999828338623,7.71999979019165,7.630000114440918,8281900
2026-07-27,7.800000190734863,7.820000171661377,7.699999809265137,7377900
2026-07-28,7.760000228881836,7.800000190734863,7.699999809265137,10444600
2026-07-29,7.809999942779541,7.829999923706055,7.760000228881836,7425300
2026-07-30,7.829999923706055,7.829999923706055,7.760000228881836,9592300
2026-07-31,7.889999866485596,7.889999866485596,7.78000020980835,25322200
2026-08-03,8.010000228881836,8.029999732971191,7.829999923706055,12535300
2026-08-04,8.029999732971191,8.069999694824219,7.980000019073486,7866500
2026-08-05,8.010000228881836,8.09000015258789,8.0,9770900
2026-08-06,7.96999979019165,8.020000457763672,7.900000095367432,7652000
2026-08-07,7.940000057220459,7.96999979019165,7.880000114440918,6658400
2026-08-10,7.920000076293945,7.960000038146973,7.909999847412109,2347400
2026-08-11,7.889999866485596,7.929999828338623,7.829999923706055,4125300
2026-08-12,7.920000076293945,7.920000076293945,7.829999923706055,7208700
2026-08-13,7.949999809265137,7.980000019073486,7.920000076293945,11344500
2026-08-14,7.949999809265137,7.989999771118164,7.929999828338623,4211800
2026-08-17,7.869999885559082,7.949999809265137,7.800000190734863,22459500
2026-08-18,7.949999809265137,7.960000038146973,7.840000152587891,5296300
2026-08-19,7.909999847412109,7.96999979019165,7.900000095367432,8666400
2026-08-20,7.980000019073486,8.0,7.909999847412109,6574000
2026-08-21,7.949999809265137,7.980000019073486,7.929999828338623,3554200
2026-08-24,7.960000038146973,7.96999979019165,7.940000057220459,8273300
2026-08-26,8.079999923706055,8.109999656677246,7.96999979019165,14993300
2026-08-27,8.069999694824219,8.100000381469727,8.020000457763672,8421800
2026-08-28,7.960000038146973,8.0600004196167,7.949999809265137,23312000
2026-09-01,7.849999904632568,8.050000190734863,7.800000190734863,25997400
2026-09-02,7.840000152587891,7.869999885559082,7.760000228881836,11022900
2026-09-03,7.989999771118164,8.029999732971191,7.889999866485596,14689700
