Date,Close,High,Low,Volume
2015-01-02,16.183334350585938,16.49228897158305,16.006789053310058,317900
2015-01-05,16.183334350585938,16.639410754174936,16.139198377031292,313300
2015-01-06,15.992073059082031,16.18333077294734,15.815527800834898,597400
2015-01-07,16.03620719909668,16.55113186271499,15.756677589426944,540200
2015-01-08,16.771818161010742,16.771818161010742,16.03621207670225,148900
2015-01-09,16.301023483276367,16.815948075043455,16.256887530656986,273700
2015-01-12,16.404008865356445,16.477569726356037,16.065630869037737,176800
2015-01-13,16.168615341186523,16.3598730198472,16.036206071109383,450900
2015-01-14,16.183334350585938,16.22747032414058,16.036212567994053,661000
2015-01-15,16.198041915893555,16.25689033054025,16.036207723322477,543200
2015-01-16,16.183334350585938,16.301031215436524,15.97736413556876,572300
2015-01-19,16.183334350585938,16.183334350585938,16.06563748573535,631200
2015-01-20,16.198041915893555,16.31573874518695,16.036207723322477,304600
2015-01-21,16.6099796295166,16.698252946696687,16.183328303102535,368000
2015-01-22,16.874799728393555,17.051344975917267,16.359875037490045,472400
2015-01-23,16.84537124633789,17.227886569709625,16.624690084500067,366000
2015-01-26,16.81595230102539,17.05134597822722,16.49228529334438,129900
2015-01-27,16.78652572631836,16.992495874987014,16.506996113106545,415800
2015-01-28,16.918935775756836,16.992496646697596,16.786526488674852,999500
2015-01-29,16.93364715576172,16.93364715576172,16.58055668132535,626300
2015-01-30,16.668827056884766,16.933645589750224,16.668827056884766,665800
2015-02-04,16.84537124633789,17.286734973070153,16.698250939464877,1431900
2015-02-05,16.918935775756836,16.992496646697596,16.845374904816076,1392700
2015-02-06,16.918935775756836,17.02192015323975,16.904223320957303,1290400
2015-02-09,16.771818161010742,16.977788369717736,16.727682188808267,440600
2015-02-10,16.551136016845703,16.845378154311522,16.4040142465842,270300
2015-02-11,16.551136016845703,16.609984444338867,16.4040142465842,655500
2015-02-12,16.90422248840332,16.90422248840332,16.40401027431052,540900
2015-02-13,16.918935775756836,16.977784191898063,16.55113282410995,604700
2015-02-16,17.051347732543945,17.198468094402976,16.801241574020747,589100
2015-02-17,16.796842575073242,17.066309660530454,16.721990051676688,688800
2015-02-18,16.781875610351562,17.021402597667176,16.781875610351562,97400
2015-02-23,16.81181526184082,16.976491131413646,16.617200661298526,413300
2015-02-24,16.781875610351562,16.841757357180466,16.632170529432575,546600
2015-02-25,17.081283569335938,17.081283569335938,16.67708215350714,1658100
2015-02-26,17.141164779663086,17.216017314394776,16.72199258393631,118500
2015-02-27,16.991464614868164,17.186079246223994,16.64714345572105,695500
2015-03-02,16.916610717773438,16.991463261861856,16.662112924488937,419700
2015-03-03,16.916610717773438,17.14116692234516,16.826787379328632,608300
2015-03-04,17.036375045776367,17.096256798420658,16.916611540487793,694300
2015-03-05,16.961519241333008,17.08128272362627,16.841755759039746,631700
2015-03-06,16.84176254272461,16.916615106231053,16.707028213951787,375900
2015-03-09,16.632171630859375,16.7219949708978,16.51240812927051,357900
2015-03-10,16.632171630859375,16.647142425481373,16.51240812927051,806200
2015-03-11,16.632171630859375,16.677084014725367,16.43755558385408,624700
2015-03-12,16.632171630859375,16.662113220103368,16.407615422303643,633300
2015-03-13,16.632171630859375,16.647142425481373,16.527378923892506,276800
2015-03-16,16.54235076904297,16.632172687092016,16.422587259848477,276100
2015-03-17,16.54235076904297,16.55732156461569,16.482469014445723,120000
2015-03-18,16.58725929260254,17.066313259042243,16.257908976828524,184200
2015-03-19,16.991464614868164,17.051346369368492,16.841759514770523,389400
2015-03-20,16.85672950744629,16.991463805578146,16.617202500853463,1347500
2015-03-23,16.572290420532227,17.096256827841643,16.572290420532227,194800
2015-03-24,16.916610717773438,16.976492467505466,16.692053085508185,274200
2015-03-25,16.991464614868164,17.066315737223338,16.90164126927085,340900
2015-03-26,16.85672950744629,17.006433172720016,16.841758712610844,149000
2015-03-27,17.111228942871094,17.186080068808902,16.85673111714015,326000
2015-03-30,16.781875610351562,17.201047838153887,16.781875610351562,289200
2015-03-31,17.051347732543945,17.066317101595526,16.73696813936064,738000
2015-04-01,17.066320419311523,17.126202190240214,16.841764135252436,153600
2015-04-02,17.111228942871094,17.20105086507395,17.021405592974528,223600
2015-04-03,17.066320419311523,17.21602556048027,17.006438648382833,174600
2015-04-06,17.111228942871094,17.216021661338996,16.9764946318731,520000
2015-04-07,17.290876388549805,17.290876388549805,17.05134932897375,632400
2015-04-08,17.2010498046875,17.29087314904676,17.051346134346893,218900
2015-04-09,17.066320419311523,17.096262018622888,16.94655687745414,1310000
2015-04-10,17.2010498046875,17.42560745173884,16.93158262699696,258400
2015-04-13,17.066320419311523,17.245967159791633,17.02140944803851,212400
2015-04-14,16.991464614868164,17.21602083732098,16.886670473722358,673300
2015-04-15,16.84176254272461,17.006437040283668,16.84176254272461,870100
2015-04-16,16.916610717773438,16.916610717773438,16.721994674220966,336300
2015-04-17,16.93157958984375,16.9465489548071,16.69205119041639,254400
2015-04-20,16.871700286865234,16.931582038458725,16.70702439921296,627000
2015-04-21,16.991464614868164,17.03637557382,16.90164126927085,791800
2015-04-22,16.991464614868164,17.186079246223994,16.766906964721702,292700
2015-04-23,16.81181526184082,17.141165573293055,16.81181526184082,185100
2015-04-24,17.530399322509766,17.530399322509766,16.961521976049667,191400
2015-04-27,17.51542854309082,17.62022267785441,17.216019788823896,205200
2015-04-28,17.26093292236328,17.590283307448477,17.156140202074518,861000
2015-04-29,17.051347732543945,17.29087476969432,17.051347732543945,323900
2015-04-30,16.572290420532227,17.141167785478746,16.39264516229021,779800
2015-05-05,16.766904830932617,16.766904830932617,16.57228879665036,325600
2015-05-06,16.467500686645508,16.751938706684086,16.422589720890755,366400
2015-05-07,16.512407302856445,16.58725984452665,16.40761460113425,615500
2015-05-08,16.557323455810547,16.73696874012156,16.48247089709084,747800
2015-05-11,16.257909774780273,16.557319946193825,16.093235322657627,268800
2015-05-12,16.018383026123047,16.36270415746594,15.808797616142918,1080300
2015-05-13,15.97347354888916,16.242942161162684,15.928562589408124,946000
2015-05-14,16.467500686645508,16.572293415971217,15.9285648145069,1791000
2015-05-15,16.512407302856445,16.58725984452665,16.36270364720952,773200
2015-05-18,16.69205093383789,16.75193267585093,16.3926422237727,286800
2015-05-19,16.512407302856445,16.82678683571652,16.512407302856445,609900
2015-05-20,16.766904830932617,16.901639118335215,16.467496096534322,400100
2015-05-21,16.88666534423828,16.96151787154994,16.766901871616913,414400
2015-05-22,16.961519241333008,17.06631193141628,16.856726551249736,702100
2015-05-25,16.617202758789062,16.916611521677577,16.512408621007882,533900
2015-05-26,16.347728729248047,16.901635113562424,16.16808353117526,422300
2015-05-27,15.70400619506836,16.317794592038986,15.56927187813456,1716500
2015-05-28,15.718972206115724,15.823764897294629,15.61417951493682,1078800
2015-05-29,15.494418144226074,15.718974349571106,15.254889716779564,4917200
2015-06-01,15.718972206115724,15.898617431433845,15.44950365429187,935800
2015-06-02,16.063297271728516,16.317795116856757,15.704006700145287,917800
2015-06-03,16.751935958862305,16.781877549583392,16.153118421376842,317100
2015-06-04,16.991464614868164,16.991464614868164,16.43755660112308,715000
2015-06-05,16.84176254272461,16.871704139204745,16.19803249534064,384900
2015-06-08,16.27288246154785,16.617203627643168,16.168089745981035,309300
2015-06-09,16.13814926147461,16.422588691375836,16.033356538718245,439300
2015-06-10,16.093238830566406,16.392647639549807,16.093238830566406,941600
2015-06-11,16.093238830566406,16.51241116314317,16.0183862713971,467700
2015-06-12,16.093238830566406,16.317795080380503,15.89862274780374,140700
2015-06-15,16.018383026123047,16.302822407801116,15.988442865137396,127000
2015-06-16,16.018383026123047,16.168088114131876,15.748915866478091,255900
2015-06-17,15.79382610321045,16.168087378510727,15.763884515893563,334000
2015-06-18,16.018383026123047,16.033353820462636,15.704003483459326,209600
2015-06-19,16.093238830566406,16.51241116314317,15.793830021583004,644800
2015-06-22,16.27288246154785,16.392645972965266,16.093237194421732,256300
2015-06-23,15.97347354888916,16.587261896673375,15.97347354888916,154300
2015-06-24,16.108205795288086,16.168087542837007,15.8686788050924,1679400
2015-06-25,16.033353805541992,16.242940643020606,15.823766968063378,482200
2015-06-26,16.033353805541992,16.183058893411506,15.853708556714691,849300
2015-06-29,15.853707313537598,16.00341096197449,15.718973030559004,255200
2015-06-30,16.018383026123047,16.512407817781245,15.808797616142918,645700
2015-07-01,16.27288246154785,16.542351076083865,16.033355438713027,649600
2015-07-02,16.69205093383789,16.841756002717162,16.18305684057374,1232800
2015-07-03,16.796842575073242,16.82678272781598,16.467492328744278,716200
2015-07-06,16.81181526184082,16.84175684819712,16.54234812310119,1100300
2015-07-07,16.84176254272461,16.916615106231053,16.721999012191855,689600
2015-07-08,16.751935958862305,16.841759303331937,16.467497985480115,321200
2015-07-09,16.84176254272461,16.946555275017293,16.482471951126353,633500
2015-07-10,16.976490020751953,17.051342554052177,16.901637487451733,1020000
2015-07-13,16.94655418395996,17.066317706782065,16.94655418395996,561900
2015-07-14,17.081283569335938,17.216017850510003,16.946549288161872,758800
2015-07-15,17.149097442626953,17.239513670887426,17.073749627649867,483000
2015-07-16,17.329931259155273,17.329931259155273,16.95319362308668,239100
2015-07-20,17.25458526611328,17.32993308870962,17.05868150221887,290000
2015-07-21,17.329931259155273,17.329931259155273,16.998401737015705,102200
2015-07-22,17.088821411132812,17.26965532524943,17.043613291888708,515900
2015-07-23,16.953197479248047,17.10389314280862,16.953197479248047,95600
2015-07-24,16.968263626098633,17.254583599745036,16.892915810779037,330000
2015-07-27,16.66687774658203,16.892919808899116,16.66687774658203,370500
2015-07-28,16.25999641418457,16.666873753441905,16.199718449532376,868400
2015-07-29,16.350414276123047,16.47097020687547,16.229858345370623,537400
2015-07-30,16.320276260375977,16.455902055764508,16.275068140959867,485600
2015-07-31,16.576459884643555,16.576459884643555,16.22986186779202,767500
2015-08-03,16.66687774658203,16.66687774658203,16.39562612208922,235800
2015-08-04,16.380556106567383,16.531251771386955,16.380556106567383,425200
2015-08-05,16.42576026916504,16.63673386159627,16.335344041794528,1146800
2015-08-06,16.244930267333984,16.425764202517957,16.15451401831218,652700
2015-08-07,16.2298583984375,16.27506651333246,16.124370880829176,697900
2015-08-10,16.19972038269043,16.244928502289376,16.079164438999765,923700
2015-08-11,16.184650421142578,16.19972027328719,16.003816506827825,854000
2015-08-12,16.003814697265625,16.154510327392096,15.973676433524354,1068100
2015-08-13,15.838053703308104,16.199721560679365,15.672288190824377,1574200
2015-08-14,15.536659240722656,15.747631376741037,15.47638128226885,916300
2015-08-17,15.385968208312988,15.446246184718962,15.205134279095068,310200
2015-08-18,15.265408515930176,15.280478365625084,15.144852592650842,1052600
2015-08-19,15.235270500183104,15.37089628814529,15.235270500183104,1083300
2015-08-20,15.250344276428224,15.29555240500384,15.12978830879958,688500
2015-08-21,15.295552253723145,15.44624793033874,15.235274270505002,849500
2015-08-24,15.265408515930176,15.310616627874934,15.069504781316269,776400
2015-08-25,15.325690269470217,15.446246222577644,14.768118627063275,772200
2015-08-26,15.672285079956056,15.777772595272513,15.43117322290135,573400
2015-08-27,15.672285079956056,15.883258673448935,15.205131216197572,490300
2015-08-28,15.687355041503906,15.973676451640928,15.521590997888817,668500
2015-09-01,15.370896339416504,16.501109326684485,15.114714613997885,872300
2015-09-02,15.838053703308104,16.04902590153785,15.099648135223374,559600
2015-09-03,15.7777738571167,15.913399646841794,15.491452426110357,173200
2015-09-04,15.762704849243164,15.838052673916703,15.536662812362769,369500
2015-09-07,15.672285079956056,15.762702744921585,15.325687144724926,330700
2015-09-08,15.702425956726074,15.928467980359772,15.385966261354817,502900
2015-09-09,15.7777738571167,16.033955585010737,15.73256430244824,817900
2015-09-10,15.822980880737305,15.973676511600344,15.385965275802544,810200
2015-09-11,15.747634887695312,15.973678360148677,15.596940676533285,338500
2015-09-14,16.576459884643555,16.576459884643555,15.596942375407128,286600
2015-09-15,16.576459884643555,16.591529738543283,16.214792013892293,745600
2015-09-17,16.923053741455078,17.329931073886577,16.65180362364076,1583800
2015-09-18,16.77235984802246,17.088819522028167,16.57645610343416,922700
2015-09-21,16.727157592773438,17.088825507706566,16.6216700397292,615700
2015-09-22,16.2298583984375,16.591526191877318,16.154510582185857,363200
2015-09-23,16.049026489257812,16.35041781857788,15.973680094068165,582500
2015-09-25,16.049026489257812,16.094236050940044,15.853124137196284,433600
2015-09-28,16.049026489257812,16.229861861706002,15.868192553949992,289600
2015-09-29,16.0942325592041,16.27506645527897,15.97367662848752,626500
2015-09-30,16.350414276123047,16.50110847099355,15.988745046725722,1928000
2015-10-01,16.787431716918945,16.877847956283166,16.109302735986237,984800
2015-10-02,16.953197479248047,16.983337186816303,16.455903801494667,583700
2015-10-05,17.05868148803711,17.16416901444036,16.95319539877404,1388500
2015-10-06,17.02854347229004,17.209377386752102,16.953195648645796,816400
2015-10-07,16.90798568725586,17.103889432531858,16.57645616162416,2521400
2015-10-08,16.862777709960938,17.103891029291702,16.651805531614265,1500900
2015-10-09,17.02854347229004,17.058681739463616,16.847709557827976,1744200
2015-10-12,17.088821411132812,17.194307501749126,16.9531956162603,420100
2015-10-13,17.118959426879883,17.17923739736699,16.817569574444356,395000
2015-10-15,17.05868148803711,17.254585251768653,16.907987280109893,623900
2015-10-16,17.02854347229004,17.103891295934282,16.953195648645796,274100
2015-10-19,17.103891372680664,17.20937746397181,16.953195724715993,587200
2015-10-20,17.02854347229004,17.164169267421638,16.923055944332017,375600
2015-10-21,17.239511489868164,17.239511489868164,17.028539359191047,1886600
2015-10-22,17.209375381469727,17.28472319633424,17.103889302943426,415100
2015-10-23,17.571044921875,17.706670714738834,17.164168980423682,1958500
2015-10-26,17.450489044189453,17.857366424256238,17.420350777410533,1354200
2015-10-27,17.480627059936523,17.721738919443503,17.45048735892813,1723500
2015-10-28,17.420352935791016,17.46556106013077,17.194309439811523,1666100
2015-10-29,17.314861297607422,17.691598931256706,17.20937522007043,2833900
2015-10-30,17.16417121887207,17.345005153893734,17.11896165726138,677100
2015-11-02,16.99839973449707,17.405277023345654,16.953191625893847,1104700
2015-11-03,17.103891372680664,17.239515731280616,16.99840384424931,857600
2015-11-04,17.299795150756836,17.314865004242453,17.08882295051952,1693600
2015-11-05,17.299795150756836,17.32993485772807,17.08882295051952,799400
2015-11-06,17.329931259155273,17.706668895223867,17.043611288084755,145500
2015-11-09,17.631324768066406,17.631324768066406,17.103892829545213,639300
2015-11-11,17.299795150756836,17.706672572026505,16.968266996915247,831600
2015-11-12,16.983335494995117,17.0586818821293,16.907987670720722,1732500
2015-11-13,16.983335494995117,17.179237826112246,16.832639846446327,395100
2015-11-16,16.953197479248047,17.25458736922883,16.802501815687478,411300
2015-11-17,16.983335494995117,17.26965550266956,16.983335494995117,880500
2015-11-18,17.088821411132812,17.25458547312133,16.84770952564399,215100
2015-11-19,17.043611526489258,17.17923587017343,16.892915895097893,673100
2015-11-20,17.043611526489258,17.314861650997646,16.892915895097893,230800
2015-11-23,17.043611526489258,17.269653536436255,16.968263710793575,286100
2015-11-24,17.17923927307129,17.299795227208325,16.968267071901643,571800
2015-11-25,17.16417121887207,17.329935300023504,16.892919597769396,898300
2015-11-26,17.073749542236328,17.31486139924478,16.923053913036032,221300
2015-11-27,17.17923927307129,17.345004787864966,16.938127364797218,1307400
2015-11-30,17.284725189208984,17.34500316062245,16.938125775726398,1867800
2015-12-01,17.16417121887207,17.314865446153274,16.93812772223972,769100
2015-12-02,17.05868148803711,17.103891043841436,16.968265250708814,489100
2015-12-03,16.99839973449707,17.103887237424402,16.968261474474875,665300
2015-12-04,16.832637786865234,17.118957759506596,16.802498085987175,678500
2015-12-07,17.1340274810791,17.1340274810791,16.953193588590935,386200
2015-12-08,17.149097442626953,17.19430555675719,17.103889328496717,382700
2015-12-09,17.16417121887207,17.26965732168295,17.14910136500184,1411100
2015-12-10,16.546321868896484,17.23951941062737,16.546321868896484,864800
2015-12-11,16.681947708129883,16.877851517609503,16.57646159423336,759400
2015-12-14,16.681947708129883,16.907991228517375,16.365487929299807,829700
2015-12-15,16.681947708129883,16.83264338838821,16.681947708129883,525800
2015-12-16,16.877849578857422,16.95319741033141,16.681945791881194,1033100
2015-12-17,17.299795150756836,17.314865004242453,16.938127289944017,1266200
2015-12-18,17.390207290649414,17.390207290649414,16.78742771479011,2115400
2015-12-21,16.953197479248047,17.10389314280862,16.877849647467762,740800
2015-12-22,17.103891372680664,17.13402963998947,16.832639781200342,412900
2015-12-23,17.329931259155273,17.329931259155273,16.90798550915766,772500
2015-12-28,17.25458526611328,17.360072792604228,17.13402932481521,657900
2015-12-29,17.329931259155273,17.42034892415335,17.25458344451355,694300
2015-12-30,17.25458526611328,17.480628733902297,17.25458526611328,826200
2015-12-31,17.239511489868164,17.495693166095965,17.239511489868164,1959300
2016-01-04,17.17923927307129,17.480630595554214,16.968267071901643,467400
2016-01-05,17.329931259155273,17.555973265940416,17.028541437728403,931000
2016-01-06,17.465559005737305,17.525836976813544,17.17923756527003,1125200
2016-01-07,17.314861297607422,17.52583488982143,17.284723034228293,1063800
2016-01-08,17.2696533203125,17.450487213435036,17.088819427189964,332600
2016-01-11,17.17923927307129,17.1943091266235,17.08882302603868,362500
2016-01-12,17.224449157714844,17.345005114119502,16.998405661600838,542400
2016-01-13,17.224449157714844,17.40528309232183,17.043615223107857,181400
2016-01-14,17.02854347229004,17.329933329726813,17.01347362013315,403200
2016-01-15,17.224449157714844,17.32993526028383,17.179239596207825,650800
2016-01-18,17.118959426879883,17.209377101180632,16.817569574444356,267300
2016-01-19,17.149097442626953,17.314861485864512,17.118957741780104,654400
2016-01-20,17.17923927307129,17.40528276493348,17.043614902522375,890500
2016-01-21,17.043611526489258,17.13402775561204,16.953193860226428,826200
2016-01-22,17.103891372680664,17.284725287954142,17.043613400922837,550400
2016-01-26,17.16417121887207,17.465561110574843,16.727155516617962,730000
2016-01-27,17.149097442626953,17.480626966242106,17.13402759220353,733500
2016-01-28,17.58611488342285,17.72174067713226,17.14909923543708,1185000
2016-01-29,18.008060455322266,18.05326857361612,17.269654962248655,2086700
2016-02-02,17.706668853759766,18.083406488946142,17.48062684750395,1012200
2016-02-03,17.525835037231445,17.782016745238906,17.360070994401923,1063700
2016-02-04,17.691598892211914,18.008058561264498,17.54090470136879,1781700
2016-02-05,17.947782516479492,17.97792222015467,17.586114695218384,1466500
2016-02-10,17.299795150756836,18.08341028632494,17.299795150756836,322600
2016-02-11,17.420352935791016,17.63132514080344,17.28472712563139,1642400
2016-02-12,17.465559005737305,17.977922478455426,17.420350886715173,643300
2016-02-15,17.631324768066406,17.97792421305149,17.465560690898087,1104400
2016-02-16,17.766950607299805,17.842298437835527,17.63132479976357,920900
2016-02-17,17.827228546142578,17.88750652301407,17.736812299405504,1797200
2016-02-18,18.203968048095703,18.309454158692105,18.008064244744915,3460300
2016-02-19,18.234102249145508,18.53549207203633,18.203962548286405,2160300
2016-02-22,18.310396194458008,18.67660376910408,18.29513718171953,1925300
2016-02-23,18.462984085083008,18.89022627109083,18.295137849195235,1706900
2016-02-24,18.676603317260746,18.90548413726188,18.18832656287887,1420800
2016-02-25,18.310396194458008,18.722380807319496,18.21884357320672,1961500
2016-02-26,18.310396194458008,18.67660376910408,18.27987816898106,1127600
2016-02-29,18.157808303833008,18.554533889238712,18.050998128985125,926300
2016-03-01,18.234102249145508,18.69186243658764,18.142551084764797,796700
2016-03-02,18.21884155273437,18.676601697866065,18.06625580781007,2247700
2016-03-03,18.310396194458008,18.67660376910408,18.15780897743237,1119200
2016-03-04,18.096776962280277,18.600312813018327,18.00522578315322,812900
2016-03-07,18.310396194458008,18.58505260303233,18.29513718171953,1665300
2016-03-08,18.310396194458008,18.630828186068204,18.26462061142213,979500
2016-03-09,18.310396194458008,18.524018007257983,18.310396194458008,1369100
2016-03-10,18.295141220092773,18.539279657079987,18.23410661084597,1141200
2016-03-11,18.447725296020508,18.61557007876884,18.401949710758167,1224600
2016-03-14,18.447725296020508,18.676604677511836,18.401949710758167,764700
2016-03-15,18.72238540649414,18.72238540649414,18.23410706517372,749300
2016-03-16,18.41720390319824,18.72237829632028,18.37142832630168,948400
2016-03-17,18.56978988647461,18.69185905367611,18.40194514536736,1272100
2016-03-18,18.462984085083008,18.67660445049712,18.295137849195235,2200500
2016-03-21,18.447725296020508,18.63082909224949,18.34091511201517,808900
2016-03-22,18.524019241333008,18.554535813663428,18.386691027897,1939100
2016-03-23,18.447725296020508,18.70712270447314,18.356172670316205,2270300
2016-03-24,18.310396194458008,18.53927556481691,18.249361598683663,370000
2016-03-25,18.310396194458008,18.371430790232356,18.005223215586284,339600
2016-03-28,18.295141220092773,18.386693861552917,18.23410661084597,700900
2016-03-29,18.310396194458008,18.49349998178104,18.249361598683663,2001500
2016-03-30,18.310396194458008,18.53927556481691,18.29513718171953,1850800
2016-03-31,18.310396194458008,18.508758994519518,18.26462061142213,2029500
2016-04-01,18.310396194458008,18.53927556481691,18.050998798622157,714200
2016-04-04,18.432470321655277,18.508763950597174,18.005228036832516,508100
2016-04-05,18.386688232421875,18.569792004104603,18.2951356189908,1270000
2016-04-06,18.691865921020508,18.691865921020508,18.264623678847524,605300
2016-04-07,18.27987670898437,18.64608570956122,18.27987670898437,1140400
2016-04-08,18.325658798217773,18.417209982229515,18.2341061590262,845500
2016-04-11,18.325658798217773,18.371434390223644,18.218847143297637,1601700
2016-04-12,18.20358657836914,18.279878734060805,18.081517383046968,208100
2016-04-13,18.310396194458008,18.417206373268225,18.15780897743237,855300
2016-04-14,18.21884155273437,18.371428752838067,18.15780696372877,1323300
2016-04-15,18.310396194458008,18.53927556481691,18.096774381658022,1044800
2016-04-18,18.310396194458008,18.310396194458008,18.03573978588368,255900
2016-04-19,18.249361038208008,18.432464819907548,18.15780841976849,1230400
2016-04-20,18.249361038208008,18.67660319550693,18.15780841976849,1069800
2016-04-21,18.310396194458008,18.432465386006697,18.21884357320672,1118400
2016-04-22,18.249361038208008,18.34091365664753,18.173067432038323,718400
2016-04-25,18.356172561645508,18.356172561645508,18.14255219489949,1130000
2016-04-26,18.234102249145508,18.24936126160213,18.1578086420419,1845400
2016-04-27,18.249361038208008,18.264620050477845,18.142550862678156,835900
2016-04-28,18.310396194458008,18.371430790232356,18.112033394396494,2050100
2016-04-29,18.249361038208008,18.279877607568174,18.11203283813848,1062600
2016-05-03,17.837379455566406,18.34091675939841,17.700052687444675,1465300
2016-05-04,17.68479347229004,17.806862679357707,17.577983279900764,1670700
2016-05-05,17.623756408691406,17.730566586171264,17.547462801128855,590200
2016-05-06,17.53220558166504,17.669533798286803,17.440654407370317,785900
2016-05-09,17.486427307128906,17.547461899005224,17.410133703488647,461500
2016-05-10,17.51694679260254,17.70005205390376,17.31858542735566,765800
2016-05-11,17.608497619628906,17.608497619628906,17.471169415309255,1627400
2016-05-12,17.623756408691406,17.776342168636983,17.349100003538027,1451600
2016-05-13,17.440656661987305,18.157812955664188,17.3948796137425,1229700
2016-05-16,17.623756408691406,17.623756408691406,17.25754883860659,338800
2016-05-17,17.54746437072754,17.654274557761433,17.349101555393407,1165200
2016-05-18,17.54746437072754,17.791602772621957,17.379619583220038,1089700
2016-05-19,17.577978134155273,17.791598456398997,17.394872921975928,480800
2016-05-20,17.501686096191406,17.57797969886086,17.471168073051846,1947700
2016-05-23,17.608497619628906,17.608497619628906,17.39487580677839,620700
2016-05-24,17.54746437072754,17.806861786535276,17.440654183693646,648000
2016-05-25,17.562726974487305,17.867900039233138,17.42539873155669,818300
2016-05-26,17.669538497924805,17.761091151749834,17.394881991629788,336700
2016-05-27,17.608497619628906,17.76108483669064,17.48642842805134,543600
2016-05-30,17.577978134155273,17.88315106248867,17.440649952610418,953700
2016-05-31,17.577978134155273,17.76108189115531,17.394872921975928,2160300
2016-06-01,17.577978134155273,17.76108189115531,17.471166517854105,943300
2016-06-02,17.577978134155273,17.65427027485414,17.440649952610418,890400
2016-06-03,17.608497619628906,17.700050240901856,17.593238606886825,737800
2016-06-06,17.745830535888672,17.883158776672236,17.532208666316468,656900
2016-06-07,17.837379455566406,18.096776887318143,17.471171830215628,895500
2016-06-08,17.776342391967773,17.959447634490132,17.73056680892696,1245700
2016-06-09,17.669538497924805,17.77634871473728,17.593244862267294,1012400
2016-06-10,17.700048446655273,17.776340592272888,17.59323682346769,600400
2016-06-13,17.608497619628906,17.700050240901856,17.516944998355957,1193900
2016-06-14,17.577978134155273,17.608494699398957,17.4864255280656,400800
2016-06-15,17.562726974487305,17.577985991519586,17.547467957455023,1223300
2016-06-16,17.54746437072754,17.608498971201143,17.54746437072754,431900
2016-06-17,17.669538497924805,17.669538497924805,17.547469262944812,617100
2016-06-20,17.623756408691406,17.70005001625396,17.501687218663132,1496900
2016-06-21,17.608497619628906,17.62375663237099,17.547463023840123,474400
2016-06-23,17.700048446655273,17.73056501386644,17.486426655459507,348100
2016-06-24,17.54746437072754,17.77634375870864,17.33384254148009,1016700
2016-06-27,17.54746437072754,17.608498971201143,17.425395169780327,808400
2016-06-28,17.54746437072754,17.57798239855417,17.425395169780327,539400
2016-06-29,17.715309143066406,17.77634374348775,17.440654168760187,237000
2016-06-30,17.745830535888672,17.745830535888672,17.63902032869254,706900
2016-07-01,17.68479347229004,17.71531004646709,17.577983279900764,1019800
2016-07-04,17.715309143066406,18.035741159073385,17.684792570445563,1015300
2016-07-05,17.715309143066406,17.806861771288254,17.684792570445563,349700
2016-07-08,17.700048446655273,17.715306002671156,17.562720256256526,1620600
2016-07-11,17.776342391967773,17.989964204790827,17.608497617365085,1090100
2016-07-12,17.68479347229004,17.806862679357707,17.639017883434597,1004400
2016-07-13,17.73056983947754,17.80686346103888,17.593241611703082,1559400
2016-07-14,17.75360679626465,17.784321616233008,17.646101264792726,930300
2016-07-15,17.784318923950195,18.12219068025176,17.67681487338586,1767000
2016-07-18,17.815034866333008,17.95325372959689,17.75360377222701,385800
2016-07-19,17.845752716064453,17.937900105211195,17.70753236466087,1002000
2016-07-20,17.738248825073242,17.845752892949122,17.738248825073242,1116000
2016-07-21,17.768964767456055,17.845754019916566,17.676818836209982,989500
2016-07-22,17.738248825073242,17.89182585566263,17.692175862359733,632100
2016-07-25,17.830392837524414,17.907182076897133,17.6768158234119,577700
2016-07-26,17.676816940307617,17.799679145213748,17.600027696083032,1403300
2016-07-27,17.738248825073242,17.815038072684473,17.661459577462008,658100
2016-07-28,17.738248825073242,17.768963645337887,17.600028472299638,475900
2016-07-29,17.75360679626465,17.983973072243078,17.692175691694864,876900
2016-08-01,17.815034866333008,17.983970008966295,17.722887492857605,685900
2016-08-02,17.768964767456055,17.815039197712263,17.676818836209982,391900
2016-08-03,17.738248825073242,17.78432178778675,17.661459577462008,1221900
2016-08-04,17.768964767456055,17.768964767456055,17.64610254937251,152700
2016-08-05,17.75360679626465,17.845752720802796,17.692175691694864,1396500
2016-08-08,17.830392837524414,17.96861317546872,17.830392837524414,668300
2016-08-09,17.738248825073242,17.937900283009217,17.738248825073242,865300
2016-08-10,17.784318923950195,17.876466299171653,17.67681487338586,1107400
2016-08-11,17.845752716064453,17.891825678321293,17.73824864925414,1080100
2016-08-12,17.861108779907227,17.968612834207555,17.799677682502338,656000
2016-08-15,17.891822814941406,17.953253909663545,17.707529530775,1355400
2016-08-16,17.891822814941406,17.92253909461889,17.768960625497137,4335500
2016-08-17,17.830392837524414,17.953255034667595,17.815036161356208,1676200
2016-08-18,17.768964767456055,17.999332524837584,17.768964767456055,1497900
2016-08-19,18.152904510498047,18.152904510498047,17.907180142752242,2314200
2016-08-22,18.07611846923828,18.152906243012904,17.999329230830757,1039700
2016-08-23,18.04540252685547,18.168264724761297,17.983971427902553,619500
2016-08-24,18.060762405395508,18.16826647274795,18.014687978273265,1072300
2016-08-25,18.122190475463867,18.16826343023753,17.830391677754054,611400
2016-08-26,18.09147453308105,18.275767820243736,17.907181245918373,136400
2016-08-29,17.95325469970703,19.197236253363457,17.95325469970703,986100
2016-08-30,18.10683822631836,18.352562684562663,17.983975997196207,1309200
2016-09-01,18.10683822631836,18.21434231064192,17.968617852397614,775500
2016-09-02,18.214338302612305,18.22969644403137,18.045403140901527,970000
2016-09-05,18.137548446655277,18.214336215686608,18.06075921299113,312000
2016-09-06,18.22969055175781,18.291121632945096,18.04539730819597,342100
2016-09-07,18.275768280029297,18.306484560978937,18.04540203143856,744200
2016-09-08,18.35255622863769,18.521492832728374,18.30648327508241,1679200
2016-09-09,18.24505615234375,18.413991328562755,18.16826690328671,2290800
2016-09-13,18.32184219360352,18.64435581147076,18.014685251152542,834800
2016-09-14,18.291126251220703,18.36791548825123,18.19898033849037,1427700
2016-09-15,18.275768280029297,18.306484560978937,18.137549409654586,1604700
2016-09-19,18.275768280029297,18.275768280029297,18.229695323237728,657700
2016-09-20,18.291126251220703,18.383273628583915,18.21433701419017,990700
2016-09-21,18.275768280029297,18.39863047456208,18.214337182762907,2007500
2016-09-22,18.30648422241211,18.429346414672636,18.26041126647263,1609400
2016-09-23,18.46006202697754,18.47541870197969,18.13754841780734,2585800
2016-09-26,18.50613594055176,18.58292517807429,18.27576822798416,2692900
2016-09-27,18.50613594055176,18.567567037643208,18.32184264927741,984100
2016-09-28,18.49077606201172,18.552207153328727,18.429344970694714,1479500
2016-09-29,18.46006202697754,18.552207935521704,18.46006202697754,1415200
2016-09-30,18.41398811340332,18.506135489109077,18.398629973346885,3010600
2016-10-04,18.46006202697754,18.536849795886734,18.383272793435527,3260200
2016-10-05,18.475419998168945,18.567567377810747,18.22969560530135,3257900
2016-10-06,18.46006202697754,18.536849795886734,18.42934574770761,1429200
2016-10-07,18.521493911743164,18.521493911743164,18.36791543810142,3072300
2016-10-10,18.429346084594727,18.521493459456146,18.367914989564724,2693300
2016-10-11,18.44470596313477,18.79793442669489,18.38327486231418,4748100
2016-10-12,18.46006202697754,18.47541870197969,18.413987608072645,3278700
2016-10-13,18.46006202697754,18.64435530869868,18.42934574770761,2237900
2016-10-14,18.383277893066406,18.490781971067808,18.321846782118005,1140000
2016-10-17,18.41398811340332,18.56756658470196,18.383273297923303,2458600
2016-10-18,18.39862823486328,18.59827964283334,18.27576605528674,2916500
2016-10-19,18.39862823486328,18.42934451207377,18.33719714507501,2995200
2016-10-20,18.36791610717773,18.39863092424519,18.352557966327545,1996800
2016-10-21,18.70578956604004,18.70578956604004,18.321844798031883,1293700
2016-10-24,18.64435768127441,18.7211454599552,18.42934809292244,541100
2016-10-25,18.613643646240234,18.751864007972603,18.59828550279593,628600
2016-10-26,18.58292579650879,18.67507171289611,18.42934731635268,730300
2016-10-27,18.58292579650879,18.690429853838307,18.44470545729488,719700
2016-10-28,18.36791610717773,18.58292568518162,18.27576872670952,712500
2016-10-31,18.39862823486328,18.6904270098321,18.27576605528674,629100
2016-11-01,18.39862823486328,18.813289189408643,18.3679134222855,1231000
2016-11-02,18.35255622863769,18.398629182192977,18.321841414478435,1330900
2016-11-03,18.50613594055176,18.552208897212125,18.214337130892712,813000
2016-11-04,18.30648422241211,18.53685046674237,18.22969498609107,1154100
2016-11-07,18.32184219360352,18.552208435808897,18.24505295799077,348200
2016-11-08,18.32184219360352,18.490777340245277,18.29112591350528,771600
2016-11-09,18.122190475463867,18.42934594834302,18.03004310128371,790500
2016-11-10,18.01468849182129,18.47542252374651,18.01468849182129,510100
2016-11-11,18.18362236022949,18.24505345747488,17.815035776757167,1444200
2016-11-14,18.07611846923828,18.152906243012904,18.060760328630195,573700
2016-11-15,18.19898223876953,18.27577001918512,17.937899684384057,730500
2016-11-16,18.36791610717773,18.36791610717773,18.137549852956585,842100
2016-11-17,18.35255622863769,18.506134693332356,18.321841414478435,774000
2016-11-18,18.275768280029297,18.32184270145376,18.15290608549652,944300
2016-11-21,18.22969055175781,18.49077301296189,18.137544662293145,703000
2016-11-22,18.22969055175781,18.398625658864717,18.198975743480425,2592000
2016-11-23,18.22969055175781,18.398625658864717,18.198975743480425,1880400
2016-11-24,18.22969055175781,18.367910850587325,18.091470252928303,1495500
2016-11-25,18.50613594055176,18.552208897212125,18.18362231466343,1308100
2016-11-28,18.41398811340332,18.46006253357262,18.306484062273984,868100
2016-11-29,18.33720016479492,18.41398940583388,18.29112720602473,221100
2016-11-30,18.33720016479492,18.429347546968263,18.045402806406425,3020100
2016-12-01,18.33720016479492,18.367916447063685,18.26041238838892,449200
2016-12-02,18.33720016479492,18.444705688102644,18.30648534715911,1348900
2016-12-05,18.19898223876953,18.321844444994102,18.137551135657244,890000
2016-12-06,18.275768280029297,18.39863047456208,18.19898050692097,1706000
2016-12-07,18.30648422241211,18.38327345873315,18.275767942030548,3497000
2016-12-08,18.475419998168945,18.475419998168945,18.306484844230702,573000
2016-12-09,18.33720016479492,18.444705688102644,18.30648534715911,511500
2016-12-13,18.33720016479492,18.429347546968263,18.22969610612015,1124500
2016-12-14,18.33720016479492,18.41398940583388,18.32184348829349,1536900
2016-12-15,18.49077606201172,18.49077606201172,18.16826246643925,1273300
2016-12-16,18.32184219360352,18.490777340245277,18.275767773456163,1347900
2016-12-19,18.214338302612305,18.321843827912783,18.214338302612305,963200
2016-12-20,18.275768280029297,18.32184270145376,18.19898050692097,1487000
2016-12-21,18.16826438903809,18.41398878030911,18.16826438903809,1166400
2016-12-22,18.22969055175781,18.27576349649015,18.18361760702548,689100
2016-12-23,18.07611846923828,18.22969548142043,18.060760328630195,1478500
2016-12-27,18.137548446655277,18.198979540660027,18.04540107333174,748500
2016-12-28,18.18362236022949,18.27576827378113,18.13754940345368,1794100
2016-12-29,18.58292579650879,18.58292579650879,18.122191820673383,1000600
2016-12-30,18.429346084594727,18.59828122976902,18.24505279950472,924500
2017-01-03,18.429346084594727,18.429346084594727,18.30648389453472,291600
2017-01-04,18.44470596313477,18.55221002341255,18.33720043822401,189300
2017-01-05,18.44470596313477,18.582926306139328,18.36791672095079,417100
2017-01-06,18.521493911743164,18.55220872769179,18.429346534631545,1240700
2017-01-09,18.50613594055176,18.58292517807429,18.50613594055176,371900
2017-01-10,18.50613594055176,18.65971295096394,18.475419659689592,480500
2017-01-11,18.521493911743164,18.628997964512664,18.429346534631545,425600
2017-01-12,18.58292579650879,18.62899875470245,18.49077841548853,1348900
2017-01-13,18.58292579650879,18.59828247281805,18.44470545729488,1372700
2017-01-16,18.50613594055176,18.58292517807429,18.413988562598146,2023100
2017-01-17,18.58292579650879,18.59828247281805,18.50613655643073,2308500
2017-01-18,18.521493911743164,18.59828168393117,18.47541949087092,238900
2017-01-19,18.598283767700195,18.644358193734664,18.475421560874352,230900
2017-01-20,18.613643646240234,18.613643646240234,18.50613957139647,2150600
2017-01-23,18.613643646240234,18.736505864528304,18.582928823984805,1846200
2017-01-24,18.628999710083008,18.659714528909667,18.59828342662334,3167500
2017-01-25,18.675073623657227,18.73650472907848,18.64435880326314,1106500
2017-01-26,18.690431594848636,18.813293804564942,18.65971531010302,384900
2017-01-27,18.46006202697754,18.72114307760788,17.661456341553126,182400
2017-01-31,18.50613594055176,18.62899813473465,18.460062983891397,1498600
2017-02-02,18.690431594848636,18.721146414961176,18.47542199552856,2161500
2017-02-03,18.813295364379883,18.82865350802604,18.675075000830883,1454100
2017-02-06,19.32009506225586,19.32009506225586,18.82864636898151,1389800
2017-02-07,19.212594985961918,19.350815325587,19.08973278732472,1727700
2017-02-08,19.243310928344727,19.28938535400207,19.212596109206185,1610300
2017-02-10,19.258665084838867,19.58117867453415,19.197233994641323,1459300
2017-02-13,19.27402687072754,19.427603892966072,19.258668729113783,1298700
2017-02-14,19.27402687072754,19.350816114163305,19.243310587500037,2451300
2017-02-15,19.197237014770508,19.366172173232627,19.13580591490856,2267500
2017-02-16,19.13580894470215,19.19724005429055,19.13580894470215,1998200
2017-02-17,19.10508918762207,19.135805469154004,19.05901622995708,3035500
2017-02-20,19.06614875793457,19.175188202573636,19.00384114051116,935700
2017-02-21,18.879226684570312,19.221919337303063,18.879226684570312,1154700
2017-02-22,18.848072052001957,18.86364784155877,18.754609887007497,2589200
2017-02-23,18.92595863342285,19.237498245347798,18.89480556354894,1308100
2017-02-24,18.754608154296875,19.066146199611325,18.739030880648507,3425800
2017-02-27,18.848072052001957,19.019417621372614,18.598840107193645,1402300
2017-02-28,18.80133819580078,18.941530685383377,18.707877526432757,1434000
2017-03-01,18.848072052001957,18.92595545637817,18.801340226739367,446700
2017-03-02,18.94153594970703,19.159613381392496,18.832497976629785,1371200
2017-03-03,18.988265991210938,19.15961307246205,18.92595836680988,517300
2017-03-06,18.988265991210938,19.066150893095,18.84807495045677,1255100
2017-03-07,19.144031524658203,19.23749368317733,19.06614664014736,903500
2017-03-08,19.003841400146484,19.20634153092189,18.739033651096403,624000
2017-03-09,18.988265991210938,19.14403579497905,18.94153564429288,718400
2017-03-10,18.988265991210938,19.003843268693934,18.95711292177588,1384600
2017-03-13,19.050573348999023,19.190765873322142,18.97268993373589,952000
2017-03-14,19.08172416687012,19.377684949294217,19.05056961844093,1341800
2017-03-15,19.08172416687012,19.25306972663874,19.066146892655524,1335600
2017-03-16,19.237491607666016,19.42441441900677,18.98825970701456,1490500
2017-03-17,19.284223556518555,19.377684227262407,19.25306900925022,3074700
2017-03-20,19.315378189086918,19.3932630780612,19.128455346867057,863300
2017-03-21,19.33095359802246,19.471146087537623,19.29980053675829,2409900
2017-03-22,19.315378189086918,19.439993417233485,19.23749478564333,1223700
2017-03-23,19.22191619873047,19.455569364174377,19.11287825292739,1283400
2017-03-24,19.06614875793457,19.299803437420465,19.06614875793457,2388800
2017-03-27,19.237491607666016,19.237491607666016,19.112876400105517,695400
2017-03-28,19.2998046875,19.424419930418363,19.26865013400497,1059800
2017-03-29,19.2998046875,19.439995721635004,19.28422741075249,1163100
2017-03-30,19.2998046875,19.31538047871664,19.19076523579828,1562200
2017-03-31,19.22191619873047,19.315376870695797,19.09730097908964,2142300
2017-04-03,19.237491607666016,19.39325987435142,19.159606731558085,461800
2017-04-04,19.40884017944336,19.40884017944336,19.112879386623877,772200
2017-04-05,19.175188064575195,19.40884125684877,19.097303171973746,1901600
2017-04-06,19.22191619873047,19.23749347256822,19.175185862747806,1273200
2017-04-07,19.22191619873047,19.36210869220905,19.159608588910054,2090500
2017-04-10,19.050573348999023,19.206343150587134,19.00384300273496,323700
2017-04-11,19.050573348999023,19.14403552705808,18.97268993373589,1629700
2017-04-12,19.06614875793457,19.097303309411668,19.034995691988254,3192300
2017-04-13,18.77018928527832,19.06615011776529,18.69230438656147,2629100
2017-04-14,18.552106857299805,18.739029672436494,18.42749164720868,2399400
2017-04-17,18.676727294921875,18.69230457192589,18.55211204995151,1575800
2017-04-18,18.80133819580078,18.84807001601535,18.58326231025501,1239500
2017-04-19,18.81692314147949,19.128461308948125,18.63000024099831,1890400
2017-04-20,18.8636474609375,18.87922473571072,18.81691712214853,1476000
2017-04-21,18.94153594970703,18.94153594970703,18.863651046567156,734100
2017-04-25,19.128454208374023,19.128454208374023,18.87922376691465,1260700
2017-04-26,19.097301483154297,19.144031820370383,19.06614693465648,722300
2017-04-27,19.097301483154297,19.424416814728183,19.01941659744039,1504900
2017-04-28,19.097301483154297,19.112878757403205,18.8948013745104,1375100
2017-05-02,19.19076156616211,19.39326166856532,19.112878168379066,1433000
2017-05-03,19.159608840942383,19.206339177539757,19.03499361966232,677900
2017-05-04,19.19076156616211,19.377684394796475,19.112878168379066,744800
2017-05-05,19.237491607666016,19.25306739446324,19.14402945923041,284600
2017-05-08,19.26864624023437,19.471146340438604,19.097300687229524,1184600
2017-05-09,19.315378189086918,19.47114796703548,19.253070575013627,2016100
2017-05-11,19.36211204528809,19.45557273343868,19.268649871606637,1499200
2017-05-12,19.40884017944336,19.42441745420509,19.190762789371167,560600
2017-05-15,19.393260955810547,19.40883822900688,19.315376075359392,1166200
2017-05-16,19.393260955810547,19.471145836261694,19.362107894948405,2923300
2017-05-17,19.393260955810547,19.471145836261694,19.11287746592914,1030500
2017-05-18,19.393260955810547,19.455568563065363,19.128453253594945,531200
2017-05-19,19.36211204528809,19.45557273343868,19.190764974460567,926700
2017-05-22,19.346532821655277,19.455570775367324,19.268647932347797,1329600
2017-05-23,19.284223556518555,19.47114638353684,19.12845379123803,1798900
2017-05-24,19.315378189086918,19.47114796703548,19.28422512481562,708100
2017-05-25,19.237491607666016,19.439990205803998,19.22191433533834,1006900
2017-05-26,19.2998046875,19.439995721635004,19.206342512545792,992100
2017-05-29,19.25307273864746,19.37768798079812,19.23749694752678,1012400
2017-05-31,19.284223556518555,19.39326150089657,19.0817234558661,5475700
2017-06-01,19.26864624023437,19.315376575502867,19.081723413629835,1145300
2017-06-02,19.2998046875,19.34653503221167,19.08172726962743,538100
2017-06-05,19.315378189086918,19.40884035296219,19.097302282595763,661100
2017-06-06,19.36211204528809,19.377687836292612,19.33095749221732,1298800
2017-06-07,19.377685546875,19.42441737095992,19.128455093878127,806000
2017-06-08,19.393260955810547,19.393260955810547,19.315376075359392,818800
2017-06-09,19.315378189086918,19.424417627863185,19.221917510742333,1908200
2017-06-13,19.284223556518555,19.315376618256312,19.190761400244124,1665400
2017-06-14,19.315378189086918,19.3776858031602,19.175187171570045,1636600
2017-06-15,19.26864624023437,19.37768418437105,19.23749317856557,1927200
2017-06-16,19.704797744750977,19.704797744750977,19.29979906599677,3422200
2017-06-19,19.393260955810547,19.48672310945804,19.315376075359392,1916000
2017-06-20,19.393260955810547,19.40883822900688,19.315376075359392,2970500
2017-06-21,19.393260955810547,19.393260955810547,19.253068468104576,2487900
2017-06-22,19.36211204528809,19.393265112828,19.31538021568193,511900
2017-06-23,19.315378189086918,19.362110013789906,19.253070575013627,343600
2017-06-28,19.346532821655277,19.47114805033496,19.12845542870047,1146300
2017-06-29,19.36211204528809,19.377687836292612,19.31538021568193,1794800
2017-06-30,19.377685546875,19.377685546875,19.22191725651729,2588600
2017-07-03,19.393260955810547,19.40883822900688,19.19076086084976,1374600
2017-07-04,19.377685546875,19.40884009626495,19.28422486976651,1729900
2017-07-05,19.346532821655277,19.377685886059844,19.237494867943223,1350400
2017-07-06,19.315378189086918,19.346532738888904,19.268647849914625,1286700
2017-07-07,19.22191619873047,19.284223808550884,19.190761651054963,1165600
2017-07-10,19.25307273864746,19.26865001529901,19.19076511757213,1178800
2017-07-11,19.284223556518555,19.408838774530743,19.12845379123803,767800
2017-07-12,19.284223556518555,19.455569109902672,19.22191594751246,1507100
2017-07-13,19.354745864868164,19.401761021931843,19.05697971610009,786800
2017-07-14,19.323400497436523,19.417432301608606,19.260713126183408,746300
2017-07-17,19.354745864868164,19.5114635532754,19.33907364765197,322700
2017-07-18,19.354745864868164,19.354745864868164,19.198026681876037,1261800
2017-07-19,19.370420455932617,19.38609267627868,19.307733069133555,1236200
2017-07-20,19.386091232299805,19.40176345147852,19.37041901312109,417300
2017-07-21,19.386091232299805,19.386091232299805,19.30773163099132,370200
2017-07-24,19.401763916015625,19.527138683277027,19.35474875193888,735100
2017-07-25,19.370420455932617,19.38609267627868,19.26071790268056,432500
2017-07-26,19.354745864868164,19.41743323914804,19.276386273372097,74700
2017-07-27,19.354745864868164,19.43310396177933,19.213698899092226,856300
2017-07-28,19.354745864868164,19.401761021931843,19.213698899092226,347400
2017-07-31,19.43310546875,19.43310546875,19.260715549758327,792000
2017-08-01,19.276386260986328,19.433103949292864,19.276386260986328,142800
2017-08-02,19.370420455932617,19.448780063077745,19.292062343372685,308300
2017-08-03,19.44877815246582,19.464450371272275,19.292060448156416,163800
2017-08-04,19.401763916015625,19.433106860538416,19.35474875193888,546100
2017-08-07,19.43310546875,19.57415244546365,19.401762526471973,250500
2017-08-08,19.44877815246582,19.558480694940904,19.354747828797187,474800
2017-08-09,19.44877815246582,19.558480694940904,19.41743520943796,309200
2017-08-10,19.41743850708008,19.44878145543088,19.401766285612027,476800
2017-08-11,19.386091232299805,19.55848115951041,19.35474828852746,668700
2017-08-14,19.354745864868164,19.401761021931843,19.245041838939716,947400
2017-08-15,19.339075088500977,19.35474730688482,19.1980281122164,350100
2017-08-16,19.198028564453125,19.276388163633207,19.135341184026068,1263500
2017-08-17,19.04131317138672,19.58982898067989,18.99429800031698,1265900
2017-08-18,19.04131317138672,19.056985393271745,18.96295505113227,657900
2017-08-21,19.04131317138672,19.088329837041798,18.96295505113227,2586500
2017-08-22,19.04131317138672,19.27639201590608,18.837580265222748,1240400
2017-08-23,19.119672775268555,19.119672775268555,18.947282818388096,684100
2017-08-24,19.119672775268555,19.1353449971446,18.994297989430887,2304200
2017-08-25,19.15101432800293,19.15101432800293,18.994295122071343,132800
2017-08-28,19.13533973693848,19.18235489505704,18.85324579905722,1852100
2017-08-29,19.15101432800293,19.19802949194836,19.05698250552696,1394200
2017-08-30,19.2293758392334,19.2293758392334,19.025641449138405,1291900
2017-09-05,19.24504280090332,19.511464528556097,18.88459075442308,4278100
2017-09-06,19.24504280090332,19.433104933143227,18.900262972422645,3609100
2017-09-07,19.29206085205078,19.29206085205078,19.11966943074073,1520200
2017-09-08,19.386091232299805,19.464450833608293,19.292060906397687,4179300
2017-09-11,19.386091232299805,19.433106395250864,19.35474828852746,207700
2017-09-12,19.43310546875,19.495792847891064,19.32340292889939,2075200
2017-09-13,19.44877815246582,19.57415291374736,19.32340339118428,264300
2017-09-14,19.354745864868164,19.464448396211715,19.307729213219588,216700
2017-09-15,19.276386260986328,19.37041657505327,19.260714043780204,2213500
2017-09-18,19.276386260986328,19.3234014180198,19.13533929530102,274600
2017-09-19,19.198028564453125,19.24504372612716,19.04130936609296,1628600
2017-09-20,19.13533973693848,19.213699330192707,19.119667519370644,1451100
2017-09-21,19.2293758392334,19.2293758392334,18.96295405946189,2084800
2017-09-25,19.29206085205078,19.51146594159437,19.21370125096304,558900
2017-09-26,19.24504280090332,19.292059454902024,19.198027641489585,742400
2017-09-27,19.182355880737305,19.38609023583317,19.041308904549016,1138200
2017-09-28,19.2293758392334,19.495796124419645,19.182359176037064,1146600
2017-09-29,19.24504280090332,19.40176199172906,18.978621073250544,700400
2017-10-02,19.29206085205078,19.46445077877576,19.182356812693907,231200
2017-10-03,19.43310546875,19.48012212404456,19.213700389048785,5122000
2017-10-04,19.41743850708008,19.44878145543088,19.401766285612027,2310900
2017-10-05,19.41743850708008,19.54281328965388,19.41743850708008,2826300
2017-10-06,19.43310546875,19.57415244546365,19.32340292889939,112800
2017-10-09,19.41743850708008,19.54281328965388,19.339078894325127,2319000
2017-10-10,19.41743850708008,19.433109233962828,19.38609406414398,1705800
2017-10-11,19.354745864868164,19.464448396211715,19.213698899092226,187600
2017-10-12,19.401763916015625,19.433106860538416,19.213701765123528,1895300
2017-10-13,19.370420455932617,19.558482616329805,19.24504568233449,602900
2017-10-16,19.386091232299805,19.480123052787008,19.30773163099132,685300
2017-10-17,18.884593963623047,19.480124897544915,18.884593963623047,346500
2017-10-19,19.1039981842041,19.119670404136556,18.884593083490447,2215700
2017-10-20,19.16668701171875,19.16668701171875,18.99429706324425,2306100
2017-10-23,19.119672775268555,19.19803239006343,18.900267647345306,4148700
2017-10-24,19.04131317138672,19.401766801815604,18.978625778431955,2408800
2017-10-25,19.198028564453125,19.35474776281329,19.119668965273043,1231200
2017-10-26,19.213699340820312,19.4331044085516,19.11966752994624,916800
2017-10-27,19.182355880737305,19.2137003174836,19.025638180760875,2609700
2017-10-30,19.276386260986328,19.41743322667164,19.18235445233449,685700
2017-10-31,19.276386260986328,19.354745852432043,18.88458979834264,1128700
2017-11-01,19.276386260986328,19.33907363522592,19.13533929530102,1192900
2017-11-02,19.323400497436523,19.35474493035549,19.18235353847081,171100
2017-11-03,19.339075088500977,19.35474730688482,19.24504327278292,334300
2017-11-06,19.401763916015625,19.464451299646324,19.22937398467748,160000
2017-11-07,19.339075088500977,19.370418030683656,19.229372548984085,154000
2017-11-08,19.339075088500977,19.464449846401717,19.1980281122164,587800
2017-11-09,19.41743850708008,19.44878145543088,19.339078894325127,168100
2017-11-10,19.354745864868164,19.5114635532754,19.119667090379966,279300
2017-11-13,19.24504280090332,19.38608977372949,19.24504280090332,308300
2017-11-14,19.198028564453125,19.495793247835387,19.056981584845985,304300
2017-11-15,19.182355880737305,19.2137003174836,19.05698112292216,589000
2017-11-16,19.15101432800293,19.21370171145854,19.15101432800293,2156600
2017-11-17,19.13533973693848,19.166682677489213,18.994292767997848,602200
2017-11-20,19.056983947753903,19.3390779419455,18.868921783154587,123200
2017-11-21,19.16668701171875,19.19803145394244,19.056984453106367,352000
2017-11-22,19.198028564453125,19.276388163633207,19.1823563457001,620100
2017-11-23,19.00996971130371,19.182359663649944,19.00996971130371,32600
2017-11-24,19.198028564453125,19.260715944880182,19.009966423171957,569300
2017-11-27,19.15101432800293,19.18235727243818,19.009967341581525,233500
2017-11-28,19.056983947753903,19.198030944849705,18.821906615651063,413600
2017-11-29,19.088327407836918,19.103998133142323,18.649514218412165,379900
2017-11-30,19.1039981842041,19.135342624069,18.69653092805653,1521300
2017-12-04,19.1039981842041,19.19803000921364,18.90026530342289,389500
2017-12-05,19.15101432800293,19.19802949194836,19.119669888982568,282000
2017-12-06,19.13533973693848,19.60549580187893,18.68085588956586,878600
2017-12-07,19.15101432800293,19.26071687540397,19.025639561091708,542800
2017-12-08,19.16668701171875,19.370421402416945,19.056984453106367,452600
2017-12-11,19.1039981842041,19.16668556934874,19.009967853779724,308800
2017-12-12,19.119672775268555,19.119672775268555,18.994297989430887,540200
2017-12-13,19.15101432800293,19.19802949194836,19.025639561091708,429000
2017-12-14,19.182355880737305,19.27638769639117,19.072653341295304,349100
2017-12-15,19.16668701171875,19.1823592328306,19.02564150546794,2052200
2017-12-18,19.213699340820312,19.213699340820312,19.16668268809081,224400
2017-12-19,19.24504280090332,19.448777151142792,19.18235542349002,932300
2017-12-20,19.213699340820312,19.276386716541385,19.19802712324381,184900
2017-12-21,19.276386260986328,19.46444838370511,19.19802666954061,200500
2017-12-22,19.339075088500977,19.339075088500977,19.276387709550608,68500
2017-12-26,19.46445083618164,19.527138218319703,19.26071647058667,62500
2017-12-27,19.574153900146484,19.58982611974271,19.38609174874717,77400
2017-12-28,19.323400497436523,19.57414998244898,19.323400497436523,82200
2017-12-29,19.589828491210938,19.605500712704377,19.26071931277518,224100
2018-01-02,19.370420455932617,19.511467449876807,19.307733069133555,242500
2018-01-03,19.43310546875,19.558480227032128,19.307730710467872,704500
2018-01-04,19.46445083618164,19.51146599913892,19.386091234862796,1023200
2018-01-05,19.49579429626465,19.527138735456315,19.448779132062278,336700
2018-01-08,19.683856964111328,19.824902449709604,19.57415292697705,1251700
2018-01-09,19.73086929321289,19.824899603445125,19.589822333279702,1646500
2018-01-10,19.69953155517578,19.762218948163863,19.66818860597441,681200
2018-01-11,19.683856964111328,19.74654434479447,19.58982514579409,1110900
2018-01-12,19.73086929321289,19.90325919169521,19.73086929321289,1323300
2018-01-15,19.777889251708984,19.90326402552448,19.74654630554771,995700
2018-01-16,19.76221466064453,19.82490204003225,19.699527281256813,994200
2018-01-17,19.74654197692871,19.809229350094824,19.730869759990966,1288500
2018-01-18,19.74654197692871,19.79355713315708,19.715197543053225,1209200
2018-01-19,19.683856964111328,19.824902449709604,19.668184745294283,888600
2018-01-22,19.66818618774414,19.730873573024727,19.43310737200308,682000
2018-01-23,19.66818618774414,19.746545792991164,19.58982658249712,1353000
2018-01-24,19.777889251708984,19.809233692455457,19.636842257520257,316800
2018-01-25,19.777889251708984,19.809233692455457,19.589827090985747,964000
2018-01-26,19.777889251708984,19.777889251708984,19.762217031335748,606400
2018-01-29,19.79355812072754,19.82490106158197,19.433104586099443,854700
2018-01-30,19.76221466064453,19.77788687913772,19.74654393673637,1263100
2018-02-02,19.79355812072754,19.903260655595464,19.58982377412643,1730600
2018-02-05,19.69953155517578,19.793563391950578,19.417439034022077,2096200
2018-02-06,19.589828491210938,19.589828491210938,19.40176631704555,1886800
2018-02-07,19.74654197692871,19.809229350094824,19.527135423554885,3279600
2018-02-08,19.777889251708984,19.809233692455457,19.558482650239277,1836500
2018-02-09,19.76221466064453,19.77788687913772,19.558480303988198,1246400
2018-02-12,19.777889251708984,19.79356147208222,19.668186698266727,2404900
2018-02-13,19.809234619140625,19.809234619140625,19.762217955821452,4050300
2018-02-14,19.76221466064453,19.809231316124084,19.76221466064453,1053200
2018-02-15,19.79355812072754,19.809230338447225,19.668183368139925,304200
2018-02-19,19.93460273742676,20.201024428866205,19.58982146122545,413900
2018-02-20,19.981624603271484,20.169686773128515,19.934609434453545,266300
2018-02-21,19.981624603271484,20.05998421435823,19.95028016100268,2200500
2018-02-22,20.044309616088867,20.13834143715841,19.652513101705125,678300
2018-02-23,19.981624603271484,20.05998421435823,19.981624603271484,1951100
2018-02-26,19.981624603271484,20.05998421435823,19.965952382137083,1221200
2018-02-27,19.99729347229004,20.044308633226898,19.9032616558313,1603000
2018-02-28,19.62116813659668,20.028635333698624,19.62116813659668,1558200
2018-03-01,19.824899673461918,19.903259261988747,19.621166835710923,1404900
2018-03-02,19.840574264526367,20.05998083974225,19.71519950571301,557200
2018-03-05,19.90325927734375,19.90325927734375,19.699524944850744,203200
2018-03-06,19.90325927734375,19.96594664929661,19.652509789532303,1192200
2018-03-07,19.856245040893555,19.903260198387663,19.589823324118747,1032100
2018-03-08,19.871919631958008,19.90326257583637,19.856247412726287,732700
2018-03-09,19.90325927734375,19.96594664929661,19.90325927734375,484400
2018-03-12,19.90325927734375,20.012963299199885,19.840571905390888,1110100
2018-03-13,19.918933868408203,20.04430862725918,19.840574270480086,1175300
2018-03-14,19.74654197692871,19.934604096427048,19.401760677222654,1855600
2018-03-15,19.887592315673828,20.122671143551344,19.762217538639916,1061200
2018-03-16,19.840574264526367,19.981621241837647,19.840574264526367,2231700
2018-03-19,19.871919631958008,20.122669161325224,19.84057519349456,1010500
2018-03-20,19.90325927734375,19.91893149397817,19.824899688756464,1535800
2018-03-21,19.950275421142575,19.997292073375394,19.871917323257705,1023300
2018-03-22,19.981624603271484,19.99729682440589,19.934609434453545,562400
2018-03-23,19.981624603271484,20.01296904554029,19.730875043462117,323300
2018-03-26,19.96595001220703,19.981622231481165,19.950277792932894,438400
2018-03-27,20.028636932373047,20.05998137019775,19.98162177022105,628500
2018-03-28,20.028636932373047,20.18535613232645,19.93460660806905,1246000
2018-03-29,20.044309616088867,20.07565405464041,19.91893485105288,640100
2018-03-30,20.044309616088867,20.09132477933109,19.91893485105288,1117000
2018-04-02,20.028636932373047,20.0443091512854,19.903262170244343,345000
2018-04-03,20.028636932373047,20.028636932373047,19.903262170244343,1383900
2018-04-04,19.96595001220703,20.044309613992603,19.96595001220703,887600
2018-04-05,19.981624603271484,20.04431199322383,19.433108820249533,1572900
2018-04-06,20.028636932373047,20.0443091512854,19.8719192270047,425100
2018-04-09,20.044309616088867,20.13834143715841,19.91893485105288,1161800
2018-04-10,20.044309616088867,20.09132477933109,19.903262631777103,724800
2018-04-11,19.96595001220703,20.059981833266736,19.96595001220703,65000
2018-04-12,20.35774803161621,20.35774803161621,19.856248934448423,423200
2018-04-13,20.028636932373047,20.279386456630448,19.9972939891334,1120500
2018-04-16,20.044309616088867,20.122669217882635,20.012966672122413,251200
2018-04-17,20.012964248657227,20.185354156059923,19.95027537914543,1535200
2018-04-18,19.981624603271484,20.2950615530332,19.8719220445012,717500
2018-04-19,20.012964248657227,20.263713748364754,19.95027537914543,1347300
2018-04-20,19.981624603271484,20.263718605349663,19.8562498233668,341100
2018-04-23,19.99729347229004,20.122668231178345,19.824902057879854,3178600
2018-04-24,19.981624603271484,20.122671604310572,19.95028016100268,2598900
2018-04-25,19.96595001220703,19.981622231481165,19.88759041042146,350200
2018-04-26,19.981624603271484,20.122671604310572,19.903264992184734,909600
2018-04-27,19.99729347229004,19.99729347229004,19.80923133395758,720600
2018-04-30,19.96595001220703,19.981622231481165,19.74654492070954,521400
2018-05-02,19.918933868408203,20.122668225187297,19.636839913700992,1694600
2018-05-03,19.950275421142575,19.981619855964457,19.82490067102489,4041500
2018-05-04,19.981624603271484,20.34207672185114,19.887592771050336,1567600
2018-05-07,19.871919631958008,19.90326257583637,19.041309947697748,368000
2018-05-08,19.887592315673828,20.059983755034388,19.433108375279577,523800
2018-05-14,19.887592315673828,20.29506108832667,19.1980310419873,1658800
2018-05-15,19.981624603271484,20.10699938317617,19.887592771050336,1223200
2018-05-16,19.90325927734375,19.96594664929661,19.79355675007245,1000100
2018-05-17,19.13533973693848,19.84057308705669,19.119667519370644,2438600
2018-05-18,19.276386260986328,19.511463540738585,19.15101151250714,1637900
2018-05-21,19.605499267578125,19.668186654345885,19.32340527983061,886100
2018-05-22,19.62116813659668,19.636838859673144,19.323401979369752,1536500
2018-05-23,19.589828491210938,19.840578056764787,19.370421874058664,837900
2018-05-24,19.589828491210938,19.605500712704377,19.46445370843401,1460100
2018-05-25,19.605499267578125,19.621171487916364,19.511467440133888,1813400
2018-05-28,19.636842727661133,19.76221750447832,19.589827560001,584700
2018-06-01,19.480125427246094,19.511468374838877,19.35475064770444,1127200
2018-06-04,19.49579429626465,19.511466515860484,19.35474880365752,916400
2018-06-05,19.51146697998047,19.51146697998047,19.38609220940176,821000
2018-06-06,19.52713966369629,19.574154830133573,19.433107836236527,1770400
2018-06-07,19.52713966369629,19.542811884037118,19.307733062680303,497200
2018-06-08,19.52713966369629,19.63684221691168,19.307733062680303,800000
2018-06-11,19.51146697998047,19.558482145301195,19.30773260414377,624900
2018-06-12,19.52713966369629,19.542811884037118,19.480124497259,860900
2018-06-13,19.54281044006348,19.558481164661234,19.41743567577091,417300
2018-06-14,19.54281044006348,19.54281044006348,19.339076074441785,3090200
2018-06-18,19.04131317138672,19.30773496509079,18.80623582145269,938000
2018-06-19,19.04131317138672,19.13534500811153,18.80623582145269,1133200
2018-06-20,18.445781707763672,18.931608577424047,18.445781707763672,1680800
2018-06-21,18.63384437561035,18.727874710236705,18.289062994614877,1389700
2018-06-22,18.524141311645508,19.19803188886902,18.22637657670099,1501600
2018-06-25,18.79056167602539,18.884593503124403,18.508469183898725,801600
2018-06-26,18.837575912475582,19.103996150033325,18.492794583599405,618400
2018-06-27,18.884593963623047,19.041311686496027,18.665187358098603,1842900
2018-06-28,18.884593963623047,18.947281351689284,18.43011002649652,646300
2018-06-29,18.931612014770508,18.931612014770508,18.61817502669526,5700500
2018-07-02,18.962953567504883,19.151015731655523,18.915936905528305,2758400
2018-07-03,18.884593963623047,18.915936910363552,18.43011002649652,1186200
2018-07-04,18.99429702758789,18.99429702758789,18.962954080008306,2066800
2018-07-05,18.99429702758789,18.99429702758789,18.696532299948124,132800
2018-07-06,18.99429702758789,19.198031417903632,18.712203026445287,2549400
2018-07-09,18.900264739990234,18.96295212326611,18.649513712301623,749300
2018-07-10,18.947284698486328,19.088331720195832,18.61817547935932,1916600
2018-07-11,18.99429702758789,19.245046586565643,18.88459446918144,2921100
2018-07-12,19.112567901611328,19.270262959290697,18.84448720589132,3127200
2018-07-13,19.144102096557617,19.144102096557617,19.096792690308355,631900
2018-07-16,19.144102096557617,19.144102096557617,18.954868983233872,404200
2018-07-17,19.144102096557617,19.159870394749603,18.891789774901525,278000
2018-07-18,19.207181930541992,19.207181930541992,19.144104219107177,582200
2018-07-19,19.23872184753418,19.254491652851986,19.159874324836583,596800
2018-07-20,19.23872184753418,19.23872184753418,19.11256641277459,279100
2018-07-23,19.22295188903809,19.238721694230225,19.00218063191373,169100
2018-07-24,19.254491806030277,19.27026161147353,19.23872200058701,887200
2018-07-25,19.254491806030277,19.27026161147353,18.86025569329738,581700
2018-07-26,19.364877700805664,19.396417312122896,19.238722263319616,325300
2018-07-27,19.380645751953125,19.50680117801845,19.207182417086138,491200
2018-07-30,19.396411895751957,19.49102769549968,19.36487229324203,314400
2018-07-31,19.52257537841797,19.585653105654718,19.31757238892564,1696300
2018-08-01,19.50680160522461,19.53834121437732,19.49103180064825,1454500
2018-08-02,19.50680160522461,19.522571409800964,19.301798657406,1194000
2018-08-03,19.45949363708496,19.506801546780952,19.222951080822337,150700
2018-08-06,19.33333969116211,19.380647604485784,19.22295255488493,275000
2018-08-07,19.396411895751957,19.443719795625817,19.301794592113204,559000
2018-08-08,19.4437255859375,19.68026665963941,19.207184512235585,608600
2018-08-09,19.52257537841797,19.60142291343681,19.475267458963323,1262200
2018-08-10,19.47526359558105,19.632957130444822,19.20718293203216,382800
2018-08-13,19.45949363708496,19.53834115583917,19.191412975655453,131000
2018-08-14,19.60142135620117,19.60142135620117,19.238723325485715,594900
2018-08-15,19.554107666015625,19.58564727218593,19.459491855287087,1157300
2018-08-16,19.380645751953125,19.50680117801845,19.254490325887808,164300
2018-08-17,19.45949363708496,19.475263441614068,19.317568404105653,282700
2018-08-20,19.41218376159668,19.459491666501997,19.033716010680624,320800
2018-08-21,19.47526359558105,19.50680170099727,19.42795418161971,414600
2018-08-23,19.47526359558105,19.50680170099727,19.443723986273493,782600
2018-08-24,19.45949363708496,19.506801546780952,19.380646118330752,481900
2018-08-27,19.49103164672852,19.52257125563216,19.49103164672852,300700
2018-08-28,19.5383415222168,19.554109823150256,19.31756876634341,315600
2018-08-29,19.554107666015625,19.554107666015625,19.475261658372244,480600
2018-08-30,19.4437255859375,19.554111219812864,19.4437255859375,561100
2018-09-03,19.60142135620117,19.664499078426704,18.95487432741658,337400
2018-09-04,19.554107666015625,19.58564727218593,19.28602702913277,1109100
2018-09-05,19.554107666015625,19.56987746910078,19.475261658372244,1341100
2018-09-06,19.664499282836918,19.680267585638564,19.617189862757343,1241000
2018-09-07,19.632957458496094,19.711804979191133,19.601419352552902,1187200
2018-09-12,19.50680160522461,19.680264943890503,19.22295113841556,914200
2018-09-13,19.52257537841797,19.56988329787261,19.475267458963323,648400
2018-09-14,19.617185592651367,19.63295539591192,19.20718123511556,633400
2018-09-18,19.648727416992188,19.66449722203273,19.617187806911105,837300
2018-09-19,19.664499282836918,19.711807199024943,19.632959669450536,506600
2018-09-20,19.71180534362793,20.05873353876537,19.664497431892816,674200
2018-09-21,19.79065322875977,19.869500752358693,19.759113617763624,1105500
2018-09-24,19.71180534362793,19.71180534362793,19.475264281060955,149900
2018-09-25,19.632957458496094,19.901038126524405,19.632957458496094,1199600
2018-09-26,19.696033477783203,19.759111188127847,19.680263674224232,245500
2018-09-27,19.71180534362793,19.743344954045607,19.64872762668398,880500
2018-09-28,19.680269241333008,19.7118088573728,19.632961321164977,1227700
2018-10-01,19.71180534362793,19.72757514883677,19.396416758908163,650200
2018-10-02,19.71180534362793,19.79065286578072,19.64872762668398,1166900
2018-10-03,19.727575302124023,19.7433451074554,19.50680253915904,906600
2018-10-04,19.727575302124023,19.75911340889536,19.33333919218817,391600
2018-10-05,19.71180534362793,19.72757514883677,19.569880104531187,700000
2018-10-08,19.71180534362793,19.72757514883677,19.664497431892816,149900
2018-10-09,19.648727416992188,19.66449722203273,19.506802179410077,525800
2018-10-10,19.664499282836918,19.77488492190616,19.333340861737632,373800
2018-10-11,19.45949363708496,19.506801546780952,18.891792705167727,1658400
2018-10-12,19.617185592651367,19.75911081421389,19.538339584131045,504100
2018-10-15,19.617185592651367,19.71180290832345,19.55410788350038,213400
2018-10-16,19.648727416992188,19.71180513326297,19.5856497007214,622400
2018-10-17,19.680269241333008,19.696039049352905,19.39642021643317,431700
2018-10-18,19.696033477783203,19.696033477783203,19.64872557099753,281900
2018-10-19,19.71180534362793,19.71180534362793,19.53834199800491,169300
2018-10-22,19.71180534362793,19.759113255363047,19.680265733210256,151500
2018-10-23,19.680269241333008,19.7118088573728,19.39642021643317,485500
2018-10-24,19.680269241333008,19.7118088573728,19.66450093720477,218200
2018-10-25,19.680269241333008,19.696039049352905,19.632961321164977,593600
2018-10-26,19.632957458496094,19.711804979191133,19.56987974271834,510900
2018-10-29,19.60142135620117,19.63295946536817,19.56988174314264,540200
2018-10-30,19.664499282836918,19.696037392331757,19.554112139876125,1075800
2018-10-31,19.648727416992188,19.71180513326297,19.617187806911105,1177900
2018-11-01,19.648727416992188,19.71180513326297,19.56987989568086,23000
2018-11-02,19.585649490356445,19.71180492154301,19.506801969892,170500
2018-11-05,19.632957458496094,19.79065249988617,19.617187653578814,424400
2018-11-07,19.617185592651367,19.71180290832345,19.60141729328203,878400
2018-11-08,19.632957458496094,19.711804979191133,19.601419352552902,1260500
2018-11-09,19.617185592651367,19.664495002433014,19.55410788350038,102400
2018-11-12,19.617185592651367,19.71180290832345,19.60141729328203,161000
2018-11-13,19.632957458496094,19.711804979191133,19.55410993780105,463900
2018-11-14,19.648727416992188,19.68026552318189,19.601419505761942,1157200
2018-11-15,19.60142135620117,19.63295946536817,19.491034214387845,464700
2018-11-16,19.60142135620117,19.71180699412297,19.554111936613378,667600
2018-11-19,19.632957458496094,19.711804979191133,19.538341636775144,664800
2018-11-21,19.617185592651367,19.71180290832345,19.56987768676093,919600
2018-11-22,19.617185592651367,19.71180290832345,19.58564749002148,359400
2018-11-23,19.632957458496094,19.68026536935657,19.55410993780105,327400
2018-11-26,19.45949363708496,19.69603468945625,19.427954028026743,600700
2018-11-27,19.27025985717773,19.648726130013152,19.128334628891636,547300
2018-11-28,19.27025985717773,19.61718652199789,19.0652569167524,742700
2018-11-29,19.50680160522461,19.61718722947642,19.238720942991915,983500
2018-11-30,19.31757164001465,19.632960263971263,19.2387241080526,3808200
2018-12-03,19.31757164001465,19.47526670393875,19.286032025673197,594400
2018-12-04,19.27025985717773,19.31756776530934,19.09679502087637,803300
2018-12-05,19.23872184753418,19.27026145816978,19.0494886953948,121300
2018-12-06,19.22295188903809,19.22295188903809,18.93910291503657,533800
2018-12-07,19.033716201782227,19.1914112249048,18.97063849331144,482500
2018-12-10,18.844486236572266,18.90756395562113,18.765638711788327,1346000
2018-12-11,18.89179039001465,19.002177504299343,18.844482486116156,816800
2018-12-12,18.89179039001465,19.175640821187933,18.8602522887127,1055800
2018-12-13,18.986412048339844,19.1914150173537,18.891794714990567,1965000
2018-12-14,18.92333221435547,19.065257446585747,18.891792605463703,1358900
2018-12-17,18.876026153564453,19.15987514193291,18.592175661304523,1528800
2018-12-18,18.86025619506836,18.87602600093117,18.56063740313232,1009100
2018-12-19,18.92333221435547,19.632956871615534,18.84448469601739,1678800
2018-12-20,18.93910217285156,19.30179865470904,18.7340992250616,738800
2018-12-21,19.081026077270508,19.2544894038307,18.9391008537707,1181300
2018-12-24,19.065258026123047,19.11256593700741,18.95487239942908,1775000
2018-12-26,19.081026077270508,19.096794376855083,18.891791443343276,635500
2018-12-27,19.033716201782227,19.159871618723805,19.002178099492436,168500
2018-12-28,19.427953720092773,19.71180418155235,18.781406783560467,342400
2018-12-31,19.49103164672852,19.61718707456044,19.254490595516486,168200
2019-01-02,18.986412048339844,19.61718925769672,18.939104133610957,252100
2019-01-03,18.986412048339844,19.081029381689124,18.92333432740416,1081600
2019-01-04,19.081026077270508,19.081026077270508,18.70255831330727,1229000
2019-01-07,18.970638275146484,19.20718080711007,18.74986704998322,1179100
2019-01-08,19.002180099487305,19.08102761934736,18.923332579627253,1563800
2019-01-09,18.60794448852539,19.002180594198,18.60794448852539,574700
2019-01-10,18.89179039001465,18.986407701702795,18.781404779621106,3316500
2019-01-11,19.002180099487305,19.002180099487305,18.82871525501692,1468900
2019-01-14,19.065258026123047,19.207183262667503,18.939102594503836,670700
2019-01-15,19.159873962402344,19.22295167858894,18.939102707694943,715700
2019-01-16,19.081026077270508,19.096794376855083,19.01794836725851,1122500
2019-01-17,19.159873962402344,19.36487691598163,19.09679624621575,466900
2019-01-18,19.159873962402344,19.17564376742184,19.14410566127423,837200
2019-01-22,19.396411895751957,19.506797496754647,19.28602479085824,1037600
2019-01-23,19.396411895751957,19.459489596880783,19.08102339010782,715400
2019-01-24,19.41218376159668,19.47526146943416,19.12833332438243,411800
2019-01-25,19.47526359558105,19.55410961106727,19.349108166133497,472500
2019-01-28,19.49103164672852,19.569879165096303,19.34910791833609,357700
2019-01-29,19.31757164001465,19.506804814388616,19.08103054802008,512000
2019-01-30,19.22295188903809,19.317569216299525,19.128336065668048,252500
2019-01-31,19.45949363708496,19.554109456476944,19.254490689880555,1091100
2019-02-04,19.27025985717773,19.60141822188155,19.27025985717773,88100
2019-02-07,19.47526359558105,19.55410961106727,19.1756433227246,1452300
2019-02-08,19.33333969116211,19.412187215962536,19.25449216636168,1429900
2019-02-11,19.23872184753418,19.286029759596172,19.207183740789983,610000
2019-02-12,19.47526359558105,19.60141902502861,19.30179875217216,1655700
2019-02-13,19.49103164672852,19.52257125563216,19.47526334616802,1154200
2019-02-14,19.47526359558105,19.50680170099727,19.380646271549715,1604800
2019-02-15,19.554107666015625,19.56987746910078,19.506799760651354,1247200
2019-02-18,19.50680160522461,19.554109515062336,19.38064617639644,318300
2019-02-19,19.71180534362793,19.71180534362793,19.52257219279607,559700
2019-02-20,19.94834327697754,20.042960589496925,19.696032448780723,1912900
2019-02-21,19.94834518432617,20.331353046600125,19.70896565088944,407500
2019-02-22,19.94834518432617,20.331353046600125,19.756841253189197,651900
2019-02-25,20.107933044433597,20.123890564296957,19.964304712097384,196100
2019-02-26,19.9323844909668,20.107930888080308,19.820674254212985,136000
2019-02-27,19.78875732421875,19.93238564950055,19.62917147985736,182600
2019-02-28,19.740880966186523,19.868550245555628,19.69300536690757,785800
2019-03-01,19.756845474243164,19.78876204194933,19.581300547013548,233800
2019-03-04,19.756845474243164,19.78876204194933,19.677051772070328,280500
2019-03-05,19.72492408752441,19.78875873420489,19.61321383631808,726700
2019-03-06,19.78875732421875,19.804716365236267,19.70896516300701,385100
2019-03-07,19.80471420288086,19.8206732421559,19.59725125811853,588500
2019-03-08,19.772802352905277,19.948347260903503,19.772802352905277,580000
2019-03-11,19.772802352905277,19.83663700326264,19.740884266757533,347900
2019-03-12,19.78875732421875,19.78875732421875,19.72492268208661,212900
2019-03-13,19.86855125427246,19.948344938413705,19.788757570131217,116800
2019-03-14,19.83663558959961,19.94834583927941,19.78875846378997,333200
2019-03-15,19.94834518432617,19.94834518432617,19.83663493831409,1523800
2019-03-18,19.96430778503418,19.96430778503418,19.868555041425637,226900
2019-03-19,19.88451194763184,19.98026468094472,19.868552905090013,182600
2019-03-20,19.9323844909668,19.9323844909668,19.80471521412306,1020700
2019-03-21,19.533418655395508,19.94834458809294,19.469584013591128,1053300
2019-03-22,19.421709060668945,19.48554370460297,19.24616417033485,365500
2019-03-25,19.43766593933105,19.61321081013248,19.34191322311532,281800
2019-03-26,19.61321258544922,19.93238579849575,19.262121290129063,47400
2019-03-27,19.708965301513672,19.72492282070541,19.469584250382432,458300
2019-03-28,19.677047729492188,19.756841415271698,19.485543796784132,127000
2019-03-29,19.78875732421875,19.90046908940344,19.70896516300701,693800
2019-04-01,19.62917137145996,19.868550897649094,19.62917137145996,463200
2019-04-02,19.693002700805664,19.740878293603064,19.613209031518235,193600
2019-04-03,19.756845474243164,19.756845474243164,19.629176159541935,104100
2019-04-04,19.78875732421875,19.78875732421875,19.62917147985736,172000
2019-04-05,19.756845474243164,19.77280451906539,19.693010816892556,174200
2019-04-08,19.88451194763184,20.57073555754964,19.852593862548183,655300
2019-04-09,19.9323844909668,20.060053767810533,19.83663329430291,140200
2019-04-10,19.86855125427246,20.06005518304868,19.80471661134705,907400
2019-04-11,19.86855125427246,19.932385897197868,19.82067565256289,1685900
2019-04-12,19.86855125427246,19.932385897197868,19.788757570131217,781900
2019-04-15,19.94834518432617,20.04409791086364,19.868551499201278,89900
2019-04-16,19.88451194763184,19.98026468094472,19.820677299402604,794200
2019-04-17,19.708965301513672,19.82067554554549,19.645130658932928,405400
2019-04-18,19.80471420288086,19.836632281430948,19.693003971831047,1202800
2019-04-19,19.78875732421875,19.90046908940344,19.772799805139154,598100
2019-04-22,19.693002700805664,19.836631001135512,19.693002700805664,244100
2019-04-23,19.62917137145996,19.677046972310205,19.56533672968033,732000
2019-04-24,19.677047729492188,19.70896581257918,19.56533748256365,369500
2019-04-25,19.708965301513672,19.91642674844765,19.59725353554392,528000
2019-04-26,19.78875732421875,19.78875732421875,19.62917147985736,341400
2019-04-29,19.772802352905277,19.86855356747227,19.69300865947404,552100
2019-04-30,19.740880966186523,19.82067464627668,19.661087286096368,549300
2019-05-02,19.708965301513672,19.836634586675164,19.437667690061023,126000
2019-05-03,19.708965301513672,19.804716504415826,19.677047219254337,316400
2019-05-06,19.708965301513672,19.86855114699657,19.581296016352184,423500
2019-05-07,19.693002700805664,19.948341224975323,19.67704366256065,198800
2019-05-08,19.708965301513672,19.708965301513672,19.517459851833507,1329400
2019-05-09,19.66109085083008,19.836637283244148,19.58129867821074,1196200
2019-05-10,19.54938125610352,19.69300960680133,19.53342221226194,350500
2019-05-13,19.501502990722656,19.91642742053022,19.405750262651384,441900
2019-05-14,19.4536247253418,19.69300577051841,19.102534960850058,562000
2019-05-15,19.46958923339844,19.517464847102723,19.27808525664297,562200
2019-05-16,19.24616432189941,19.597254105332453,19.198287197118383,654400
2019-05-17,19.2780818939209,19.40575118948821,19.198288203706813,584200
2019-05-21,19.2780818939209,19.389792147057783,19.16637164078401,470000
2019-05-23,19.2780818939209,19.469585837271868,19.26212285149047,300200
2019-05-24,19.29404067993164,19.437669016020543,18.9908249655355,506600
2019-05-27,19.32595634460449,19.437668113004975,19.27808074211169,416900
2019-05-28,19.32595634460449,19.389790988574216,19.24616418109581,4433700
2019-05-29,19.30999755859375,19.38978971686916,19.11849211730676,195000
2019-05-30,19.405750274658203,19.62917229233742,19.357874671561937,568700
2019-05-31,19.78875732421875,19.93238564950055,19.15041090289734,726700
2019-06-03,19.62917137145996,19.66108793138082,19.549377688750944,161500
2019-06-04,19.61321258544922,19.74088187066783,19.51745986056629,94000
2019-06-07,19.62917137145996,19.772799695948603,19.46958400604193,488800
2019-06-10,19.677047729492188,19.78875797642072,19.46958475524064,323100
2019-06-11,19.66109085083008,19.788760153346782,19.549380591612497,288900
2019-06-12,19.62917137145996,19.66108793138082,19.613212330530576,244000
2019-06-13,19.597251892089844,19.67704556910865,19.38978894061609,1309500
2019-06-14,19.62917137145996,19.62917137145996,19.46958400604193,265000
2019-06-17,19.597251892089844,19.62916997167249,19.469582617634885,338600
2019-06-18,19.62917137145996,19.645130412389346,19.56533672968033,994400
2019-06-19,19.62917137145996,19.645130412389346,19.421708405191687,690700
2019-06-20,19.61321258544922,19.629171626586025,19.5334189017031,237700
2019-06-21,19.581298828125,19.629174436450764,19.469587046114015,1144900
2019-06-24,19.597251892089844,19.62916997167249,19.517458215071045,119600
2019-06-25,19.61321258544922,19.629171626586025,19.485543300230603,764300
2019-06-26,19.61321258544922,19.629171626586025,19.54937794283991,207600
2019-06-27,19.581298828125,19.61321539302946,19.565339784703696,701900
2019-06-28,19.597251892089844,19.62916997167249,19.469582617634885,263200
2019-07-01,19.61321258544922,19.61321258544922,19.485543300230603,107000
2019-07-02,19.54938125610352,19.613215909531636,19.50150564651697,368800
2019-07-03,19.5174617767334,19.5174617767334,19.29404126663502,129800
2019-07-04,19.54938125610352,19.613215909531636,19.53342221226194,87900
2019-07-05,19.597251892089844,19.613210931881166,19.38978894061609,330500
2019-07-08,19.597251892089844,19.74088020633613,19.309996785535088,1419300
2019-07-09,19.62917137145996,19.772799695948603,19.59725328960119,1401000
2019-07-10,19.597251892089844,19.613210931881166,19.485541657426207,1265000
2019-07-11,19.421709060668945,19.56533739000501,19.389790977732947,1593000
2019-07-12,19.47791290283203,19.51002737893072,19.42974042299624,1252500
2019-07-15,19.429737091064453,19.46185156165595,19.397621089097694,604700
2019-07-16,19.3012809753418,19.429741952600672,19.204934476709816,1070200
2019-07-17,19.2691593170166,19.285217317310828,19.188870846920658,220900
2019-07-18,19.2691593170166,19.47790872671597,19.220986847509117,171200
2019-07-19,19.188875198364254,19.269163686667145,19.124644713997057,234100
2019-07-22,19.028301239013672,19.12464620740008,18.948012744441225,170400
2019-07-23,19.01224136352539,19.044355839369764,18.99618335991545,1966200
2019-07-24,18.98012351989746,19.172814950446504,18.964067049216563,1263100
2019-07-25,19.12464141845703,19.204929892924685,18.86771952526076,318100
2019-07-26,18.9158935546875,18.99618203576509,18.851663076100504,2408200
2019-07-29,18.96406936645508,18.96406936645508,18.59474293090952,2029000
2019-07-31,18.96406936645508,18.96406936645508,18.642915411589183,764000
2019-08-01,18.867719650268555,18.93195012399318,18.658970227819697,229100
2019-08-02,19.07647132873535,19.07647132873535,18.70714491261008,469000
2019-08-05,18.803491592407227,18.867722074384154,18.70714510375409,602100
2019-08-06,18.739261627197266,18.787434107164525,18.46628168842357,856600
2019-08-07,18.948007583618164,19.188871470356325,18.62685522417553,300300
2019-08-08,19.01224136352539,19.15676033326384,18.899838401006825,175200
2019-08-09,18.948007583618164,19.1246409984678,18.80348863902517,221000
2019-08-13,18.9158935546875,19.172815469035484,18.851663076100504,305300
2019-08-14,18.96406936645508,19.076472331832807,18.62685893894633,293100
2019-08-15,19.188875198364254,19.188875198364254,18.658973319490958,459400
2019-08-16,19.28522300720215,19.28522300720215,18.83560805456105,359800
2019-08-19,19.092531204223636,19.18887616996495,18.98012670235793,275100
2019-08-20,19.12464141845703,19.1888718917561,19.092526947495134,653800
2019-08-21,18.96406936645508,19.108586808494067,18.819550393040537,1207000
2019-08-22,18.96406936645508,18.996183843116334,18.948011362436677,454100
2019-08-23,19.10858917236328,19.14070518437307,18.72320621650024,295200
2019-08-26,18.99618148803711,18.99618148803711,18.867720534567106,323300
2019-08-27,18.88377571105957,19.172812047431567,18.77137124506061,1722700
2019-08-28,18.851659774780277,19.10858164413586,18.642910373085076,336100
2019-08-29,18.948007583618164,19.23704394142891,18.739258167136644,426100
2019-08-30,19.25310707092285,19.301281086203364,19.02830112511641,748900
2019-09-03,18.948007583618164,19.33339041494932,18.948007583618164,749600
2019-09-04,19.14069938659668,19.269160332973147,18.787431018373763,300400
2019-09-05,18.99618148803711,19.1407004435347,18.931951011302107,1349000
2019-09-06,18.93195152282715,19.140700960699974,18.771374560963316,72700
2019-09-10,18.99618148803711,19.204930920269703,18.931951011302107,499400
2019-09-11,19.092531204223636,19.18887616996495,18.85166572711909,430300
2019-09-12,18.98012351989746,19.156758479765607,18.91589304304778,127800
2019-09-13,19.06041145324707,19.09252745644035,18.83560402502005,269800
2019-09-17,18.93195152282715,19.012240003759064,18.819548568347702,2560400
2019-09-18,18.75531578063965,19.028295663372436,18.4983938983912,2348800
2019-09-19,18.787433624267575,18.803491627635765,18.514453692510337,165300
2019-09-20,18.514450073242188,18.691085013012074,17.75974243897605,2138900
2019-09-23,18.546571731567383,18.61080222070298,18.2254192858894,449000
2019-09-24,18.5626277923584,18.5626277923584,18.14512889101999,3115800
2019-09-25,18.45022392272949,18.739261869013944,18.38599343815245,169400
2019-09-26,18.59474372863769,18.6589742160913,18.450224749023185,457500
2019-09-27,18.45022392272949,18.64291537646061,18.25753246899837,492800
2019-09-30,18.5305118560791,18.546569859586118,18.305704401107423,413600
2019-10-01,18.61079788208008,18.755316831788253,18.43416292960329,861700
2019-10-02,18.402050018310547,18.642913933994087,18.257531056350253,1404100
2019-10-03,18.28964614868164,18.434163572051087,18.209357670337276,1293400
2019-10-04,17.053207397460938,18.38599091830473,16.860515970138678,2978200
2019-10-07,17.005037307739258,17.213786766117494,16.780229845322182,2042800
2019-10-08,17.133499145507812,17.48676759538573,16.940807681404124,1972100
2019-10-09,17.101383209228516,17.165613697538856,16.908691744297492,2790500
2019-10-10,17.213783264160156,17.22983973355693,17.069264319962528,2704400
2019-10-11,17.181671142578125,17.294075641990133,17.037152165745248,905400
2019-10-14,17.197725296020508,17.294071769460157,17.133494824185824,537200
2019-10-15,17.2619571685791,17.422534126883473,17.149554216591262,1035100
2019-10-16,17.406478881835938,17.53493985627656,17.261959902746337,820700
2019-10-17,17.35830307006836,17.518878491634133,17.278014593597813,601600
2019-10-18,17.2619571685791,17.50282107466029,17.2619571685791,702500
2019-10-21,17.35830307006836,17.35830307006836,17.181668115558097,680500
2019-10-22,17.454647064208984,17.454647064208984,17.358302122802257,1365000
2019-10-23,17.422534942626953,17.53493789987763,17.22984197108945,249900
2019-10-24,17.342248916625977,17.72763185154806,17.181671928053948,468000
2019-10-25,17.342248916625977,17.35830692175831,17.29407643260463,244700
2019-10-29,17.32618522644043,17.42253169424566,17.2458967584986,1443600
2019-10-30,17.278013229370117,17.406474169029917,17.229839228466297,670400
2019-10-31,17.39042091369629,17.502823883723906,17.342248431023826,2273900
2019-11-01,17.422534942626953,17.518879897020266,17.35830446257293,1760800
2019-11-04,17.647340774536133,17.695514782882768,17.454649335275892,4569000
2019-11-05,17.888208389282227,17.968495350169107,17.695516926677602,3002500
2019-11-06,17.920318603515625,17.952434605329394,17.872146132170222,1464900
2019-11-07,18.402050018310547,18.402050018310547,17.920320655568037,1608800
2019-11-08,18.080900192260746,18.30570613717698,18.064842187230827,635000
2019-11-11,17.823974609375,18.17724145987498,17.229840795203877,934800
2019-11-12,17.952434539794922,18.14512595584837,17.904260537250124,2743100
2019-11-13,17.823974609375,18.000608034624992,17.79185860585209,940900
2019-11-14,18.080900192260746,18.209361169748775,17.55099827727869,824600
2019-11-15,17.98455238342285,18.096956879068827,17.87214941915241,2157700
2019-11-18,18.09695816040039,18.14513064401629,17.82397820095087,490700
2019-11-19,18.06484031677246,18.129070798865968,17.93637935258545,1078700
2019-11-20,18.948007583618164,18.996180054690747,18.177240389580607,2767000
2019-11-21,19.028301239013672,19.26916519135535,18.72320526591351,1622700
2019-11-22,19.10858917236328,19.15676319037797,18.530514738568723,1503200
2019-11-25,19.092531204223636,19.12464568234553,18.85166572711909,523000
2019-11-26,19.028301239013672,19.253107186165728,18.33782232961656,2382900
2019-11-27,18.867719650268555,19.09252707399239,18.75531670409428,270700
2019-11-28,18.707143783569336,19.060412175199616,18.707143783569336,452000
2019-11-29,18.739261627197266,19.06041404593822,18.562628179733625,898200
2019-12-02,19.06041145324707,19.07646945484371,18.57868212497507,1192200
2019-12-03,18.867719650268555,19.012238598992784,18.691086230369653,1683800
2019-12-04,18.89983558654785,18.89983558654785,18.707142634674348,1940900
2019-12-05,19.06041145324707,19.14069992985496,18.931950503224577,793600
2019-12-06,19.397624969482425,19.461855454889623,19.076472542446403,1064900
2019-12-09,19.92752265930176,20.088099604682814,19.51002382641121,2280300
2019-12-10,19.67060661315918,20.05598955886641,19.52608762567504,1093500
2019-12-11,19.750890731811523,19.81512120852573,19.47791082293229,1400100
2019-12-12,19.831178665161133,19.91146561031437,19.65454371052326,832200
2019-12-13,19.831178665161133,19.92752361189514,19.79906266199959,704400
2019-12-16,19.67060661315918,19.831183606225043,19.42974265493608,370600
2019-12-17,19.750890731811523,19.879351685239943,18.948009007196223,1649900
2019-12-18,19.831178665161133,19.91146561031437,19.750890188632585,1018300
2019-12-19,19.895410537719727,19.91146700905312,19.75089157609125,448600
2019-12-20,19.750890731811523,19.879351685239943,19.51002529560172,2432500
2019-12-23,19.91146469116211,19.91146469116211,19.63848480239152,776600
2019-12-24,19.91146469116211,20.20050258077221,19.7348312760533,704600
2019-12-26,19.91146469116211,19.959638693680624,19.83117774971508,291900
2019-12-27,19.91146469116211,19.959638693680624,19.590312331248253,1043900
2019-12-30,20.15233421325684,20.39319814939564,19.99175723491393,654100
2019-12-31,19.91146469116211,20.21656058161171,19.70271680574954,787600
2020-01-02,20.15233421325684,20.36108367255239,20.10416173230419,811500
2020-01-03,20.072044372558597,20.39319677624444,19.991755888793268,1182900
2020-01-06,20.055984497070312,20.32896439756129,19.911465546060345,150800
2020-01-07,20.02387237548828,20.088102857767197,19.831180928651545,345400
2020-01-08,19.67060661315918,19.99175906791521,19.42974265493608,627400
2020-01-09,19.81511878967285,19.975694196169083,19.750888320799323,1004700
2020-01-10,19.79906463623047,19.81512263941244,19.766950161242,302900
2020-01-13,19.863290786743164,19.959637253452872,19.750887851727786,581900
2020-01-14,19.81511878967285,19.895407258608557,19.67059985186362,475300
2020-01-15,19.734832763671875,19.799063240496363,19.718774761621912,952000
2020-01-16,19.67060661315918,19.686664618740902,19.188877165337285,600900
2020-01-17,19.590316772460938,19.65454725900505,19.49397180833257,426100
2020-01-20,19.47791290283203,19.63848834607652,19.31733592821202,322800
2020-01-21,19.590316772460938,19.606374776940864,19.42974132178846,134900
2020-01-22,19.510028839111328,19.558202853928112,19.34945338384896,568300
2020-01-23,19.188875198364254,19.445797135833068,19.140702717932744,251100
2020-01-24,19.115541458129883,19.4740601613955,19.034061276867785,300500
2020-01-28,18.936281204223636,19.09924466056529,18.75702264555557,2086800
2020-01-29,18.83850479125977,19.278503646518782,18.83850479125977,1549100
2020-01-30,18.65924453735352,18.9851699007306,18.5940594646781,1813400
2020-01-31,18.57776260375977,18.708132747677507,18.512577531800897,2258900
2020-02-03,18.39850234985352,18.49628072585352,18.317020628875945,2966000
2020-02-04,18.64294815063477,18.88739334230863,18.447392929776523,1420300
2020-02-05,19.099245071411133,19.392577123347436,18.724429735416507,696300
2020-02-06,19.24591064453125,19.490354264546053,19.082947195098296,418100
2020-02-07,19.229612350463867,19.37627913163109,18.90368703350031,417300
2020-02-10,19.21331787109375,19.555539881179783,19.034059315004757,789000
2020-02-11,19.31110000610352,19.555543680455216,19.14813652044573,349300
2020-02-12,19.31110000610352,19.376285089539635,19.164433179838504,692700
2020-02-13,19.066650390625,19.55553918097633,18.822206772516644,450800
2020-02-14,19.18072509765625,19.359983644258183,19.00146499691972,282000
2020-02-17,19.343685150146484,19.392573557457187,19.18072327439933,173800
2020-02-18,18.854799270629883,19.50665153475989,18.594058986631754,1250600
2020-02-19,18.757022857666016,19.0829482199003,18.57776274283612,685400
2020-02-20,18.6103572845459,18.773320753487177,18.41480205429726,411400
2020-02-21,18.903688430786133,18.98516860044884,18.41479964213682,620900
2020-02-24,18.0888729095459,18.52887169758793,17.860724411291272,1306600
2020-02-25,18.12146759033203,18.186652664054517,17.991097442887067,1023500
2020-02-26,18.12146759033203,18.34961612542809,17.616283657516487,881400
2020-02-27,18.20294761657715,18.52887295467138,18.12146589351994,952400
2020-02-28,17.79553985595703,18.039983461385997,17.53479959573026,2465900
2020-03-02,17.697765350341797,18.170357563853276,17.518506770780508,964300
2020-03-03,17.860729217529297,18.088877777177625,17.681470634035197,1324500
2020-03-04,17.730356216430664,17.877023013133947,17.53480100553784,759600
2020-03-05,17.697765350341797,17.925913904984704,17.599988508448323,925300
2020-03-06,17.762948989868164,18.18665274808947,17.59998708187634,312300
2020-03-09,17.06220817565918,17.50220699405507,16.622207803128685,1940900
2020-03-10,16.540727615356445,17.46961685887703,16.312580634319783,1402900
2020-03-11,16.882949829101562,17.43702373916473,16.524432696583435,702800
2020-03-12,16.296281814575195,16.915540710025198,16.21480009467541,1520000
2020-03-16,15.237027168273926,15.269618930277,14.42221291444398,2353300
2020-03-17,14.585174560546877,14.813323106850198,14.259249175924143,2349300
2020-03-18,14.699246406555176,15.237023562489195,14.471097909984731,1872600
2020-03-19,14.666656494140623,15.139248696786428,14.37332286693466,1585300
2020-03-20,15.188135147094728,15.30221018406822,14.69924790399414,2759100
2020-03-23,14.78072738647461,14.862209107906802,14.17776513449169,1765700
2020-03-24,15.237027168273926,15.269618930277,14.666656568939022,479900
2020-03-25,16.834060668945312,16.834060668945312,14.845913654136403,388600
2020-03-26,16.703689575195312,17.045911570120797,16.13331906560797,1824400
2020-03-27,16.76887321472168,17.111095180497,16.279984470166298,887200
2020-03-30,16.377763748168945,16.719985732905656,16.10072682937568,1160000
2020-03-31,16.915542602539062,17.420726524995615,16.214801908790285,1501600
2020-04-01,16.703689575195312,16.81776305545894,16.638504507311154,1212500
2020-04-02,16.785173416137695,16.83406183468474,16.312581225823465,551400
2020-04-03,16.86665153503418,17.062206721446803,16.426651200004926,441000
2020-04-06,16.834060668945312,17.094800955319982,16.54072706970646,604800
2020-04-07,17.322946548461914,17.322946548461914,16.540724267711482,753000
2020-04-08,16.86665153503418,17.322946969996963,16.703688102623094,861300
2020-04-09,17.11109733581543,17.176282406357913,16.768875326933735,367900
2020-04-10,16.86665153503418,17.19257684572188,16.86665153503418,455900
2020-04-13,16.915542602539062,16.9807276749249,16.81776421689295,223000
2020-04-14,16.94813346862793,16.997023435942218,16.915541711219706,550900
2020-04-15,17.11109733581543,17.355540961816068,16.94813388239189,489200
2020-04-16,17.029613494873047,17.274058644660432,16.736281490916458,1864600
2020-04-17,17.22517204284668,17.388135507832377,16.785173174000942,388700
2020-04-20,17.208877563476562,17.681469764104786,16.99702567296945,868700
2020-04-21,16.622207641601562,17.208874799274586,16.475540852183308,317200
2020-04-22,16.622207641601562,16.622207641601562,16.231097239242605,1692100
2020-04-23,16.622207641601562,16.622207641601562,16.44294909572069,1403800
2020-04-24,16.540727615356445,16.785172807497545,16.345172394124415,747100
2020-04-27,16.622207641601562,16.622207641601562,16.459245751019292,339500
2020-04-28,16.540727615356445,16.638506003039833,16.442950781807802,598000
2020-04-29,16.81776237487793,16.964429160215627,16.42665198340043,182900
2020-04-30,17.11109733581543,17.143690648154006,16.671096944052678,1193600
2020-05-04,16.94813346862793,16.997023435942218,16.719986504366457,1132000
2020-05-05,16.94813346862793,17.159985331252606,16.94813346862793,861800
2020-05-06,16.80146598815918,16.915539455075134,16.703687620706628,721900
2020-05-08,16.785173416137695,17.111098796675993,16.752580101016463,1004500
2020-05-12,16.785173416137695,17.029617063007716,16.54072821513287,752000
2020-05-13,16.81776237487793,17.094799290708128,16.55702211389293,641400
2020-05-14,16.149616241455078,17.078503877266847,15.921469273576909,639000
2020-05-15,16.426654815673828,16.540728310989607,16.068136117936614,336500
2020-05-18,16.703689575195312,16.91554143435248,16.42665264815399,222900
2020-05-19,17.290355682373047,17.290355682373047,17.013318747380968,799000
2020-05-20,17.33924674987793,17.33924674987793,17.127394871205947,589400
2020-05-21,17.811838150024414,18.740725801103853,16.948134015866135,594600
2020-05-22,17.665172576904297,17.893319564357107,17.502209110893897,565800
2020-05-27,17.79553985595703,18.65924235649184,17.127392550592297,1244100
2020-05-28,17.925912857055664,17.925912857055664,17.616284136980372,806000
2020-05-29,17.9585018157959,18.007390222026135,17.3066496648103,2791400
2020-06-03,18.13776206970215,18.545169120088627,17.95850352702054,378300
2020-06-04,18.2518367767334,18.4148002295262,18.105169980046814,730000
2020-06-05,17.9585018157959,18.333315520451727,17.9585018157959,773200
2020-06-09,18.31702041625977,18.431095445958057,18.21924359552928,1826400
2020-06-10,18.39850234985352,18.39850234985352,18.28442887296565,1536500
2020-06-11,18.44739151000977,18.74072509578867,18.38220644140719,683400
2020-06-12,18.31702041625977,18.431095445958057,17.974798435433982,1277000
2020-06-15,18.26813316345215,18.47998502730489,17.991096230270465,268700
2020-06-16,18.2518367767334,18.57776212818433,18.121466636153027,740500
2020-06-17,18.2518367767334,18.317021847023582,17.958504737494895,776000
2020-06-18,18.0888729095459,18.20294638160596,17.942206128820388,268700
2020-06-19,18.10516929626465,18.251836087412038,17.95850405925187,2529900
2020-06-22,18.07258033752441,18.31702399119324,17.87702510376239,164400
2020-06-23,18.023691177368164,18.235541506308337,17.583690753873686,196200
2020-06-24,18.20294761657715,18.28442933963436,18.00739241372061,1009600
2020-06-25,17.99109649658203,18.251836777757404,17.99109649658203,730000
2020-06-26,17.94220733642578,18.072577471593167,17.925910680996207,118200
2020-06-29,18.0888729095459,18.219243035938685,17.616280812838422,138700
2020-06-30,18.0888729095459,18.54516835192065,17.95850278315311,406700
2020-07-01,18.0888729095459,18.414798225527864,18.007391192016783,333600
2020-07-02,18.33331871032715,18.33331871032715,17.97480004261193,813900
2020-07-03,18.33331871032715,18.33331871032715,18.18665191198298,103100
2020-07-06,18.44739151000977,18.496281477062663,18.12146616699689,302100
2020-07-07,18.41480255126953,18.479987629778268,18.18665399942152,686300
2020-07-08,18.44739151000977,18.512576578612343,18.219244546968064,1237300
2020-07-09,18.34961700439453,18.414802081239447,18.284431927549612,1032700
2020-07-10,18.521873474121094,18.65311780271537,18.210168584848624,459600
2020-07-13,18.571088790893555,18.76795527408204,18.505466629830725,859600
2020-07-14,18.587495803833008,18.833578530998288,18.29219527959001,135100
2020-07-15,18.60390281677246,18.849985558231094,18.48906441269922,575600
2020-07-16,18.538278579711918,18.62030667256466,18.45625048685917,235300
2020-07-17,18.55468368530273,19.342149586704267,18.09532701159617,2222700
2020-07-20,18.702335357666016,18.84998562891724,18.571091019788465,490800
2020-07-21,18.390628814697266,18.86638988843201,18.390628814697266,1105200
2020-07-22,18.62030601501465,18.62030601501465,18.47265576600492,740300
2020-07-23,18.71873664855957,18.784358801223235,18.603898272537045,742300
2020-07-24,18.62030601501465,18.702332540415,18.47265576600492,567500
2020-07-27,19.588233947753903,19.637451744174182,18.767956115418965,2927100
2020-07-28,19.53901672363281,19.76869506826285,19.260122149637667,719800
2020-07-29,19.42417907714844,19.53901747158158,19.227312587596284,249400
2020-07-30,19.194499969482425,19.440584245169617,18.81717293714006,952800
2020-08-03,19.014039993286133,19.22731241283476,18.63671138499063,469600
2020-08-04,19.030445098876957,19.27652780675797,18.505466256412053,267600
2020-08-05,18.66952133178711,19.276526664540874,18.48906079433781,1000700
2020-08-06,18.866390228271484,19.604639967770947,18.735145899674063,546700
2020-08-07,18.489063262939453,19.04685087986287,18.489063262939453,225500
2020-08-10,18.55468368530273,18.99763286370218,18.48906152685261,499700
2020-08-11,18.55468368530273,18.784360457600343,18.47265559610116,118900
2020-08-12,18.587495803833008,18.833578530998288,18.538279571311115,131600
2020-08-13,18.62030601501465,18.86638872032708,18.521871994156268,811300
2020-08-14,18.587495803833008,18.784362298476395,18.43984554171151,448700
2020-08-17,18.6367130279541,18.866391399536408,18.58749679281357,803600
2020-08-18,18.521873474121094,18.70233403479928,18.210168584848624,513900
2020-08-19,18.538278579711918,18.587494809601264,18.521872648230215,1535900
2020-08-21,18.587495803833008,19.0304465901975,18.52187363895188,691000
2020-08-24,18.587495803833008,18.702334201236027,18.456251474070747,812700
2020-08-25,18.702335357666016,18.735147224413364,18.259386108468263,1150400
2020-08-26,18.571088790893555,18.653116883361022,18.456250400172536,264700
2020-08-27,18.6367130279541,18.751552996023207,18.43984652283608,486200
2020-08-28,18.587495803833008,18.866390395716763,18.37422337683038,1100800
2020-09-01,18.489063262939453,18.83357845373517,18.046112478392125,820400
2020-09-02,18.866390228271484,19.276529146277387,18.423439445838323,584800
2020-09-03,18.702335357666016,18.83357969554357,18.357818579598465,481200
2020-09-04,18.50546646118164,18.65311671336633,18.35781620899695,215700
2020-09-07,18.866390228271484,18.866390228271484,18.423439445838323,173900
2020-09-08,18.538278579711918,18.603900741082963,18.439844555377476,227900
2020-09-09,18.3085994720459,18.800766444160654,18.275789175001275,293300
2020-09-10,18.784358978271484,18.800764907730912,18.32500390529628,167700
2020-09-11,18.439844131469727,18.68592840437081,18.325005742849317,129300
2020-09-14,18.3085994720459,18.456249720135894,17.93127245097651,191900
2020-09-15,18.68593406677246,18.800772490192383,18.04611664081252,207400
2020-09-17,18.62030601501465,18.767954699468696,18.45624983510257,336100
2020-09-18,18.357818603515625,18.83357972008056,18.357818603515625,1866100
2020-09-21,18.571088790893555,18.71873904442385,18.357816376300427,326600
2020-09-22,18.62030601501465,18.702332540415,18.505466063253923,187800
2020-09-23,18.571088790893555,18.70233311301921,18.357816376300427,190300
2020-09-24,18.68593406677246,18.784366554116342,18.2921994237284,200800
2020-09-25,18.571088790893555,18.620306585107475,18.30860014664224,593200
2020-09-28,18.390628814697266,18.48906284165015,18.24297855654583,271300
2020-09-29,18.62030601501465,18.702332540415,18.37422174514654,370100
2020-09-30,18.702335357666016,18.702335357666016,18.439846681910915,435000
2020-10-01,18.62030601501465,18.636710381361308,18.37422174514654,935100
2020-10-02,18.62030601501465,18.65311631226365,18.25938335794149,165300
2020-10-05,18.62030601501465,18.751550333122037,18.53827792505861,241200
2020-10-06,18.538278579711918,18.751550995306754,18.439844555377476,272500
2020-10-07,18.423437118530277,18.62030515111321,18.3414105969356,557100
2020-10-08,18.62030601501465,18.62030601501465,18.423437973297887,216000
2020-10-09,18.456249237060547,18.62030541165667,18.357815219391743,232600
2020-10-12,18.2265739440918,18.60390258274514,18.17735770933037,202500
2020-10-13,18.423437118530277,18.554682995104105,18.144544128908265,168700
2020-10-14,18.177356719970703,18.587495637956604,18.12814048788802,410500
2020-10-15,17.964082717895508,18.193761055045407,17.86565026237103,1075800
2020-10-16,17.76721954345703,18.144548198557334,17.55394709745355,1460300
2020-10-19,17.947677612304688,18.013299773856676,17.76721705917565,447300
2020-10-20,17.800029754638672,18.04611248082763,17.783623822344524,218700
2020-10-21,17.701595306396484,18.14454608051804,17.66878500714069,162000
2020-10-22,17.55394744873047,17.832842071042524,17.422703104649027,299900
2020-10-23,17.55394744873047,17.635975554920368,17.521137144988106,699500
2020-10-26,18.456249237060547,18.456249237060547,17.553943405893126,80000
2020-10-27,18.341413497924805,18.439845965229345,18.24297946606441,442000
2020-10-28,18.374223709106445,18.42343994251836,18.09532911217921,159500
2020-10-30,17.40629768371582,18.14454909663588,17.225837096422048,539600
2020-11-02,17.882057189941406,18.35781829860426,17.45551388064622,256900
2020-11-03,17.78362274169922,17.865650833629598,17.537538465908078,195400
2020-11-04,18.259382247924805,18.275788177829806,17.882053682887705,192600
2020-11-05,18.653120040893555,18.78436438523578,18.35781948384555,1494600
2020-11-06,18.66952133178711,18.702331627434432,18.603899175936856,1106400
2020-11-09,18.68593406677246,18.718744374368363,18.571094078796364,1170000
2020-11-10,18.702335357666016,18.75155315778704,18.62030881990949,781800
2020-11-11,18.866390228271484,19.01404048908254,18.7023340352468,2502500
2020-11-12,19.079662322998047,19.11247262230136,18.866389901581304,1414500
2020-11-13,18.981224060058597,19.128874285362784,18.86638569129108,475400
2020-11-16,18.866390228271484,19.26012321406376,18.784362131759146,391900
2020-11-17,18.866390228271484,18.98122862465528,18.80076806397277,449800
2020-11-18,19.12887954711914,19.735884979017012,18.78436278149539,344200
2020-11-19,19.325746536254883,19.571830840535927,19.096069729726324,1832700
2020-11-20,19.292938232421875,19.35856040744823,19.260126362630665,600100
2020-11-23,19.39136505126953,19.55542122321637,19.292932599745917,1568400
2020-11-24,19.27652931213379,19.39136770950566,19.16169091476192,386000
2020-11-25,19.325746536254883,19.374964335844638,18.96482539326546,591400
2020-11-26,19.374961853027344,19.391366219565874,19.194499740102167,1060700
2020-11-27,19.21091079711914,19.407777329111468,19.11247674884492,603200
2020-11-30,19.27652931213379,19.37496334170669,19.210907147270454,1927800
2020-12-01,19.325746536254883,19.555424907339344,19.145285964760173,231200
2020-12-02,19.27652931213379,19.309341176843365,18.964824420171933,417200
2020-12-03,19.325746536254883,19.342152469451467,18.96482539326546,656800
2020-12-04,19.358556747436523,19.374962679230357,19.16169025957787,445800
2020-12-07,19.45699119567871,19.588235534318077,19.309342488126376,1492700
2020-12-08,19.4733943939209,19.48980032508543,19.22731168467577,1170000
2020-12-09,19.44058609008789,19.48980232407368,19.19450179104721,1134900
2020-12-10,19.40777587890625,19.424181813152074,19.309343402543306,361300
2020-12-11,19.48980140686035,19.52261170645483,19.11247279191119,423600
2020-12-14,19.44058609008789,19.48980232407368,19.112473691366983,1099800
2020-12-15,19.588233947753903,19.62104581203409,19.44058525216049,2118900
2020-12-16,19.686670303344727,19.867130884551894,19.621048131582484,641000
2020-12-17,20.3428897857666,20.68740654080316,19.85072433390507,2431700
2020-12-18,19.752286911010746,20.490536526514653,19.735880981552636,717000
2020-12-21,19.703075408935547,19.752291644548755,19.37496456392097,453800
2020-12-22,19.588233947753903,19.735884207903126,19.35855715601584,588400
2020-12-23,19.686670303344727,19.73588654102741,19.358559444533512,1244100
2020-12-24,19.850725173950195,19.899941408307924,19.76869707365006,698300
2020-12-28,19.850725173950195,19.932751709694447,19.35855813670527,293100
2020-12-29,19.850725173950195,20.080401977323515,19.70307490632113,395200
2020-12-30,19.850725173950195,20.06399604435231,19.522612772749657,403800
2020-12-31,19.42417907714844,19.71947959375456,19.42417907714844,505000
2021-01-04,19.4733943939209,19.52261062285878,19.1288776622443,526600
2021-01-05,19.4733943939209,19.50620625624996,18.76795499940317,547700
2021-01-06,19.506202697753903,19.719475070318623,19.063252024452854,1062200
2021-01-07,19.621044158935547,19.67026038665349,19.309339297314363,2031800
2021-01-08,19.686670303344727,19.75229247510697,19.456991919898883,1809900
2021-01-11,20.260860443115234,20.4085091194599,19.75228756496496,1285700
2021-01-12,20.162429809570312,20.342890376186737,19.94915737744771,761800
2021-01-13,20.228050231933597,20.326484255409152,20.17883400247368,1310100
2021-01-14,19.93275260925293,20.42491966870919,19.93275260925293,625300
2021-01-15,19.817914962768555,20.06399771966055,19.817914962768555,648600
2021-01-18,19.588233947753903,19.7851020043234,19.374963088155926,774300
2021-01-19,19.48980140686035,20.047590580968627,19.35855707937085,821800
2021-01-20,19.27652931213379,19.473395806723776,19.27652931213379,269400
2021-01-21,19.27652931213379,19.37496334170669,19.112473117697554,1141600
2021-01-22,19.26012420654297,19.276530139602,19.19450203886273,961100
2021-01-25,19.27652931213379,19.670262301313763,19.227313079625247,1197400
2021-01-26,19.26012420654297,20.014779917143667,19.161691737300558,1066700
2021-01-27,18.94841766357422,19.292934405259413,18.882795501565408,1480400
2021-01-29,19.063257217407227,19.063257217407227,18.86639071938642,1058700
2021-02-02,19.522613525390625,19.63745349606051,18.88279776040617,625300
2021-02-03,19.48980140686035,19.53901763852997,19.145284656061463,804400
2021-02-04,19.522613525390625,19.539019458994314,19.292936713162742,309400
2021-02-05,19.11247062683105,19.522609494913745,18.964821948548007,754700
2021-02-08,18.94841766357422,19.2273122432506,18.91560580029193,315500
2021-02-09,18.94841766357422,19.07966198759184,18.866389569924262,1496200
2021-02-10,18.94841766357422,19.04685012430956,18.833577706641982,937800
2021-02-11,18.866390228271484,18.99763455686891,18.866390228271484,368700
2021-02-15,18.93201065063477,19.128877125417205,18.849982561669837,177800
2021-02-16,18.800769805908203,19.03044818451184,18.800769805908203,801500
2021-02-17,18.66952133178711,18.964821815391065,18.472654864236343,606000
2021-02-18,19.014039993286133,19.11247245488964,18.784361641951666,1824000
2021-02-19,19.405479431152344,19.53873581954761,19.0556810144794,857500
2021-02-22,19.405479431152344,19.53873581954761,19.17228154573135,748900
2021-02-23,19.338851928710938,19.53873651845377,19.138967338968108,829000
2021-02-24,19.538738250732425,19.73862444673841,19.338853643268084,1306800
2021-02-25,19.388824462890625,19.638679805451023,19.305538819189984,842600
2021-02-26,19.572052001953125,19.572052001953125,19.1889402571808,1446200
2021-03-01,19.488767623901367,19.60536817042702,19.17228405714125,458800
2021-03-02,19.27222442626953,19.57205211595361,19.255568567930524,737700
2021-03-03,19.338851928710938,19.388824267552778,19.172282231529334,1035500
2021-03-04,19.338851928710938,19.40548012529188,19.23891042811028,941900
2021-03-05,19.488767623901367,19.52208251963489,19.255569707933383,406600
2021-03-08,19.28887939453125,19.55539215620732,19.27222194979116,695200
2021-03-09,19.322195053100582,19.42213654843644,19.155623776152257,497700
2021-03-10,19.338851928710938,19.40548012529188,19.272223732129994,240800
2021-03-11,19.388824462890625,19.48876596449817,19.10565422743336,823400
2021-03-12,19.25556755065918,19.47210799450056,19.25556755065918,641100
2021-03-15,19.322195053100582,19.33885090996228,19.238909414626423,386200
2021-03-16,19.27222442626953,19.32219676691125,19.222253674169373,247400
2021-03-17,19.27222442626953,19.405480824230995,19.23891112104995,351700
2021-03-18,19.15562438964844,19.35550897526327,19.15562438964844,703200
2021-03-19,19.555395126342773,19.555395126342773,19.088997722571733,1009700
2021-03-22,19.238910675048828,19.572051662229537,19.238910675048828,292000
2021-03-23,19.238910675048828,19.405480374368416,19.15562503111827,560200
2021-03-24,19.28887939453125,19.32219428401144,19.188937903173407,322500
2021-03-25,19.08899688720703,19.28888148007593,19.005711243042946,584900
2021-03-26,19.222251892089844,19.222251892089844,19.05568061580992,392200
2021-03-29,19.25556755065918,19.25556755065918,19.03902551827632,764800
2021-03-30,19.405479431152344,19.405479431152344,19.22225229424421,723700
2021-03-31,19.10565185546875,19.555391733950607,18.989051333347184,1191400
2021-04-01,19.13896942138672,19.222255073310187,19.03902790991191,208100
2021-04-02,19.15562438964844,19.188939281521648,19.072338748506887,40300
2021-04-05,19.039026260375977,19.222253407899505,18.93908316901852,369300
2021-04-06,18.90576934814453,19.0223682944272,18.78916881332037,1075200
2021-04-07,18.98905372619629,19.1389675674283,18.90576967088209,390900
2021-04-08,18.839141845703125,19.00571154816391,18.705883859776318,364000
2021-04-09,18.805828094482425,18.88911374504294,18.65591424118182,991100
2021-04-12,18.73919677734375,18.805824969010427,18.6059403940104,167100
2021-04-13,18.73919677734375,18.772511667447787,18.6059403940104,1061000
2021-04-14,18.805828094482425,18.88911374504294,18.67257168900225,278200
2021-04-15,18.655912399291992,18.88911188012944,18.605941649305933,445900
2021-04-16,18.456026077270508,18.60593990168909,18.289454808240663,544800
2021-04-19,18.239484786987305,18.47268425517796,18.18951403971124,303100
2021-04-20,18.272802352905277,18.322773107497696,18.072917745993934,405200
2021-04-21,17.923002243041992,18.239485777702736,17.856374046874386,450100
2021-04-22,18.156200408935547,18.18951530179209,17.923002513105857,530800
2021-04-23,18.10623359680176,18.189519258518533,17.972977173471662,214300
2021-04-26,18.139545440673828,18.27280184155229,18.039602345744186,286500
2021-04-27,18.156200408935547,18.156200408935547,17.873030173821043,1176400
2021-04-28,18.98905372619629,18.98905372619629,18.07291640940784,344600
2021-04-30,18.32277107238769,18.939082272379395,18.172857236719704,1178000
2021-05-03,18.43937110900879,18.58928495356033,18.32277215815384,302700
2021-05-04,18.3893985748291,18.70588209156748,18.37274112959513,296900
2021-05-05,17.98963165283203,18.622600353396564,17.956316758229978,280400
2021-05-06,18.489341735839844,18.489341735839844,17.82305822053758,590600
2021-05-07,18.7558536529541,18.78916695350533,18.43936856074006,954700
2021-05-10,18.73919677734375,18.955738797395803,18.63925369557304,1210700
2021-05-11,18.53931427001953,18.72254142040273,18.406057871824192,328400
2021-05-12,18.73919677734375,18.88911060572912,18.439369120573005,293700
2021-05-17,18.28945541381836,18.955738923457528,18.28945541381836,421100
2021-05-18,18.339431762695312,18.655915347340446,18.256146107196564,305300
2021-05-19,18.339431762695312,18.5892871406498,17.92300507374333,534000
2021-05-20,18.53931427001953,18.739198867312545,18.33942967272652,815100
2021-05-21,18.505998611450195,18.605941700237395,18.4060571112045,928300
2021-05-24,18.555971145629883,18.8224839338152,18.322771661696976,598100
2021-05-25,18.73919677734375,18.73919677734375,18.47268401067704,682400
2021-05-27,18.68922615051269,18.989052220663705,18.52265487600771,3877200
2021-05-28,18.53931427001953,19.039026557522845,18.406057871824192,567700
2021-05-31,18.489341735839844,18.572625785278888,18.28945556927017,97500
2021-06-01,18.37274169921875,18.572626282599327,18.37274169921875,215300
2021-06-02,18.222827911376957,18.505998135695823,18.122886413700567,616000
2021-06-03,18.189516067504883,18.3394299145871,18.189516067504883,342200
2021-06-04,17.98963165283203,18.256144455482023,17.906346004868507,634200
2021-06-08,18.12288856506348,18.28945827714472,18.006289607752443,117300
2021-06-10,18.156200408935547,18.422714786163304,17.989630710277414,353700
2021-06-11,17.939659118652344,18.1728570035514,17.906344227357366,292000
2021-06-14,17.73977279663086,17.989629713587377,17.73977279663086,386600
2021-06-15,17.4732608795166,17.92300239896667,17.45660343319441,812300
2021-06-16,17.256717681884766,17.706459171075288,17.256717681884766,500400
2021-06-17,17.406635284423828,17.406635284423828,16.90692293986001,580500
2021-06-18,17.85637664794922,17.85637664794922,17.09015148613773,1578100
2021-06-21,17.906347274780273,17.92300472326264,17.556548799359174,682200
2021-06-22,17.35666275024414,17.806402702345835,17.32334785602986,288000
2021-06-23,17.240062713623047,17.473260604294552,17.22340526756323,352500
2021-06-24,17.273374557495117,17.356660192214576,17.223403812079987,330200
2021-06-25,17.106809616088867,17.389978310921563,17.073494717554553,364200
2021-06-28,16.940235137939453,17.12346228004624,16.773663853448554,432600
2021-06-29,16.990209579467773,17.073495239809358,16.87361060811466,666000
2021-06-30,16.956892013549805,17.156776595088484,16.956892013549805,562200
2021-07-01,16.906923294067383,17.373322339320477,16.823639225346703,290300
2021-07-02,16.923580169677734,16.990208375521277,16.773666309394326,316000
2021-07-05,16.7070369720459,16.973549777370167,16.690381113119347,247800
2021-07-06,16.82363510131836,16.890263293087205,16.70703457431683,123700
2021-07-07,16.72369956970215,16.823642696747793,16.57378567340474,301500
2021-07-08,16.39055061340332,16.773662308487257,16.357235724157054,998100
2021-07-09,16.67662811279297,16.727111906733118,16.390550605714004,327800
2021-07-12,16.508346557617188,16.74393864154307,16.508346557617188,198200
2021-07-13,16.710289001464844,16.710289001464844,16.525179038441575,159300
2021-07-14,16.659799575805664,16.74394030191597,16.626144248272062,387900
2021-07-15,16.57566261291504,16.676630213514017,16.558834144531517,476500
2021-07-16,16.659799575805664,16.676628041997898,16.474691262243688,262000
2021-07-19,16.592487335205078,16.727111855197954,16.57566047384412,421600
2021-07-21,16.390552520751953,16.642974729646927,16.373724052522075,306100
2021-07-22,16.62614631652832,16.72711391654014,16.457864843373862,408800
2021-07-23,16.542007446289062,16.659803527876786,16.457866700218723,146300
2021-07-26,16.37372589111328,16.592491188113463,16.37372589111328,258000
2021-07-27,16.323240280151367,16.49152175303119,16.323240280151367,264400
2021-07-28,16.104473114013672,16.39055062136582,16.020333992316704,246300
2021-07-29,16.205442428588867,16.3232384837303,16.070817907041263,388200
2021-07-30,15.582803726196287,16.222271010527013,15.58280372619629,702500
2021-08-02,15.700599670410156,15.83522419195819,15.582803615268348,326000
2021-08-03,16.239099502563477,16.239099502563477,15.683772890258682,598800
2021-08-04,16.27275848388672,16.27275848388672,15.919368631207176,319100
2021-08-05,16.188615798950195,16.323240335772358,15.986678993716952,322100
2021-08-06,16.222272872924805,16.373724274493675,16.02033606598189,328600
2021-08-09,16.27275848388672,16.390554566496146,16.205446207416866,78700
2021-08-11,16.49152183532715,16.49152183532715,16.27275656143212,564700
2021-08-12,16.104473114013672,16.491519814193406,16.104473114013672,361200
2021-08-13,16.979534149169922,16.979534149169922,16.222270817852962,511000
2021-08-16,16.47469139099121,16.57566058408281,16.340066870102998,434700
2021-08-17,16.407379150390625,16.592487465623076,16.373722217702426,732600
2021-08-18,16.727115631103516,16.81125637630534,16.34007044996684,457700
2021-08-19,16.828083038330078,17.06367677861308,16.727113833965632,753000
2021-08-20,16.844911575317383,16.99636458005697,16.794426170503478,650100
2021-08-23,16.895395278930664,16.99636448313161,16.828083011080388,479800
2021-08-24,17.2487850189209,17.26561348703044,16.727113741482487,824000
2021-08-25,17.58534812927246,17.652660403643935,17.316099031786564,736300
2021-08-26,17.921907424926758,18.05653195807383,17.585346092059083,1410200
2021-08-27,17.921907424926758,17.972392828495177,17.80411135963583,534900
2021-08-30,17.972393035888672,17.972393035888672,17.719970829686805,1183800
2021-09-01,17.921907424926758,18.10701736164225,17.686315294344897,505000
2021-09-02,17.804109573364258,18.09018707881262,17.804109573364258,519400
2021-09-03,18.09018898010254,18.09018898010254,17.686315378734264,588200
2021-09-06,17.501203536987305,18.090187011872327,17.433891277416233,458000
2021-09-07,17.66948890686035,17.736801181359105,17.50120741818786,315100
2021-09-08,18.09018898010254,18.09018898010254,17.686315378734264,670600
2021-09-09,17.837770462036133,18.09019109113473,17.753629717386193,475100
2021-09-10,17.652658462524414,17.837768400329338,17.551690864495395,195800
2021-09-13,17.53486442565918,17.65266050527464,17.299270661577044,411600
2021-09-14,17.181472778320312,17.585346384477344,17.130988978763448,506900
2021-09-15,17.2487850189209,17.349754222727093,17.130988951856214,426800
2021-09-17,17.03001594543457,17.366577208219702,17.03001594543457,1554100
2021-09-20,16.727115631103516,17.24878696747385,16.659803355912302,246800
2021-09-21,16.69346046447754,16.996366508321884,16.592491248245675,464200
2021-09-22,16.710289001464844,16.828085083496923,16.693460531217045,568700
2021-09-23,16.979534149169922,17.215126258332468,16.71028510735508,428900
2021-09-24,16.69346046447754,17.24878714162467,16.609319718426192,672800
2021-09-27,16.91222381591797,17.130989088534246,16.676630075057886,311800
2021-09-28,17.04684829711914,17.1309890332154,16.828083025209292,293500
2021-09-29,16.861740112304688,17.06367691783006,16.828083175624926,499200
2021-09-30,16.929052352905273,17.16464448987096,16.844911616195642,770000
2021-10-01,16.727115631103516,17.030021671889596,16.676631825922914,702500
2021-10-04,16.81125259399414,16.996362512761102,16.777597266396157,431900
2021-10-05,16.979534149169922,17.046846409623633,16.67662817470279,300600
2021-10-06,18.42675018310547,18.52771938515266,17.046847919183634,3481400
2021-10-07,18.7633113861084,18.86428058746104,18.44357852405188,1392100
2021-10-08,18.897933959960938,18.897933959960938,18.477231940141493,733900
2021-10-11,19.09987449645996,19.200842093890625,18.44357869375653,1548700
2021-10-12,19.09987449645996,19.167186763030745,18.763311558755007,1125700
2021-10-13,19.16718864440918,19.25132778224317,18.998907159038836,1268900
2021-10-14,19.09987449645996,19.167186763030745,19.01573376203372,429000
2021-10-15,19.09987449645996,19.25132589260596,19.066217560749056,355700
2021-10-18,19.200841903686523,19.3354664354945,19.099874307256044,1219100
2021-10-20,19.26815414428711,19.26815414428711,19.150358080322576,1390900
2021-10-21,19.30181121826172,19.40277881528484,19.251325814899143,1374400
2021-10-22,19.26815414428711,19.352294877769356,19.099874282173637,543200
2021-10-25,19.09987449645996,19.40277889360298,19.01573376203372,170500
2021-10-26,18.813796997070312,19.09987453173729,18.729656262488668,259600
2021-10-27,18.8811092376709,19.26815436942012,18.813796971068815,534300
2021-10-28,18.325780868530277,18.847450483141888,18.12384408821117,559500
2021-10-29,18.19115829467773,18.39309509660303,17.955564556672705,556000
2021-11-01,17.921907424926758,18.29212569350672,17.83776829534811,457200
2021-11-02,17.989219665527344,18.09018886766738,17.736799067453788,548000
2021-11-03,17.87142562866211,18.090190920751013,17.703145745798405,487200
2021-11-05,17.417064666748047,18.073358805795657,17.18147095243428,770300
2021-11-08,17.736801147460938,17.837770361441702,17.383411305805073,248400
2021-11-09,17.417064666748047,17.60217298201901,17.16464248608668,441300
2021-11-10,17.40023422241211,17.41706268684672,17.1982974637489,152900
2021-11-11,17.58534812927246,17.63583193383826,17.23195828760942,284000
2021-11-12,17.484376907348633,17.9050789364536,17.316095453766295,218700
2021-11-15,17.080501556396484,17.669485032762235,16.979533969211467,391100
2021-11-16,16.945877075195312,17.316095307028675,16.929050213860375,568000
2021-11-17,17.198301315307617,17.316097383028904,16.929052243458358,561200
2021-11-18,17.332927703857422,17.551692999330378,17.164646213539385,475200
2021-11-19,17.332927703857422,17.38341150901234,17.231958488696353,196600
2021-11-22,17.501203536987305,17.635828056129448,17.08050151345539,310000
2021-11-23,17.04684829711914,17.50120570427724,17.04684829711914,441700
2021-11-24,17.501203536987305,17.568515796558376,16.945876994313245,650900
2021-11-25,17.58534812927246,17.75362961762675,17.40023977596371,376300
2021-11-26,17.299264907836914,17.585342381626056,17.09732815072411,718000
2021-11-29,16.945877075195312,17.299266840842872,16.861737953968024,869800
2021-11-30,17.703142166137695,17.703142166137695,16.996362628411234,3862000
2021-12-01,17.332927703857422,17.70314601964637,17.114162408384466,522200
2021-12-02,17.518033981323242,17.585346248495576,17.299268711800394,587700
2021-12-06,16.99636459350586,17.669487276379904,16.929052325218453,745000
2021-12-07,17.28244400024414,17.33292780569567,17.013193293183072,223000
2021-12-08,17.349754333496094,17.53486266932971,17.130989061228515,359800
2021-12-09,17.501203536987305,17.501203536987305,17.181470705237427,307500
2021-12-10,17.501203536987305,17.602172728769343,17.31609522437957,807700
2021-12-13,18.073360443115234,18.090188910987376,17.551690777887057,667500
2021-12-14,17.837770462036133,18.022878816385028,17.719972777585728,380300
2021-12-15,17.921907424926758,18.006048159356435,17.753627560918435,442800
2021-12-16,17.66948890686035,17.98922180951662,17.66948890686035,691000
2021-12-17,17.989219665527344,18.039705069022872,17.719970599621945,1447800
2021-12-20,17.736801147460938,17.989221775136034,17.736801147460938,202300
2021-12-21,17.75362777709961,17.804111576431733,17.686315509706432,574200
2021-12-22,17.703142166137695,17.905078947652274,17.68631369979876,329800
2021-12-23,17.93873405456543,17.93873405456543,17.71996880940599,196000
2021-12-24,18.02287483215332,18.090187092022628,17.972391038464057,614200
2021-12-27,18.19115829467773,18.241642093946297,17.9892198879014,186200
2021-12-28,18.207988739013672,18.241645681713056,18.107021120618235,276700
2021-12-29,18.17432975769043,18.3257827597726,18.123845958613387,166000
2021-12-30,18.342609405517575,18.409921671772924,18.15750107452813,152400
2021-12-31,18.325780868530277,18.39309312863664,18.174327882078234,217400
2022-01-03,18.359437942504883,18.51089094336311,18.325782611675844,113000
2022-01-04,18.342609405517575,18.39309480884735,18.25847027633666,223200
2022-01-05,18.44357681274414,18.510889072449924,18.207983101348468,175400
2022-01-06,18.258468627929688,18.527717668642797,18.107015641315847,431500
2022-01-07,18.47723388671875,18.49406235444861,18.107017225767912,477100
2022-01-10,18.342609405517575,18.51089087358145,18.292125607038823,425600
2022-01-11,18.376266479492188,18.460407214157925,18.3089542127298,761300
2022-01-12,18.325780868530277,18.35943619615802,18.308952402290963,411500
2022-01-13,18.342609405517575,18.49406240580486,18.30895407481541,391900
2022-01-14,18.342609405517575,18.342609405517575,18.275297139262232,448600
2022-01-17,17.719968795776367,18.342607598512384,17.669485002270978,556400
2022-01-19,18.00605010986328,18.00605010986328,17.518035723128197,223800
2022-01-20,17.989219665527344,18.006048133359187,17.88825206823833,184900
2022-01-21,17.972393035888672,18.006048367138295,17.871423832437717,225700
2022-01-24,18.09018898010254,18.09018898010254,17.921907510440242,252000
2022-01-25,18.09018898010254,18.10701744803897,17.837768380460126,433200
2022-01-26,18.09018898010254,18.10701744803897,17.837768380460126,304000
2022-01-27,18.275297164916992,18.342609431266837,18.090188833667693,291900
2022-01-28,18.258468627929688,18.29212395559339,18.15749943523684,604800
2022-01-31,18.17432975769043,18.42675035792669,18.17432975769043,601300
2022-02-03,18.073360443115234,18.342609509665397,17.871423643202615,758600
2022-02-04,18.275297164916992,18.32578256831764,18.02287656731785,390100
2022-02-07,18.258468627929688,18.29212395559339,18.09018717505856,1054100
2022-02-08,18.39309310913086,18.477232230536437,18.258468589060897,1186300
2022-02-09,18.56137466430664,18.5782031320762,18.39309480116408,1200300
2022-02-10,19.133529663085938,19.18401346136794,18.61186000285289,4077600
2022-02-11,20.311494827270508,20.47977629225003,19.099874056881493,5434300
2022-02-14,20.496604919433597,20.59757251532729,20.24418271999736,4327600
2022-02-15,21.472633361816406,21.624086359023497,20.530260048556173,6933200
2022-02-16,21.539945602416992,21.80919466165892,21.28752340573945,6220200
2022-02-17,22.381349563598636,22.60011482396584,21.5399454567329,7693000
2022-02-18,22.953895568847656,23.16209563137554,22.46809928371494,6931900
2022-02-21,21.86085319519043,23.283543068677737,21.513854212239966,2374700
2022-02-22,21.68735694885254,22.468101468088427,21.42710932731192,3765200
2022-02-23,22.034351348876957,22.450748148868215,22.0170010685572,3154700
2022-02-24,22.034351348876957,22.242549748872587,21.93025297618604,4645400
2022-02-25,22.103748321533203,22.45074561570688,21.982299682225825,3367200
2022-02-28,22.55484771728516,22.971244508804656,22.138450925765657,2815600
2022-03-01,22.589550018310547,23.2488441617247,22.520148893094436,2527200
2022-03-02,23.76934051513672,24.897083956805663,22.728348478150604,10497000
2022-03-03,25.15732955932617,25.15732955932617,23.682588888830526,5975400
2022-03-04,24.324539184570312,25.035884193729785,24.08164020270032,5147000
2022-03-07,24.029586791992188,24.42863327647321,23.908136495077983,4119200
2022-03-08,23.422344207763672,24.029590830551268,23.09269712842528,5452600
2022-03-09,23.422344207763672,24.01224054884558,22.988597092805087,7076600
2022-03-10,22.728349685668945,23.35294494104429,22.468100421635423,3935100
2022-03-11,22.64159774780273,22.919195612313636,22.52014744111888,2867100
2022-03-14,22.849796295166016,23.04064441460813,22.364000029104567,4455700
2022-03-15,22.710996627807617,23.12739341382764,22.29459984178759,2625400
2022-03-16,22.39869880676269,22.745696137675736,22.12110094203226,1878100
2022-03-17,21.68735694885254,22.55485122680664,21.42710932731192,4085500
2022-03-18,21.94760131835937,22.398698673162595,21.79145376134021,6226600
2022-03-21,21.670001983642575,22.016999288920804,21.63530308042159,1471100
2022-03-22,22.29460334777832,22.71100019927982,21.687356698378128,3248800
2022-03-23,22.12110137939453,22.62424793281973,22.03435163129767,1943500
2022-03-24,22.086400985717773,22.13845182773871,21.756753925987677,2011700
2022-03-25,22.12110137939453,22.34665006260084,22.1037510988524,1841500
2022-03-28,21.96495056152344,22.29459924932273,21.96495056152344,1212700
2022-03-29,21.86085319519043,21.96495156638455,21.72205426385576,1046800
2022-03-30,21.843505859375,22.121103759461374,21.722057191740717,612400
2022-03-31,21.86085319519043,21.87820182064693,21.72205426385576,2138100
2022-04-01,21.94760131835937,22.034351064223653,21.704704015475937,2177500
2022-04-04,22.433399200439453,22.728347343176974,21.704703983630715,1395000
2022-04-05,22.55484771728516,22.901845043551408,22.537497437318404,2157600
2022-04-06,23.179443359375,23.491741786449204,22.72834765368468,2283700
2022-04-07,23.19679450988769,23.630541606156232,23.057995571450878,2278800
2022-04-08,23.162094116210938,23.37029251050552,23.04064381191212,989800
2022-04-11,23.422344207763672,23.92549079493108,23.162096600634094,1214600
2022-04-12,23.595842361450195,23.804040766128335,23.335593114642133,1537900
2022-04-13,23.647891998291016,23.838740125885423,23.45704387069661,1291200
2022-04-14,23.474390029907227,24.01223710330989,23.42234084687268,738200
2022-04-15,23.595842361450195,23.64789154896627,23.457043424998098,1010300
2022-04-18,23.335594177246094,23.838740758449568,23.318243895746065,874400
2022-04-20,24.307186126708984,25.13997970438652,23.52644173398286,5042100
2022-04-21,24.53273582458496,24.70623366653324,24.116337363758667,2905800
2022-04-22,24.289838790893555,24.550086401807544,24.272488508935567,2273700
2022-04-25,25.15732955932617,25.85132419566899,24.6368327547622,5792700
2022-04-26,25.08793067932129,25.330829634998786,24.810332818326305,1952400
2022-04-27,24.983829498291016,25.46962738717108,24.74093220846467,1348200
2022-04-28,25.400230407714844,25.83397750149992,25.209380627496547,2507000
2022-04-29,25.556377410888672,25.59107797184479,25.261430915830765,1125500
2022-05-05,25.070579528808597,25.781924436561045,25.001180065969663,1671700
2022-05-06,24.289838790893555,24.87973514055349,24.237789599633548,2901000
2022-05-09,23.682592391967773,24.376588785580505,23.578494008424947,1525400
2022-05-10,23.24884605407715,23.977541382019968,23.144747667007618,1523600
2022-05-11,23.335594177246094,23.66524290729101,23.144746044587507,1103400
2022-05-12,22.88449478149414,23.665240834471422,22.849795876147244,1445500
2022-05-13,23.05799674987793,23.144746504487937,22.8150977678927,2415700
2022-05-17,23.162094116210938,24.02958825307856,23.110043276676976,3501200
2022-05-18,23.162094116210938,23.83873848401488,23.144743836366285,2152700
2022-05-19,23.335594177246094,23.57849315440477,22.988596820315067,2040900
2022-05-20,23.335594177246094,23.42234393013233,23.11004548158745,2625500
2022-05-23,22.91919708251953,23.57849288033189,22.728348952079333,1179700
2022-05-24,22.468101501464844,23.05799787608817,22.294603638384707,1968900
2022-05-25,22.815095901489254,23.335592731955774,22.554848313562903,3006000
2022-05-26,22.710996627807617,22.84979555648096,22.624246883733345,1475900
2022-05-27,22.693649291992188,22.728349855968908,22.41605139863426,1778000
2022-05-30,22.38134765625,22.867145555251472,22.38134765625,781100
2022-05-31,22.17315101623535,23.248843612463133,22.17315101623535,8878600
2022-06-01,22.55484771728516,22.815095298331403,22.20785039101891,1032200
2022-06-02,22.52014923095703,22.780398490580215,22.381350287670237,939000
2022-06-03,22.55484771728516,22.624247182538408,22.468097972065152,1557500
2022-06-07,22.086400985717773,22.624248104303952,21.86085395541572,1892400
2022-06-08,22.086400985717773,22.20785129581946,21.86085395541572,483100
2022-06-09,21.80880355834961,22.155802560446848,21.75675436988057,1238100
2022-06-10,21.670001983642575,21.878200366809512,21.60060252258693,1018800
2022-06-13,20.993358612060547,21.617953790125007,20.837209403891,1363200
2022-06-14,21.427106857299805,21.687354448840352,20.993359768323,1028700
2022-06-15,20.819860458374023,21.583254613817644,20.68106152102064,1707800
2022-06-16,20.85456085205078,21.218906818708486,20.38611320129573,1517000
2022-06-17,20.29936408996582,20.524912782084915,20.00441592754961,4111400
2022-06-20,20.09116554260254,20.316714233189565,19.865616852015517,536100
2022-06-21,20.334064483642575,20.334064483642575,20.039116323674527,439800
2022-06-22,19.206321716308597,20.299364644297185,18.980773018030256,1491500
2022-06-23,19.813566207885746,19.952365137341623,19.36246885984724,1684200
2022-06-24,19.414520263671875,19.900318226904243,19.327772163807616,1427700
2022-06-27,19.39717102050781,19.535969961419784,19.1022228574164,884900
2022-06-28,19.570669174194336,19.69211949034457,19.25837237958468,717200
2022-06-29,19.46656990051269,19.674768305565674,19.310420683069506,845300
2022-06-30,19.03282356262207,19.72681827358709,19.03282356262207,1278300
2022-07-01,19.17162322998047,19.36247136906119,19.01547400045353,1262900
2022-07-04,19.32777214050293,19.431870522060105,19.17162291355323,445300
2022-07-05,18.651123046875,19.258369575362916,18.63377276786365,1892700
2022-07-06,17.367233276367188,18.91137180408183,17.159034878965677,3312000
2022-07-07,17.939777374267578,18.09592656935949,17.367231428672962,888700
2022-07-08,18.06241798400879,18.395284298072145,17.957301338594238,556600
2022-07-12,18.39528083801269,18.517915508952377,17.992337393055397,452500
2022-07-13,18.377761840820312,18.465358753820336,17.957298663346776,1064500
2022-07-14,18.167530059814453,18.37776164632632,18.097452864310497,1147600
2022-07-15,18.18504905700684,18.36024120345029,18.150009625254903,313500
2022-07-18,18.67559051513672,18.79822519200672,18.22008789994505,430700
2022-07-19,18.53543472290039,18.710628537301474,18.37776062409382,822300
2022-07-20,18.780704498291016,18.850781685305197,18.57047293724848,742400
2022-07-21,18.885818481445312,19.14860917244174,18.67558693111128,740100
2022-07-22,19.00845718383789,19.078534376050435,18.81574365217436,853000
2022-07-25,19.09605407714844,19.218690427235185,18.81574528398821,310700
2022-07-26,18.955900192260746,19.18365151054436,18.79822607415884,726000
2022-07-27,19.00845718383789,19.183649328983226,18.780705891454115,653500
2022-07-28,19.2712459564209,19.586594152173017,19.11357185854484,791300
2022-07-29,19.201169967651367,19.358844075401358,19.11357305548225,1214200
2022-08-01,19.709230422973636,19.814347053702576,19.25372780776848,855900
2022-08-02,19.23620986938477,19.69171252670459,19.18365238454704,1280500
2022-08-03,19.23620986938477,19.39388399467027,19.078537414871583,564100
2022-08-04,19.446441650390625,19.463959696803837,19.1135737069568,1025700
2022-08-05,19.709230422973636,19.86690453368097,19.28876724160218,916000
2022-08-08,19.62162971496582,19.70922661183948,19.41139816493215,402600
2022-08-09,19.49899673461914,19.67418887262429,19.48147701958703,595800
2022-08-10,19.709230422973636,19.779307619868877,19.27124752468533,1424700
2022-08-11,19.6741886138916,19.90193989399796,19.6741886138916,1275600
2022-08-12,19.62162971496582,19.691706898310372,19.551552531621265,1029000
2022-08-15,19.55155563354492,19.67419030616136,19.53403591723626,628900
2022-08-16,19.6741886138916,19.72674775829673,19.53403423702184,1286000
2022-08-17,20.147214889526367,20.199772373595845,19.51652006837574,2330600
2022-08-18,20.042097091674805,20.234810640073,19.97201989337697,1504800
2022-08-19,19.97201919555664,20.14721302056607,19.95450114967341,618200
2022-08-22,19.796825408935547,19.8493828837958,19.53403469309029,544000
2022-08-23,19.06101417541504,19.639151414154416,19.06101417541504,571300
2022-08-24,19.09605407714844,19.253728190994117,19.02597687885838,752400
2022-08-25,19.06101417541504,19.27124574670463,19.06101417541504,1169600
2022-08-26,19.53403663635254,19.63915326730213,19.18365065114085,333700
2022-08-29,19.569074630737305,19.569074630737305,19.481477723185066,608700
2022-08-30,20.26984596252441,20.26984596252441,19.4814771589323,2289800
2022-09-01,19.709230422973636,19.849384816764115,19.28876724160218,1079100
2022-09-02,19.65667152404785,19.7092290002323,19.288765849212638,1044300
2022-09-05,19.53403663635254,19.9720195355602,19.358844479132777,291500
2022-09-06,19.58659553527832,19.884424036570444,19.48147890568081,327300
2022-09-07,19.55155563354492,19.86690384401245,19.323804333848607,1302200
2022-09-08,19.55155563354492,19.726749455087354,19.44644067723715,699900
2022-09-09,19.55155563354492,19.621632828007478,19.55155563354492,581600
2022-09-12,19.2712459564209,19.51651696098055,19.166129334246182,1320900
2022-09-13,19.2712459564209,19.411400338805837,19.183649049737305,1265400
2022-09-14,19.341323852539062,19.37636328479838,19.27124665879252,1232300
2022-09-15,19.183650970458984,19.39388256508537,19.06101629128664,2682000
2022-09-19,19.21868705749512,19.27124452930436,18.290162254491044,1214400
2022-09-20,19.23620986938477,19.42892343174363,19.113575181172628,1865000
2022-09-21,19.2712459564209,19.2712459564209,18.885820569476312,663200
2022-09-22,19.25372695922852,19.446440495276384,19.078534810097462,538100
2022-09-23,18.955900192260746,19.025977392442453,18.83326550963581,346300
2022-09-26,17.939777374267578,18.97341718137617,17.904739614601727,1736300
2022-09-27,18.06241798400879,18.13249519069436,18.0448982646443,1144000
2022-09-28,18.04489517211914,18.11497236679492,17.939778544719424,1035300
2022-09-29,18.20256805419922,18.39527990890988,18.079931718681525,1118900
2022-09-30,18.13249397277832,18.220089222172422,18.044897052611933,644400
2022-10-03,18.220088958740234,18.395282796539995,17.957299872812854,900800
2022-10-04,17.957298278808594,18.307684252533363,17.88722108406364,1930600
2022-10-05,18.13249397277832,18.272648376735624,17.957300132445546,1185700
2022-10-06,18.13249397277832,18.20257117475697,18.097454536402854,636600
2022-10-07,17.869701385498047,18.07993296994248,17.676989517450345,597000
2022-10-11,17.3441219329834,17.81714426044382,17.011255668704404,771900
2022-10-12,17.606914520263672,17.659472005241778,17.15141186172723,1074300
2022-10-13,17.536836624145508,17.694510743625354,17.501797188362318,333100
2022-10-14,17.83466148376465,17.939776427989653,17.536833023840618,358000
2022-10-17,17.69450569152832,17.782100914431787,17.501792191288423,499200
2022-10-18,18.13249397277832,18.220089222172422,17.799626010300507,431800
2022-10-19,18.57047462463379,18.728147056663477,17.95729792946517,970000
2022-10-20,18.868303298950195,18.88582134438808,18.185049403709748,1264500
2022-10-21,18.85078239440918,19.00845648881524,18.587991680141748,762200
2022-10-25,18.81574249267578,19.18364814681288,18.605510928993432,494900
2022-10-26,19.6391544342041,19.691711917415628,18.623034181329174,682200
2022-10-27,19.446441650390625,19.639153527113447,19.27124782008101,1021900
2022-10-28,19.11357307434082,19.4114015735464,18.920861203996328,579500
2022-10-31,18.990938186645508,19.46395883428469,18.92086099178148,1176700
2022-11-01,18.377761840820312,19.236207912521817,18.29016492782029,694700
2022-11-02,18.60551071166992,18.710627327669247,18.15000816029273,896500
2022-11-03,18.360240936279297,18.4303197987634,18.255125984097237,803900
2022-11-04,18.325204849243164,18.412801764575484,18.0448960567975,860900
2022-11-07,18.39528083801269,18.5354352250215,18.342723360577413,2321600
2022-11-08,18.552955627441406,18.552955627441406,18.37776180181321,1641100
2022-11-09,18.39528083801269,18.552954941090626,18.37776112194357,776300
2022-11-10,18.57047462463379,18.65806986328181,18.30768389637349,484100
2022-11-11,18.57047462463379,19.166129932991893,18.447838283136814,1377200
2022-11-14,18.48287582397461,18.69310738260789,18.412798637763512,651000
2022-11-15,18.885818481445312,18.990935091998253,18.48287509433137,300400
2022-11-16,18.93838119506836,19.0434961546807,18.605513257827585,481900
2022-11-17,18.76318359375,18.93837738555937,18.570471759377146,1114100
2022-11-21,18.552955627441406,18.675590302917858,18.237607409619518,680400
2022-11-22,18.658069610595703,18.658069610595703,18.412800272467603,263900
2022-11-23,18.57047462463379,18.587992669900142,18.412800521832025,249800
2022-11-24,18.48287582397461,18.570472724431458,18.16752765063872,602600
2022-11-25,18.447837829589844,18.482877260805257,18.25512597022118,551900
2022-11-29,18.51791763305664,18.97342027846989,18.37776322997137,973900
2022-11-30,18.30768394470215,18.710629060789472,18.23760675113549,1902200
2022-12-01,18.74566650390625,18.920860320234333,18.552954642563005,707200
2022-12-02,18.220088958740234,18.903342921232596,18.18505119364364,988800
2022-12-05,18.20256805419922,18.32520271894491,18.13249086423425,825100
2022-12-06,18.39528083801269,18.44783831544797,18.0624145865598,698900
2022-12-07,18.447837829589844,18.500396976412965,18.360240922323342,1056500
2022-12-08,18.39528083801269,18.4653580315171,18.27264616707301,918400
2022-12-09,18.220088958740234,18.377763078605568,18.16753147570921,765000
2022-12-12,18.430320739746094,18.605512892584866,18.18504972084526,246900
2022-12-13,18.39528083801269,18.640551850664146,18.342723360577413,1377100
2022-12-14,18.48287582397461,18.587990767905296,18.360239495026256,1052200
2022-12-15,18.41280174255371,18.658071100264227,18.39528202535376,468200
2022-12-16,19.06101417541504,19.2887654620051,18.37776031564486,1609900
2022-12-19,18.833267211914062,18.86830665055814,18.587996153722703,722100
2022-12-20,18.833267211914062,19.16613352517083,18.658073360238465,450200
2022-12-21,18.62303352355957,18.763187921021533,18.60551380618377,157600
2022-12-22,18.62303352355957,18.64055324093537,18.500398843473405,759300
2022-12-23,18.57047462463379,18.71062901139712,18.43032023787046,287600
2022-12-27,19.04349708557129,19.04349708557129,18.04489656657936,361900
2022-12-28,19.00845718383789,19.061014660304284,18.955898036599443,586600
2022-12-29,19.23620986938477,19.23620986938477,18.83326636767499,774500
2022-12-30,19.58659553527832,19.58659553527832,19.183650404388683,3621400
2023-01-03,19.35884475708008,19.534036916815182,19.253728124621254,687400
2023-01-04,18.920862197875977,19.288767912057008,18.920862197875977,615600
2023-01-05,19.2712459564209,19.2712459564209,18.868302524757212,482300
2023-01-06,19.14861488342285,19.35884649645744,19.061017960298688,208800
2023-01-09,19.201169967651367,19.27124716323224,18.99093838090876,407600
2023-01-10,19.23620986938477,19.23620986938477,19.078537414871583,584400
2023-01-11,19.21868705749512,19.3238020011136,19.061012971295487,445300
2023-01-12,19.2712459564209,19.306285387403147,19.131091574035963,715400
2023-01-13,19.42892074584961,19.42892074584961,19.201169448674506,750800
2023-01-16,19.06101417541504,19.428919842864826,19.008456700285645,409900
2023-01-17,19.09605407714844,19.148613228945127,19.06101631338951,555700
2023-01-18,18.60551071166992,19.166128208274507,18.53543352459435,1141700
2023-01-19,18.658069610595703,18.74566651882948,18.500397180701377,992400
2023-01-20,18.658069610595703,18.815743711262087,18.658069610595703,563000
2023-01-25,18.640552520751957,18.675590283377645,18.552955608029507,639200
2023-01-26,18.885818481445312,18.90333819499944,18.67558693111128,446200
2023-01-27,19.078536987304688,19.078536987304688,18.67559182385295,832700
2023-01-30,18.93838119506836,19.078535588399586,18.81574484782442,844100
2023-01-31,18.76318359375,18.90333795888877,18.76318359375,1406700
2023-02-02,19.06101417541504,19.096051935243967,18.76318569839512,1340600
2023-02-03,19.288766860961918,19.37636377304539,19.07853527442485,517700
2023-02-07,19.166128158569336,19.46395662056112,19.0960509716755,722600
2023-02-08,19.201169967651367,19.446440987570472,19.166130534474867,695000
2023-02-09,19.25372695922852,19.25372695922852,19.148612003904304,599000
2023-02-10,19.21868705749512,19.27124452930436,19.131090157298445,714700
2023-02-13,19.04349708557129,19.271248403560584,19.025977367855443,668800
2023-02-14,19.35884475708008,19.35884475708008,19.09605401131913,451800
2023-02-15,19.35884475708008,19.376364474285246,19.23620840741609,653600
2023-02-16,19.35884475708008,19.639153549274003,19.32380532266974,976200
2023-02-17,19.32248878479004,19.358842518497244,19.21342411662025,462900
2023-02-20,19.267955780029297,19.304309510835747,19.21342258353369,139600
2023-02-21,19.540616989135746,19.540616989135746,19.122539504250472,233000
2023-02-22,19.37701988220215,19.48608454828988,19.267956949638474,249900
2023-02-23,19.44972801208496,19.522437207636678,19.104359766595312,657700
2023-02-24,19.213424682617188,19.46790776016065,18.904410136144467,2292100
2023-02-27,18.995296478271484,19.213424080678944,18.83170034308487,549000
2023-02-28,18.904409408569336,19.08618327603645,18.904409408569336,1643400
2023-03-01,18.94076538085937,18.977119115208364,18.83170071076417,493100
2023-03-02,19.06800651550293,19.304311861857705,18.958943576277136,948000
2023-03-03,19.086181640625,19.267955492516712,19.068003908731043,564500
2023-03-06,19.23160171508789,19.48608478334633,19.158892514660348,878600
2023-03-07,19.64968490600586,19.64968490600586,19.32249257090932,540700
2023-03-08,19.10436248779297,19.63150466400925,19.08618475293484,501800
2023-03-09,18.904409408569336,19.267957143503576,18.904409408569336,379800
2023-03-10,18.813526153564453,18.995298306301635,18.740816945764728,538500
2023-03-13,18.849876403808597,19.031650256445086,18.813522673395653,964500
2023-03-14,18.722637176513672,18.84987784295943,18.631750243256388,2930700
2023-03-15,18.77717018127441,18.90441085814366,18.758992446429037,3047600
2023-03-16,18.77717018127441,19.08618473954905,18.77717018127441,1521400
2023-03-17,19.59514617919922,19.88598295808156,18.831698767871096,3149200
2023-03-20,19.086181640625,19.54061453683036,19.0134724465731,272800
2023-03-21,18.922588348388672,19.086184492833976,18.86805687808163,134800
2023-03-22,18.904409408569336,19.52243847772865,18.8317002082873,309600
2023-03-23,18.904409408569336,19.35884234371306,18.84987794173883,425300
2023-03-24,18.904409408569336,19.267957143503576,18.81352420835985,531700
2023-03-27,18.813526153564453,19.122540720094342,18.79534841823346,1212600
2023-03-28,18.904409408569336,18.95894260892392,18.81352420835985,260400
2023-03-29,18.97711753845215,19.08618219948547,18.81352314718813,778800
2023-03-30,18.904409408569336,18.995296342302897,18.868055675190355,381500
2023-03-31,18.886234283447266,19.01347495645356,18.84987881486024,409400
2023-04-03,19.10436248779297,19.23160316475145,18.904410871401968,280400
2023-04-04,18.813526153564453,19.122540720094342,18.649930002634008,347200
2023-04-05,18.922588348388672,18.922588348388672,18.740816202857147,315400
2023-04-06,18.95894432067871,18.977120322247227,18.8680573787392,663800
2023-04-07,19.086181640625,19.086181640625,18.777167132523445,234200
2023-04-10,19.504261016845703,19.504261016845703,19.12253901017359,423600
2023-04-11,19.57697105407715,19.704211717133955,19.37701945953185,430000
2023-04-12,19.904163360595703,19.904163360595703,19.46790813374177,354600
2023-04-13,19.68603515625,19.9041627631294,19.54061675166373,378100
2023-04-14,19.667858123779297,19.686035858381945,19.540617448609115,386400
2023-04-17,19.57697105407715,19.704211717133955,19.504260122588665,327100
2023-04-18,19.704212188720703,19.704212188720703,19.431551389685275,1586700
2023-04-19,19.55879211425781,19.686032769462766,19.55879211425781,257400
2023-04-20,19.486082077026367,19.7042096480144,19.449726615099777,81100
2023-04-25,19.885984420776367,19.885984420776367,19.21342388676041,285100
2023-04-26,19.831453323364254,19.867808790837547,19.7223903879926,573400
2023-04-27,19.86781120300293,19.86781120300293,19.722392782502624,168100
2023-04-28,19.540616989135746,19.84963153601796,19.395198582782243,534600
2023-05-02,19.17707061767578,19.740566498466357,19.013474480180417,412600
2023-05-03,19.95869445800781,19.95869445800781,18.940765614350035,575300
2023-05-05,19.540616989135746,19.795100067016435,19.15889323907677,325900
2023-05-08,19.631505966186523,19.776924387648886,19.35884512580135,697800
2023-05-09,19.667858123779297,19.72239132758725,19.631504388098183,179200
2023-05-10,19.740568161010746,19.813277368962883,19.631505215844665,196400
2023-05-11,20.013227462768555,20.140468133587664,19.66785745122508,732400
2023-05-12,20.17682266235352,20.376772526265384,20.03140426432233,1272300
2023-05-15,20.19499969482422,20.285886631623075,19.81327594708834,667200
2023-05-16,20.449481964111328,20.88573716329993,20.013226764922727,1056400
2023-05-17,20.70396614074707,20.849384548275346,20.19499998087395,2090800
2023-05-18,20.64943122863769,20.813027356947277,20.46765910103462,1215000
2023-05-19,20.59490203857422,20.722142715303484,20.57672430374884,1563300
2023-05-22,20.722143173217773,20.922094793667064,20.24953419198364,2365700
2023-05-23,20.540367126464844,20.740316975473544,20.43130246930852,1506400
2023-05-24,20.485837936401367,20.885737678765175,20.194999396240267,1826500
2023-05-25,19.795101165771484,20.467661765868872,19.740567960218872,1100400
2023-05-26,19.667858123779297,19.813276533552127,19.17707142417704,1395700
2023-05-29,19.86781120300293,19.958696415672385,19.81327799517208,983700
2023-05-30,19.667858123779297,19.904163473041194,19.540617448609115,695800
2023-05-31,18.97711753845215,19.722388966211245,18.904408342271257,8503900
2023-06-01,19.10436248779297,19.358843841709938,18.958944075976355,694200
2023-06-02,19.286134719848636,19.595149279686645,19.08618483611048,506300
2023-06-06,19.413375854492188,19.740566394231152,19.08618358122912,852500
2023-06-07,19.631505966186523,19.75874665158501,19.267959912530618,758200
2023-06-08,19.704212188720703,19.795099121732516,19.395197656594988,672200
2023-06-09,19.722389221191406,19.81327441744954,19.63150229140927,437000
2023-06-12,20.031404495239254,20.285885827965405,19.740565962300128,1289500
2023-06-13,19.904163360595703,20.08593723854693,19.667858012668777,1147900
2023-06-14,19.631505966186523,19.90416507304737,19.55879675545534,908500
2023-06-15,19.75874710083008,19.831456313214414,19.595150939584236,877400
2023-06-16,18.740816116333008,19.66785804136937,18.740816116333008,6302200
2023-06-19,19.904163360595703,19.99505029957132,18.8498790289366,1687400
2023-06-20,19.97687149047852,19.99504922400066,19.72239015526483,961100
2023-06-21,19.831453323364254,19.995049459945854,19.63150345283348,793100
2023-06-22,19.704212188720703,19.813275121515623,19.576971522618607,550700
2023-06-23,19.795101165771484,19.813277167431448,19.63150501616213,974200
2023-06-26,20.0859375,20.358596586951798,19.75874520883849,769700
2023-06-27,20.19499969482422,20.449482771156184,19.831453681152936,805900
2023-06-28,20.14046669006348,20.3767720143081,19.94051683117526,257800
2023-06-30,19.95869445800781,20.176823800887192,19.649681644897665,990400
2023-07-03,20.267709732055664,20.522192818865648,19.90416370341584,818400
2023-07-04,20.249530792236328,20.52218984076796,20.19499759571084,792000
2023-07-05,20.86756134033203,20.976626016875844,20.19500074663048,1467200
2023-07-06,20.75849723815918,20.958447111546054,20.54036963077601,706800
2023-07-07,20.485837936401367,20.77667474303836,20.46766020260553,1028300
2023-07-10,20.81595802307129,21.12773902158395,20.284096628380905,1269700
2023-07-11,21.03603744506836,21.16441723296588,20.81595705908257,1084800
2023-07-12,20.852638244628903,21.091059122859505,20.83429777344726,1191900
2023-07-13,20.81595802307129,20.907656876362708,20.742597891012046,1149500
2023-07-14,20.81595802307129,20.870977684854843,20.72425742073636,1330400
2023-07-17,20.81595802307129,20.852637214579158,20.72425742073636,975500
2023-07-18,20.90765953063965,21.182761372569274,20.852639861871214,765800
2023-07-20,20.81595802307129,20.99935747869764,20.669237758952804,326300
2023-07-21,20.88932228088379,21.274463487523143,20.797621660437493,716200
2023-07-24,21.384496688842773,21.439516345685306,20.779275216444837,709300
2023-07-25,21.457860946655277,21.78798244937178,21.421181751377716,2359600
2023-07-26,21.549558639526367,21.64125923886496,21.366157440849182,1688100
2023-07-27,21.549558639526367,21.95304022719009,21.42117884987841,2079900
2023-07-28,21.274459838867188,21.732961113419982,21.18275923414792,844400
2023-07-31,21.384496688842773,21.62291753388489,21.366156220214144,1555700
2023-08-01,21.32948112487793,21.824661629566787,21.274461457477766,620700
2023-08-02,21.274459838867188,21.53121943322888,21.127739570933777,863800
2023-08-03,21.274459838867188,21.71462064266742,21.127739570933777,848600
2023-08-04,21.274459838867188,21.641260508700714,21.25611936811462,725600
2023-08-07,21.40283966064453,21.531219457972917,21.32947952659352,944800
2023-08-08,21.421180725097656,21.714621269434293,21.292799175167676,1858800
2023-08-09,21.43951988220215,21.6412615723083,21.36615974463,808600
2023-08-10,21.256118774414062,21.42117950848976,21.23777830417376,750600
2023-08-11,21.182758331298828,21.219437522197065,20.99935712967719,1140000
2023-08-14,21.09106063842773,21.182761251881814,21.07272016592817,818500
2023-08-15,20.8709774017334,21.10939826495256,20.8159577406962,1057900
2023-08-16,20.81595802307129,20.94433781691409,20.70591695046067,785400
2023-08-17,20.632556915283203,20.81595812081424,20.614216444921396,1021700
2023-08-18,20.779277801513672,20.815958743334264,20.577537868631133,529000
2023-08-21,20.88932228088379,20.90766100573796,20.77928118653946,459000
2023-08-22,20.88932228088379,20.94434195353402,20.797621660437493,523000
2023-08-23,20.632556915283203,20.90765697453624,20.614216444921396,732100
2023-08-24,20.540855407714844,20.98101618274849,20.32077502019802,1693900
2023-08-25,19.935636520385746,20.44915749196684,19.532154882478757,2929200
2023-08-28,19.715557098388672,19.935637525880782,19.367096858787104,1792100
2023-08-29,19.78891372680664,19.898954795533683,19.440453549084,1754800
2023-08-30,19.752235412597656,19.788914604437743,19.458793132659306,1617300
2023-09-01,19.660533905029297,19.89895476267464,19.40377257778582,2544900
2023-09-04,19.605512619018555,19.660534028157528,19.458792359401546,1066200
2023-09-05,19.532154083251957,19.715555297262533,19.3304141470752,1203800
2023-09-06,19.532154083251957,19.55049455446173,19.440455225290265,704000
2023-09-07,19.56883430480957,19.697214100461657,19.47713370118228,590100
2023-09-08,19.440454483032227,19.62385394099681,19.440454483032227,727300
2023-09-11,19.440454483032227,19.678873603481836,19.257053276024106,1010500
2023-09-12,19.715557098388672,19.807257713771325,19.440457001284475,239300
2023-09-13,19.752235412597656,19.89895567804507,19.642194338990333,850900
2023-09-14,19.91729736328125,20.082358123732707,19.807258022342804,729800
2023-09-15,21.384496688842773,21.384496688842773,19.77057217943382,1761600
2023-09-18,19.697214126586918,20.77927740292837,19.642194463954976,1999900
2023-09-19,19.73389434814453,19.862274139285766,19.62385327784956,1032800
2023-09-20,19.660533905029297,19.80725416372744,19.605512496234905,1080600
2023-09-21,19.532154083251957,19.697214826052758,19.495474889876,989700
2023-09-22,19.605512619018555,19.71555368825304,19.458792359401546,349700
2023-09-25,19.532154083251957,19.623854690257243,19.367095089494757,595000
2023-09-26,19.64219284057617,19.88061369100105,19.53215177536338,795200
2023-09-27,19.715557098388672,19.82559818665661,19.660537428776586,687900
2023-09-29,19.62385368347168,19.93563468186784,19.53215308117101,1032600
2023-10-02,19.697214126586918,19.697214126586918,19.49547419757412,602700
2023-10-05,19.64219284057617,19.80725356387365,19.36709280110929,930200
2023-10-06,19.62385368347168,19.71555428577235,19.62385368347168,315300
2023-10-09,20.02733612060547,20.137375448727223,19.697214638153024,453400
2023-10-10,20.265756607055664,20.44915606674489,20.08235539832289,862000
2023-10-11,20.064014434814453,20.32077577092488,20.064014434814453,1545000
2023-10-12,19.715557098388672,20.17405842625817,19.678876152618106,583600
2023-10-13,19.99065399169922,20.06401412243956,19.642193807943475,929800
2023-10-16,19.73389434814453,19.953974739690995,19.715553878254788,448600
2023-10-17,20.15571594238281,20.21073735554903,19.733895602370023,637100
2023-10-18,20.15571594238281,20.265757019671653,19.898956343781496,1358600
2023-10-19,20.540855407714844,20.63255600644105,19.8989547147183,1884000
2023-10-20,20.540855407714844,20.61421553688712,20.467495278542568,979300
2023-10-23,20.540855407714844,20.61421553688712,20.412475618924223,585900
2023-10-24,20.540855407714844,20.55919587726877,20.4858357480965,737100
2023-10-25,20.540855407714844,20.61421553688712,20.339115489751947,1850700
2023-10-26,20.357458114624023,20.48583791700668,20.119037232310784,442200
2023-10-27,20.32077407836914,20.4124746728452,20.22907348389308,1082300
2023-10-30,20.265756607055664,20.35745721142205,20.21073694405325,301100
2023-10-31,20.15571594238281,20.265757019671653,20.04567661413756,301600
2023-11-01,20.13737678527832,20.26575834199938,20.11903806206991,844000
2023-11-02,20.24741744995117,20.449157393410527,20.17405731150744,91700
2023-11-03,20.24741744995117,20.26575792182302,20.137376367763736,394000
2023-11-06,20.265756607055664,20.54085667111128,20.192396473371264,747800
2023-11-07,20.210737228393555,20.44915635443946,20.17405628651352,490600
2023-11-08,20.174057006835938,20.28409808736152,20.06401592631036,268400
2023-11-09,20.064014434814453,20.174055507159924,19.990654302931976,478800
2023-11-10,19.880617141723636,20.137376756714147,19.880617141723636,591300
2023-11-14,19.99065399169922,20.027334931591128,19.788914069424152,715400
2023-11-15,20.1923942565918,20.24741391355399,19.99065259932481,1094000
2023-11-16,20.1923942565918,20.26575438222251,20.15571331925476,825100
2023-11-17,20.174057006835938,20.265757615766645,20.045677203759126,412300
2023-11-20,20.174057006835938,20.174057006835938,20.06401592631036,283500
2023-11-21,19.82559585571289,20.174056054345144,19.788914914254992,804900
2023-11-22,19.73389434814453,19.89895507906525,19.66053421762904,300300
2023-11-23,19.605512619018555,19.71555368825304,19.38543222959304,784100
2023-11-24,19.513813018798828,19.678871992743627,19.513813018798828,581600
2023-11-27,19.62385368347168,19.770573947535343,19.51381435994569,236400
2023-11-28,19.715557098388672,19.880617856268696,19.62385648300602,742800
2023-11-29,19.715557098388672,19.807257713771325,19.62385648300602,623200
2023-11-30,20.064014434814453,20.064014434814453,19.477133379754637,2254600
2023-12-01,19.532154083251957,19.6605356326768,19.532154083251957,573900
2023-12-04,19.62385368347168,19.770573947535343,19.53215308117101,258300
2023-12-05,19.605512619018555,19.623853088731547,19.568833428636037,332300
2023-12-06,19.58717536926269,19.605514091309388,19.495474762854872,500600
2023-12-07,19.715557098388672,19.733897571273957,19.62385648300602,534400
2023-12-08,19.73389434814453,19.82559494854976,19.715553878254788,151200
2023-12-11,19.62385368347168,19.733894756041185,19.495473889676852,257700
2023-12-12,19.697214126586918,19.825595671452817,19.697214126586918,242900
2023-12-13,19.715557098388672,19.84393691049813,19.660537428776586,771600
2023-12-14,19.715557098388672,19.880617856268696,19.678876152618106,368100
2023-12-15,19.62385368347168,19.86227454983601,19.62385368347168,2548700
2023-12-18,19.67887115478516,19.71555209123988,19.623851499146383,508100
2023-12-19,19.715557098388672,19.733897571273957,19.6421969558913,301100
2023-12-20,19.880617141723636,20.027337421444983,19.733896862002283,579900
2023-12-21,20.100696563720703,20.17405669994056,19.73389588262141,307200
2023-12-22,20.064014434814453,20.13737456669693,20.008994773163472,53100
2023-12-26,20.045679092407227,20.13737796093391,20.008998145761517,106100
2023-12-27,20.082355499267575,20.119036440815933,19.99065489444025,764000
2023-12-28,20.045679092407227,20.100698763332,19.9723189481596,600900
2023-12-29,20.008995056152344,20.064014718581472,19.953975393723216,409200
2024-01-02,19.862276077270508,20.008996352617142,19.807256411276427,282200
2024-01-03,19.953975677490234,20.15571560862836,19.86227507277525,434200
2024-01-04,20.174057006835938,20.174057006835938,19.91729565163868,1015500
2024-01-05,20.174057006835938,20.265757615766645,20.1373760636462,596000
2024-01-08,20.44915580749512,20.522515940249477,20.1006956141728,539100
2024-01-09,20.44915580749512,20.50417721884353,20.44915580749512,546900
2024-01-10,20.430818557739254,20.467497752236707,20.394137614198154,650700
2024-01-11,20.540855407714844,20.577536346822704,20.44915480898864,849600
2024-01-12,20.5591983795166,20.5591983795166,20.540857907730462,1055400
2024-01-15,20.632556915283203,20.632556915283203,20.540856312517683,510300
2024-01-16,20.632556915283203,20.72425751804872,20.595875974559583,762900
2024-01-17,20.632556915283203,20.72425751804872,20.632556915283203,671600
2024-01-18,20.44915580749512,20.687576676207662,20.44915580749512,260700
2024-01-19,20.595876693725582,20.65089810673225,20.48583736579943,230600
2024-01-22,20.632556915283203,20.87097778285614,20.595875974559583,933900
2024-01-23,20.66923713684082,20.889317526394468,20.28409601786107,485800
2024-01-24,20.81595802307129,20.834296744303465,20.68757648018498,601300
2024-01-26,20.797616958618164,20.815957428369877,20.724256828654784,262000
2024-01-29,20.797616958618164,20.870977088581544,20.76093601911474,886700
2024-01-30,20.797616958618164,21.00297877680914,20.55491565687724,293300
2024-01-31,20.741609573364254,20.816286766644485,20.685602123515267,968000
2024-02-02,20.554916381835938,20.89096284341472,20.536246639402496,525300
2024-02-05,20.741609573364254,20.816286766644485,20.55491748038605,364500
2024-02-06,20.629594802856445,20.79761893390037,20.48024041536068,710800
2024-02-07,20.554916381835938,20.62959357112507,20.46156945011336,390300
2024-02-08,20.8349552154541,20.946971888636423,20.722940322716397,776600
2024-02-09,20.946971893310547,20.984309597416576,20.8162854778279,87300
2024-02-13,21.077655792236328,21.1896724615316,20.98430886456436,480600
2024-02-14,21.040319442749023,21.07765714795264,20.83495583257278,547300
2024-02-15,21.00297737121582,21.07765455287348,20.87229274842604,580000
2024-02-16,21.040319442749023,21.096326890776783,20.96564047145245,563100
2024-02-19,21.021648406982425,21.22701022408316,20.834954551112983,257400
2024-02-20,21.09632682800293,21.22701146649373,21.05898734246575,533200
2024-02-21,21.09632682800293,21.189673761401217,20.98431015183605,963600
2024-02-22,21.33902740478516,21.33902740478516,20.890962496055803,819100
2024-02-23,20.98430824279785,21.339026201352095,20.872293357266145,405400
2024-02-26,20.760278701782227,21.002980017864243,20.70427125359243,571100
2024-02-27,20.778947830200195,20.928302207919497,20.66693115668841,1022000
2024-02-28,20.70427131652832,21.00298008170813,20.629594125233368,1474400
2024-02-29,20.909631729125977,20.965639173686892,20.442898870081,2256100
2024-03-01,20.573585510253903,20.96563940698759,20.517576284625168,972200
2024-03-04,20.8349552154541,20.872294699996417,20.70427058044524,971500
2024-03-05,20.44289970397949,20.722940499096524,20.42422996154943,1631500
2024-03-06,20.424230575561523,20.72294112208873,20.368223127032223,1288900
2024-03-07,20.44289970397949,20.461569446409555,20.405561999564,959100
2024-03-08,20.573585510253903,20.741607845806374,20.480238581317256,728100
2024-03-11,20.629594802856445,20.70427199660433,20.49890837846409,489600
2024-03-12,20.66693115234375,20.816285530031656,20.498907032333697,1802400
2024-03-13,20.368223190307617,20.685601700367425,20.368223190307617,1280400
2024-03-14,20.517578125,20.517578125,20.330886030825475,1942700
2024-03-15,20.53624725341797,20.66693189347015,20.424230575912755,2351200
2024-03-18,20.554916381835938,20.66693127554732,20.44289970767992,889700
2024-03-19,20.48023796081543,20.536245404302697,20.256206406421835,1047900
2024-03-20,20.573585510253903,20.741607845806374,20.517576284625168,1378800
2024-03-21,20.816286087036133,20.890963277878303,20.55491680931086,1653100
2024-03-22,20.909631729125977,21.021648398692378,20.77894709833564,1051100
2024-03-25,20.909631729125977,20.92830147079447,20.51757605631041,850200
2024-03-26,20.85362434387207,20.90963178859227,20.573585339826487,1334100
2024-03-27,20.816286087036133,20.928302763521728,20.629594000153038,795200
2024-03-29,20.946971893310547,21.002979339691898,20.6109236541332,525900
2024-04-01,21.077655792236328,21.152332978284992,20.965639122941056,239300
2024-04-02,21.28302001953125,21.28302001953125,20.76027965797872,1210200
2024-04-03,21.264352798461918,21.3576979595209,21.02165146272994,1086000
2024-04-04,21.264352798461918,21.395037448300357,21.208343565292736,1354100
2024-04-05,21.30168914794922,21.35769659710083,21.24568169879761,954000
2024-04-08,21.48838424682617,21.56306144344337,21.432375014029663,548100
2024-04-09,21.46971321105957,21.67507504429222,21.46971321105957,773600
2024-04-12,21.264352798461918,21.56306158691825,21.245683054072188,880000
2024-04-15,21.376367568969727,21.4510447656124,21.208343431412505,787700
2024-04-16,21.376367568969727,21.413707057513463,21.35769782469785,539000
2024-04-17,21.15233421325684,21.339028079500828,20.81628596619551,444400
2024-04-18,21.189674377441406,21.301689276420188,21.040319991839883,616000
2024-04-19,21.33902740478516,21.469712038757056,21.18967302869024,1200200
2024-04-22,21.376367568969727,21.469714509884277,21.33902986087079,632300
2024-04-23,21.24567985534668,21.637735526279364,21.114995225183968,1218000
2024-04-24,21.357696533203125,21.46971321161592,21.189674186250983,946700
2024-04-25,21.39503669738769,21.4697138918808,21.35769720991877,542400
2024-04-26,21.46971321105957,21.507052697344434,21.376366275792112,536200
2024-04-29,21.65640640258789,21.84309848682464,21.52571998513305,3025900
2024-04-30,21.60039710998535,21.656406337488196,21.525719920426205,1383900
2024-05-02,21.693744659423828,21.74975210807593,21.58172976211962,2331400
2024-05-03,21.60039710998535,21.749751489103645,21.507051958369896,1070600
2024-05-06,21.56305885314941,21.56305885314941,21.37636499381088,861900
2024-05-07,21.58173179626465,21.58173179626465,21.32036071051197,2083400
2024-05-08,21.65640640258789,21.84309848682464,21.581729212804262,1065000
2024-05-09,21.39503669738769,21.731084962829023,21.3203595028946,527900
2024-05-10,21.15233421325684,21.65640658384882,21.05898728013484,356800
2024-05-13,21.058988571166992,21.24568244885635,21.040320607753877,674100
2024-05-14,20.965639114379883,21.07765578362941,20.94697115320876,656300
2024-05-15,20.965639114379883,21.04031808084261,20.9096316699774,1260900
2024-05-16,21.021648406982425,21.05898610988957,20.89096199569599,1211500
2024-05-17,20.909631729125977,21.002978657023885,20.890961987457484,933500
2024-05-20,20.946971893310547,21.2083411633866,20.87229470465387,1181400
2024-05-21,20.16286277770996,20.816287806440045,19.976168894961468,3145400
2024-05-23,20.405563354492188,20.46157080505663,20.06951509021602,1927600
2024-05-24,20.72294235229492,20.778949804149075,20.46157127623422,2092600
2024-05-27,20.517578125,20.722941743170143,20.517578125,1226200
2024-05-28,20.517578125,20.722941743170143,20.44290093124124,2001000
2024-05-29,19.93882751464844,20.51757523978313,19.90148803279743,2352700
2024-05-30,20.032175064086918,20.293546127099017,19.789475524687106,2131800
2024-05-31,19.472097396850582,20.162861883679486,19.472097396850582,8941600
2024-06-04,19.789474487304688,19.93882886392668,19.49076395361609,2050800
2024-06-05,19.69612693786621,20.013505423325675,19.677457196263997,1261300
2024-06-06,19.640121459960938,19.714798653402266,19.47209732960677,1582400
2024-06-07,19.75213623046875,19.82681342342073,19.67745903751677,636900
2024-06-10,19.472097396850582,19.77080617164744,19.32274300945216,1051400
2024-06-11,19.21072769165039,19.733468084632445,19.21072769165039,1361900
2024-06-12,19.5654411315918,19.5654411315918,19.36007930895619,1571600
2024-06-13,19.37874984741211,19.602781421432255,19.341410361519745,729000
2024-06-14,19.136049270629883,19.528104985441065,19.136049270629883,1163700
2024-06-18,18.874675750732425,19.229393712610392,18.762660864151133,2633600
2024-06-19,18.949352264404297,19.080038668048477,18.743990459312677,1695000
2024-06-20,18.912015914916992,18.986693102144475,18.79999924385348,1514800
2024-06-21,19.285402297973636,19.416086933539063,18.856008906576005,6543000
2024-06-24,19.080041885375977,19.378750663312665,18.98669494715957,452700
2024-06-25,19.58411026000977,19.58411026000977,19.005362514154225,1425400
2024-06-26,19.3040714263916,19.565440689210064,19.15471705322546,1367300
2024-06-27,19.15471839904785,19.304072782707724,18.912017080489385,953700
2024-06-28,19.26673126220703,19.30407074440169,18.986692267525108,589100
2024-07-01,19.11737823486328,19.34140980240723,19.11737823486328,476600
2024-07-02,19.024030685424805,19.266731987492932,18.94935349866881,496700
2024-07-03,19.19205665588379,19.28540359346305,19.024032524330067,560200
2024-07-04,18.93068504333496,19.19205429993848,18.912015302021988,533800
2024-07-05,19.062671661376957,19.232369328688318,18.94954108195481,600000
2024-07-09,18.7987003326416,19.15694958833773,18.7987003326416,1442800
2024-07-10,18.874120712280277,19.00610699197317,18.760988330987654,1105300
2024-07-11,18.62900161743164,18.949541259087567,18.62900161743164,691900
2024-07-12,18.666711807250977,19.40206779654904,18.61014651520596,1218300
2024-07-15,18.72327995300293,19.08152922038869,18.66671285959072,912400
2024-07-16,18.874120712280277,18.987251295394696,18.742132634409188,533200
2024-07-17,19.345502853393555,19.345502853393555,18.81755412419132,886200
2024-07-18,19.70375061035156,19.70375061035156,19.251224703847612,646400
2024-07-19,20.269411087036133,20.269411087036133,19.364359176042896,664800
2024-07-22,20.137422561645508,20.250553138858063,19.74146194504535,507100
2024-07-23,19.647186279296875,20.062002612901683,19.609474886160893,340700
2024-07-24,19.684894561767575,19.79802693545424,19.47748730788312,321000
2024-07-25,19.43977928161621,19.628330855380643,19.38321219112648,111700
2024-07-26,19.45863151550293,19.684894463569467,19.40206622803081,333700
2024-07-29,19.51520156860352,19.666043556918,19.40206917827848,145400
2024-07-30,19.684894561767575,19.85459222320853,19.515198698504697,177300
2024-07-31,19.873449325561523,19.94887031396642,19.590621068587712,385900
2024-08-01,19.91115951538086,19.91115951538086,19.609473781817588,362100
2024-08-02,19.873449325561523,19.911160718853075,19.741463045397506,642000
2024-08-05,19.32664680480957,19.64718645664604,18.89297656890036,437700
2024-08-06,20.193986892700195,20.193986892700195,19.13809136577517,556300
2024-08-07,19.60947608947754,19.798029470371446,19.42092450676194,363400
2024-08-08,19.70375061035156,19.760315899120027,19.60947393028538,158800
2024-08-09,19.66604232788086,19.854593902401188,19.55290994462608,206800
2024-08-12,19.66604232788086,19.83574000367392,19.496344652087803,329600
2024-08-13,19.590620040893555,19.684894922820508,19.496343360788494,423100
2024-08-14,19.83574104309082,19.892306338593187,19.534055271328786,359800
2024-08-15,19.779172897338867,19.892305280504317,19.66604231235165,91300
2024-08-16,19.79802894592285,19.98658232182199,19.70375225797328,255800
2024-08-19,19.892303466796875,20.09971071914829,19.798026789117845,344900
2024-08-20,19.51520156860352,20.08085812569366,19.32664818412124,889500
2024-08-21,19.477487564086918,19.666040923318864,19.439777971147382,335800
2024-08-22,20.00543594360352,20.00543594360352,19.62833099520999,394600
2024-08-23,20.00543594360352,20.043147337531984,19.74146337881716,486900
2024-08-26,20.23169708251953,20.23169708251953,19.83573827115767,254500
2024-08-27,19.98657989501953,20.231696736476373,19.892303218517185,754700
2024-08-28,20.514528274536133,20.514528274536133,19.9677256684266,1046100
2024-08-29,20.4768180847168,20.68422716009295,20.325976101631383,768100
2024-08-30,20.514528274536133,20.646514552438312,20.13742333897407,1606800
2024-09-02,20.30712127685547,20.51452854460048,19.36435802645018,969200
2024-09-03,20.175132751464844,20.3259747243291,19.911160198041475,592400
2024-09-04,20.06200218200684,20.269409445265413,19.892304512896107,992000
2024-09-05,20.09971237182617,20.40139632666227,19.8734494056991,1256400
2024-09-06,20.06200218200684,20.175132762628547,20.04314648584383,681800
2024-09-09,19.83574104309082,20.533385681547745,19.83574104309082,536800
2024-09-10,19.948869705200195,20.099711677406848,19.83573912513428,510300
2024-09-11,19.60947608947754,19.91116185854345,19.49634549948384,487700
2024-09-12,19.647186279296875,19.77917255891641,19.477488606541357,508100
2024-09-13,19.590620040893555,19.684894922820508,19.496343360788494,741000
2024-09-17,19.779172897338867,19.93001487610731,19.496344636692594,492200
2024-09-18,19.571765899658203,19.571765899658203,19.49634490921972,121900
2024-09-19,19.51520156860352,19.57176686467686,19.420924876362378,978100
2024-09-20,19.51520156860352,19.59062256276076,19.45863447435183,1895600
2024-09-23,19.307790756225582,19.496344123815103,19.23236976882541,1054400
2024-09-24,19.534055709838867,19.534055709838867,19.30779272457182,657600
2024-09-25,19.534055709838867,19.534055709838867,19.28893702625497,205500
2024-09-26,19.51520156860352,19.552911166592963,19.32664818412124,580400
2024-09-27,19.345502853393555,19.515200530767256,19.326647156312426,487800
2024-09-30,19.36435890197754,19.5152008850082,19.30779180970733,620500
2024-10-01,19.79802894592285,19.89230563387242,19.36435869880439,255000
2024-10-02,19.892303466796875,19.892303466796875,19.571763841595008,437000
2024-10-03,19.892303466796875,20.00543404146926,19.779171093946424,623700
2024-10-04,19.70375061035156,19.89230397048393,19.62832962593424,685900
2024-10-07,19.79802894592285,19.873449936646857,19.534054579299703,459300
2024-10-08,19.873449325561523,20.043146999017093,19.798028337156627,266800
2024-10-09,19.779172897338867,20.024291562382142,19.703751907954647,568800
2024-10-10,19.91115951538086,19.967724803721055,19.760315749510177,80200
2024-10-11,19.81688499450684,19.986582676189197,19.7414640024456,211800
2024-10-14,20.175132751464844,20.2316980417444,19.74146252902465,330900
2024-10-15,20.269411087036133,20.269411087036133,19.89230612412228,425100
2024-10-16,19.83574104309082,20.250555607679267,19.76031825151657,1049900
2024-10-17,20.024290084838867,20.06200147583746,19.81688282888089,122900
2024-10-18,20.15627670288086,20.231697687994256,20.024290428476945,252100
2024-10-21,19.96772575378418,20.024291044815747,19.835739475317787,191100
2024-10-22,19.85459327697754,19.967725656668627,19.72260699915308,307100
2024-10-23,19.948869705200195,20.043146387373888,19.70375105081985,227100
2024-10-24,19.873449325561523,19.930014617320648,19.628330663701057,420800
2024-10-25,19.892303466796875,19.93001305896165,19.85459207645404,250300
2024-10-28,20.30712127685547,20.36368656838989,19.72260727040578,450500
2024-10-29,20.401397705078125,20.552239692687778,20.30712281145584,786600
2024-10-30,20.175132751464844,20.43910710306637,20.080856068880145,1043700
2024-11-01,20.55223846435547,20.646515150521516,20.08085683170348,806400
2024-11-04,21.117895126342773,21.212171805112224,20.51452725930324,2820100
2024-11-05,21.02361869812012,21.193316362291863,20.929343816405243,985600
2024-11-06,20.948198318481445,21.117895987551275,20.872777332025763,482900
2024-11-07,20.68422508239746,21.023618611158994,20.64651369132501,835300
2024-11-08,20.74079132080078,21.02361957408588,20.721935624400924,778700
2024-11-11,21.06133079528809,21.099040389602376,20.778502544307333,1109800
2024-11-12,21.30644989013672,21.363015181860543,21.004765936705397,1357500
2024-11-13,21.00476455688477,21.28759279510286,20.91048787808604,1085600
2024-11-14,21.117895126342773,21.155606517121782,21.0047645503619,450100
2024-11-15,20.646514892578125,21.023619834352782,20.552238207589912,229400
2024-11-18,20.74079132080078,20.94819858666464,20.514528358537063,763200
2024-11-19,20.646514892578125,20.66537058921141,20.552238207589912,546800
2024-11-20,20.68422508239746,20.740790370828037,20.533383114463867,285700
2024-11-21,20.646514892578125,20.74079157756634,20.30712134407004,363900
2024-11-22,20.175132751464844,20.74079104879488,20.175132751464844,556400
2024-11-25,20.23169708251953,20.49567142160551,20.06200121972648,1322400
2024-11-26,20.382543563842773,20.40139746343692,20.175134484702376,293700
2024-11-27,19.32664680480957,20.175133378068008,19.23237011929681,1350400
2024-11-28,19.79802894592285,19.89230563387242,18.85526566278367,784400
2024-11-29,19.66604232788086,19.948870588750463,19.496344652087803,721700
2024-12-02,20.325973510742188,20.439105882724757,19.798026637239,193800
2024-12-03,20.288265228271484,20.420251505621163,19.89230459804428,470000
2024-12-04,20.118566513061523,20.250552783553115,20.0808551225336,309900
2024-12-05,20.43910789489746,20.43910789489746,19.873449575653265,169200
2024-12-06,20.55223846435547,20.627659453652655,20.38254258707046,127600
2024-12-09,20.21284294128418,20.401394497058263,20.080854874246462,163700
2024-12-10,20.363689422607425,20.363689422607425,20.099715028150584,149100
2024-12-11,20.09971237182617,20.307121439409645,20.08085667510436,398000
2024-12-12,20.080856323242188,20.137423412416428,19.98658143764148,163800
2024-12-13,20.175132751464844,20.175132751464844,20.080856068880145,39100
2024-12-16,20.42025184631348,20.43910754287178,20.1751331855901,174900
2024-12-17,20.363689422607425,20.45796612049761,20.19399172604077,432600
2024-12-18,20.21284294128418,20.476815479003516,20.193987246253357,488900
2024-12-19,20.193986892700195,20.325973159249067,19.89230297020105,377200
2024-12-20,20.269411087036133,20.42025307220167,20.024292411597557,1263200
2024-12-23,20.080856323242188,20.26940969079997,20.06200242502895,88800
2024-12-24,20.25055313110352,20.439106490623047,20.00543448299937,126200
2024-12-27,20.363689422607425,20.533387119174076,20.15628032761332,104200
2024-12-30,20.382543563842773,20.5333855496658,20.15627878692992,248900
2024-12-31,20.55223846435547,20.608805554962032,20.26941020403557,307300
2025-01-02,20.43910789489746,20.53338458113453,20.28826591618944,399300
2025-01-03,20.288265228271484,20.36368621506818,20.250553835784054,365400
2025-01-06,20.193986892700195,20.269407873324983,20.11856591207541,117100
2025-01-07,20.269411087036133,20.36368777730917,20.11856910187059,460800
2025-01-08,20.175132751464844,20.288265130202117,20.175132751464844,229400
2025-01-09,20.137422561645508,20.231697443263272,20.080855474861124,343300
2025-01-10,19.892303466796875,20.13742210949113,19.873447771625457,511200
2025-01-13,19.892303466796875,20.118566414319712,19.816882484289263,438400
2025-01-14,19.45863151550293,20.080855072230428,19.45863151550293,171800
2025-01-15,19.477487564086918,19.53405285258526,19.3266455959726,305900
2025-01-16,19.420923233032227,19.70375148764537,19.40206753654384,197500
2025-01-17,19.420923233032227,19.60947480338159,19.32664654876845,395400
2025-01-20,19.232370376586918,19.49634473991845,19.138093689812923,296300
2025-01-21,19.024961471557617,19.288934014057528,18.987250080813013,706000
2025-01-22,19.0438175201416,19.32664576325952,19.0438175201416,187900
2025-01-23,18.98725128173828,19.213514245982584,18.98725128173828,239000
2025-01-24,19.138092041015625,19.30778970295326,19.062671057729798,163300
2025-01-27,19.062671661376957,19.49634367763689,19.062671661376957,143100
2025-01-28,19.3127384185791,19.44738839872422,19.139615967267723,189200
2025-01-31,19.13961601257324,19.50509715164426,19.13961601257324,264300
2025-02-03,19.13961601257324,19.23579535624816,19.13961601257324,186000
2025-02-04,19.0819091796875,19.31273850430448,19.062672944018985,406600
2025-02-05,19.42815399169922,19.50509709953993,19.21655906928595,250600
2025-02-06,19.543567657470703,19.543567657470703,19.255031462847835,111900
2025-02-07,19.58203887939453,19.69745261609445,19.31273710298094,125600
2025-02-10,19.4473876953125,19.697453245443132,19.4473876953125,149000
2025-02-12,19.60127258300781,19.77439501637706,19.543565716707462,207100
2025-02-13,19.774398803710938,19.83210751553227,19.505098819752263,301700
2025-02-14,19.62051010131836,19.77439631117432,19.40891702138349,129400
2025-02-17,19.62051010131836,19.812868780872478,19.370444551685345,114200
2025-02-18,19.8128719329834,19.8128719329834,19.44739075057835,328800
2025-02-19,19.90904998779297,19.985993099936955,19.505098190419915,301200
2025-02-20,19.851341247558597,19.966756832832804,19.62051191147867,292100
2025-02-21,20.197586059570312,20.197586059570312,19.716691153390062,563300
2025-02-24,20.601537704467773,20.67848081551887,19.832106593956784,609600
2025-02-25,20.31300163269043,20.87083965016416,20.236058521124,580200
2025-02-26,20.27452850341797,20.524594066531748,20.08216981349401,313400
2025-02-27,20.33223533630371,20.35147157215166,19.909049154459343,244000
2025-02-28,19.832107543945312,20.37070934710286,19.812871306643974,1494400
2025-03-03,19.67821884155273,20.043700000546057,19.601275729312324,355300
2025-03-04,19.8128719329834,20.06293752240037,19.67822010208588,1111300
2025-03-05,20.06293487548828,20.06293487548828,19.73592621204453,631500
2025-03-06,20.293764114379883,20.447650327792925,19.9859916875538,464300
2025-03-07,19.73592758178711,20.1783500192294,19.716691345080445,793800
2025-03-10,19.67821884155273,20.120643112786468,19.658984439344007,681600
2025-03-11,19.69745445251465,19.812870034443183,19.389682013329804,222500
2025-03-12,19.79363441467285,20.062936224578813,19.38968261704816,573100
2025-03-13,19.8128719329834,20.005228808672037,19.793635695073952,637200
2025-03-14,20.197586059570312,20.56306538110117,19.44738934552048,786500
2025-03-17,20.351470947265625,20.65924337350907,19.87057607264315,399700
2025-03-19,20.5438289642334,20.678478937728286,20.197584078711348,561400
2025-03-20,20.582300186157227,20.601536421339024,20.293763996303667,453500
2025-03-21,20.197586059570312,20.67848096575056,20.197586059570312,2197500
2025-03-24,20.13987922668457,20.563065424192697,20.0821705170047,305000
2025-03-25,20.024463653564453,20.178349877197597,19.85134119336005,403000
2025-03-26,19.90904998779297,20.293765548512905,19.79363440234274,656000
2025-03-27,20.08216857910156,20.159111683447996,19.85133926606227,272400
2025-03-28,19.90904998779297,20.10140685091869,19.87057751448673,410400
2025-04-02,19.639745712280277,20.139876795658868,19.639745712280277,360600
2025-04-03,19.67821884155273,20.08217063943201,19.505098214863185,261900
2025-04-04,19.69745445251465,19.96675625403561,19.543568232922222,246900
2025-04-07,19.062673568725582,19.408918484232117,18.50483555733644,848100
2025-04-08,18.350948333740234,19.081908762965032,18.350948333740234,587600
2025-04-09,17.985469818115234,18.427892241249037,17.639224906467255,960100
2025-04-10,18.658721923828125,18.908787494252365,18.46636506274919,674400
2025-04-11,18.77413749694824,19.00496683078755,18.00470454968208,390500
2025-04-14,19.35121154785156,19.408918422095084,19.06267350769705,200800
2025-04-15,19.235795974731445,19.37044595952466,18.96649417067656,470500
2025-04-16,19.42815399169922,19.42815399169922,18.94725910907764,367900
2025-04-17,19.235795974731445,19.50509777878633,19.12038039171693,311700
2025-04-18,19.35121154785156,19.485861532575928,19.06267350769705,133000
2025-04-21,19.15885162353516,19.27426719907566,19.062672282996125,86600
2025-04-22,19.178089141845703,19.178089141845703,18.812607990234746,148500
2025-04-23,19.10114479064941,19.370444743327518,18.966492979842023,213600
2025-04-24,18.77413749694824,19.139616816910024,18.581778801514584,352700
2025-04-25,18.889551162719727,18.908787399071333,18.658721829905847,92200
2025-04-28,19.02420234680176,19.101145455167785,18.75490055028645,149100
2025-04-29,18.754901885986328,19.120381218136828,18.67795877214051,399200
2025-04-30,18.870317459106445,19.024203686676717,18.77413810825789,629200
2025-05-02,19.10114479064941,19.10114479064941,18.774136132853144,288100
2025-05-05,18.77413749694824,19.12038058047296,18.77413749694824,189600
2025-05-06,18.9472599029541,19.06267365231673,18.73566497167516,264800
2025-05-07,19.15885162353516,19.31273783461027,19.00496541246004,234300
2025-05-08,18.90878677368164,19.312738551362735,18.79337302832613,460300
2025-05-09,19.04343605041504,19.101144755426795,18.851079203780863,366200
2025-05-13,19.466625213623047,19.505097685934224,19.06267342669792,406000
2025-05-14,19.52433013916016,19.582038841867792,19.23579396349504,469600
2025-05-15,19.90904998779297,19.90904998779297,19.5820413025639,525200
2025-05-16,19.60127258300781,19.985989916925337,19.50509508399664,358100
2025-05-19,19.235795974731445,19.428154668266146,19.21655973848428,438400
2025-05-20,19.04343605041504,19.331974072068807,19.04343605041504,385200
2025-05-21,18.90878677368164,19.5050972395798,18.90878677368164,254600
2025-05-22,18.870317459106445,19.17808991424698,18.870317459106445,156500
2025-05-23,19.0819091796875,19.331974739972992,19.0819091796875,149600
2025-05-26,19.04343605041504,19.17808786097413,18.908786074324286,137400
2025-05-27,19.58203887939453,19.58203887939453,18.928021589867427,353600
2025-05-28,19.13961601257324,19.428154043598003,19.04343666889832,358100
2025-05-29,18.98573112487793,19.293503578597235,18.98573112487793,310900
2025-05-30,18.73566627502441,19.197324973527238,18.65872315860728,2138900
2025-06-03,18.889551162719727,19.12038049553361,18.735664940843805,682200
2025-06-04,18.889551162719727,19.02420298271251,18.85108052448498,755400
2025-06-05,18.98573112487793,19.10114671225693,18.889551774473517,325200
2025-06-06,19.15885162353516,19.197322259069765,18.92802230692248,193500
2025-06-09,19.15885162353516,19.21655849407124,19.101144752999076,62500
2025-06-10,19.197324752807617,19.38968345887313,18.96649540621015,343300
2025-06-11,18.77413749694824,19.255032401063914,18.71642878763706,572000
2025-06-12,18.889551162719727,19.02420298271251,18.7164287044922,819700
2025-06-13,18.9472599029541,19.197323638062628,18.81260808273974,219600
2025-06-16,19.35121154785156,19.35121154785156,18.96649416097888,468500
2025-06-17,19.197324752807617,19.35121281834117,19.1396178747754,218400
2025-06-18,19.25503158569336,19.25503158569336,19.043436662782803,226900
2025-06-19,18.966493606567383,19.25503163828761,18.947259205360755,263200
2025-06-20,19.235795974731445,19.27426844722577,18.90878729640353,2138000
2025-06-23,19.3127384185791,19.3127384185791,19.0626728594036,211800
2025-06-24,19.33197593688965,19.370446576140143,19.235796587060644,244100
2025-06-25,19.4473876953125,19.524330800393592,19.17808774476284,385800
2025-06-26,20.38994407653809,20.38994407653809,19.38968182446208,234700
2025-06-30,19.90904998779297,20.389944897310013,19.639748178054766,725400
2025-07-01,20.27452850341797,20.27452850341797,19.81286984896257,259900
2025-07-02,20.1783504486084,20.29376603683584,20.00522798350151,213000
2025-07-03,20.043699264526367,20.19758548335637,20.00522679258465,277900
2025-07-04,20.024463653564453,20.19758611376886,19.909049903073843,118700
2025-07-07,20.13987922668457,20.13987922668457,19.928284293462017,168800
2025-07-08,20.1783504486084,20.1975866857244,20.0629366948495,148300
2025-07-09,20.391979217529297,20.391979217529297,20.042401838263253,170100
2025-07-10,20.23661231994629,20.35313688067467,20.02298272386126,345600
2025-07-11,20.061824798583984,20.19777074474949,19.98414113618589,270000
2025-07-14,19.78993034362793,20.08124545625539,19.6151434986009,92700
2025-07-15,19.78993034362793,20.061824078321987,19.6151434986009,139700
2025-07-16,19.86761283874512,19.9841392473911,19.42093228520513,174700
2025-07-17,19.57630157470703,19.809352563438708,19.459777006403502,441900
2025-07-18,19.809350967407227,20.04240193736208,19.692826408492035,157000
2025-07-21,19.751089096069336,20.00356144843509,19.67340543781253,96500
2025-07-22,19.28498649597168,19.906455741061585,19.246143742091338,316400
2025-07-23,19.187883377075195,19.479196651733748,19.168461998198055,186800
2025-07-24,19.3626708984375,19.42093317938078,19.20730358117241,420000
2025-07-25,19.401512145996094,19.45977628009786,19.1878825439966,85400
2025-07-28,19.22672271728516,19.401511408699022,19.168460437522025,235000
2025-07-29,18.95483016967773,19.537458502966384,18.95483016967773,284900
2025-07-30,19.129619598388672,19.226722780940552,18.935409529035947,309500
2025-07-31,19.013092041015625,19.401510304198524,19.013092041015625,648400
2025-08-01,18.85772705078125,19.12962079445007,18.760622010033487,299100
2025-08-04,18.72178077697754,18.78004305955552,18.605254359697007,672600
2025-08-05,18.5469913482666,18.85772597930413,18.527569970795632,347700
2025-08-06,18.72178077697754,18.896567624711484,18.52757069888484,125400
2025-08-07,18.5469913482666,18.760620944073786,18.391624032747835,316800
2025-08-08,18.663515090942383,18.7411987452974,18.527569158852216,115800
2025-08-11,18.85772705078125,19.07135665872665,18.605254685686905,80400
2025-08-12,19.05193519592285,19.12961885020072,18.7800414798881,194200
2025-08-13,19.42093276977539,19.42093276977539,18.857725793536883,305000
2025-08-14,19.24614524841309,19.518038990482214,19.032515641724576,155900
2025-08-15,18.89656639099121,19.28498652181741,18.780041833442912,99100
2025-08-18,18.877147674560547,19.09077727396405,18.818883541166795,304000
2025-08-19,18.95483016967773,18.95483016967773,18.62467417588498,145800
2025-08-20,18.64409637451172,18.81888321529272,18.64409637451172,134900
2025-08-21,18.89656639099121,18.99367142369776,18.799463210409108,390100
2025-08-22,19.28498649597168,19.304406020787404,18.79946318521408,198500
2025-08-25,19.28498649597168,19.459775184184327,19.032514152122797,402100
2025-08-26,19.129619598388672,19.42093285029328,18.99367180899197,1409300
2025-08-27,19.07135391235352,19.09077528813121,18.93540798615832,152500
2025-08-28,19.110197067260746,19.420931677765083,19.032513414634657,232900
2025-08-29,19.110197067260746,19.362669401326613,19.032513414634657,514400
2025-09-02,19.110197067260746,19.401510301577467,19.032513414634657,162100
2025-09-03,19.42093276977539,19.42093276977539,19.12961951907855,126600
2025-09-04,19.34324836730957,19.49861567531009,19.34324836730957,127900
2025-09-08,19.42093276977539,19.61514283832293,19.36267049006092,287100
2025-09-09,19.518037796020508,19.518037796020508,19.42093276178668,169400
2025-09-10,19.615142822265625,19.615142822265625,19.42093275387706,339900
2025-09-11,19.518037796020508,19.595721452982676,19.479195041477183,167100
2025-09-12,19.382089614868164,19.61514243316117,19.382089614868164,259200
2025-09-17,19.498615264892575,19.6928253218676,19.401510236405063,634500
2025-09-18,19.615142822265625,19.673405101932403,19.44035413114081,652100
2025-09-19,19.55687713623047,19.71224443774402,19.40150983471692,1650000
2025-09-22,19.459775924682617,19.692826900459565,19.32382813305268,568600
2025-09-23,19.440353393554688,19.61514207804784,19.4209320170278,234900
2025-09-24,19.459775924682617,19.556879108829627,19.36267088841109,1201900
2025-09-25,19.67340660095215,19.67340660095215,19.479196517765704,302600
2025-09-26,19.71224594116211,19.73166731836362,19.498616348318908,555700
2025-09-29,19.86761283874512,19.86761283874512,19.71224552863343,70400
2025-09-30,20.003562927246094,20.139508876214503,19.78993146215328,793000
2025-10-01,20.02298355102539,20.158929494866022,19.887035755060182,213600
2025-10-02,19.94529914855957,20.100666464923517,19.92587777098295,163400
2025-10-03,19.615142822265625,19.92587744998774,19.55687869047437,302700
2025-10-06,19.809350967407227,19.906456001252867,19.615142751840416,623600
2025-10-07,19.71224594116211,19.84819372944821,19.6151427594035,1403300
2025-10-08,20.003562927246094,20.04240383318365,19.84819559924658,196700
2025-10-09,20.08124542236328,20.08124542236328,19.887035347606083,308900
2025-10-10,19.86761283874512,20.06182290244694,19.809350560484344,386500
2025-10-13,19.94529914855957,19.9841400515883,19.615143138255064,315100
2025-10-14,19.906455993652344,20.022982404647514,19.887034616465737,712400
2025-10-15,19.906455993652344,20.003561027460908,19.887034616465737,96400
2025-10-16,20.003562927246094,20.022984306277195,19.90645788421524,206700
2025-10-17,19.88703346252441,20.003559866758163,19.731666158295656,375800
2025-10-21,20.15892791748047,20.178349294259338,19.61514233254321,214100
2025-10-22,20.120086669921875,20.178350804619576,20.00356210477561,263300
2025-10-23,19.94529914855957,20.1977696485576,19.78992998007112,253400
2025-10-24,19.92587661743164,20.08124392480104,19.69282565637754,1138000
2025-10-27,20.29487419128418,20.29487419128418,19.945298664019948,594800
2025-10-28,20.256032943725582,20.430821630438853,20.120085158435028,342800
2025-10-29,20.1783504486084,20.39198004902381,20.003561751848267,395700
2025-10-30,20.275453567504883,20.294874945331284,20.04240258996167,301900
2025-10-31,19.906455993652344,20.29487427676213,19.828772337030387,758300
2025-11-03,20.1783504486084,20.256034108043508,19.887035336633332,1911800
2025-11-04,20.391979217529297,20.56676790716232,20.17834962582475,791600
2025-11-05,20.46966361999512,20.508506375607077,20.29487492399037,264300
2025-11-06,20.1783504486084,20.508506464238742,20.1783504486084,286400
2025-11-07,20.46966361999512,20.56676865690048,20.17835036140356,156000
2025-11-10,20.508506774902344,20.586190435514208,20.314296697310404,599200
2025-11-11,20.780397415161133,20.87750244813549,20.566767824317107,1417000
2025-11-12,20.780397415161133,20.95518610409009,20.644451480271705,538800
2025-11-13,20.780397415161133,20.838659694095966,20.663872857291462,4047400
2025-11-14,20.644451141357425,20.780397074015063,20.39197880061864,983100
2025-11-17,20.15892791748047,20.663872600984423,20.139506540701603,489100
2025-11-18,20.08124542236328,20.19776998551797,19.809351688128118,490300
2025-11-19,20.197769165039062,20.21719054215075,19.848193637651004,2006900
2025-11-20,20.003562927246094,20.58619133330659,19.925879263246337,1186100
2025-11-21,20.003562927246094,20.04240383318365,19.925879263246337,2241400
2025-11-24,20.120086669921875,20.19777033072757,19.887035687504778,6801100
2025-11-25,20.430822372436523,20.430822372436523,19.92587767073193,3093600
2025-11-26,20.003562927246094,20.663874997306348,19.80935284118438,3267600
2025-11-27,19.615142822265625,20.314295734640385,19.518037788071343,1807600
2025-11-28,19.615142822265625,19.712246004335427,19.498616410807596,2336900
2025-12-01,18.5469913482666,19.595721654080524,18.5469913482666,1756800
2025-12-02,18.449886322021484,19.05193605904328,18.372202664224268,1759400
2025-12-03,18.449886322021484,18.5275699798187,18.31394038390748,979600
2025-12-04,18.64409637451172,18.741199557570777,18.352781268961053,702300
2025-12-05,18.62467384338379,18.74119839668659,18.5469901904738,710100
2025-12-08,18.372203826904297,18.64409757246353,18.372203826904297,495400
2025-12-09,18.48872947692871,18.605254040082933,18.411043965326517,500100
2025-12-10,18.64409637451172,18.663515899848832,18.41104354922139,395000
2025-12-11,18.95483016967773,19.013092447369274,18.6440955524903,534900
2025-12-12,18.93540954589844,19.05193595803874,18.857725888513063,430700
2025-12-15,19.22672271728516,19.246144094581027,18.87714718658189,1052100
2025-12-16,19.22672271728516,19.323827751640028,19.207303192113766,571200
2025-12-17,18.799463272094727,19.226722454006367,18.799463272094727,370400
2025-12-18,19.129619598388672,19.187881878344697,18.74119945968322,852100
2025-12-19,19.42093276977539,19.595721461043286,19.12961951907855,1903400
2025-12-22,19.440353393554688,19.57629932499407,19.07135464804149,668300
2025-12-23,19.42093276977539,19.498616426769512,19.323827735501617,840500
2025-12-24,19.42093276977539,19.45977552433469,19.38209001521609,362300
2025-12-26,19.42093276977539,19.44035414705504,19.38209001521609,829200
2025-12-29,19.498615264892575,19.59572029338009,19.401510236405063,750300
2025-12-30,19.42093276977539,19.44035414705504,19.12961951907855,615400
2025-12-31,19.42093276977539,19.44035414705504,19.34324911278127,450200
2026-01-02,19.22672271728516,19.420932785994896,19.168460437522025,113100
2026-01-05,19.401512145996094,19.55687946601837,19.34324986401888,374900
2026-01-06,19.20730400085449,19.323828565287123,19.090777584297303,315000
2026-01-07,19.22672271728516,19.30440637434416,19.051935877995767,502000
2026-01-08,19.265565872192383,19.34324953086556,19.12961993254546,203000
2026-01-09,19.42093276977539,19.42093276977539,19.168460421513373,312000
2026-01-12,19.67340660095215,19.67340660095215,19.382091476172484,558900
2026-01-13,19.65398406982422,19.65398406982422,19.57630041152944,782600
2026-01-14,19.98413848876953,19.98413848876953,19.59572022823513,388400
2026-01-15,19.94529914855957,19.96471867401168,19.73166769946577,1454800
2026-01-16,19.42093276977539,19.809351054746003,19.323827735501617,404900
2026-01-20,19.615142822265625,19.80935103852971,19.38208999934956,435700
2026-01-21,19.42093276977539,19.51803780404916,19.38209001521609,542900
2026-01-22,19.518037796020508,19.61514283025433,19.42093276178668,639500
2026-01-23,19.459775924682617,19.51803820559573,19.4209331693242,424500
2026-01-26,19.440353393554688,19.59572070152096,19.4209320170278,612000
2026-01-27,19.24614524841309,19.537460368942423,19.12962068190102,877900
2026-01-28,19.498615264892575,19.55687754113534,19.12961837918928,785900
2026-01-29,19.320276260375977,19.63732664536264,19.320276260375977,800900
2026-01-30,19.320276260375977,19.558064049115973,19.320276260375977,624300
2026-02-03,19.55806350708008,19.597695748989715,19.359907966839813,664100
2026-02-04,19.53824806213379,19.577880305414677,19.4589854653414,529800
2026-02-05,19.617509841918945,19.696772435410303,19.538247248427588,1163000
2026-02-06,19.399538040161133,19.617509698223422,19.399538040161133,469400
2026-02-09,19.47880172729492,19.59769656822464,19.35990877613459,600600
2026-02-10,19.716588973999023,19.73640509523407,19.518433430956573,650200
2026-02-11,19.637327194213867,19.776036269080024,19.419355520885706,811400
2026-02-12,19.617509841918945,19.637325962734103,19.4193543030752,224100
2026-02-13,19.637327194213867,19.676959438329572,19.518434241405565,658100
2026-02-16,19.69677352905273,19.716589650968167,19.65714317499127,81900
2026-02-19,19.83548355102539,19.89493002418013,19.55806352668773,329200
2026-02-20,19.83548355102539,19.87511390320545,19.696772593971904,216100
2026-02-23,19.8156681060791,19.954377178095456,19.57788031557848,445800
2026-02-24,19.41935539245605,19.776036138291477,19.35990891644505,593900
2026-02-25,19.00322532653809,19.617509957265632,18.84470013862328,867700
2026-02-26,19.062671661376957,19.201380727354568,18.92396259539934,1186100
2026-02-27,18.82488441467285,19.062672201559558,18.547464385087025,1881400
2026-03-02,18.82488441467285,18.884330888952192,18.60691274913571,755000
2026-03-03,18.725805282592773,18.98340918511864,18.725805282592773,1042300
2026-03-04,18.428571701049805,18.725805966482312,18.428571701049805,611900
2026-03-05,18.54746437072754,18.74562180453105,18.428571422260905,545300
2026-03-06,19.18156623840332,19.201380469155616,18.567279730619727,1166400
2026-03-09,19.399538040161133,19.63732581889344,18.92396248269652,1589200
2026-03-10,19.359909057617188,19.439171656132974,19.280644569331987,563500
2026-03-11,19.359909057617188,19.439171656132974,19.320276813474585,435000
2026-03-12,19.59769630432129,19.59769630432129,19.280644029367934,518900
2026-03-13,19.55806350708008,19.577879628034896,19.20138088897057,393900
2026-03-16,19.439170837402344,19.558063785283835,19.32027599975152,403200
2026-03-17,19.41935539245605,19.577880588331663,19.41935539245605,323300
2026-03-18,19.47880172729492,19.59769656822464,19.340092654351405,314400
2026-03-19,19.736404418945312,19.93456184496702,19.340091456671164,1253000
2026-03-24,19.637327194213867,19.95437758806189,19.35990904448155,1086800
2026-03-25,19.41935539245605,19.53824834447806,19.35990891644505,2171400
2026-03-26,19.954376220703125,19.994008462103064,19.340091597158324,413400
2026-03-27,19.93456268310547,20.09308787468024,19.77603560176135,363000
2026-03-30,21.282026290893555,21.40092112655092,19.538247336457776,2104300
2026-03-31,21.30184364318848,21.42073848571877,20.98479324946692,1749000
2026-04-01,21.32165908813477,21.50000040138198,21.182948127959516,1639700
2026-04-02,21.6783390045166,21.77741771810124,21.163133095461188,1142200
2026-04-03,22.66912269592285,22.966358841070555,21.69815544593283,3414500
2026-04-06,21.995391845703125,22.589860363341597,21.975575724510023,1016700
2026-04-07,21.97557640075684,22.391705509770755,21.797235084069527,2036300
2026-04-08,21.75760269165039,22.03502272568536,21.20276451334983,1009200
2026-04-09,21.995391845703125,22.0152060771269,21.34147496448535,2537300
2026-04-10,21.7377872467041,21.995391144696463,21.55944594118868,1562000
2026-04-13,21.638710021972656,21.93594429176257,21.59907777812365,969300
2026-04-14,21.262210845947266,21.59907735295512,21.16313401781384,546400
2026-04-15,21.30184364318848,21.480184962099205,21.024423603797405,1120000
2026-04-16,20.885713577270508,21.40092138847586,20.7073722664864,240500
2026-04-17,20.885713577270508,21.182947835397805,20.60829355052086,839700
2026-04-20,20.687557220458984,20.885714662688187,20.687557220458984,486600
2026-04-21,20.410139083862305,20.84608432322103,20.152535164685304,286500
2026-04-22,20.46958541870117,20.766819690429653,20.4299550643631,403100
2026-04-23,20.568662643432617,20.568662643432617,20.449767809525696,152200
2026-04-24,20.46958541870117,20.74700545814532,20.37050669820188,180700
2026-04-27,20.410139083862305,20.46958556066641,20.311060362675857,318500
2026-04-28,20.311059951782227,20.469585146565805,20.152534756998648,697500
2026-04-29,20.370506286621094,20.44976888346517,20.19216497127958,157000
2026-04-30,21.024423599243164,21.024423599243164,20.271427969432867,812600
2026-05-04,21.222579956054688,21.400921265816635,20.984792172961864,453900
2026-05-05,21.30184364318848,21.36129011956892,21.004609371516867,582800
2026-05-06,21.2027645111084,21.32165935133064,21.10368579255143,864100
2026-05-07,21.10368537902832,21.59907707233668,21.10368537902832,528600
2026-05-08,21.004608154296875,21.103684979266287,20.865897197754958,250400
2026-05-11,20.80645179748535,21.381106104872742,20.80645179748535,440900
2026-05-12,20.66774177551269,20.826266964087903,20.568663060210863,215000
2026-05-13,20.72718811035156,20.76681846234602,20.588479043717005,1653400
2026-05-14,20.687557220458984,20.846084308104,20.529032022583397,133000
2026-05-15,20.132719039916992,20.707373355001533,19.97419384194673,273700
2026-05-18,20.013824462890625,20.29124259195093,19.815667036616748,336600
2026-05-19,20.370506286621094,20.370506286621094,19.538248074873614,2272900
2026-05-20,20.46958541870117,20.46958541870117,19.954377583920355,638800
2026-05-21,20.033639907836918,20.25161346790227,19.835484359323136,390700
2026-05-22,20.053455352783203,20.053455352783203,19.815667568730756,186200
2026-05-25,19.736404418945312,19.855299252512197,19.716588298389286,292200
2026-05-26,20.15253448486328,20.15253448486328,19.65714278541191,501800
2026-05-28,19.77603530883789,20.29124311870929,19.518433293671517,889900
2026-05-29,20.132719039916992,20.132719039916992,19.20138208451466,2280100
2026-06-03,19.320276260375977,20.17235058735465,19.24101366412931,1470600
2026-06-04,20.013824462890625,20.33087483311341,19.399537953257028,824300
2026-06-05,19.974193572998047,19.994009694919864,19.657143181326557,298700
2026-06-08,19.894929885864254,20.172349908273205,19.597695632387687,239000
2026-06-09,19.93456268310547,20.15253434907844,19.637326531575763,335800
2026-06-10,20.291242599487305,20.410137433249645,19.95437610855816,598300
2026-06-11,20.747005462646484,20.885714537513945,20.112902785175056,669600
2026-06-12,20.568662643432617,20.747003949408363,20.311058744775348,329900
2026-06-15,20.44976806640625,20.608293253760618,20.350691241636746,260500
2026-06-16,20.568662643432617,20.687555587570262,20.41013745806957,209600
2026-06-18,20.46958541870117,20.786635812483397,20.271427977702576,491500
2026-06-19,20.82626724243164,20.82626724243164,20.489400739764765,605300
2026-06-22,20.72718811035156,20.86589717698612,20.628109395711466,489600
2026-06-23,21.40092086791992,21.579262174366058,20.80645047635589,1929900
2026-06-24,21.40092086791992,21.49999958147547,20.68755564213538,609800
2026-06-25,21.024423599243164,21.341475882665456,20.90553064650804,317700
2026-06-26,21.10368537902832,21.222580216920832,20.826267240228017,522400
2026-06-29,20.76681900024414,20.96497643465697,20.608293808621617,398200
2026-06-30,20.964977264404297,21.301843782376928,20.5686642696628,652400
2026-07-01,20.78663444519043,21.00460799390501,20.687555731208285,463100
2026-07-02,20.76681900024414,20.945160313261816,20.58847957699581,171900
2026-07-03,21.5,21.678339420148458,20.52903085597761,754100
2026-07-06,21.361289978027344,21.579263539593665,21.341475745878096,116200
2026-07-07,21.48018455505371,21.559447151982088,21.06405544873738,347600
2026-07-08,21.5,21.7774181356327,21.163133501215167,335200
2026-07-09,21.21999931335449,21.559999465942383,21.1200008392334,307200
2026-07-10,21.600000381469727,21.799999237060547,21.200000762939453,331600
2026-07-13,21.8799991607666,22.5,21.21999931335449,1492700
2026-07-14,21.799999237060547,22.0,21.780000686645508,1164700
2026-07-15,21.799999237060547,21.84000015258789,21.700000762939453,1063300
2026-07-16,21.65999984741211,21.899999618530277,21.559999465942383,1121500
2026-07-17,21.600000381469727,21.700000762939453,21.5,1006900
2026-07-20,21.57999992370605,21.68000030517578,21.479999542236328,524500
2026-07-21,21.13999938964844,21.600000381469727,21.0,434500
2026-07-22,20.920000076293945,21.13999938964844,20.600000381469727,599100
2026-07-23,20.65999984741211,21.1200008392334,20.57999992370605,154000
2026-07-24,20.8799991607666,21.100000381469727,20.600000381469727,382000
2026-07-27,20.81999969482422,21.059999465942383,20.600000381469727,210900
2026-07-28,20.540000915527344,20.739999771118164,20.440000534057617,482200
2026-07-29,20.76000022888184,21.059999465942383,20.600000381469727,554400
2026-07-30,21.200000762939453,21.280000686645508,20.5,314500
2026-07-31,21.020000457763672,21.299999237060547,20.81999969482422,458000
2026-08-03,21.0,21.1200008392334,20.920000076293945,286600
2026-08-04,21.31999969482422,21.459999084472656,20.71999931335449,321600
2026-08-05,21.600000381469727,22.0,21.459999084472656,745300
2026-08-06,21.600000381469727,21.68000030517578,21.5,1545200
2026-08-07,22.899999618530277,22.899999618530277,21.3799991607666,2017900
2026-08-10,21.84000015258789,22.299999237060547,21.700000762939453,490800
2026-08-11,21.520000457763672,21.899999618530277,21.299999237060547,417300
2026-08-12,21.600000381469727,21.739999771118164,21.399999618530277,1035800
2026-08-13,21.71999931335449,21.799999237060547,21.3799991607666,1035200
2026-08-14,21.799999237060547,21.81999969482422,21.700000762939453,532600
2026-08-17,21.559999465942383,21.81999969482422,21.5,260400
2026-08-18,21.440000534057617,21.780000686645508,21.31999969482422,552100
2026-08-19,21.3799991607666,21.71999931335449,21.280000686645508,289800
2026-08-20,21.440000534057617,21.440000534057617,21.239999771118164,996100
2026-08-21,21.63999938964844,21.84000015258789,21.479999542236328,576000
2026-08-24,21.920000076293945,22.200000762939453,21.540000915527344,415800
2026-08-26,21.76000022888184,21.899999618530277,21.0,4694600
2026-08-27,21.899999618530277,21.899999618530277,21.700000762939453,2431900
2026-08-28,22.0,22.239999771118164,21.899999618530277,2947800
2026-09-01,21.84000015258789,22.299999237060547,21.540000915527344,990800
2026-09-02,22.700000762939453,22.739999771118164,21.63999938964844,800000
2026-09-03,22.3799991607666,22.520000457763672,21.1200008392334,839500
