Date,Close,High,Low,Volume
2015-01-02,1.693041205406189,1.7154412416687514,1.6855746457738845,5608646
2015-01-05,1.7079750299453735,1.7079750299453735,1.685574871560377,3796823
2015-01-06,1.7079750299453735,1.7210413919302914,1.663175308784876,10609961
2015-01-07,1.6837078332901,1.7079745052566069,1.6799745541207278,15803726
2015-01-08,1.698641061782837,1.698641061782837,1.6799747825200824,5415124
2015-01-09,1.7135745286941528,1.7210410880080844,1.7023743323576217,8995139
2015-01-12,1.7079750299453735,1.7191747517721747,1.6893081518766104,3097415
2015-01-13,1.7546406984329224,1.7546406984329224,1.6930413383843863,6765492
2015-01-14,1.7285079956054688,1.749040918734157,1.7210414347870722,14587190
2015-01-15,1.7434409856796265,1.752774186636023,1.7079750602891228,10522167
2015-01-16,1.7378408908843994,1.7509073709134182,1.7173079699606877,12114504
2015-01-19,1.7359741926193235,1.74717403226832,1.7359741926193235,9371208
2015-01-20,1.7341077327728271,1.7378408936652026,1.7247745327371649,12365306
2015-01-21,1.773307204246521,1.773307204246521,1.735974517550667,27058759
2015-01-22,1.7770402431488037,1.78823996424905,1.7565073218634428,29346490
2015-01-23,1.7845065593719482,1.799439678623754,1.72664107963685,30710777
2015-01-26,1.7770402431488037,1.7919732443230958,1.7751736031117809,16409987
2015-01-27,1.7789068222045898,1.803173022732147,1.756507261650067,11311777
2015-01-28,1.7826400995254517,1.791973300000553,1.7639738176971436,18372505
2015-01-29,1.7546406984329224,1.7901066212282366,1.7546406984329224,12543035
2015-01-30,1.7546406984329224,1.7751736199126136,1.7546406984329224,10642883
2015-02-04,1.7826400995254517,1.7994398603806343,1.7751736582672657,24229008
2015-02-05,1.780773401260376,1.7901064816843908,1.7695735618052983,12238700
2015-02-06,1.7789068222045898,1.7863732629748392,1.769573622339419,18154358
2015-02-09,1.7789068222045898,1.79570646284001,1.760240422474248,21163712
2015-02-10,1.7845065593719482,1.791973118997851,1.778906758774404,24365517
2015-02-11,1.773307204246521,1.784506926869942,1.771440563955633,12593891
2015-02-12,1.7714403867721558,1.7770403070847034,1.741574264227131,12846299
2015-02-13,1.7882399559020996,1.7882399559020996,1.76957367474089,13499401
2015-02-16,1.773307204246521,1.7919734880334943,1.7695739236647448,20670138
2015-02-17,1.773307204246521,1.782640286579054,1.7695739236647448,10110498
2015-02-18,1.7677068710327148,1.7919730700319387,1.7658402311772452,6824379
2015-02-23,1.7677068710327148,1.7751734304545927,1.7639735913217758,13812033
2015-02-24,1.769573450088501,1.7882397288799732,1.758373730462368,9899311
2015-02-25,1.773307204246521,1.775173844537409,1.7565075607504357,9363714
2015-02-26,1.7490404844284058,1.7733066819407317,1.7490404844284058,13826220
2015-02-27,1.7415740489959717,1.7527738882369428,1.7322409687503766,15697999
2015-03-02,1.75090754032135,1.75090754032135,1.7285079772262375,18983583
2015-03-03,1.7397074699401855,1.7639736700220543,1.7397074699401855,14734406
2015-03-04,1.7434409856796265,1.7453076258709057,1.732241263653852,13325151
2015-03-05,1.7397074699401855,1.7471740296951868,1.7322410293070696,14887510
2015-03-06,1.7471739053726196,1.7565071044022544,1.7285076264352266,8768160
2015-03-09,1.7434409856796265,1.7509075464447437,1.7173081421236178,13577827
2015-03-10,1.7117079496383667,1.758373705515928,1.7117079496383667,22749625
2015-03-11,1.7266414165496826,1.737841139052012,1.7023747356647865,12341216
2015-03-12,1.7285079956054688,1.732241276014667,1.7266413554008695,17236803
2015-03-13,1.7266414165496826,1.7303746970910945,1.7210414957375646,7460350
2015-03-16,1.7285079956054688,1.7378410775065622,1.7210414347870722,7471057
2015-03-17,1.7285079956054688,1.732241276014667,1.7079750724767804,15629744
2015-03-18,1.73224139213562,1.7453077553218168,1.7266414711464315,13498866
2015-03-19,1.7359741926193235,1.7639736726199289,1.730374391916711,10721041
2015-03-20,1.7285079956054688,1.7453076383249588,1.717308154377874,20544068
2015-03-23,1.7341077327728271,1.7434408136866,1.7191746127157674,8764948
2015-03-24,1.7359741926193235,1.758373871917316,1.7341076717997097,10795185
2015-03-25,1.7285079956054688,1.7434409981203596,1.7285079956054688,17217264
2015-03-26,1.7303742170333862,1.7397072966757336,1.7303742170333862,13766798
2015-03-27,1.7359741926193235,1.752773952092818,1.730374391916711,11475053
2015-03-30,1.7303742170333862,1.7527737749456425,1.728507577280542,6275398
2015-03-31,1.7303742170333862,1.7565070544513306,1.7173077387634774,17995097
2015-04-01,1.7285079956054688,1.734107916219266,1.717308154377874,8550548
2015-04-02,1.7378408908843994,1.7378408908843994,1.7285078099855609,9330791
2015-04-03,1.7359741926193235,1.7434407523853213,1.730374391916711,4313684
2015-04-06,1.7359741926193235,1.7490406722098193,1.7322410318582102,5268711
2015-04-07,1.7341077327728271,1.7471740937008648,1.7285078127514295,11863970
2015-04-08,1.7303742170333862,1.7359740171700453,1.724774297774854,11632975
2015-04-09,1.7359741926193235,1.7359741926193235,1.7266411120337122,8312594
2015-04-10,1.7303742170333862,1.7359740171700453,1.728507577280542,5239268
2015-04-13,1.7247743606567385,1.7303742801194326,1.72290772083584,8744873
2015-04-14,1.7285079956054688,1.7303746358100678,1.7229080749916714,4835898
2015-04-15,1.721040964126587,1.7285075229030715,1.7135744053501023,10378431
2015-04-16,1.7303742170333862,1.7322408567862302,1.7191743785163214,11010655
2015-04-17,1.7303742170333862,1.7359740171700453,1.728507577280542,15610205
2015-04-20,1.7621073722839355,1.7621073722839355,1.721041523900226,8924208
2015-04-21,1.7755135297775269,1.796401814467472,1.7641199750300722,6109446
2015-04-22,1.7603219747543335,1.7755134205441745,1.7603219747543333,8684381
2015-04-23,1.7565240859985352,1.7679176400644123,1.7470293566240314,5997562
2015-04-24,1.7622214555740356,1.7660192272867197,1.7489288304371684,2352772
2015-04-27,1.7565240859985352,1.7622209236232376,1.7527261942487335,12400905
2015-04-28,1.7565240859985352,1.7717155318142142,1.7432314648742298,7907350
2015-04-29,1.7318373918533323,1.7565240512898193,1.7280395001785769,8896103
2015-04-30,1.7204442024230957,1.7527266543207909,1.7204442024230957,14541152
2015-05-05,1.7318373918533323,1.735635283528088,1.7204437168290654,7270308
2015-05-06,1.7318373918533323,1.735635283528088,1.7166458251543095,7291721
2015-05-07,1.6976563930511477,1.735635186491853,1.6976563930511472,10386728
2015-05-08,1.714747190475464,1.7223429752033086,1.705252580749205,18209497
2015-05-11,1.7128483057022097,1.7185450228657424,1.705252521239442,11866646
2015-05-12,1.6995556354522705,1.7109493118283874,1.695757743326898,12058294
2015-05-13,1.7166459560394287,1.7223427939859155,1.688162008674062,12709522
2015-05-14,1.7128483057022097,1.724241861212818,1.6976567367766744,13933821
2015-05-15,1.7166459560394287,1.724241739968078,1.6995555633835018,2523275
2015-05-18,1.7071512937545776,1.7147469562613975,1.6938586722964637,10105680
2015-05-19,1.6995556354522705,1.7242418130836512,1.6938587972642118,2640779
2015-05-20,1.6976563930511477,1.7090500674384146,1.6957574473199362,24284147
2015-05-21,1.6976563930511477,1.7071511217072033,1.6900606101263025,7622822
2015-05-22,1.6615768671035769,1.705252381826718,1.6425874074991391,23272375
2015-05-25,1.6197996139526367,1.659677840740669,1.6141028975308134,10931158
2015-05-26,1.6273952722549438,1.6691723205146078,1.614102773381716,15636971
2015-05-27,1.6122040748596191,1.6273955217845535,1.6084061828325014,13151705
2015-05-28,1.6122040748596191,1.6235976297574355,1.5894168438804497,15031781
2015-05-29,1.5799221992492676,1.614103108158173,1.5704274686680315,33812743
2015-06-01,1.5761243104934692,1.5951136505142856,1.5685285260117257,6010143
2015-06-02,1.5856187343597412,1.6046080707070949,1.5723261140881302,9185717
2015-06-03,1.6387897729873655,1.6387897729873655,1.5951136487159507,10966490
2015-06-04,1.6349917650222778,1.6615768876131092,1.6235976043848408,13407057
2015-06-05,1.6349917650222778,1.6520821576936928,1.6197997124170742,8469714
2015-06-08,1.6349917650222778,1.6425874277742765,1.6216986584009576,5044944
2015-06-09,1.633092761039734,1.6368906528726197,1.625496492639842,5472940
2015-06-10,1.6197996139526367,1.6425873279246184,1.6141028975308134,7929031
2015-06-11,1.623597502708435,1.6330927167673592,1.617900665113545,8795729
2015-06-12,1.6292951107025146,1.6368908954941406,1.6235977873746026,11425267
2015-06-15,1.6292951107025146,1.6330930030983275,1.6254967335725092,9028330
2015-06-16,1.6292951107025146,1.6387898416920472,1.617900948780883,6335088
2015-06-17,1.633092761039734,1.6368906528726197,1.6141029383247143,10975055
2015-06-18,1.633092761039734,1.6387895987890626,1.6197996548905131,5100886
2015-06-19,1.6141029596328735,1.636890674481605,1.6141029596328735,18812010
2015-06-22,1.616001844406128,1.6311938972365498,1.6122040735655947,10181965
2015-06-23,1.6179003715515137,1.623597208112734,1.612203656173798,9419923
2015-06-24,1.625496506690979,1.6330927751565347,1.61600177702669,8158955
2015-06-25,1.616001844406128,1.6311938972365498,1.6122040735655947,8533953
2015-06-26,1.6141029596328735,1.6179007303323647,1.6141029596328735,6715171
2015-06-29,1.6122040748596191,1.621698683743877,1.600810398778266,10305090
2015-06-30,1.6179003715515137,1.638789257010007,1.585618540071608,11022700
2015-07-01,1.6463854312896729,1.6634759463025568,1.6197998221634482,9696956
2015-07-02,1.6444865465164185,1.6615770621667778,1.633092990599726,10697487
2015-07-03,1.6444865465164185,1.6596781159834046,1.6311940444163526,7957136
2015-07-06,1.6273952722549438,1.6330925941561911,1.6084059362145395,8020840
2015-07-07,1.6197996139526367,1.633092719765895,1.6141028975308134,8991392
2015-07-08,1.616001844406128,1.6311938972365498,1.61030512755356,12886181
2015-07-09,1.616001844406128,1.619799736430197,1.6027093435054214,12801599
2015-07-10,1.6216983795166016,1.6330925381945791,1.61600154254464,11314722
2015-07-13,1.623597502708435,1.6292948250374326,1.6027092193773649,5686536
2015-07-14,1.623597502708435,1.636890608497286,1.6160017192485816,12062309
2015-07-15,1.633092761039734,1.633092761039734,1.623597546723399,8859969
2015-07-16,1.6311938762664795,1.6406886062045918,1.629294930278857,6101416
2015-07-20,1.6349917650222778,1.6482842657259262,1.614102995648959,4079210
2015-07-21,1.6482841968536377,1.6615768181853985,1.6197996447349907,2595812
2015-07-22,1.6197996139526367,1.6520820572668689,1.6179006680841863,2820115
2015-07-23,1.6027092933654783,1.625496523613471,1.6027092933654783,2050579
2015-07-24,1.6103049516677856,1.6160016678981288,1.5989112768400533,5505595
2015-07-27,1.6122040748596191,1.6122040748596191,1.600810398778266,4721872
2015-07-28,1.616001844406128,1.6444863981372562,1.598911451481352,9635393
2015-07-29,1.5989115238189695,1.6141030926025408,1.5875179684148333,6874432
2015-07-30,1.633092761039734,1.6425873694384183,1.5932145332438423,4279958
2015-07-31,1.655880331993103,1.655880331993103,1.631194151177101,10128432
2015-08-03,1.6672736406326294,1.6672736406326294,1.640688638647297,5737392
2015-08-04,1.6691725254058838,1.671071471361372,1.648284241079046,2661925
2015-08-05,1.6691725254058838,1.671071471361372,1.650183187034534,2836442
2015-08-06,1.6273952722549438,1.6653745502533412,1.6084059362145395,10496738
2015-08-07,1.6141029596328735,1.6235975681568988,1.5913156083347373,6304039
2015-08-10,1.5951135158538818,1.5970124618140076,1.5875178531969114,6346330
2015-08-11,1.5495392084121704,1.600810512038731,1.521055137377021,13568726
2015-08-12,1.5267518758773804,1.549539106977106,1.5210550378065646,12795710
2015-08-13,1.532448649406433,1.541943379124572,1.5229539196882942,13119585
2015-08-14,1.5248527526855469,1.5381453733063524,1.5096608227112007,8151728
2015-08-17,1.5001662969589231,1.5134589193807908,1.4906716878411284,10157072
2015-08-18,1.511560082435608,1.5153578536467522,1.4906717954483482,9813123
2015-08-19,1.5058631896972656,1.5191556914171822,1.5001663513100685,8476941
2015-08-20,1.4583898782730105,1.5001664535937622,1.4507940932388548,10605678
2015-08-21,1.4450970888137815,1.4621876031815702,1.4090168716702636,15855386
2015-08-24,1.333059310913086,1.43370344483724,1.333059310913086,25557696
2015-08-25,1.3520487546920776,1.3672403232648511,1.2722928985014756,14561227
2015-08-26,1.414713978767395,1.4261075320914058,1.35204852660894,20834752
2015-08-27,1.414713978767395,1.4299054235939157,1.3957240365207668,12416162
2015-08-28,1.414713978767395,1.443198043852701,1.4033198195257868,18569238
2015-09-01,1.4185121059417725,1.4697832861933031,1.4071179448071365,24438857
2015-09-02,1.4242089986801147,1.4375016227874082,1.412815442057418,11611830
2015-09-03,1.450794339179993,1.4526932857604442,1.424209208237243,8483900
2015-09-04,1.4337035417556765,1.4621876113441292,1.4223098654468798,14242706
2015-09-07,1.3995221853256226,1.4242088481811428,1.3843307377061522,7022986
2015-09-08,1.3672401905059814,1.401420974108692,1.3672401905059814,11497804
2015-09-09,1.369139313697815,1.3786340452038222,1.357745757074161,13092818
2015-09-10,1.365341067314148,1.378633565614907,1.3634421216735375,15100304
2015-09-11,1.3615431785583496,1.3691388399513664,1.3615431785583496,9964353
2015-09-14,1.4621875286102295,1.4925704213474764,1.3615433935772,7880851
2015-09-15,1.4773790836334229,1.4906717062191714,1.41471422642266,4884613
2015-09-17,1.5343475341796875,1.5381454259155312,1.4868736451145874,18658638
2015-09-18,1.3995221853256226,1.5609328462247107,1.388128629906905,16189699
2015-09-21,1.3976231813430786,1.4147141802728158,1.3881285724179544,6824646
2015-09-22,1.4299052953720093,1.4299052953720093,1.3919261413855215,8591501
2015-09-23,1.4185121059417725,1.418512105941773,1.3881286053232131,9484966
2015-09-25,1.4128150939941406,1.428006539476334,1.401420934260753,6642634
2015-09-28,1.4204106330871582,1.4545915339402593,1.3976229215122051,4557526
2015-09-29,1.4223097562789917,1.4431981612418512,1.405218879576973,8340699
2015-09-30,1.479277729988098,1.481176675687015,1.4299053841832925,16025888
2015-10-01,1.5286505222320557,1.5381452504887834,1.4412990222701625,17067104
2015-10-02,1.5286505222320557,1.5343473591860923,1.51725636358993,7094720
2015-10-05,1.5419431924819946,1.5495388541535668,1.5191553591826588,14170972
2015-10-06,1.5571351051330566,1.581821285650031,1.5514382662790889,7751034
2015-10-07,1.671071171760559,1.7280392978445138,1.547639827966954,18468061
2015-10-08,1.6634759902954102,1.6900609942069982,1.633092972874751,24748545
2015-10-09,1.6615768671035769,1.7071513277871615,1.6482842453804702,27275835
2015-10-12,1.6634759902954102,1.7052525635091007,1.6482844209933076,20851883
2015-10-13,1.6482841968536377,1.6729703724290927,1.6368906426099434,16031241
2015-10-15,1.6273952722549438,1.6577787673637725,1.617900543642983,18962973
2015-10-16,1.6672736406326294,1.6672736406326294,1.6273955317369455,29346222
2015-10-19,1.6520825624465942,1.6843645308980144,1.6368911120372247,8857560
2015-10-20,1.6444865465164185,1.6520823312499116,1.6311940444163526,8622818
2015-10-21,1.6292951107025146,1.6482844514980317,1.6122042313707117,15209511
2015-10-22,1.623597502708435,1.636890608497286,1.6065071111072915,5605969
2015-10-23,1.6311938762664795,1.6577789989096592,1.627395499557096,13298117
2015-10-26,1.633092761039734,1.6482842071877473,1.6273954385562848,21863388
2015-10-27,1.633092761039734,1.6501831531041902,1.6273954385562848,12539020
2015-10-28,1.633092761039734,1.6368906528726197,1.6046082087424998,6332946
2015-10-29,1.6103049516677856,1.6444862185180282,1.6046081142539197,15546233
2015-10-30,1.5875177383422852,1.6254964124300328,1.587517738342285,15210581
2015-11-02,1.5761243104934692,1.604608381116465,1.5742253643730335,5754523
2015-11-03,1.5799221992492676,1.6122041620419258,1.5723264147842788,14973698
2015-11-04,1.6008102893829346,1.6084060729180931,1.581820951728566,13258235
2015-11-05,1.5856187343597412,1.5989112334478326,1.5799218971004794,5244889
2015-11-06,1.581821084022522,1.58751792215034,1.5685284617242796,3332425
2015-11-09,1.5761243104934692,1.585619041095649,1.566629701074833,1920226
2015-11-11,1.5438419580459597,1.5685281301986058,1.5267515684582853,10859424
2015-11-12,1.5381455421447754,1.5571348810753871,1.5381455421447754,14051058
2015-11-13,1.522953987121582,1.5533370023813926,1.5210550410938728,17724756
2015-11-16,1.5191556215286257,1.528650836471303,1.5058631204202286,12540091
2015-11-17,1.5153582096099854,1.5856194777835204,1.5153582096099856,13040356
2015-11-18,1.5172568559646606,1.5381457496423026,1.5172568559646606,6688405
2015-11-19,1.5191556215286257,1.540044512721533,1.5172566754869206,7510136
2015-11-20,1.521054983139038,1.5305497129158183,1.513458835767016,12667231
2015-11-23,1.5191556215286257,1.528650836471303,1.5134589045870486,15979582
2015-11-24,1.5153582096099854,1.5457417194553666,1.5153582096099856,9486304
2015-11-25,1.532448649406433,1.5381454872373164,1.5191555430669113,8882453
2015-11-26,1.5305497646331787,1.5552359417034227,1.5267518725941356,10194545
2015-11-27,1.5286505222320557,1.5305494678834013,1.5115596478194069,5629256
2015-11-30,1.5020654201507568,1.528651031680227,1.4906718636291063,34053106
2015-12-01,1.513459086418152,1.526752073857757,1.4906718523635094,19486257
2015-12-02,1.503964066505432,1.5077619583164352,1.4963682828834262,14348433
2015-12-03,1.5020654201507568,1.507762259003359,1.4925706887297536,7692951
2015-12-04,1.4659854173660278,1.502065147858245,1.4602885795461416,14006893
2015-12-07,1.483075737953186,1.4925703460105142,1.4659853465031745,14562298
2015-12-08,1.464086651802063,1.4849749385315592,1.4640866518020632,6397721
2015-12-09,1.5308847427368164,1.5430830337422787,1.528851694235906,11067132
2015-12-10,1.5125876665115356,1.5349510736886258,1.496322757059437,8887538
2015-12-11,1.469893455505371,1.5186870229352163,1.469893455505371,12718891
2015-12-14,1.5024218559265137,1.514620667370853,1.4332985877728424,8718106
2015-12-15,1.4820913076400757,1.516653521109574,1.4820913076400757,8116129
2015-12-16,1.5085210800170898,1.5125876966856433,1.4942897380577471,7097932
2015-12-17,1.528851866722107,1.54308320783407,1.4983557465435104,15120378
2015-12-18,1.5227527618408203,1.5247858106262535,1.508521031118386,20923617
2015-12-21,1.5044549703598022,1.5186868311719408,1.5044549703598022,6086962
2015-12-22,1.5186868906021118,1.5227528586901131,1.5044550292330434,3904960
2015-12-23,1.532917857170105,1.534950905758459,1.5085208848854956,15514916
2015-12-28,1.524786114692688,1.5329183114561102,1.5166540476707586,15468610
2015-12-29,1.5552817583084106,1.5817112686512096,1.530885297202865,13109414
2015-12-30,1.5898432731628418,1.626437895520936,1.5593476680367766,16176851
2015-12-31,1.5756117105484009,1.5939091489178472,1.5735786618406846,10068475
2016-01-04,1.5146205425262451,1.573578562088155,1.5044547806662458,8325710
2016-01-05,1.5227527618408203,1.5695127541643217,1.5003888359766522,6412175
2016-01-06,1.5390170812606812,1.5654465845129095,1.5166536753920974,9446957
2016-01-07,1.5125876665115356,1.5349510736886258,1.5064880011133277,13529647
2016-01-08,1.524786114692688,1.5410505082195325,1.5085213319413655,4967589
2016-01-11,1.5085210800170898,1.5227528112008455,1.500388884611751,8058848
2016-01-12,1.494289755821228,1.5146207635421454,1.4841246411851872,10035552
2016-01-13,1.4800585508346558,1.498355861064196,1.4739594041776511,5338037
2016-01-14,1.484124779701233,1.5044551406122564,1.4637944187902092,8558578
2016-01-15,1.4475300312042236,1.5003890475980233,1.447530031204224,11761722
2016-01-18,1.4414308071136477,1.4556621498599494,1.4231334961813091,6958211
2016-01-19,1.4719263315200806,1.4780254780785826,1.439397809357678,3543345
2016-01-20,1.4556620121002195,1.4820915163863742,1.4454967682434423,9380577
2016-01-21,1.4373645782470703,1.4495627400758768,1.429232383866896,10476396
2016-01-22,1.494289755821228,1.5044550001987416,1.4393978254070732,7830263
2016-01-26,1.5003888607025146,1.5085210559782638,1.4698932581599238,8155743
2016-01-27,1.469893455505371,1.5125878756595432,1.457695290695511,8073035
2016-01-28,1.5471493005752563,1.5491823494698234,1.4637942958980046,19657563
2016-01-29,1.640669584274292,1.656933844745694,1.5369840966672563,52633318
2016-02-02,1.5390170812606812,1.6305042723926828,1.52885183780157,16823529
2016-02-03,1.5044549703598022,1.5390171897822684,1.496322775019083,6522185
2016-02-04,1.5817110538482666,1.5898432496928945,1.514620827354522,7738454
2016-02-05,1.600008249282837,1.6142395909838436,1.5634136301060424,5717853
2016-02-10,1.5613808631896973,1.5979754889734352,1.5593478140082129,1479115
2016-02-11,1.5735785961151123,1.5837438392291094,1.561380434119772,10781801
2016-02-12,1.5735785961151123,1.5776446933607111,1.5491821423829757,4349016
2016-02-15,1.5613808631896973,1.5898434219889892,1.5593478140082129,6120421
2016-02-16,1.5756117105484009,1.589843051502415,1.569512694166714,8037435
2016-02-17,1.5796778202056885,1.5898430638230463,1.5369840564957118,5102492
2016-02-18,1.6264379024505615,1.6264379024505615,1.581711083937225,27663414
2016-02-19,1.622372269630432,1.650835482755198,1.5898437357892448,14496987
2016-02-22,1.6101734638214111,1.6264377242970622,1.589843105791481,5154954
2016-02-23,1.6183059215545654,1.6366037527426602,1.6101737251262844,5910839
2016-02-24,1.5532488822937012,1.6020418099463123,1.5451168141792726,6604894
2016-02-25,1.5451165437698364,1.5857772664505132,1.536984347337106,4543072
2016-02-26,1.567479968070984,1.595942526095591,1.5430835082986765,14556677
2016-02-29,1.5186868906021118,1.5654467561581418,1.5044550292330434,16183810
2016-03-01,1.5654467344284058,1.569512832201441,1.5268189353260404,7450179
2016-03-02,1.606107473373413,1.6061074733734133,1.55528151003843,18396327
2016-03-03,1.606107473373413,1.610173571198848,1.597975277722544,15943447
2016-03-04,1.6040748357772827,1.622372150942058,1.5898436194805703,8360239
2016-03-07,1.606107473373413,1.632537498463163,1.6020413755479783,12808558
2016-03-08,1.606107473373413,1.6223717349336768,1.597975277722544,4206618
2016-03-09,1.595942139625549,1.6081403016870772,1.5817107991887334,4470803
2016-03-10,1.595942139625549,1.6061072530532463,1.5918760423578877,13329969
2016-03-11,1.595942139625549,1.6244045610162667,1.5939090909917184,8606758
2016-03-14,1.6040748357772827,1.6162731323814716,1.5817114217444443,7818753
2016-03-15,1.6081407070159912,1.6081407070159912,1.5857772961486525,4074659
2016-03-16,1.6040748357772827,1.6122070335134089,1.585777520612507,4202335
2016-03-17,1.6122066974639893,1.6264379107943383,1.5939093861131175,20612055
2016-03-18,1.600008249282837,1.6284713219092566,1.600008249282837,16161862
2016-03-21,1.6101734638214111,1.6244046755199226,1.600008219935713,11792236
2016-03-22,1.6264379024505615,1.6183058361927152,1.5979753461943982,6747024
2016-03-23,1.624405026435852,1.6284716438344973,1.5898434492411642,8070358
2016-03-24,1.6264379024505615,1.6264379024505615,1.6040744931938933,7106230
2016-03-25,1.606107473373413,1.6203388157624343,1.593909309638584,1273013
2016-03-28,1.606107473373413,1.6162727179369998,1.6020413755479783,6449648
2016-03-29,1.6040748357772827,1.6162731323814716,1.5918766689146018,13426061
2016-03-30,1.6162725687026978,1.624404633861239,1.597975130177688,13040891
2016-03-31,1.6162725687026978,1.62643768258624,1.6040742763526912,14704695
2016-04-01,1.602041482925415,1.6244048927227468,1.5898433183729996,7800017
2016-04-04,1.6101734638214111,1.6142395613756906,1.5939092033457605,7347931
2016-04-05,1.6101734638214111,1.6203387077071096,1.5878100570143414,5638356
2016-04-06,1.595942139625549,1.610173350320908,1.595942139625549,5644245
2016-04-07,1.606107473373413,1.6061074733734133,1.591876260725867,12006100
2016-04-08,1.595942139625549,1.610173350320908,1.595942139625549,11010655
2016-04-11,1.606107473373413,1.610173571198848,1.5857771139877148,4377120
2016-04-12,1.606107473373413,1.6183057668497172,1.597975277722544,3260423
2016-04-13,1.606107473373413,1.6183057668497172,1.6020413755479783,7051358
2016-04-14,1.624405026435852,1.624405026435852,1.6040746640140071,12706043
2016-04-15,1.620339035987854,1.630504671157509,1.6020415932865344,3396932
2016-04-18,1.606107473373413,1.6183057668497172,1.593909309638584,4739271
2016-04-19,1.647736668586731,1.647736668586731,1.6311347757858208,6110249
2016-04-20,1.639435648918152,1.6560374085433784,1.6228338892929253,5263090
2016-04-21,1.65396249294281,1.6581128339967626,1.6352853622481822,5381666
2016-04-22,1.6456613540649414,1.651887063570497,1.6352851715556824,2280235
2016-04-25,1.6498117446899414,1.6560373214509132,1.6352850899023263,3201537
2016-04-26,1.6041568517684937,1.6498119250879857,1.6000065109519352,4097143
2016-04-27,1.6249089241027832,1.6269841603525566,1.5792538590414822,3123379
2016-04-28,1.620758295059204,1.6415105231188325,1.5958555949009106,8023249
2016-04-29,1.597930908203125,1.631134421730294,1.5834042551554972,9408681
2016-05-03,1.579254150390625,1.6207587506093672,1.5771790461917363,7677426
2016-05-04,1.600006341934204,1.6186833371538325,1.546050460247526,4646123
2016-05-05,1.579254150390625,1.6000065167168638,1.5626523897633693,6846327
2016-05-06,1.579254150390625,1.5875550969211203,1.5481258657687376,7894234
2016-05-09,1.5605766773223877,1.5834041408875894,1.552275733322789,5006132
2016-05-10,1.5647273063659668,1.5792538273895231,1.5377488383584934,6604091
2016-05-11,1.581329584121704,1.6103827681659202,1.5439755849461063,6194296
2016-05-12,1.5751034021377563,1.5979308667582577,1.568877693850247,2598221
2016-05-13,1.5107711553573608,1.5771789901073368,1.4983197360043894,40503557
2016-05-16,1.5066205263137815,1.5211471807221628,1.473416877242628,18649537
2016-05-17,1.53567373752594,1.5418994466993026,1.4941692745709632,14368508
2016-05-18,1.5273728370666504,1.5460504948731917,1.5190720236907538,19242415
2016-05-19,1.54189932346344,1.5502007980993098,1.5149213849687928,14220222
2016-05-20,1.5460503101348877,1.5543511225189162,1.51907184217612,15783652
2016-05-23,1.558501362800598,1.558501362800598,1.533598134755415,12503421
2016-05-24,1.5460503101348877,1.5585015949277845,1.5335983631734509,13884303
2016-05-25,1.5543512105941772,1.556426446916202,1.5377489227168335,15542218
2016-05-26,1.552275776863098,1.5751033735022937,1.5439749650643622,6691349
2016-05-27,1.552275776863098,1.5564262489793157,1.5377487271552417,10060445
2016-05-30,1.5481256246566772,1.5605769100794658,1.535673677065315,12069268
2016-05-31,1.53774893283844,1.5626521661677977,1.5356736965027558,170444062
2016-06-01,1.5605766773223877,1.5626519133222876,1.5294477400228077,15468878
2016-06-02,1.577179193496704,1.5937809556745266,1.5418997701458736,5881664
2016-06-03,1.5605766773223877,1.5896298488872884,1.5564262053225884,8781275
2016-06-06,1.5751034021377563,1.5875546862790748,1.5564262772752273,8529135
2016-06-07,1.589630365371704,1.5958560753941893,1.5792541820008954,8183312
2016-06-08,1.589630365371704,1.5937808387200274,1.5792541820008954,8722389
2016-06-09,1.558501362800598,1.593780240587744,1.5564261269052548,6307786
2016-06-10,1.5605766773223877,1.573028093321786,1.5502006297565845,1821458
2016-06-13,1.5605766773223877,1.566802385322087,1.5377486840224066,3653623
2016-06-14,1.5564265251159668,1.5647274708211312,1.5522760522633847,8012007
2016-06-15,1.5543512105941772,1.56887786484835,1.546050397739794,6412443
2016-06-16,1.5543512105941772,1.5647273922043006,1.5439751614177697,8896906
2016-06-17,1.558501362800598,1.5605765986959412,1.543974843966884,5643174
2016-06-20,1.5543512105941772,1.5771788101364486,1.5481256340618188,6888351
2016-06-21,1.5605766773223877,1.5688776213219866,1.5502006297565845,2884622
2016-06-23,1.5460503101348877,1.583404296947286,1.5460503101348877,5815283
2016-06-24,1.5543512105941772,1.5543512105941772,1.5149214556082775,17847346
2016-06-27,1.5460503101348877,1.552275886314482,1.535673599377885,7242203
2016-06-28,1.5481256246566772,1.5564264374606314,1.5439751520378426,7730691
2016-06-29,1.5481256246566772,1.587554849668175,1.5460503883472598,8729884
2016-06-30,1.5751034021377563,1.5854794501832383,1.5502007014214183,14299986
2016-07-01,1.577179193496704,1.577179193496704,1.5585020620586871,2071992
2016-07-04,1.5751034021377563,1.5813289779915651,1.562651985562737,5806718
2016-07-05,1.5647273063659668,1.5792538273895231,1.5626520701577862,1957967
2016-07-08,1.53774893283844,1.575103584181902,1.5377489328384395,7998624
2016-07-11,1.5460503101348877,1.5585015949277845,1.537748835582319,10211140
2016-07-12,1.5709530115127563,1.5834042963005674,1.541899307361421,7729085
2016-07-13,1.5854800939559937,1.5896305678329368,1.556426909251147,20312271
2016-07-14,1.5730282068252563,1.5875547274390354,1.570952970675616,12810164
2016-07-15,1.5854800939559937,1.597931515586823,1.579254383140579,12491108
2016-07-18,1.587555170059204,1.5979313537003506,1.5771791188517992,8835611
2016-07-19,1.5854800939559937,1.5896305678329368,1.579254383140579,20863928
2016-07-20,1.587555170059204,1.587555170059204,1.5668029352106527,2359999
2016-07-21,1.577179193496704,1.5875552451951878,1.5605772988851336,2891581
2016-07-22,1.587555170059204,1.587555170059204,1.5730286453953406,4552441
2016-07-25,1.593780755996704,1.5958559925631532,1.5771789958988434,8512005
2016-07-26,1.591705560684204,1.5937807973044391,1.5834046142032634,6756124
2016-07-27,1.587555170059204,1.5958561169721213,1.5854799333309748,6919935
2016-07-28,1.577179193496704,1.5854800083687417,1.5668030093644725,6112391
2016-07-29,1.5398240089416504,1.577178656398027,1.5398240089416502,8594713
2016-08-01,1.577179193496704,1.5854800083687417,1.543975536707311,7701784
2016-08-02,1.577179193496704,1.577179193496704,1.5585020620586871,3535047
2016-08-03,1.558501362800598,1.5771784858586868,1.558501362800598,4008278
2016-08-04,1.5730282068252563,1.5771786791245377,1.5564263176281323,7493540
2016-08-05,1.577179193496704,1.581329534715849,1.5647277725380262,17689692
2016-08-08,1.597930908203125,1.6000061443527862,1.5771786791402185,31331223
2016-08-09,1.6249089241027832,1.62905939660233,1.5875548040405754,48509141
2016-08-10,1.647736668586731,1.6601879557536805,1.614533015418644,36733500
2016-08-11,1.65188729763031,1.6560376387883582,1.635285403263134,30016722
2016-08-12,1.658112406730652,1.668489117510965,1.649811594327976,29401628
2016-08-15,1.6664139032363892,1.6830157931276832,1.6415106710983178,30046700
2016-08-16,1.7141444683074951,1.7182949417403703,1.670564762129788,37033284
2016-08-17,1.7037681341171265,1.716219419913516,1.691316715887018,28233272
2016-08-18,1.7037681341171265,1.7079186068604957,1.6996176613737568,36234038
2016-08-19,1.6892414093017578,1.697542354443467,1.6871661730163303,12172052
2016-08-22,1.6892414093017578,1.701692827014321,1.6850910691646164,11496734
2016-08-23,1.6186829805374146,1.693391607125273,1.5979307534838378,37184783
2016-08-24,1.620758295059204,1.6373600510201671,1.610382114812541,7072504
2016-08-25,1.639435648918152,1.6477365949476288,1.6269843623076636,22745610
2016-08-26,1.6352850198745728,1.6435859651120246,1.631134547255847,5928505
2016-08-29,1.633210062980652,1.6788656668987056,1.633210062980652,10324095
2016-08-30,1.637360692024231,1.6560376913463135,1.6352854551624718,16430597
2016-09-01,1.6228338479995728,1.639435607202364,1.618683375090444,7540382
2016-09-02,1.639435648918152,1.6581126450507475,1.620758652785556,16632149
2016-09-05,1.6228338479995728,1.629059557363266,1.6228338479995728,4980704
2016-09-06,1.6352850198745728,1.6352850198745728,1.6228337344521098,14280982
2016-09-07,1.639435648918152,1.6435861219328902,1.629059598815033,12592018
2016-09-08,1.6311345100402832,1.6415106913503577,1.6311345100402834,5520316
2016-09-09,1.6311345100402832,1.6394354550883428,1.62905940621198,15797035
2016-09-13,1.616607904434204,1.633209661231861,1.6083069598185231,10698290
2016-09-14,1.589630365371704,1.6083073630054214,1.5875551286975422,8794391
2016-09-15,1.591705560684204,1.6103825578325857,1.568878090295352,21009537
2016-09-19,1.587555170059204,1.6103826416359848,1.587555170059204,4138899
2016-09-20,1.6062318086624146,1.6103822811898876,1.5875548147224972,3799232
2016-09-21,1.608307123184204,1.6228337777372073,1.602081546523778,5768709
2016-09-22,1.637360692024231,1.6456616394712678,1.6103827452551118,13386179
2016-09-23,1.639435648918152,1.6456613584402595,1.629059598815033,8798674
2016-09-26,1.6145328283309937,1.6394355322129683,1.593780597168301,2966260
2016-09-27,1.591705560684204,1.6228339775539964,1.591705560684204,4740074
2016-09-28,1.587555170059204,1.6186835885489017,1.587555170059204,8454189
2016-09-29,1.612457513809204,1.6186832225863428,1.595855756170546,5521655
2016-09-30,1.587555170059204,1.604156931451297,1.587555170059204,8456598
2016-10-04,1.579254150390625,1.6124578040788715,1.5751038095591126,8162435
2016-10-05,1.620758295059204,1.6311343428721692,1.5792537065062495,17440764
2016-10-06,1.616607904434204,1.6477363143093022,1.616607904434204,14452555
2016-10-07,1.639435648918152,1.639435648918152,1.5896302376087448,7926622
2016-10-10,1.612457513809204,1.6394354527430932,1.612457513809204,2106253
2016-10-11,1.6249089241027832,1.6435859179170318,1.6124575066041436,33723878
2016-10-12,1.6352850198745728,1.6373602561839358,1.614532789214658,8441341
2016-10-13,1.6290594339370728,1.6373602466926929,1.616608016153072,15778031
2016-10-14,1.6311345100402832,1.6352849825643132,1.6249089336879503,32663926
2016-10-17,1.608307123184204,1.6311345907623482,1.6000063101590631,35709682
2016-10-18,1.639435648918152,1.639435648918152,1.6062319972339714,52818542
2016-10-19,1.6498117446899414,1.6498117446899414,1.6269842767431235,31204083
2016-10-20,1.65188729763031,1.653962534426207,1.643586350446722,15699337
2016-10-21,1.65603768825531,1.6643391654218518,1.645661636399631,41671378
2016-10-24,1.6643387079238892,1.6747148893610848,1.6498116566106755,12203636
2016-10-25,1.6705642938613892,1.6788652384003386,1.660187583452888,32025278
2016-10-26,1.6809407472610474,1.6809407472610474,1.664338855489557,20535771
2016-10-27,1.6809407472610474,1.68509122020392,1.6539622758312005,21232502
2016-10-28,1.6892414093017578,1.693391881872612,1.6643387063103443,18522129
2016-10-31,1.699617862701416,1.7203700964427433,1.6705646824900635,27568661
2016-11-01,1.6726398468017578,1.7141443124902342,1.6726398468017578,19273732
2016-11-02,1.6830155849456787,1.699617340349695,1.6767898770065377,29409123
2016-11-03,1.6933921575546265,1.699617867424445,1.670564687132358,18192366
2016-11-04,1.705843210220337,1.7099936825737585,1.6830157447102243,27093823
2016-11-07,1.7099937200546265,1.7286707136206934,1.6954670664992453,34770982
2016-11-08,1.7245206832885742,1.7286711567970183,1.7099941584427631,30165276
2016-11-09,1.7016929388046265,1.71829469774496,1.6581125766465654,39418177
2016-11-10,1.7099937200546265,1.726595477398496,1.7016927751658373,29905373
2016-11-11,1.7016929388046265,1.720369934166717,1.689241520274085,30011636
2016-11-14,1.7489466667175293,1.8046459257319956,1.7489466667175293,25201969
2016-11-15,1.802417755126953,1.8113294478454969,1.7534022366459807,29587655
2016-11-16,1.7868220806121826,1.8046457507736933,1.7823655943522718,23922532
2016-11-17,1.7935060262680054,1.802417861693334,1.780137704410458,11217559
2016-11-18,1.79127836227417,1.7935063214972466,1.762314465834437,12468089
2016-11-21,1.7935060262680054,1.802417861693334,1.780137704410458,15889914
2016-11-22,1.7712262868881226,1.7957342646625476,1.7712262868881226,14657854
2016-11-23,1.7957338094711304,1.7957338094711304,1.775681755185906,13190784
2016-11-24,1.79127836227417,1.7957342807203234,1.7823659566622148,12683024
2016-11-25,1.8046460151672363,1.804646015167236,1.7845943832978288,18152752
2016-11-28,1.8180136680603027,1.8269255046452029,1.7957342187779592,13817119
2016-11-29,1.815785765647888,1.826925561727074,1.811329847216214,16650082
2016-11-30,1.7734543085098269,1.8224696970641805,1.7734543085098269,36529272
2016-12-01,1.8046460151672363,1.8135577093737356,1.773454161275113,17616619
2016-12-02,1.81132972240448,1.8269254358407,1.8046459873974303,18427108
2016-12-05,1.809101700782776,1.842520798575629,1.8068737419726009,13496189
2016-12-06,1.806873798370361,1.8358371216267797,1.8024178806109288,19769179
2016-12-07,1.806873798370361,1.8269252861079155,1.806873798370361,27720694
2016-12-08,1.813557744026184,1.818013662304527,1.811329784887013,33713707
2016-12-09,1.813557744026184,1.818013662304527,1.811329784887013,13859142
2016-12-13,1.815785765647888,1.8180137248637251,1.8046461117486143,29618972
2016-12-14,1.815785765647888,1.8202416840795623,1.8091020301802885,34620822
2016-12-15,1.815785765647888,1.8202416840795623,1.8046461117486143,10850056
2016-12-16,1.802417755126953,1.8180133240193148,1.802417755126953,25475523
2016-12-19,1.815785765647888,1.8157857656478884,1.8024181525327767,8541715
2016-12-20,1.81132972240448,1.813557681466797,1.8091019055220647,12705507
2016-12-21,1.7957338094711304,1.8157852950368556,1.7957338094711304,16691303
2016-12-22,1.7957338094711304,1.8068736026631305,1.7912778921943304,15031246
2016-12-23,1.789050579071045,1.8024183357247232,1.789050579071045,10160552
2016-12-27,1.797962307929993,1.8024182265446385,1.7935063893153471,28356398
2016-12-28,1.8001900911331177,1.8157856625788176,1.795734172954374,32783840
2016-12-29,1.813557744026184,1.818013662304527,1.7957342130927196,29239959
2016-12-30,1.8046460151672363,1.815785668470336,1.8024180560706355,23860166
2017-01-03,1.824697971343994,1.8246979713439944,1.804646476528291,13303470
2017-01-04,1.8915358781814573,1.8959916539233537,1.818013516831688,37156678
2017-01-05,1.900447964668274,1.9049038835111052,1.8893083097411207,23807972
2017-01-06,1.904903769493103,1.9160441346530737,1.89821989162892,36076651
2017-01-09,1.882623672485352,1.904903115537486,1.882623672485352,7186797
2017-01-10,1.882623672485352,1.8937634651013528,1.873711838392551,17151150
2017-01-11,1.8937638998031616,1.8937638998031616,1.8826241046300891,14147953
2017-01-12,1.8937638998031616,1.913815957654392,1.8915359407685477,31444713
2017-01-13,1.898219347000122,1.907131181595422,1.8915356132335224,31673834
2017-01-16,1.882623672485352,1.895991281444685,1.882623672485352,23383723
2017-01-17,1.8915358781814573,1.8982196128842492,1.8826240423378744,18298361
2017-01-18,1.898219347000122,1.9115876676125736,1.8915356132335224,23245876
2017-01-19,1.9026753902435305,1.904903349039833,1.8915357384419025,17113945
2017-01-20,1.898219347000122,1.907131181595422,1.895991388351297,22704925
2017-01-23,1.9383236169815063,1.9628310273701512,1.9049038005755277,29446864
2017-01-24,1.933867335319519,1.951691006569093,1.9294114175071255,20433523
2017-01-25,1.9383236169815063,1.945007494954751,1.9338676983326764,37400520
2017-01-26,1.96505868434906,1.96505868434906,1.9294114828230475,23122215
2017-01-27,2.056405067443848,2.065316903035193,2.04303745623672,46902617
2017-01-31,1.98511004447937,2.060860929309789,1.98511004447937,34322109
2017-02-02,2.014073371887207,2.018529289572353,1.9851100491136444,31219607
2017-02-03,2.014073371887207,2.0229852072574994,2.0073896375393754,31527689
2017-02-06,2.005162000656128,2.018529613678053,1.9984781230552104,27097571
2017-02-07,1.9917943477630613,2.005162103651533,1.9873384291335707,19979028
2017-02-08,2.00070595741272,2.00070595741272,1.991794121167589,22326180
2017-02-10,2.0029337406158447,2.016301351629959,1.99847782288451,31224157
2017-02-13,2.02075743675232,2.02075743675232,2.0051618655806664,21775058
2017-02-14,2.0519495010375977,2.056405419596332,2.02298560386608,53697553
2017-02-15,2.0274417400360107,2.056405640316308,2.0207578614805097,42508098
2017-02-16,2.036353349685669,2.049721531836912,2.02966947187992,31724155
2017-02-17,2.0385818481445312,2.043037766617152,2.0341253609522587,33761351
2017-02-20,2.0497212409973145,2.056405117854673,2.029669183885555,26064920
2017-02-21,2.043037176132202,2.072000353473384,2.038581258947445,26024503
2017-02-22,2.0341250896453857,2.049721228759121,2.022985294949634,30523144
2017-02-23,2.040809154510498,2.065316556089896,2.016301042031763,31825600
2017-02-24,2.0497212409973145,2.0519491999497674,2.036353060742913,19392307
2017-02-27,2.02075743675232,2.060861126196018,2.02075743675232,25029593
2017-02-28,1.99625027179718,2.0474936205348944,1.99625027179718,38905599
2017-03-01,2.014073371887207,2.018529289572353,1.994021884483937,31312219
2017-03-02,2.03189754486084,2.038581991760335,2.020757747894502,25639601
2017-03-03,2.0274417400360107,2.043038025385237,2.0051622870309385,14812564
2017-03-06,2.036353349685669,2.043037796211078,2.020757634805588,15167220
2017-03-07,2.029669523239136,2.040809888583609,2.027441563914176,19295948
2017-03-08,2.0274417400360107,2.0385821063482363,2.0274417400360107,20494283
2017-03-09,2.0274417400360107,2.034125618591512,2.0207578614805097,17595206
2017-03-10,2.036353349685669,2.036353349685669,2.00293410283684,27407794
2017-03-13,2.0341250896453857,2.043037494121564,2.025213253888784,16234667
2017-03-14,2.0341250896453857,2.043037494121564,2.018529377071333,27924655
2017-03-15,2.0341250896453857,2.0363530485845365,2.0140734591930323,7794931
2017-03-16,2.072000503540039,2.078684379801262,2.031896961612937,29996112
2017-03-17,2.0809123516082764,2.1009638383378437,2.0697726999495765,57545233
2017-03-20,2.072000503540039,2.083140297308744,2.043037324101171,10606749
2017-03-21,2.072000503540039,2.080912338555003,2.049721058182512,12809094
2017-03-22,2.063089370727539,2.0697732488030907,2.0363534318855696,16130545
2017-03-23,2.1165597438812256,2.1276993965618574,2.067544930854696,64143971
2017-03-24,2.094280242919922,2.123243566638612,2.087596366174095,34255728
2017-03-27,2.105419874191284,2.105419874191284,2.065316898478489,27015398
2017-03-28,2.0920519828796387,2.103191633672709,2.0898240242850505,18387494
2017-03-29,2.094280242919922,2.094280242919922,2.076456571597717,25368992
2017-03-30,2.072000503540039,2.0942800910774486,2.0653167694586982,32578808
2017-03-31,2.067544937133789,2.072000712911636,2.060861060197173,22485173
2017-04-03,2.069772958755493,2.0720007756218948,2.0630890816165866,9347921
2017-04-04,2.074228525161743,2.07868444280428,2.063088873235288,22723930
2017-04-05,2.0764565467834477,2.078684505672098,2.0675448534087346,19701192
2017-04-06,2.0764565467834477,2.078684505672098,2.0630889356314333,21704930
2017-04-07,2.0764565467834477,2.078684505672098,2.0742285878947966,40523900
2017-04-10,2.0809123516082764,2.083140310375993,2.065316782414143,9384324
2017-04-11,2.0764565467834477,2.0764565467834477,2.065316894520084,33766704
2017-04-12,2.072000503540039,2.0764564210475207,2.0653167694586982,14806408
2017-04-13,2.067544937133789,2.074228671890508,2.0630890191760454,16882147
2017-04-14,2.065317153930664,2.0697730722676435,2.0586332764251947,12042234
2017-04-17,2.067544937133789,2.069772896112661,2.05640514223943,7796269
2017-04-18,2.067544937133789,2.072000712911636,2.0630890191760454,41155321
2017-04-19,2.097154140472412,2.106222919513532,2.0926197509518527,12149568
2017-04-20,2.099421977996826,2.103956368905646,2.0971547825424164,10593365
2017-04-21,2.1016886234283447,2.103955818289418,2.092619843984052,13031255
2017-04-25,2.1152915954589844,2.1152915954589844,2.1039557661184904,27933755
2017-04-26,2.1152915954589844,2.1198259850686934,2.108490011044421,14095490
2017-04-27,2.1152915954589844,2.1198259850686934,2.101688571313636,17229309
2017-04-28,2.1152915954589844,2.1198259850686934,2.1107572058492754,23915037
2017-05-02,2.1152915954589844,2.117558790263838,2.1039557661184904,25492386
2017-05-03,2.108490228652954,2.117559008808324,2.108490228652954,24117392
2017-05-04,2.108490228652954,2.113024618730639,2.1062231782979053,18481444
2017-05-05,2.1130239963531494,2.117558385095259,2.1107568019820944,26372467
2017-05-08,2.1130239963531494,2.115291190724204,2.1016881691816254,10594704
2017-05-09,2.110757112503052,2.115291501912232,2.1084899177984617,18574591
2017-05-11,2.1152915954589844,2.1198259850686934,2.1107572058492754,58754542
2017-05-12,2.1152915954589844,2.117558790263838,2.101688571313636,28251206
2017-05-15,2.1152915954589844,2.1152915954589844,2.108490011044421,22256587
2017-05-16,2.1152915954589844,2.1152915954589844,2.1039557661184904,17499650
2017-05-17,2.1130239963531494,2.119825579466314,2.106222557923735,40555217
2017-05-18,2.1130239963531494,2.115291190724204,2.097153780439516,12685968
2017-05-19,2.110757112503052,2.115291501912232,2.1084899177984617,72616897
2017-05-22,2.110757112503052,2.115291501912232,2.1084899177984617,18287119
2017-05-23,2.1130239963531494,2.147031767235222,2.1016881691816254,11416702
2017-05-24,2.1130239963531494,2.119825579466314,2.1107568019820944,23963752
2017-05-25,2.108490228652954,2.1198262038471656,2.101688788220221,29114960
2017-05-26,2.1152915954589844,2.1379633988237505,2.108490011044421,19734918
2017-05-29,2.1152915954589844,2.122093179873548,2.108490011044421,21453861
2017-05-31,2.1130239963531494,2.117558385095259,2.106222557923735,30134762
2017-06-01,2.1130239963531494,2.119825579466314,2.1084896076110398,26460529
2017-06-02,2.1765058040618896,2.187841779326993,2.1107574368918787,43604720
2017-06-05,2.171970844268799,2.178772427643871,2.1288944389275213,35213164
2017-06-06,2.16970443725586,2.1765060230994138,2.1651700466934893,26043239
2017-06-07,2.16970443725586,2.1765060230994138,2.1538342149713734,27654046
2017-06-08,2.1742382049560547,2.176505399587748,2.165169426429282,8018699
2017-06-09,2.1742382049560547,2.1901085673779064,2.165169426429282,9271369
2017-06-13,2.1787729263305664,2.1833073162851315,2.160635511196096,23210812
2017-06-14,2.181039810180664,2.1855741994883946,2.1742382262190683,25503360
2017-06-15,2.1787729263305664,2.1833073162851315,2.1742385363760017,17653022
2017-06-16,2.181039810180664,2.19237578344999,2.176505420872933,34963701
2017-06-19,2.1765058040618896,2.181040194167931,2.1719714139558484,28692852
2017-06-20,2.1787729263305664,2.185574511262414,2.1765057313532843,26424929
2017-06-21,2.1742382049560547,2.183306983482827,2.167436621060975,21337159
2017-06-22,2.1765058040618896,2.1787729991149103,2.174238609008869,21746418
2017-06-23,2.1787729263305664,2.185574511262414,2.1765057313532843,6688137
2017-06-28,2.1787729263305664,2.19917753644232,2.165169756466872,14705498
2017-06-29,2.16970443725586,2.178773218380599,2.1651700466934893,7704460
2017-06-30,2.153834104537964,2.1833074969983715,2.13796373838339,32895991
2017-07-03,2.1561012268066406,2.1765058379174262,2.14929964154178,23353209
2017-07-04,2.1561012268066406,2.1606356169832144,2.153834031718354,17067639
2017-07-05,2.1561012268066406,2.158368421894928,2.153834031718354,20565749
2017-07-06,2.160635709762573,2.1651699554500543,2.156101319391289,23552084
2017-07-07,2.16290283203125,2.165169882456661,2.158368441812832,25742652
2017-07-10,2.16290283203125,2.1787730531119154,2.158368441812832,20013289
2017-07-11,2.158367872238159,2.1629022612599917,2.158367872238159,14926857
2017-07-12,2.16290283203125,2.1674370775658702,2.153834051594414,10843364
2017-07-13,2.16290283203125,2.1765058580027064,2.158368441812832,18548896
2017-07-14,2.1651699542999268,2.1697043446688022,2.162902903799292,16998582
2017-07-17,2.160635709762573,2.1765059313782644,2.153834124205648,15793020
2017-07-18,2.1651699542999268,2.1651699542999268,2.153834123061541,29180002
2017-07-19,2.1651699542999268,2.17197153985324,2.153834123061541,18348415
2017-07-20,2.1674368381500244,2.1697040330087987,2.1651696432912506,28203561
2017-07-21,2.16290283203125,2.165169882456661,2.156101246703623,12962198
2017-07-24,2.1651699542999268,2.1674371494843645,2.158368513430416,22678427
2017-07-25,2.1651699542999268,2.17197153985324,2.160635708614854,12811235
2017-07-26,2.1651699542999268,2.1651699542999268,2.160635708614854,24914765
2017-07-27,2.16290283203125,2.1674370775658702,2.160635636922041,19556921
2017-07-28,2.153834104537964,2.1651699356788585,2.153834104537964,32095406
2017-07-31,2.1424977779388428,2.156100946701337,2.1424977779388428,18314957
2017-08-01,2.1266276836395264,2.1561010730009724,2.1266276836395264,18235460
2017-08-02,2.128894805908203,2.137963440621136,2.117558831662312,33928106
2017-08-03,2.131161689758301,2.135696078794957,2.1220929116849887,12546515
2017-08-04,2.131161689758301,2.133428884276629,2.126627300721645,7004517
2017-08-07,2.128894805908203,2.131162000757381,2.1266276110590248,6440548
2017-08-08,2.133429527282715,2.1379637730022125,2.128895136879414,19880260
2017-08-09,2.133429527282715,2.135696722484365,2.1243607464761127,12206045
2017-08-10,2.1356964111328125,2.140230656191287,2.126627631648298,6968382
2017-08-11,2.133429527282715,2.135696722484365,2.128895136879414,14095758
2017-08-14,2.131161689758301,2.135696078794957,2.1243601062033166,13285805
2017-08-15,2.1266276836395264,2.140230708515078,2.122093293786414,8867463
2017-08-16,2.108490228652954,2.12436059392485,2.103955983259063,22462421
2017-08-17,2.108490228652954,2.113024618730639,2.097154398142536,15748855
2017-08-18,2.103955745697021,2.103955745697021,2.085818187434233,8091503
2017-08-21,2.099421977996826,2.106223564360056,2.0948875870880066,14725038
2017-08-22,2.110757112503052,2.115291501912232,2.101688478368464,29827751
2017-08-23,2.108490228652954,2.1107574236917963,2.101688788220221,11911079
2017-08-24,2.0926198959350586,2.113024505507496,2.0903527010177005,17673097
2017-08-25,2.0699472427368164,2.097154012248021,2.056344075006864,21391762
2017-08-28,2.0608789920806885,2.113024771101905,2.0608789920806885,19496696
2017-08-29,2.0404741764068604,2.0608787865086806,2.017802226645072,13191051
2017-08-30,2.0404741764068604,2.0586115915325016,2.024603811573608,22667988
2017-09-05,2.0404741764068604,2.0994215351550887,2.031405396502145,19025339
2017-09-06,2.0563442707061768,2.067680244893299,2.031405272178288,8624691
2017-09-07,2.04727554321289,2.081283900687012,2.04727554321289,23858828
2017-09-08,2.0563442707061768,2.0608786603810256,2.047275491356479,13760909
2017-09-11,2.0722150802612305,2.0767500496465843,2.0540775176607986,20319230
2017-09-12,2.0699472427368164,2.085818039139728,2.0540768803852045,16393124
2017-09-13,2.0722150802612305,2.0790172449716384,2.0563447129858528,20832878
2017-09-14,2.0722150802612305,2.0767500496465843,2.0654134942860685,17190765
2017-09-15,2.085818290710449,2.085818290710449,2.0586115179178326,32128596
2017-09-18,2.0835516452789307,2.088086036264928,2.067680842776474,9189196
2017-09-19,2.081284046173096,2.0948872164930936,2.0631460516950497,15247251
2017-09-20,2.0699472427368164,2.0948868176263624,2.065412853493499,9921259
2017-09-21,2.0699472427368164,2.085818039139728,2.0676800481151574,19074589
2017-09-25,2.063145875930786,2.069947460511342,2.058611486210416,7123628
2017-09-26,2.0495426654815674,2.0835510217505924,2.040474030907296,10640474
2017-09-27,2.042741298675537,2.0563443233646472,2.040474103780055,18030161
2017-09-28,2.042741298675537,2.0790168510546065,2.0382069088845727,15889647
2017-09-29,2.045008659362793,2.0518100999168585,2.045008659362793,21070297
2017-10-02,2.0404741764068604,2.045008566359218,2.033672591478324,19682188
2017-10-03,2.0495426654815674,2.0540770551105925,2.040474030907296,21922809
2017-10-04,2.0518100261688232,2.0518100261688232,2.0450085858592213,17908909
2017-10-05,2.0495426654815674,2.067680223997668,2.0427412257218087,14444793
2017-10-06,2.067680835723877,2.0699480312091425,2.049543271841753,17786586
2017-10-09,2.067680835723877,2.07448300091496,2.0631464447533463,5345264
2017-10-10,2.0722150802612305,2.0722150802612305,2.0586119083109065,5000779
2017-10-11,2.0608789920806885,2.076749937232219,2.051810211271365,21938601
2017-10-12,2.0495426654815674,2.072214613626693,2.047275470667055,20453865
2017-10-13,2.0518100261688232,2.056344416164418,2.0223366358812465,14583443
2017-10-16,2.0586109161376958,2.0699468872994524,2.049542139208289,10876019
2017-10-17,2.0563442707061768,2.0608786603810256,2.0495426861939032,6110517
2017-10-19,2.0495426654815674,2.056344249925105,2.045008420536321,9099796
2017-10-20,2.0540771484375,2.06314592810759,2.0450085134511955,1788535
2017-10-23,2.065413236618042,2.072214821744681,2.047275676280339,13297046
2017-10-24,2.065413236618042,2.0903528161337643,2.0608788465336163,9404934
2017-10-25,2.0586109161376958,2.0654124988347498,2.056343721905344,9336144
2017-10-26,2.0586109161376958,2.067679693067101,2.042740701194977,7129784
2017-10-27,2.07901668548584,2.090352514376705,2.058611354316403,21861246
2017-10-30,2.1016886234283447,2.1198260376331484,2.0858182594008325,4993552
2017-10-31,2.085818290710449,2.101688654976187,2.0563443230227274,17483055
2017-11-01,2.0608789920806885,2.079017132434549,2.058611796878358,8374157
2017-11-02,2.0586109161376958,2.072214081531804,2.051809333440641,12423389
2017-11-03,2.0586109161376958,2.072214081531804,2.0586109161376958,8298141
2017-11-06,2.0586109161376958,2.0699468872994524,2.054076527672992,8291449
2017-11-07,2.0540771484375,2.0654131230251123,2.047275563684933,14066582
2017-11-08,2.0540771484375,2.069947512860157,2.047275563684933,16249120
2017-11-09,2.0540771484375,2.06314592810759,2.0518099535199776,10885923
2017-11-10,2.0563442707061768,2.058611465543601,2.051809881031328,12440519
2017-11-13,2.0540771484375,2.06314592810759,2.0518099535199776,37763741
2017-11-14,2.04727554321289,2.056344322792296,2.042741298106972,17768921
2017-11-15,2.0404741764068604,2.056344396556323,2.0359397864545024,42405047
2017-11-16,2.0404741764068604,2.045008566359218,2.0200694216212507,38560312
2017-11-17,2.033672571182251,2.063145960894642,2.0314053762286988,22658352
2017-11-20,2.038207054138184,2.054077274853773,2.029138273909964,41383103
2017-11-21,2.033672571182251,2.045008545950012,2.0314053762286988,19903279
2017-11-22,2.038207054138184,2.0404742491952383,2.031405468967019,56615099
2017-11-23,2.024603843688965,2.047275649126597,2.0223366486768226,34880993
2017-11-24,2.0268709659576416,2.0336725507499627,2.0132679410567853,98071810
2017-11-30,1.426092505455017,1.547462114249528,1.3714762466052033,124724000
2017-12-04,1.5045928955078125,1.5373014061993229,1.3868421010518934,46897500
2017-12-05,1.4718843698501587,1.5373013905680182,1.419550753275871,35185200
2017-12-06,1.4391758441925049,1.5045928642149684,1.4260924401880122,51080000
2017-12-07,1.406467318534851,1.4784260397590472,1.3737586529210126,38791600
2017-12-08,1.426092505455017,1.458801016963197,1.406467398550109,68108300
2017-12-11,1.386842131614685,1.471884417253229,1.367217024767287,27977300
2017-12-12,1.3737587928771973,1.399925759227409,1.3606753876853377,33208700
2017-12-13,1.3737587928771973,1.3933840566314792,1.3606753876853377,29059800
2017-12-14,1.3737587928771973,1.4130091644192686,1.3606753876853377,38746100
2017-12-15,1.386842131614685,1.3933839898636362,1.360675322484821,54628200
2017-12-18,1.3803001642227173,1.3933837222412204,1.354133360118621,15890300
2017-12-19,1.3410499095916748,1.380300114329043,1.3345082088021134,29257900
2017-12-20,1.347591757774353,1.3672168622895366,1.3345083547642305,28612000
2017-12-21,1.3672168254852295,1.3737585268141936,1.3475917214983366,39282300
2017-12-22,1.3737587928771973,1.3868421980690568,1.354133685089408,12806400
2017-12-26,1.4391758441925049,1.5111345662172149,1.3803003702058092,35098600
2017-12-27,1.4718843698501587,1.4849677739937306,1.432634157419443,15296900
2017-12-28,1.4588007926940918,1.4849675978778756,1.4588007926940918,16650800
2017-12-29,1.445717692375183,1.4718845030299657,1.445717692375183,18414100
2018-01-02,1.4522593021392822,1.4588010043845117,1.4326341954035942,7463700
2018-01-03,1.5765515565872192,1.6158017639794835,1.445717375979878,37804600
2018-01-04,1.7531774044036863,1.7728025053974126,1.5830930398249552,24084300
2018-01-05,1.8120527267456052,1.936345190333636,1.7662608239376512,26044700
2018-01-08,1.8251363039016724,1.903636872266866,1.7858860977023032,19817000
2018-01-09,1.7597192525863647,1.8643864666803664,1.7270107481819894,35932400
2018-01-10,1.7662609815597534,1.8513030943637308,1.753177579589911,25294000
2018-01-11,1.792427897453308,1.8120530016338432,1.7400942863052145,18219400
2018-01-12,1.7662609815597534,1.8251362904240456,1.753177579589911,17226600
2018-01-15,1.77934467792511,1.79896978412688,1.7662612737905965,6870400
2018-01-16,1.772802710533142,1.779344411621342,1.7400942050921435,14477400
2018-01-17,1.77934467792511,1.7858863799923663,1.7466361675888262,14189700
2018-01-18,1.805511474609375,1.805511474609375,1.7531778584071112,35101400
2018-01-19,1.8316779136657717,1.9036367774121596,1.798969410129435,16973000
2018-01-22,1.8316779136657717,1.864386417202108,1.8185945122512368,9522900
2018-01-23,1.8970952033996584,1.903636904543804,1.8513031394241828,27983900
2018-01-24,1.8905537128448489,1.9101788184633317,1.8774701531327185,13700000
2018-01-25,1.8905537128448489,1.903637116590504,1.8774701531327185,10150800
2018-01-26,1.9363455772399905,1.969054085781246,1.8970953669904835,20682300
2018-01-29,1.9559706449508667,1.9755957497002303,1.9298038386183816,12036800
2018-01-30,2.0017623901367188,2.0017623901367188,1.9232619776449835,17482000
2018-02-02,1.9363455772399905,2.0017625943225017,1.9167204721152369,28430300
2018-02-05,1.916720271110535,1.923261972132764,1.8513031049217905,13126200
2018-02-06,1.8578450679779053,1.864386769922788,1.7400944329700183,33909400
2018-02-07,1.8316779136657717,1.9428869816557632,1.8185945122512368,25036500
2018-02-08,1.805511474609375,1.857845090811639,1.805511474609375,18816800
2018-02-09,1.77934467792511,1.7924280820596237,1.753177869656083,24193700
2018-02-12,1.7531774044036863,1.8185944077161067,1.7531774044036863,16234900
2018-02-13,1.7531774044036863,1.7858859060598966,1.7400940037412025,23032500
2018-02-14,1.73355233669281,1.7597191385201605,1.7073853788990183,19839700
2018-02-15,1.7466360330581665,1.7531777346215636,1.720469226804578,13562900
2018-02-19,1.772802710533142,1.7858861127095416,1.733552504003944,17255800
2018-02-20,1.77934467792511,1.8185948903286504,1.7662612737905965,28126200
2018-02-21,1.7858864068984983,1.844761726390824,1.7728030025668706,16987200
2018-02-22,1.7989697456359863,1.8120531494905665,1.7793446398541166,11759000
2018-02-23,1.8316779136657717,1.8316779136657717,1.7858860087149002,14068000
2018-02-26,1.7858864068984983,1.844761726390824,1.753177896069429,19149500
2018-02-27,1.7989697456359863,1.8185948514178565,1.7728029379268266,16791800
2018-02-28,1.805511474609375,1.812053176634658,1.7728029644829602,28569100
2018-03-01,1.7989697456359863,1.8055114475632763,1.7728029379268266,10122000
2018-03-02,1.7597192525863647,1.7924277569907403,1.7597192525863647,13788300
2018-03-05,1.73355233669281,1.7728025394338354,1.713927079355856,8808300
2018-03-06,1.7139275074005127,1.7466361738199647,1.7139275074005127,5198400
2018-03-07,1.7008440494537354,1.7139274532213429,1.57001001177766,23216600
2018-03-08,1.6943022012710571,1.7139273052278885,1.6615936946763383,19873600
2018-03-09,1.6943022012710571,1.7204691625132944,1.6812187986331697,5829300
2018-03-12,1.727010726928711,1.727010726928711,1.681218665359669,11111800
2018-03-13,1.73355233669281,1.7400940371496476,1.713927079355856,6894600
2018-03-14,1.73355233669281,1.7400940371496476,1.720468935779135,10156700
2018-03-15,1.7139275074005127,1.7270110675481818,1.7073858053099182,9519700
2018-03-16,1.7662609815597534,1.7662609815597536,1.7073855167290075,26733300
2018-03-19,1.740094542503357,1.7662613519300034,1.7270111377900337,8335400
2018-03-20,1.7008440494537354,1.7400944167230334,1.7008440494537354,8167500
2018-03-21,1.7139275074005127,1.7400944717293705,1.700844103219324,10520000
2018-03-22,1.7139275074005127,1.733552769638776,1.700844103219324,8616600
2018-03-23,1.6681355237960815,1.7073857347168189,1.6681355237960815,16932600
2018-03-26,1.6681355237960815,1.700844032896696,1.6485104183357129,8407300
2018-03-27,1.6943022012710571,1.7466359677890697,1.674677097314226,13535500
2018-03-28,1.7139275074005127,1.7400944717293705,1.6877606990381353,6875000
2018-03-29,1.7139275074005127,1.733552769638776,1.6746772948569468,10067500
2018-03-30,1.727010726928711,1.7400941285294516,1.7073854685611505,7473000
2018-04-02,1.727010726928711,1.7400941285294516,1.7139271693615206,4171100
2018-04-03,1.7073856592178345,1.7270109197768666,1.6943022561561245,8731900
2018-04-04,1.6681355237960815,1.7270109961436615,1.609260207414975,21873900
2018-04-05,1.7008440494537354,1.707385751337539,1.6681355400347164,18819100
2018-04-06,1.7008440494537354,1.7139274532213429,1.6877606456861278,6178600
2018-04-09,1.7073856592178345,1.7204692182460115,1.6943022561561245,13480400
2018-04-10,1.792427897453308,1.8120530016338432,1.7073856233711922,26755000
2018-04-11,1.8382200002670288,1.857845106508692,1.772802979461486,23369200
2018-04-12,1.8316779136657717,1.844761315080306,1.7924277094221674,10341000
2018-04-13,1.8316779136657717,1.8513030157875732,1.8185945122512368,10529100
2018-04-16,1.8316779136657717,1.844761315080306,1.798969410129435,5090100
2018-04-17,1.8316779136657717,1.844855440181543,1.811911623892115,9424000
2018-04-18,1.8382668495178225,1.838266849517822,1.7921455023823076,10243200
2018-04-19,1.8514444828033447,1.8646220113074692,1.831678190047158,23587400
2018-04-20,1.8448554277420044,1.8777992438092976,1.8250891381016283,7582400
2018-04-23,1.8316779136657717,1.844855440181543,1.8185003871500005,6488500
2018-04-24,1.7657902240753174,1.8316778545268768,1.7657902240753174,9222800
2018-04-25,1.6933141946792605,1.752613237425958,1.6471928391673685,19522900
2018-04-26,1.6801366806030271,1.7460244890530503,1.660370385194586,14291300
2018-04-27,1.6933141946792605,1.7196692549717705,1.6801366645330054,6511800
2018-04-30,1.7592017650604248,1.7592017650604246,1.680136437765756,15276600
2018-05-02,1.7196691036224363,1.7460243186839552,1.6669589876764728,17066800
2018-05-03,1.7262578010559082,1.7855568362800702,1.7130802725813234,22114300
2018-05-04,1.7723790407180786,1.798734093695692,1.719668777674345,32423200
2018-05-07,1.7723790407180786,1.7855565672068854,1.7328464612516583,15484000
2018-05-08,1.7723790407180786,1.798734093695692,1.7328464612516583,18226500
2018-05-14,1.7789678573608398,1.8514442552247636,1.6208373776601317,18243800
2018-05-15,1.8448554277420044,1.8580329541689216,1.785556558820876,25724100
2018-05-16,1.8382668495178225,1.9305097008773733,1.825089321764818,12904900
2018-05-17,1.8382668495178225,1.8580331411473283,1.818500557888316,9738000
2018-05-18,1.8382668495178225,1.838266849517822,1.7987342662588095,17204300
2018-05-21,1.8382668495178225,1.8909769605298388,1.83167808564132,19342200
2018-05-22,1.8382668495178225,1.8646219050238304,1.83167808564132,19180200
2018-05-23,1.7723790407180786,1.8580329628953225,1.7592015142292718,9949200
2018-05-24,1.7657902240753174,1.798734039301097,1.7196687256707237,14101000
2018-05-25,1.8185007572174072,1.8185007572174072,1.7262578957469528,20573400
2018-05-28,1.6801366806030271,1.7723795495976389,1.653781620058439,24849000
2018-06-01,1.6142486333847046,1.6471924509867366,1.594482342823485,14253900
2018-06-04,1.6142486333847046,1.6274261604255174,1.594482342823485,8541800
2018-06-05,1.5944823026657104,1.627426119438037,1.5747160126023143,17194700
2018-06-06,1.6274265050888062,1.6537815647520182,1.5944826805097911,15806800
2018-06-07,1.6340149641036987,1.6933138372446934,1.6274262004213658,19234300
2018-06-08,1.6406036615371704,1.6867250054510836,1.6406036615371704,11430600
2018-06-11,1.660370111465454,1.6801364036152182,1.6471925833656111,14721300
2018-06-12,1.660370111465454,1.6801364036152182,1.6537813474155325,7378500
2018-06-13,1.6801366806030271,1.6999029760114686,1.647192854922292,9792600
2018-06-14,1.7130801677703855,1.7130801677703855,1.653781293262822,5807100
2018-06-18,1.6471924781799316,1.673547532696648,1.6142486600340362,14424800
2018-06-19,1.6142486333847046,1.653781214507143,1.6142486333847046,6477300
2018-06-20,1.6274265050888062,1.647192799836215,1.601071445425594,14413300
2018-06-21,1.6010713577270508,1.6208376513917626,1.5549498487541846,10918000
2018-06-22,1.5944823026657104,1.6340148827925025,1.5681272492478489,8125100
2018-06-25,1.6076600551605225,1.6274263479999718,1.5878937623210734,4210600
2018-06-26,1.5944823026657104,1.6142485927291064,1.5681272492478489,7725800
2018-06-27,1.6010713577270508,1.6076601222819549,1.5483610841992808,7808900
2018-06-28,1.6010713577270508,1.6208376513917626,1.5747162995074349,5729900
2018-06-29,1.6142486333847046,1.6340149239459238,1.594482342823485,11348300
2018-07-02,1.6010713577270508,1.6142488868368587,1.5813050640623387,6508300
2018-07-03,1.5483611822128296,1.601071459077238,1.4956510624369692,12424300
2018-07-04,1.5813047885894775,1.581304788589477,1.5417720510583577,9288600
2018-07-05,1.5681272745132446,1.5878935648951118,1.5549495905034878,6031000
2018-07-06,1.5483611822128296,1.5878939291332728,1.541772417240847,9579100
2018-07-09,1.5417722463607788,1.5681274604162154,1.5154171893938728,10901700
2018-07-10,1.5813047885894775,1.581304788589477,1.5417720510583577,3910800
2018-07-11,1.5747158527374268,1.5878933781085771,1.5549494075922077,7526000
2018-07-12,1.5615386962890625,1.5813051480926994,1.5483611664790022,22295500
2018-07-13,1.5747158527374268,1.5878933781085771,1.5615381702777829,10986500
2018-07-16,1.5615386962890625,1.5813051480926994,1.541772401573972,9307800
2018-07-17,1.5681272745132446,1.5878935648951118,1.5483608270428657,9238000
2018-07-18,1.5747158527374268,1.5813046154230022,1.5615381702777829,5976500
2018-07-19,1.5944823026657104,1.6471924095014332,1.5813047759567795,28394600
2018-07-20,1.6076600551605225,1.634015112279788,1.5813049980412568,17693700
2018-07-23,1.6010713577270508,1.6274264159466667,1.5944825931721467,3893100
2018-07-24,1.6208374500274658,1.634014977500167,1.6076599225547643,6535700
2018-07-25,1.6208374500274658,1.640603741236518,1.614248686291115,3794400
2018-07-26,1.6340149641036987,1.6603700188330297,1.620837436739033,13765400
2018-07-27,1.6471924781799316,1.6471924781799316,1.6274261872923943,9795600
2018-07-30,1.660370111465454,1.660370111465454,1.6340150552657684,10164900
2018-07-31,1.660370111465454,1.6669588755153757,1.6406038193156898,12931200
2018-08-01,1.6537812948226929,1.6603700586630814,1.6471925309823046,10076000
2018-08-02,1.660370111465454,1.660370111465454,1.6340150552657684,10200800
2018-08-03,1.6801366806030271,1.7064917411476157,1.660370385194586,9950800
2018-08-06,1.6933141946792605,1.7064917248255154,1.6669591343867505,10177400
2018-08-07,1.6999025344848633,1.7064912979096685,1.6669587173608371,12506800
2018-08-08,1.7196691036224363,1.7196691036224363,1.6999028101427,7284600
2018-08-09,1.7130801677703855,1.732846616361428,1.6999026401020385,12795100
2018-08-10,1.7328466176986694,1.7592016730557027,1.7064914052531153,21349100
2018-08-13,1.68672513961792,1.7394354082293395,1.6669588477968336,8951900
2018-08-14,1.706491470336914,1.7130802344274612,1.6801364139747266,6962900
2018-08-15,1.706491470336914,1.726257762608555,1.6867251780652734,4070800
2018-08-16,1.706491470336914,1.7130802344274612,1.6735476498841797,4983400
2018-08-17,1.706491470336914,1.7130802344274612,1.6999027062463672,5005100
2018-08-20,1.7130801677703855,1.7130801677703855,1.6867251124336908,8194900
2018-08-21,1.7130801677703855,1.7262576954387332,1.6999026401020385,5159700
2018-08-23,1.7130801677703855,1.732846616361428,1.6999026401020385,4789000
2018-08-24,1.6933141946792605,1.7196692549717705,1.6669591343867505,2741900
2018-08-27,1.68672513961792,1.7064914314390058,1.6735476117371957,2548200
2018-08-28,1.6801366806030271,1.7064917411476157,1.6735479154668802,8023700
2018-08-29,1.68672513961792,1.7064914314390058,1.6801363756775578,10705100
2018-08-30,1.6801366806030271,1.6999029760114686,1.6735479154668802,8707500
2018-09-03,1.6999025344848633,1.7526127989718163,1.647192427086421,11074700
2018-09-04,1.706491470336914,1.719668998518008,1.6867251780652734,5648700
2018-09-05,1.7262578010559082,1.765790543568193,1.6999027441067387,22540200
2018-09-06,1.7789678573608398,1.8119116745717143,1.7262575927349295,19408100
2018-09-07,1.7723790407180786,1.7855565672068854,1.7657902774736751,8011800
2018-09-12,1.6999025344848633,1.772379089246232,1.6999025344848633,8601800
2018-09-13,1.6933141946792605,1.739435707279703,1.686725429606133,14501200
2018-09-14,1.706491470336914,1.7394354478781755,1.6867251780652734,14364400
2018-09-18,1.6999025344848633,1.7196688247592788,1.6801362442104475,2391700
2018-09-19,1.68672513961792,1.7394354082293395,1.6867251396179197,6614200
2018-09-20,1.7130801677703855,1.7262576954387332,1.6933138762678646,10407600
2018-09-21,1.7262578010559082,1.7394354866190236,1.706491508344031,18189500
2018-09-24,1.706491470336914,1.719668998518008,1.6999027062463672,5065800
2018-09-25,1.7262578010559082,1.7328467223817312,1.706491508344031,4002100
2018-09-26,1.7262578010559082,1.7394354866190236,1.7196690368186158,2875900
2018-09-27,1.7802034616470337,1.780203461647034,1.7262577950229916,13124700
2018-09-28,1.7599738836288452,1.7802036107890995,1.7532306948321943,7382300
2018-10-01,1.7599738836288452,1.7802036107890995,1.7464875060355438,2435100
2018-10-02,1.7802034616470337,1.786946649878753,1.7599737361815877,7098100
2018-10-03,1.773460030555725,1.7869464051723245,1.7532303078605591,6215000
2018-10-04,1.7869468927383425,1.7869468927383425,1.7599739753753534,11155100
2018-10-05,1.773460030555725,1.8004327797889237,1.759973495168859,12563800
2018-10-08,1.7532308101654053,1.7667171886458843,1.7195148639642075,10913700
2018-10-09,1.7532308101654053,1.7667171886458843,1.7330012424446868,13110900
2018-10-10,1.773460030555725,1.773460030555725,1.7195143713190617,23338100
2018-10-11,1.7532308101654053,1.7599739994056447,1.6857989177630102,49990300
2018-10-12,1.7397441864013672,1.753230562980425,1.7127714332432515,21836900
2018-10-15,1.746487379074097,1.753230567380549,1.739744190767644,9717600
2018-10-16,1.746487379074097,1.753230567380549,1.7330010024611917,3528500
2018-10-17,1.746487379074097,1.753230567380549,1.7330010024611917,7134000
2018-10-18,1.733000874519348,1.739744062327973,1.7262576867107235,10587700
2018-10-19,1.685798406600952,1.7262575297745115,1.685798406600952,16540000
2018-10-22,1.6453394889831543,1.6992849932874268,1.6385963009451203,2198000
2018-10-23,1.5509344339370728,1.6385960244075988,1.52396168633699,11894300
2018-10-24,1.4835028648376465,1.5509347474696935,1.4632733000480322,14435900
2018-10-25,1.4228140115737915,1.4565301137045428,1.38909807021333,19199700
2018-10-26,1.416070818901062,1.436300544424762,1.3756116893942407,12426000
2018-10-29,1.4565300941467283,1.4767596586913694,1.416070804287159,14459000
2018-10-30,1.4835028648376465,1.4902460531008512,1.4565301117848275,10651900
2018-10-31,1.4835028648376465,1.5239619944168747,1.470016488311237,15703300
2018-11-01,1.5374480485916138,1.5374480485916135,1.4835025537965505,5806700
2018-11-02,1.618366837501526,1.638596402874008,1.5374484152413024,7595400
2018-11-05,1.6116236448287964,1.6318532101483678,1.5711643534193596,7982500
2018-11-07,1.685798406600952,1.6992847809921383,1.6048801602538332,14737100
2018-11-08,1.685798406600952,1.6992847809921383,1.652082470622986,10501300
2018-11-09,1.6520828008651731,1.6857987435827697,1.6183668581475774,5429900
2018-11-12,1.618366837501526,1.62511002595902,1.5779075459862668,8483100
2018-11-13,1.618366837501526,1.631853214416514,1.5711643575287728,6770400
2018-11-14,1.6048800945281982,1.6453392160448104,1.5913935599190696,3597700
2018-11-15,1.5913937091827393,1.618366620160644,1.5846505216308313,9085200
2018-11-16,1.618366837501526,1.645339591331502,1.6048804605865377,7790300
2018-11-19,1.6251099109649658,1.6588258508666698,1.6116235350042842,8990400
2018-11-21,1.618366837501526,1.638596402874008,1.6048804605865377,4607100
2018-11-22,1.6588258743286133,1.6790554385557568,1.625109933950041,6273100
2018-11-23,1.6655690670013428,1.6857986312843205,1.6385963146240394,2413300
2018-11-26,1.6588258743286133,1.6588258743286133,1.5981370208768977,7332400
2018-11-27,1.6385962963104248,1.6723122364052312,1.6251099202725023,9596300
2018-11-28,1.6385962963104248,1.6520826723483475,1.61162354423458,8667400
2018-11-29,1.618366837501526,1.645339591331502,1.6116236490440317,7382200
2018-11-30,1.544191598892212,1.6520827746465805,1.544191598892212,36857600
2018-12-03,1.6453394889831543,1.6453394889831543,1.5711642597944953,13667200
2018-12-04,1.6048800945281982,1.6655687768031169,1.6048800945281982,6590000
2018-12-05,1.6116236448287964,1.6116236448287964,1.5711643534193596,7961000
2018-12-06,1.5711647272109983,1.6116240282460006,1.5576783471227753,5719600
2018-12-07,1.5779072046279907,1.598136765624089,1.564420830630592,4376100
2018-12-10,1.544191598892212,1.5779075410747352,1.544191598892212,5104800
2018-12-11,1.523961901664734,1.5644210287815183,1.470016398842355,7808700
2018-12-12,1.5307049751281738,1.544191349825934,1.4969890383837738,7958800
2018-12-13,1.5779072046279907,1.5913935786253894,1.523961708638396,6381900
2018-12-14,1.5644210577011108,1.5779074336560124,1.5509346817462095,2998100
2018-12-17,1.557677984237671,1.5779075496572166,1.5374484188181252,4311200
2018-12-18,1.557677984237671,1.5846507381303985,1.5172188533985795,2666400
2018-12-19,1.5509344339370728,1.584650368437176,1.5509344339370728,1795300
2018-12-20,1.523961901664734,1.5509346530759236,1.4835027745479494,8741800
2018-12-21,1.584650635719299,1.5913938237566896,1.5037323792706148,9690100
2018-12-24,1.5913937091827393,1.625109807712552,1.5509345838712916,3233100
2018-12-26,1.5779072046279907,1.598136765624089,1.544191269634494,2608200
2018-12-27,1.6453394889831543,1.6790554291733246,1.5981370119466316,4648500
2018-12-28,1.5913937091827393,1.665568933024,1.5913937091827397,7732500
2018-12-31,1.618366837501526,1.6655691567039843,1.598137111358749,5746100
2019-01-02,1.5779072046279907,1.6116233003917473,1.5576776436318926,1726400
2019-01-03,1.5779072046279907,1.6116233003917473,1.5509344566331933,2329300
2019-01-04,1.544191598892212,1.5913939179477443,1.5374484104557071,4648000
2019-01-07,1.5913937091827393,1.6116234326087362,1.5644209589751077,8686100
2019-01-08,1.6116236448287964,1.6183668332686534,1.598137107178788,6695200
2019-01-09,1.618366837501526,1.631853214416514,1.6048804605865377,8534800
2019-01-10,1.5913937091827393,1.625109807712552,1.5779073340789234,7121500
2019-01-11,1.5913937091827393,1.6116234326087362,1.5779073340789234,6995700
2019-01-14,1.584650635719299,1.59813701179408,1.5711642596445186,2008500
2019-01-15,1.5913937091827393,1.6116234326087362,1.5711641465270154,8911900
2019-01-16,1.5711647272109983,1.604880838201889,1.5576783471227753,5471100
2019-01-17,1.5779072046279907,1.58465039162669,1.5711640176292914,4951000
2019-01-18,1.5509344339370728,1.5981367422372177,1.544191247037052,4925200
2019-01-22,1.5509344339370728,1.564420807737114,1.5307048732370103,4987800
2019-01-23,1.5374480485916138,1.5576776091397624,1.517218488043465,5049900
2019-01-24,1.544191598892212,1.5644211642017258,1.5374484104557071,5897100
2019-01-25,1.5509344339370728,1.584650368437176,1.5374480601370313,4848000
2019-01-28,1.5509344339370728,1.564420807737114,1.5374480601370313,2260500
2019-01-29,1.490246057510376,1.5509347520587915,1.470016492660904,8458600
2019-01-30,1.523961901664734,1.523961901664734,1.4835027745479494,3474200
2019-01-31,1.5104756355285645,1.5307052005544028,1.5104756355285645,9314500
2019-02-04,1.5104756355285645,1.5307052005544028,1.496989258844672,1476500
2019-02-07,1.496989130973816,1.5307050698035751,1.490245943207864,7643100
2019-02-08,1.490246057510376,1.510475622359848,1.4835028692272187,11009500
2019-02-11,1.490246057510376,1.5037324340766909,1.4835028692272187,7925900
2019-02-12,1.4835028648376465,1.4969892413640558,1.4767596765744415,6702600
2019-02-13,1.4565300941467283,1.490246035054463,1.4363005296020877,10189600
2019-02-14,1.4700164794921875,1.4835028559376884,1.4497869148239362,6075700
2019-02-15,1.490246057510376,1.510475622359848,1.4632733043777468,7052500
2019-02-18,1.5037323236465454,1.517218699222456,1.4902459480706347,1269200
2019-02-19,1.5307049751281738,1.544191349825934,1.5037322257326535,7773700
2019-02-20,1.544191598892212,1.5779075410747352,1.5307052220192026,12267300
2019-02-21,1.544191598892212,1.5576779757652213,1.5104756567096886,6840100
2019-02-22,1.5374480485916138,1.5576776091397624,1.510475301194082,6033600
2019-02-25,1.523961901664734,1.5374482773703286,1.5172187138119364,9910300
2019-02-26,1.5037323236465454,1.5307050747983668,1.4835027602826796,5946400
2019-02-27,1.4767597913742063,1.5037325465238227,1.4565302250119945,9061300
2019-02-28,1.4632734060287476,1.4969893497867206,1.4497870285255583,8928900
2019-03-01,1.4700164794921875,1.476759667714938,1.4497869148239362,4770300
2019-03-04,1.443043828010559,1.470016582797061,1.4363006393139337,8893900
2019-03-05,1.449787139892578,1.4632735184317387,1.443043950622998,6091700
2019-03-06,1.4632734060287476,1.490246161035126,1.4497870285255583,7227800
2019-03-07,1.4632734060287476,1.490246161035126,1.4565302172771528,4045000
2019-03-08,1.4700164794921875,1.4835028559376884,1.463273291269437,4896700
2019-03-11,1.449787139892578,1.470016707701319,1.4295574113135237,7889100
2019-03-12,1.4565300941467283,1.4700164705098224,1.4363005296020877,10300100
2019-03-13,1.4565300941467283,1.4632732823282757,1.4497869059651816,8087600
2019-03-14,1.449787139892578,1.4565303291621583,1.4295574113135237,14160900
2019-03-15,1.449787139892578,1.4835030862404794,1.4295574113135237,47096100
2019-03-18,1.4700164794921875,1.476759667714938,1.4430437266011855,3059500
2019-03-19,1.4632734060287476,1.4767597835319368,1.4565302172771528,3560900
2019-03-20,1.4700164794921875,1.4835028559376884,1.4565301030466866,9560700
2019-03-21,1.4767597913742063,1.5037325465238227,1.4632734137993983,9406600
2019-03-22,1.5037323236465454,1.5037323236465454,1.4767595724947242,6086000
2019-03-25,1.4835028648376465,1.4969892413640558,1.470016488311237,4703000
2019-03-26,1.517218828201294,1.523962016562488,1.4835028863953237,10495800
2019-03-27,1.523961901664734,1.5374482773703286,1.5172187138119364,6685000
2019-03-28,1.5037323236465454,1.5239618870104117,1.49698913585859,7016200
2019-03-29,1.5037323236465454,1.5239618870104117,1.49698913585859,10057100
2019-04-01,1.496989130973816,1.5172186942716717,1.4632731921440567,3377500
2019-04-02,1.490246057510376,1.510475622359848,1.4835028692272187,4287700
2019-04-03,1.4835028648376465,1.4902460531008512,1.4767596765744415,2800700
2019-04-04,1.4835028648376465,1.4902460531008512,1.470016488311237,2914000
2019-04-05,1.4835028648376465,1.4835028648376465,1.470016488311237,3314000
2019-04-08,1.4835028648376465,1.4902460531008512,1.4632733000480322,4499100
2019-04-09,1.4767597913742063,1.4969893577364186,1.4767597913742063,4250500
2019-04-10,1.4767597913742063,1.4969893577364186,1.4767597913742063,10147400
2019-04-11,1.4835028648376465,1.4902460531008512,1.470016488311237,5665200
2019-04-12,1.4767597913742063,1.4835029801616106,1.4700166025868024,3033400
2019-04-15,1.5037323236465454,1.5307050747983668,1.4767595724947242,10120500
2019-04-16,1.490246057510376,1.5239619989261626,1.4835028692272187,7807200
2019-04-17,1.5104756355285645,1.5104756355285645,1.4700165054768874,3487600
2019-04-18,1.5104756355285645,1.5239620122124566,1.4767596938188337,11679800
2019-04-19,1.517218828201294,1.523962016562488,1.5104756398401,7182500
2019-04-22,1.5988627672195437,1.6192739248441836,1.524022450707161,17838800
2019-04-23,1.5920590162277222,1.605666345768904,1.5784516866865406,17743200
2019-04-24,1.5988627672195437,1.6124700974945223,1.5852554369445648,13718500
2019-04-25,1.6056667566299438,1.6056667566299438,1.592059423606892,11317500
2019-04-26,1.5920590162277222,1.605666345768904,1.5852553514571317,7002800
2019-04-29,1.6056667566299438,1.6056667566299438,1.592059423606892,4912300
2019-04-30,1.5784518718719482,1.6056665341471603,1.5716482063031452,10180800
2019-05-02,1.5988627672195437,1.6056664323570329,1.5716481066695862,7126400
2019-05-03,1.5988627672195437,1.6056664323570329,1.5852554369445648,7960200
2019-05-06,1.544433355331421,1.5920590084942126,1.5308260258563378,9068000
2019-05-07,1.544433355331421,1.564844349544046,1.5308260258563378,3216700
2019-05-08,1.530826210975647,1.5444335420962338,1.5172188798550603,6987500
2019-05-09,1.5036112070083618,1.537629527078476,1.490003878980316,6920600
2019-05-10,1.4968081712722778,1.5172191718817645,1.490004504402449,6066400
2019-05-13,1.469593167304993,1.4968078285530555,1.4423783438447533,8002900
2019-05-14,1.476396918296814,1.4968079154173737,1.4151637647229496,7247100
2019-05-15,1.4968081712722778,1.5240228387515935,1.4695935037929622,2414000
2019-05-16,1.4968081712722778,1.5172191718817645,1.490004504402449,2888500
2019-05-17,1.4968081712722778,1.5172191718817645,1.4968081712722778,2553300
2019-05-21,1.476396918296814,1.5036115811242268,1.4627895868831076,6110700
2019-05-23,1.4627896547317505,1.4695933207541785,1.4083601643401336,10618600
2019-05-24,1.4968081712722778,1.5104155050119357,1.4491825031834755,7640400
2019-05-27,1.4968081712722778,1.5172191718817645,1.4695935037929622,2448200
2019-05-28,1.6056667566299438,1.6056667566299438,1.4968080924455305,42905900
2019-05-29,1.5580410957336426,1.5784520953295875,1.5376300961376976,4732100
2019-05-30,1.5648444890975952,1.5716481544418908,1.544433493064708,12279800
2019-05-31,1.5784518718719482,1.585255537440751,1.558040875165539,12465200
2019-06-03,1.5648444890975952,1.592059150474778,1.551237158409004,2943000
2019-06-04,1.571648359298706,1.5852556917609475,1.510415363218618,5882900
2019-06-07,1.530826210975647,1.5716482043374072,1.5240225454153538,2251400
2019-06-10,1.5580410957336426,1.5580410957336426,1.5240227630737344,5061700
2019-06-11,1.5648444890975952,1.5784518197861863,1.544433493064708,3950200
2019-06-12,1.5648444890975952,1.5648444890975952,1.544433493064708,2070500
2019-06-13,1.5580410957336426,1.5648447622656243,1.5444337626696794,3915900
2019-06-14,1.5580410957336426,1.5648447622656243,1.5444337626696794,2553600
2019-06-17,1.5512371063232422,1.5648444365549412,1.537629776091543,3301200
2019-06-18,1.5648444890975952,1.5648444890975952,1.5240224970318212,5612800
2019-06-19,1.5580410957336426,1.5716484287976058,1.5444337626696794,8242300
2019-06-20,1.5512371063232422,1.5784517667866402,1.537629776091543,6187600
2019-06-21,1.5648444890975952,1.5716481544418908,1.551237158409004,16396500
2019-06-24,1.5512371063232422,1.5784517667866402,1.5512371063232422,2219600
2019-06-25,1.5580410957336426,1.5580410957336426,1.5444337626696794,1114700
2019-06-26,1.5512371063232422,1.5648444365549412,1.5444334412073926,2685000
2019-06-27,1.5648444890975952,1.5784518197861863,1.544433493064708,6338500
2019-06-28,1.5376298427581787,1.5648445044015162,1.5376298427581787,3453900
2019-07-01,1.5512371063232422,1.5580407714390916,1.5444334412073926,4627800
2019-07-02,1.5376298427581787,1.5716481698123508,1.5376298427581787,9583200
2019-07-03,1.571648359298706,1.571648359298706,1.5376300281431017,8778400
2019-07-04,1.571648359298706,1.5784520255298269,1.5580410268364642,8055700
2019-07-05,1.5852553844451904,1.5920590493573608,1.5580407247965091,6900300
2019-07-08,1.571648359298706,1.5852556917609475,1.5580410268364642,5994000
2019-07-09,1.5852553844451904,1.5920590493573608,1.5580407247965091,5536800
2019-07-10,1.5920590162277222,1.598862680998313,1.5784516866865406,9628700
2019-07-11,1.571648359298706,1.5920593579920683,1.564844693067585,8624800
2019-07-12,1.5580410957336426,1.5784520953295875,1.551237429201661,4542800
2019-07-15,1.5648444890975952,1.5716481544418908,1.5376298277204126,4460300
2019-07-16,1.530826210975647,1.5580408732168205,1.5240225454153538,8728600
2019-07-17,1.4968081712722778,1.5376301724912511,1.48320083753262,6956200
2019-07-18,1.5172187089920044,1.5308260385801886,1.4832003850215445,1991400
2019-07-19,1.530826210975647,1.551237207656527,1.5036115487344737,3951900
2019-07-22,1.5240225791931152,1.530826244904202,1.496807916348768,2584900
2019-07-23,1.4832003116607666,1.5172186339486418,1.4832003116607666,6576800
2019-07-24,1.4832003116607666,1.4968076405759168,1.4832003116607666,8493200
2019-07-25,1.490004301071167,1.4968079670125436,1.4763969691884142,1198000
2019-07-26,1.490004301071167,1.5104152988952966,1.4763969691884142,3595500
2019-07-29,1.4832003116607666,1.510414969491067,1.4763966472031915,2909200
2019-07-31,1.490004301071167,1.4968079670125436,1.4559859713642849,9490700
2019-08-01,1.469593167304993,1.49000416324104,1.4559858366809613,3897100
2019-08-02,1.4559860229492188,1.4695933553140734,1.4491823567667914,6710500
2019-08-05,1.4559860229492188,1.462789689131646,1.4287711960073124,5826200
2019-08-06,1.469593167304993,1.4832004979290243,1.428771013220722,5246600
2019-08-07,1.4559860229492188,1.4763970214965003,1.442378528372167,5326300
2019-08-08,1.469593167304993,1.4832004979290243,1.4559858366809613,3122000
2019-08-09,1.490004301071167,1.5104152988952966,1.4695933032470376,3529000
2019-08-13,1.4627896547317505,1.4900043188214622,1.4627896547317505,3838700
2019-08-14,1.476396918296814,1.4900042497105204,1.4627895868831076,4352400
2019-08-15,1.476396918296814,1.476396918296814,1.4491822554694012,10643700
2019-08-16,1.469593167304993,1.4832004979290243,1.4559858366809613,7036500
2019-08-19,1.4559860229492188,1.4900043538613552,1.4559860229492188,3376800
2019-08-20,1.435574650764465,1.4627894736982894,1.428770985584053,5422500
2019-08-21,1.4219672679901123,1.4423782627790038,1.4151636030604815,4370000
2019-08-22,1.4287710189819336,1.4423783496608336,1.408360022963583,8172600
2019-08-23,1.4559860229492188,1.4559860229492188,1.4287711960073124,3014300
2019-08-26,1.4219672679901123,1.4287709329197429,1.3879489433419598,8496200
2019-08-27,1.435574650764465,1.435574650764465,1.4151636552232272,9163400
2019-08-28,1.4968081712722778,1.5172191718817645,1.4423786741014333,15092100
2019-08-29,1.5172187089920044,1.5240223737860965,1.4900040498156364,7721900
2019-08-30,1.5580410957336426,1.5648447622656243,1.5104154300097712,10211200
2019-09-03,1.544433355331421,1.564844349544046,1.5172186963812544,10269500
2019-09-04,1.5648444890975952,1.5648444890975952,1.5308261623761168,9458200
2019-09-05,1.544433355331421,1.5784516790191292,1.537629690593879,8206800
2019-09-06,1.5648444890975952,1.5716481544418908,1.544433493064708,8866000
2019-09-10,1.5920590162277222,1.6260775022928398,1.564844357145359,9800000
2019-09-11,1.5784518718719482,1.6056665341471603,1.564844540734342,7897500
2019-09-12,1.5784518718719482,1.5988628685783577,1.564844540734342,11025300
2019-09-13,1.5920590162277222,1.598862680998313,1.57164802191595,5971800
2019-09-17,1.5988627672195437,1.626077589981673,1.5784517718070756,11620300
2019-09-18,1.5920590162277222,1.605666345768904,1.5784516866865406,2449600
2019-09-19,1.571648359298706,1.6056666904543102,1.5580410268364642,7106500
2019-09-20,1.5648444890975952,1.6124701465076647,1.5580408237532994,16574600
2019-09-23,1.5648444890975952,1.5784518197861863,1.551237158409004,3530600
2019-09-24,1.571648359298706,1.5920593579920683,1.5580410268364642,6182900
2019-09-25,1.544433355331421,1.585255343756671,1.537629690593879,5565700
2019-09-26,1.5580410957336426,1.5648447622656243,1.5444337626696794,3007300
2019-09-27,1.571648359298706,1.5784520255298269,1.5580410268364642,3400400
2019-09-30,1.58574378490448,1.606887015206098,1.5575528111689891,4161000
2019-10-01,1.6209825277328491,1.6209825277328491,1.578696066460248,8079700
2019-10-02,1.606886863708496,1.6209823492473163,1.592791378169676,4423300
2019-10-03,1.6139349937438965,1.6209827382044228,1.5857440159017906,3320400
2019-10-04,1.6139349937438965,1.6209827382044228,1.5927917603623172,4414600
2019-10-07,1.58574378490448,1.6209825020738435,1.5716482980367346,1491400
2019-10-08,1.58574378490448,1.5998392717722254,1.5716482980367346,3368600
2019-10-09,1.6139349937438965,1.6139349937438965,1.571648526980738,12251300
2019-10-10,1.606886863708496,1.6139346064779063,1.5716481498614454,6109000
2019-10-11,1.5927914381027222,1.606886924171923,1.5786959520335213,4934400
2019-10-14,1.606886863708496,1.6139346064779063,1.5857436354002656,3240600
2019-10-15,1.6139349937438965,1.6209827382044228,1.5857440159017906,6121200
2019-10-16,1.6209825277328491,1.6209825277328491,1.5998392970965485,4579300
2019-10-17,1.6139349937438965,1.6280304826649494,1.5998395048228435,5794400
2019-10-18,1.6139349937438965,1.6209827382044228,1.5927917603623172,15910600
2019-10-21,1.6209825277328491,1.6209825277328491,1.6139347841874154,616200
2019-10-22,1.635077953338623,1.642125696619035,1.6068869802169758,5240600
2019-10-23,1.6209825277328491,1.6280302712782826,1.606887040641982,2921000
2019-10-24,1.6139349937438965,1.6350782271254758,1.60688724928337,3868900
2019-10-25,1.6139349937438965,1.6280304826649494,1.5998395048228435,2079300
2019-10-29,1.5927914381027222,1.6280301532757242,1.5786959520335213,7928400
2019-10-30,1.5998389720916748,1.6139344563190654,1.5786957457505888,10265800
2019-10-31,1.5998389720916748,1.6139344563190654,1.5857434878642842,4091100
2019-11-01,1.6139349937438965,1.6139349937438965,1.5786962714412642,5170000
2019-11-04,1.6209825277328491,1.635078014823716,1.5998392970965485,2595300
2019-11-05,1.62803053855896,1.6421260279639431,1.6139350491539768,4216100
2019-11-06,1.606886863708496,1.6350778347861368,1.599839120939086,3294100
2019-11-07,1.6562210321426392,1.6773644280871804,1.5998390910410327,5808900
2019-11-08,1.6139349937438965,1.656221460507055,1.6139349937438965,5668400
2019-11-11,1.62803053855896,1.62803053855896,1.5998395597489934,4275800
2019-11-12,1.6491732597351074,1.656221002245587,1.6139345471827105,5283200
2019-11-13,1.66326904296875,1.66326904296875,1.6350780678723846,3586800
2019-11-14,1.6491732597351074,1.6632687447560663,1.642125517224628,3882000
2019-11-15,1.66326904296875,1.6773646985483988,1.6350780678723846,4677500
2019-11-18,1.6562210321426392,1.6773644280871804,1.6350778042295369,3190100
2019-11-19,1.6562210321426392,1.6703165174180408,1.6491732895049385,7497000
2019-11-20,1.66326904296875,1.6773646985483988,1.6562212991946588,5701800
2019-11-21,1.6562210321426392,1.6703165174180408,1.6068868336787336,5821800
2019-11-22,1.6562210321426392,1.66326877478034,1.6350778042295369,2869800
2019-11-25,1.6209825277328491,1.649173501914583,1.6209825277328491,3973500
2019-11-26,1.62803053855896,1.6350782832614517,1.6139350491539768,14423900
2019-11-27,1.6209825277328491,1.6562212454600165,1.6139347841874154,11150400
2019-11-28,1.6209825277328491,1.635078014823716,1.606887040641982,5588400
2019-11-29,1.58574378490448,1.6280302455077162,1.58574378490448,8105900
2019-12-02,1.6209825277328491,1.6209825277328491,1.5857438100056815,3645000
2019-12-03,1.606886863708496,1.6209823492473163,1.599839120939086,2976100
2019-12-04,1.6209825277328491,1.6280302712782826,1.606887040641982,4035000
2019-12-05,1.6491732597351074,1.677364397808461,1.6209822896931898,10661700
2019-12-06,1.6703165769577026,1.6703165769577026,1.6350778625130888,4161500
2019-12-09,1.677364468574524,1.677364468574524,1.6421255865040034,3159400
2019-12-10,1.6491732597351074,1.677364397808461,1.642125517224628,4104400
2019-12-11,1.6209825277328491,1.6562212454600165,1.6209825277328491,3729600
2019-12-12,1.6421256065368652,1.6562210923244518,1.6139346349616914,8755400
2019-12-13,1.6209825277328491,1.66326898900545,1.6139347841874154,6340000
2019-12-16,1.6209825277328491,1.635078014823716,1.606887040641982,3676900
2019-12-17,1.606886863708496,1.642125577555547,1.592791378169676,7820700
2019-12-18,1.6209825277328491,1.6209825277328491,1.592791553551115,6277400
2019-12-19,1.6209825277328491,1.6280302712782826,1.5998392970965485,3313100
2019-12-20,1.6209825277328491,1.6209825277328491,1.5998392970965485,14219100
2019-12-23,1.6139349937438965,1.6280304826649494,1.5998395048228435,3544300
2019-12-24,1.6209825277328491,1.6280302712782826,1.6139347841874154,856800
2019-12-26,1.606886863708496,1.6209823492473163,1.606886863708496,337500
2019-12-27,1.62803053855896,1.62803053855896,1.5998395597489934,5601500
2019-12-30,1.6139349937438965,1.6280304826649494,1.60688724928337,3843600
2019-12-31,1.5646002292633057,1.61393442304197,1.5646002292633057,7098400
2020-01-02,1.5786961317062378,1.592791619379658,1.564600644032818,4474500
2020-01-03,1.5786961317062378,1.5857438755429478,1.564600644032818,4337100
2020-01-06,1.5716482400894165,1.578695983263436,1.550505010567358,2801100
2020-01-07,1.5927914381027222,1.5998391811373225,1.564600465964321,4646200
2020-01-08,1.5716482400894165,1.5857437264374554,1.5575527537413774,8006700
2020-01-09,1.58574378490448,1.5927915283383527,1.5786960414706073,10677100
2020-01-10,1.5646002292633057,1.599838939105209,1.5575524872949251,8916500
2020-01-13,1.5646002292633057,1.578695713200067,1.5434570033581638,4486500
2020-01-14,1.5716482400894165,1.578695983263436,1.550505010567358,13204700
2020-01-15,1.5716482400894165,1.578695983263436,1.550505010567358,6779600
2020-01-16,1.5646002292633057,1.5716479712316864,1.5505047453265446,10273800
2020-01-17,1.5927914381027222,1.5998391811373225,1.564600465964321,16912900
2020-01-20,1.58574378490448,1.6139347586399708,1.5786960414706073,13915500
2020-01-21,1.5786961317062378,1.6139348508897875,1.578696131706238,5845100
2020-01-22,1.5927914381027222,1.6139346672065231,1.571648208998921,3388000
2020-01-23,1.5646002292633057,1.599838939105209,1.5575524872949251,4458900
2020-01-24,1.58574378490448,1.58574378490448,1.5646005546028618,407800
2020-01-28,1.5364093780517578,1.557552605562338,1.5223138930447042,4372000
2020-01-29,1.5152662992477417,1.5434572720284798,1.5082185560525572,3166200
2020-01-30,1.5505050420761108,1.5646005287105929,1.508218582172665,5382900
2020-01-31,1.5364093780517578,1.557552605562338,1.5223138930447042,10164500
2020-02-03,1.5011708736419678,1.5575528214864311,1.5011708736419678,6266300
2020-02-04,1.5152662992477417,1.5293617856381108,1.494122901630736,5187300
2020-02-05,1.5364093780517578,1.557552605562338,1.5223138930447042,9250100
2020-02-06,1.5505050420761108,1.5575527853933515,1.5434572987588695,9420300
2020-02-07,1.5646002292633057,1.5646002292633057,1.5434570033581638,6705300
2020-02-10,1.5223140716552734,1.557552788307407,1.5223140716552734,4269900
2020-02-11,1.5505050420761108,1.5505050420761108,1.5223140688071468,6302000
2020-02-12,1.5575525760650637,1.5575525760650637,1.529361606584843,9502500
2020-02-13,1.5646002292633057,1.5646002292633057,1.5434570033581638,4769000
2020-02-14,1.5505050420761108,1.5646005287105929,1.5364095554416288,4967100
2020-02-17,1.529361605644226,1.5716480598385487,1.5223138632785056,4691200
2020-02-18,1.5364093780517578,1.5434571205552845,1.5223138930447042,3614900
2020-02-19,1.529361605644226,1.5364093480099466,1.5152661209127851,3959600
2020-02-20,1.5152662992477417,1.5434572720284798,1.5152662992477417,6802700
2020-02-21,1.480027437210083,1.5223140650403502,1.480027437210083,5192900
2020-02-24,1.4025022983551023,1.458884246258758,1.3954545548671458,18779700
2020-02-25,1.4095500707626345,1.437741045292853,1.395454583497525,13759400
2020-02-26,1.4025022983551023,1.4095500418430595,1.3813590678912318,16224000
2020-02-27,1.4236453771591189,1.4236453771591189,1.3954544062104537,3985800
2020-02-28,1.4095500707626345,1.4236455580277436,1.3884068398649705,11400000
2020-03-02,1.3813587427139282,1.4236451936872725,1.3743110008850377,3145200
2020-03-03,1.4095500707626345,1.4236455580277436,1.3813590962324156,7720000
2020-03-04,1.4165977239608765,1.444788696691409,1.40250223759561,8526300
2020-03-05,1.4095500707626345,1.437741045292853,1.3813590962324156,12018900
2020-03-06,1.4095500707626345,1.4236455580277436,1.3884068398649705,5578700
2020-03-09,1.3390722274780271,1.4025019888894292,1.3108812597466093,6478100
2020-03-10,1.3461201190948486,1.3813589166932665,1.339072376378309,8145300
2020-03-11,1.3602157831192017,1.381359098060579,1.3390725521935556,7503900
2020-03-12,1.3038336038589478,1.3461200582467272,1.3038336038589478,11614200
2020-03-16,1.1840219497680664,1.2051652633831431,1.0994489473549385,13096400
2020-03-17,1.2051650285720823,1.2122127703987031,1.1135443008103032,14950100
2020-03-18,1.1840219497680664,1.2404039793820605,1.1699264633684994,17069500
2020-03-19,1.219260811805725,1.2474517860389158,1.1064968308572316,18662200
2020-03-20,1.2051650285720823,1.2404037377051862,1.191069544918841,15820000
2020-03-23,1.12059223651886,1.176974180886882,1.0994489233651272,12756200
2020-03-24,1.2051650285720823,1.2122127703987031,1.120592042636924,11636400
2020-03-25,1.2122128009796145,1.2826903050394918,1.2122128009796145,9082100
2020-03-26,1.1840219497680664,1.2404039793820605,1.1840219497680664,8231400
2020-03-27,1.1699265241622925,1.247451787404142,1.1699265241622925,9200600
2020-03-30,1.1487832069396973,1.1910697491665363,1.12763997783414,12069100
2020-03-31,1.191069722175598,1.2122129508020267,1.1487831809070184,12082500
2020-04-01,1.2685948610305786,1.2685948610305786,1.1699263793073753,8097100
2020-04-02,1.2685948610305786,1.2685948610305786,1.2333561475636203,4726900
2020-04-03,1.2685948610305786,1.282690430433082,1.261547118337187,5888700
2020-04-06,1.282690405845642,1.289738148403938,1.2615470941550355,5019400
2020-04-07,1.324976921081543,1.3390724068352209,1.2826904638205097,5747300
2020-04-08,1.2897382974624634,1.332024757699399,1.27564272670109,7046800
2020-04-09,1.282690405845642,1.3249768611954178,1.2615470941550355,10377900
2020-04-10,1.2897382974624634,1.296786040835286,1.2615472399554448,2450200
2020-04-13,1.2756427526474,1.3249770412763358,1.2756427526474,3279500
2020-04-14,1.2685948610305786,1.303833658513257,1.2685948610305786,7298000
2020-04-15,1.324976921081543,1.332024663958382,1.2685948940511096,7654000
2020-04-16,1.282690405845642,1.3390723463120098,1.282690405845642,12363900
2020-04-17,1.3038336038589478,1.3249768310528374,1.282690376665058,8408500
2020-04-20,1.2967859506607056,1.332024665074425,1.2967859506607056,11044000
2020-04-21,1.2897382974624634,1.3249770143265764,1.27564272670109,13264700
2020-04-22,1.3108813762664795,1.3249768613850892,1.2756425794542368,6611200
2020-04-23,1.4095500707626345,1.416597814395189,1.3108815758911376,13814200
2020-04-24,1.423788070678711,1.438025937807197,1.366836517300385,7962900
2020-04-27,1.388193130493164,1.4451445878331974,1.388193130493164,3035300
2020-04-28,1.324122667312622,1.4024310066813883,1.3170037350849495,8915600
2020-04-29,1.3668360710144043,1.388192949598276,1.3312414148152094,5091100
2020-04-30,1.423788070678711,1.4522638049356829,1.373955450864628,8630100
2020-05-04,1.423788070678711,1.4593827384999258,1.373955450864628,4481800
2020-05-05,1.4095500707626345,1.4451447352306304,1.3881932720818366,4239500
2020-05-06,1.3668360710144043,1.4166686745576318,1.359717139774565,7232800
2020-05-08,1.4024311304092407,1.4166689961207053,1.3739553141219378,5423200
2020-05-12,1.388193130493164,1.4024309948281724,1.366836249126286,5185900
2020-05-13,1.3525984287261963,1.381074243185526,1.3525984287261963,6564800
2020-05-14,1.3525984287261963,1.359717361124937,1.3170037667324943,6698400
2020-05-15,1.388193130493164,1.4024309948281724,1.3454794526237734,3394100
2020-05-18,1.395311951637268,1.4095498148393857,1.3739550719697329,2352100
2020-05-19,1.395311951637268,1.4593823360467977,1.3810740884351504,6090300
2020-05-20,1.4309066534042358,1.4380255852230144,1.3881930624915657,3501800
2020-05-21,1.438025712966919,1.438025712966919,1.416668915613399,8707600
2020-05-22,1.452263593673706,1.473620391259644,1.423787863559122,8112400
2020-05-27,1.4807391166687012,1.4878580482015809,1.4451444590043028,5597400
2020-05-28,1.5020960569381714,1.5163340911134282,1.4736203280451228,6894200
2020-05-29,1.4878581762313845,1.559047667414734,1.4807392440859224,20353900
2020-06-03,1.5376909971237185,1.566166728041589,1.5163341989353154,6370800
2020-06-04,1.5519286394119265,1.559047571117676,1.530571844294677,9851200
2020-06-05,1.5590475797653198,1.58040437500103,1.5305718527843732,9043600
2020-06-09,1.5732855796813965,1.623118106219222,1.5590477149563036,7591800
2020-06-10,1.5875234603881836,1.60176132525661,1.566166663085544,12145200
2020-06-11,1.5732855796813965,1.623118106219222,1.551928782593757,13329500
2020-06-12,1.5946424007415771,1.5946424007415771,1.4949771764389057,11447100
2020-06-15,1.566166877746582,1.594642611386359,1.516334343876972,9695500
2020-06-16,1.5590475797653198,1.594642238491503,1.5448097162748464,8154100
2020-06-17,1.566166877746582,1.5804047445664704,1.5519290109266934,9950000
2020-06-18,1.5590475797653198,1.5732854432557932,1.5234529210391363,7286800
2020-06-19,1.5234531164169312,1.5661667123662275,1.516334183758715,11999000
2020-06-22,1.5020960569381714,1.5234530233366903,1.4878581924916472,5637000
2020-06-23,1.5020960569381714,1.5092149891614337,1.480739260268385,4463800
2020-06-24,1.4807391166687012,1.5020959112673402,1.4665012536029418,2123300
2020-06-25,1.4807391166687012,1.50921484280022,1.4665012536029418,1505400
2020-06-26,1.4949771165847778,1.5092149809538724,1.4807392522156833,1769200
2020-06-29,1.5020960569381714,1.5020960569381714,1.466501395821861,2512200
2020-06-30,1.5305720567703247,1.5448099221583398,1.4878582908775355,7596800
2020-07-01,1.4949771165847778,1.5305719472362456,1.4807392522156833,7027100
2020-07-02,1.4878581762313845,1.502096040522308,1.4736203119404605,9046800
2020-07-03,1.5163341760635376,1.5376909739298033,1.4878582758464416,3721700
2020-07-06,1.5163341760635376,1.5376909739298033,1.5092150737127072,1545100
2020-07-07,1.509214997291565,1.5305719638051336,1.4949771327683412,3730100
2020-07-08,1.5448098182678225,1.6231180726355714,1.516334089406823,4696400
2020-07-09,1.509214997291565,1.5661666251131925,1.4878582005067296,10116200
2020-07-10,1.5305720567703247,1.5519288548523476,1.5092150889595584,5243600
2020-07-13,1.5305720567703247,1.5376909894643322,1.5163341913823096,7120500
2020-07-14,1.5163341760635376,1.5376909739298033,1.5020961410906186,4880800
2020-07-15,1.5234531164169312,1.5376909817333633,1.50209614871354,6362400
2020-07-16,1.5163341760635376,1.5234531086856262,1.5092150737127072,365600
2020-07-17,1.5234531164169312,1.5661667123662275,1.50209614871354,11931000
2020-07-20,1.5376909971237185,1.566166728041589,1.523453131664783,5090800
2020-07-21,1.509214997291565,1.5376908960667452,1.509214997291565,5404200
2020-07-22,1.5234531164169312,1.530572049075147,1.50209614871354,5126300
2020-07-23,1.5305720567703247,1.5376909894643322,1.5163341913823096,7040600
2020-07-24,1.5163341760635376,1.5376909739298033,1.5092150737127072,5738400
2020-07-27,1.5519286394119265,1.5519286394119265,1.5020959477429578,1747700
2020-07-28,1.5519286394119265,1.5732854345291756,1.5376907760004268,5511700
2020-07-29,1.5305720567703247,1.5519288548523476,1.5163341913823096,6169200
2020-07-30,1.5519286394119265,1.5732854345291756,1.5163339808831775,4402100
2020-08-03,1.4878581762313845,1.551928735269272,1.4807392440859224,4970800
2020-08-04,1.4949771165847778,1.5092149809538724,1.4807392522156833,1502500
2020-08-05,1.5163341760635376,1.5519288391739805,1.4878582758464416,5118400
2020-08-06,1.5305720567703247,1.5448099221583398,1.5092150889595584,1793500
2020-08-07,1.5376909971237185,1.5519288625826535,1.5305720643942506,3509000
2020-08-10,1.5376909971237185,1.5376909971237185,1.5163341989353154,1297700
2020-08-11,1.509214997291565,1.5448098283283571,1.502096065029953,2096400
2020-08-12,1.5305720567703247,1.5376909894643322,1.494977223571543,1312300
2020-08-13,1.5305720567703247,1.5448099221583398,1.5234531240763172,4635600
2020-08-14,1.5305720567703247,1.5376909894643322,1.5163341913823096,5130700
2020-08-17,1.5305720567703247,1.5519288548523476,1.5234531240763172,5230100
2020-08-18,1.5448098182678225,1.5590476826983222,1.5234530216220723,4058000
2020-08-19,1.5376909971237185,1.5519288625826535,1.5305720643942506,2906000
2020-08-21,1.5305720567703247,1.559047787546355,1.5305720567703247,2799100
2020-08-24,1.5448098182678225,1.5519287504830723,1.5234530216220723,2096500
2020-08-25,1.5448098182678225,1.5875234115593218,1.5305719538373224,3190400
2020-08-26,1.5519286394119265,1.5661665028234255,1.5376907760004268,3734600
2020-08-27,1.5590475797653198,1.5732854432557932,1.5376907845296095,7892400
2020-08-28,1.5590475797653198,1.6302368972176866,1.5376907845296095,14977400
2020-09-01,1.5732855796813965,1.6017613091315823,1.551928782593757,10229200
2020-09-02,1.6373560428619385,1.6373560428619385,1.566166716109623,11663800
2020-09-03,1.6729506254196167,1.6871884900822636,1.6302370314316763,8391700
2020-09-04,1.6871883869171145,1.6871883869171145,1.644474795540947,3431500
2020-09-07,1.6373560428619385,1.694307673992534,1.6231181775114756,6277800
2020-09-08,1.6373560428619385,1.6729507062380962,1.630237110186707,10171500
2020-09-09,1.6373560428619385,1.6515939082124016,1.6231181775114756,9935000
2020-09-10,1.6373560428619385,1.6729507062380962,1.615999244836244,3577700
2020-09-11,1.6159988641738892,1.6373556571688084,1.580404209182357,7833800
2020-09-14,1.6231180429458618,1.6658316354560538,1.6088801787757978,8441400
2020-09-15,1.6658316850662231,1.6943075839831216,1.6231180912839764,7233700
2020-09-17,1.6871883869171145,1.7014264204378946,1.6373558636449197,7324700
2020-09-18,1.6658316850662231,1.7085454485772038,1.651593820472141,9752000
2020-09-21,1.6373560428619385,1.6729507062380962,1.6231181775114756,3295700
2020-09-22,1.6658316850662231,1.6800695496603053,1.6302370235810175,3702900
2020-09-23,1.630237102508545,1.6729506983587596,1.6231181698668424,6010500
2020-09-24,1.6729506254196167,1.6729506254196167,1.6159991667690294,8556600
2020-09-25,1.7085455656051636,1.7227834311744776,1.651593933599161,8433200
2020-09-28,1.7227832078933716,1.7299021397553802,1.6871883788546036,4909200
2020-09-29,1.801091551780701,1.801091551780701,1.7156643650063117,16133100
2020-09-30,1.772615909576416,1.8438052353711556,1.7583780444174684,9536700
2020-10-01,1.7654969692230225,1.7797348343192776,1.7512591041267676,7826500
2020-10-02,1.7360719442367554,1.772853271440059,1.7140032531465927,4992400
2020-10-05,1.691934585571289,1.728715737899419,1.6698658941744111,8274500
2020-10-06,1.714003324508667,1.7654971145826763,1.6845784018300178,5084700
2020-10-07,1.7581406831741333,1.7949218323228906,1.714003128809271,8958500
2020-10-08,1.7728534936904907,1.802278418832841,1.743428393161752,5309200
2020-10-09,1.8096340894699097,1.8390590054960327,1.7654967154307248,5539800
2020-10-12,1.7875655889511108,1.824346737821226,1.750784440080996,6852000
2020-10-13,1.7728534936904907,1.802278418832841,1.7581410311193155,3218800
2020-10-14,1.765497088432312,1.7728533189930145,1.7507846273109071,7294400
2020-10-15,1.7507845163345337,1.765496976523365,1.7360718807593425,1491200
2020-10-16,1.7802094221115112,1.8022781122137583,1.7581407320092644,5439500
2020-10-19,1.765497088432312,1.7875657801144196,1.7581408578716096,2931800
2020-10-20,1.7507845163345337,1.8022781269954435,1.743428110853758,8647400
2020-10-21,1.8022782802581787,1.8243469724181105,1.7581408959383151,5296800
2020-10-22,1.8169902563095093,1.8317027138191952,1.780209112535294,6961700
2020-10-23,1.7949217557907104,1.8169904443389964,1.78020929675852,4924800
2020-10-26,1.7802094221115112,1.794921882179676,1.7581407320092644,2313300
2020-10-27,1.765497088432312,1.794922010675122,1.765497088432312,6367900
2020-10-28,1.7802094221115112,1.816990572281923,1.7654969620433467,4128500
2020-10-30,1.7728534936904907,1.7875659562616657,1.7507847998337278,5445400
2020-11-02,1.824346780776977,1.8243467807769775,1.6992906962876857,2194000
2020-11-03,1.7287156581878662,1.8390592854706496,1.7287156581878662,7623800
2020-11-04,1.7728534936904907,1.7875659562616657,1.7140034680194016,4560400
2020-11-05,1.7802094221115112,1.794921882179676,1.7581407320092644,2041300
2020-11-06,1.8169902563095093,1.8169902563095093,1.765496655025608,5121400
2020-11-09,1.8096340894699097,1.8390590054960327,1.7507842574176633,2943300
2020-11-10,1.8096340894699097,1.8758401505286864,1.7802091734437864,5184600
2020-11-11,1.7360719442367554,1.8390593447105472,1.7213594835099804,4379000
2020-11-12,1.765497088432312,1.7875657801144196,1.736071990803131,8704800
2020-11-13,1.7875655889511108,1.802278048499157,1.750784440080996,5754300
2020-11-16,1.7875655889511108,1.80963427827318,1.7581406698550188,4859900
2020-11-17,1.7802094221115112,1.8022781122137583,1.7581407320092644,4661900
2020-11-18,1.7802094221115112,1.794921882179676,1.7654969620433467,5990500
2020-11-19,1.7066468000411987,1.7802092694604776,1.7066468000411985,5337300
2020-11-20,1.765497088432312,1.7802095495537171,1.706647068560321,2827700
2020-11-23,1.7875655889511108,1.7875655889511108,1.765496899629042,1411000
2020-11-24,1.7360719442367554,1.794921962530222,1.7213594835099804,2961300
2020-11-25,1.765497088432312,1.7728533189930145,1.721359529681726,3289100
2020-11-26,1.7875655889511108,1.8169905080472029,1.7360718051465975,4439900
2020-11-27,1.714003324508667,1.8022782679309877,1.6992908631693424,10151700
2020-11-30,1.6992908716201782,1.75814089265652,1.6992908716201782,14250500
2020-12-01,1.721359372138977,1.7434280618013074,1.70664691236409,3783500
2020-12-02,1.6992908716201782,1.736072025151408,1.6845784102076864,13351900
2020-12-03,1.7287156581878662,1.7434281184407223,1.6845782774292972,7783800
2020-12-04,1.721359372138977,1.736071831913864,1.7140031422515334,2512000
2020-12-07,1.6992908716201782,1.728715794445162,1.6992908716201782,4198700
2020-12-08,1.714003324508667,1.7213595551783292,1.6919346324996802,4677000
2020-12-09,1.7287156581878662,1.7360718883142945,1.6992907376821536,3703600
2020-12-10,1.7066468000411987,1.7287154882510791,1.6992905706379051,2409600
2020-12-11,1.691934585571289,1.7213595074337928,1.677222124640037,4625500
2020-12-14,1.691934585571289,1.699290816036915,1.677222124640037,3685500
2020-12-15,1.714003324508667,1.7360720165176535,1.6698659404906937,7387400
2020-12-16,1.6845784187316897,1.7434282646794383,1.6845784187316897,7578700
2020-12-17,1.7066468000411987,1.7287154882510791,1.684578111831318,5445700
2020-12-18,1.6772220134735107,1.7213593933418343,1.6772220134735107,5425500
2020-12-21,1.6625094413757324,1.677221900339437,1.65515321189388,2129800
2020-12-22,1.6477971076965332,1.6698657978200062,1.633084647614218,2475400
2020-12-23,1.6404407024383545,1.6698656194600816,1.6404407024383545,2098700
2020-12-24,1.6404407024383545,1.655153160949218,1.6404407024383545,1636200
2020-12-28,1.6845784187316897,1.6845784187316897,1.6477972650143464,1202000
2020-12-29,1.691934585571289,1.699290816036915,1.6477972027775332,3851400
2020-12-30,1.7287156581878662,1.7287156581878662,1.6845782774292972,3220400
2020-12-31,1.6992908716201782,1.728715794445162,1.6845784102076864,3087900
2021-01-04,1.691934585571289,1.728715737899419,1.684578355105663,2614800
2021-01-05,1.721359372138977,1.721359372138977,1.677221992814316,1903100
2021-01-06,1.7066468000411987,1.7287154882510791,1.6919343412346115,2283800
2021-01-07,1.714003324508667,1.7213595551783292,1.6772221711603557,6091500
2021-01-08,1.691934585571289,1.7140032769681668,1.684578355105663,5120800
2021-01-11,1.6772220134735107,1.7066469333857264,1.6772220134735107,4266000
2021-01-12,1.6551532745361328,1.7213593423784914,1.6477970447758707,4291900
2021-01-13,1.6845784187316897,1.706647110962095,1.6551534957578151,6522300
2021-01-14,1.691934585571289,1.7360719683650447,1.677222124640037,6517300
2021-01-15,1.6992908716201782,1.71400333303267,1.6845784102076864,2139100
2021-01-18,1.6845784187316897,1.6992908802186268,1.6698659572447525,2076900
2021-01-19,1.6772220134735107,1.7066469333857264,1.6772220134735107,2646200
2021-01-20,1.7287156581878662,1.7654969842063677,1.677222047302869,5366100
2021-01-21,1.721359372138977,1.7581406969625497,1.7140031422515334,7107100
2021-01-22,1.6625094413757324,1.7287155067124031,1.6625094413757324,4681100
2021-01-25,1.6404407024383545,1.6845780779709454,1.6257282439274907,5054600
2021-01-26,1.6404407024383545,1.66250939020465,1.6330844731829226,7989700
2021-01-27,1.6551532745361328,1.6625095042963949,1.640440815015609,4662900
2021-01-29,1.6183723211288452,1.6477972437225086,1.5889473985351816,8862100
2021-02-02,1.6772220134735107,1.6919344734296184,1.6183721736490793,5910000
2021-02-03,1.6992908716201782,1.728715794445162,1.6772221795014406,8285500
2021-02-04,1.6625094413757324,1.7066468182668462,1.65515321189388,4721200
2021-02-05,1.6257282495498655,1.6772218545159727,1.611015790988121,4678300
2021-02-08,1.6772220134735107,1.6845782434515646,1.6330846336051872,7308500
2021-02-09,1.6477971076965332,1.6845782579023214,1.6404408776553756,2373100
2021-02-10,1.6477971076965332,1.6477971076965332,1.6183721875319028,3378500
2021-02-11,1.6404407024383545,1.6477969316937862,1.6257282439274907,1006500
2021-02-15,1.6257282495498655,1.662509395954228,1.6183720202689935,2786900
2021-02-16,1.6257282495498655,1.6404407081116106,1.611015790988121,6710400
2021-02-17,1.6036596298217771,1.6330845481950735,1.6036596298217771,7022200
2021-02-18,1.5815911293029783,1.6183722816477613,1.5815911293029783,5768500
2021-02-19,1.6110159158706665,1.62572837557289,1.5815909964662194,9525000
2021-02-22,1.588947296142578,1.6257284470144604,1.5815910659682015,5370900
2021-02-23,1.5815911293029783,1.6183722816477613,1.5742348988340218,10488700
2021-02-24,1.5963034629821775,1.6257283825122235,1.5742347733346431,11938700
2021-02-25,1.6183723211288452,1.677222166316172,1.57423493723835,18518200
2021-02-26,1.669865369796753,1.6772215979523477,1.6036593163964037,16791000
2021-03-01,1.6845784187316897,1.691934649475158,1.6625097265012838,3532200
2021-03-02,1.691934585571289,1.7140032769681668,1.6477972027775332,10787700
2021-03-03,1.691934585571289,1.699290816036915,1.6698658941744111,6360700
2021-03-04,1.6845784187316897,1.706647110962095,1.677222187988221,5312800
2021-03-05,1.691934585571289,1.699290816036915,1.6698658941744111,8242700
2021-03-08,1.691934585571289,1.7140032769681668,1.677222124640037,5053600
2021-03-09,1.691934585571289,1.7213595074337928,1.677222124640037,7027000
2021-03-10,1.721359372138977,1.7287156020264205,1.6919344525892028,12566800
2021-03-11,1.7360719442367554,1.7360719442367554,1.7066470227832051,7961900
2021-03-12,1.721359372138977,1.7434280618013074,1.7140031422515334,3194000
2021-03-15,1.6992908716201782,1.736072025151408,1.6992908716201782,4821700
2021-03-16,1.7507845163345337,1.765496976523365,1.7066469603816794,5696500
2021-03-17,1.7875655889511108,1.8169905080472029,1.7581406698550188,6868300
2021-03-18,1.7581406831741333,1.7949218323228906,1.750784453344382,3737600
2021-03-19,1.8537715673446653,1.8537715673446653,1.743427950679677,14733800
2021-03-22,1.7581406831741333,1.8390592113013997,1.7581406831741333,8319800
2021-03-23,1.7066468000411987,1.8022779576703585,1.7066468000411985,5224400
2021-03-24,1.7434279918670654,1.7581406264381387,1.706646843905253,4037900
2021-03-25,1.7728534936904907,1.802278418832841,1.7507847998337278,10660100
2021-03-26,1.765497088432312,1.7875657801144196,1.7581408578716096,3960700
2021-03-29,1.7802094221115112,1.7875656521455936,1.7654969620433467,4658100
2021-03-30,1.8022782802581787,1.8243469724181105,1.7875658188182242,9215700
2021-03-31,1.765497088432312,1.8169907023572296,1.7581408578716096,6978000
2021-04-01,1.765497088432312,1.8096344717965271,1.7581408578716096,7602000
2021-04-02,1.7581406831741333,1.765496913003885,1.750784453344382,1901700
2021-04-05,1.765497088432312,1.7802095495537171,1.7507846273109071,1181000
2021-04-06,1.765497088432312,1.8022782412358245,1.7507846273109071,6378600
2021-04-07,1.7802094221115112,1.7802094221115112,1.7581407320092644,7807700
2021-04-08,1.765497088432312,1.8022782412358245,1.7507846273109071,6329300
2021-04-09,1.765497088432312,1.794922010675122,1.765497088432312,5284100
2021-04-12,1.765497088432312,1.765497088432312,1.7507846273109071,1829900
2021-04-13,1.765497088432312,1.7875657801144196,1.7581408578716096,6692000
2021-04-14,1.7581406831741333,1.7802093726633876,1.750784453344382,2362700
2021-04-15,1.721359372138977,1.78020938662488,1.6992906824766465,6505400
2021-04-16,1.721359372138977,1.736071831913864,1.70664691236409,3016400
2021-04-19,1.7360719442367554,1.7581408107132843,1.7140032531465927,2677000
2021-04-20,1.7360719442367554,1.772853271440059,1.7213594835099804,4756400
2021-04-21,1.721359372138977,1.7581406969625497,1.70664691236409,4617400
2021-04-22,1.7287156581878662,1.7360718883142945,1.7066469678085816,3321200
2021-04-23,1.7362645864486694,1.7438135558687304,1.7060687087684256,5667600
2021-04-26,1.751362442970276,1.751362442970276,1.7211665667093154,3028300
2021-04-27,1.7060686349868774,1.7513624495484428,1.7060686349868774,5481100
2021-04-28,1.7362645864486694,1.7362645864486694,1.7060687087684256,4425700
2021-04-30,1.7060686349868774,1.7513624495484428,1.6985196658932833,6482200
2021-05-03,1.6985197067260742,1.7287155838263666,1.6834217681759278,1609600
2021-05-04,1.6758726835250854,1.7211664960572632,1.6758726835250854,3762100
2021-05-05,1.6683237552642822,1.6834216931414745,1.660774786325686,4633900
2021-05-06,1.683421611785889,1.7060685175072083,1.6607747060645692,3811700
2021-05-07,1.6985197067260742,1.7060686760011472,1.6758727989008548,1588100
2021-05-10,1.690970778465271,1.7060687173816158,1.6758728395489262,2275200
2021-05-11,1.6758726835250854,1.6985195897911742,1.6758726835250854,1712100
2021-05-12,1.683421611785889,1.690970580359662,1.6683236746383423,1297700
2021-05-17,1.645676851272583,1.6985196339334372,1.623029944417931,4030000
2021-05-18,1.6985197067260742,1.6985197067260742,1.638127952525489,3665100
2021-05-19,1.6683237552642822,1.706068599957263,1.65322581738709,2366300
2021-05-20,1.6683237552642822,1.6834216931414745,1.660774786325686,3209200
2021-05-21,1.645676851272583,1.683421696030336,1.6381278823210323,2152100
2021-05-24,1.660775065422058,1.6758730058364877,1.6532260952148432,3319400
2021-05-25,1.7211666107177734,1.7287155799760328,1.6532258873934382,8526300
2021-05-27,1.7438137531280518,1.7513627234020483,1.6909709612100754,14025200
2021-05-28,1.7211666107177734,1.7438135184925518,1.7060686722012546,3711800
2021-05-31,1.7287157773971558,1.7287157773971555,1.660775046313919,4522100
2021-06-01,1.7136173248291016,1.736264228419341,1.6985193891022754,3120200
2021-06-02,1.7211666107177734,1.7362645492342923,1.698519702942995,5658400
2021-06-03,1.7211666107177734,1.7362645492342923,1.7060686722012546,2503000
2021-06-04,1.7060686349868774,1.7362645113612545,1.6834217277060948,4688700
2021-06-08,1.6985197067260742,1.7362645531014398,1.690970737451001,4937400
2021-06-09,1.6985197067260742,1.7211666145512934,1.6834217681759278,7409700
2021-06-10,1.7136173248291016,1.736264228419341,1.690970421238862,5733500
2021-06-11,1.6985197067260742,1.7287155838263666,1.690970737451001,4772700
2021-06-14,1.7136173248291016,1.728715260555928,1.690970421238862,3568700
2021-06-15,1.690970778465271,1.728715625756133,1.690970778465271,4743400
2021-06-16,1.690970778465271,1.713617686839788,1.690970778465271,4253500
2021-06-17,1.6758726835250854,1.6985195897911742,1.6758726835250854,4711900
2021-06-18,1.690970778465271,1.6985197479234433,1.668323870090754,8505900
2021-06-21,1.6683237552642822,1.6909706620800704,1.65322581738709,6803200
2021-06-22,1.6985197067260742,1.7060686760011472,1.6607748603507084,4895600
2021-06-23,1.660775065422058,1.6985199164581315,1.6532260952148432,5251400
2021-06-24,1.6381279230117798,1.660774830428976,1.6230299847336491,7801600
2021-06-25,1.6532258987426758,1.6683238373628406,1.638127960122511,4289400
2021-06-28,1.607932209968567,1.6607749993156875,1.6003830600801958,4671900
2021-06-29,1.660775065422058,1.6683240356292728,1.6003831237826935,3134400
2021-06-30,1.645676851272583,1.6909706649818863,1.6381278823210323,5294500
2021-07-01,1.645676851272583,1.6683237581272348,1.6305789133694817,8377400
2021-07-02,1.6381279230117798,1.660774830428976,1.6305789538727145,2559200
2021-07-05,1.6381279230117798,1.653225861289911,1.6230299847336491,1284600
2021-07-06,1.645676851272583,1.6532258202241334,1.6305789133694817,2094000
2021-07-07,1.6532258987426758,1.6683238373628406,1.6230300215023463,4833400
2021-07-08,1.6381279230117798,1.653225861289911,1.6154810155945838,3196300
2021-07-09,1.660775065422058,1.6758730058364877,1.6305791845931992,2995000
2021-07-12,1.645676851272583,1.660774789175684,1.6381278823210323,1600400
2021-07-13,1.660775065422058,1.6683240356292728,1.6532260952148432,3709900
2021-07-14,1.630579113960266,1.6532260236008982,1.6230301440800552,4873600
2021-07-15,1.623030185699463,1.6456770959208302,1.623030185699463,2702400
2021-07-16,1.645676851272583,1.6532258202241334,1.6154809754663806,2680100
2021-07-19,1.630579113960266,1.6683239633613196,1.630579113960266,2444500
2021-07-21,1.645676851272583,1.660774789175684,1.623029944417931,7768600
2021-07-22,1.6758726835250854,1.6758726835250854,1.6456768085036335,2358200
2021-07-23,1.645676851272583,1.6683237581272348,1.645676851272583,1954100
2021-07-26,1.6381279230117798,1.653225861289911,1.63812792301178,2232400
2021-07-27,1.6532258987426758,1.6607748680527583,1.638127960122511,3009000
2021-07-28,1.6532258987426758,1.6607748680527583,1.6305789908124286,2185300
2021-07-29,1.630579113960266,1.6532260236008982,1.6230301440800552,4027600
2021-07-30,1.623030185699463,1.638128125847041,1.6154812156256737,5414800
2021-08-02,1.623030185699463,1.630579155773252,1.623030185699463,2857900
2021-08-03,1.630579113960266,1.6456770537206875,1.6154811741998445,6975900
2021-08-04,1.607932209968567,1.6305791196887611,1.6003830600801958,5506100
2021-08-05,1.600382924079895,1.623030011857183,1.600382924079895,8145000
2021-08-06,1.6154810190200806,1.6230299881751529,1.600382900728314,5758000
2021-08-09,1.5928339958190918,1.6381279925580494,1.585285026359537,7816700
2021-08-11,1.607932209968567,1.6154811798752984,1.5928340901734643,8133500
2021-08-12,1.5928339958190918,1.6079321147198302,1.585285026359537,3642500
2021-08-13,1.5928339958190918,1.6003829652786468,1.585285026359537,2420400
2021-08-16,1.5928339958190918,1.6003829652786468,1.5701870874404276,5286900
2021-08-17,1.6532258987426758,1.6683238373628406,1.585284994970309,11704200
2021-08-18,1.660775065422058,1.660775065422058,1.6381281548004138,4879100
2021-08-19,1.660775065422058,1.6683240356292728,1.6381281548004138,7197100
2021-08-20,1.660775065422058,1.6758730058364877,1.6532260952148432,2048900
2021-08-23,1.630579113960266,1.6683239633613196,1.6230301440800552,3646200
2021-08-24,1.6985197067260742,1.7136176452762204,1.630578983250416,13511100
2021-08-25,1.7060686349868774,1.7362645113612545,1.6758727586125006,16521500
2021-08-26,1.8042054176330569,1.8268523249696695,1.728715546529392,24050200
2021-08-27,1.7740094661712646,1.8117544939472912,1.7664604966123856,16123300
2021-08-30,1.781558394432068,1.8268523907170195,1.781558394432068,15148900
2021-09-01,1.781558394432068,1.8117544519492448,1.7362645781287436,12523400
2021-09-02,1.7740094661712646,1.804205524388412,1.7740094661712646,4005800
2021-09-03,1.781558394432068,1.819303421333132,1.7740094250481804,11119800
2021-09-06,1.7740094661712646,1.7891074052890228,1.7664604966123856,5636200
2021-09-07,1.7740094661712646,1.804205524388412,1.7664604966123856,3410900
2021-09-08,1.7740094661712646,1.7891074052890228,1.7589115270535065,6058000
2021-09-09,1.766460418701172,1.7891073263789483,1.7513624802493208,4095500
2021-09-10,1.766460418701172,1.7821622741151564,1.7507585632871876,5453000
2021-09-13,1.766460418701172,1.7821622741151564,1.7507585632871876,5735900
2021-09-14,1.758609652519226,1.7821624378034824,1.758609652519226,4389000
2021-09-15,1.7743114233016968,1.7743114233016968,1.7586095672072397,8364000
2021-09-17,1.758609652519226,1.7900133662315678,1.7350568672349698,12764800
2021-09-20,1.758609652519226,1.774311509375397,1.7350568672349698,2270400
2021-09-21,1.7743114233016968,1.7743114233016968,1.742907711112782,2749100
2021-09-22,1.7743114233016968,1.7900132793961545,1.7507586391600107,2832600
2021-09-23,1.829267978668213,1.844969835269416,1.774311480564002,3134500
2021-09-24,1.829267978668213,1.8371189069688143,1.7900133371652052,4175700
2021-09-27,1.8135660886764529,1.82926794498856,1.7821623760522374,2643700
2021-09-28,1.829267978668213,1.829267978668213,1.7821624088646038,4391700
2021-09-29,1.8135660886764529,1.82926794498856,1.7900133042082913,2290400
2021-09-30,1.7821624279022217,1.8292679982090276,1.7743114995177542,8758900
2021-10-01,1.7743114233016968,1.797864207443383,1.742907711112782,3459200
2021-10-04,1.7900131940841677,1.7900131940841677,1.7743113387380602,2122100
2021-10-05,1.7978641986846924,1.7978641986846924,1.7664604866487674,2629500
2021-10-06,1.829267978668213,1.8528207635700171,1.7821624088646038,3663000
2021-10-07,1.8135660886764529,1.82926794498856,1.7821623760522374,4178400
2021-10-08,1.8057153224945068,1.821417180215084,1.8057153224945068,1392400
2021-10-11,1.7821624279022217,1.8292679982090276,1.782162427902222,3413800
2021-10-12,1.7900131940841677,1.8135659771033288,1.7743113387380602,9968000
2021-10-13,1.8606714010238647,1.8606714010238647,1.7978639844366555,6873100
2021-10-14,1.8135660886764529,1.8606716576127755,1.8057151605203987,4055800
2021-10-15,1.8449698686599727,1.8606717255453509,1.8214170833319063,4206000
2021-10-18,1.829267978668213,1.860671691870619,1.8214170503676117,4457700
2021-10-20,1.8057153224945068,1.852820895656237,1.7978643936342185,7001800
2021-10-21,1.7978641986846924,1.8371188387295985,1.7978641986846924,9030000
2021-10-22,1.8057153224945068,1.8057153224945068,1.79001346477393,1096000
2021-10-25,1.7978641986846924,1.829267910720617,1.7978641986846924,1613800
2021-10-26,1.8057153224945068,1.8135662513547952,1.79001346477393,3222000
2021-10-27,1.8057153224945068,1.829268109075372,1.79001346477393,3300900
2021-10-28,1.7900131940841677,1.8135659771033288,1.7900131940841677,3805800
2021-10-29,1.7821624279022217,1.8057152130556249,1.7743114995177542,4516300
2021-11-01,1.758609652519226,1.7821624378034824,1.7507587240911406,5269200
2021-11-02,1.766460418701172,1.7821622741151564,1.7507585632871876,3230600
2021-11-03,1.766460418701172,1.7821622741151564,1.7429076355801951,5311000
2021-11-05,1.758609652519226,1.813566151515824,1.7429077956630552,5048600
2021-11-08,1.758609652519226,1.7664605809473115,1.7507587240911406,2534100
2021-11-09,1.7429076433181765,1.774311354285568,1.7350567155763283,4069000
2021-11-10,1.7429076433181765,1.7507585710600242,1.7272057878344804,5248800
2021-11-11,1.7272056341171265,1.7507584152465263,1.7272056341171265,4625000
2021-11-12,1.766460418701172,1.774311346408164,1.735056707873203,6682700
2021-11-15,1.7350566387176514,1.78216220308208,1.72720571132358,3082200
2021-11-16,1.7272056341171265,1.7507584152465263,1.7193547070739932,3286700
2021-11-17,1.7272056341171265,1.7429074882033933,1.7193547070739932,5798800
2021-11-18,1.7350566387176514,1.7586094208998655,1.72720571132358,8264300
2021-11-19,1.7350566387176514,1.7664603482939372,1.72720571132358,5561100
2021-11-22,1.7429076433181765,1.76646042654372,1.7350567155763283,1728400
2021-11-23,1.7272056341171265,1.7507584152465263,1.7193547070739932,3154600
2021-11-24,1.7350566387176514,1.7586094208998655,1.72720571132358,2779000
2021-11-25,1.7350566387176514,1.7507584935057945,1.72720571132358,2456200
2021-11-26,1.750758409500122,1.750758409500122,1.7115037744132984,3924400
2021-11-29,1.7272056341171265,1.7507584152465263,1.6958019259445931,6256300
2021-11-30,1.7193548679351809,1.7429076512681565,1.672249301269229,22092300
2021-12-01,1.6958022117614746,1.7115040684941911,1.6486964543824276,10161400
2021-12-02,1.6722493171691897,1.6958021007261082,1.648696346431386,7464900
2021-12-06,1.7036532163619995,1.7036532163619995,1.6486965281574213,8752500
2021-12-07,1.664398431777954,1.7036532636364747,1.656547502842432,7752000
2021-12-08,1.7036532163619995,1.7036532163619995,1.6565474568750889,8522200
2021-12-09,1.7115041017532349,1.7115041017532349,1.6801003876775444,1902200
2021-12-10,1.6879513263702393,1.7115041120689665,1.6879513263702393,1334000
2021-12-13,1.6879513263702393,1.703653183502724,1.6801003978039968,3540300
2021-12-14,1.6722493171691897,1.6958021007261082,1.6722493171691897,5857200
2021-12-15,1.6958022117614746,1.7115040684941911,1.6722494266623995,8283300
2021-12-16,1.6958022117614746,1.7115040684941911,1.6879512833951162,7321800
2021-12-17,1.6958022117614746,1.7115040684941911,1.6879512833951162,11109600
2021-12-20,1.7115041017532349,1.7272059587910802,1.6879513161964672,4385700
2021-12-21,1.6958022117614746,1.7350568535932664,1.6879512833951162,5181900
2021-12-22,1.7036532163619995,1.7115041450796669,1.695802287644332,5256100
2021-12-23,1.7272056341171265,1.73505656116026,1.6958019259445931,3233800
2021-12-24,1.750758409500122,1.750758409500122,1.7193547014306632,1358700
2021-12-27,1.7743114233016968,1.7821623513489255,1.7350567830655532,2611000
2021-12-28,1.758609652519226,1.7821624378034824,1.7429077956630552,4991400
2021-12-29,1.7900131940841677,1.7900131940841677,1.7586094833919528,4469700
2021-12-30,1.7978641986846924,1.8057151266936733,1.7664604866487674,4386800
2021-12-31,1.821416974067688,1.821416974067688,1.766460478265628,6502500
2022-01-03,1.8057153224945068,1.821417180215084,1.7743116070533531,3837800
2022-01-04,1.8057153224945068,1.8135662513547952,1.7586097493327766,4232400
2022-01-05,1.7978641986846924,1.8135660547026544,1.78216234266673,3921300
2022-01-06,1.7821624279022217,1.8057152130556249,1.758609642748819,7211800
2022-01-07,1.7978641986846924,1.8135660547026544,1.7664604866487674,3787100
2022-01-10,1.7978641986846924,1.8057151266936733,1.7743114146577488,2376900
2022-01-11,1.7978641986846924,1.8057151266936733,1.78216234266673,5590800
2022-01-12,1.7900131940841677,1.8135659771033288,1.7743113387380602,3887300
2022-01-13,1.7821624279022217,1.8057152130556249,1.7743114995177542,5308400
2022-01-14,1.766460418701172,1.7821622741151564,1.7507585632871876,4383700
2022-01-17,1.766460418701172,1.7821622741151564,1.7429076355801951,3255800
2022-01-19,1.758609652519226,1.774311509375397,1.7507587240911406,3306100
2022-01-20,1.7350566387176514,1.7586094208998655,1.72720571132358,4768500
2022-01-21,1.7272056341171265,1.7429074882033933,1.7193547070739932,2896900
2022-01-24,1.7036532163619995,1.742907859950337,1.7036532163619995,3783500
2022-01-25,1.6958022117614746,1.7115040684941911,1.6879512833951162,5116500
2022-01-26,1.7272056341171265,1.7429074882033933,1.6958019259445931,6133100
2022-01-27,1.7193548679351809,1.7586095068234735,1.711503940157522,7115100
2022-01-28,1.7193548679351809,1.7429076512681565,1.7193548679351809,8404800
2022-01-31,1.6879513263702393,1.7272059692014514,1.6801003978039968,7254000
2022-02-03,1.7350566387176514,1.7350566387176514,1.6958020017472943,2837500
2022-02-04,1.7272056341171265,1.73505656116026,1.71150378003086,849900
2022-02-07,1.7193548679351809,1.7429076512681565,1.7193548679351809,4208000
2022-02-08,1.7193548679351809,1.735056723490498,1.711503940157522,4878200
2022-02-09,1.7350566387176514,1.7586094208998655,1.72720571132358,4881200
2022-02-10,1.766460418701172,1.766460418701172,1.735056707873203,4581200
2022-02-11,1.750758409500122,1.7664602635348516,1.7429074824827575,3270600
2022-02-14,1.7900131940841677,1.797864121757221,1.742907628045845,5598600
2022-02-15,1.7900131940841677,1.797864121757221,1.742907628045845,6533900
2022-02-16,1.7743114233016968,1.805715135490612,1.7586095672072397,4822800
2022-02-17,1.8135660886764529,1.8135660886764529,1.7743114478961837,7571800
2022-02-18,1.7978641986846924,1.8057151266936733,1.790013270675711,3861100
2022-02-21,1.8057153224945068,1.8057153224945068,1.7821625359136417,11157600
2022-02-22,1.821416974067688,1.8292679020394107,1.7978641901525194,11266600
2022-02-23,1.8135660886764529,1.82926794498856,1.8057151605203987,7999600
2022-02-24,1.8057153224945068,1.829268109075372,1.7821625359136417,8031400
2022-02-25,1.8135660886764529,1.844969801300668,1.8057151605203987,6388300
2022-02-28,1.7821624279022217,1.8292679982090276,1.782162427902222,20419100
2022-03-01,1.8057153224945068,1.8449699667959487,1.79001346477393,11522100
2022-03-02,1.7900131940841677,1.8214169047763824,1.782162266411114,7304000
2022-03-03,1.837118864059448,1.8449697921766768,1.7978642234733064,11332000
2022-03-04,1.7978641986846924,1.8371188387295985,1.790013270675711,8249400
2022-03-07,1.7821624279022217,1.8057152130556249,1.758609642748819,3885900
2022-03-08,1.758609652519226,1.7821624378034824,1.7429077956630552,7360900
2022-03-09,1.766460418701172,1.7978641295291409,1.735056707873203,8485500
2022-03-10,1.7900131940841677,1.805715049430275,1.7586094833919528,7829600
2022-03-11,1.7821624279022217,1.8057152130556249,1.7743114995177542,1788500
2022-03-14,1.7821624279022217,1.8057152130556249,1.782162427902222,1364300
2022-03-15,1.766460418701172,1.805715057236133,1.7429076355801951,5124600
2022-03-16,1.758609652519226,1.7821624378034824,1.758609652519226,4751500
2022-03-17,1.7821624279022217,1.797864284671157,1.758609642748819,8667300
2022-03-18,1.7743114233016968,1.7821623513489255,1.7586095672072397,18145200
2022-03-21,1.7743114233016968,1.7821623513489255,1.7586095672072397,4689500
2022-03-22,1.7900131940841677,1.797864121757221,1.7664604110650064,8143200
2022-03-23,1.852820873260498,1.8763738467375783,1.790013443137368,12198300
2022-03-24,1.837118864059448,1.8606716484111328,1.837118864059448,5931900
2022-03-25,1.994137525558472,1.994137525558472,1.8371187829642317,34866000
2022-03-28,1.954882860183716,1.994137498504497,1.931330077191247,13307200
2022-03-29,1.884224534034729,1.9548828838682004,1.86852267851618,20420900
2022-03-30,1.8920754194259644,1.9156282021763855,1.860671521911191,14818100
2022-03-31,1.884224534034729,1.907777317312553,1.852820635816748,12930500
2022-04-01,1.884224534034729,1.8999263895532783,1.852820635816748,9319900
2022-04-04,1.8685226440429688,1.8920754268862567,1.8606715292476603,4402100
2022-04-05,1.884224534034729,1.892075461794004,1.8449697080574736,8128400
2022-04-06,1.884224534034729,1.892075461794004,1.86852267851618,5887800
2022-04-07,1.8685226440429688,1.8920754268862567,1.852820601633231,9142500
2022-04-08,1.9234790802001955,1.947031862343764,1.8606714739698047,14728600
2022-04-11,1.9234790802001955,1.9391809349625744,1.8999262980566265,12155500
2022-04-12,1.8920754194259644,1.9234791297598597,1.8842244918424904,7420000
2022-04-13,1.8999263048172,1.9077772322263256,1.884224449998948,11577100
2022-04-14,1.8999263048172,1.9156281596354516,1.8920753774080736,6820700
2022-04-15,1.8920754194259644,1.907777274592912,1.8842244918424904,4972100
2022-04-18,1.8920754194259644,1.9234791297598597,1.8763735642590167,1687700
2022-04-20,1.8999263048172,1.9077772322263256,1.884224449998948,7789700
2022-04-21,1.8763737678527832,1.907777481594102,1.8685228394174536,9752500
2022-04-22,1.8763737678527832,1.8999265531587723,1.8606717238012247,7279200
2022-04-25,1.8683890104293823,1.8843581326270475,1.8364507660340523,5696300
2022-04-26,1.892342448234558,1.892342448234558,1.8604042079825376,6085600
2022-04-27,1.860404372215271,1.876373493751003,1.852419811447405,3354500
2022-04-28,1.876373529434204,1.876373529434204,1.836450724835658,4668100
2022-04-29,1.8683890104293823,1.8843581326270475,1.852419888231717,6542800
2022-05-05,1.876373529434204,1.8923426512736223,1.8604044075947856,7818700
2022-05-06,1.860404372215271,1.876373493751003,1.8444352506795392,8330300
2022-05-09,1.8364509344100952,1.8763737435646035,1.804512687086489,6618800
2022-05-10,1.892342448234558,1.892342448234558,1.8204814076675124,8480500
2022-05-11,1.876373529434204,1.8843580903539132,1.8524198466750763,5424600
2022-05-12,1.876373529434204,1.924281085319408,1.8524198466750763,7158600
2022-05-13,1.8683890104293823,1.9003274451916647,1.8604044493305496,6269300
2022-05-17,1.8284660577774048,1.908311852706568,1.804512376408737,12933300
2022-05-18,1.8364509344100952,1.8683891817337015,1.8284663725791936,11140800
2022-05-19,1.8364509344100952,1.8683891817337015,1.820481810748292,7808900
2022-05-20,1.8364509344100952,1.8524200580718984,1.8284663725791936,1967700
2022-05-23,1.820481538772583,1.85241978132469,1.8045124174965292,3203400
2022-05-24,1.7965277433395386,1.8444351041405296,1.7805586230725414,6813100
2022-05-25,1.7326514720916748,1.7965279608949596,1.7007132276900323,13152600
2022-05-26,1.7326514720916748,1.748620594292496,1.7326514720916748,2215800
2022-05-27,1.748620629310608,1.764589751831229,1.732651506789987,4339100
2022-05-30,1.748620629310608,1.7566051905709186,1.748620629310608,2302200
2022-05-31,1.748620629310608,1.7725743130915397,1.7406360680502977,16250700
2022-06-01,1.748620629310608,1.78055887435185,1.7406360680502977,2751500
2022-06-02,1.7725743055343628,1.780558866760632,1.740636060629286,6346800
2022-06-03,1.7725743055343628,1.780558866760632,1.740636060629286,5043200
2022-06-07,1.7965277433395386,1.804512303473037,1.7566049426720458,7560200
2022-06-08,1.80451238155365,1.844435183948588,1.7965278210746622,7200600
2022-06-09,1.7965277433395386,1.812496863606536,1.7805586230725414,6271700
2022-06-10,1.7566049098968506,1.788543149834933,1.7566049098968506,2659700
2022-06-13,1.748620629310608,1.7725743130915397,1.732651506789987,5676200
2022-06-14,1.7406359910964966,1.7486205520038085,1.724666869281873,6428300
2022-06-15,1.7007131576538086,1.7406359615118203,1.6927284065152612,8388100
2022-06-16,1.7166823148727417,1.7246668758102777,1.6927284416931854,6752700
2022-06-17,1.7007131576538086,1.7086977184254108,1.6847438457436588,12885200
2022-06-20,1.724666953086853,1.7326515143821504,1.692728517538706,4277200
2022-06-21,1.724666953086853,1.748620636972745,1.708697830496258,6752000
2022-06-22,1.70869779586792,1.7326514792683685,1.70869779586792,5807900
2022-06-23,1.7166823148727417,1.7246668758102777,1.6927284416931854,7267900
2022-06-24,1.6847440004348757,1.7086978753160442,1.6847440004348757,6608600
2022-06-27,1.7166823148727417,1.7166823148727417,1.668774758880578,4721400
2022-06-28,1.724666953086853,1.7566051982680426,1.6847439562434086,8306900
2022-06-29,1.7406359910964966,1.75660511291112,1.7166823083745613,6506200
2022-06-30,1.7007131576538086,1.7645896438266275,1.7007131576538086,7162400
2022-07-01,1.724666953086853,1.7406360756774475,1.692728517538706,2832500
2022-07-04,1.7326514720916748,1.7406360331920854,1.7086977887904429,1534900
2022-07-05,1.7326514720916748,1.7566051553929063,1.7166823498908534,4145500
2022-07-06,1.7566049098968506,1.7725740298658916,1.7246666699587685,5375300
2022-07-07,1.7566049098968506,1.7725740298658916,1.732651229943289,3204100
2022-07-08,1.7406359910964966,1.75660511291112,1.7326514301891849,3591700
2022-07-12,1.70869779586792,1.7486206015353345,1.6927284832340006,4217800
2022-07-13,1.7166823148727417,1.7406359976853492,1.708697753935206,7730600
2022-07-14,1.7326514720916748,1.748620594292496,1.7007132276900323,5947200
2022-07-15,1.7725743055343628,1.780558866760632,1.7246669381767477,3372900
2022-07-18,1.7965277433395386,1.7965277433395386,1.7566049426720458,5152100
2022-07-19,1.8284660577774048,1.8364506182336275,1.7566050136714015,8895600
2022-07-20,1.7965277433395386,1.8284659838735329,1.78854318320604,9535900
2022-07-21,1.8124971389770508,1.8364508230168008,1.7885434549373007,4915000
2022-07-22,1.8444355726242063,1.8444355726242063,1.804512761816384,5691200
2022-07-25,1.876373529434204,1.8843580903539132,1.8444352857553672,8315400
2022-07-26,1.876373529434204,1.8923426512736223,1.8444352857553672,6962200
2022-07-27,1.8683890104293823,1.89234269372588,1.8604044493305496,13356700
2022-07-28,1.876373529434204,1.924281085319408,1.8604044075947856,7915600
2022-07-29,1.8683890104293823,1.8843581326270475,1.8604044493305496,7507800
2022-08-01,1.9162966012954712,1.9242811625355791,1.876373604727975,6032900
2022-08-02,1.924281120300293,1.924281120300293,1.884358124609051,7705800
2022-08-03,1.8843580484390257,1.9162964817743855,1.876373487696922,7041100
2022-08-04,1.892342448234558,1.9162963187905016,1.876373328108548,10175800
2022-08-05,1.876373529434204,1.9003274025602803,1.8524198466750763,6733400
2022-08-08,1.860404372215271,1.8923426152867349,1.8444352506795392,2730300
2022-08-09,1.8683890104293823,1.8683890104293823,1.8444353271328848,8423800
2022-08-10,1.8364509344100952,1.8763737435646035,1.8284663725791936,9562600
2022-08-11,1.8444355726242063,1.8763738212704648,1.8284664483010773,11171700
2022-08-12,1.8364509344100952,1.8444354962409968,1.8284663725791936,6213800
2022-08-15,1.860404372215271,1.868388932983137,1.8284661291438076,4959300
2022-08-16,1.8364509344100952,1.8843583053955049,1.8284663725791936,9248300
2022-08-17,1.85241973400116,1.8763734153032985,1.828466052699021,10500200
2022-08-18,1.876373529434204,1.8923426512736223,1.8524198466750763,6524000
2022-08-19,1.8843580484390257,1.900327360290178,1.868388926954818,6960000
2022-08-22,1.8843580484390257,1.900327360290178,1.868388926954818,9663600
2022-08-23,1.876373529434204,1.8923426512736223,1.8604044075947856,7109400
2022-08-24,1.8444355726242063,1.900327698122136,1.8444355726242063,10612900
2022-08-25,1.860404372215271,1.876373493751003,1.852419811447405,8358000
2022-08-26,1.876373529434204,1.8843580903539132,1.8604044075947856,5891400
2022-08-29,1.8683890104293823,1.89234269372588,1.852419888231717,6146800
2022-08-30,1.8284660577774048,1.8843579809709627,1.8284660577774048,32350700
2022-09-01,1.8284660577774048,1.8364506182336275,1.7965278159525144,7347400
2022-09-02,1.860404372215271,1.8923426152867349,1.8045124468402092,6123800
2022-09-05,1.860404372215271,1.876373493751003,1.852419811447405,1802500
2022-09-06,1.8284660577774048,1.8683888600585177,1.8284660577774048,7086700
2022-09-07,1.865613341331482,1.8821231782342824,1.824338749074481,7096800
2022-09-08,1.8903779983520508,1.8986329163740467,1.857358326264066,8283300
2022-09-09,1.840848445892334,1.8903779528316371,1.8243386102458996,3631700
2022-09-12,1.840848445892334,1.8738681171852027,1.8243386102458996,4836600
2022-09-13,1.8491034507751465,1.865613287198898,1.8408485325632704,2430400
2022-09-14,1.824338674545288,1.86561326511611,1.824338674545288,6779400
2022-09-15,1.8160837888717647,1.8491034619182525,1.8160837888717647,16922900
2022-09-19,1.8160837888717647,1.824338707133387,1.7665542793020348,9798600
2022-09-20,1.8573583364486692,1.873868172583192,1.8160837461123644,4792600
2022-09-21,1.8160837888717647,1.8491034619182525,1.7830641158252782,9442400
2022-09-22,1.8078289031982424,1.816083821608668,1.783064147966965,5150500
2022-09-23,1.7830642461776731,1.816083921638091,1.774809327312569,4239600
2022-09-26,1.7913192510604858,1.807829089583484,1.7748094125374878,6426700
2022-09-27,1.7748092412948608,1.8160838336199732,1.7665543228298384,8633100
2022-09-28,1.766554355621338,1.7830641928578452,1.7500443215720465,11572700
2022-09-29,1.7582993507385254,1.783064105378294,1.7582993507385254,8646900
2022-09-30,1.766554355621338,1.7748092742395916,1.7582994370030844,5477400
2022-10-03,1.7500444650650024,1.766554500468016,1.7417895457698958,2977700
2022-10-04,1.7748092412948608,1.7830641597598835,1.758299404364816,4477900
2022-10-05,1.8160837888717647,1.824338707133387,1.7830641158252782,2671400
2022-10-06,1.7995740175247192,1.824338773206504,1.7913190989641243,5045000
2022-10-07,1.7995740175247192,1.8160838546459088,1.7830641804035297,2198200
2022-10-11,1.7582993507385254,1.807828860018062,1.7500442357124946,2338100
2022-10-12,1.7500444650650024,1.766554500468016,1.7417895457698958,5804600
2022-10-13,1.7748092412948608,1.7830641597598835,1.7417893706219902,2964400
2022-10-14,1.7830642461776731,1.816083921638091,1.7665544084474645,8314300
2022-10-17,1.7913192510604858,1.807829089583484,1.766554493275989,3148400
2022-10-18,1.7913192510604858,1.7995741703219847,1.7830643317989867,1817200
2022-10-19,1.824338674545288,1.824338674545288,1.783064083974466,5478000
2022-10-20,1.8160837888717647,1.8325936253950088,1.7995739523485217,9536200
2022-10-21,1.8160837888717647,1.8325936253950088,1.8078288706101435,3358200
2022-10-25,1.8160837888717647,1.8408485436566304,1.7995739523485217,7815700
2022-10-26,1.824338674545288,1.840848510773617,1.816083756431124,5337900
2022-10-27,1.8160837888717647,1.8325936253950088,1.8160837888717647,4763200
2022-10-28,1.824338674545288,1.840848510773617,1.7995739202027947,4386900
2022-10-31,1.8573583364486692,1.8656132545159303,1.824338664179625,3928000
2022-11-01,1.8078289031982424,1.8573584136607963,1.7913190663773908,8117400
2022-11-02,1.8078289031982424,1.816083821608668,1.7995739847878165,4107700
2022-11-03,1.7995740175247192,1.8160838546459088,1.7913190989641243,4050600
2022-11-04,1.8160837888717647,1.8160837888717647,1.7995739523485217,2734800
2022-11-07,1.8325936794281008,1.857358434943142,1.816083842418073,2996900
2022-11-08,1.8160837888717647,1.8408485436566304,1.8078288706101435,3260700
2022-11-09,1.8160837888717647,1.8325936253950088,1.8078288706101435,6019400
2022-11-10,1.824338674545288,1.8325935926594523,1.7995739202027947,3734600
2022-11-11,1.8573583364486692,1.8656132545159303,1.824338664179625,6444600
2022-11-14,1.8738682270050049,1.873868227005005,1.849103472083992,2805000
2022-11-15,1.840848445892334,1.88212303500842,1.8243386102458996,6366000
2022-11-16,1.8160837888717647,1.8408485436566304,1.8078288706101435,8851500
2022-11-17,1.8160837888717647,1.824338707133387,1.7913190340869,7877000
2022-11-21,1.840848445892334,1.8491033637155512,1.7913189389530304,3933400
2022-11-22,1.8160837888717647,1.8573583801798736,1.8078288706101435,6450100
2022-11-23,1.8078289031982424,1.840848576839945,1.8078289031982424,7886700
2022-11-24,1.8986331224441528,1.931652798115962,1.8160839332646297,15473500
2022-11-25,1.8325936794281008,1.898633027468211,1.8325936794281008,13861000
2022-11-29,1.8160837888717647,1.8325936253950088,1.7995739523485217,13412200
2022-11-30,1.7748092412948608,1.824338752084996,1.7748092412948608,25841700
2022-12-01,1.7913192510604858,1.807829089583484,1.7830643317989867,12212400
2022-12-02,1.7913192510604858,1.8160840088449828,1.7748094125374878,7724800
2022-12-05,1.7913192510604858,1.807829089583484,1.7830643317989867,4787900
2022-12-06,1.8160837888717647,1.8160837888717647,1.7913190340869,9260500
2022-12-07,1.8160837888717647,1.8325936253950088,1.8078288706101435,11896100
2022-12-08,1.8078289031982424,1.8325936584295195,1.8078289031982424,7533500
2022-12-09,1.8078289031982424,1.8325936584295195,1.7913190663773908,9970300
2022-12-12,1.8078289031982424,1.816083821608668,1.7995739847878165,2093900
2022-12-13,1.8078289031982424,1.8243387400190936,1.7913190663773908,6664600
2022-12-14,1.8491034507751465,1.8573583689870223,1.807828859715768,6888400
2022-12-15,1.824338674545288,1.8491034288877808,1.816083756431124,2968600
2022-12-16,1.8160837888717647,1.8325936253950088,1.8160837888717647,7346100
2022-12-19,1.8160837888717647,1.8821231349647392,1.8078288706101435,9873000
2022-12-20,1.8078289031982424,1.8325936584295195,1.7995739847878165,4862800
2022-12-21,1.7748092412948608,1.8160838336199732,1.758299404364816,6472700
2022-12-22,1.8160837888717647,1.8160837888717647,1.7830641158252782,5574700
2022-12-23,1.8078289031982424,1.8243387400190936,1.783064147966965,2476700
2022-12-27,1.8325936794281008,1.8325936794281008,1.816083842418073,5392100
2022-12-28,1.8078289031982424,1.8325936584295195,1.7995739847878165,7037800
2022-12-29,1.824338674545288,1.824338674545288,1.8078288383169592,6678900
2022-12-30,1.8986331224441528,1.8986331224441528,1.791319176510773,15052400
2023-01-03,1.8160837888717647,1.8408485436566304,1.8160837888717647,3697700
2023-01-04,1.8491034507751465,1.865613287198898,1.8160837779276435,5004700
2023-01-05,1.8491034507751465,1.8738682054107736,1.832593614351395,3548700
2023-01-06,1.8986331224441528,1.906888041362105,1.8408486900184864,6192000
2023-01-09,1.9151428937911987,1.9233978124225608,1.8986330565284733,3528400
2023-01-10,1.8903779983520508,1.9233976704400355,1.8821230803300544,13741400
2023-01-11,1.906888127326965,1.91514304661706,1.8738684501665883,5493200
2023-01-12,1.8738682270050049,1.9068879002330228,1.873868227005005,8154900
2023-01-13,1.906888127326965,1.91514304661706,1.8821233694566828,12025500
2023-01-16,1.964672565460205,1.964672565460205,1.9068879393141185,6204400
2023-01-17,1.964672565460205,1.972927483936392,1.9399076132188644,5768400
2023-01-18,1.956417441368103,1.964672556619926,1.939907604490018,2632600
2023-01-19,1.972927451133728,1.989437287811602,1.9399075809652024,8037500
2023-01-20,1.964672565460205,1.9894373208887648,1.948162531695051,5800500
2023-01-25,1.9316526651382449,1.9729274536993824,1.9233977467885728,3972000
2023-01-26,1.9233977794647217,1.9646725687270672,1.915142860974809,7586400
2023-01-27,1.939907670021057,1.9481625887389549,1.9233978325852612,1762000
2023-01-30,1.9233977794647217,1.94816253493446,1.9233977794647217,4247700
2023-01-31,1.906888127326965,1.939907804487342,1.906888127326965,8339900
2023-02-02,1.9316526651382449,1.9399075834879165,1.9068879100892289,5014300
2023-02-03,1.939907670021057,1.9481625887389549,1.9233978325852612,4795600
2023-02-07,1.9233977794647217,1.9399076164445472,1.9233977794647217,2638700
2023-02-08,1.9233977794647217,1.9399076164445472,1.9233977794647217,1882900
2023-02-09,1.9151428937911987,1.9233978124225608,1.906887975159836,2551200
2023-02-10,1.9316526651382449,1.9399075834879165,1.9151428284389005,364400
2023-02-13,1.9151428937911987,1.9399076496852867,1.9151428937911987,5175900
2023-02-14,1.9151428937911987,1.931652731053924,1.906887975159836,7691600
2023-02-15,1.9316526651382449,1.9316526651382444,1.9068879100892289,4159500
2023-02-16,1.9151428937911987,1.9481625683166488,1.906887975159836,6365600
2023-02-17,1.9151428937911987,1.9233978124225608,1.906887975159836,4330400
2023-02-20,1.9233977794647217,1.9316526979546345,1.906887942484896,573500
2023-02-21,1.9151428937911987,1.931652731053924,1.906887975159836,2602000
2023-02-22,1.906888127326965,1.931652885197248,1.898633208036871,2574600
2023-02-23,1.8903779983520508,1.915142752418039,1.8656132442860625,7448900
2023-02-24,1.8986331224441528,1.906888041362105,1.873868365690296,6134700
2023-02-27,1.8903779983520508,1.906887834396043,1.8656132442860625,3822700
2023-02-28,1.8738682270050049,1.8986329819260184,1.873868227005005,7509200
2023-03-01,1.8821229934692385,1.8903779111102663,1.8573582405461544,4373500
2023-03-02,1.8821229934692385,1.8986328287512944,1.8573582405461544,3287000
2023-03-03,1.865613341331482,1.898633015137083,1.865613341331482,5101100
2023-03-06,1.8491034507751465,1.865613287198898,1.8408485325632704,7093500
2023-03-07,1.824338674545288,1.8573583470019457,1.816083756431124,10340900
2023-03-08,1.8160837888717647,1.8325936253950088,1.8078288706101435,6905900
2023-03-09,1.807714819908142,1.8244529034646688,1.7993457781298787,13288300
2023-03-10,1.807714819908142,1.832821945242932,1.7909767363516154,5643900
2023-03-13,1.807714819908142,1.8160838616864052,1.782607694573352,10995500
2023-03-14,1.790976643562317,1.8077147262516549,1.790976643562317,6847900
2023-03-15,1.790976643562317,1.8077147262516549,1.7742383613392942,6608700
2023-03-16,1.7742384672164917,1.7909767504383671,1.7575003835283134,6823000
2023-03-17,1.807714819908142,1.849560028799459,1.782607694573352,23799100
2023-03-20,1.782607913017273,1.8328221698401967,1.782607913017273,5089500
2023-03-21,1.790976643562317,1.8077147262516549,1.790976643562317,5318600
2023-03-22,1.807714819908142,1.8244529034646688,1.782607694573352,9427100
2023-03-23,1.7993457317352295,1.824452856422653,1.790976690172755,6079800
2023-03-24,1.7993457317352295,1.8160838148601783,1.7993457317352295,5528500
2023-03-27,1.7742384672164917,1.8160838759706348,1.7742384672164917,5522800
2023-03-28,1.7993457317352295,1.807714773297704,1.774238407514116,4931800
2023-03-29,1.841190814971924,1.8495598559681456,1.807714650987036,7411000
2023-03-30,1.807714819908142,1.8411909870211955,1.7993457781298787,8523400
2023-03-31,1.7993457317352295,1.824452856422653,1.790976690172755,7176400
2023-04-03,1.8328219652175903,1.8328219652175903,1.7909767558702316,6713600
2023-04-04,1.8328219652175903,1.849560048956534,1.8244529233481184,2750300
2023-04-05,1.8328219652175903,1.8579290908260055,1.8328219652175903,1970800
2023-04-06,1.841190814971924,1.8495598559681456,1.82445273297948,8518800
2023-04-07,1.841190814971924,1.8495598559681456,1.807714650987036,8129700
2023-04-10,1.7993457317352295,1.8495599811100765,1.790976690172755,3830100
2023-04-11,1.7993457317352295,1.807714773297704,1.790976690172755,2492200
2023-04-12,1.8160837888717647,1.8160837888717647,1.7909766645436282,4193100
2023-04-13,1.807714819908142,1.8160838616864052,1.7993457781298787,1500000
2023-04-14,1.8160837888717647,1.8160837888717647,1.807714747429053,1151200
2023-04-17,1.807714819908142,1.8244529034646688,1.7993457781298787,4773500
2023-04-18,1.8160837888717647,1.8160837888717647,1.807714747429053,1452500
2023-04-19,1.790976643562317,1.8244528089409928,1.782607602217648,5685700
2023-04-20,1.7993457317352295,1.807714773297704,1.7826076486102804,3415500
2023-04-25,1.807714819908142,1.8160838616864052,1.7993457781298787,2813500
2023-04-26,1.807714819908142,1.8160838616864052,1.782607694573352,8141600
2023-04-27,1.8160837888717647,1.8160837888717647,1.7993457059863405,1911600
2023-04-28,1.8160837888717647,1.8244528303144776,1.7993457059863405,5723900
2023-05-02,1.807714819908142,1.832821945242932,1.807714819908142,3101900
2023-05-03,1.7993457317352295,1.807714773297704,1.7993457317352295,3127200
2023-05-05,1.7993457317352295,1.8160838148601783,1.790976690172755,4534200
2023-05-08,1.7993457317352295,1.807714773297704,1.7993457317352295,2359300
2023-05-09,1.790976643562317,1.8077147262516549,1.790976643562317,2494600
2023-05-10,1.7993457317352295,1.7993457317352295,1.7826076486102804,1434500
2023-05-11,1.790976643562317,1.799345684906986,1.7742383613392942,3514500
2023-05-12,1.7742384672164917,1.7909767504383671,1.7742384672164917,4309100
2023-05-15,1.7742384672164917,1.7826077085942778,1.7658694253724023,2419600
2023-05-16,1.765869379043579,1.7742384206681006,1.7575003374190574,1989700
2023-05-17,1.7575005292892456,1.774238614365622,1.7575005292892456,1517100
2023-05-18,1.765869379043579,1.7742384206681006,1.7575003374190574,2065600
2023-05-19,1.7742384672164917,1.7909767504383671,1.7658694253724023,1799000
2023-05-22,1.790976643562317,1.790976643562317,1.7658693199946252,4601400
2023-05-23,1.782607913017273,1.7993459986249143,1.7742386706797326,4294300
2023-05-24,1.765869379043579,1.7826076618263136,1.7575003374190574,3908100
2023-05-25,1.7323933839797974,1.7658695537906206,1.7323933839797974,3225600
2023-05-26,1.7240240573883057,1.740762139535091,1.7072859752415204,2655600
2023-05-29,1.7156553268432615,1.732393412019589,1.7156553268432615,960300
2023-05-30,1.698917031288147,1.7240241559435947,1.698917031288147,3110400
2023-05-31,1.7323933839797974,1.7323933839797974,1.6905481717162685,13348300
2023-06-01,1.70728600025177,1.7240240826437536,1.6905479178597866,5292900
2023-06-02,1.7323933839797974,1.7407624264325032,1.7072862566216798,4809900
2023-06-06,1.6654409170150757,1.7407622933301992,1.6654409170150757,7603300
2023-06-07,1.698917031288147,1.7072860728399628,1.6654408650808834,4229000
2023-06-08,1.70728600025177,1.7156550414477618,1.6570717530758194,6249500
2023-06-09,1.6738098859786987,1.7156550932214287,1.6738098859786987,5137600
2023-06-12,1.6821788549423218,1.6989169371181714,1.6738098138543969,3095100
2023-06-13,1.690548062324524,1.698917104235687,1.6821790204133609,3339900
2023-06-14,1.7240240573883057,1.7323930984616982,1.6989169341681278,3038500
2023-06-15,1.698917031288147,1.7240241559435947,1.6905479897363311,1812800
2023-06-16,1.698917031288147,1.7407622390472264,1.698917031288147,15430400
2023-06-19,1.7323933839797974,1.7323933839797974,1.6905481717162685,1968000
2023-06-20,1.7323933839797974,1.7323933839797974,1.7072862566216798,3068400
2023-06-21,1.7156553268432615,1.732393412019589,1.707286284255098,2898600
2023-06-22,1.7156553268432615,1.732393412019589,1.707286284255098,3890100
2023-06-23,1.7156553268432615,1.732393412019589,1.707286284255098,3275300
2023-06-26,1.7156553268432615,1.732393412019589,1.7156553268432615,2656800
2023-06-27,1.7156553268432615,1.732393412019589,1.7156553268432615,2076300
2023-06-28,1.7240240573883057,1.7491311806084835,1.7240240573883057,1694200
2023-06-30,1.7156553268432615,1.732393412019589,1.6989172416669345,5675200
2023-07-03,1.7407621145248413,1.7407621145248413,1.7156549916653878,924200
2023-07-04,1.7156553268432615,1.7407624546077527,1.6989172416669345,4926900
2023-07-05,1.7240240573883057,1.740762139535091,1.7072859752415204,1151500
2023-07-06,1.7240240573883057,1.740762139535091,1.7156550163149131,2233300
2023-07-07,1.7156553268432615,1.7407624546077527,1.7156553268432615,2059900
2023-07-10,1.7240240573883057,1.7491311806084835,1.7156550163149131,2568700
2023-07-11,1.7575005292892456,1.7658695718274338,1.7240243591364923,3070400
2023-07-12,1.782607913017273,1.7993459986249143,1.7575005850720915,3760700
2023-07-13,1.782607913017273,1.7993459986249143,1.7742386706797326,2555000
2023-07-14,1.765869379043579,1.7993457450753567,1.7575003374190574,4219700
2023-07-17,1.7491310834884644,1.7742382053145762,1.7407620428797603,2249700
2023-07-18,1.7240240573883057,1.7575002216818765,1.7156550163149131,5162100
2023-07-20,1.7323933839797974,1.7407624264325032,1.7156552990743856,6189600
2023-07-21,1.790976643562317,1.790976643562317,1.7323931546159494,3389000
2023-07-24,1.7742384672164917,1.7909767504383671,1.7575003835283134,4074100
2023-07-25,1.807714819908142,1.8160838616864052,1.76586941148313,3685400
2023-07-26,1.7993457317352295,1.8160838148601783,1.790976690172755,2234400
2023-07-27,1.8160837888717647,1.8244528303144776,1.7993457059863405,1677500
2023-07-28,1.7993457317352295,1.8160838148601783,1.790976690172755,3100500
2023-07-31,1.8244528770446775,1.8411909603588197,1.807714793730536,4601800
2023-08-01,1.8160837888717647,1.8495599546426147,1.8160837888717647,4141400
2023-08-02,1.8244528770446775,1.8328219187017485,1.8160838353876068,2561500
2023-08-03,1.8244528770446775,1.8411909603588197,1.8160838353876068,4723900
2023-08-04,1.8244528770446775,1.8411909603588197,1.8160838353876068,1345300
2023-08-07,1.8244528770446775,1.8411909603588197,1.8244528770446775,1950200
2023-08-08,1.8579288721084597,1.8579288721084597,1.8244527085714253,2713300
2023-08-09,1.841190814971924,1.857928896964368,1.832821773975702,4198700
2023-08-10,1.7993457317352295,1.841190939547602,1.7993457317352295,3621000
2023-08-11,1.8160837888717647,1.8244528303144776,1.7826076231009158,2818500
2023-08-14,1.807714819908142,1.8411909870211955,1.7993457781298787,5341000
2023-08-15,1.807714819908142,1.8160838616864052,1.7993457781298787,5417700
2023-08-16,1.807714819908142,1.8160838616864052,1.7993457781298787,5672100
2023-08-17,1.790976643562317,1.816083767596324,1.790976643562317,4508100
2023-08-18,1.765869379043579,1.7909767034508353,1.7575003374190574,8738600
2023-08-21,1.765869379043579,1.7826076618263136,1.749131295794536,6265100
2023-08-22,1.765869379043579,1.7909767034508353,1.7575003374190574,6034700
2023-08-23,1.7575005292892456,1.774238614365622,1.7491314867510572,8844800
2023-08-24,1.765869379043579,1.765869379043579,1.749131295794536,4847800
2023-08-25,1.841190814971924,1.8830360199530336,1.816083691983258,33271600
2023-08-28,1.8579288721084597,1.924881199182528,1.8411907903399425,15633500
2023-08-29,1.8914053440093996,1.908143428506798,1.857929175014602,13305200
2023-08-30,1.9248813390731807,1.9248813390731807,1.874667090118312,13501600
2023-09-01,1.9248813390731807,1.941619422058137,1.8997742145957464,11425400
2023-09-04,1.899774193763733,1.9332503593665624,1.8914051523630255,7186600
2023-09-05,1.8746671676635744,1.9165123768568848,1.85792908398625,8258600
2023-09-06,1.8830362558364868,1.8997743399256704,1.874667213791895,7666100
2023-09-07,1.9093111753463743,1.9268277743924056,1.8917945763003436,6547400
2023-09-08,1.9180694818496704,1.9443443805143368,1.9093111822947813,4702800
2023-09-11,1.9093111753463743,1.9268277743924056,1.8917945763003436,2874600
2023-09-12,1.900552749633789,1.918069347516784,1.8742778528092967,4772400
2023-09-13,1.900552749633789,1.918069347516784,1.8830361517507943,3348100
2023-09-14,1.9093111753463743,1.9443443734384367,1.900552875823359,5635000
2023-09-15,1.8830362558364868,1.9443443518158012,1.8830362558364868,19317900
2023-09-18,1.944344162940979,1.9531024615158088,1.891794371492001,7712000
2023-09-19,1.96186101436615,1.970619314076137,1.9355861152361884,4851500
2023-09-20,1.96186101436615,1.970619314076137,1.9355861152361884,7003600
2023-09-21,1.9180694818496704,1.970619279179004,1.9093111822947813,6092500
2023-09-22,1.944344162940979,1.944344162940979,1.9005526700668305,5622700
2023-09-25,1.9355860948562624,1.9531026940918028,1.9180694956207212,4213200
2023-09-26,1.9180694818496704,1.9443443805143368,1.9180694818496704,2452900
2023-09-27,1.9355860948562624,1.9443443944740324,1.909311196002951,5308600
2023-09-29,1.9355860948562624,1.9531026940918028,1.926827795238492,6272500
2023-10-02,1.9355860948562624,1.9443443944740324,1.926827795238492,3166300
2023-10-03,1.9355860948562624,1.9443443944740324,1.909311196002951,10122100
2023-10-04,1.9180694818496704,1.9355860809594485,1.891794583185004,9912700
2023-10-05,1.9268275499343872,1.93558584843714,1.9005526544261289,6523700
2023-10-06,1.9355860948562624,1.9443443944740324,1.926827795238492,5453700
2023-10-09,1.96186101436615,1.970619314076137,1.9355861152361884,7256300
2023-10-10,1.9706193208694456,1.988135920349805,1.9531027213890864,7834300
2023-10-11,2.00565242767334,2.00565242767334,1.9618609309845976,14869400
2023-10-12,1.996894359588623,2.031927560996684,1.996894359588623,11944600
2023-10-13,1.9793776273727417,2.0056525266830563,1.961861027832532,3755300
2023-10-16,1.9706193208694456,1.9968942200899849,1.944344421648907,5965500
2023-10-17,1.9706193208694456,1.988135920349805,1.9618610211292664,4877400
2023-10-18,1.988135814666748,1.996894113941364,1.970619216117516,7969700
2023-10-19,1.988135814666748,2.00565241321598,1.970619216117516,10785600
2023-10-20,1.988135814666748,1.996894113941364,1.970619216117516,5305500
2023-10-23,1.996894359588623,2.005652659940638,1.9793777588845929,5519900
2023-10-24,2.00565242767334,2.0319273256865853,1.9968941283355917,8167600
2023-10-25,1.988135814666748,2.014410712490596,1.979377515392132,3964500
2023-10-26,1.996894359588623,2.0144109602926537,1.988136059236608,3815200
2023-10-27,1.988135814666748,2.014410712490596,1.988135814666748,3945200
2023-10-30,1.996894359588623,2.005652659940638,1.9793777588845929,2585900
2023-10-31,2.00565242767334,2.00565242767334,1.988135828997843,4336500
2023-11-01,1.988135814666748,2.031927311039828,1.970619216117516,10797000
2023-11-02,2.00565242767334,2.0231690263488367,1.988135828997843,7718700
2023-11-03,2.04944372177124,2.0582020202432165,2.014410527883334,10009000
2023-11-06,2.084477186203003,2.101993783665691,2.04068548373197,12856500
2023-11-07,2.0406856536865234,2.0932356592654258,2.014410755304237,11360600
2023-11-08,2.075718879699707,2.10199398725291,2.031927381801591,19215000
2023-11-09,2.084477186203003,2.084477186203003,2.0582020811946578,11877900
2023-11-10,2.04944372177124,2.075718617187169,2.040685423299264,10623000
2023-11-14,2.075718879699707,2.10199398725291,2.049443980960837,12444500
2023-11-15,2.101993560791016,2.128268454199117,2.0757184585686232,22983200
2023-11-16,2.101993560791016,2.1195101563964163,2.093235262988315,15518900
2023-11-17,2.1370272636413574,2.1370272636413574,2.1019940640430304,18425300
2023-11-20,2.084477186203003,2.137026978591067,2.0757186786573456,11357800
2023-11-21,2.084477186203003,2.128268679859723,2.0757186786573456,18736500
2023-11-22,2.093235731124878,2.1019940308863068,2.0757189227876824,6844300
2023-11-23,2.075718879699707,2.10199398725291,2.066960580120084,5685800
2023-11-24,2.075718879699707,2.0932356876732867,2.066960580120084,7637700
2023-11-27,2.084477186203003,2.119510381128378,2.0757186786573456,9547900
2023-11-28,2.101993560791016,2.128268454199117,2.093235262988315,14621100
2023-11-29,2.101993560791016,2.110751858593716,2.0844769651856145,11508200
2023-11-30,2.163301944732666,2.163301944732666,2.0757187457730235,25548500
2023-12-01,2.11075210571289,2.1195104045409807,2.08447720922862,15140100
2023-12-04,2.084477186203003,2.1107520823970347,2.0669603799260017,9966700
2023-12-05,2.093235731124878,2.1019940308863068,2.0669606230262536,8234400
2023-12-06,2.0582022666931152,2.101993973110939,2.049443967172417,8607000
2023-12-07,2.084477186203003,2.101993783665691,2.0669603799260017,9467000
2023-12-08,2.066960573196411,2.093235680661601,2.0582022736461254,5642300
2023-12-11,2.04944372177124,2.075718617187169,2.040685423299264,10511100
2023-12-12,2.075718879699707,2.075718879699707,2.049443980960837,10984300
2023-12-13,2.101993560791016,2.110751858593716,2.0669601607659227,14239900
2023-12-14,2.093235731124878,2.1195106304091644,2.0757189227876824,14810100
2023-12-15,2.1457855701446533,2.1457855701446533,2.0932357705854394,33528800
2023-12-18,2.1282687187194824,2.145785316502004,2.1282687187194824,6318700
2023-12-19,2.1282687187194824,2.137027017610743,2.110752120936961,6290100
2023-12-20,2.1457855701446533,2.1457855701446533,2.1195106703650466,6204500
2023-12-21,2.101993560791016,2.128268454199117,2.093235262988315,5844500
2023-12-22,2.084477186203003,2.1107520823970347,2.0669603799260017,7936700
2023-12-26,2.066960573196411,2.093235680661601,2.066960573196411,7119900
2023-12-27,2.075718879699707,2.0932356876732867,2.066960580120084,6251300
2023-12-28,2.075718879699707,2.084477388093664,2.066960580120084,3216300
2023-12-29,2.0582022666931152,2.093235673590241,2.049443967172417,9697200
2024-01-02,2.084477186203003,2.084477186203003,2.049443782463314,5454900
2024-01-03,2.04944372177124,2.075718617187169,2.04944372177124,7522500
2024-01-04,2.0582022666931152,2.066960566213813,2.040685667651718,12520300
2024-01-05,2.04944372177124,2.0669603187151933,2.040685423299264,7476400
2024-01-08,2.093235731124878,2.110752330647736,2.049444023503396,24265000
2024-01-09,2.1195106506347656,2.128268950479771,2.084477451254743,17349900
2024-01-10,2.1282687187194824,2.145785316502004,2.09323552315444,17768800
2024-01-11,2.1282687187194824,2.172060213175785,2.119510419828222,13232100
2024-01-12,2.1370272636413574,2.1457855635409397,2.128268963741776,5270900
2024-01-15,2.1457855701446533,2.207093669630403,2.137027270218118,29562300
2024-01-16,2.1282687187194824,2.180818512067046,2.1282687187194824,19235200
2024-01-17,2.180818557739258,2.1895768568139404,2.110752165141794,20100700
2024-01-18,2.1457855701446533,2.207093669630403,2.1457855701446533,21642200
2024-01-19,2.172060489654541,2.1895770896667277,2.1457855896362616,19530400
2024-01-22,2.172060489654541,2.1895770896667277,2.1545438896423548,8891800
2024-01-23,2.1983354091644287,2.2246103094156755,2.172060508913182,20174300
2024-01-24,2.189577102661133,2.207093702777274,2.172060502544991,9002500
2024-01-26,2.189577102661133,2.224610302893416,2.180818802603062,17114000
2024-01-29,2.180818557739258,2.2070934549633066,2.1720602586645748,9513400
2024-01-30,2.1370272636413574,2.189577063038848,2.1370272636413574,6305400
2024-01-31,2.1282687187194824,2.145785316502004,2.110752120936961,19548300
2024-02-02,2.1457855701446533,2.1633021699977246,2.1195106703650466,20391200
2024-02-05,2.163301944732666,2.1808185427617306,2.145785346703601,4798100
2024-02-06,2.163301944732666,2.1720602437471985,2.145785346703601,14253300
2024-02-07,2.1282687187194824,2.1895768109583065,2.1282687187194824,11663200
2024-02-08,2.15454363822937,2.1720602361975505,2.1195104422930093,20281200
2024-02-09,2.1457855701446533,2.1633021699977246,2.137027270218118,6684100
2024-02-13,2.15454363822937,2.1720602361975505,2.1370270402611897,10323300
2024-02-14,2.163301944732666,2.163301944732666,2.145785346703601,7635500
2024-02-15,2.163301944732666,2.1808185427617306,2.154543645718134,6308600
2024-02-16,2.15454363822937,2.1720602361975505,2.14578533924528,10026000
2024-02-19,2.1983354091644287,2.2158520093319267,2.172060508913182,8327200
2024-02-20,2.3034350872039795,2.3209516863693507,2.2070935829801046,41166400
2024-02-21,2.3034350872039795,2.355984884700093,2.268401680058904,23408900
2024-02-22,2.285917997360229,2.31219310168278,2.268401400354734,15285900
2024-02-23,2.3209517002105717,2.338468299480404,2.2508850943169043,22558000
2024-02-26,2.2946765422821045,2.364743146642658,2.277159943395549,22637600
2024-02-27,2.3209517002105717,2.347226599115321,2.294676592491487,13120500
2024-02-28,2.3209517002105717,2.347226599115321,2.3209517002105717,13842300
2024-02-29,2.3735015392303467,2.3735015392303467,2.3209517405084434,39454700
2024-03-01,2.347226619720459,2.382259818567664,2.3384683200086576,10959800
2024-03-04,2.3034350872039795,2.355984884700093,2.2946765788069605,12950400
2024-03-05,2.2946765422821045,2.3209516494262683,2.259643344508993,10833200
2024-03-06,2.3209517002105717,2.329709999845488,2.2859182928565707,6021800
2024-03-07,2.329810380935669,2.3563861382475726,2.3120929981890552,8953100
2024-03-08,2.356386184692383,2.365244770637622,2.329810426856666,8728100
2024-03-11,2.356386184692383,2.3829619425280995,2.347527598747144,6870400
2024-03-12,2.356386184692383,2.3741033565828604,2.338669012801905,9774400
2024-03-13,2.356386184692383,2.365244770637622,2.347527598747144,12553500
2024-03-14,2.3918204307556152,2.4006790163389367,2.356386088422328,21066500
2024-03-15,2.374103307723999,2.382961893486929,2.33866896467228,30040300
2024-03-18,2.347527503967285,2.374103260730023,2.338668918379706,10752900
2024-03-19,2.3386688232421875,2.3563859936966085,2.329810238014977,10938100
2024-03-20,2.3120927810668945,2.365244501904717,2.303234196128145,14163100
2024-03-21,2.320951461791992,2.3386688436060177,2.3032342911833,17238300
2024-03-22,2.3120927810668945,2.3298101621497187,2.294375611189395,10940600
2024-03-25,2.3120927810668945,2.3120927810668945,2.2855170262506457,9649900
2024-03-26,2.303234577178955,2.320951749987612,2.2855174043702986,14194200
2024-03-27,2.303234577178955,2.3298105475973,2.2855174043702986,14191200
2024-03-29,2.303234577178955,2.320951749987612,2.294375990774627,9284600
2024-04-01,2.2943756580352783,2.320951413394144,2.2943756580352783,12908600
2024-04-02,2.374103307723999,2.4006790650127887,2.303234410415216,15822700
2024-04-03,2.3829617500305176,2.444971846637964,2.356385994341612,24474500
2024-04-04,2.4272549152374268,2.436113501339538,2.374103398624758,15084800
2024-04-05,2.3918204307556152,2.4626891154221893,2.3918204307556152,22477600
2024-04-08,2.41839599609375,2.4449717507402906,2.3918202414472094,14652200
2024-04-09,2.444971799850464,2.47154755503081,2.4183960446701174,10023900
2024-04-12,2.444971799850464,2.47154755503081,2.4361132147903484,11688200
2024-04-15,2.453830480575561,2.4715476513865138,2.4272547243591336,15615200
2024-04-16,2.4095375537872314,2.453830480819006,2.3829617975681665,22755500
2024-04-17,2.41839599609375,2.42725458097593,2.400678826329389,24039900
2024-04-18,2.453830480575561,2.4715476513865138,2.418396138953657,13765700
2024-04-19,2.462689161300659,2.4892649185457154,2.427254818307251,17264600
2024-04-22,2.489264965057373,2.498123550971247,2.462689207315752,10659300
2024-04-23,2.515840530395508,2.524699115631905,2.4892647746863155,19621600
2024-04-24,2.498123407363892,2.5424163343870334,2.4715476511500065,14733000
2024-04-25,2.4804060459136963,2.51584038480877,2.45383029174239,15706000
2024-04-26,2.489264965057373,2.498123550971247,2.4715477932296253,9735600
2024-04-29,2.462689161300659,2.4981235042940675,2.444971989803955,12184000
2024-04-30,2.4804060459136963,2.506981800085001,2.45383029174239,21057300
2024-05-02,2.4804060459136963,2.498123215361233,2.444971707018622,17168300
2024-05-03,2.5424163341522217,2.551275130761368,2.48040623632555,18977400
2024-05-06,2.498123407363892,2.5512751309969977,2.4892648219592632,15795300
2024-05-07,2.5069820880889893,2.524699259571888,2.49812350234754,8427500
2024-05-08,2.489264965057373,2.5158407227989947,2.4715477932296253,10923800
2024-05-09,2.489264965057373,2.498123550971247,2.4715477932296253,15633000
2024-05-10,2.5069820880889893,2.5158406738304384,2.48926491660609,13474100
2024-05-13,2.5069820880889893,2.5158406738304384,2.49812350234754,5637500
2024-05-14,2.515840530395508,2.5424162861047,2.498123359922713,10202900
2024-05-15,2.515840530395508,2.5335577008683026,2.50698194515911,13346400
2024-05-16,2.533557653427124,2.56013361984401,2.5158404832860857,7380400
2024-05-17,2.533557653427124,2.5512750347734907,2.5158404832860857,15256900
2024-05-20,2.5069820880889893,2.5512752280015807,2.48926491660609,6199800
2024-05-21,2.498123407363892,2.5246991635777767,2.4892648219592632,9607700
2024-05-23,2.560133695602417,2.577850866267734,2.50698197240113,25379800
2024-05-24,2.6132853031158447,2.631002474428738,2.551275203520719,19229500
2024-05-27,2.5069820880889893,2.6310024996746257,2.49812350234754,23848600
2024-05-28,2.533557653427124,2.542416238497644,2.489264728074528,15342900
2024-05-29,2.4804060459136963,2.533557554256307,2.462688876466159,10692500
2024-05-30,2.462689161300659,2.4892649185457154,2.453830575552307,4915000
2024-05-31,2.462689161300659,2.4715477470490117,2.436113404055603,26455600
2024-06-04,2.4804060459136963,2.506981800085001,2.444971707018622,8116300
2024-06-05,2.4361133575439453,2.5069820421776967,2.4183961863855075,14052000
2024-06-06,2.41839599609375,2.4538303356224707,2.41839599609375,10282200
2024-06-07,2.4361133575439453,2.444971943123164,2.4095376008062885,15084900
2024-06-10,2.4361133575439453,2.444971943123164,2.4183961863855075,9191400
2024-06-11,2.347527503967285,2.453830531018238,2.338668918379706,31298400
2024-06-12,2.329810380935669,2.365244724018207,2.329810380935669,15560400
2024-06-13,2.276658535003662,2.3386688433321563,2.2589413643970446,34325500
2024-06-14,2.2412240505218506,2.294375558944032,2.2323654657848206,35457000
2024-06-18,2.2677998542785645,2.3032341940008347,2.250082684417429,15201300
2024-06-19,2.303234577178955,2.347527720405956,2.2766588179659704,21406000
2024-06-20,2.2412240505218506,2.3032341436810624,2.2235068810477903,16870800
2024-06-21,2.2677998542785645,2.294375609070267,2.2412240994868613,30018000
2024-06-24,2.276658535003662,2.3120928762168966,2.250082779093736,19701500
2024-06-25,2.303234577178955,2.320951749987612,2.2678002315616417,9875200
2024-06-26,2.3386688232421875,2.347527408469398,2.276658515446383,12804200
2024-06-27,2.3120927810668945,2.3475273320272176,2.303234196128145,17812600
2024-06-28,2.320951461791992,2.3386688436060177,2.3032342911833,14367400
2024-07-01,2.3120927810668945,2.3475273320272176,2.294375611189395,7018400
2024-07-02,2.329810380935669,2.347527552476938,2.32095158395969,10956700
2024-07-03,2.3386688232421875,2.347527408469398,2.329810238014977,10929000
2024-07-04,2.303234577178955,2.338669134001628,2.294375990774627,17236100
2024-07-05,2.329810380935669,2.3563861382475726,2.303234412418421,6777300
2024-07-09,2.356386184692383,2.3918205284733385,2.3209516297060784,20137900
2024-07-10,2.3386688232421875,2.365244578923819,2.329810238014977,6931100
2024-07-11,2.400678873062134,2.4095374581167595,2.3386687776797546,10248200
2024-07-12,2.4361133575439453,2.4361133575439453,2.3918204296478507,11955200
2024-07-15,2.453830480575561,2.4715476513865138,2.4272547243591336,12883700
2024-07-16,2.374103307723999,2.4449719938274384,2.3652447219610693,12089700
2024-07-17,2.3829617500305176,2.4095375057194235,2.3741031648008826,19902200
2024-07-18,2.374103307723999,2.391820479249859,2.3652447219610693,15693100
2024-07-19,2.3386688232421875,2.38296174937824,2.3386688232421875,11138800
2024-07-22,2.329810380935669,2.347527552476938,2.3120929981890552,10120200
2024-07-23,2.347527503967285,2.3829618463176026,2.3209515359992063,22441700
2024-07-24,2.3386688232421875,2.347527408469398,2.3120928563552248,17464200
2024-07-25,2.3120927810668945,2.338668747088468,2.294375611189395,7212600
2024-07-26,2.28551721572876,2.3209515584214007,2.2766586300555995,8243000
2024-07-29,2.28551721572876,2.329810355299903,2.28551721572876,12625000
2024-07-30,2.320951461791992,2.3386688436060177,2.294375705878954,12349100
2024-07-31,2.303234577178955,2.3298105475973,2.303234577178955,15278900
2024-08-01,2.3120927810668945,2.320951366005644,2.294375611189395,10706800
2024-08-02,2.28551721572876,2.3209515584214007,2.258941458709279,10536000
2024-08-05,2.143779993057251,2.25894161476406,2.1260628204869727,16944000
2024-08-06,2.188072919845581,2.20579009237831,2.090628259710216,14155900
2024-08-07,2.232365369796753,2.267799707221255,2.1614966949477483,8187800
2024-08-08,2.258941411972046,2.267799997461923,2.1437798006036437,10443700
2024-08-09,2.258941411972046,2.285517168441677,2.2323656555024143,13209900
2024-08-12,2.2677998542785645,2.294375609070267,2.250082684417429,7257400
2024-08-13,2.258941411972046,2.2766585829518,2.2323656555024143,10194400
2024-08-14,2.320951461791992,2.347527428910364,2.276658535270262,13279100
2024-08-15,2.329810380935669,2.347527552476938,2.303234412418421,8117400
2024-08-16,2.347527503967285,2.365244675142444,2.3209515359992063,11045700
2024-08-19,2.374103307723999,2.4006790650127887,2.3475275504352093,19250800
2024-08-20,2.320951461791992,2.418396111345132,2.3120928764876463,13520400
2024-08-21,2.329810380935669,2.374103309788841,2.32095158395969,14291800
2024-08-22,2.3120927810668945,2.356385916965967,2.303234196128145,11822200
2024-08-23,2.329810380935669,2.347527552476938,2.3120929981890552,8458400
2024-08-26,2.356386184692383,2.356386184692383,2.329810426856666,9224300
2024-08-27,2.258941411972046,2.365244649055909,2.250082826482169,20254900
2024-08-28,2.161496877670288,2.2766584840351283,2.1172039521453496,41358000
2024-08-29,2.1526381969451904,2.17035536636817,2.0994864774709328,15981100
2024-08-30,2.1969311237335205,2.2146482931825555,2.126062445937381,22574300
2024-09-02,2.232365369796753,2.2412239541528782,2.170355279303874,9494600
2024-09-03,2.188072919845581,2.241224437443768,2.1792143335792167,22038200
2024-09-04,2.188072919845581,2.20579009237831,2.170355747312852,19075300
2024-09-05,2.1792140007019043,2.2057897554415224,2.1526382459622866,18332600
2024-09-06,2.170355796813965,2.188072969750784,2.1172042780035074,20618700
2024-09-09,2.1518843173980717,2.198062270115824,2.1426487708930804,13153200
2024-09-10,2.1241776943206787,2.1611198806265133,2.105706601167761,13510400
2024-09-11,2.087235450744629,2.1241776360368325,2.068764358098527,16444000
2024-09-12,2.1241776943206787,2.1334132408971374,2.096471054591303,10216100
2024-09-13,2.142648458480835,2.1518840036392226,2.105706277847284,6026500
2024-09-17,2.142648458480835,2.170355093955998,2.12417736816406,5322100
2024-09-18,2.1980621814727783,2.1980621814727783,2.1334131383521986,6189400
2024-09-19,2.188826322555542,2.2165331799738976,2.161119685329965,13729700
2024-09-20,2.170355319976806,2.2072977246503047,2.161119773856629,22121500
2024-09-23,2.188826322555542,2.235004271457615,2.1241775023625307,17288000
2024-09-24,2.142648458480835,2.188826184272773,2.142648458480835,13376800
2024-09-25,2.235004425048828,2.2534755178018933,2.161119833843773,23465600
2024-09-26,2.2627112865448,2.2627112865448,2.2072980028399027,9702000
2024-09-27,2.2534754276275635,2.2719465196414954,2.2442398816205973,19229000
2024-09-30,2.271946430206299,2.2904175214931164,2.235004247632664,21457300
2024-10-01,2.281182050704956,2.281182050704956,2.244239866919092,8345800
2024-10-02,2.2627112865448,2.271946833828949,2.235004644692351,14949600
2024-10-03,2.2442398071289062,2.2719464442301547,2.23500426142849,10108500
2024-10-04,2.225768804550171,2.2627109888260595,2.2165332584811988,7263200
2024-10-07,2.318124294281006,2.318124294281006,2.2257688324342686,9085600
2024-10-08,2.2996530532836914,2.3365952356347908,2.2811819621081417,8678300
2024-10-09,2.271946430206299,2.299653067136525,2.2627108845628903,7354900
2024-10-10,2.308888912200928,2.318124459042019,2.253475631154379,8363000
2024-10-11,2.2534754276275635,2.318124249676325,2.2442398816205973,6348400
2024-10-14,2.271946430206299,2.2811819758497074,2.2442397932760727,3847300
2024-10-15,2.235004425048828,2.281182156931491,2.225768878672296,9321100
2024-10-16,2.1980621814727783,2.244239912135486,2.1980621814727783,15111300
2024-10-17,2.235004425048828,2.244239971425361,2.20729778591923,3819000
2024-10-18,2.235004425048828,2.2534755178018933,2.225768878672296,5395500
2024-10-21,2.225768804550171,2.2627109888260595,2.2165332584811988,3859700
2024-10-22,2.225768804550171,2.244239896688115,2.2072977124122266,6747300
2024-10-23,2.2072978019714355,2.2534755341899184,2.198062255527739,5909400
2024-10-24,2.2072978019714355,2.235004441302525,2.198062255527739,4126000
2024-10-25,2.170355319976806,2.2072977246503047,2.1518842277364514,3035500
2024-10-28,2.2072978019714355,2.216533348415132,2.1611198495601567,5418800
2024-10-29,2.2627112865448,2.290417928397249,2.1888266880787874,9739700
2024-10-30,2.142648458480835,2.235004130257477,2.142648458480835,12992200
2024-11-01,2.170355319976806,2.1980621785301278,2.124177589375919,11196000
2024-11-04,2.170355319976806,2.1980621785301278,2.161119773856629,5097500
2024-11-05,2.188826322555542,2.207297634232039,2.1703552310718246,5904600
2024-11-06,2.179590940475464,2.2072977999742807,2.170355394040124,5216500
2024-11-07,2.1611196994781494,2.1980621028802143,2.1426486078735074,9173700
2024-11-08,2.1611196994781494,2.1980621028802143,2.1426486078735074,6388800
2024-11-11,2.142648458480835,2.1795906391143856,2.105706277847284,4426400
2024-11-12,2.087235450744629,2.151884275005985,2.087235450744629,5870500
2024-11-13,2.105706691741944,2.1241777856893704,2.078000050820803,5671400
2024-11-14,2.0687642097473145,2.1334130293726994,2.041057572765007,11103500
2024-11-15,2.0595288276672363,2.087235466850179,2.0502932812729218,4409100
2024-11-18,2.0687642097473145,2.0687642097473145,2.050293118425776,8782300
2024-11-19,2.0595288276672363,2.087235466850179,2.0595288276672363,8288900
2024-11-20,2.1241776943206787,2.1334132408971374,2.059528868285468,6809500
2024-11-21,2.1241776943206787,2.1334132408971374,2.087235508014844,6147400
2024-11-22,2.096470832824707,2.142648560822278,2.096470832824707,6405800
2024-11-25,2.0687642097473145,2.1334130293726994,2.0687642097473145,17894500
2024-11-26,2.142648458480835,2.1611195487976103,2.077999642372121,6482800
2024-11-27,2.142648458480835,2.1611195487976103,2.114941823005672,4736000
2024-11-28,2.133413314819336,2.188826596198143,2.1149422210264004,11356300
2024-11-29,2.105706691741944,2.161119973584224,2.105706691741944,6766200
2024-12-02,2.1241776943206787,2.1334132408971374,2.077999961438385,9969100
2024-12-03,2.170355319976806,2.179590866096984,2.124177589375919,13677200
2024-12-04,2.170355319976806,2.2072977246503047,2.142648681616274,8466400
2024-12-05,2.1611196994781494,2.1795907910827914,2.1426486078735074,6940600
2024-12-06,2.2165331840515137,2.2165331840515137,2.1426485977879435,8030700
2024-12-09,2.188826322555542,2.2257687257157563,2.161119685329965,6121100
2024-12-10,2.188826322555542,2.188826322555542,2.1518841395881068,8222600
2024-12-11,2.1518843173980717,2.188826503418035,2.1426487708930804,6850300
2024-12-12,2.170355319976806,2.170355319976806,2.124177589375919,7283300
2024-12-13,2.188826322555542,2.19806208849018,2.161119685329965,4042100
2024-12-16,2.2442398071289062,2.2442398071289062,2.170355221332799,5879300
2024-12-17,2.1611196994781494,2.24423983189182,2.1426486078735074,9910500
2024-12-18,2.1518843173980717,2.179590956913044,2.1241776778830985,8951900
2024-12-19,2.114942073822021,2.1334131663293308,2.105706527568367,13075500
2024-12-20,2.096470832824707,2.1149419240237357,2.0872352872251927,15093400
2024-12-23,2.133413314819336,2.133413314819336,2.0964711272334644,3818500
2024-12-24,2.1241776943206787,2.142648787473596,2.11494214774422,1389200
2024-12-26,2.1611196994781494,2.1611196994781494,2.1241775162688654,3139700
2024-12-27,2.142648458480835,2.170355093955998,2.1334129133224478,4316600
2024-12-30,2.1518843173980717,2.179590956913044,2.1426487708930804,4233200
2024-12-31,2.179590940475464,2.1888264869108043,2.151884301169443,5105900
2025-01-02,2.170355319976806,2.179590866096984,2.1518842277364514,2639400
2025-01-03,2.1518843173980717,2.179590956913044,2.1426487708930804,5438000
2025-01-06,2.1518843173980717,2.161119863903062,2.1241776778830985,7661300
2025-01-07,2.1241776943206787,2.170355427202972,2.1241776943206787,9469000
2025-01-08,2.114942073822021,2.1334131663293308,2.096470981314712,7556900
2025-01-09,2.0687642097473145,2.114941938051161,2.0687642097473145,6491500
2025-01-10,2.0595288276672363,2.077999920455865,2.041057734878608,6166400
2025-01-13,2.0133512020111084,2.059528936421105,1.9856445613651104,17282700
2025-01-14,2.041057825088501,2.068764465496012,2.022586731483494,9398700
2025-01-15,1.994879961013794,2.041057692015616,1.9764088686130652,13109700
2025-01-16,1.9764087200164795,2.03182199305241,1.967173174510491,9249500
2025-01-17,2.031822204589844,2.031822204589844,1.948702066189356,10094800
2025-01-20,2.031822204589844,2.0502932975248864,2.013351111654801,5715800
2025-01-21,2.041057825088501,2.059528918693508,2.0318222782859974,7196000
2025-01-22,2.050293207168579,2.0595287532290905,2.031822115047557,10230400
2025-01-23,2.0225865840911865,2.068764314738586,2.013351037961707,6505800
2025-01-24,2.0133512020111084,2.031822295775107,1.9856445613651104,11098800
2025-01-27,2.004115343093872,2.041057524870073,1.9948797976498216,5639200
2025-01-28,2.004115343093872,2.022586433981973,1.9948797976498216,4141100
2025-01-31,2.078000068664551,2.087235615717569,2.0133512392934185,14096400
2025-02-03,2.0133512020111084,2.078000030185104,2.0041156551291093,6667800
2025-02-04,2.0133512020111084,2.050293389539106,2.0133512020111084,8532800
2025-02-05,2.050293207168579,2.0595287532290905,2.013351022926534,6379300
2025-02-06,2.041057825088501,2.059528918693508,2.0318222782859974,3069700
2025-02-07,2.041057825088501,2.068764465496012,2.0318222782859974,5900000
2025-02-10,2.078000068664551,2.0964711627705888,2.031822333399456,5680400
2025-02-12,2.078000068664551,2.0964711627705888,2.050293427505494,5626800
2025-02-13,2.096470832824707,2.1057063784242214,2.05952865042665,2977000
2025-02-14,2.105706691741944,2.1149422387156567,2.0872355977945167,2807400
2025-02-17,2.096470832824707,2.1149419240237357,2.077999741625679,1675400
2025-02-18,2.096470832824707,2.1241774696232496,2.077999741625679,3884600
2025-02-19,2.050293207168579,2.0964709374711354,2.050293207168579,2861800
2025-02-20,2.050293207168579,2.068764299289602,2.041057661108068,5802100
2025-02-21,2.050293207168579,2.0595287532290905,2.0041154768660228,8019900
2025-02-24,2.105706691741944,2.1149422387156567,2.022586768978522,5374100
2025-02-25,2.105706691741944,2.1149422387156567,2.0595289568733763,9075700
2025-02-26,2.1518843173980717,2.1518843173980717,2.0779999453581435,8519500
2025-02-27,2.114942073822021,2.1334131663293308,2.077999888807403,11021100
2025-02-28,2.0225865840911865,2.105706499256505,1.994879945702747,19806000
2025-03-03,1.9856444597244265,2.022586645361436,1.9764089133151737,6899400
2025-03-04,1.86558210849762,1.9764088839550815,1.856346562225564,13824100
2025-03-05,1.8932888507843015,1.93946658466825,1.865582210453933,16534000
2025-03-06,1.9764087200164795,1.985644265522468,1.911759681281787,6110000
2025-03-07,1.9856444597244265,1.9948800061336789,1.920995414666864,13436800
2025-03-10,1.9209952354431152,1.9856442744690936,1.9209952354431152,5424900
2025-03-11,1.9579375982284544,1.9579375982284544,1.884053227032753,3091200
2025-03-12,1.939111351966858,1.9767639647153756,1.9108718924054693,8430100
2025-03-13,1.9296979904174805,1.967350599100397,1.901458533905293,9561400
2025-03-14,1.9296979904174805,1.957937446929668,1.9108716860760224,5978600
2025-03-17,1.9014586210250852,1.94852438403516,1.8920454684230708,11821400
2025-03-19,1.9014586210250852,1.9202849262291155,1.882632315821056,13659800
2025-03-20,1.854392886161804,1.910871802631155,1.8261534279271288,14856700
2025-03-21,1.8449797630310056,1.8826323746149416,1.8449797630310056,16365000
2025-03-24,1.8638060092926023,1.8826323144832544,1.844979704101951,7200300
2025-03-25,1.9014586210250852,1.9202849262291155,1.873219163219041,7916300
2025-03-26,1.9485243558883667,1.976763813286487,1.8826322886260856,10354100
2025-03-27,2.089721918106079,2.089721918106079,1.948524403255795,9815100
2025-03-28,2.080308675765991,2.080308675765991,2.005003457452119,13128800
2025-04-02,2.03324294090271,2.0520692457273157,1.9767638020016367,7226400
2025-04-03,1.9485243558883667,2.033242952509985,1.9202848984902463,7129300
2025-04-04,1.9485243558883667,1.9485243558883667,1.901458593558166,6103600
2025-04-07,1.910871744155884,1.910871744155884,1.779087497546543,15501800
2025-04-08,1.8826323747634888,1.910871833453669,1.8355666102798551,11832400
2025-04-09,1.8638060092926023,1.9014586196739056,1.835566551506625,14334900
2025-04-10,1.8826323747634888,1.948524445040576,1.8826323747634888,9195500
2025-04-11,1.9485243558883667,1.9485243558883667,1.8732191361600457,8462400
2025-04-14,2.0144166946411133,2.0144166946411133,1.9673507067840432,3660800
2025-04-15,2.0520694255828857,2.0520694255828857,1.9767639752569892,6522200
2025-04-16,1.939111351966858,2.033243108265427,1.939111351966858,4246000
2025-04-17,1.9296979904174805,1.9485242947589387,1.9108716860760224,4907100
2025-04-18,1.9579375982284544,1.967350751126581,1.929698139534075,1960400
2025-04-21,1.910871744155884,1.9673506588969032,1.910871744155884,2616200
2025-04-22,1.9014586210250852,1.94852438403516,1.8920454684230708,4027700
2025-04-23,1.9296979904174805,1.9391111425882093,1.9108716860760224,5024900
2025-04-24,1.920284986495972,1.9391112922908524,1.8920455278036508,6298200
2025-04-25,1.9485243558883667,1.9485243558883667,1.9202848984902463,3699500
2025-04-28,1.939111351966858,1.9579376583411163,1.9296981987797284,1987900
2025-04-29,1.9485243558883667,1.967350660820447,1.9296980509562864,5346400
2025-04-30,1.9579375982284544,1.986177056922834,1.9391112924322016,6816300
2025-05-02,1.9579375982284544,1.976763904024708,1.948524445330328,3391400
2025-05-05,1.9485243558883667,1.976763813286487,1.9296980509562864,4076100
2025-05-06,1.9485243558883667,1.967350660820447,1.9296980509562864,1993500
2025-05-07,1.9673508405685425,1.9673508405685425,1.9296982272642305,7308800
2025-05-08,1.9579375982284544,1.967350751126581,1.929698139534075,6325400
2025-05-09,1.9767638444900515,1.98617699710468,1.948524386646166,3471600
2025-05-13,2.03324294090271,2.0426560933150126,1.9955901068262425,5891400
2025-05-14,2.03324294090271,2.0520692457273157,2.005003483665801,4758900
2025-05-15,2.0050036907196045,2.061482611025917,1.99559031290794,6234400
2025-05-16,2.03324294090271,2.0426560933150126,2.005003483665801,4487900
2025-05-19,2.023829936981201,2.033243090084158,2.0050036307752874,3501500
2025-05-20,2.0144166946411133,2.052069305384959,2.005003541955152,7817900
2025-05-21,2.0144166946411133,2.042656152698997,2.005003541955152,3852300
2025-05-22,1.9673508405685425,2.0144168316262108,1.9673508405685425,5356300
2025-05-23,2.0144166946411133,2.0144166946411133,1.9767638594700043,2656400
2025-05-26,2.0144166946411133,2.023829847327075,1.9955901648419276,4110600
2025-05-27,1.760261297225952,2.023829918319264,1.73202183817748,28675300
2025-05-28,1.6755427122116089,1.7885006541704604,1.6661295597328405,28297300
2025-05-29,1.6661295890808103,1.703782199659115,1.647303283791658,18215800
2025-05-30,1.6002376079559326,1.69436913954211,1.6002376079559326,26209700
2025-06-03,1.6284769773483276,1.6378901299862323,1.5814111019451738,13588500
2025-06-04,1.6002376079559326,1.656716526907639,1.58141118942506,15216600
2025-06-05,1.647303342819214,1.6661296487829662,1.6002375779098332,13582700
2025-06-06,1.6849559545516968,1.6849559545516968,1.628477036666977,9795600
2025-06-09,1.6755427122116089,1.694369017169146,1.6661295597328405,5798700
2025-06-10,1.6755427122116089,1.713195434340312,1.6661295597328405,11170500
2025-06-11,1.6849559545516968,1.70378226051327,1.67554280157091,9015200
2025-06-12,1.637890100479126,1.7037821677573917,1.6284769480108023,13854500
2025-06-13,1.5814111232757568,1.6473033048434949,1.5814111232757568,13786300
2025-06-16,1.5908243656158447,1.6096506708776792,1.5437584902476278,17280500
2025-06-17,1.5531716346740725,1.619063814956055,1.5531716346740725,11035100
2025-06-18,1.6002376079559326,1.6002376079559326,1.553171729949207,8886800
2025-06-19,1.5343453884124756,1.6002375712239418,1.5343453884124756,8594100
2025-06-20,1.5531716346740725,1.5625847872552654,1.5061058717681062,23897800
2025-06-23,1.515519142150879,1.5343454487766377,1.4966928355251203,5889000
2025-06-24,1.5531716346740725,1.5625847872552654,1.5249321769304929,6208500
2025-06-25,1.609650731086731,1.609650731086731,1.553171700974996,9178000
2025-06-26,1.5531716346740725,1.6096506623748617,1.5531716346740725,17101800
2025-06-30,1.5531716346740725,1.6002375097936683,1.5155190243492993,22307700
2025-07-01,1.5908243656158447,1.600237518246762,1.5437584902476278,12649800
2025-07-02,1.6002376079559326,1.6002376079559326,1.5719980362664423,5465500
2025-07-03,1.637890100479126,1.6473032529474496,1.6002374906058312,13366800
2025-07-04,1.5908243656158447,1.6473032814013482,1.5814111007712968,7462800
2025-07-07,1.5531716346740725,1.6002375097936683,1.5343453295116858,13710700
2025-07-08,1.5814111232757568,1.5908243882542614,1.5343453594513956,11075400
2025-07-09,1.5814111232757568,1.5908243882542614,1.5625848177460124,6679300
2025-07-10,1.5719980001449585,1.5908244182432365,1.562584847202637,9871700
2025-07-11,1.5908243656158447,1.600237518246762,1.5625847955094625,13431500
2025-07-14,1.5814111232757568,1.6002375410191336,1.5719979705108846,4644300
2025-07-15,1.6002376079559326,1.6002376079559326,1.5625848831078246,18859100
2025-07-16,1.5531716346740725,1.6096506623748617,1.5531716346740725,9204800
2025-07-17,1.6002376079559326,1.6002376079559326,1.543758576790589,23345900
2025-07-18,1.543758511543274,1.619063845843055,1.534345358782505,22952700
2025-07-21,1.543758511543274,1.5625848170648111,1.5249322060217367,16627800
2025-07-22,1.5343453884124756,1.5625848472401178,1.5249322354699282,12621300
2025-07-23,1.543758511543274,1.5531716643040423,1.534345358782505,8826100
2025-07-24,1.5343453884124756,1.5625848472401178,1.5249322354699282,18466600
2025-07-25,1.5531716346740725,1.5531716346740725,1.5155190243492993,11058700
2025-07-28,1.543758511543274,1.5625848170648111,1.534345358782505,7815900
2025-07-29,1.543758511543274,1.5625848170648111,1.534345358782505,5569900
2025-07-30,1.5625847578048706,1.571997910208652,1.5343453005935266,9450700
2025-07-31,1.5343453884124756,1.5625848472401178,1.5249322354699282,12435900
2025-08-01,1.5343453884124756,1.5531716942975704,1.5249322354699282,10372700
2025-08-04,1.506105899810791,1.5437585108366303,1.506105899810791,10267600
2025-08-05,1.506105899810791,1.5343453580801705,1.4966927470543312,15162800
2025-08-06,1.5343453884124756,1.543758541355023,1.496692776642286,12112800
2025-08-07,1.543758511543274,1.5531716643040423,1.506105900500199,15125600
2025-08-08,1.4966926574707031,1.54375841843591,1.4684530886779537,26278200
2025-08-11,1.4872795343399048,1.5061058390938635,1.4778663819629254,12437900
2025-08-12,1.5249322652816772,1.5249322652816772,1.4872796527753958,11998400
2025-08-13,1.5719980001449585,1.5814111530872803,1.515519082491029,19028500
2025-08-14,1.5625847578048706,1.571997910208652,1.543758452997308,12963200
2025-08-15,1.5814111232757568,1.5814111232757568,1.5437585122162678,9803200
2025-08-18,1.6002376079559326,1.619063914273168,1.5625848831078246,21111300
2025-08-19,1.6567164659500122,1.675542771574548,1.6002375490764047,23747700
2025-08-20,1.647303342819214,1.6661296487829662,1.6002375779098332,39021900
2025-08-21,1.6002376079559326,1.6661296800662566,1.6002376079559326,29711700
2025-08-22,1.5719980001449585,1.6378901829548445,1.5719980001449585,18431200
2025-08-25,1.5625847578048706,1.6190637844411868,1.5531716054010891,29526000
2025-08-26,1.5249322652816772,1.5719980309145292,1.5061059590285366,326406400
2025-08-27,1.7885006666183472,1.8167401242511985,1.5249321709511443,70746600
2025-08-28,1.835566520690918,1.9296980450638848,1.7979137987281026,78748800
2025-08-29,1.9485243558883667,1.9579375083544068,1.826153373829845,44218200
2025-09-02,1.9014586210250852,1.9579375366371743,1.8449797054129964,31066200
2025-09-03,1.939111351966858,1.967350811528246,1.882632432844081,38878500
2025-09-04,1.910871744155884,1.9673506588969032,1.910871744155884,43555200
2025-09-08,1.9579375982284544,1.976763904024708,1.910871833737822,23531100
2025-09-09,1.995590090751648,2.0426560768612987,1.9485243290692515,41355600
2025-09-10,2.03324294090271,2.0614823981396184,1.9955901068262425,24078800
2025-09-11,2.023829936981201,2.052069396290072,1.976763947039144,28428600
2025-09-12,2.004085063934326,2.0534467186371548,1.9547234092314976,16155300
2025-09-17,2.0929360389709477,2.132425598043457,2.004085060651404,35611800
2025-09-18,2.073191404342652,2.102808632879635,2.0337020801265915,21390700
2025-09-19,2.12255334854126,2.12255334854126,2.0435744627415056,26696100
2025-09-22,2.073191404342652,2.11268096393365,2.073191404342652,11134800
2025-09-23,2.171915054321289,2.171915054321289,2.073191503676033,20053100
2025-09-24,2.1126809120178223,2.191659558509165,2.1126809120178223,27176000
2025-09-25,2.211404323577881,2.211404323577881,2.1324256733920457,30446500
2025-09-26,2.2311489582061768,2.2311489582061768,2.1719149713079897,12207600
2025-09-29,2.211404323577881,2.23114898612434,2.1817873297581927,7256500
2025-09-30,2.2508935928344727,2.3298722410611403,2.2015319376928053,34714000
2025-10-01,2.201531887054444,2.2508935410607225,2.1916595562531875,17771500
2025-10-02,2.191659688949585,2.2410213459445187,2.162042694752625,23450200
2025-10-03,2.191659688949585,2.221276683146545,2.162042694752625,21523300
2025-10-06,2.152170419692993,2.191659746322689,2.152170419692993,4752700
2025-10-07,2.132425546646118,2.1719148693918915,2.122553215959675,8173400
2025-10-08,2.132425546646118,2.1719148693918915,2.122553215959675,18418100
2025-10-09,2.1817872524261475,2.1817872524261475,2.122553266886281,22985100
2025-10-10,2.132425546646118,2.1817872000783347,2.112680885273232,22574100
2025-10-13,2.0929360389709477,2.1126809361946703,2.07319137712216,8129000
2025-10-14,2.0929360389709477,2.122553267119064,2.083063708046553,11811500
2025-10-15,2.083063840866089,2.1028087393487787,2.0633191777583497,28302100
2025-10-16,2.073191404342652,2.11268096393365,2.0633190732886364,16418100
2025-10-17,2.063319206237793,2.0731915379279275,2.0534468745476584,6181300
2025-10-21,2.083063840866089,2.0929361724199587,2.033702183096741,7611200
2025-10-22,2.063319206237793,2.1126811000634205,2.063319206237793,4907000
2025-10-23,2.102808713912964,2.1126810453474167,2.0534468213657524,6224500
2025-10-24,2.0929360389709477,2.122553267119064,2.083063708046553,16843500
2025-10-27,2.0534467697143555,2.102808661019942,2.0337021073420973,8172600
2025-10-28,2.03370213508606,2.063319129048484,2.023829803765252,3314900
2025-10-29,2.03370213508606,2.043574466406868,2.004085141123635,3162700
2025-10-30,2.03370213508606,2.053446797727676,2.013957472444443,3797200
2025-10-31,2.023829698562622,2.0534466909854974,2.023829698562622,5066900
2025-11-03,2.043574333190918,2.053446663868172,2.0139573411591574,6004900
2025-11-04,2.023829698562622,2.0633190217931228,2.004085036947372,10341800
2025-11-05,2.004085063934326,2.033702056756024,1.9843404020531947,9238100
2025-11-06,2.043574333190918,2.053446663868172,1.9942126798046504,3403700
2025-11-07,2.004085063934326,2.043574387696589,1.9942127329937605,5234800
2025-11-10,2.004085063934326,2.0238297258154576,1.9843404020531947,5379500
2025-11-11,2.013957500457764,2.023829831915892,2.0040851689996355,7150500
2025-11-12,2.023829698562622,2.0435743601778724,2.004085036947372,7374400
2025-11-13,2.043574333190918,2.053446663868172,2.0139573411591574,7635500
2025-11-14,1.9843404293060305,2.033702084686789,1.9843404293060305,5128400
2025-11-17,2.023829698562622,2.033702029370247,1.9942127061397463,4884500
2025-11-18,1.925106406211853,2.023829715094539,1.925106406211853,9437500
2025-11-19,1.9645957946777344,2.0139574507500506,1.9251064698198808,6026600
2025-11-20,1.9744681119918823,2.023829767716691,1.9744681119918823,8954300
2025-11-21,1.9744681119918823,1.9942127742818057,1.9547234497019588,4097900
2025-11-24,1.9645957946777344,2.0040851195355875,1.944851132248808,12269300
2025-11-25,1.915234088897705,1.9942127365636109,1.8954893092937604,10962900
2025-11-26,1.865872383117676,1.9448511512942737,1.8461277204953943,18264100
2025-11-27,1.9843404293060305,2.043574415762941,1.8165106833239797,31822000
2025-11-28,1.925106406211853,1.9843403915414648,1.89548929585958,15521600
2025-12-01,1.9547234773635864,1.984340471217587,1.90536170325278,10563500
2025-12-02,1.915234088897705,1.9942127365636109,1.9053616402519984,14553200
2025-12-03,1.89548933506012,1.925106446024903,1.8856170039676816,4482200
2025-12-04,1.905361652374268,1.9251064321038325,1.89548932135322,10858100
2025-12-05,1.875744700431824,1.9053616941442408,1.875744700431824,4003800
2025-12-08,1.856000065803528,1.9053617227314916,1.8461277344179352,14403200
2025-12-09,1.875744700431824,1.875744700431824,1.856000037956879,7645500
2025-12-10,1.885617017745972,1.9053616800751223,1.8461276930876696,8125100
2025-12-11,1.925106406211853,1.94485106798839,1.8856169649713117,6492400
2025-12-12,1.9547234773635864,1.9547234773635864,1.915234152224919,4596600
2025-12-15,1.9448511600494385,1.9547234914050216,1.925106497338272,3731300
2025-12-16,1.9645957946777344,1.9645957946777344,1.9251064698198808,5982700
2025-12-17,1.9547234773635864,2.0040851337869205,1.9448511460789195,8491300
2025-12-18,2.063319206237793,2.063319206237793,1.954723557646311,15148700
2025-12-19,2.063319206237793,2.0830638696180626,2.0435745428575234,18208200
2025-12-22,2.073191404342652,2.0830637353966663,2.053446742234621,4310600
2025-12-23,2.0929360389709477,2.102808605270277,2.07319137712216,3645400
2025-12-24,2.073191404342652,2.102808632879635,2.0435744111806065,7380100
2025-12-26,2.03370213508606,2.0731914603692925,2.023829803765252,1850800
2025-12-29,2.023829698562622,2.0633190217931228,2.004085036947372,2865800
2025-12-30,2.013957500457764,2.0337021633740204,2.0040851689996355,4678400
2025-12-31,2.12255334854126,2.12255334854126,2.0040851375291004,16282200
2026-01-02,2.023829698562622,2.073191352600748,2.0139573677549967,5135500
2026-01-05,2.023829698562622,2.0534466909854974,2.023829698562622,4021500
2026-01-06,2.03370213508606,2.03370213508606,2.013957472444443,6238800
2026-01-07,2.03370213508606,2.063319129048484,2.03370213508606,6007700
2026-01-08,2.03370213508606,2.0830637916901007,2.03370213508606,9447100
2026-01-09,2.0534467697143555,2.0633191009004843,2.0238297761559685,10506300
2026-01-12,2.073191404342652,2.0929360664506813,2.0435744111806065,5434700
2026-01-13,2.073191404342652,2.0830637353966663,2.0435744111806065,12367300
2026-01-14,2.03370213508606,2.0830637916901007,1.9942128098028264,12580700
2026-01-15,2.073191404342652,2.073191404342652,2.0238297490725765,5223100
2026-01-16,2.03370213508606,2.0731914603692925,2.03370213508606,4097700
2026-01-20,2.083063840866089,2.1028087393487787,2.0633191777583497,8414700
2026-01-21,2.12255334854126,2.12255334854126,2.063319125347708,9253600
2026-01-22,2.142297983169556,2.1620426455178974,2.112680989647043,6587800
2026-01-23,2.142297983169556,2.1620426455178974,2.112680989647043,6774700
2026-01-26,2.12255334854126,2.1620426737536644,2.1126810172381587,8501800
2026-01-27,2.201531887054444,2.201531887054444,2.1324255714456526,31831500
2026-01-28,2.171915054321289,2.2212767119564423,2.1620427227942587,8652700
2026-01-29,2.152170419692993,2.201532077980113,2.132425756378145,10073600
2026-01-30,2.132425546646118,2.1719148693918915,2.112680885273232,18192400
2026-02-03,2.132425546646118,2.1719148693918915,2.122553215959675,9258800
2026-02-04,2.142297983169556,2.1620426455178974,2.112680989647043,14283500
2026-02-05,2.0929360389709477,2.1620425908166387,2.083063708046553,12861800
2026-02-06,2.132425546646118,2.132425546646118,2.083063657838972,14603800
2026-02-09,2.201531887054444,2.201531887054444,2.1422979022469084,13974600
2026-02-10,2.171915054321289,2.2212767119564423,2.152170391267228,8688000
2026-02-11,2.2903828620910645,2.3002551928829464,2.1620425617965955,34119900
2026-02-12,2.319999933242798,2.3496171619990363,2.2607659464802023,22316900
2026-02-13,2.300255298614502,2.369361852709102,2.2607659736318406,30444400
2026-02-16,2.3101274967193604,2.339744488749424,2.290382835365984,9016400
2026-02-19,2.3693618774414062,2.4187235341849886,2.310127653974162,33293200
2026-02-20,2.270638227462769,2.398978764655741,2.2607658965536888,25105800
2026-02-23,2.329872369766236,2.359489599862267,2.2607660487503805,27930900
2026-02-24,2.3594894409179688,2.369361771826624,2.310127550999757,20606600
2026-02-25,2.3693618774414062,2.3693618774414062,2.3199999853228785,21415600
2026-02-26,2.3594894409179688,2.3792341027352792,2.319999881908412,23606200
2026-02-27,2.408851146697998,2.408851146697998,2.319999931255282,33302900
2026-03-02,2.3496172428131104,2.389106568679726,2.3200000130382,17535600
2026-03-03,2.3693618774414062,2.408851202836272,2.3397446480203112,19080800
2026-03-04,2.3496172428131104,2.369361905746418,2.3101276815715464,25396200
2026-03-05,2.3792340755462646,2.3891064063421026,2.3397445169879805,29416800
2026-03-06,2.428595781326294,2.428595781326294,2.339744566893664,26369100
2026-03-09,2.2311489582061768,2.3891064919762828,2.2015319647570832,30187800
2026-03-10,2.319999933242798,2.3496171619990363,2.270638277607301,38307100
2026-03-11,2.3693618774414062,2.379234208790123,2.310127653974162,13733500
2026-03-12,2.3101274967193604,2.369361716154418,2.3002551660426724,19234000
2026-03-13,2.2903828620910645,2.319999854466711,2.280510531299182,7185600
2026-03-16,2.319999933242798,2.3792341553803342,2.3002552709885995,22972900
2026-03-17,2.3399999141693115,2.369999885559082,2.289999961853028,26103900
2026-03-18,2.369999885559082,2.4100000858306885,2.3399999141693115,14629700
2026-03-19,2.4100000858306885,2.4100000858306885,2.3399999141693115,16722800
2026-03-24,2.359999895095825,2.470000028610229,2.3399999141693115,16353200
2026-03-25,2.369999885559082,2.400000095367432,2.3499999046325684,18444600
2026-03-26,2.369999885559082,2.380000114440918,2.3499999046325684,14417500
2026-03-27,2.319999933242798,2.390000104904175,2.2799999713897705,14182300
2026-03-30,2.220000028610229,2.309999942779541,2.200000047683716,19849300
2026-03-31,2.259999990463257,2.289999961853028,2.220000028610229,6194400
2026-04-01,2.2799999713897705,2.3499999046325684,2.259999990463257,10718900
2026-04-02,2.259999990463257,2.3299999237060547,2.240000009536743,11287200
2026-04-03,2.190000057220459,2.2799999713897705,2.180000066757202,7009100
2026-04-06,2.1600000858306885,2.2100000381469727,2.1600000858306885,4870300
2026-04-07,2.2300000190734863,2.240000009536743,2.1600000858306885,10082600
2026-04-08,2.2300000190734863,2.2799999713897705,2.2100000381469727,11546200
2026-04-09,2.2100000381469727,2.220000028610229,2.1700000762939453,7180000
2026-04-10,2.190000057220459,2.220000028610229,2.180000066757202,7646400
2026-04-13,2.180000066757202,2.200000047683716,2.150000095367432,5377500
2026-04-14,2.190000057220459,2.2100000381469727,2.180000066757202,6113100
2026-04-15,2.190000057220459,2.2300000190734863,2.180000066757202,10787100
2026-04-16,2.220000028610229,2.240000009536743,2.190000057220459,9693700
2026-04-17,2.220000028610229,2.2300000190734863,2.200000047683716,11453800
2026-04-20,2.289999961853028,2.289999961853028,2.2100000381469727,6680900
2026-04-21,2.2699999809265137,2.309999942779541,2.2699999809265137,10538600
2026-04-22,2.240000009536743,2.309999942779541,2.220000028610229,18186500
2026-04-23,2.190000057220459,2.25,2.190000057220459,5470600
2026-04-24,2.150000095367432,2.2100000381469727,2.150000095367432,6317800
2026-04-27,2.200000047683716,2.2100000381469727,2.1600000858306885,5598000
2026-04-28,2.1600000858306885,2.2100000381469727,2.150000095367432,11540100
2026-04-29,2.1600000858306885,2.190000057220459,2.150000095367432,5922000
2026-04-30,2.1600000858306885,2.180000066757202,2.150000095367432,8348500
2026-05-04,2.1600000858306885,2.190000057220459,2.1600000858306885,2688300
2026-05-05,2.1700000762939453,2.190000057220459,2.150000095367432,5916900
2026-05-06,2.2100000381469727,2.2100000381469727,2.1600000858306885,6386000
2026-05-07,2.180000066757202,2.240000009536743,2.1600000858306885,10496000
2026-05-08,2.2300000190734863,2.2300000190734863,2.1700000762939453,3502000
2026-05-11,2.190000057220459,2.240000009536743,2.180000066757202,4951200
2026-05-12,2.200000047683716,2.220000028610229,2.1700000762939453,6331900
2026-05-13,2.1700000762939453,2.2100000381469727,2.1700000762939453,8339800
2026-05-14,2.1700000762939453,2.190000057220459,2.1700000762939453,2094700
2026-05-15,2.180000066757202,2.190000057220459,2.150000095367432,5680000
2026-05-18,2.140000104904175,2.200000047683716,2.140000104904175,5502400
2026-05-19,2.1700000762939453,2.1700000762939453,2.140000104904175,2241600
2026-05-20,2.0799999237060547,2.1700000762939453,2.049999952316284,10067500
2026-05-21,2.0799999237060547,2.130000114440918,2.069999933242798,2608500
2026-05-22,2.0899999141693115,2.0999999046325684,2.059999942779541,2088200
2026-05-25,2.0899999141693115,2.1600000858306885,2.049999952316284,5633500
2026-05-26,2.0999999046325684,2.109999895095825,2.049999952316284,6315600
2026-05-28,2.0899999141693115,2.119999885559082,2.049999952316284,11132500
2026-05-29,2.0799999237060547,2.109999895095825,2.059999942779541,19971000
2026-06-03,2.009999990463257,2.109999895095825,2.009999990463257,10494700
2026-06-04,2.0299999713897705,2.049999952316284,2.009999990463257,7047900
2026-06-05,2.059999942779541,2.059999942779541,2.0199999809265137,6289400
2026-06-08,2.0299999713897705,2.069999933242798,2.0299999713897705,3544900
2026-06-09,2.049999952316284,2.049999952316284,2.0199999809265137,4089400
2026-06-10,2.0299999713897705,2.069999933242798,2.0299999713897705,8001000
2026-06-11,2.0799999237060547,2.0899999141693115,2.0199999809265137,5573300
2026-06-12,2.069999933242798,2.0999999046325684,2.059999942779541,2747600
2026-06-15,2.200000047683716,2.200000047683716,2.0899999141693115,6772100
2026-06-16,2.1700000762939453,2.2100000381469727,2.150000095367432,9466000
2026-06-18,2.140000104904175,2.220000028610229,2.109999895095825,10712200
2026-06-19,2.25,2.25,2.130000114440918,16725200
2026-06-22,2.180000066757202,2.25,2.1700000762939453,4315900
2026-06-23,2.130000114440918,2.190000057220459,2.119999885559082,6656500
2026-06-24,2.130000114440918,2.1700000762939453,2.119999885559082,6965900
2026-06-25,2.130000114440918,2.1700000762939453,2.119999885559082,21235600
2026-06-26,2.130000114440918,2.150000095367432,2.109999895095825,3587100
2026-06-29,2.130000114440918,2.150000095367432,2.109999895095825,3208700
2026-06-30,2.140000104904175,2.190000057220459,2.140000104904175,6616300
2026-07-01,2.150000095367432,2.1700000762939453,2.140000104904175,4275900
2026-07-02,2.140000104904175,2.200000047683716,2.130000114440918,9499500
2026-07-03,2.180000066757202,2.190000057220459,2.150000095367432,2988300
2026-07-06,2.190000057220459,2.2100000381469727,2.1600000858306885,8797800
2026-07-07,2.130000114440918,2.190000057220459,2.119999885559082,13495600
2026-07-08,2.150000095367432,2.180000066757202,2.130000114440918,15454500
2026-07-09,2.140000104904175,2.1600000858306885,2.130000114440918,12590500
2026-07-10,2.150000095367432,2.1600000858306885,2.140000104904175,7126400
2026-07-13,2.130000114440918,2.1600000858306885,2.130000114440918,4658400
2026-07-14,2.130000114440918,2.150000095367432,2.119999885559082,4565600
2026-07-15,2.130000114440918,2.1600000858306885,2.130000114440918,4776800
2026-07-16,2.119999885559082,2.150000095367432,2.119999885559082,8376200
2026-07-17,2.0999999046325684,2.119999885559082,2.0899999141693115,11195100
2026-07-20,2.0899999141693115,2.109999895095825,2.0899999141693115,6779400
2026-07-21,2.130000114440918,2.140000104904175,2.0899999141693115,5651700
2026-07-22,2.0899999141693115,2.130000114440918,2.0899999141693115,3679600
2026-07-23,2.0899999141693115,2.109999895095825,2.0799999237060547,9109700
2026-07-24,2.059999942779541,2.0999999046325684,2.049999952316284,7874500
2026-07-27,2.0999999046325684,2.109999895095825,2.059999942779541,12767100
2026-07-28,2.109999895095825,2.130000114440918,2.0899999141693115,5213100
2026-07-29,2.150000095367432,2.1700000762939453,2.109999895095825,6704600
2026-07-30,2.1600000858306885,2.1700000762939453,2.130000114440918,7145900
2026-07-31,2.1600000858306885,2.1700000762939453,2.140000104904175,12800000
2026-08-03,2.200000047683716,2.200000047683716,2.150000095367432,3702000
2026-08-04,2.220000028610229,2.220000028610229,2.180000066757202,4285900
2026-08-05,2.2100000381469727,2.240000009536743,2.200000047683716,8955900
2026-08-06,2.200000047683716,2.220000028610229,2.190000057220459,7226400
2026-08-07,2.190000057220459,2.220000028610229,2.180000066757202,10112800
2026-08-10,2.259999990463257,2.2699999809265137,2.190000057220459,3466800
2026-08-11,2.299999952316284,2.319999933242798,2.2300000190734863,9834400
2026-08-12,2.25,2.299999952316284,2.2300000190734863,7186000
2026-08-13,2.2300000190734863,2.259999990463257,2.220000028610229,2391700
2026-08-14,2.25,2.259999990463257,2.2100000381469727,6708400
2026-08-17,2.2300000190734863,2.25,2.2100000381469727,4022900
2026-08-18,2.200000047683716,2.2300000190734863,2.180000066757202,3823300
2026-08-19,2.200000047683716,2.220000028610229,2.190000057220459,8166700
2026-08-20,2.299999952316284,2.3399999141693115,2.190000057220459,49383700
2026-08-21,2.309999942779541,2.3299999237060547,2.2799999713897705,9924900
2026-08-24,2.490000009536743,2.539999961853028,2.309999942779541,47028700
2026-08-26,2.509999990463257,2.5199999809265137,2.470000028610229,17304300
2026-08-27,2.509999990463257,2.5799999237060547,2.380000114440918,28829800
2026-08-28,2.5999999046325684,2.619999885559082,2.4800000190734863,31211800
2026-09-01,2.5899999141693115,2.640000104904175,2.470000028610229,29157500
2026-09-02,2.609999895095825,2.680000066757202,2.549999952316284,16438600
2026-09-03,2.5999999046325684,2.6600000858306885,2.559999942779541,15554400
