Date,Close,High,Low,Volume
2020-10-26,1.0104209184646606,1.0392906952298104,0.8660755449434253,604860750
2020-10-27,1.0046480894088743,1.0450644129659428,0.9930999046792096,122695050
2020-10-28,1.0161950588226318,1.0219690967663193,0.9930994232691336,41762550
2020-10-30,1.0104209184646606,1.0161950596573417,0.9700046144664064,22959300
2020-11-02,0.9873262643814088,1.0104210776380405,0.9815521222791176,9364650
2020-11-03,0.9988738894462584,1.0219695349012343,0.9873265313180962,17192550
2020-11-04,1.0277425050735474,1.039290788495246,1.0046476933825648,33837300
2020-11-05,1.0854812860488892,1.0854812860488892,1.0219693319165402,36208200
2020-11-06,1.1778630018234253,1.2067318554763056,1.0681597679806885,94108500
2020-11-09,1.2298272848129272,1.3106607219289526,1.1778627996385838,46555200
2020-11-10,1.3164349794387815,1.3164349794387815,1.2356007092402763,28683300
2020-11-11,1.2586963176727295,1.3279823023593926,1.2529221758827245,8745900
2020-11-12,1.241374969482422,1.3048868199501766,1.241374969482422,8869500
2020-11-13,1.2356010675430298,1.25869671275399,1.2240537095368704,6270300
2020-11-16,1.241374969482422,1.2817921084337898,1.1951845140069144,10221000
2020-11-17,1.270243525505066,1.270243525505066,1.2413746782823687,9424350
2020-11-18,1.270243525505066,1.270243525505066,1.2413746782823687,6878550
2020-11-19,1.2586963176727295,1.316434947977732,1.2413748215010636,12562500
2020-11-20,1.345304012298584,1.437685642536518,1.2529222788163803,48689400
2020-11-23,1.397268533706665,1.408815889273552,1.362625537807559,17835750
2020-11-24,1.3683996200561523,1.4261374277960268,1.3568513357983074,16844700
2020-11-25,1.3626258373260498,1.3972688408400271,1.3568516936741704,12423600
2020-11-26,1.3683996200561523,1.397268472303956,1.3568513357983074,20087850
2020-11-27,1.4319117069244385,1.44345916716556,1.3683998496439955,28487700
2020-11-30,1.5230021476745603,1.5635386068405754,1.4361388687280678,29146050
2020-12-01,1.5287935733795166,1.5924930381018496,1.494048297841056,19864050
2020-12-02,1.5287935733795166,1.5461662111487469,1.505629745706609,4928400
2020-12-03,1.5114208459854126,1.551956480631139,1.499838466864875,11524650
2020-12-04,1.505629539489746,1.5403748102693595,1.4824657149894458,11369400
2020-12-07,1.505629539489746,1.569328995487555,1.4998383503792525,13261800
2020-12-08,1.679356575012207,1.731474495908292,1.517211414478866,33109200
2020-12-09,1.6735647916793823,1.6793559803756806,1.6272379743847505,16222800
2020-12-10,1.7604281902313232,1.7951734630222544,1.667774647200911,19676250
2020-12-11,1.6504021883010864,1.795173656087618,1.6330295500372474,21818250
2020-12-14,1.638819932937622,1.7025202286912406,1.5809116557203082,13711200
2020-12-15,1.656192660331726,1.6851476806619967,1.6446111078156531,8279850
2020-12-16,1.7025202512741089,1.7198928899933803,1.6619837836151916,11795250
2020-12-17,1.7893835306167605,1.876246935473754,1.708310591413954,37677450
2020-12-18,1.853082776069641,1.853082776069641,1.766219588895465,15928200
2020-12-21,1.7604281902313232,1.853082665203463,1.7372652963318542,10625100
2020-12-22,1.7141016721725464,1.7546381391787456,1.702520223860134,17112900
2020-12-23,1.7488471269607544,1.7835924053171794,1.714101745055232,13397250
2020-12-24,1.7372654676437378,1.7662196573931936,1.719892829535155,6298200
2020-12-28,1.7546381950378418,1.7778010924000598,1.7314743657337568,8796450
2020-12-29,1.7488471269607544,1.766219766138967,1.7372655746068075,6632400
2020-12-30,1.8357105255126955,1.8588744611706471,1.7314745753867629,18226650
2020-12-31,1.8067564964294436,1.847292248507024,1.8009654084349132,6029400
2021-01-04,1.818337559700012,1.8472917492580851,1.8009649217062598,7457700
2021-01-05,1.8067564964294436,1.8299196058181435,1.7835927657460329,14967300
2021-01-06,1.7546381950378418,1.82412875100823,1.7372655560452448,10447800
2021-01-07,1.7604281902313232,1.7835921196216007,1.6619835613042606,17043900
2021-01-08,1.685147762298584,1.748847236164782,1.679356571563599,10828950
2021-01-11,1.6619839668273926,1.725683338506134,1.6098659413751468,14714700
2021-01-12,1.66777503490448,1.6793565880956305,1.5809118327342764,13227600
2021-01-13,1.7662198543548584,1.7835924944007675,1.6735653599135996,16729650
2021-01-14,1.7546381950378418,1.7835923862606442,1.7430558144148658,6469050
2021-01-15,1.7546381950378418,1.8125465774834464,1.7430558144148658,8782350
2021-01-18,1.725683331489563,1.7546383537237695,1.725683331489563,7048050
2021-01-19,1.7372654676437378,1.7546381057523206,1.7083104495015533,3187050
2021-01-20,1.7720105648040771,1.8415011102165784,1.7314741026662095,19598100
2021-01-21,1.7604281902313232,1.8067558419137169,1.7372652963318542,9500850
2021-01-22,1.7604281902313232,1.789383205518251,1.7430555538358576,9526500
2021-01-25,1.7141016721725464,1.760428397364033,1.6851475854205968,14987700
2021-01-26,1.7314741611480713,1.7372653507752902,1.6967288872682724,8328600
2021-01-27,1.725683331489563,1.7430559720533063,1.7198930725962829,11656050
2021-01-29,1.7141016721725464,1.7256831204849583,1.6851475854205968,31860150
2021-02-02,1.66777503490448,1.719893059755707,1.66198394766159,11415750
2021-02-03,1.685147762298584,1.7198930428246235,1.661983931300579,12732750
2021-02-04,1.7546381950378418,1.7604284534074628,1.6851476390674538,14912700
2021-02-05,1.7893835306167605,1.7951737891727484,1.7198929724097247,9569400
2021-02-08,1.82412850856781,1.841501145251453,1.7893832352005248,12382650
2021-02-09,1.934155225753784,1.9573191607066684,1.8299193823497089,30153300
2021-02-10,1.9689007997512815,1.9920647381496703,1.8415018308372952,18823050
2021-02-11,2.0094363689422607,2.0094363689422607,1.9225729898488568,4777950
2021-02-15,1.9167821407318115,2.015227702414302,1.910991883179949,5654400
2021-02-16,2.0210177898406982,2.0268088747043067,1.9167817829638665,17461500
2021-02-17,1.97469162940979,2.044182185631171,1.968900335528288,6563400
2021-02-18,2.1599998474121094,2.1831637832999653,1.9862732276282675,20068050
2021-02-19,2.2526538372039795,2.327935679814632,2.1773719945933263,22399050
2021-02-22,2.200536012649536,2.293190496267621,2.1831633746329637,6567300
2021-02-23,2.345308780670166,2.3510990396288327,2.1773724249313737,14124150
2021-02-24,2.3163535594940186,2.374262771258122,2.287399367808359,28663500
2021-02-25,2.3221447467803955,2.42638079400862,2.3163536596749674,12203400
2021-02-26,2.2816083431243896,2.3395173493682453,2.241072597918835,15382050
2021-03-01,2.2816083431243896,2.316353622611782,2.2816083431243896,3439650
2021-03-02,2.298980712890625,2.316353350594191,2.2642354374834937,7078950
2021-03-03,2.275817632675171,2.2989807356461744,2.2468628220196085,5527350
2021-03-04,2.2584452629089355,2.2873994557072304,2.2179088959556337,6920100
2021-03-05,2.2526538372039795,2.2873991118567365,2.2526538372039795,17465850
2021-03-08,2.2816083431243896,2.3105633639918217,2.252654150649764,7807950
2021-03-09,2.2584452629089355,2.310563389820837,2.223699983033137,12917700
2021-03-10,2.2584452629089355,2.2584452629089355,2.2352815358935327,3881700
2021-03-11,2.262506484985352,2.2683073634038102,2.233499395775053,6411150
2021-03-12,2.262506484985352,2.291512744313187,2.256704984155045,11839350
2021-03-15,2.2334985733032227,2.2625056518318467,2.216094699633019,4306800
2021-03-16,2.227698564529419,2.2567048217700605,2.0942682044459016,13729950
2021-03-17,2.2334985733032227,2.2625056518318467,2.216094699633019,5210250
2021-03-18,2.2451021671295166,2.256704544115912,2.2218967907450007,16614750
2021-03-19,2.239300489425659,2.245101988663551,2.2160949074152083,18488550
2021-03-22,2.2334985733032227,2.2567041531379064,2.2218964057974997,12889650
2021-03-23,2.2334985733032227,2.2567041531379064,2.22769790449144,13414650
2021-03-24,2.227698564529419,2.250903321357211,2.21609535623312,2524650
2021-03-25,2.2334985733032227,2.239300279467703,2.216094699633019,4350300
2021-03-26,2.1812875270843506,2.2393008695465544,2.1812875270843506,6390150
2021-03-29,2.239300489425659,2.384333198550108,2.18708886351966,16758900
2021-03-30,2.366929292678833,2.378531668593094,2.250902836418992,13077000
2021-03-31,2.390134334564209,2.430743799805398,2.332122027976021,11518650
2021-04-01,2.3553268909454346,2.395936361596696,2.33792300992686,6573900
2021-04-02,2.3843331336975098,2.390133802895391,2.355326053238144,4043400
2021-04-05,2.4365456104278564,2.4539494913439346,2.3901346389064364,13639650
2021-04-06,2.465551376342773,2.494557631244388,2.4133397440728146,9728400
2021-04-07,2.3553268909454346,2.540969118359404,2.3263206300517707,19934100
2021-04-08,2.459749698638916,2.459749698638916,2.361127733700556,11683650
2021-04-09,2.459749698638916,2.5003589504958685,2.413339569667904,9263100
2021-04-12,2.453949451446533,2.4829557116977745,2.424942361312802,6134700
2021-04-13,2.3785324096679688,2.4713533131370973,2.3785324096679688,10147350
2021-04-14,2.4365456104278564,2.4365456104278564,2.3901346389064364,8308350
2021-04-15,2.343724489212036,2.4423462732602204,2.343724489212036,22874550
2021-04-16,2.320518732070923,2.390134244240109,2.314718061801932,9289950
2021-04-19,2.3089163303375244,2.390134219558973,2.3089163303375244,7168050
2021-04-20,2.262506484985352,2.326320504471328,2.2393011040759747,9728400
2021-04-21,2.279910087585449,2.3089163433830464,2.2625062096245365,6199650
2021-04-22,2.3089163303375244,2.3089163303375244,2.245102318978656,10862700
2021-04-23,2.3263204097747803,2.35532666792187,2.285711150439397,6869400
2021-04-26,2.3843331336975098,2.4133393842746624,2.320518303580897,10218300
2021-04-27,2.4133400917053223,2.4133400917053223,2.343724364513578,6284400
2021-04-28,2.3495261669158936,2.4249423605573788,2.3495261669158936,6817050
2021-04-30,2.31471848487854,2.378532508560085,2.29731460365522,5904900
2021-05-03,2.2509031295776367,2.355326393641125,2.239300752152277,9220800
2021-05-04,2.279910087585449,2.2915124654221337,2.250903209376081,5491500
2021-05-05,2.1986916065216064,2.279910334894349,2.192890935650524,10299900
2021-05-06,2.2451021671295166,2.2451021671295166,2.1754866603876946,8803500
2021-05-07,2.320518732070923,2.320518732070923,2.2218969639685016,7764750
2021-05-10,2.2857115268707275,2.3205192913444166,2.268307644633883,8756100
2021-05-11,2.2509031295776367,2.2741085068401063,2.216095167419224,6770250
2021-05-12,2.146479845046997,2.2334992393477857,2.117473587750669,13961400
2021-05-17,2.227698564529419,2.239300942943315,2.152281341338987,11014500
2021-05-18,2.1986916065216064,2.2334993662191365,2.192890935650524,7633200
2021-05-19,2.187089443206787,2.2218972030365687,2.181287734960596,4271400
2021-05-20,2.1917402744293213,2.2905717717026506,2.168485339738635,9274200
2021-05-21,2.226621627807617,2.2382484691987297,2.162671921038908,11962500
2021-05-24,2.261502981185913,2.2731300283383598,2.226621215993413,7449900
2021-05-25,2.273130416870117,2.325453073602047,2.2440624821530237,10908900
2021-05-27,2.238248109817505,2.337080611919998,2.238248109817505,13760850
2021-05-28,2.290571451187134,2.3196402194388512,2.249876464687701,4857600
2021-05-31,2.325453042984009,2.4068444650084184,2.238248408333881,10374450
2021-06-01,2.354521989822388,2.354521989822388,2.2963852850409987,1761150
2021-06-02,2.313825845718384,2.37777554664996,2.302199005388534,9404100
2021-06-03,2.3196399211883545,2.3545216901230788,2.308012041141551,3094800
2021-06-04,2.290571451187134,2.337081106148696,2.290571451187134,5229750
2021-06-08,2.2963850498199463,2.331266819621681,2.2615032800182115,7794300
2021-06-09,2.232435464859009,2.319640101901292,2.2091807425124435,7719300
2021-06-10,2.2208077907562256,2.238248678206805,2.2091809482793963,4832400
2021-06-11,2.16267204284668,2.232435590063744,2.1510441612418565,15615300
2021-06-14,2.203366756439209,2.220807642727258,2.162671978835722,7221150
2021-06-15,2.203366756439209,2.209180801025421,2.168484983863111,10755150
2021-06-16,2.1801130771636963,2.2091810158925225,2.1742992399237893,12475500
2021-06-17,2.267317056655884,2.267317056655884,2.174298798383589,26316450
2021-06-18,2.267317056655884,2.3021990334528333,2.214994403328073,139404750
2021-06-21,2.1859257221221924,2.261503306742553,2.1626718323814877,11976150
2021-06-22,2.1859257221221924,2.220807492336128,2.1801127174884547,28502550
2021-06-23,2.133603096008301,2.1917397963175302,2.0638395546254333,21767850
2021-06-24,2.1742990016937256,2.1859258432524897,2.075467521856039,11725950
2021-06-25,2.1510443687438965,2.1801131399571254,2.1103495860102703,12389250
2021-06-28,2.133603096008301,2.1626718619864223,2.092908320603555,10372050
2021-06-29,2.121976613998413,2.145231549829745,2.0987218860788897,7457250
2021-06-30,2.087094306945801,2.127790122506256,2.087094306945801,4994100
2021-07-01,2.098721027374268,2.110348906355933,2.0870939800394974,2683950
2021-07-02,2.1277902126312256,2.1277902126312256,2.0754675536104,3463950
2021-07-05,2.098721027374268,2.1277897892256745,2.0870939800394974,2324550
2021-07-06,2.1452314853668213,2.1452314853668213,2.098721823013553,2924850
2021-07-07,2.1917402744293213,2.1917402744293213,2.121976509916256,9134850
2021-07-08,2.087094306945801,2.168484898507929,2.075467465701616,10267650
2021-07-09,2.1277902126312256,2.1277902126312256,2.087094395347053,7013850
2021-07-12,2.081280469894409,2.139416963127733,2.0754674650975216,1796550
2021-07-13,1.9940756559371948,2.087094119969033,1.9824488157346247,12440250
2021-07-14,1.935940146446228,2.011516692615249,1.9184992610837013,8027400
2021-07-15,2.04058575630188,2.0522128069946306,1.9184995409542664,8012400
2021-07-16,1.98826277256012,2.0405854278589186,1.976634892091801,4346700
2021-07-19,2.0231447219848637,2.034771771836192,1.9882629486955712,4676400
2021-07-21,1.9417530298233032,2.028957659098196,1.9184991411950176,12640950
2021-07-22,2.017330884933472,2.023144721726045,1.965008225006227,6354150
2021-07-23,2.02895736694336,2.034771202108828,1.9998894385862824,3022800
2021-07-26,2.0231447219848637,2.058026495274156,1.9882629486955712,5854800
2021-07-27,2.034771680831909,2.034771680831909,1.9998899091026887,3975150
2021-07-28,2.034771680831909,2.052212566696519,1.9998899091026887,4100400
2021-07-29,1.9940756559371948,2.052212351890897,1.9882626516593855,5904900
2021-07-30,2.02895736694336,2.02895736694336,1.9882623919904776,2224800
2021-08-02,2.011516809463501,2.0173308540789194,1.99407592308784,3503100
2021-08-03,1.9940756559371948,2.023144419737521,1.9882626516593855,6854700
2021-08-04,1.935940146446228,1.9998898515304049,1.924312265802616,22671150
2021-08-05,1.96500825881958,1.994075987900257,1.9359403218271305,11797950
2021-08-06,2.04058575630188,2.04058575630188,1.9243125465211817,19612500
2021-08-09,2.098721027374268,2.1045348629092384,2.0405851669652444,11346000
2021-08-11,2.20918083190918,2.2208076737735567,2.098721468050481,11272050
2021-08-12,2.2149946689605717,2.226621718738268,2.156857964689716,6162450
2021-08-13,2.2440617084503174,2.249875542883362,2.2033659069774245,7624050
2021-08-16,2.203366756439209,2.2324355239879177,2.1801128651237707,5549250
2021-08-17,2.2556886672973637,2.273129546194301,2.2033658226948734,5506200
2021-08-18,2.203366756439209,2.261503459889568,2.19755375141182,2044950
2021-08-19,2.267317056655884,2.2905711534225364,2.203366523297776,11737800
2021-08-20,2.261502981185913,2.2847576992259677,2.2382480552341386,4064250
2021-08-23,2.2498762607574463,2.267317145886438,2.244062424469365,4400100
2021-08-24,2.20918083190918,2.249876441728639,2.2033667872416887,7899000
2021-08-25,2.1510443687438965,2.2091810795231908,2.121976429177831,9788850
2021-08-26,2.131246328353882,2.148715543483875,2.084661129925487,17069400
2021-08-27,2.102130174636841,2.125422667837992,2.0963077281472797,5579850
2021-08-30,2.113776683807373,2.1603608315247818,2.096307472226273,10440000
2021-09-01,2.2477071285247803,2.2535304073811546,2.113776712814529,33962850
2021-09-02,2.282645463943481,2.3175838862347877,2.2418835547714435,22523250
2021-09-03,2.241883993148804,2.3001151248529936,2.218592331815092,14002050
2021-09-06,2.236060857772827,2.26517599815987,2.2185916485909614,14842650
2021-09-07,2.2884693145751958,2.294291969913599,2.2535308835510666,13910100
2021-09-08,2.265176296234131,2.300114719195405,2.2477070847534937,8637150
2021-09-09,2.2709999084472656,2.282645842895001,2.241883926955908,4231500
2021-09-10,2.2709999084472656,2.2709999084472656,2.2360614803556857,2970150
2021-09-13,2.2709999084472656,2.2709999084472656,2.230238200757632,3041100
2021-09-14,2.2709999084472656,2.288469122493056,2.259353349251156,3866250
2021-09-15,2.3001151084899902,2.3001151084899902,2.270999959343949,8856300
2021-09-17,2.2884693145751958,2.2884693145751958,2.2127691724401077,24023550
2021-09-20,2.2593533992767334,2.288469173163301,2.2477074645711395,1789500
2021-09-21,2.276822328567505,2.311760753057101,2.2302379708308133,6864600
2021-09-22,2.2709999084472656,2.282645842895001,2.253530694401476,2164050
2021-09-23,2.2709999084472656,2.282645842895001,2.259353349251156,3420300
2021-09-24,2.2884693145751958,2.2884693145751958,2.271000099063131,6760350
2021-09-27,2.2709999084472656,2.3175842709865804,2.259353349251156,7962450
2021-09-28,2.241883993148804,2.2651766957298367,2.218592331815092,5853000
2021-09-29,2.2709999084472656,2.2709999084472656,2.2011230522641063,5900250
2021-09-30,2.2709999084472656,2.2709999084472656,2.230238200757632,3131100
2021-10-01,2.212768793106079,2.2709997097466013,2.2011228596773025,5010900
2021-10-04,2.17782998085022,2.270999305959755,2.166184049492106,8359200
2021-10-05,2.1836535930633545,2.1836535930633545,2.1370684027562445,7777650
2021-10-06,2.160360813140869,2.183653511549647,2.1428916017084263,7217250
2021-10-07,2.125422954559326,2.166184875222521,2.125422954559326,9295650
2021-10-08,2.1545376777648926,2.1661844442430462,2.131246019053552,6086850
2021-10-11,2.131246328353882,2.1661847586138685,2.131246328353882,5686800
2021-10-12,2.131246328353882,2.142892055274935,2.10213034505548,7915800
2021-10-13,2.160360813140869,2.189475957278847,2.131245877252318,5110350
2021-10-14,2.1428921222686768,2.172007273479428,2.137068842127153,4409100
2021-10-15,2.1545376777648926,2.1720068903596395,2.1428917442845017,4176600
2021-10-18,2.125422954559326,2.1778308110199625,2.125422954559326,9892200
2021-10-20,2.1196000576019287,2.1312468285035395,2.1079541196983977,9066000
2021-10-21,2.1487154960632324,2.1487154960632324,2.107953578493893,6033600
2021-10-22,2.131246328353882,2.148715543483875,2.119599560185473,5871150
2021-10-25,2.137068271636963,2.160360761236696,2.1254223392112297,3381750
2021-10-26,2.2011232376098637,2.2127691730382453,2.1428921027216234,5508000
2021-10-27,2.2011232376098637,2.230238388555032,2.1836540220930765,3798150
2021-10-28,2.189476251602173,2.2011230188710487,2.1836538050902825,2162250
2021-10-29,2.1953001022338867,2.2011233827061574,2.1661849493694705,1209600
2021-11-01,2.1428921222686768,2.1952999775465667,2.12542290659254,4011900
2021-11-02,2.073014974594116,2.1487153152834098,2.0555457613194097,4887750
2021-11-03,2.113776683807373,2.142891619943682,2.078838260645173,7499100
2021-11-05,2.137068271636963,2.160360761236696,2.096307404022185,3253200
2021-11-08,2.1428921222686768,2.166184826335815,2.107953690916402,2247150
2021-11-09,2.1545376777648926,2.1545376777648926,2.1195992525753984,1774950
2021-11-10,2.125422954559326,2.154538106427152,2.1195996742863823,1587750
2021-11-11,2.1196000576019287,2.125423338927974,2.1079541196983977,2662350
2021-11-12,2.113776683807373,2.125422408362582,2.096307472226273,6823950
2021-11-15,2.113776683807373,2.11959912958612,2.096307472226273,2136150
2021-11-16,2.102130174636841,2.142891881551765,2.102130174636841,2463750
2021-11-17,2.1079530715942383,2.125422282137876,2.1079530715942383,1646250
2021-11-18,2.1196000576019287,2.1196000576019287,2.096308390044386,3174300
2021-11-19,2.102130174636841,2.131246155574825,2.102130174636841,1983000
2021-11-22,2.102130174636841,2.131246155574825,2.0963077281472797,4425750
2021-11-23,2.073014974594116,2.1079534011435297,2.073014974594116,1153050
2021-11-24,2.078838586807251,2.096307801129206,2.0730150988676765,6251850
2021-11-25,2.073014974594116,2.0904841878688227,2.0613690406604275,4056900
2021-11-26,2.049721956253052,2.084660373841244,2.049721956253052,7654800
2021-11-29,2.041846513748169,2.053513989940198,2.03017903755614,3177300
2021-11-30,2.0593481063842773,2.082683894048027,2.03017910202593,6642000
2021-12-01,2.041846513748169,2.059348040988205,2.041846513748169,1752150
2021-12-02,2.0593481063842773,2.0710155829468158,2.041846578588468,1975500
2021-12-06,2.0068435668945312,2.082683939604641,2.0068435668945312,4215000
2021-12-07,2.053513765335083,2.0651818661548877,1.99517576485173,4222650
2021-12-08,2.041846513748169,2.053513989940198,2.041846513748169,1359300
2021-12-09,2.041846513748169,2.047680564796176,2.012677510316104,1935000
2021-12-10,2.047680616378784,2.071015569350667,2.0243450375029,879300
2021-12-13,2.053513765335083,2.0651818661548877,2.0360122400092937,1914450
2021-12-14,2.0068435668945312,2.053514100069559,2.0068435668945312,5212650
2021-12-15,2.0126774311065674,2.0301789576578253,2.006843380288161,1759050
2021-12-16,1.9776742458343504,2.0243447715506866,1.9776742458343504,4733100
2021-12-17,1.9776742458343504,2.0126772965975825,1.9601727204527348,7785300
2021-12-20,1.9776742458343504,1.983507461724304,1.966005936342688,2538300
2021-12-21,1.9601730108261108,1.977674538800344,1.948504699605944,7767300
2021-12-22,1.995176196098328,2.0476807834242794,1.9601731378810263,9746700
2021-12-23,2.053513765335083,2.053513765335083,1.989341714441828,4975500
2021-12-24,2.08268404006958,2.08268404006958,2.041846721746827,1552650
2021-12-27,2.0710153579711914,2.082683667804868,2.0710153579711914,3322800
2021-12-28,2.0593481063842773,2.076849634180087,2.0593481063842773,3458250
2021-12-29,2.076849937438965,2.0943514677903248,2.059348407087605,2990400
2021-12-30,2.0885169506073,2.1060184770611943,2.059347948485461,3335250
2021-12-31,2.106018304824829,2.111852355133654,2.088516779802261,1067100
2022-01-03,2.1176867485046387,2.1176867485046387,2.09435096305729,1702500
2022-01-04,2.106018304824829,2.117686614077114,2.1001850890545457,1627050
2022-01-05,2.129354476928711,2.13518873750728,2.1001856776521923,6628650
2022-01-06,2.1585235595703125,2.170191872496726,2.11768728089633,4444050
2022-01-07,2.1876931190490723,2.1876931190490723,2.146855802502614,2460450
2022-01-10,2.1993608474731445,2.1993608474731445,2.176025056519284,5005050
2022-01-11,2.181859254837036,2.1993607846000693,2.1643575164393107,4033800
2022-01-12,2.1876931190490723,2.193526335898923,2.1643573307642328,6158100
2022-01-13,2.181859254837036,2.1935265240763413,2.170191776963039,1081950
2022-01-14,2.1585235595703125,2.176025090103778,2.135188811429795,4938600
2022-01-17,2.1526901721954346,2.1585233893424607,2.14102186018922,2431500
2022-01-19,2.146855592727661,2.158523068460673,2.129354066176163,7017600
2022-01-20,2.123520612716675,2.146856196651098,2.111853133701532,3138150
2022-01-21,2.0943517684936523,2.1176875629153757,2.0943517684936523,2831400
2022-01-24,2.08268404006958,2.1001855690924605,2.08268404006958,2348700
2022-01-25,2.065182447433472,2.082684186320044,2.047680917181597,2684100
2022-01-26,2.1001856327056885,2.1118529018049697,2.059348313146,5098200
2022-01-27,2.1001856327056885,2.1176871622586786,2.09435137225198,9404250
2022-01-28,2.065182447433472,2.123520464336991,2.0593483953814826,2362800
2022-01-31,2.0710153579711914,2.0943509344653157,2.0651819332756136,713850
2022-02-03,2.0943517684936523,2.1118533013578515,2.065182755688049,3079050
2022-02-04,2.047680616378784,2.100185408056189,2.0418465651838127,2558100
2022-02-07,2.1001856327056885,2.1118529018049697,2.053514261326981,4371000
2022-02-08,2.123520612716675,2.135188926270667,2.071016018292325,7909800
2022-02-09,2.1351888179779053,2.152690348565044,2.111853026592317,2698500
2022-02-10,2.1176867485046387,2.1526898007717152,2.111852489190829,3023700
2022-02-11,2.1760246753692627,2.193526202567064,2.117686877280576,5880000
2022-02-14,2.1760246753692627,2.187692986071781,2.1468556720075886,4282200
2022-02-15,2.1876931190490723,2.199360595922144,2.158523279375686,6800850
2022-02-16,2.2110276222229004,2.2226959323578845,2.187692879664792,3727650
2022-02-17,2.181859254837036,2.234363844126136,2.1585234645502744,10255050
2022-02-18,2.146855592727661,2.1935261215636688,2.135188325629303,7391400
2022-02-21,2.1526901721954346,2.1585233893424607,2.117687113888953,2705400
2022-02-22,2.146855592727661,2.158523068460673,2.129354066176163,2456850
2022-02-23,2.146855592727661,2.158523068460673,2.129354066176163,1937250
2022-02-24,2.123520612716675,2.164357728125881,2.100185863321101,4995450
2022-02-25,2.1526901721954346,2.1585233893424607,2.111852853568504,3631950
2022-02-28,2.1176867485046387,2.1526898007717152,2.0885169123781284,7121250
2022-03-01,2.1001856327056885,2.1410219090919305,2.07684984269899,6339600
2022-03-02,2.1001856327056885,2.1235203795389404,2.088517320432961,3083400
2022-03-03,2.1054491996765137,2.111297036392949,2.0820549246046838,3640500
2022-03-04,2.0996007919311523,2.11129751379676,2.070358673530697,5028000
2022-03-07,2.0235700607299805,2.093751846966806,1.9943281552621648,10528650
2022-03-08,1.994328260421753,2.0294190508116805,1.9767828652267887,4600500
2022-03-09,2.064509391784668,2.082054783160227,1.965085716480728,6941550
2022-03-10,2.0996007919311523,2.11129751379676,2.046964602326608,4501500
2022-03-11,2.1054491996765137,2.117145709739696,2.0879038071090075,3974250
2022-03-14,2.128842830657959,2.1346915051083086,2.0996007133519137,2352900
2022-03-15,2.0996007919311523,2.128842910331608,2.082055395396304,1704900
2022-03-16,2.0937514305114746,2.117145494042312,2.0586606489515544,3378150
2022-03-17,2.0879037380218506,2.111296966531728,2.076206182557843,3708000
2022-03-18,2.0528125762939453,2.105448957089344,2.0528125762939453,6724050
2022-03-21,2.0411152839660645,2.0937514569711317,2.023569683806816,2496750
2022-03-22,2.0528125762939453,2.070357966839894,2.023569631244704,2689500
2022-03-23,2.0586605072021484,2.0879034506278904,2.041115117630279,4505400
2022-03-24,2.029418468475342,2.0762059664120858,2.0177217508593177,8960250
2022-03-25,2.029418468475342,2.0586605762517256,2.023569586773457,1615200
2022-03-28,2.0235700607299805,2.052813011985786,2.0060246664601737,1736850
2022-03-29,2.017721652984619,2.0937512550097384,2.0060240993058183,4154550
2022-03-30,2.017721652984619,2.0411150870819097,2.017721652984619,1849650
2022-03-31,2.0235700607299805,2.0294189438017787,2.017722223446172,6133200
2022-04-01,2.017721652984619,2.035267042293896,2.017721652984619,1334100
2022-04-04,2.011873245239258,2.0177219182688555,2.000176526652762,1286700
2022-04-05,2.011873245239258,2.0177219182688555,1.9943278536231643,4662300
2022-04-06,1.9884796142578125,2.0118738956238102,1.9884796142578125,6153300
2022-04-07,1.9767829179763796,1.9943283136395344,1.9650861966918909,4881300
2022-04-08,1.959237098693848,1.988479000161295,1.959237098693848,4539300
2022-04-11,1.9241461753845213,1.9650858428758773,1.9241461753845213,5240700
2022-04-12,1.947540521621704,1.9533883585309424,1.9241462457785652,923700
2022-04-13,1.9884796142578125,2.0118738956238102,1.947540981391938,6101100
2022-04-14,2.0060243606567383,2.011873242836918,1.9826311326692465,2067000
2022-04-15,1.9884796142578125,2.000177173256079,1.9826317759680323,611250
2022-04-18,1.9884796142578125,1.9884796142578125,1.965086378679985,1789950
2022-04-20,2.0528125762939453,2.058660621494154,1.9943277319832304,7412250
2022-04-21,2.0528125762939453,2.0820546847129724,2.0528125762939453,4970700
2022-04-22,2.029418468475342,2.046963858635701,2.029418468475342,2618100
2022-04-25,2.011873245239258,2.0294186368553517,2.0060243630520938,853800
2022-04-26,2.011873245239258,2.0645094200875387,1.9943278536231643,4033200
2022-04-27,2.011873245239258,2.035267309884949,1.9884789714360005,2792850
2022-04-28,2.029418468475342,2.041115186091366,2.011873078314982,848250
2022-04-29,2.0528125762939453,2.058660621494154,2.0177217952020485,2306850
2022-05-05,2.064509391784668,2.0879036652672074,2.0352672819829656,5727600
2022-05-06,2.0586605072021484,2.082054569122183,2.0294184004065747,5230200
2022-05-09,2.0586605072021484,2.082054569122183,2.0469637899784443,6819900
2022-05-10,2.0411152839660645,2.0762060659694423,2.035267238613953,5248800
2022-05-11,2.046963930130005,2.070357993651785,2.029418539356837,8510100
2022-05-12,2.0060243606567383,2.046964026027204,1.9943278512417757,6366900
2022-05-13,2.0762059688568115,2.216569090304967,2.0528125335972174,75972300
2022-05-17,1.9826308488845823,2.0820545112017803,1.9709332953561227,27286200
2022-05-18,2.0235700607299805,2.0352676177159794,1.9884792721903668,14426100
2022-05-19,2.0001766681671143,2.0235698978376324,1.9767826018662715,16431450
2022-05-20,2.011873245239258,2.035267309884949,1.9884789714360005,19893900
2022-05-23,2.0001766681671143,2.0001766681671143,1.9767826018662715,14670900
2022-05-24,2.0060243606567383,2.0352673074546748,1.9826311326692465,22147050
2022-05-25,2.0060243606567383,2.0352673074546748,2.000176524264389,23930700
2022-05-26,2.0001766681671143,2.011873387581164,1.9709337192652931,17508900
2022-05-27,2.0001766681671143,2.011873387581164,1.9767826018662715,15022050
2022-05-30,1.9884796142578125,2.0060250115458595,1.9709342169697652,26144250
2022-05-31,1.900752305984497,2.0001768345885584,1.900752305984497,194137800
2022-06-01,1.883206367492676,1.9299946996248545,1.871509650485323,27547200
2022-06-02,1.8814492225646973,1.9048934203422292,1.8755875966837825,10149600
2022-06-03,1.904893159866333,1.910754575332471,1.863865138122667,12504450
2022-06-07,1.904893159866333,1.9283381928911183,1.8873095423076856,9039750
2022-06-08,1.8814492225646973,1.91075483660986,1.8814492225646973,3635400
2022-06-09,1.8990325927734373,1.8990325927734373,1.834558699215163,7055400
2022-06-10,1.8755877017974851,1.893171322745964,1.84628187649665,11120250
2022-06-13,1.8052531480789185,1.840420388613709,1.787669527811523,7733850
2022-06-14,1.8286986351013184,1.840420841886662,1.7818083406665663,3810600
2022-06-15,1.775947332382202,1.8286981934359412,1.7700859159851643,8309550
2022-06-16,1.746640682220459,1.7993915436546404,1.711473441264338,10631100
2022-06-17,1.6938897371292114,1.734918497304978,1.688029054625862,45644700
2022-06-20,1.723196268081665,1.7290568453343065,1.6704453084431283,8334600
2022-06-21,1.746640682220459,1.7583637247123705,1.7173349625102938,5643750
2022-06-22,1.6792372465133667,1.899032806275403,1.6792372465133667,5632100
2022-06-23,1.688029408454895,1.714404948204603,1.6792375968072129,4490700
2022-06-24,1.731988549232483,1.7495721723017816,1.6792375752179265,4133000
2022-06-27,1.7583637237548828,1.7847391544576112,1.7231964828179116,3297200
2022-06-28,1.8199063539505005,1.8374899740185608,1.7319882536102,4870500
2022-06-29,1.802322626113892,1.819906245130552,1.7671553880805706,9306000
2022-06-30,1.8199063539505005,1.8286981639845303,1.7847391138143804,3277700
2022-07-01,1.8111143112182615,1.8199061201226896,1.7847388845049772,1125300
2022-07-04,1.7583637237548828,1.81111458516034,1.7407801032863972,3697400
2022-07-05,1.7935307025909424,1.8111143204898137,1.7495716578437643,2964000
2022-07-06,1.7935307025909424,1.8111143204898137,1.7583634667932,2828600
2022-07-07,1.8111143112182615,1.837489737931546,1.767155266696121,1626100
2022-07-08,1.83748996257782,1.8550735825363995,1.802322722660661,3077300
2022-07-12,1.7847391366958618,1.8374899975763412,1.758363706255622,2401300
2022-07-13,1.83748996257782,1.83748996257782,1.7847391027020818,5433800
2022-07-14,1.8286986351013184,1.8638658842973683,1.8199068228023056,3200900
2022-07-15,1.8286986351013184,1.8374904474003309,1.8111150105032932,461300
2022-07-18,1.8286986351013184,1.8462822596993436,1.7847395736062557,2633100
2022-07-19,1.83748996257782,1.8462817725571097,1.7847391027020818,2398500
2022-07-20,1.8462815284729004,1.872657164537112,1.8374897196559152,3412600
2022-07-21,1.8550736904144287,1.8902411419899632,1.8286982589427505,3097100
2022-07-22,1.8638653755187988,1.8726573950311969,1.8374899458214515,1664400
2022-07-25,1.8814492225646973,1.890241032546217,1.855073583006855,2605000
2022-07-26,1.8990325927734373,1.907824401598688,1.8638651478591783,5604300
2022-07-27,1.9341999292373655,1.9341999292373655,1.8990326920970395,5506100
2022-07-28,1.9429917335510252,1.9429917335510247,1.9166163057632657,3169300
2022-07-29,1.9517830610275269,1.969366675212289,1.9341994468427648,4081000
2022-08-01,1.986951231956482,2.0484939107974403,1.969367609430494,6565800
2022-08-02,2.0133261680603027,2.022117977150001,1.9869507407912077,3910500
2022-08-03,2.039701223373413,2.057284838346296,1.986950378454765,3753600
2022-08-04,2.039701223373413,2.0748684533191786,2.0221176084005306,7522100
2022-08-05,1.969367265701294,2.039701743529215,1.916616407330353,13518500
2022-08-08,1.8990325927734373,1.9781588722006929,1.8638651478591783,6415100
2022-08-09,1.8990325927734373,1.9166162104239384,1.8726571662976856,3338200
2022-08-10,1.8726574182510376,1.8990328482754248,1.8199063485889788,12360100
2022-08-11,1.890241026878357,1.899032836833514,1.855073577444444,6679300
2022-08-12,1.8550736904144287,1.8990329524805227,1.8550736904144287,3996600
2022-08-15,1.83748996257782,1.863865392515689,1.811114532639951,6612500
2022-08-16,1.8726574182510376,1.8814492282591664,1.8374899686052368,8918400
2022-08-17,1.8990325927734373,1.907824401598688,1.8638651478591783,11214800
2022-08-18,1.8726574182510376,1.8990328482754248,1.8550735886214949,4008500
2022-08-19,1.83748996257782,1.8902410320668424,1.83748996257782,2225500
2022-08-22,1.8199063539505005,1.8374899740185608,1.7671554937463203,4392200
2022-08-23,1.8111143112182615,1.828697929027118,1.7935306934094053,3720000
2022-08-24,1.8428577184677124,1.8428577184677124,1.7899527604773933,3405100
2022-08-25,1.851675033569336,1.860492525720596,1.8252225571155565,3725700
2022-08-26,1.8428577184677124,1.8604927044644852,1.834040225469326,3357900
2022-08-29,1.851675033569336,1.851675033569336,1.8075875728130368,3394200
2022-08-30,1.9133981466293333,1.9133981466293333,1.8428579823171063,10320700
2022-09-01,1.869310021400452,1.9222151846334723,1.842857544896739,5366800
2022-09-02,1.8428577184677124,1.869310197462872,1.8252227324709396,2681000
2022-09-05,1.851675033569336,1.869310017871856,1.8340400492668163,1656400
2022-09-06,1.851675033569336,1.869310017871856,1.851675033569336,1882900
2022-09-07,1.851675033569336,1.869310017871856,1.8340400492668163,2334700
2022-09-08,1.860492706298828,1.878127902538604,1.842857720284668,2803300
2022-09-09,1.878127932548523,1.878127932548523,1.8516752428789889,1066800
2022-09-12,1.851675033569336,1.8869452123999708,1.8340400492668163,1691300
2022-09-13,1.878127932548523,1.8869454256964944,1.8516752428789889,4169800
2022-09-14,1.878127932548523,1.8869454256964944,1.8340402565830456,3236800
2022-09-15,1.860492706298828,1.878127902538604,1.842857720284668,13156500
2022-09-19,1.7899527549743652,1.851675205773312,1.7723177690318093,9545100
2022-09-20,1.7987699508666992,1.8164049338967192,1.7634999848066588,2383500
2022-09-21,1.781135320663452,1.807587800448479,1.7723178274017766,6406300
2022-09-22,1.7899527549743652,1.8164052338881995,1.7635002760605312,3083300
2022-09-23,1.7458651065826416,1.7987700588486384,1.7370476145383087,5946100
2022-09-26,1.7194126844406128,1.75468265372545,1.692960102364185,11328500
2022-09-27,1.7546824216842651,1.7634999128394395,1.7017773696404332,3288700
2022-09-28,1.7546824216842651,1.772317403994614,1.7370474393739166,4411600
2022-09-29,1.7370479106903076,1.7635003913332306,1.7105954300473845,3200100
2022-09-30,1.7370479106903076,1.7370479106903076,1.7105954300473845,2953400
2022-10-03,1.7017775774002075,1.7370476514396016,1.675325100705261,3371400
2022-10-04,1.781135320663452,1.807587800448479,1.7017777761955606,3807900
2022-10-05,1.7546824216842651,1.781134895149788,1.7370474393739166,2435100
2022-10-06,1.7899527549743652,1.798770247945643,1.754682783089253,2873300
2022-10-07,1.7546824216842651,1.7899523863049625,1.7370474393739166,2431700
2022-10-11,1.7370479106903076,1.7635003913332306,1.692960337839288,3110200
2022-10-12,1.6753250360488892,1.7282300925097986,1.6400550684834792,3900800
2022-10-13,1.6841427087783811,1.7017776944546776,1.6224202589113446,5026900
2022-10-14,1.728230118751526,1.7370476107767645,1.684142553512536,4312300
2022-10-17,1.6841427087783811,1.728230278081928,1.657690230263937,2512800
2022-10-18,1.7017775774002075,1.7282301592079528,1.6841425929369098,1610800
2022-10-19,1.7370479106903076,1.7546828977855895,1.7017778313869292,1725600
2022-10-20,1.77231764793396,1.7899526326715631,1.7282301860899512,6098900
2022-10-21,1.7635003328323364,1.7899528125977469,1.737047853066926,2146400
2022-10-25,1.7458651065826416,1.77231758271564,1.719412630449643,3004600
2022-10-26,1.728230118751526,1.7723175788777192,1.692960045537775,5571300
2022-10-27,1.728230118751526,1.7635000868524806,1.7105951347010484,1985400
2022-10-28,1.7194126844406128,1.7458651614042406,1.7017775946853944,2414800
2022-10-31,1.781135320663452,1.781135320663452,1.7282303610933984,5314400
2022-11-01,1.7635003328323364,1.78113531934261,1.7458653463220628,1459300
2022-11-02,1.77231764793396,1.7899526326715631,1.7458651708275543,2801500
2022-11-03,1.7194126844406128,1.7635001460466593,1.6753251177217665,8191900
2022-11-04,1.781135320663452,1.781135320663452,1.7017777761955606,2247000
2022-11-07,1.7458651065826416,1.77231758271564,1.728230122493976,2703600
2022-11-08,1.7458651065826416,1.7635000906713072,1.728230122493976,1211900
2022-11-09,1.7546824216842651,1.7546824216842651,1.7105949659083937,3752100
2022-11-10,1.7458651065826416,1.7546825986269745,1.728230122493976,1453900
2022-11-11,1.7987699508666992,1.7987699508666992,1.7458650017766386,5294700
2022-11-14,1.7987699508666992,1.807587442381709,1.772317476321669,2649600
2022-11-15,1.781135320663452,1.789952813925128,1.763500334140101,2280000
2022-11-16,1.816404938697815,1.816404938697815,1.7634999894679169,3744600
2022-11-17,1.7635003328323364,1.7899528125977469,1.737047853066926,3208200
2022-11-21,1.7370479106903076,1.7546828977855895,1.692960337839288,3068900
2022-11-22,1.7194126844406128,1.75468265372545,1.7194126844406128,1839800
2022-11-23,1.728230118751526,1.754682594827242,1.719412626726287,1736600
2022-11-24,1.7635003328323364,1.78113531934261,1.737047853066926,3302000
2022-11-25,1.7679200172424316,1.7944387922107694,1.7502408339302065,3205700
2022-11-29,1.7679200172424316,1.7679200172424316,1.741401242274094,3062100
2022-11-30,1.856315851211548,1.856315851211548,1.750240756057736,31271700
2022-12-01,1.9447121620178225,1.9447121620178225,1.8209576616588017,10330200
2022-12-02,1.8916746377944944,1.918193414537793,1.8563160580509264,4409100
2022-12-05,1.8209574222564695,1.8916743606297848,1.8121178313038644,2511100
2022-12-06,1.838636875152588,1.8563160596634776,1.8121180983862528,2631100
2022-12-07,1.8474762439727783,1.8474762439727783,1.8386366527864009,2459000
2022-12-08,1.865155577659607,1.882834972219113,1.847476393852596,4100600
2022-12-09,1.8297971487045288,1.865155515133217,1.8209575570973568,1895100
2022-12-12,1.8121179342269895,1.8297971171363276,1.803278342772321,3080000
2022-12-13,1.8209574222564695,1.8474761951142853,1.7944386493986535,1783900
2022-12-14,1.8032782077789309,1.8474761617436164,1.7855990261930563,2443100
2022-12-15,1.7679200172424316,1.8121179755229944,1.7502408339302065,2478800
2022-12-16,1.8032782077789309,1.8032782077789309,1.7414010722283706,12719800
2022-12-19,1.8209574222564695,1.829797013209075,1.7767594674934433,1966700
2022-12-20,1.8209574222564695,1.83863660416168,1.803278240351259,1587100
2022-12-21,1.8209574222564695,1.83863660416168,1.7944386493986535,1642500
2022-12-22,1.8121179342269895,1.8386367085909965,1.803278342772321,3099600
2022-12-23,1.8032782077789309,1.820957389364805,1.7855990261930563,1557700
2022-12-27,1.8121179342269895,1.8209575256816584,1.794438751317652,2269100
2022-12-28,1.8121179342269895,1.8209575256816584,1.794438751317652,898400
2022-12-29,1.8032782077789309,1.829796980157742,1.7944386169859934,2228000
2022-12-30,1.7679200172424316,1.8386367504913324,1.759080425586319,4447800
2023-01-03,1.7679200172424316,1.7855992005546568,1.7502408339302065,1624100
2023-01-04,1.7590802907943726,1.8032782456882064,1.7590802907943726,1706800
2023-01-05,1.7590802907943726,1.7679198817731394,1.750240699815606,1391300
2023-01-06,1.8032782077789309,1.8032782077789309,1.759080253814245,3364000
2023-01-09,1.8209574222564695,1.8209574222564695,1.803278240351259,3771500
2023-01-10,1.8032782077789309,1.820957389364805,1.7855990261930563,6016600
2023-01-11,1.7414013147354126,1.8209576429508385,1.7325617227114765,9782000
2023-01-12,1.7414013147354126,1.750240906759349,1.7325617227114765,7753900
2023-01-13,1.7325615882873535,1.7502407709635524,1.7325615882873535,5168400
2023-01-16,1.7325615882873535,1.7502407709635524,1.7060427088968142,4176000
2023-01-17,1.7414013147354126,1.7414013147354126,1.7237221306875403,4281900
2023-01-18,1.7325615882873535,1.7502407709635524,1.723721996949254,4474500
2023-01-19,1.7325615882873535,1.741401179625453,1.723721996949254,4981000
2023-01-20,1.7325615882873535,1.741401179625453,1.723721996949254,3382000
2023-01-25,1.7502408027648926,1.7502408027648926,1.723722028268756,1850400
2023-01-26,1.723721981048584,1.750240754818257,1.723721981048584,4628300
2023-01-27,1.7502408027648926,1.7502408027648926,1.723722028268756,2952600
2023-01-30,1.7325615882873535,1.7502407709635524,1.7325615882873535,8476700
2023-01-31,1.679524064064026,1.7414013135662856,1.6176469199380152,15168300
2023-02-02,1.6353261470794678,1.6883637005854903,1.6353261470794678,8523200
2023-02-03,1.679524064064026,1.697203248100029,1.64416569599202,9219400
2023-02-07,1.6176466941833496,1.697203011242686,1.5911278164540033,11662300
2023-02-08,1.6353261470794678,1.6530053315814754,1.6088073703264567,5665300
2023-02-09,1.6441653966903689,1.6618445775080777,1.6088070350549508,6074700
2023-02-10,1.60880708694458,1.65300504041439,1.591127800180423,4602400
2023-02-13,1.5646090507507324,1.6264862918805496,1.5469298691068516,4697600
2023-02-14,1.5469298362731934,1.6088070760896631,1.5115714737359147,8820100
2023-02-15,1.6441653966903689,1.6441653966903689,1.5646089776344492,12518500
2023-02-16,1.5999674797058103,1.6618447233752498,1.5911278885210676,10039000
2023-02-17,1.5999674797058103,1.6176467674515354,1.5911278885210676,5678900
2023-02-20,1.591127872467041,1.608807160034387,1.5822882813714871,7214500
2023-02-21,1.5469298362731934,1.5911277894447915,1.529250655004554,8405400
2023-02-22,1.4938923120498655,1.53809026580083,1.485052615923439,22135300
2023-02-23,1.4850527048110962,1.511571584025193,1.4585339309732397,11225200
2023-02-24,1.4673734903335571,1.511571551144809,1.4320151259855458,12859600
2023-02-27,1.4585341215133667,1.476213306381513,1.4496945290792935,20182200
2023-02-28,1.5027321577072144,1.5027321577072144,1.4585340910827365,11562900
2023-03-01,1.4585341215133667,1.4938925966259131,1.4320153442111474,13272100
2023-03-02,1.4638570547103882,1.4816007599203234,1.4372414968954852,6545200
2023-03-03,1.472728967666626,1.4904726736036844,1.4461134087610386,7129900
2023-03-06,1.481600999832153,1.5170885217592522,1.4638572917490251,4265300
2023-03-07,1.508216142654419,1.517087993607379,1.4816004840347343,5345300
2023-03-08,1.4993444681167605,1.5082163201135963,1.4638569543685975,6899600
2023-03-09,1.472728967666626,1.5082164853015725,1.4638571146980968,3162200
2023-03-10,1.508216142654419,1.517087993607379,1.463856782128815,4630600
2023-03-13,1.472728967666626,1.5082164853015725,1.472728967666626,5665100
2023-03-14,1.472728967666626,1.4904726736036844,1.4372415557925091,6281300
2023-03-15,1.4993444681167605,1.5082163201135963,1.4727288063654336,3429600
2023-03-16,1.4638570547103882,1.4993445708910842,1.4549852021054206,2888000
2023-03-17,1.4638570547103882,1.490472612525291,1.4549852021054206,7030300
2023-03-20,1.4194977283477783,1.463856989393313,1.4194977283477783,4971600
2023-03-21,1.428369641304016,1.446113346476852,1.3928822309583442,6617500
2023-03-22,1.45498526096344,1.4638571139272976,1.428369702071867,2926800
2023-03-23,1.4638570547103882,1.4727289073153558,1.446113349500453,3470300
2023-03-24,1.472728967666626,1.472728967666626,1.4549852617295678,4797400
2023-03-27,1.4638570547103882,1.4816007599203234,1.4549852021054206,4527200
2023-03-28,1.4638570547103882,1.4638570547103882,1.446113349500453,5341600
2023-03-29,1.4638570547103882,1.4638570547103882,1.4372414968954852,4462000
2023-03-30,1.357394814491272,1.4638571591039695,1.3485229612536167,20950500
2023-03-31,1.375138521194458,1.4283697463900444,1.3485229614770813,16846500
2023-04-03,1.4638570547103882,1.4816007599203234,1.3928822338706472,15483000
2023-04-04,1.45498526096344,1.4638571139272976,1.4372415550357247,16281900
2023-04-05,1.4461134672164917,1.454985320543643,1.4283697605621892,3933200
2023-04-06,1.437241554260254,1.4549852601783957,1.4194978483421123,5444800
2023-04-07,1.41062593460083,1.4461133449080026,1.3928822294472438,5459100
2023-04-10,1.4461134672164917,1.4461134672164917,1.419497907235038,4638200
2023-04-11,1.4638570547103882,1.4727289073153558,1.4372414968954852,11399900
2023-04-12,1.4638570547103882,1.4638570547103882,1.4372414968954852,4927300
2023-04-13,1.4461134672164917,1.454985320543643,1.4283697605621892,2997700
2023-04-14,1.437241554260254,1.4638571131374662,1.4283697013011831,4672000
2023-04-17,1.4461134672164917,1.454985320543643,1.4283697605621892,2606500
2023-04-18,1.4461134672164917,1.4461134672164917,1.4283697605621892,3080900
2023-04-19,1.437241554260254,1.4638571131374662,1.4283697013011831,8649800
2023-04-20,1.428369641304016,1.4549851990632698,1.428369641304016,5703800
2023-04-25,1.41062593460083,1.4283696397544163,1.401754082024037,3008400
2023-04-26,1.375138521194458,1.4194978931509188,1.375138521194458,2743700
2023-04-27,1.3928823471069336,1.401754200433151,1.375138534693665,1167100
2023-04-28,1.4017541408538818,1.4194978467521489,1.3840103291947852,3872900
2023-05-02,1.437241554260254,1.446113407219325,1.4017541424239708,4152100
2023-05-03,1.41062593460083,1.4372414923312091,1.3840102711096256,5880200
2023-05-05,1.3928823471069336,1.4106260537593678,1.3840103880198824,1866300
2023-05-08,1.41062593460083,1.4372414923312091,1.401754082024037,7570000
2023-05-09,1.41062593460083,1.419497787177623,1.3928822294472438,5668100
2023-05-10,1.41062593460083,1.4461133449080026,1.3928822294472438,9596100
2023-05-11,1.41062593460083,1.4283696397544163,1.3928822294472438,16561600
2023-05-12,1.4194977283477783,1.4904725460206338,1.3928821717204576,30140800
2023-05-15,1.41062593460083,1.4372414923312091,1.401754082024037,8838300
2023-05-16,1.4017541408538818,1.4283696997012825,1.3840103291947852,9127700
2023-05-17,1.3840104341506958,1.410626100777315,1.3662667269068414,10820600
2023-05-18,1.41062593460083,1.41062593460083,1.3662665659560391,13392200
2023-05-19,1.4194977283477783,1.4194977283477783,1.3928821717204576,7873100
2023-05-22,1.41062593460083,1.4638570500615886,1.401754082024037,13364000
2023-05-23,1.4194977283477783,1.4283695805568852,1.4017540239295645,7642300
2023-05-24,1.4194977283477783,1.446113284975099,1.4106258761386714,8822400
2023-05-25,1.437241554260254,1.446113407219325,1.4106259953830416,13369700
2023-05-26,1.4194977283477783,1.47272884160242,1.4106258761386714,15501100
2023-05-29,1.428369641304016,1.4638570516496878,1.419497788717598,11967700
2023-05-30,1.4461134672164917,1.454985320543643,1.419497907235038,14303200
2023-05-31,1.3928823471069336,1.4549853203904537,1.375138534693665,97905800
2023-06-01,1.3804140090942385,1.4427553355554377,1.3804140090942385,8955500
2023-06-02,1.4160375595092771,1.42494344742968,1.389319789581511,6240200
2023-06-06,1.389319896697998,1.4427553345068416,1.3447904536627673,6641000
2023-06-07,1.3715081214904783,1.4071317821373486,1.3626022328704026,5937100
2023-06-08,1.398226022720337,1.398226022720337,1.3626023587816625,4194700
2023-06-09,1.3804140090942385,1.407131781101362,1.3626022318672004,5752700
2023-06-12,1.4071317911148071,1.4249435684685974,1.3804140189175544,2958900
2023-06-13,1.4160375595092771,1.4338493353500827,1.389319789581511,3727100
2023-06-14,1.4160375595092771,1.4338493353500827,1.3982257836684722,2842100
2023-06-15,1.4071317911148071,1.4160376797917025,1.3804140189175544,6129000
2023-06-16,1.3715081214904783,1.4071317821373486,1.3715081214904783,21150000
2023-06-19,1.4071317911148071,1.4071317911148071,1.3626022415637642,2530700
2023-06-20,1.3715081214904783,1.4071317821373486,1.3626022328704026,3968600
2023-06-21,1.398226022720337,1.4516613593784835,1.3804141376677117,5292500
2023-06-22,1.398226022720337,1.4249436910494104,1.389320027110736,3512400
2023-06-23,1.398226022720337,1.416037801606386,1.389320027110736,3841100
2023-06-26,1.4160375595092771,1.4338493353500827,1.4071316715888749,3678800
2023-06-27,1.398226022720337,1.4249436910494104,1.371508248224687,7173500
2023-06-28,1.4071317911148071,1.4249435684685974,1.398225902437912,2796700
2023-06-30,1.4160375595092771,1.42494344742968,1.3982257836684722,8312400
2023-07-03,1.4427554607391355,1.4427554607391355,1.4071319031941074,3878900
2023-07-04,1.4160375595092771,1.4427552232704852,1.4071316715888749,4323800
2023-07-05,1.3626022338867188,1.416037671813596,1.3626022338867188,7127400
2023-07-06,1.3626022338867188,1.389319899766874,1.3536963452600004,7292800
2023-07-07,1.35369610786438,1.371507881994193,1.35369610786438,3025300
2023-07-10,1.3358845710754397,1.362602237016972,1.326978682428262,3661600
2023-07-11,1.3269788026809692,1.3358846921352112,1.2824493554097596,7456800
2023-07-12,1.3358845710754397,1.344790459722617,1.3091669051339068,3838400
2023-07-13,1.3180729150772097,1.344790583477445,1.3091670256104642,3150400
2023-07-14,1.3180729150772097,1.3358846940106996,1.300261136143719,12542400
2023-07-17,1.3091667890548706,1.3269785647699206,1.3002609011973456,6619700
2023-07-18,1.3180729150772097,1.3180729150772097,1.300261136143719,3673200
2023-07-20,1.291355013847351,1.326978565291452,1.2824491259863258,8809300
2023-07-21,1.2646372318267822,1.2913550013171695,1.255731344052172,5774500
2023-07-24,1.2824491262435913,1.3091667898320267,1.26463724435141,5692200
2023-07-25,1.273543119430542,1.3002608889173453,1.273543119430542,4907700
2023-07-26,1.3269788026809692,1.3358846921352112,1.273543359788941,9649600
2023-07-27,1.3002609014511108,1.3269785650289,1.2913550135918477,6161300
2023-07-28,1.3358845710754397,1.3715081256641497,1.2913551278395516,12311700
2023-07-31,1.3091667890548706,1.3447903404849708,1.2913550133398206,11765800
2023-08-01,1.273543119430542,1.3180726644641765,1.255731343883711,11729500
2023-08-02,1.255731225013733,1.2735429988744664,1.2379194511529992,8408400
2023-08-03,1.255731225013733,1.2735429988744664,1.2290135642226323,8648100
2023-08-04,1.2468255758285522,1.2646373530856423,1.2379196872000071,3869200
2023-08-07,1.2201080322265625,1.2646374798321909,1.2201080322265625,7302100
2023-08-08,1.237919569015503,1.2468254567938006,1.2201077934589075,6581200
2023-08-09,1.273543119430542,1.273543119430542,1.2290136805634644,13352300
2023-08-10,1.3804140090942385,1.398225892487843,1.2824492343455298,53599100
2023-08-11,1.3715081214904783,1.4071317821373486,1.353696344250327,15285400
2023-08-14,1.398226022720337,1.398226022720337,1.353696469338638,7951600
2023-08-15,1.389319896697998,1.407131780078657,1.3715081194839058,6450100
2023-08-16,1.398226022720337,1.398226022720337,1.3804141376677117,4807600
2023-08-17,1.398226022720337,1.4071319121633614,1.3626023587816625,9725700
2023-08-18,1.389319896697998,1.3982258914716108,1.380414008090952,4764600
2023-08-21,1.389319896697998,1.3982258914716108,1.380414008090952,3211600
2023-08-22,1.3804140090942385,1.398225892487843,1.3804140090942385,5432100
2023-08-23,1.3626022338867188,1.389319899766874,1.3626022338867188,3718500
2023-08-24,1.3715081214904783,1.3982258935172729,1.3626022328704026,5937800
2023-08-25,1.3447903394699097,1.3804138908731207,1.3447903394699097,6551300
2023-08-28,1.35369610786438,1.3626019949292865,1.3447902207994733,3049000
2023-08-29,1.3339998722076416,1.369811914931614,1.2981878294836693,8353700
2023-08-30,1.3877177238464355,1.3877177238464355,1.3160936493634958,30825600
2023-09-01,1.3877177238464355,1.3877177238464355,1.3339996679842308,11837100
2023-09-04,1.3160935640335083,1.3877176338726438,1.3160935640335083,7090400
2023-09-05,1.2981876134872437,1.3429526594440635,1.2981876134872437,10369400
2023-09-06,1.3608585596084597,1.3787645764356846,1.2981875007131716,7188100
2023-09-07,1.3429527282714844,1.3787647668723366,1.3429527282714844,5636200
2023-09-08,1.3608585596084597,1.3698115680220722,1.333999534367622,4704700
2023-09-11,1.3608585596084597,1.3787645764356846,1.333999534367622,3748000
2023-09-12,1.3608585596084597,1.3698115680220722,1.3429525427812343,2846900
2023-09-13,1.3250467777252195,1.351905808069523,1.307140757495684,9279600
2023-09-14,1.3339998722076416,1.3519058935696278,1.3250468615266484,4975100
2023-09-15,1.369811773300171,1.378764783055469,1.3339997342789778,11139600
2023-09-18,1.3519055843353271,1.3698116016014987,1.3429525757022414,4636800
2023-09-19,1.3160935640335083,1.351905598953076,1.3160935640335083,4897600
2023-09-20,1.3429527282714844,1.3608587475719105,1.3160936993208452,6591200
2023-09-21,1.3519055843353271,1.3519055843353271,1.3339995670691558,3783200
2023-09-22,1.3429527282714844,1.3519057379216974,1.3160936993208452,7042600
2023-09-25,1.3250467777252195,1.351905808069523,1.3160937676104518,5209900
2023-09-26,1.3608585596084597,1.3608585596084597,1.3250465259540092,5191900
2023-09-27,1.3519055843353271,1.3698116016014987,1.3429525757022414,13073100
2023-09-29,1.3519055843353271,1.360858592968413,1.32504655843607,7423700
2023-10-02,1.3429527282714844,1.3608587475719105,1.333999718621271,3987700
2023-10-03,1.3608585596084597,1.3698115680220722,1.3429525427812343,5081400
2023-10-04,1.3519055843353271,1.3698116016014987,1.3429525757022414,4693500
2023-10-05,1.3787647485733032,1.3877177581046916,1.34295271044775,8827700
2023-10-06,1.369811773300171,1.3877177928107671,1.3608587635448726,8026200
2023-10-09,1.3877177238464355,1.3877177238464355,1.3339996679842308,6404400
2023-10-10,1.3877177238464355,1.3877177238464355,1.3698117052257006,4054300
2023-10-11,1.423529863357544,1.4324828726398695,1.378764710217626,20150200
2023-10-12,1.4414358139038086,1.4503888227636603,1.4235297961841054,7519500
2023-10-13,1.4145768880844116,1.4414359165771322,1.4056238785868382,4303800
2023-10-16,1.3608585596084597,1.4235297252320265,1.3250465259540092,17714100
2023-10-17,1.369811773300171,1.378764783055469,1.342952744034276,7886600
2023-10-18,1.369811773300171,1.378764783055469,1.3608587635448726,5660000
2023-10-19,1.369811773300171,1.3877177928107671,1.3519057537895744,7223000
2023-10-20,1.3787647485733032,1.3877177581046916,1.3608587295105266,4465500
2023-10-23,1.3519055843353271,1.3787646102345843,1.3339995670691558,5829700
2023-10-24,1.3429527282714844,1.3608587475719105,1.333999718621271,7621100
2023-10-25,1.3608585596084597,1.3966705932629098,1.351905551194847,6232900
2023-10-26,1.3160935640335083,1.36981161641286,1.3160935640335083,5489800
2023-10-27,1.3339998722076416,1.3429528828886346,1.2981878294836693,5294500
2023-10-30,1.3519055843353271,1.3519055843353271,1.3339995670691558,2202800
2023-10-31,1.3250467777252195,1.3608588181842909,1.3160937676104518,7707400
2023-11-01,1.3519055843353271,1.3698116016014987,1.32504655843607,4150700
2023-11-02,1.3429527282714844,1.3608587475719105,1.333999718621271,3861600
2023-11-03,1.3608585596084597,1.3608585596084597,1.333999534367622,3218400
2023-11-06,1.369811773300171,1.378764783055469,1.3519057537895744,4208600
2023-11-07,1.4145768880844116,1.4235298975819852,1.360858724370679,9325300
2023-11-08,1.4056240320205688,1.423530052970284,1.3787648938676929,5847200
2023-11-09,1.423529863357544,1.4324828726398695,1.4056238447928926,5939600
2023-11-10,1.3966708183288574,1.4235299546261786,1.3877178084725157,3629600
2023-11-14,1.3608585596084597,1.405623708404801,1.3429525427812343,7297500
2023-11-15,1.45038902759552,1.477248057968254,1.3698118297490192,22231400
2023-11-16,1.4414358139038086,1.4593418316235118,1.405623778464402,9109600
2023-11-17,1.423529863357544,1.4414358819221953,1.3966707287822775,9044400
2023-11-20,1.4414358139038086,1.4503888227636603,1.4145767873242536,5329400
2023-11-21,1.4056240320205688,1.4414360739199987,1.3787648938676929,13730600
2023-11-22,1.423529863357544,1.4324828726398695,1.387717719499952,7457800
2023-11-23,1.4324828386306765,1.4503888567702132,1.4145768204911395,7190200
2023-11-24,1.45038902759552,1.4593420377197646,1.4324830073470307,5553600
2023-11-27,1.4324828386306765,1.4503888567702132,1.4145768204911395,4811200
2023-11-28,1.4145768880844116,1.4414359165771322,1.3877177528633993,11027300
2023-11-29,1.3877177238464355,1.4145768585058276,1.3877177238464355,8228500
2023-11-30,1.369811773300171,1.414576928804957,1.369811773300171,42176200
2023-12-01,1.3966708183288574,1.4235299546261786,1.378764798616174,5564600
2023-12-04,1.3948709964752195,1.4218685819949637,1.3948709964752195,2907400
2023-12-05,1.3858717679977417,1.3948709269630435,1.367873450067138,2722700
2023-12-06,1.3678736686706543,1.394871149881099,1.3678736686706543,2286300
2023-12-07,1.3858717679977417,1.3948709269630435,1.367873450067138,4173000
2023-12-08,1.3858717679977417,1.3948709269630435,1.367873450067138,2475900
2023-12-11,1.3768726587295532,1.394870977309792,1.367873499439434,4763000
2023-12-12,1.3768726587295532,1.394870977309792,1.367873499439434,3719500
2023-12-13,1.3498750925064087,1.385871727310814,1.3408759338053071,4533800
2023-12-14,1.3408761024475098,1.3678735819462913,1.3228777827816556,16045100
2023-12-15,1.3408761024475098,1.3498752622804369,1.3228777827816556,13890700
2023-12-18,1.2958800792694092,1.3498750289330868,1.2958800792694092,12200100
2023-12-19,1.3318767547607422,1.3408759133243875,1.2868808546640818,6476400
2023-12-20,1.3318767547607422,1.358874230451679,1.3318767547607422,4035400
2023-12-21,1.3228776454925537,1.3408759632905307,1.3048793276945765,4082400
2023-12-22,1.3138784170150757,1.3318767338599238,1.2958801001702276,4945100
2023-12-26,1.3138784170150757,1.3228775754374995,1.3048792585926516,2665600
2023-12-27,1.3138784170150757,1.3228775754374995,1.2958801001702276,8093000
2023-12-28,1.3138784170150757,1.3228775754374995,1.3048792585926516,3237600
2023-12-29,1.3048791885375977,1.313878346476884,1.2958800305983114,3327200
2024-01-02,1.3048791885375977,1.313878346476884,1.2868807653806005,6136900
2024-01-03,1.3138784170150757,1.3228775754374995,1.3048792585926516,5423200
2024-01-04,1.2958800792694092,1.3138783958239684,1.2958800792694092,5112700
2024-01-05,1.3408761024475098,1.3498752622804369,1.295880303282874,9663400
2024-01-08,1.3228776454925537,1.3408759632905307,1.313878486593565,5394600
2024-01-09,1.3138784170150757,1.3318767338599238,1.3138784170150757,5964500
2024-01-10,1.3138784170150757,1.3228775754374995,1.3048792585926516,4597000
2024-01-11,1.3138784170150757,1.3228775754374995,1.3048792585926516,4535200
2024-01-12,1.3228776454925537,1.3318768043915423,1.313878486593565,1561000
2024-01-16,1.3048791885375977,1.3048791885375977,1.2958800305983114,4050300
2024-01-17,1.2958800792694092,1.3048792375466889,1.2868808137137009,7896900
2024-01-18,1.2958800792694092,1.3048792375466889,1.2868808137137009,6276700
2024-01-19,1.3138784170150757,1.3228775754374995,1.286880834469373,7389400
2024-01-22,1.2868808507919312,1.3228775922166338,1.2778816922553635,15907700
2024-01-23,1.3138784170150757,1.3138784170150757,1.277881676046949,15142700
2024-01-24,1.2868808507919312,1.3138784336800662,1.2778816922553635,8191800
2024-01-26,1.2598834037780762,1.286880880000547,1.2508842450372526,19091300
2024-01-29,1.2868808507919312,1.2958801166069307,1.259883375182228,6247400
2024-01-30,1.277881741523743,1.2958801665692343,1.277881741523743,3094900
2024-01-31,1.2418850660324097,1.2868808590023246,1.2328859074384266,9778500
2024-02-02,1.277881741523743,1.2868809004072703,1.2328859471061038,8528000
2024-02-05,1.2868808507919312,1.2958801166069307,1.268882533718796,3324500
2024-02-06,1.2598834037780762,1.286880880000547,1.2508842450372526,2597900
2024-02-07,1.2868808507919312,1.2868808507919312,1.259883375182228,2248700
2024-02-08,1.2958800792694092,1.3048792375466889,1.2778816554364212,4241100
2024-02-09,1.2688822746276855,1.2958798520032269,1.2688822746276855,1517600
2024-02-13,1.3048791885375977,1.3048791885375977,1.2598832915627418,8076100
2024-02-14,1.3138784170150757,1.3138784170150757,1.286880834469373,6412500
2024-02-15,1.3048791885375977,1.32287750441617,1.2868807653806005,6548900
2024-02-16,1.3588742017745972,1.3678733601483286,1.2958800931584775,13249000
2024-02-19,1.3948709964752195,1.4038701558889868,1.3408760399926165,14247300
2024-02-20,1.4038699865341189,1.4038699865341189,1.3678733532214786,11400500
2024-02-21,1.3858717679977417,1.4038700859283455,1.358874291101836,12956100
2024-02-22,1.3678736686706543,1.3858719894776177,1.3588745082671727,6311800
2024-02-23,1.3768726587295532,1.3768726587295532,1.322877702988837,8923900
2024-02-26,1.4128694534301758,1.4128694534301758,1.3858718673209591,24525000
2024-02-27,1.4398667812347412,1.4398667812347412,1.3948708806245858,16579700
2024-02-28,1.4128694534301758,1.4488660918712049,1.4038701865414738,16595900
2024-02-29,1.4038699865341189,1.4398667271251882,1.3858716698777986,16586000
2024-03-01,1.4128694534301758,1.421868613040433,1.3858718673209591,7797200
2024-03-04,1.3948709964752195,1.4308677414087307,1.3948709964752195,12891100
2024-03-05,1.3858717679977417,1.4038700859283455,1.349875132136534,7268500
2024-03-06,1.3588742017745972,1.3948708352695227,1.3498750434008655,7353100
2024-03-07,1.3498750925064087,1.385871727310814,1.3408759338053071,13793600
2024-03-08,1.358934760093689,1.3679943165211057,1.3317560908114388,8054800
2024-03-11,1.358934760093689,1.3770538729485224,1.3408156472388555,7744100
2024-03-12,1.340815544128418,1.3589346555898685,1.3317559883976928,11874300
2024-03-13,1.340815544128418,1.3498750998591431,1.3136368769362423,12457500
2024-03-14,1.3498752117156982,1.358934768197138,1.3136369857899397,11044800
2024-03-15,1.3317559957504272,1.3498751073119148,1.3136368841889396,73295100
2024-03-18,1.3498752117156982,1.3770538811600173,1.3317560987528188,14055400
2024-03-19,1.3498752117156982,1.358934768197138,1.3408156552342585,14946100
2024-03-20,1.3498752117156982,1.358934768197138,1.3317560987528188,6853600
2024-03-21,1.340815544128418,1.3679942113205938,1.340815544128418,14451100
2024-03-22,1.3498752117156982,1.358934768197138,1.3317560987528188,9990700
2024-03-25,1.340815544128418,1.3589346555898685,1.3317559883976928,7074200
2024-03-26,1.340815544128418,1.3498750998591431,1.3317559883976928,11072800
2024-03-27,1.358934760093689,1.358934760093689,1.322696534384022,13226900
2024-03-29,1.3498752117156982,1.358934768197138,1.3408156552342585,5935100
2024-04-01,1.3498752117156982,1.358934768197138,1.3408156552342585,3548500
2024-04-02,1.3679940700531006,1.3861131796434605,1.3408154056675612,6804500
2024-04-03,1.340815544128418,1.377053767051319,1.3317559883976928,10935900
2024-04-04,1.340815544128418,1.3589346555898685,1.340815544128418,9091400
2024-04-05,1.3679940700531006,1.3679940700531006,1.3317558508723812,6318900
2024-04-08,1.358934760093689,1.3770538729485224,1.358934760093689,5350800
2024-04-09,1.358934760093689,1.395172985803356,1.3498752036662722,10084600
2024-04-12,1.3498752117156982,1.3770538811600173,1.3498752117156982,10652700
2024-04-15,1.340815544128418,1.3589346555898685,1.340815544128418,9678300
2024-04-16,1.3498752117156982,1.3679943246785775,1.3136369857899397,17582900
2024-04-17,1.358934760093689,1.3861134293759392,1.3498752036662722,6603700
2024-04-18,1.3498752117156982,1.3679943246785775,1.3408156552342585,11553200
2024-04-19,1.322696328163147,1.349874993207986,1.322696328163147,12757400
2024-04-22,1.3498752117156982,1.3498752117156982,1.3136369857899397,7671300
2024-04-23,1.358934760093689,1.3679943165211057,1.3408156472388555,13552400
2024-04-24,1.37705397605896,1.386113533164734,1.3589348618474113,6506700
2024-04-25,1.37705397605896,1.3951730902705084,1.3679944189531856,7291600
2024-04-26,1.395172953605652,1.4042325098239927,1.37705384116897,5794200
2024-04-29,1.4223517179489136,1.440470830228778,1.395172941530689,12359000
2024-04-30,1.4132918119430542,1.4404705837099665,1.4132918119430542,10381900
2024-05-02,1.50388765335083,1.5401259842256707,1.4042324324422586,28364500
2024-05-03,1.522006869316101,1.522006869316101,1.485768643950946,19116300
2024-05-06,1.540125846862793,1.5673045115960578,1.5129470741311148,25216800
2024-05-07,1.6035429239273071,1.6307215919264484,1.5401260319293109,45019000
2024-05-08,1.6126023530960083,1.6307214636703695,1.5854236872344665,15593600
2024-05-09,1.621661901473999,1.630721456722581,1.5854236804796715,11711900
2024-05-10,1.6307215690612793,1.6397811249339644,1.603542901443224,17477200
2024-05-13,1.6035429239273071,1.6397811479261624,1.5944833679275934,15428700
2024-05-14,1.6035429239273071,1.6216620359267346,1.5944833679275934,21792900
2024-05-15,1.621661901473999,1.621661901473999,1.5944832357282537,16375300
2024-05-16,1.639780879020691,1.648840541533149,1.6126022154785422,21252000
2024-05-17,1.6850788593292236,1.7031979694297934,1.6397809760793838,18598800
2024-05-20,1.6579002141952517,1.703197989993585,1.6488406590355846,8363500
2024-05-21,1.6579002141952517,1.703197989993585,1.6397809958775016,9019400
2024-05-23,1.676019549369812,1.6941386621200103,1.6579004366196135,14606200
2024-05-24,1.639780879020691,1.6760192050752978,1.6307213245066412,8531400
2024-05-27,1.6579002141952517,1.6850788796742515,1.6397809958775016,7899800
2024-05-28,1.639780879020691,1.6579000960471986,1.6216617699925917,8185600
2024-05-29,1.6579002141952517,1.676019324514585,1.6397809958775016,6278800
2024-05-30,1.657900333404541,1.6761190004872577,1.6487908912713611,8514900
2024-05-31,1.648790717124939,1.676118823454422,1.6305720519664904,20044200
2024-06-04,1.648790717124939,1.6670094908751978,1.6123533868080415,11878400
2024-06-05,1.6396815776824951,1.657900353578729,1.6305722440302897,7276700
2024-06-06,1.721665620803833,1.721665620803833,1.639681512596464,12352400
2024-06-07,1.721665620803833,1.7581029539662998,1.7125562875132163,17480100
2024-06-10,1.7581030130386353,1.7581030130386353,1.7125563450551815,12455100
2024-06-11,1.748993754386902,1.7763218649398147,1.7307750864128446,14600300
2024-06-12,1.7763217687606812,1.8036497692420892,1.739884326193649,17539500
2024-06-13,1.7763217687606812,1.785431102254484,1.7489936596874518,14712700
2024-06-14,1.7763217687606812,1.785431102254484,1.7581029931812546,10035400
2024-06-18,1.7763217687606812,1.8036497692420892,1.7672124352668783,13863300
2024-06-19,1.7672123908996582,1.7763217241647642,1.748993615777628,7185700
2024-06-20,1.7672123908996582,1.7672123908996582,1.739884282512522,3114000
2024-06-21,1.7398842573165894,1.776321698441167,1.7398842573165894,14023700
2024-06-24,1.730774998664856,1.7581029992404489,1.7125563316144607,5161600
2024-06-25,1.748993754386902,1.7581030883739306,1.721665752425816,9991400
2024-06-26,1.748993754386902,1.748993754386902,1.7125564184387874,10149400
2024-06-27,1.730774998664856,1.7489936657152512,1.7216656651396585,4794800
2024-06-28,1.7672123908996582,1.7672123908996582,1.72166561598231,7436400
2024-07-01,1.721665620803833,1.767212395848735,1.7034469542225996,9813000
2024-07-02,1.7672123908996582,1.7672123908996582,1.712556282717204,8652900
2024-07-03,1.730774998664856,1.7581029992404489,1.7216656651396585,7684700
2024-07-04,1.7672123908996582,1.7672123908996582,1.72166561598231,10667900
2024-07-05,1.7672123908996582,1.7763217241647642,1.748993615777628,9182300
2024-07-09,1.7672123908996582,1.7763217241647642,1.739884282512522,11285500
2024-07-10,1.7581030130386353,1.7854311224205297,1.7489936794419445,7459200
2024-07-11,1.7581030130386353,1.7763217888238387,1.7489936794419445,12632100
2024-07-12,1.7672123908996582,1.7854310574298704,1.730774949247416,9344800
2024-07-15,1.785430908203125,1.785430908203125,1.7581028021000784,7448500
2024-07-16,1.8856337070465088,1.9038523734192376,1.7672123756237714,21881300
2024-07-17,1.9493988752365112,1.976726869450308,1.8765240068161275,11306400
2024-07-18,1.9493988752365112,1.9493988752365112,1.8674146754115284,8294300
2024-07-19,1.9493988752365112,1.9493988752365112,1.9129613324345232,2654800
2024-07-22,1.8947432041168213,1.9585087591203456,1.86741520219402,12532200
2024-07-23,1.8309776782989504,1.912961675649543,1.8218683452599955,6532300
2024-07-24,1.849196434020996,1.867415100982098,1.830977767059894,4122300
2024-07-25,1.8400871753692627,1.849196509220253,1.8127591738162916,10500100
2024-07-26,1.867414951324463,1.9129616150770357,1.830977620322405,9174500
2024-07-29,1.903852462768555,1.903852462768555,1.867415128313064,7600000
2024-07-30,1.8947432041168213,1.903852538091089,1.86741520219402,5592300
2024-07-31,1.9129616022109983,1.931180267589494,1.876524271454008,11240400
2024-08-01,1.903852462768555,1.9220711299963,1.8856337955408091,4447600
2024-08-02,1.867414951324463,1.903852282326521,1.830977620322405,6439200
2024-08-05,1.785430908203125,1.876524233240583,1.730774804588841,14606800
2024-08-06,1.8127589225769043,1.8491962529308328,1.730774820688755,6810800
2024-08-07,1.8765242099761963,1.8947428747578203,1.8036495508497004,3643300
2024-08-08,1.8765242099761963,1.9129615395394444,1.8400868804129484,7866900
2024-08-09,1.903852462768555,1.9129617963824277,1.8765244619269368,6806800
2024-08-12,1.9585086107254028,1.9676179440094617,1.8947430605533533,10900400
2024-08-13,1.9129616022109983,1.9858364809086029,1.9129616022109983,9464300
2024-08-14,1.9129616022109983,1.95850848284086,1.8856336041432555,15853900
2024-08-15,1.903852462768555,1.9220711299963,1.894743129154682,9809700
2024-08-16,1.9220712184906008,1.931180552523877,1.858305880257664,11669700
2024-08-19,1.9129616022109983,1.9402898174623644,1.894742936832503,18680800
2024-08-20,1.9585086107254028,1.9767272772935207,1.9038523938374123,15739200
2024-08-21,1.8765242099761963,1.967617751067932,1.8765242099761963,6854700
2024-08-22,1.8947432041168213,1.912961872065356,1.849196534245485,5475800
2024-08-23,1.8947432041168213,1.903852538091089,1.8765245361682867,3273500
2024-08-26,1.903852462768555,1.9402900144076904,1.8856337955408091,7792300
2024-08-27,1.903852462768555,1.9311804636101728,1.8765244619269368,8707500
2024-08-28,1.8947432041168213,1.903852538091089,1.849196534245485,6369400
2024-08-29,1.8599268198013303,1.9240621671203009,1.850764627327192,7059600
2024-08-30,1.8874131441116333,1.8874131441116333,1.8324399966389924,10805500
2024-09-02,1.9057379961013796,1.914900189604024,1.8690892220908029,5600400
2024-09-03,1.8965755701065063,1.914899954865495,1.887413377727012,4053800
2024-09-04,1.8782509565353396,1.8965753390620164,1.869088765272001,5066400
2024-09-05,1.8690890073776243,1.905737777178143,1.8507646224773653,8130000
2024-09-06,1.8782509565353396,1.8782509565353396,1.8416021914819856,6986600
2024-09-09,1.8232779502868648,1.8782511021281445,1.804953566339772,15957800
2024-09-10,1.8324401378631592,1.85992671371784,1.8232779459115989,3736100
2024-09-11,1.8141158819198608,1.832440267115504,1.8141158819198608,4890200
2024-09-12,1.8141158819198608,1.8416024597133247,1.8141158819198608,5845700
2024-09-13,1.7957913875579834,1.8232779636805376,1.7957913875579834,4513100
2024-09-17,1.7957913875579834,1.832440155721389,1.7774670034762807,5442200
2024-09-18,1.8049538135528564,1.8049538135528564,1.777467233867554,4314100
2024-09-19,1.841602444648743,1.850764637171616,1.795791482034376,12709200
2024-09-20,1.841602444648743,1.850764637171616,1.8324402521258691,28841000
2024-09-23,1.8232779502868648,1.8507645262075048,1.8141157583133187,6349500
2024-09-24,1.9057379961013796,1.924062383106668,1.8141160610749376,13971000
2024-09-25,1.9881978034973145,1.997359996296864,1.8965756570579164,26955000
2024-09-26,1.9698734283447263,2.0156843925854138,1.9240622456601308,16636700
2024-09-27,1.924061894416809,1.969873068738436,1.9057375120657056,10358100
2024-09-30,1.942386269569397,1.9698730614380544,1.9057375050030112,17167900
2024-10-01,1.9057379961013796,1.942386770111956,1.8874136090960911,18419000
2024-10-02,1.8782509565353396,1.8965753390620164,1.850764382745324,18455700
2024-10-03,1.8874131441116333,1.9057375266025136,1.859926570375313,8851000
2024-10-04,1.8690890073776243,1.8965755847280128,1.859926814927495,6761500
2024-10-07,1.9057379961013796,1.933224576609312,1.8416026415828703,16373500
2024-10-08,1.951549053192139,1.9698734389874155,1.878251291567123,14935400
2024-10-09,1.9881978034973145,2.03400876749506,1.951549032299118,26866200
2024-10-10,1.9881978034973145,2.03400876749506,1.969873417898216,10983000
2024-10-11,1.9973599910736084,1.9973599910736084,1.9515490271956624,12150900
2024-10-14,1.9790351390838623,1.9973595203161691,1.9515485672354016,15343100
2024-10-15,1.9698734283447263,1.9881978140410013,1.9332244385082684,21256900
2024-10-16,1.9973599910736084,2.0156843766247867,1.9149000376493988,16931700
2024-10-17,2.015684127807617,2.0248463194522204,1.988197552873808,15521100
2024-10-18,2.0248467922210693,2.0248467922210693,1.9881980170857627,11223300
2024-10-21,1.9973599910736084,2.052333147727144,1.9973599910736084,8871800
2024-10-22,1.9973599910736084,2.024846569400376,1.9698734127468407,12304400
2024-10-23,2.0248467922210693,2.0523333735725493,1.9973602108695891,22077000
2024-10-24,2.043170690536499,2.052332882126372,2.024846307356753,10697800
2024-10-25,2.043170690536499,2.043170690536499,2.015684115766881,15522900
2024-10-28,2.052332878112793,2.052332878112793,2.015684111824973,3262600
2024-10-29,2.015684127807617,2.05233289438603,2.015684127807617,14472400
2024-10-30,2.0065219402313232,2.034008515220863,1.9881975569049637,7626700
2024-11-01,2.043170690536499,2.061495073716244,1.9607109662276452,6047000
2024-11-04,2.061495304107666,2.0706574967215,2.034008726266165,8299700
2024-11-05,2.043170690536499,2.052332882126372,2.015684115766881,5816100
2024-11-06,2.052332878112793,2.061495069684748,2.024846303396928,5621300
2024-11-07,1.960710883140564,2.061494986358336,1.960710883140564,13750000
2024-11-08,1.9790351390838623,1.9973595203161691,1.9607107578515552,6008300
2024-11-11,1.942386269569397,1.9790352525796504,1.9332240784278003,8654600
2024-11-12,1.960710883140564,1.960710883140564,1.9240618998902324,4850600
2024-11-13,1.960710883140564,1.960710883140564,1.9240618998902324,6368500
2024-11-14,1.924061894416809,1.969873068738436,1.9057375120657056,5348100
2024-11-15,1.6675207614898682,1.9057378883061853,1.658358459283514,73085400
2024-11-18,1.676682949066162,1.7041695279307003,1.6217096821151304,20137100
2024-11-19,1.6950072050094604,1.713331589514112,1.6583583267782105,17703700
2024-11-20,1.7041693925857544,1.71333158481294,1.6675206236770113,11808600
2024-11-21,1.749980330467224,1.759142522572659,1.6858449857291806,12313100
2024-11-22,1.6950072050094604,1.7408181662710889,1.6950072050094604,12539400
2024-11-25,1.7041693925857544,1.722493777040126,1.6950072003585686,15500100
2024-11-26,1.6950072050094604,1.7224937817664374,1.6858450127571347,6121400
2024-11-27,1.7041693925857544,1.71333158481294,1.6858450081313827,5542000
2024-11-28,1.6765342950820925,1.7133811664644445,1.6396873138874015,9892900
2024-11-29,1.6673225164413452,1.6949577806028897,1.6488990802085437,12316500
2024-12-02,1.6765342950820925,1.6857460129276804,1.6488990317329897,6430100
2024-12-03,1.7225929498672483,1.7225929498672483,1.6765343588864436,6806100
2024-12-04,1.6765342950820925,1.7318046021556202,1.6673224674241658,10385700
2024-12-05,1.6949577331542969,1.7041694510128251,1.6581107519078446,11486700
2024-12-06,1.7410162687301636,1.7410162687301636,1.6857459632842864,13949000
2024-12-09,1.7133811712265017,1.7410163248400727,1.6949577354841208,4070600
2024-12-10,1.6857459545135498,1.713381107092706,1.6765342369871643,7389800
2024-12-11,1.6673225164413452,1.6857460624864888,1.6581107983249443,9323100
2024-12-12,1.6765342950820925,1.6857460129276804,1.6581107495785776,3753700
2024-12-13,1.6673225164413452,1.676534344370088,1.6581107983249443,5624300
2024-12-16,1.6765342950820925,1.6857460129276804,1.6673224674241658,8781300
2024-12-17,1.658110737800598,1.6857460009534009,1.6396873022402887,12033100
2024-12-18,1.6673225164413452,1.676534344370088,1.6396873620921426,10731400
2024-12-19,1.6673225164413452,1.6673225164413452,1.6396873620921426,8794200
2024-12-20,1.6765342950820925,1.6765342950820925,1.6396873138874015,7421300
2024-12-23,1.658110737800598,1.6765342831732457,1.6396873022402887,8661900
2024-12-24,1.658110737800598,1.6857460009534009,1.658110737800598,4640400
2024-12-26,1.7041693925857544,1.713381110128461,1.6673224126025927,6854800
2024-12-27,1.6949577331542969,1.7041694510128251,1.6857460152957686,6741600
2024-12-30,1.6857459545135498,1.7041693895663206,1.6857459545135498,3611700
2024-12-31,1.7041693925857544,1.7225928276711675,1.6765342399576346,6317800
2025-01-02,1.7225929498672483,1.7318046680634096,1.7041695134749266,2425600
2025-01-03,1.7410162687301636,1.7502279863044763,1.713381116007225,3629700
2025-01-06,1.6949577331542969,1.7502280403054669,1.6949577331542969,6353700
2025-01-07,1.6949577331542969,1.722592886729882,1.6857460152957686,15509700
2025-01-08,1.6673225164413452,1.7041694987192906,1.6673225164413452,8564800
2025-01-09,1.658110737800598,1.6765342831732457,1.6488990200204434,4726300
2025-01-10,1.658110737800598,1.667322455580753,1.6488990200204434,2168400
2025-01-13,1.621263861656189,1.6581107326626314,1.621263861656189,6314000
2025-01-14,1.621263861656189,1.6581107326626314,1.621263861656189,4618400
2025-01-15,1.5659934282302856,1.6396871642706472,1.5567817112252404,8171100
2025-01-16,1.5752053260803225,1.602840480268174,1.5475700620801294,6496500
2025-01-17,1.5936285257339478,1.612051959125409,1.565993375646756,6971700
2025-01-20,1.5659934282302856,1.6028402962504664,1.5567817112252404,9460200
2025-01-21,1.612052083015442,1.612052083015442,1.565993495997077,4627700
2025-01-22,1.5936285257339478,1.6212636758211396,1.5844168090382171,5913900
2025-01-23,1.5567818880081177,1.612052196314698,1.5475700601446798,11029900
2025-01-24,1.5567818880081177,1.5659936060592143,1.5383583420935831,5786900
2025-01-27,1.5383580923080444,1.5659933517864966,1.529146375752668,3342600
2025-01-28,1.5199350118637085,1.5383584492492015,1.5015115744782157,4433100
2025-01-31,1.547569990158081,1.5752052528739475,1.5199348372545505,4271400
2025-02-03,1.5199350118637085,1.547570167941948,1.5015115744782157,3921800
2025-02-04,1.547569990158081,1.5567818176049275,1.5199348372545505,7243700
2025-02-05,1.5383580923080444,1.5659933517864966,1.529146375752668,7341600
2025-02-06,1.529146671295166,1.5475701079666682,1.5199349529594148,6340100
2025-02-07,1.547569990158081,1.547569990158081,1.5199348372545505,4983300
2025-02-10,1.547569990158081,1.547569990158081,1.5199348372545505,9437800
2025-02-12,1.5199350118637085,1.5567819964470433,1.492299855785469,7050700
2025-02-13,1.455452799797058,1.5199348226176714,1.455452799797058,10077800
2025-02-14,1.418605923652649,1.4738763427859478,1.4093942054324895,9482100
2025-02-17,1.3725471496582031,1.4370291686070071,1.3633354326655167,11060000
2025-02-18,1.3817590475082395,1.4001824839050414,1.363335611111438,13352000
2025-02-19,1.2896416187286377,1.3909706179604184,1.252794749848838,21111600
2025-02-20,1.3357003927230835,1.3725472637568774,1.2896416941185034,26583800
2025-02-21,1.3633356094360352,1.3817590458101965,1.326488736687713,16923100
2025-02-24,1.409394145011902,1.4278175806624096,1.3541238380603788,6218400
2025-02-25,1.3817590475082395,1.427817638500244,1.363335611111438,7224600
2025-02-26,1.418605923652649,1.4370293600929676,1.363335614331693,10410200
2025-02-27,1.455452799797058,1.46466451734286,1.4093941022557133,5754400
2025-02-28,1.2712182998657229,1.4370293347124077,1.262006581808259,81371800
2025-03-03,1.2988533973693848,1.3264886601483954,1.2712182444027107,20138700
2025-03-04,1.2712182998657229,1.3080651720955767,1.2527948637507955,16368300
2025-03-05,1.2988533973693848,1.3080651150249427,1.2712182444027107,13304800
2025-03-06,1.2896416187286377,1.3080650531685376,1.2712181842887378,12711500
2025-03-07,1.2620066404342651,1.3172769513466065,1.252794921948875,17335600
2025-03-10,1.243583083152771,1.2804299535295731,1.2159479303701692,20758700
2025-03-11,1.1975244283676147,1.243583127804732,1.1883127104426592,15915600
2025-03-12,1.225159764289856,1.2527949196963382,1.1791010621333726,24208200
2025-03-13,1.260644555091858,1.2699826538369228,1.232630258856663,17194800
2025-03-14,1.2513062953948977,1.26064439293883,1.2232918914441964,10100100
2025-03-17,1.2513062953948977,1.2793205880266951,1.241968197850965,8259500
2025-03-19,1.2513062953948977,1.2513062953948977,1.1952775988123987,17883800
2025-03-20,1.260644555091858,1.279320752581988,1.251306456346793,8764800
2025-03-21,1.2793208360671997,1.2886589354216451,1.2513065380038637,14179600
2025-03-24,1.2886587381362915,1.307334933985977,1.269982542286606,6297800
2025-03-25,1.3446874618530271,1.3633636580478343,1.2979968600470997,18357700
2025-03-26,1.3446874618530271,1.372701756145238,1.3353492524367137,16927900
2025-03-27,1.3820399045944214,1.3820399045944214,1.3260112026497997,9605100
2025-03-28,1.3166730403900146,1.3820398376037757,1.3166730403900146,22143100
2025-04-02,1.3540254831314087,1.3540254831314087,1.2793205912715635,14768400
2025-04-03,1.3727017641067505,1.382039862258314,1.3260111620300226,9885700
2025-04-04,1.3727017641067505,1.382039862258314,1.3446874696520603,8047300
2025-04-07,1.3073350191116333,1.344687524562079,1.288658822045868,13255900
2025-04-08,1.2886587381362915,1.3446874370042563,1.2886587381362915,15767400
2025-04-09,1.2699824571609497,1.2793205544598691,1.232630067965272,11591700
2025-04-10,1.3260111808776855,1.354025587049478,1.2979968860248057,21333700
2025-04-11,1.3540254831314087,1.3633635806990263,1.288658688839181,9576100
2025-04-14,1.447406530380249,1.4567446284096253,1.3540255500864853,13620100
2025-04-15,1.4287302494049072,1.4567445418280067,1.4193921519305406,10438400
2025-04-16,1.438068389892578,1.4474064876462516,1.428730292138905,7614900
2025-04-17,1.522111415863037,1.522111415863037,1.428730324868225,17449300
2025-04-18,1.5501257181167605,1.5501257181167605,1.5127733260451712,13576200
2025-04-21,1.5501257181167605,1.5781401234893613,1.531449522080966,4512800
2025-04-22,1.5314496755599976,1.5501258734674856,1.5127734776525092,7436600
2025-04-23,1.5874782800674438,1.5874782800674438,1.5407876769366875,7067900
2025-04-24,1.559463620185852,1.5781399251938515,1.5221112328076434,10036700
2025-04-25,1.540787696838379,1.5594638938043484,1.5221114998724092,4752800
2025-04-28,1.5314496755599976,1.5594639724212298,1.5314496755599976,7453700
2025-04-29,1.522111415863037,1.550125709765808,1.522111415863037,8220000
2025-04-30,1.5688018798828125,1.5688018798828125,1.5221113908132582,9893400
2025-05-02,1.5688018798828125,1.6061543824573628,1.5501256842549906,11590000
2025-05-05,1.559463620185852,1.587478022038404,1.5501255233412998,11455900
2025-05-06,1.6248306035995483,1.6808591913628184,1.6061544076784584,32533000
2025-05-07,1.6341686248779297,1.6528448199226529,1.6154924298332063,13782900
2025-05-08,1.5874782800674438,1.6341687718792866,1.5688019720237931,8508800
2025-05-09,1.5874782800674438,1.606154476792181,1.5781401817050753,2827300
2025-05-13,1.559463620185852,1.6154923125720604,1.5501255233412998,10538600
2025-05-14,1.540787696838379,1.5781402020892328,1.5221114998724092,10866700
2025-05-15,1.5501257181167605,1.5501257181167605,1.531449522080966,9403700
2025-05-16,1.5034352540969849,1.56880194135573,1.5034352540969849,9531900
2025-05-19,1.484758973121643,1.5127732660645845,1.475420875473996,9248900
2025-05-20,1.447406530380249,1.49409713184604,1.447406530380249,16166500
2025-05-21,1.4660828113555908,1.5034352028004263,1.428730308591848,21184000
2025-05-22,1.4660828113555908,1.4754209092167996,1.4100541128694302,13569500
2025-05-23,1.5127733945846558,1.5127733945846558,1.4660829023797557,8800200
2025-05-26,1.494097352027893,1.5127735508389164,1.47542115321687,11517800
2025-05-27,1.4754210710525513,1.4940972688235208,1.4660829721670663,9592400
2025-05-28,1.484758973121643,1.5127732660645845,1.456744568859797,12051800
2025-05-29,1.494097352027893,1.5034354514334047,1.456744843086921,7103000
2025-05-30,1.4754210710525513,1.5221115654799753,1.4754210710525513,18592800
2025-06-03,1.484758973121643,1.49409707076929,1.456744568859797,10695700
2025-06-04,1.447406530380249,1.484759033816664,1.4287303343214963,20410800
2025-06-05,1.484758973121643,1.5034351684169371,1.4474064712121502,8939500
2025-06-06,1.516790747642517,1.516790747642517,1.4696853779545629,4548600
2025-06-09,1.516790747642517,1.535632850594582,1.48852759321442,5918900
2025-06-10,1.554474949836731,1.554474949836731,1.5073696925689906,8369800
2025-06-11,1.554474949836731,1.5638960012902792,1.535632846929635,12174600
2025-06-12,1.5450539588928225,1.5638960625378402,1.5356329070703132,9938700
2025-06-13,1.5450539588928225,1.5544750107153311,1.5073697516027864,8472800
2025-06-16,1.5262117385864258,1.554474891893559,1.5167906874840482,9107100
2025-06-17,1.5450539588928225,1.582738166182858,1.5167908034252957,6655100
2025-06-18,1.5733168125152588,1.5733168125152588,1.535632612455039,12332500
2025-06-19,1.5450539588928225,1.573317114360349,1.5450539588928225,8404800
2025-06-20,1.5356327295303345,1.5544748309969498,1.4979485265971038,57689200
2025-06-23,1.516790747642517,1.5262117991185495,1.4791065417383875,5997800
2025-06-24,1.516790747642517,1.5450539020706142,1.5073696961664846,6210500
2025-06-25,1.554474949836731,1.554474949836731,1.5262117954760868,7277400
2025-06-26,1.554474949836731,1.5733170527438272,1.5262117954760868,10999800
2025-06-30,1.5450539588928225,1.573317114360349,1.5356329070703132,8214800
2025-07-01,1.5733168125152588,1.582737862530314,1.545053662470094,11879700
2025-07-02,1.6015801429748535,1.6015801429748535,1.563895829004346,11529900
2025-07-03,1.56389582157135,1.6015801353627492,1.5544747712004452,6234200
2025-07-04,1.6015801429748535,1.6110011933905355,1.554474778588664,14092500
2025-07-07,1.6015801429748535,1.6204222438062177,1.563895829004346,9360200
2025-07-08,1.5733168125152588,1.601580074868199,1.5733168125152588,3257300
2025-07-09,1.5733168125152588,1.582737862530314,1.563895762500204,6229900
2025-07-10,1.5733168125152588,1.592159024853144,1.563895762500204,6007800
2025-07-11,1.5921590328216553,1.6015800828838611,1.573316820389468,8386900
2025-07-14,1.582737922668457,1.601580135722276,1.5733168722954372,4852900
2025-07-15,1.5450539588928225,1.5921593303131636,1.5450539588928225,9287700
2025-07-16,1.5262117385864258,1.5450538407911811,1.5073696363816704,7252300
2025-07-17,1.5356327295303345,1.5450537802636422,1.5167906280637191,10846300
2025-07-18,1.5262117385864258,1.554474891893559,1.5073696363816704,7448600
2025-07-21,1.4979485273361206,1.5262116795499874,1.4696852628144703,11106800
2025-07-22,1.5262117385864258,1.5356327896888036,1.4979485852792929,5066000
2025-07-23,1.5450539588928225,1.573317114360349,1.5262118552478043,10440900
2025-07-24,1.56389582157135,1.56389582157135,1.5450537208295403,3107800
2025-07-25,1.5262117385864258,1.573316994098314,1.5167906874840482,4218700
2025-07-28,1.5262117385864258,1.5450538407911811,1.5167906874840482,7394300
2025-07-29,1.5262117385864258,1.5450538407911811,1.5167906874840482,4583900
2025-07-30,1.5262117385864258,1.5262117385864258,1.4979485852792929,3631500
2025-07-31,1.554474949836731,1.5638960012902792,1.5167907440225388,8152000
2025-08-01,1.5262117385864258,1.5638959429959365,1.5262117385864258,2254400
2025-08-04,1.5356327295303345,1.5450537802636422,1.5167906280637191,2835900
2025-08-05,1.5450539588928225,1.5450539588928225,1.5167908034252957,3643400
2025-08-06,1.5356327295303345,1.5544748309969498,1.5073695773304114,6622900
2025-08-07,1.516790747642517,1.535632850594582,1.5073696961664846,6450000
2025-08-08,1.5073697566986084,1.5167908085529662,1.4979487048442506,8365900
2025-08-11,1.5073697566986084,1.5167908085529662,1.4979487048442506,10066400
2025-08-12,1.4979485273361206,1.5167906288120316,1.4979485273361206,3035800
2025-08-13,1.5073697566986084,1.5073697566986084,1.479106601135535,17369200
2025-08-14,1.4508432149887085,1.5356327870734916,1.4508432149887085,32063700
2025-08-15,1.4696853160858154,1.4885275305524797,1.450843213926939,26351700
2025-08-18,1.4602642059326172,1.4979485210336705,1.4602642059326172,12844200
2025-08-19,1.4602642059326172,1.4791064196370354,1.441422104535982,22218800
2025-08-20,1.4508432149887085,1.4602642660750411,1.4414221639023757,23628100
2025-08-21,1.4414221048355105,1.460264206236061,1.432001054135235,7517400
2025-08-22,1.4414221048355105,1.4508431555357857,1.432001054135235,17931400
2025-08-25,1.4508432149887085,1.4508432149887085,1.4320011128160428,18374700
2025-08-26,1.4508432149887085,1.4602642660750411,1.42258006172971,34520100
2025-08-27,1.4696853160858154,1.4791064794730413,1.4414221628475008,32639500
2025-08-28,1.4363914728164673,1.4744415420095442,1.4363914728164673,12765600
2025-08-29,1.4078539609909058,1.4459040312669342,1.3888289258528914,16059800
2025-09-02,1.4173663854599,1.4173663854599,1.3698038007390227,14662800
2025-09-03,1.4649289846420288,1.4649289846420288,1.4078538824135514,11610500
2025-09-04,1.5029792785644531,1.5029792785644531,1.4554165764198277,9365500
2025-09-08,1.4554164409637451,1.5029791386816949,1.4554164409637451,8446400
2025-09-09,1.49346661567688,1.49346661567688,1.455416434979346,11194800
2025-09-10,1.4744415283203125,1.493466676138366,1.455416493900409,11172800
2025-09-11,1.4839540719985962,1.4934667027763686,1.4649290372393555,8264900
2025-09-12,1.4744415283203125,1.4839540455302642,1.4459039766904576,9590800
2025-09-17,1.5029792785644531,1.5029792785644531,1.4649290941691215,11056400
2025-09-18,1.5410293340682983,1.5600543693756104,1.502979263453674,13087400
2025-09-19,1.49346661567688,1.5410291998011152,1.49346661567688,15612600
2025-09-22,1.5220043659210205,1.5220043659210205,1.493466811700803,4198100
2025-09-23,1.5029792785644531,1.5220043140630406,1.483954129667709,10161200
2025-09-24,1.49346661567688,1.512491649326574,1.4839539854538877,11383100
2025-09-25,1.5124917030334473,1.5315167373586989,1.4744415209847943,13278600
2025-09-26,1.5410293340682983,1.5505418517219545,1.502979263453674,17421600
2025-09-29,1.588591694831848,1.636154389686755,1.5410291133750804,28019700
2025-09-30,1.5600544214248655,1.5981044933089827,1.5505419034538366,10756900
2025-10-01,1.5505417585372925,1.5981043439471505,1.5315167243733494,16276800
2025-10-02,1.579079270362854,1.6076169342944988,1.531516686140355,13817200
2025-10-03,1.5981042385101318,1.6171293848170143,1.5695666891470197,11685900
2025-10-06,1.607616901397705,1.6266419346973937,1.5790792380500287,23459100
2025-10-07,1.607616901397705,1.6171294180475495,1.588591754699873,30778100
2025-10-08,1.5981042385101318,1.6266419012713853,1.5790792056013905,22710500
2025-10-09,1.6171294450759888,1.6171294450759888,1.5885917812513384,29528000
2025-10-10,1.579079270362854,1.6266419679834985,1.579079270362854,13187300
2025-10-13,1.588591694831848,1.5981042111232018,1.531516597083727,6557600
2025-10-14,1.6266419887542725,1.636154505720239,1.5885918074922607,18678500
2025-10-15,1.6456668376922607,1.6646918694855368,1.598104144810936,33995600
2025-10-16,1.6361545324325562,1.6646920837963666,1.6361545324325562,12773200
2025-10-17,1.6171294450759888,1.6456669955024938,1.5981042980601734,16173000
2025-10-21,1.6361545324325562,1.683717118038907,1.6171294981900155,23062400
2025-10-22,1.6361545324325562,1.6551795666750964,1.6171294981900155,10698200
2025-10-23,1.6266419887542725,1.636154505720239,1.5790792905262947,19972800
2025-10-24,1.6266419887542725,1.636154505720239,1.6171294717883065,3698300
2025-10-27,1.588591694831848,1.6456669059781084,1.569566662249141,17113400
2025-10-28,1.56956684589386,1.5885918807025614,1.560054328489509,8138600
2025-10-29,1.5505417585372925,1.5790793097832072,1.541029241455321,7572000
2025-10-30,1.5410293340682983,1.5695668870292665,1.5124917811073302,17182500
2025-10-31,1.5220043659210205,1.550541920141238,1.5124918478476146,8374100
2025-11-03,1.56956684589386,1.56956684589386,1.5315167762764568,6674900
2025-11-04,1.56956684589386,1.5885918807025614,1.5505418110851583,7096600
2025-11-05,1.5124917030334473,1.569566806009202,1.5029791858708217,14270100
2025-11-06,1.5220043659210205,1.5410294020678323,1.502979329774209,9310900
2025-11-07,1.5410293340682983,1.5505418517219545,1.5124917811073302,15401200
2025-11-10,1.5220043659210205,1.560054438214644,1.5124918478476146,10845600
2025-11-11,1.5220043659210205,1.560054438214644,1.5220043659210205,10608000
2025-11-12,1.5220043659210205,1.5410294020678323,1.5124918478476146,14444000
2025-11-13,1.5124917030334473,1.5315167373586989,1.4839540381474203,13932900
2025-11-14,1.4649289846420288,1.4934666491544155,1.4459039505658695,23382400
2025-11-17,1.4459038972854614,1.474441447348114,1.4459038972854614,5620500
2025-11-18,1.4554164409637451,1.4649289578277058,1.4363914072358237,8042600
2025-11-19,1.4459038972854614,1.464928930660563,1.4459038972854614,4823200
2025-11-20,1.4554164409637451,1.4839539915556277,1.4459039240997844,5978500
2025-11-21,1.4839540719985962,1.5029792201559888,1.4459040024801149,8569100
2025-11-24,1.56956684589386,1.56956684589386,1.4744415584521997,22093700
2025-11-25,1.4839540719985962,1.5410292896744702,1.4839540719985962,13622800
2025-11-26,1.5029792785644531,1.5220043140630406,1.4744416119184154,10955800
2025-11-27,1.4866735935211182,1.5250394426072322,1.4866735935211182,8653900
2025-11-28,1.4483078718185425,1.486673606911301,1.4387164380453528,10020500
2025-12-01,1.563405156135559,1.563405156135559,1.44830783911716,10751500
2025-12-02,1.5154480934143066,1.525039527635879,1.4866736764106752,9080300
2025-12-03,1.4674906730651855,1.5154479541033818,1.4578992397253272,7754000
2025-12-04,1.4483078718185425,1.4770821731381112,1.4483078718185425,6472300
2025-12-05,1.4099421501159668,1.4483078855730835,1.4003507162516875,16333900
2025-12-08,1.4099421501159668,1.419533583980246,1.3907592823874084,5832100
2025-12-09,1.4003506898880005,1.4195335572554129,1.3907592562042943,5451800
2025-12-10,1.4003506898880005,1.4195335572554129,1.3907592562042943,5327200
2025-12-11,1.4387165307998655,1.4387165307998655,1.3907593588421037,6724700
2025-12-12,1.42912495136261,1.4578992516168867,1.42912495136261,7615800
2025-12-15,1.4387165307998655,1.448307965191418,1.419533662016761,3961600
2025-12-16,1.42912495136261,1.4483078181987945,1.42912495136261,5594500
2025-12-17,1.42912495136261,1.4483078181987945,1.42912495136261,7281300
2025-12-18,1.4674906730651855,1.477082106405044,1.400350639686177,18903600
2025-12-19,1.4578993320465088,1.477082199940977,1.4483078980992747,20949900
2025-12-22,1.4483078718185425,1.457899305591732,1.409942136725784,14332000
2025-12-23,1.4483078718185425,1.4770821731381112,1.4291250042721633,14965600
2025-12-24,1.4866735935211182,1.5058565752336297,1.457899292460714,16217200
2025-12-26,1.4866735935211182,1.4962650272079194,1.477082159834317,7770600
2025-12-29,1.4962650537490845,1.515448035801869,1.4866736198921475,6391900
2025-12-30,1.477082133293152,1.5058565481754274,1.477082133293152,10417500
2025-12-31,1.4674906730651855,1.5058565207635235,1.4578992397253272,33363700
2026-01-02,1.4866735935211182,1.4962650272079194,1.4483078587739129,6734100
2026-01-05,1.4674906730651855,1.4866735397449022,1.4483078063854689,9971800
2026-01-06,1.4578993320465088,1.4674907659937428,1.4483078980992747,15785800
2026-01-07,1.4962650537490845,1.4962650537490845,1.438716450607463,12231500
2026-01-08,1.477082133293152,1.4866735668076083,1.4674906997786956,9367900
2026-01-09,1.5154480934143066,1.525039527635879,1.4674908079675306,17083700
2026-01-12,1.563405156135559,1.563405156135559,1.4962650069002816,21047500
2026-01-13,1.6017708778381348,1.6209538591403028,1.5538137104299805,20931300
2026-01-14,1.659319519996643,1.659319519996643,1.58258794118366,22948000
2026-01-15,1.6497281789779663,1.6689110461667251,1.6113623302615412,20878000
2026-01-16,1.659319519996643,1.659319519996643,1.6305452208188622,21296100
2026-01-20,1.6689109802246094,1.6976852798708155,1.620953814147599,20655500
2026-01-21,1.7072768211364746,1.7168682549589,1.6689110858467726,19521400
2026-01-22,1.7264597415924072,1.736051175708227,1.6785025710133068,27050900
2026-01-23,1.736051082611084,1.7935997985588217,1.7168682154081405,34530300
2026-01-26,1.803191304206848,1.822374172176244,1.736051151975052,31199100
2026-01-27,1.8223742246627808,1.831965658923723,1.803191356140896,18945500
2026-01-28,1.7935997247695925,1.822374024390224,1.784008291562715,12225800
2026-01-29,1.7552340030670166,1.7935997361376934,1.7360510221927743,12947400
2026-01-30,1.7552340030670166,1.7840083028700242,1.7456425697993474,12121200
2026-02-03,1.7168681621551514,1.7935997429258093,1.7168681621551514,18049500
2026-02-04,1.736051082611084,1.755234064152935,1.7168682154081405,10886200
2026-02-05,1.6976852416992188,1.755233954036581,1.688093808699475,15539000
2026-02-06,1.7168681621551514,1.745642576405963,1.6785024289392745,11225400
2026-02-09,1.7552340030670166,1.774416869602355,1.726459588925105,8220500
2026-02-10,1.7456426620483398,1.7744169633719336,1.7360511139348989,12361400
2026-02-11,1.7840083837509155,1.793599817453428,1.7456426489408663,8777000
2026-02-12,1.764825463294983,1.7840083301233678,1.7360510487135004,11216600
2026-02-13,1.7744169235229492,1.7840083570820808,1.7456426228455544,10172400
2026-02-16,1.764825463294983,1.8031911969517525,1.7552340298807905,6330000
2026-02-19,1.7935997247695925,1.8127825911833468,1.7648254251489603,6376600
2026-02-20,1.7935997247695925,1.8031911579764692,1.7648254251489603,5870800
2026-02-23,1.812782645225525,1.841556945703968,1.7840083447470816,8906900
2026-02-24,1.7935997247695925,1.8031911579764692,1.7648254251489603,10149800
2026-02-25,1.764825463294983,1.8319654971943296,1.745642596466598,21094900
2026-02-26,1.688093900680542,1.7648254831983508,1.6689110336358164,16920800
2026-02-27,1.7168681621551514,1.7168681621551514,1.6113622814725856,37753100
2026-03-02,1.592179536819458,1.6593196894288234,1.592179536819458,19947900
2026-03-03,1.64013671875,1.6497281521886276,1.601770870656584,16557000
2026-03-04,1.6497281789779663,1.6497281789779663,1.620953878194828,17063700
2026-03-05,1.6305453777313232,1.6593196796781449,1.6209539437490494,10266800
2026-03-06,1.6305453777313232,1.6497282456958708,1.6209539437490494,19447600
2026-03-09,1.5704420804977417,1.599524313427093,1.5219716922821562,9384700
2026-03-10,1.6092182397842407,1.6479946622737776,1.5898300863207273,8822900
2026-03-11,1.6189122200012207,1.6286062961550452,1.570441839232099,7812700
2026-03-12,1.5995241403579712,1.6189122935463998,1.5801359871695426,11090700
2026-03-13,1.5995241403579712,1.6092182169521856,1.5704419105753282,11227900
2026-03-16,1.5607479810714722,1.6092183686105628,1.5607479810714722,7852600
2026-03-17,1.5995241403579712,1.6286063701406142,1.560747833981114,7980600
2026-03-18,1.5898300409317017,1.62860634675168,1.5898300409317017,5362700
2026-03-19,1.6092182397842407,1.628606393247754,1.5801360095889707,18615300
2026-03-24,1.5510538816452026,1.6286065006118262,1.5510538816452026,10718900
2026-03-25,1.5995241403579712,1.6092182169521856,1.5704419105753282,6842200
2026-03-26,1.5510538816452026,1.5995242684993425,1.521971649532719,14279700
2026-03-27,1.5607479810714722,1.5607479810714722,1.551053903563654,10124400
2026-03-30,1.541359782218933,1.5510538594510477,1.5122774349600732,27229900
2026-03-31,1.483195185661316,1.531665686809162,1.483195185661316,15534500
2026-04-01,1.4735010862350464,1.5122773941162275,1.463807009264751,13740600
2026-04-02,1.4735010862350464,1.492889240175637,1.4444188553241604,7438200
2026-04-03,1.4638069868087769,1.4928892172735182,1.4541129099871966,18741900
2026-04-06,1.454112887382507,1.4735010407242726,1.434724734040742,5851700
2026-04-07,1.454112887382507,1.4831951173951552,1.4444188107116247,9247500
2026-04-08,1.4928892850875854,1.5025833623495166,1.4638070533017922,9007500
2026-04-09,1.502583384513855,1.5219716548862268,1.4831952297040016,12438100
2026-04-10,1.5316656827926636,1.5510538369759546,1.5122774130468584,6596500
2026-04-13,1.502583384513855,1.5219716548862268,1.4831952297040016,6842300
2026-04-14,1.483195185661316,1.5122774170125148,1.483195185661316,8591600
2026-04-15,1.502583384513855,1.5122774619187818,1.4831952297040016,12872500
2026-04-16,1.5122774839401243,1.5219716770487333,1.4928893288479463,8561400
2026-04-17,1.5607479810714722,1.5704420585792902,1.502583400462044,9761400
2026-04-20,1.541359782218933,1.5607479366831625,1.5316657049868183,8289300
2026-04-21,1.5607479810714722,1.5898302135949265,1.541359826055836,12416400
2026-04-22,1.570564031600952,1.5803800472908969,1.5411159845311178,11882400
2026-04-23,1.6392760276794434,1.6490920426882445,1.5607479076090354,10527800
2026-04-24,1.6687241792678833,1.6785401942151896,1.6294600024625292,7353000
2026-04-27,1.658908128738403,1.6785401582119257,1.639275982248755,5584300
2026-04-28,1.6687241792678833,1.688356209162496,1.6589081643205768,8061600
2026-04-29,1.6687241792678833,1.6785401942151896,1.6392760174098358,4578100
2026-04-30,1.6392760276794434,1.6687241897219751,1.6196439976618413,3307300
2026-05-04,1.6000120639801023,1.6490921419791924,1.5901960483802846,7627000
2026-05-05,1.619644045829773,1.6392760764312282,1.5901959999275903,5485400
2026-05-06,1.619644045829773,1.6392760764312282,1.6098280305290456,6391200
2026-05-07,1.6785401105880735,1.707988153962852,1.619643906822395,16990000
2026-05-08,1.629460096359253,1.6883563064530809,1.6098280653333554,14494100
2026-05-11,1.619644045829773,1.6392760764312282,1.5901959999275903,12917200
2026-05-12,1.6000120639801023,1.6392761263793745,1.5901960483802846,8130800
2026-05-13,1.5607479810714722,1.6098280584256144,1.5214838021720236,49188400
2026-05-14,1.727620244026184,1.737436258831868,1.550931860507743,26645000
2026-05-15,1.747252345085144,1.7865165229295743,1.649092075998265,20650600
2026-05-18,1.717804193496704,1.7472522373013493,1.6883561496920592,8099400
2026-05-19,1.6981722116470337,1.7570683008986376,1.6981722116470337,6654700
2026-05-20,1.6687241792678833,1.6981722241098025,1.6196439875152229,15142700
2026-05-21,1.5803799629211426,1.7276203074259169,1.5607479325893234,32344800
2026-05-22,1.5803799629211426,1.6196440235847809,1.570563947755233,21922600
2026-05-25,1.5411158800125122,1.5803799401093996,1.531299747972161,19984200
2026-05-26,1.5509319305419922,1.5803799762888076,1.5411159152930538,26692800
2026-05-28,1.5411158800125122,1.560747910060956,1.5116677179237177,23518400
2026-05-29,1.5509319305419922,1.5803799762888076,1.5411159152930538,288063100
2026-06-03,1.5509319305419922,1.5901959915377462,1.5411159152930538,25460800
2026-06-04,1.570564031600952,1.6000120786707863,1.5312998518250358,19026400
2026-06-05,1.6000120639801023,1.6098280795799205,1.5607480015808306,26450000
2026-06-08,1.5464799404144287,1.5960466778950813,1.5464799404144287,16028300
2026-06-09,1.566306710243225,1.5762200341290058,1.5464799442955208,13536500
2026-06-10,1.566306710243225,1.5960466819005676,1.5464799442955208,10148000
2026-06-11,1.586133360862732,1.615873332573473,1.5563933891519903,20760400
2026-06-12,1.566306710243225,1.6059600057863483,1.5563933863574442,8091500
2026-06-15,1.566306710243225,1.5861333580147867,1.5563933863574442,19553500
2026-06-16,1.5960466861724854,1.6059600100848,1.5464799484347702,29897000
2026-06-18,1.6654398441314695,1.675353285568567,1.5960465813047315,17671000
2026-06-19,1.635699987411499,1.6654399592500742,1.625786663465307,7515200
2026-06-22,1.635699987411499,1.6654399592500742,1.635699987411499,7106900
2026-06-23,1.6158733367919922,1.635699984650914,1.605960012862531,6823600
2026-06-24,1.635699987411499,1.6456133113576907,1.596046691626732,7256900
2026-06-25,1.635699987411499,1.635699987411499,1.6158733395191154,4891200
2026-06-26,1.6158733367919922,1.635699984650914,1.605960012862531,3637600
2026-06-29,1.6158733367919922,1.625786660721453,1.5960466889330702,7057400
2026-06-30,1.6257866621017456,1.6356999860396229,1.6059600142259909,7058800
2026-07-01,1.6059600114822388,1.62578665932412,1.6059600114822388,3481400
2026-07-02,1.635699987411499,1.6555266353038824,1.6059600155729237,11005600
2026-07-03,1.6555265188217163,1.67535328349524,1.6257865490756331,13772000
2026-07-06,1.6456133127212524,1.6555266366756582,1.6257866648124404,10785800
2026-07-07,1.6456133127212524,1.6555266366756582,1.6257866648124404,5945500
2026-07-08,1.635699987411499,1.6555266353038824,1.625786663465307,9942000
2026-07-09,1.6753532886505127,1.6753532886505127,1.6356998773575817,9555500
2026-07-10,1.685266613960266,1.6951799372514094,1.665439849201844,18609300
2026-07-13,1.6753532886505127,1.7050932584881096,1.6654398471951786,4441500
2026-07-14,1.6753532886505127,1.6852666119297115,1.6654398471951786,4248800
2026-07-15,1.6555265188217163,1.695179929992629,1.6555265188217163,7891900
2026-07-16,1.6753532886505127,1.6852666119297115,1.6555265239159795,6296000
2026-07-17,1.635699987411499,1.6753534013724092,1.635699987411499,8693700
2026-07-20,1.6654398441314695,1.675353285568567,1.635699874348582,5793400
2026-07-21,1.6257866621017456,1.665439957853255,1.615873338163868,7142500
2026-07-22,1.6059600114822388,1.6356999832450607,1.5960466875612982,7848600
2026-07-23,1.586133360862732,1.615873332573473,1.586133360862732,16314400
2026-07-24,1.566306710243225,1.5861333580147867,1.5563933863574442,15545400
2026-07-27,1.5762200355529783,1.5960466833424518,1.5563933877635052,19357500
2026-07-28,1.5762200355529783,1.5861333594477152,1.566306711658242,16473200
2026-07-29,1.5960466861724854,1.6158733339971143,1.586133362260171,11035400
2026-07-30,1.586133360862732,1.6059600086698929,1.5762200369591517,11256800
2026-07-31,1.566306710243225,1.6059600057863483,1.5563933863574442,16496600
2026-08-03,1.6059600114822388,1.6059600114822388,1.5464799497804522,14863900
2026-08-04,1.506826639175415,1.5960466717565267,1.4869999915298662,44504000
2026-08-05,1.526653289794922,1.5464799374790936,1.50682664211075,16259900
2026-08-06,1.526653289794922,1.5365666136370075,1.4969133182686645,17122800
2026-08-07,1.506826639175415,1.5365666106437383,1.4969133153526406,16191700
2026-08-10,1.4969133138656616,1.5266532853044423,1.4969133138656616,19461200
2026-08-11,1.506826639175415,1.5167399629981897,1.4869999915298662,20526400
2026-08-12,1.506826639175415,1.526653286820964,1.4473466962387684,41378300
2026-08-13,1.4869999885559082,1.5167399599647524,1.4869999885559082,17623800
2026-08-14,1.4869999885559082,1.5068266361618043,1.4869999885559082,12108100
2026-08-17,1.4969133138656616,1.5167399614915156,1.4869999900527349,9204500
2026-08-18,1.4869999885559082,1.5068266361618043,1.467173340950012,22624900
2026-08-19,1.4969133138656616,1.5068266376785886,1.4869999900527349,12636100
2026-08-20,1.4671733379364014,1.5068266330667448,1.4572600141538157,15380800
2026-08-21,1.4869999885559082,1.4869999885559082,1.457260017147064,8585300
2026-08-24,1.4700000286102295,1.5,1.4600000381469729,10015200
2026-08-26,1.4299999475479126,1.4800000190734863,1.4299999475479126,21968600
2026-08-27,1.4299999475479126,1.4500000476837158,1.4199999570846558,9750100
2026-08-28,1.3799999952316284,1.440000057220459,1.3700000047683716,20071400
2026-09-01,1.3600000143051147,1.3899999856948853,1.3600000143051147,13921600
2026-09-02,1.3600000143051147,1.3899999856948853,1.350000023841858,8016900
2026-09-03,1.3300000429153442,1.3700000047683716,1.3200000524520874,22816100
