Date,Close,High,Low,Volume
2015-01-02,1.6763856410980225,1.679731637101296,1.6696933299845176,1126600
2015-01-05,1.6897701025009155,1.6897701025009155,1.6696934863867576,9050200
2015-01-06,1.6630018949508667,1.683078517834702,1.6462715886190673,13112200
2015-01-07,1.673039436340332,1.6830777431619026,1.6696932808819838,14439400
2015-01-08,1.6763856410980225,1.6830777926580482,1.666347333981244,9756200
2015-01-09,1.706500768661499,1.706500768661499,1.686424307801191,6647400
2015-01-12,1.703114628791809,1.726815920897845,1.6929568168514055,5970000
2015-01-13,1.703114628791809,1.709886449601097,1.6929568168514055,11009800
2015-01-14,1.6997288465499878,1.7065006681915031,1.6963430164557118,15535600
2015-01-15,1.703114628791809,1.7065004584699814,1.68957082572029,14026000
2015-01-16,1.6997288465499878,1.7065006681915031,1.6929570249084724,14403400
2015-01-19,1.6997288465499878,1.7031148380972272,1.689571033361233,10801000
2015-01-20,1.7098864316940308,1.7132722613367444,1.6760271665492446,19536600
2015-01-21,1.6929566860198977,1.7065003265918222,1.6827988748644884,30068400
2015-01-22,1.7098864316940308,1.7098864316940308,1.6861849783832688,18406600
2015-01-23,1.7302016019821167,1.7945339688686597,1.7098861431947212,13153800
2015-01-26,1.7234303951263428,1.7335880474049854,1.7166585731229238,10478600
2015-01-27,1.706500768661499,1.7234304044884992,1.6997289466212937,14194800
2015-01-28,1.716658115386963,1.7268157649571327,1.706500304363864,13502600
2015-01-29,1.713271975517273,1.7200437951259218,1.7031143268307574,7145200
2015-01-30,1.716658115386963,1.7234299355847191,1.7098862951892069,16817600
2015-02-04,1.726816177368164,1.74374581263228,1.726816177368164,11278600
2015-02-05,1.740358829498291,1.740358829498291,1.7268151935841314,9077200
2015-02-06,1.7437456846237185,1.747131514556207,1.7335878719203413,8633200
2015-02-09,1.7471314668655396,1.753903287998625,1.7335878245993688,5043200
2015-02-10,1.7437456846237185,1.7539033358741396,1.740359693238274,6569200
2015-02-11,1.7437456846237185,1.7505175059416511,1.7335878719203413,6870800
2015-02-12,1.726816177368164,1.7539034646283758,1.7098867035570156,9892400
2015-02-13,1.757289171218872,1.7606750008507115,1.73358771798423,10634800
2015-02-16,1.7437456846237185,1.7572893272595838,1.72343022066992,5085000
2015-02-17,1.7471314668655396,1.750517458158558,1.7132723612001128,7904800
2015-02-18,1.7437456846237185,1.747131514556207,1.7268160506024086,4607400
2015-02-23,1.760675072669983,1.7640610638928809,1.7200441467128944,10815800
2015-02-24,1.78776216506958,1.78776216506958,1.760674724994126,11635600
2015-02-25,1.7945342063903809,1.7945342063903809,1.75728911295733,6051600
2015-02-26,1.811463475227356,1.814849465822921,1.774218385940731,9400400
2015-02-27,1.7809908390045166,1.808078125134128,1.777604847511835,4811000
2015-03-02,1.7911481857299805,1.7945341766463796,1.7742185540538524,31157200
2015-03-03,1.7945342063903809,1.7945342063903809,1.7843763949257538,24678400
2015-03-04,1.7945342063903809,1.8013060268824868,1.7809905654061688,7253400
2015-03-05,1.7945342063903809,1.8013060268824868,1.7809905654061688,10223000
2015-03-06,1.78776216506958,1.7945339847252144,1.7809903454139455,3990400
2015-03-09,1.78776216506958,1.7945339847252144,1.7640607155484014,9293600
2015-03-10,1.770832896232605,1.7877625295496784,1.770832896232605,9890000
2015-03-11,1.7369736433029177,1.7674467546474515,1.7302018228426947,21804200
2015-03-12,1.760675072669983,1.7640610638928809,1.7369737799214886,8830200
2015-03-13,1.7471314668655396,1.7606751091317103,1.7437456370254725,3276800
2015-03-16,1.7505171298980713,1.7640607696245114,1.7132720399239,7119400
2015-03-17,1.7505171298980713,1.760674778966441,1.7403593193767806,8435400
2015-03-18,1.7471314668655396,1.7572892792916432,1.736973815892387,10016400
2015-03-19,1.7437456846237185,1.7539033358741396,1.7335878719203413,7646200
2015-03-20,1.7471314668655396,1.7471314668655396,1.7098865313600458,29906600
2015-03-23,1.7505171298980713,1.7843762292141718,1.7268156796503404,5615200
2015-03-24,1.7776044607162476,1.7776044607162476,1.7437453604217614,6478800
2015-03-25,1.770832896232605,1.7809907085134389,1.757289254160126,2965400
2015-03-26,1.760675072669983,1.7742187146556792,1.7505174219071848,898400
2015-03-27,1.7437456846237185,1.7708329698954492,1.7098865780340544,18173800
2015-03-30,1.7335880994796753,1.7471317438933465,1.730202269102746,9862400
2015-03-31,1.726816177368164,1.7471316428133228,1.7234303471871213,13061600
2015-04-01,1.7302016019821167,1.7471310702451557,1.7234297823863185,4153600
2015-04-02,1.740358829498291,1.747130647455371,1.7369730012461888,4731800
2015-04-03,1.7335880994796753,1.7403599216865109,1.7335880994796753,6894800
2015-04-06,1.7369736433029177,1.74374546376314,1.726815831886116,14036400
2015-04-07,1.7505171298980713,1.767446598829661,1.7403593193767806,8365000
2015-04-08,1.760675072669983,1.760675072669983,1.7505174219071848,9210400
2015-04-09,1.7539031505584717,1.7606749711609004,1.7505173209837264,11277600
2015-04-10,1.757289171218872,1.767446821567332,1.7539031801340912,11824200
2015-04-13,1.7302016019821167,1.7471310702451557,1.7200437918619618,17216200
2015-04-14,1.7471314668655396,1.753903287998625,1.7268160034662836,11594800
2015-04-15,1.7471314668655396,1.7471314668655396,1.7302019947593017,14615000
2015-04-16,1.7742187976837158,1.7742187976837156,1.7539033337544696,22370600
2015-04-17,1.7742187976837158,1.7776047890650677,1.770832967755319,7634600
2015-04-20,1.7640609741210938,1.7742186243669764,1.7606749830705062,5087400
2015-04-21,1.770832896232605,1.7776047172688445,1.757289254160126,13204000
2015-04-22,1.770832896232605,1.7742187260242503,1.770832896232605,6650200
2015-04-23,1.770832896232605,1.7742187260242503,1.770832896232605,10478000
2015-04-24,1.7742187976837158,1.7843766103748164,1.770832967755319,11387800
2015-04-27,1.7742187976837158,1.7776047890650677,1.7640611464455704,7823000
2015-04-28,1.7742187976837158,1.7776047890650677,1.7640611464455704,9028800
2015-04-29,1.7742187976837158,1.7776047890650677,1.7674469763739669,4441400
2015-04-30,1.770832896232605,1.7776047172688445,1.770832896232605,11071400
2015-05-05,1.7809908390045166,1.7877626605369197,1.7505175613822237,7995200
2015-05-06,1.7776044607162476,1.7843762807751449,1.7708326406573505,5285600
2015-05-07,1.770832896232605,1.784376538305084,1.7606750839517713,6599800
2015-05-08,1.7505171298980713,1.774218418692881,1.7505171298980713,12573000
2015-05-11,1.757289171218872,1.757289171218872,1.7471313594174709,3581800
2015-05-12,1.757289171218872,1.7640609919354924,1.7437455297856312,8367800
2015-05-13,1.757289171218872,1.7640609919354924,1.7539031801340912,6238800
2015-05-14,1.7640609741210938,1.7742186243669764,1.7471313417740362,6499200
2015-05-15,1.7640609741210938,1.787762427116386,1.7471313417740362,548600
2015-05-18,1.7640609741210938,1.7674468037187414,1.7505173328246235,5170200
2015-05-19,1.7640609741210938,1.7640609741210935,1.7572891534728583,6574000
2015-05-20,1.760675072669983,1.770832884885729,1.760675072669983,1092400
2015-05-21,1.760675072669983,1.7742187146556792,1.7572892429000329,5652400
2015-05-22,1.713271975517273,1.760674712777814,1.713271975517273,7628000
2015-05-25,1.6929566860198977,1.7132721468777845,1.6692552342925635,16031600
2015-05-26,1.6895709037780762,1.7335878217984906,1.6760272615337872,17757200
2015-05-27,1.7098864316940308,1.726815902813482,1.6794131576448998,12251800
2015-05-28,1.703114628791809,1.7200441000885571,1.6997286376606937,10159400
2015-05-29,1.6895709037780762,1.7098865285974605,1.6827990826559316,23987200
2015-06-01,1.6895709037780762,1.7065005373099127,1.6861850739434794,10436800
2015-06-02,1.6929566860198977,1.6929566860198977,1.676027054578526,12556200
2015-06-03,1.6929566860198977,1.7132721468777845,1.6827988748644884,21781400
2015-06-04,1.6929566860198977,1.6929566860198977,1.6827988748644884,10896400
2015-06-05,1.6895709037780762,1.6963428863531715,1.689570903778076,13783200
2015-06-08,1.6794133186340332,1.7132724255716232,1.6794133186340332,9995000
2015-06-09,1.6590979099273682,1.6997288396105783,1.6489400967800845,8587400
2015-06-10,1.6861851215362549,1.6963429342326524,1.6658696575964151,9622200
2015-06-11,1.6861851215362549,1.6997287641628147,1.672641478909695,6143600
2015-06-12,1.6929566860198977,1.696342676889344,1.676027054578526,7553200
2015-06-15,1.6929566860198977,1.7031144971753065,1.6895706951504508,6422800
2015-06-16,1.6929566860198977,1.696342676889344,1.6895706951504508,7788400
2015-06-17,1.6997288465499878,1.6997288465499878,1.689571033361233,7195800
2015-06-18,1.6997288465499878,1.7065006681915031,1.6929570249084724,4477800
2015-06-19,1.6929566860198977,1.7132721468777845,1.6929566860198977,12765200
2015-06-22,1.6861851215362549,1.6963429342326524,1.682799130153137,9805200
2015-06-23,1.6726411581039429,1.6963426088810587,1.6726411581039429,8673600
2015-06-24,1.6794133186340332,1.6827991486013136,1.6726414972465151,6258800
2015-06-25,1.6489397287368774,1.6827988292488707,1.6421679086344787,15541000
2015-06-26,1.5913794040679932,1.652325955133381,1.574449932124346,21753200
2015-06-29,1.5812216997146606,1.6116949742167328,1.5575202460516109,13810600
2015-06-30,1.5812216997146606,1.618466795055755,1.5676780580366163,14430000
2015-07-01,1.6252385377883911,1.6489398288594506,1.5913792737675585,15720800
2015-07-02,1.6116950511932373,1.652325978167953,1.6116950511932373,8647200
2015-07-03,1.628624439239502,1.635396260052128,1.6218526184268762,6287600
2015-07-06,1.6015372276306152,1.608309048746165,1.5812217642839652,8864600
2015-07-07,1.594765067100525,1.604922715885518,1.5913790765369165,7648600
2015-07-08,1.5846076011657717,1.5947654136107678,1.5846076011657717,12931800
2015-07-09,1.608309030532837,1.608309030532837,1.5710639340926191,7037600
2015-07-10,1.6320103406906128,1.638782161131116,1.598151077035162,6783200
2015-07-13,1.659439206123352,1.6628677144025463,1.614867454077345,4423200
2015-07-14,1.649153232574463,1.6765819507355926,1.6457247245483495,5989600
2015-07-15,1.6285817623138428,1.6628676614544162,1.625153090655754,5432200
2015-07-16,1.6285817623138428,1.6388676138000462,1.6148674026576133,3323200
2015-07-20,1.6285817623138428,1.6320104339719317,1.6182959108276391,4289600
2015-07-21,1.6251529455184937,1.6354387960861003,1.618295766302772,4172200
2015-07-22,1.6251529455184937,1.6320102882222638,1.621724437654657,6373800
2015-07-23,1.597724199295044,1.6285815869427656,1.597724199295044,7321000
2015-07-24,1.5737245082855225,1.5977245587550788,1.5737245082855225,4852400
2015-07-27,1.597724199295044,1.604581378384755,1.556581124756779,6580000
2015-07-28,1.5737245082855225,1.6045817393875352,1.5737245082855225,7182600
2015-07-29,1.6457246541976929,1.6560103413244007,1.5771526982380937,6329800
2015-07-30,1.597724199295044,1.6457246164110657,1.5942956914942112,5305200
2015-07-31,1.652581810951233,1.6731533484126948,1.5977242142326211,10095200
2015-08-03,1.6354390382766724,1.652582070598696,1.618296005954649,1729600
2015-08-04,1.601153016090393,1.6491532740804435,1.5942958363775288,5524200
2015-08-05,1.6217247247695925,1.642296266058804,1.6045816919512106,4539400
2015-08-06,1.5771527290344238,1.6422960148984438,1.573724221087924,5474800
2015-08-07,1.5360099077224731,1.5771529908384487,1.5325812357187687,13372400
2015-08-10,1.5394381284713743,1.556581158309196,1.4982950530462622,8402200
2015-08-11,1.5017240047454834,1.5531529403714672,1.4914381522250548,11488200
2015-08-12,1.4811521768569946,1.5017237144328914,1.4708663263250223,10249800
2015-08-13,1.4914380311965942,1.5051523911188749,1.4742951630377763,12778000
2015-08-14,1.4742952585220337,1.577152964600825,1.4571522257648637,1704600
2015-08-17,1.4228659868240356,1.4914377746397325,1.416008808042466,4273400
2015-08-18,1.3508659601211548,1.4468664937812057,1.3508659601211548,44319600
2015-08-19,1.3714370727539062,1.412580145699394,1.3542941256932863,13892800
2015-08-20,1.4057233333587646,1.4091520054087912,1.3577230690749658,5672000
2015-08-21,1.392008662223816,1.4057230203944509,1.3611513563398872,9180000
2015-08-24,1.3200085163116455,1.378294634244174,1.3200085163116455,16183600
2015-08-25,1.388580083847046,1.405722948944987,1.2925794180440349,16647000
2015-08-26,1.4228659868240356,1.4262944944708014,1.371437064218244,6466200
2015-08-27,1.460580825805664,1.467438005873331,1.4297234337571287,9043600
2015-08-28,1.4880094528198242,1.5017238120956518,1.4571520627051828,10010000
2015-09-01,1.5085811614990234,1.5188668503693463,1.4777237679119009,18948000
2015-09-02,1.5360099077224731,1.556581449280461,1.4742952830485097,6587000
2015-09-03,1.5325807332992554,1.5531524316013892,1.5051520202137785,5299800
2015-09-04,1.5462956428527832,1.5531528228515243,1.5325811193672336,5218800
2015-09-07,1.4948666095733645,1.5428668663039424,1.4948666095733645,7055000
2015-09-08,1.5085811614990234,1.5154383419085975,1.4811524398607263,6398200
2015-09-09,1.5051523447036743,1.518866704203038,1.4982951649539926,11404400
2015-09-10,1.5428670644760132,1.5428670644760132,1.501723981993791,4216800
2015-09-11,1.5188666582107544,1.5702955865200967,1.5188666582107544,9695800
2015-09-14,1.5634382963180542,1.5702954753747456,1.5188665507055372,9048000
2015-09-15,1.597724199295044,1.6182957365641766,1.5668669751353677,13843000
2015-09-17,1.6285817623138428,1.6560104816263015,1.6148674026576133,15833800
2015-09-18,1.587438464164734,1.6422958952153897,1.570295435217384,13355000
2015-09-21,1.587438464164734,1.6285815374527255,1.57372410640207,3332200
2015-09-22,1.594296097755432,1.6080104594295708,1.5771530639187157,4314800
2015-09-23,1.5154380798339844,1.5840098720711584,1.5154380798339844,8444400
2015-09-25,1.5394381284713743,1.5497239790716772,1.501723724409046,9206000
2015-09-28,1.5428670644760132,1.553152916840607,1.5257240316977154,9300000
2015-09-29,1.5257240533828735,1.5394384144052036,1.4811524618043412,11787800
2015-09-30,1.5051523447036743,1.5257238839527196,1.4708664459552654,15714800
2015-10-01,1.5222954750061035,1.5360098353990177,1.484580902181554,7686600
2015-10-02,1.5188666582107544,1.542866868351929,1.5085809706417197,5423200
2015-10-05,1.5462956428527832,1.54972415110812,1.515438251114414,4476000
2015-10-06,1.5428670644760132,1.563438605717124,1.532581212111419,7394000
2015-10-07,1.652581810951233,1.6525818109512331,1.5394381096811227,12396000
2015-10-08,1.5600099563598633,1.645724785533745,1.5600099563598633,5778600
2015-10-09,1.6045817136764526,1.625153255244193,1.573724483068882,9806200
2015-10-12,1.659439206123352,1.659439206123352,1.6114387823100826,10589400
2015-10-13,1.6422960758209229,1.7142965437369182,1.6354388961854975,14281400
2015-10-15,1.594296097755432,1.6731537591257724,1.594296097755432,6822400
2015-10-16,1.594296097755432,1.6217248211037092,1.590867425592854,6299200
2015-10-19,1.594296097755432,1.61486764026664,1.587438916918363,5560000
2015-10-20,1.649153232574463,1.6525819040886325,1.6045814838185988,11255800
2015-10-21,1.6182963848114014,1.6491537848197908,1.6182963848114014,6210400
2015-10-22,1.6045817136764526,1.642296288294683,1.5977245331538728,5006600
2015-10-23,1.6182963848114014,1.628582239310235,1.6080106938006788,7139400
2015-10-26,1.584009885787964,1.6182957822034512,1.5771527065048665,9437800
2015-10-27,1.5737245082855225,1.5874388695504351,1.566867327653066,5694800
2015-10-28,1.5600099563598633,1.5874386755374157,1.5497241049242505,10020200
2015-10-29,1.5634382963180542,1.59086701254482,1.5600097885337307,9446600
2015-10-30,1.5428670644760132,1.5771529665445314,1.5428670644760132,6289400
2015-11-02,1.5462956428527832,1.5702956911043435,1.542866971109379,4195000
2015-11-03,1.5394381284713743,1.5600098296719798,1.5360096205966396,10742200
2015-11-04,1.556580901145935,1.563438079250577,1.5394378741403192,15091800
2015-11-05,1.556580901145935,1.563438079250577,1.549723723041293,9743800
2015-11-06,1.5600099563598633,1.5702956443074143,1.5531527765654751,3124600
2015-11-09,1.5737245082855225,1.5737245082855225,1.5600101470206098,3373200
2015-11-11,1.5531527996063232,1.5737243392946638,1.5428669480181207,7363600
2015-11-12,1.5360099077224731,1.556581449280461,1.5360099077224731,6855800
2015-11-13,1.5428670644760132,1.553152916840607,1.5257240316977154,3328800
2015-11-16,1.5394381284713743,1.6045814129718272,1.5360096205966396,4565400
2015-11-17,1.5085811614990234,1.5531529159052944,1.5085811614990234,6166200
2015-11-18,1.529152750968933,1.5325812595378432,1.5085812090912265,2909000
2015-11-19,1.5154380798339844,1.5325809461492534,1.5085809006102668,2782600
2015-11-20,1.5222954750061035,1.532581163556753,1.512009622967382,2600600
2015-11-23,1.5360099077224731,1.553152940764836,1.5222955466838146,1483800
2015-11-24,1.5428670644760132,1.5462957364269034,1.532581212111419,4091200
2015-11-25,1.5634382963180542,1.5634382963180542,1.5325809088189202,3773600
2015-11-26,1.5634382963180542,1.5737241466471137,1.5462954304203478,1792600
2015-11-27,1.5600099563598633,1.5702956443074143,1.5531527765654751,2262800
2015-11-30,1.556580901145935,1.5737239281515512,1.546295215732983,7721600
2015-12-01,1.5497241020202637,1.577152821146418,1.539438250603925,3196800
2015-12-02,1.5428670644760132,1.5668672776680144,1.5428670644760132,2768800
2015-12-03,1.5428670644760132,1.5565814253034205,1.5394383925251227,2701800
2015-12-04,1.566867470741272,1.6388679557012753,1.5394385822185257,8532400
2015-12-07,1.611438870429993,1.614867542384749,1.5668672794347018,9047800
2015-12-08,1.601153016090393,1.6114387039156597,1.597724344489931,4062000
2015-12-09,1.5428670644760132,1.5977245077856423,1.5428670644760132,7118000
2015-12-10,1.5462956428527832,1.5702956911043435,1.542866971109379,4771400
2015-12-11,1.5154380798339844,1.5565811551762887,1.5154380798339844,10383400
2015-12-14,1.5085811614990234,1.5257240307789206,1.4742952594511525,9755600
2015-12-15,1.5017240047454834,1.5154383657806685,1.4982953327426474,5328000
2015-12-16,1.5085811614990234,1.5188668503693463,1.5017239810894492,7363400
2015-12-17,1.5085811614990234,1.5360098831373203,1.4982953091406237,12300400
2015-12-18,1.5257240533828735,1.5257240533828735,1.5051525118493787,10092200
2015-12-21,1.5120093822479248,1.5154380535443277,1.4982950240384052,4284600
2015-12-22,1.5737245082855225,1.5737245082855225,1.5154383911656022,2317400
2015-12-23,1.587438464164734,1.60801000080873,1.570295435217384,3330400
2015-12-28,1.587438464164734,1.5977241507427116,1.5840097929800478,3453000
2015-12-29,1.587438464164734,1.594295643046066,1.580581285283402,4364000
2015-12-30,1.6045817136764526,1.608010385681783,1.5874388441140423,15004400
2015-12-31,1.597724199295044,1.608010049673633,1.577152662025911,4281400
2016-01-04,1.5600099563598633,1.6217245745093554,1.5600099563598633,1893200
2016-01-05,1.570295810699463,1.6045817133044138,1.5565814496574826,3430200
2016-01-06,1.5771527290344238,1.590867087796528,1.5531526829447682,2991400
2016-01-07,1.5805810689926147,1.5977239321060508,1.5600095351636805,4147800
2016-01-08,1.587438464164734,1.5908669718613797,1.55658107745472,5305800
2016-01-11,1.5600099563598633,1.5874386755374157,1.542866925129862,4643800
2016-01-12,1.556535720825195,1.5739078374759856,1.5461124177001644,2119200
2016-01-13,1.566959023475647,1.566959023475647,1.549586906830118,1491000
2016-01-14,1.5495867729187012,1.5843308375344811,1.5495867729187012,5689600
2016-01-15,1.5461121797561646,1.577381918646115,1.5461121797561646,3798400
2016-01-18,1.5530608892440796,1.5773818140651956,1.5217913181000686,2902800
2016-01-19,1.566959023475647,1.573907836999302,1.5461124172318992,2690000
2016-01-20,1.5634840726852417,1.5704328841591555,1.5600095841119177,7583200
2016-01-21,1.5426379442214966,1.5565355699257002,1.535689131369395,6450200
2016-01-22,1.5461121797561646,1.560009804668863,1.539163367299815,3998800
2016-01-26,1.5426379442214966,1.5495867570735984,1.5217915056651914,5623800
2016-01-27,1.5461121797561646,1.5634842937334164,1.5287402314516698,4134600
2016-01-28,1.5600095987319946,1.5600095987319946,1.5287400296426972,5945200
2016-01-29,1.5878056287765503,1.605177581551583,1.560010206125458,12593600
2016-02-02,1.5982283353805542,1.6086516367668824,1.5773818982806531,8928200
2016-02-03,1.622549295425415,1.6260236188449977,1.5808564203538722,10157000
2016-02-04,1.6503444910049438,1.6572933032875283,1.615600429592022,16761600
2016-02-05,1.5843305587768557,1.6190746172795354,1.5808562357629572,4113000
2016-02-10,1.5634840726852417,1.6086514301020491,1.5634840726852417,915800
2016-02-11,1.5634840726852417,1.594753807154221,1.539163149690176,15926600
2016-02-12,1.53916335105896,1.563484277235933,1.5322145386759327,11725400
2016-02-15,1.528740167617798,1.5495866041163848,1.5183168665321294,23006800
2016-02-16,1.5183168649673462,1.5391633014444488,1.511368052808312,15530400
2016-02-17,1.5530608892440796,1.5530608892440796,1.518316829265875,11923400
2016-02-18,1.5808563232421875,1.587805135327247,1.5495865860230449,10370800
2016-02-19,1.577381610870361,1.5878049103574892,1.570432799769851,4869600
2016-02-22,1.5600095987319946,1.584330521954991,1.556535275798844,4070800
2016-02-23,1.570433259010315,1.5843308852754066,1.5600099564751095,2346800
2016-02-24,1.556535720825195,1.5739078374759856,1.5495869072994355,1774600
2016-02-25,1.556535720825195,1.577382161402474,1.553061231225924,2378200
2016-02-26,1.5530608892440796,1.563484190073914,1.546112077248439,2233800
2016-02-29,1.5426379442214966,1.563484382777802,1.5217915056651914,8059400
2016-03-01,1.5912797451019287,1.5982285584383782,1.5426380517467826,4612200
2016-03-02,1.6190745830535889,1.629497883220422,1.5565352790707965,10342000
2016-03-03,1.6260236501693726,1.6329724628151612,1.5947540760997052,9762800
2016-03-04,1.6156007051467896,1.6260238425120463,1.5947542647434945,5966000
2016-03-07,1.6260236501693726,1.6329724628151612,1.6017028887454936,8966600
2016-03-08,1.6086515188217163,1.6260234656282244,1.598228218199617,6698000
2016-03-09,1.6156007051467896,1.6260238425120463,1.5947542647434945,4399400
2016-03-10,1.6156007051467896,1.6190750290442817,1.608651891679025,3259800
2016-03-11,1.6329724788665771,1.6329724788665771,1.5982284152961153,8366600
2016-03-14,1.6329724788665771,1.643395780774097,1.6294981553459127,7920000
2016-03-15,1.6329724788665771,1.643395780774097,1.6156005299177278,10730800
2016-03-16,1.6468700170516968,1.6538189950704298,1.615600444331171,10435800
2016-03-17,1.664242148399353,1.664242148399353,1.6399212220941706,15923600
2016-03-18,1.6850885152816772,1.6850885152816772,1.6642420788933403,17758200
2016-03-21,1.7163581848144531,1.7163581848144531,1.6850884486323667,16602200
2016-03-22,1.7337303161621094,1.7337303161621094,1.698986253190749,23133400
2016-03-23,1.712883710861206,1.7337301466052646,1.6989860870318338,12425800
2016-03-24,1.6711909770965576,1.7233071535879894,1.6677166536892665,7397000
2016-03-25,1.712883710861206,1.7267813346905785,1.664242027458403,13593400
2016-03-28,1.712883710861206,1.7372046353989798,1.712883710861206,15165600
2016-03-29,1.7024606466293335,1.71983259430216,1.6989861576911174,13131200
2016-03-30,1.695511817932129,1.7163582543403826,1.6885630057960443,22879400
2016-03-31,1.7094095945358276,1.7163584072911455,1.6850886670558332,28398600
2016-04-01,1.6850885152816772,1.7198325759289053,1.6433956425050036,18004000
2016-04-04,1.695511817932129,1.6989861411637963,1.6781397047555426,12650600
2016-04-05,1.695511817932129,1.709409442204298,1.6816141936599598,8614200
2016-04-06,1.712883710861206,1.712883710861206,1.688562951996177,6408400
2016-04-07,1.7233073711395264,1.7372049978686532,1.6989864415271647,10236200
2016-04-08,1.7267818450927734,1.7302563349134783,1.716358706976245,4546600
2016-04-11,1.7024606466293335,1.7267814065058409,1.6955118344256526,2930800
2016-04-12,1.7024606466293335,1.712883782098479,1.6885630222219716,5608800
2016-04-13,1.6850885152816772,1.7094094405711115,1.6816141920533292,3620600
2016-04-14,1.6850885152816772,1.7094094405711115,1.6850885152816772,7101600
2016-04-15,1.7024606466293335,1.7024606466293333,1.6850885332837555,1636800
2016-04-18,1.695511817932129,1.7024606300682137,1.6816141936599598,4578400
2016-04-19,1.688563346862793,1.705935297875527,1.688563346862793,7627400
2016-04-20,1.7024606466293335,1.7059349698947983,1.6850885332837555,5726600
2016-04-21,1.7198325395584106,1.7198325395584106,1.6850884796459396,11310200
2016-04-22,1.695511817932129,1.7128837654359657,1.6885630057960443,9162200
2016-04-25,1.688563346862793,1.702460973942093,1.681614533323143,5093000
2016-04-26,1.6329724788665771,1.692037469772744,1.6190748534383923,9668400
2016-04-27,1.6260236501693726,1.6364469519744365,1.6121260248777955,8469800
2016-04-28,1.6677166223526,1.6677166223526,1.6225492591972108,4166600
2016-04-29,1.6503444910049438,1.6677166045477814,1.6399211897446908,4548800
2016-05-03,1.6156007051467896,1.6538192620558878,1.5947542647434945,6615200
2016-05-04,1.6503444910049438,1.6885630413955346,1.612125940614353,5436200
2016-05-05,1.6503444910049438,1.660767792265197,1.6329723774621066,6222400
2016-05-06,1.6433957815170288,1.66424221966873,1.6329724796047966,3762000
2016-05-09,1.6468700170516968,1.6781397554449773,1.6364468813691062,3439800
2016-05-10,1.6503444910049438,1.671190927852697,1.6399211897446908,2921400
2016-05-11,1.6503444910049438,1.6503444910049438,1.6399211897446908,17087400
2016-05-12,1.6468700170516968,1.6538189950704298,1.639921204705718,6044200
2016-05-13,1.6364465951919556,1.6503442174535357,1.6121256733978273,1873600
2016-05-16,1.6468700170516968,1.6468700170516968,1.622549256677149,2461800
2016-05-17,1.6399214267730713,1.6503447295398714,1.6260238001991894,3298200
2016-05-18,1.6364465951919556,1.6433954063227456,1.6260232956594076,1952400
2016-05-19,1.653818964958191,1.6607677771776477,1.6364468515731736,2163600
2016-05-20,1.653818964958191,1.6607677771776477,1.6329723626270694,1463400
2016-05-23,1.6572932004928589,1.6607676892550205,1.6329722761759575,4188200
2016-05-24,1.653818964958191,1.6572932882315434,1.6364468515731736,4920600
2016-05-25,1.653818964958191,1.653818964958191,1.6364468515731736,3220200
2016-05-26,1.6433957815170288,1.6538190834292612,1.6329724796047966,2554200
2016-05-27,1.6572932004928589,1.6572932004928589,1.6329722761759575,5519600
2016-05-30,1.6572932004928589,1.6677165011066002,1.6329722761759575,3301200
2016-05-31,1.6677166223526,1.674665434709371,1.639921207252761,12715600
2016-06-01,1.6816143989562988,1.6816143989562988,1.6433958447056276,2523200
2016-06-02,1.660767674446106,1.6850884328733982,1.660767674446106,1459600
2016-06-03,1.688563346862793,1.695512160402443,1.6538192791645427,1796400
2016-06-06,1.688563346862793,1.695512160402443,1.6572936030979764,5301400
2016-06-07,1.6989861726760864,1.6989861726760864,1.6850885481461484,5680800
2016-06-08,1.7024606466293335,1.7024606466293333,1.6885630222219716,5610200
2016-06-09,1.6850885152816772,1.6955118163122205,1.6816141920533292,6078800
2016-06-10,1.6850885152816772,1.6885630041827748,1.6816141920533292,3039000
2016-06-13,1.653818964958191,1.6850885371093698,1.6294980393537168,5793200
2016-06-14,1.6746652126312256,1.6746652126312258,1.6329721783467777,7075600
2016-06-15,1.653818964958191,1.6711909126704567,1.650344476012087,4812600
2016-06-16,1.6503444910049438,1.6746654168303658,1.6503444910049438,5224200
2016-06-17,1.6329724788665771,1.6572934062022822,1.6156005299177278,7776800
2016-06-20,1.6503444910049438,1.6572933032875283,1.6294980541571908,4610400
2016-06-21,1.6850885152816772,1.6850885152816772,1.6399211536039062,2522800
2016-06-23,1.6816143989562988,1.6920375355965374,1.653819147018636,3189000
2016-06-24,1.6746652126312256,1.6816140240665116,1.6503442897713587,11743600
2016-06-27,1.6677166223526,1.674665434709371,1.650344508624295,3880600
2016-06-28,1.6677166223526,1.6677166223526,1.643395696267524,11116400
2016-06-29,1.6711909770965576,1.678139789583898,1.6607678412019262,4844000
2016-06-30,1.688563346862793,1.688563346862793,1.6642424166376264,5754200
2016-07-01,1.6920372247695925,1.695511713459922,1.6816140900440817,1736400
2016-07-04,1.6989861726760864,1.7024606616449474,1.68161422485004,6898600
2016-07-05,1.6989861726760864,1.7024606616449474,1.6920373604111174,1452200
2016-07-08,1.7059348821640017,1.7094093709235356,1.6850884466250249,12463800
2016-07-11,1.7059348821640017,1.7059348821640017,1.6989860703176758,3894200
2016-07-12,1.6920372247695925,1.7059348481854326,1.6781396013537515,5014400
2016-07-13,1.6989861726760864,1.7059349849410554,1.6920373604111174,6167200
2016-07-14,1.695468783378601,1.702503916598811,1.6813985169381818,5228000
2016-07-15,1.7095392942428589,1.720091911716546,1.6954690257907226,6949800
2016-07-18,1.7060213088989258,1.7165740920351886,1.7025038263407033,2571600
2016-07-19,1.7200912237167358,1.7200912237167358,1.7025034790517035,4516400
2016-07-20,1.7060213088989258,1.7165740920351886,1.688433560646218,3612000
2016-07-21,1.695468783378601,1.713056532563722,1.691951132903093,3284400
2016-07-22,1.695468783378601,1.6954687833786013,1.6813985169381818,5577600
2016-07-25,1.723609447479248,1.723609447479248,1.7025040462118473,4620400
2016-07-26,1.7095392942428589,1.723609562694995,1.7060216432644095,3041800
2016-07-27,1.713056206703186,1.7165738565095607,1.7060210748212112,5753800
2016-07-28,1.695468783378601,1.7095390498190206,1.6849159996828833,11035400
2016-07-29,1.713056206703186,1.7165738565095607,1.6954684608636368,11007000
2016-08-01,1.713056206703186,1.7165738565095607,1.6954684608636368,5663800
2016-08-02,1.6919512748718262,1.7165743270740417,1.6919512748718262,6683000
2016-08-03,1.695468783378601,1.713056532563722,1.6954687833786013,5377000
2016-08-04,1.7060213088989258,1.709538959187946,1.6989861760516831,1496200
2016-08-05,1.7060213088989258,1.7130564417461684,1.7025038263407033,6921800
2016-08-08,1.723609447479248,1.723609447479248,1.6954689124560471,2074800
2016-08-09,1.7060213088989258,1.720091574593411,1.7060213088989258,5732800
2016-08-10,1.7060213088989258,1.7130564417461684,1.6989861760516831,3820000
2016-08-11,1.6989861726760864,1.7095389557913827,1.6989861726760864,4523000
2016-08-12,1.702503681182861,1.7130562956885955,1.6919508989463434,3803200
2016-08-15,1.7200912237167358,1.7236088732882002,1.7025034790517035,1269800
2016-08-16,1.723609447479248,1.723609447479248,1.7025040462118473,7496600
2016-08-17,1.71657395362854,1.7200914359031494,1.6954685567885317,3163800
2016-08-18,1.7060213088989258,1.7165740920351886,1.6954686934934606,4555000
2016-08-19,1.6989861726760864,1.7165740886246477,1.6954686901248526,3793600
2016-08-22,1.7200912237167358,1.7200912237167358,1.6919506980680734,6791400
2016-08-23,1.713056206703186,1.7165738565095607,1.7025035927456114,6312200
2016-08-24,1.713056206703186,1.7165738565095607,1.7025035927456114,6033000
2016-08-25,1.7060213088989258,1.7236092248824313,1.7025038263407033,5526800
2016-08-26,1.7200912237167358,1.7271263551289011,1.7095386104638692,4858000
2016-08-29,1.7060213088989258,1.720091574593411,1.6954686934934606,5109800
2016-08-30,1.71657395362854,1.7306442181885455,1.7095388213485372,4774000
2016-09-01,1.7095392942428589,1.723609562694995,1.670845972134069,7509800
2016-09-02,1.7060213088989258,1.709538959187946,1.6954686934934606,6171600
2016-09-05,1.702503681182861,1.7236090779251136,1.702503681182861,3858800
2016-09-06,1.7060213088989258,1.709538959187946,1.6989861760516831,5664600
2016-09-07,1.7060213088989258,1.709538959187946,1.6989861760516831,4511400
2016-09-08,1.6989861726760864,1.7165740886246477,1.6989861726760864,5873200
2016-09-09,1.7095392942428589,1.723609562694995,1.6954690257907226,6186400
2016-09-13,1.713056206703186,1.723608988391535,1.7060210748212112,5021000
2016-09-14,1.723609447479248,1.7271269304917385,1.7025040462118473,8542600
2016-09-15,1.723609447479248,1.723609447479248,1.7025040462118473,13967600
2016-09-19,1.6989861726760864,1.7236092214579126,1.6919510398428212,10650800
2016-09-20,1.723609447479248,1.723609447479248,1.6989863954685376,3003400
2016-09-21,1.7095392942428589,1.723609562694995,1.7025041600167907,9792400
2016-09-22,1.713056206703186,1.7200913385851606,1.7060210748212112,6350800
2016-09-23,1.723609447479248,1.723609447479248,1.6989863954685376,4433000
2016-09-26,1.7200912237167358,1.7271263551289011,1.7095386104638692,8220000
2016-09-27,1.702503681182861,1.720091427936013,1.702503681182861,13489000
2016-09-28,1.723609447479248,1.723609447479248,1.7025040462118473,14151400
2016-09-29,1.723609447479248,1.7306445812350482,1.7165743137234477,12559600
2016-09-30,1.723609447479248,1.7271269304917385,1.720091796735938,15372200
2016-10-04,1.7200912237167358,1.730644004700366,1.7130560923045703,9548800
2016-10-05,1.713056206703186,1.723608988391535,1.7025035927456114,10157400
2016-10-06,1.7060213088989258,1.730644357729674,1.7025038263407033,9598000
2016-10-07,1.7060213088989258,1.7165740920351886,1.7025038263407033,6367600
2016-10-10,1.6989861726760864,1.7095389557913827,1.6954686901248526,1076400
2016-10-11,1.7060213088989258,1.709538959187946,1.6989861760516831,4697200
2016-10-12,1.6919512748718262,1.7060215424928575,1.6919512748718262,8129200
2016-10-13,1.6849157810211182,1.709538827961773,1.6813982987329017,6172400
2016-10-14,1.7060213088989258,1.7060213088989258,1.688433560646218,1134800
2016-10-17,1.713056206703186,1.7165738565095607,1.7025035927456114,2784000
2016-10-18,1.7271267175674438,1.7376795007655816,1.6989861860134747,8476000
2016-10-19,1.7306443452835083,1.7341618278164344,1.709538946893563,4920800
2016-10-20,1.7271267175674438,1.7306443678770893,1.7165741021001046,6364600
2016-10-21,1.7341618537902832,1.7341618537902834,1.7236092383026542,11080000
2016-10-24,1.7411969900131226,1.7411969900131226,1.709538975759058,4087000
2016-10-25,1.7306443452835083,1.7376794780801568,1.7236092124868598,6659400
2016-10-26,1.723609447479248,1.7306445812350482,1.7165743137234477,11055600
2016-10-27,1.7411969900131226,1.7411969900131226,1.7165741086744946,5576000
2016-10-28,1.7200912237167358,1.7411966179532326,1.7200912237167358,3392800
2016-10-31,1.7271267175674438,1.7411969833444283,1.7095389692116123,8434200
2016-11-01,1.71657395362854,1.7306442181885455,1.71657395362854,15873800
2016-11-02,1.723609447479248,1.7271269304917385,1.7095391799676476,6434600
2016-11-03,1.702503681182861,1.7236090779251136,1.6954685489354435,7812000
2016-11-04,1.7306443452835083,1.7306443452835083,1.691951031036543,2853400
2016-11-07,1.713056206703186,1.73064412027351,1.7060210748212112,2991200
2016-11-08,1.723609447479248,1.7306445812350482,1.7095391799676476,3181000
2016-11-09,1.7060213088989258,1.7236092248824313,1.6954686934934606,2655000
2016-11-10,1.71657395362854,1.7271265681831522,1.7130563036231463,5886400
2016-11-11,1.7060213088989258,1.7165740920351886,1.6919510432044405,15525800
2016-11-14,1.677880883216858,1.6989862830882312,1.6743634004370331,6585400
2016-11-15,1.6919512748718262,1.70250405945301,1.6638107396297632,3539400
2016-11-16,1.702503681182861,1.7060211634411784,1.6919508989463434,2914800
2016-11-17,1.695468783378601,1.6989862661233028,1.691951132903093,3261600
2016-11-18,1.6884336471557615,1.6989862631019068,1.681398513948063,5139200
2016-11-21,1.6849157810211182,1.691950913328336,1.6778806487139004,5377200
2016-11-22,1.6884336471557615,1.691951129894208,1.681398513948063,11460800
2016-11-23,1.6708455085754397,1.695468555400686,1.663810376301195,4375800
2016-11-24,1.6708455085754397,1.6849157731239277,1.6673278585729252,1581200
2016-11-25,1.6638104915618896,1.6884335400929014,1.6497402260386818,3423600
2016-11-28,1.6602931022644043,1.674363537729862,1.6567756191961565,6089200
2016-11-29,1.6813980340957642,1.6849155158303604,1.656774991030558,11400600
2016-11-30,1.6884336471557615,1.6884336471557615,1.6567754638557144,8071200
2016-12-01,1.6708455085754397,1.698986037672416,1.6673278585729252,4595400
2016-12-02,1.6532578468322754,1.6778808974227546,1.6532578468322754,2738000
2016-12-05,1.6532578468322754,1.68139854796317,1.6532578468322754,13017200
2016-12-06,1.6497400999069214,1.6602927143771238,1.6356698354594632,8958600
2016-12-07,1.6532578468322754,1.656775497372691,1.6462227134822542,6580000
2016-12-08,1.695468783378601,1.6954687833786013,1.6532578163265366,3250600
2016-12-09,1.674363613128662,1.7060216330917837,1.674363613128662,3441200
2016-12-13,1.713056206703186,1.713056206703186,1.6813981970996874,6391000
2016-12-14,1.723609447479248,1.723609447479248,1.7060215292243377,4327200
2016-12-15,1.7060213088989258,1.7271267074406538,1.6919510432044405,3203600
2016-12-16,1.6919512748718262,1.7060215424928575,1.6919512748718262,4093800
2016-12-19,1.695468783378601,1.7060213993435125,1.691951132903093,4071000
2016-12-20,1.6919512748718262,1.7060215424928575,1.6849161410613105,2371800
2016-12-21,1.7060213088989258,1.7060213088989258,1.6919510432044405,8666000
2016-12-22,1.6884336471557615,1.7060213963096056,1.6884336471557615,4619800
2016-12-23,1.6884336471557615,1.6989862631019068,1.6849159966865093,3269200
2016-12-27,1.674363613128662,1.6919513647235451,1.6708459621711875,2590200
2016-12-28,1.6884336471557615,1.6954687803634605,1.6708457302711115,6149000
2016-12-29,1.6813980340957642,1.695468296495665,1.6778803846304098,4002000
2016-12-30,1.6813980340957642,1.695468296495665,1.656774991030558,10707400
2017-01-03,1.7098968029022217,1.7098968029022217,1.6600246924979634,1604600
2017-01-04,1.745519757270813,1.7455197572708132,1.6992100095590483,3416400
2017-01-05,1.7419569492340088,1.756206072633076,1.731270191616183,7311000
2017-01-06,1.7633308172225952,1.7633308172225952,1.7383949336193902,10628600
2017-01-09,1.7633308172225952,1.7633308172225952,1.7526440584963552,9483400
2017-01-10,1.7633308172225952,1.7704553796610778,1.7562062547841129,11102800
2017-01-11,1.7597689628601074,1.770455723662798,1.7562065960172102,20130200
2017-01-12,1.7597689628601074,1.763331159840004,1.7562065960172102,6405400
2017-01-13,1.7597689628601074,1.763331159840004,1.7562065960172102,6478400
2017-01-16,1.738394856452942,1.7597685428196224,1.738394856452942,2928000
2017-01-17,1.7526440620422363,1.759768624495133,1.738394937136443,4792000
2017-01-18,1.7526440620422363,1.759768624495133,1.7490816958843045,8421400
2017-01-19,1.7526440620422363,1.7633308207900975,1.7490816958843045,3588200
2017-01-20,1.7419569492340088,1.756206072633076,1.7419569492340086,4340800
2017-01-23,1.745519757270813,1.766893447784783,1.7312706302614995,5122600
2017-01-24,1.7562061548233032,1.7597685207712632,1.749081592790341,5403000
2017-01-25,1.7562061548233032,1.7562061548233032,1.752643958738301,3916600
2017-01-26,1.7526440620422363,1.756206258337201,1.738394937136443,3672000
2017-01-27,1.745519757270813,1.7597688842801265,1.7419573905869885,2367400
2017-01-31,1.7134591341018677,1.7490819515738725,1.7134591341018677,5183000
2017-02-02,1.738394856452942,1.749081614704802,1.7170211700862614,8073200
2017-02-03,1.7633308172225952,1.7704553796610778,1.7383949336193902,7612800
2017-02-06,1.7597689628601074,1.7668935266829011,1.7562065960172102,11679200
2017-02-07,1.7562061548233032,1.7633307168562655,1.749081592790341,4619000
2017-02-08,1.7562061548233032,1.7597685207712632,1.7455193967053386,16260400
2017-02-10,1.7597689628601074,1.770455723662798,1.7562065960172102,14426800
2017-02-13,1.7633308172225952,1.7704553796610778,1.7526440584963552,22118800
2017-02-14,1.7633308172225952,1.76689318337332,1.7562062547841129,23251600
2017-02-15,1.7668932676315308,1.7740178304097636,1.7633309013109264,11882400
2017-02-16,1.7668932676315308,1.7704554640891594,1.7633309013109264,17713600
2017-02-17,1.7704555988311768,1.7740179654228978,1.7668934021024438,14337400
2017-02-20,1.7668932676315308,1.7704554640891594,1.7526441420750647,5640200
2017-02-21,1.7668932676315308,1.7704554640891594,1.7668932676315308,4908400
2017-02-22,1.745519757270813,1.766893447784783,1.7455197572708132,6409400
2017-02-23,1.7419569492340088,1.756206072633076,1.7348323875344749,9407800
2017-02-24,1.7419569492340088,1.752643876714784,1.7277078258349412,5535400
2017-02-27,1.727708101272583,1.741957226943299,1.7098967791156765,14441400
2017-02-28,1.74908185005188,1.74908185005188,1.7277081608092704,13006400
2017-03-01,1.7633308172225952,1.7704553796610778,1.7455194960578728,6899800
2017-03-02,1.7704555988311768,1.7775801621516305,1.75976883878199,9688800
2017-03-03,1.745519757270813,1.77401801128944,1.7455197572708132,2675000
2017-03-06,1.7811421155929563,1.784704481358358,1.7383947455858333,5974800
2017-03-07,1.7918293476104736,1.8025161069973696,1.7775800519896492,10187800
2017-03-08,1.7882667779922483,1.798953706027489,1.784704581889141,7518800
2017-03-09,1.774017572402954,1.8060781851737089,1.774017572402954,8883400
2017-03-10,1.7811421155929563,1.7953912389286644,1.7740175539251026,14914200
2017-03-13,1.7775799036026,1.791829198033936,1.763330779034228,2667000
2017-03-14,1.7775799036026,1.791829198033936,1.7562062167500416,18802000
2017-03-15,1.7811421155929563,1.784704481358358,1.759768430589395,7980200
2017-03-16,1.8274518251419067,1.8417009482731423,1.7882666515995356,38256200
2017-03-17,1.831014394760132,1.8523880838200188,1.8238898317401693,32589200
2017-03-20,1.831014394760132,1.848825887241528,1.8238898317401693,4968000
2017-03-21,1.8238896131515503,1.848825665664385,1.816765050985449,14472400
2017-03-22,1.8345767259597776,1.8345767259597776,1.8132030373104748,20584000
2017-03-23,1.8701993227005005,1.891573008862094,1.820327388323449,53518000
2017-03-24,1.884448766708374,1.884448766708374,1.85238814709196,37130800
2017-03-27,1.8488258123397827,1.8844486259964024,1.8452634460426336,9381000
2017-03-28,1.8701993227005005,1.8773238847543647,1.848825636538907,6041000
2017-03-29,1.898697853088379,1.898697853088379,1.8630750375250196,39956600
2017-03-30,1.891573190689087,1.89513555698993,1.884448627950376,13284200
2017-03-31,1.8452632427215576,1.8951353462086211,1.8381386807752564,13110800
2017-04-03,1.866637110710144,1.8915731648869796,1.8167651722194456,9606600
2017-04-04,1.8452632427215576,1.866636928560461,1.8345764847335837,15571400
2017-04-05,1.8523880243301392,1.8666371499124497,1.841701265074894,17213400
2017-04-06,1.8417011499404907,1.8630748369777752,1.834576587594729,5484600
2017-04-07,1.8345767259597776,1.8417012888428788,1.8238897967036372,21501800
2017-04-10,1.8523880243301392,1.8666371499124497,1.8274521394925836,14800200
2017-04-11,1.8345767259597776,1.8523880482360413,1.8310143595867383,5060800
2017-04-12,1.8238896131515503,1.8345765413321828,1.816765050985449,11752000
2017-04-13,1.816765308380127,1.8238898715556184,1.8060785485483823,6065000
2017-04-14,1.816765308380127,1.8274522380748563,1.8060785485483823,3098600
2017-04-17,1.816765308380127,1.820327674899365,1.8060785485483823,5526200
2017-04-18,1.8523880243301392,1.8523880243301392,1.8167652103743623,19493200
2017-04-19,1.831014394760132,1.848825887241528,1.8274521981816407,2730600
2017-04-20,1.816765308380127,1.8238898715556184,1.816765308380127,6106800
2017-04-21,1.8274518251419067,1.8345763867075249,1.8167648978620068,9181400
2017-04-25,1.8488258123397827,1.8559503750711064,1.827452124145811,18100400
2017-04-26,1.863074898719788,1.8773240238835245,1.8452634073336311,24018800
2017-04-27,1.863074898719788,1.8666370950792364,1.8452634073336311,15257400
2017-04-28,1.8773239850997925,1.884448547534474,1.848825735361065,23611200
2017-05-02,1.891573190689087,1.9022601197286413,1.870199502472953,16636600
2017-05-03,1.9022605419158936,1.9022605419158936,1.8880114132760228,23436800
2017-05-04,1.880886197090149,1.898697516785544,1.8666369035256984,21319400
2017-05-05,1.8773239850997925,1.880886351248617,1.8701994226651104,8576600
2017-05-08,1.9058221578598025,1.905822157859802,1.8737617131301825,10505200
2017-05-09,1.898697853088379,1.9093847826888783,1.8880110933508627,6829000
2017-05-11,1.9058221578598025,1.9093845238647376,1.895135399570916,13833800
2017-05-12,1.923633813858032,1.923633813858032,1.9022601255761955,10106000
2017-05-15,1.930757999420166,1.930757999420166,1.8666367772385888,7682600
2017-05-16,1.945007801055908,1.95213236491145,1.9307586733448248,27494600
2017-05-17,1.9414448738098145,1.9450072396408296,1.9307581160426728,14815400
2017-05-18,1.912946939468384,1.9343206283612009,1.8951356169891933,11791000
2017-05-19,1.923633813858032,1.9271960103068508,1.9129468847856264,16960000
2017-05-22,1.923633813858032,1.9343205730674635,1.9129468847856264,7190400
2017-05-23,1.9058221578598025,1.92363364815856,1.9022599617178269,14032400
2017-05-24,1.9093847274780276,1.92007148690653,1.8951356016647043,7004400
2017-05-25,1.9093847274780276,1.9165092903846888,1.9058223610932072,10210800
2017-05-26,1.912946939468384,1.912946939468384,1.9022601799534653,5388400
2017-05-29,1.898697853088379,1.9129469793137224,1.8951356564635349,15330800
2017-05-31,1.9022605419158936,1.9022605419158936,1.8808868489560877,14224600
2017-06-01,1.8880109786987305,1.8951355413787532,1.8701994870671872,7772600
2017-06-02,1.923633813858032,1.923633813858032,1.8808864372943588,9455200
2017-06-05,1.9271959066390991,1.9343204690164668,1.905822219506996,8574000
2017-06-06,1.9058221578598025,1.9271958443005357,1.898697595712891,3211800
2017-06-07,1.9022605419158936,1.9058227391443552,1.877324481864613,5886200
2017-06-08,1.9058221578598025,1.916509086011649,1.8880108374240048,8137800
2017-06-09,1.923633813858032,1.9307583766186445,1.9022601255761955,12696600
2017-06-13,1.9165093898773196,1.930758516430364,1.9058224600310425,6839800
2017-06-14,1.9200714826583865,1.9307584119262229,1.9058223568765893,13778600
2017-06-15,1.9200714826583865,1.9236338490353244,1.912946919767488,12874800
2017-06-16,1.912946939468384,1.920071502432656,1.905822376504112,16669600
2017-06-19,1.9058221578598025,1.9093845238647376,1.895135399570916,7534800
2017-06-20,1.9271959066390991,1.9271959066390991,1.905822219506996,26666800
2017-06-21,1.923633813858032,1.9307583766186445,1.9129468847856264,19359400
2017-06-22,1.9414448738098145,1.9414448738098145,1.923633554243595,18882600
2017-06-23,1.9414448738098145,1.9414448738098145,1.9343203120107364,3003600
2017-06-28,1.9521318674087524,1.966380991488433,1.9450073053689123,16995000
2017-06-29,1.9592567682266235,1.966381331498383,1.9556944016592503,6975000
2017-06-30,1.9592567682266235,1.959256768226624,1.9521322049548648,6294600
2017-07-03,1.948569774627685,1.9592567041171276,1.9343206485504176,5919400
2017-07-04,1.948569774627685,1.9521321410784933,1.941445211589052,5830600
2017-07-05,1.948569774627685,1.9521321410784933,1.9450075780398597,10415800
2017-07-06,1.9378833770751955,1.9521325058147692,1.9271964455890085,2432600
2017-07-07,1.9343204498291016,1.9414450121357976,1.9236336913005396,12360800
2017-07-10,1.930757999420166,1.941444756541801,1.9236334380514288,3236600
2017-07-11,1.9414448738098145,1.9414448738098145,1.92007118841258,14493000
2017-07-12,1.9486489295959477,1.959454822087545,1.9270373163665864,8251400
2017-07-13,1.9450469017028809,1.94864875103414,1.9378430312865444,7940800
2017-07-14,1.9414451122283936,1.9450471337431852,1.9342412409526493,5639200
2017-07-17,1.9378430843353271,1.945046954948871,1.92343534310824,8650600
2017-07-18,1.930639386177063,1.93424123592866,1.927037364671627,8289400
2017-07-19,1.916231632232666,1.9306393746607895,1.909027761018604,7289800
2017-07-20,1.8874162435531616,1.9162319042538107,1.8838143933117444,13216400
2017-07-21,1.894619822502136,1.898221671859466,1.858600298405919,14027600
2017-07-24,1.9270373582839968,1.9270373582839968,1.8946200236117223,11687400
2017-07-25,1.9234355688095093,1.9342412901208863,1.9162316973506432,13649000
2017-07-26,1.9378430843353271,1.9558526749922749,1.9090276018811525,17569000
2017-07-27,1.9378430843353271,1.945046954948871,1.934241063151644,13315600
2017-07-28,1.9378430843353271,1.945046954948871,1.9270371925381,9891600
2017-07-31,1.909027338027954,1.9378428164994432,1.909027338027954,23556600
2017-08-01,1.9378430843353271,1.9414449337651876,1.9126294513110125,6753400
2017-08-02,1.9450469017028809,1.9450469017028809,1.9342410102014669,8548600
2017-08-03,1.9378430843353271,1.945046954948871,1.9270371925381,9693200
2017-08-04,1.9486489295959477,1.9522509510110917,1.9378432088581845,8917000
2017-08-07,1.9450469017028809,1.9522507721192173,1.9414448806178035,2958000
2017-08-08,1.9522509574890137,1.955852807162275,1.9486489360619172,26672000
2017-08-09,1.9522509574890137,1.955852807162275,1.9450470863886564,8817400
2017-08-10,1.9558526277542116,1.9594546488508984,1.941444886875102,9279200
2017-08-11,1.9450469017028809,1.959454642535554,1.9270371397851305,20243200
2017-08-14,1.9450469017028809,1.9522507721192173,1.930639160870208,6614200
2017-08-15,1.9486489295959477,1.9522509510110917,1.9450470799346375,12760400
2017-08-16,1.9522509574890137,1.955852807162275,1.9450470863886564,3169000
2017-08-17,1.9558526277542116,1.9630564981937664,1.945046907971789,15050400
2017-08-18,1.9558526277542116,1.9594546488508984,1.945046907971789,7622400
2017-08-21,1.9522509574890137,1.959454828589371,1.9486489360619172,1342800
2017-08-22,1.9522509574890137,1.955852807162275,1.9450470863886564,16658600
2017-08-23,1.9486489295959477,1.9522509510110917,1.9450470799346375,11718600
2017-08-24,1.9486489295959477,1.955852800672401,1.9414450585194936,3997800
2017-08-25,1.9450469017028809,1.9450469017028809,1.930639160870208,12024000
2017-08-28,1.9414451122283936,1.9450471337431852,1.9270373696769048,6870200
2017-08-29,1.9414451122283936,1.9414451122283936,1.916231648640208,15395400
2017-08-30,1.9234355688095093,1.9450471831861076,1.9162316973506432,23263400
2017-09-05,1.9234355688095093,1.9378433117272411,1.8982219328265564,13343600
2017-09-06,1.9234355688095093,1.9234355688095093,1.9090278258917768,10800400
2017-09-07,1.9450469017028809,1.9450469017028809,1.912629398952457,6918800
2017-09-08,1.9198335409164429,1.945047176816831,1.9162316910757264,8854200
2017-09-11,1.9450469017028809,1.9450469017028809,1.9162314200375343,7988000
2017-09-12,1.9342411756515503,1.9450470680772731,1.923435454979661,5117800
2017-09-13,1.930639386177063,1.93424123592866,1.9198334934145944,4593400
2017-09-14,1.9342411756515503,1.937843197044736,1.9198334335864755,5781400
2017-09-15,1.9378430843353271,1.9378430843353271,1.9270371925381,11129400
2017-09-18,1.9342411756515503,1.937843197044736,1.9306393260121983,4885600
2017-09-19,1.9342411756515503,1.9342411756515503,1.923435454979661,2573800
2017-09-20,1.930639386177063,1.93424123592866,1.9126296221575607,4630200
2017-09-21,1.930639386177063,1.93424123592866,1.92343551492003,4533400
2017-09-25,1.905426025390625,1.9306396642993628,1.901824175120156,13348400
2017-09-26,1.905426025390625,1.9162319197097597,1.887416258776689,13887800
2017-09-27,1.905426025390625,1.9126298976854268,1.887416258776689,7109600
2017-09-28,1.905426025390625,1.9162319197097597,1.901824175120156,20942600
2017-09-29,1.901823878288269,1.9270373415078892,1.9018238782882688,13137400
2017-10-02,1.9126293659210205,1.9162313869438905,1.9018236463600413,8021000
2017-10-03,1.905426025390625,1.9198337699802288,1.901824175120156,30167400
2017-10-04,1.8910181522369385,1.90902791762645,1.8910181522369385,13561200
2017-10-05,1.8910181522369385,1.90902791762645,1.883814280431904,11769800
2017-10-06,1.901823878288269,1.9018238782882688,1.8730082218526736,8344800
2017-10-09,1.905426025390625,1.9090280474149577,1.901824175120156,15610200
2017-10-10,1.901823878288269,1.909027749458709,1.9018238782882688,13391000
2017-10-11,1.898221492767334,1.905425362556148,1.894619643749829,19155600
2017-10-12,1.8838140964508057,1.9054257097552287,1.869406354247857,16026200
2017-10-13,1.8658043146133425,1.8946199704918865,1.8586004435821648,18623000
2017-10-16,1.8658043146133425,1.8910179490993808,1.8586004435821648,16336400
2017-10-17,1.8658043146133425,1.8946199704918865,1.8549985939434923,25594400
2017-10-19,1.847794771194458,1.8766102560721056,1.8441927497078328,19483800
2017-10-20,1.847794771194458,1.858600492146657,1.8441927497078328,7751000
2017-10-23,1.8369888067245483,1.862202440884412,1.8333869571324712,3404600
2017-10-24,1.804571390151977,1.8513964632123487,1.804571390151977,14999000
2017-10-25,1.8766101598739624,1.8802120094221129,1.8153771717709464,13369400
2017-10-26,1.858600616455078,1.8838142532862976,1.847794894780162,7261000
2017-10-27,1.8730080127716064,1.8766100338316565,1.854998422732809,11750600
2017-10-30,1.894619822502136,1.9090275634390956,1.8730080393428776,14135600
2017-10-31,1.8910181522369385,1.905425895847007,1.880212258652461,14712600
2017-11-01,1.858600616455078,1.8946201467150627,1.851396744753851,12634400
2017-11-02,1.840590596199036,1.869406076320899,1.8405905961990356,7032400
2017-11-03,1.829785108566284,1.847794873488757,1.808173493711625,15150000
2017-11-06,1.826182842254639,1.8441924313169815,1.822580821389885,2688000
2017-11-07,1.7325327396392822,1.829785091452586,1.7037172534359102,75607400
2017-11-08,1.7289308309555054,1.746940423343347,1.7289308309555054,40183400
2017-11-09,1.7325327396392822,1.7469404827409682,1.7325327396392822,14791200
2017-11-10,1.7289308309555054,1.73613470226141,1.7253288094256332,9679200
2017-11-13,1.725328803062439,1.732532674341775,1.7145230820203547,7938400
2017-11-14,1.725328803062439,1.7361346958583626,1.718124931783103,11799000
2017-11-15,1.7181249856948853,1.7325327287056471,1.7181249856948853,9234800
2017-11-16,1.707318663597107,1.7289304444371476,1.7001147939016938,10805600
2017-11-17,1.7181249856948853,1.7181249856948853,1.7037172426841232,11830800
2017-11-20,1.6929113864898682,1.725328894848382,1.6785036431647171,14399400
2017-11-21,1.6496880054473877,1.7217268872301676,1.6496880054473877,21674400
2017-11-22,1.6604938507080078,1.667697721506475,1.6532899799095409,13995800
2017-11-23,1.6785036325454712,1.6965133974648932,1.667697910996896,13849400
2017-11-24,1.6857072114944458,1.6857072114944458,1.671299470761881,7778000
2017-11-27,1.6929113864898682,1.7217270448940185,1.6857075148272929,2285000
2017-11-28,1.6640959978103638,1.7073192303305105,1.6496882536369817,13304600
2017-11-29,1.707318663597107,1.7181245540171273,1.6712993151200417,18691200
2017-11-30,1.7613478899002075,1.7613478899002073,1.7109207986622814,12049800
2017-12-04,1.7109209299087524,1.7649500462566363,1.696513188449827,13084200
2017-12-05,1.6857072114944458,1.7109208436533432,1.6676976214556485,11839200
2017-12-06,1.6929113864898682,1.7001152581524437,1.6785036431647171,3196200
2017-12-07,1.6749017238616943,1.6929113163955287,1.6676978524973924,11615000
2017-12-08,1.7109209299087524,1.7361345633387852,1.6749015762614388,3872400
2017-12-11,1.7289308309555054,1.7433385735673146,1.710921066813824,8640600
2017-12-12,1.7649502754211426,1.7649502754211426,1.732532767052496,5306000
2017-12-13,1.6965134143829346,1.7613482595824772,1.692911392661591,16916200
2017-12-14,1.7109209299087524,1.714522951150397,1.7001150379376453,9857000
2017-12-15,1.7109209299087524,1.7217268218798596,1.68570729647872,8845800
2017-12-18,1.739736557006836,1.7541442996597991,1.7289308358940334,5111200
2017-12-19,1.7469404935836792,1.7541443651792343,1.7361347720672695,6765200
2017-12-20,1.7649502754211426,1.7649502754211426,1.7469405103821505,4000600
2017-12-21,1.7613478899002075,1.7793576512192302,1.750542170511844,6522400
2017-12-22,1.7973675727844238,1.7973675727844238,1.761348215246891,4410800
2017-12-26,1.7829599380493164,1.793765831843745,1.761348322214314,4384800
2017-12-27,1.7829599380493164,1.7865619598987443,1.772154216008743,3693800
2017-12-28,1.7829599380493164,1.7901638099943171,1.768552194159315,6672000
2017-12-29,1.7865620851516724,1.7937659576017246,1.7721543402515674,6495000
2018-01-02,1.7649502754211426,1.7937657620804512,1.7577464037563155,8488800
2018-01-03,1.8014159202575684,1.8087090950811613,1.768596546609897,6023800
2018-01-04,1.8087091445922847,1.819648820185633,1.7977692951159288,6697400
2018-01-05,1.8050627708435056,1.808709445904125,1.7831832421289042,7515600
2018-01-08,1.816002368927002,1.8415285691429624,1.797769343932314,11878400
2018-01-09,1.82329535484314,1.8305885293071924,1.808709005915034,11004600
2018-01-10,1.8451749086380005,1.856114757455832,1.8196487106517265,12596400
2018-01-11,1.86705482006073,1.8779946711500812,1.826942438460188,13557400
2018-01-12,1.881640911102295,1.8816409111022947,1.845175035670663,17890000
2018-01-15,1.8451749086380005,1.8925806303769384,1.8451749086380005,5131200
2018-01-16,1.8524683713912964,1.8597615471100408,1.826942343317204,5707200
2018-01-17,1.859761476516724,1.877994502063003,1.834235449411555,7505800
2018-01-18,1.8488216400146484,1.859761315287603,1.8415284652050108,8420600
2018-01-19,1.859761476516724,1.87434782740054,1.834235449411555,10215600
2018-01-22,1.881640911102295,1.8852875855869629,1.8561148852416576,12883000
2018-01-23,1.918107032775879,1.9363398842380088,1.8925808320692776,24570200
2018-01-24,1.896227598190308,1.9217538024693648,1.8925810969407515,16774200
2018-01-25,1.9144607782363887,1.9144607782363887,1.888934571928671,9482600
2018-01-26,1.9071674346923828,1.9144606110171265,1.888934406939004,3836600
2018-01-29,1.896227598190308,1.907167449705058,1.8816412454260008,2165800
2018-01-30,1.86705482006073,1.896227524454955,1.8634083189529689,3817000
2018-02-02,1.874347686767578,1.8925807109458272,1.848821661577636,13417600
2018-02-05,1.816002368927002,1.8597614202546373,1.8014160184844568,8175600
2018-02-06,1.772243618965149,1.790476473177277,1.7649504425036893,26991800
2018-02-07,1.8050627708435056,1.8269424734411448,1.7795367409513223,9364200
2018-02-08,1.786829710006714,1.8196489123317128,1.786829710006714,5911800
2018-02-09,1.7685967683792114,1.7758899441173166,1.7576570917135668,16701800
2018-02-12,1.7685967683792114,1.7831831198554216,1.7685967683792114,4583200
2018-02-13,1.8196487426757808,1.8269420912713563,1.7795363686981234,4383600
2018-02-14,1.812355637550354,1.830588661973365,1.8014159620029535,4086800
2018-02-15,1.816002368927002,1.8232955441482743,1.8087091937057291,2356200
2018-02-19,1.8451749086380005,1.8670544323906648,1.8305885594695577,4824400
2018-02-20,1.841528296470642,1.8561146447534087,1.8305884483170736,7447200
2018-02-21,1.8451749086380005,1.8524680832222216,1.8269420591189456,11297400
2018-02-22,1.8451749086380005,1.8597612578064435,1.8342352337031675,7790600
2018-02-23,1.8451749086380005,1.8597612578064435,1.8415284082873888,5814400
2018-02-26,1.816002368927002,1.852468245033365,1.816002368927002,2491400
2018-02-27,1.82329535484314,1.8378817037712447,1.816002180379087,6677000
2018-02-28,1.8087091445922847,1.830588669661989,1.8087091445922847,7926800
2018-03-01,1.8050627708435056,1.8269424734411448,1.7868299171895232,6971400
2018-03-02,1.8014159202575684,1.8415284687288327,1.7904760710806766,3937600
2018-03-05,1.859761476516724,1.859761476516724,1.7904762228770883,4366200
2018-03-06,1.8524683713912964,1.867054722828785,1.8305888442350635,9444600
2018-03-07,1.8451749086380005,1.8524680832222216,1.8269420591189456,12924800
2018-03-08,1.812355637550354,1.84517501195857,1.8087091369955564,4828600
2018-03-09,1.8050627708435056,1.8196491233199072,1.8050627708435056,2563400
2018-03-12,1.841528296470642,1.84517479659984,1.808708925892924,14472000
2018-03-13,1.82329535484314,1.8305885293071924,1.816002180379087,6388000
2018-03-14,1.82329535484314,1.8305885293071924,1.812355506205563,3749400
2018-03-15,1.82329535484314,1.8305885293071924,1.812355506205563,9233200
2018-03-16,1.8378818035125728,1.8670545029519785,1.8196487794214429,24363800
2018-03-19,1.841528296470642,1.8524679707412235,1.8232952741756905,11650400
2018-03-20,1.841528296470642,1.84517479659984,1.8232952741756905,10691800
2018-03-21,1.8524683713912964,1.8524683713912964,1.8415286947546925,7306200
2018-03-22,1.859761476516724,1.863408151179187,1.848821800295371,7552200
2018-03-23,1.86705482006073,1.86705482006073,1.826942438460188,4885400
2018-03-26,1.863408088684082,1.8670545893412305,1.834235387894846,7018000
2018-03-27,1.874347686767578,1.8779943611564305,1.8524681620834824,10209200
2018-03-28,1.859761476516724,1.87434782740054,1.8561149757372788,8793200
2018-03-29,1.877994537353516,1.8962273893594008,1.8524683358856504,15238200
2018-03-30,1.888934135437012,1.8998739852932307,1.870701284187333,9278000
2018-04-02,1.8852877616882324,1.903520614165641,1.8816410868629352,8364600
2018-04-03,1.877994537353516,1.8925808885114324,1.8670546870435671,8782000
2018-04-04,1.7685967683792114,1.8779945783338128,1.7685967683792114,11341600
2018-04-05,1.812355637550354,1.8232954869807616,1.783182937579943,12023400
2018-04-06,1.8561148643493648,1.8561148643493648,1.8305886648930392,19206800
2018-04-09,1.86705482006073,1.8743479961592864,1.8524684678636176,14175200
2018-04-10,1.87070107460022,1.87070107460022,1.8597612259696648,8236000
2018-04-11,1.877994537353516,1.881641038201484,1.8670546870435671,13094000
2018-04-12,1.8852877616882324,1.888934262630504,1.8670547353277984,9626600
2018-04-13,1.86705482006073,1.9108138766520677,1.86705482006073,18412600
2018-04-16,1.86705482006073,1.8889343483563987,1.8597616439621736,13730200
2018-04-17,1.859761476516724,1.877994502063003,1.8415286248534628,10813000
2018-04-18,1.87070107460022,1.8779942490595916,1.8597612259696648,6743200
2018-04-19,1.8852877616882324,1.8852877616882324,1.84882188285039,9897600
2018-04-20,1.863408088684082,1.8962272901304664,1.8451750637493032,7221800
2018-04-23,1.841528296470642,1.8743474931653727,1.841528296470642,1243000
2018-04-24,1.8378818035125728,1.852468153232276,1.8269421281642984,6510600
2018-04-25,1.8524683713912964,1.8524683713912964,1.826942343317204,5447000
2018-04-26,1.86705482006073,1.8743479961592864,1.8415287906573004,16812200
2018-04-27,1.87070107460022,1.8779942490595916,1.8597612259696648,4912000
2018-04-30,1.874347686767578,1.8962272114516736,1.8561148364723343,8306200
2018-05-02,1.863408088684082,1.881640939735848,1.8451750637493032,8409000
2018-05-03,1.859761476516724,1.877994502063003,1.852468301074816,11243800
2018-05-04,1.8561148643493648,1.8670545399142136,1.845175014901509,9236000
2018-05-07,1.8488216400146484,1.859761315287603,1.826942115585736,5315000
2018-05-08,1.859761476516724,1.867054651958632,1.830588774749092,13784600
2018-05-14,1.535214900970459,1.670138732923127,1.498749023940416,124660200
2018-05-15,1.6409660577774048,1.684725110919544,1.5279217502187017,87350000
2018-05-16,1.6409660577774048,1.6482592333010946,1.5972070046352655,42334400
2018-05-17,1.5789737701416016,1.6555521899580623,1.5789737701416016,60215000
2018-05-18,1.4914559125900269,1.6008535483786073,1.4476967713330822,53977200
2018-05-21,1.4951022863388062,1.502395461437707,1.447696648195949,19008800
2018-05-22,1.5570943355560305,1.575327359939577,1.5023954362883978,26579600
2018-05-23,1.5461546182632446,1.5716808198047405,1.5206285906047712,21380000
2018-05-24,1.531568169593811,1.5534478688843898,1.495102293914532,9732600
2018-05-25,1.535214900970459,1.5498012517824762,1.498749023940416,5510000
2018-05-28,1.5060423612594604,1.542508242209912,1.502395686222897,2648400
2018-06-01,1.2580740451812744,1.2726603968102608,1.2143149033528011,18620000
2018-06-04,1.2945398092269895,1.3164193347263573,1.2580739333947106,14557000
2018-06-05,1.320066213607788,1.3273594773251498,1.298186683280278,32768600
2018-06-06,1.2945398092269895,1.3310057720007749,1.2945398092269895,21586400
2018-06-07,1.3237124681472778,1.3638249276631813,1.3054794450621878,10485000
2018-06-08,1.290893316268921,1.35653198451998,1.290893316268921,10393800
2018-06-11,1.2398409843444824,1.3091261478036142,1.2398409843444824,11695400
2018-06-12,1.2872469425201416,1.3164196501765442,1.2398412925784874,9469600
2018-06-13,1.305479645729065,1.3200659968860249,1.287246706782865,17257200
2018-06-14,1.2763068675994873,1.3054795681804796,1.2544273421637433,22368200
2018-06-18,1.2580740451812744,1.279953572624754,1.2216080791672943,11826800
2018-06-19,1.2033751010894775,1.261720592678253,1.2033751010894775,11895000
2018-06-20,1.1960819959640503,1.239841138968652,1.1960819959640503,13558800
2018-06-21,1.1742024421691897,1.2143149093469054,1.1669092663186955,8807800
2018-06-22,1.188788652420044,1.2252545273335562,1.1632625399805856,20050200
2018-06-25,1.1632624864578247,1.2033749470170774,1.1596158991342562,13673600
2018-06-26,1.1632624864578247,1.181495423075667,1.1450295498399825,6334400
2018-06-27,1.1742024421691897,1.18514220594493,1.1632626783934488,13607400
2018-06-28,1.1778488159179688,1.1960817522287812,1.1742022286558065,12188400
2018-06-29,1.1924352645874023,1.2033750272878412,1.1778489143201507,9610600
2018-07-02,1.1814955472946167,1.2106682489502958,1.177848959587657,2567800
2018-07-03,1.1814955472946167,1.1960818981224564,1.1669091964667773,4438800
2018-07-04,1.2544273138046265,1.2544273138046265,1.174202302079057,10418000
2018-07-05,1.2653672695159912,1.2799536217042882,1.2179615379625095,10879000
2018-07-06,1.22160804271698,1.276306946635088,1.22160804271698,14777400
2018-07-09,1.2143148183822632,1.2289011689905835,1.1924352924697827,13147200
2018-07-10,1.2106682062149048,1.2325478186258445,1.2033750310584268,7565400
2018-07-11,1.170555591583252,1.210668049760143,1.1632624173692718,23319600
2018-07-12,1.2560251951217651,1.278321478342286,1.1668399736421275,23436000
2018-07-13,1.293185472488403,1.2969015191324345,1.2374446842303957,13639000
2018-07-16,1.3080496788024902,1.3080496788024902,1.2634571184012322,8791200
2018-07-17,1.3117656707763672,1.32662985695666,1.3006175311411476,17585600
2018-07-18,1.330345869064331,1.330345869064331,1.2894693581266574,26502600
2018-07-19,1.3935188055038452,1.4418274999547975,1.3117656916159148,35813800
2018-07-20,1.3675063848495483,1.397234755629691,1.3526421994594773,15126600
2018-07-23,1.449259638786316,1.4938521994394125,1.367506522324763,31618800
2018-07-24,1.430679202079773,1.5012841727272257,1.430679202079773,27157600
2018-07-25,1.4604076147079468,1.4752717999206433,1.441827383192076,18664200
2018-07-26,1.449259638786316,1.478988012555047,1.4381114100254997,9929200
2018-07-27,1.4566915035247805,1.4641235958001086,1.441827318974124,10872400
2018-07-30,1.4566915035247805,1.4715556880754368,1.449259411249452,9367000
2018-07-31,1.438111424446106,1.4715559338688342,1.438111424446106,31246200
2018-08-01,1.4418272972106934,1.452975435455412,1.4306790703684478,11684600
2018-08-02,1.4418272972106934,1.452975435455412,1.4343951164500206,9046800
2018-08-06,1.3823705911636353,1.4343952408163465,1.36379035914481,30726800
2018-08-07,1.3972349166870115,1.4083830570145957,1.3675065424801212,14077600
2018-08-08,1.430679202079773,1.4381112949271326,1.3972347842666544,10959200
2018-08-09,1.3786544799804688,1.4343951734178342,1.3786544799804688,9105600
2018-08-10,1.3712223768234253,1.408382838825064,1.3712223768234253,11460000
2018-08-13,1.356358289718628,1.3860866614612162,1.3526422432508045,12260600
2018-08-14,1.334062099456787,1.371222657666901,1.3117658176892475,15193000
2018-08-15,1.348926067352295,1.348926067352295,1.3303457481984395,3836600
2018-08-16,1.348926067352295,1.3637902517973568,1.334061794309705,4272400
2018-08-17,1.3675063848495483,1.3675063848495483,1.3489261531119594,6036600
2018-08-20,1.3637903928756714,1.3712224858670208,1.3600743463799967,2600200
2018-08-21,1.408382773399353,1.408382773399353,1.3563581290138371,6593000
2018-08-23,1.408382773399353,1.408382773399353,1.3749383591515214,6369400
2018-08-24,1.400950908660889,1.4046669552913869,1.3823706755083982,3321400
2018-08-27,1.430679202079773,1.430679202079773,1.3860866449956148,5140400
2018-08-28,1.3935188055038452,1.430679271544932,1.3786546190874105,5748800
2018-08-29,1.3786544799804688,1.4083828498137303,1.3600742488346802,6195800
2018-08-30,1.3749383687973022,1.3786544148509088,1.3637902306364826,6460000
2018-09-03,1.3749383687973022,1.3749383687973022,1.3414938657173172,3630200
2018-09-04,1.356358289718628,1.3749385220577457,1.345210061717621,8392200
2018-09-05,1.3266295194625854,1.3749382008563638,1.3266295194625854,15374800
2018-09-06,1.3154819011688232,1.3414942306197322,1.3117658541044075,7674600
2018-09-07,1.356358289718628,1.371222475589922,1.315481689975033,9376800
2018-09-12,1.26345694065094,1.3675063222131598,1.2262963902803068,20422000
2018-09-13,1.2671730518341064,1.2820372373058793,1.2411606386609702,9245600
2018-09-14,1.270889401435852,1.2820375431996247,1.2597412596720794,6165200
2018-09-18,1.270889401435852,1.296901732217988,1.2560252124174884,6567400
2018-09-19,1.270889401435852,1.2820375431996247,1.2634573069266704,5963400
2018-09-20,1.2523086071014404,1.2746049708681075,1.244876515378392,16744200
2018-09-21,1.2262965440750122,1.2671731457494522,1.2225804974316576,16939000
2018-09-24,1.1817039251327517,1.2337285755324587,1.1817039251327517,14930000
2018-09-25,1.1519755125045776,1.1965681604311793,1.1519755125045776,13444400
2018-09-26,1.1482594013214111,1.1854199539367771,1.1408273085178449,21707600
2018-09-27,1.1965680122375488,1.2114321968396566,1.1519753698336967,31607200
2018-09-28,1.248592734336853,1.2560249156877736,1.2002841314398418,14149600
2018-10-01,1.2188643217086792,1.2300124604581375,1.1928519979599432,11012000
2018-10-02,1.237444519996643,1.248592658449155,1.2188642892424577,9488400
2018-10-03,1.237444519996643,1.2448766122983177,1.2300124276949689,2814800
2018-10-04,1.2188643217086792,1.2448766454574154,1.2114322292090405,13651400
2018-10-05,1.192852020263672,1.2188643444987817,1.192852020263672,7752000
2018-10-08,0.9030003547668456,0.9773213872978406,0.8621237470058994,185408400
2018-10-09,0.8844199180603027,0.9290124742998808,0.8769877367561728,131516200
2018-10-10,0.7692223191261292,0.9215803998196526,0.7543581334189631,306433000
2018-10-11,0.8546913266181946,0.8881358272294738,0.743209864641477,210113000
2018-10-12,0.8732717037200928,0.8955680707774306,0.8621235644901913,109487800
2018-10-15,0.8992840647697449,0.9141482495432068,0.8658395604319258,84856000
2018-10-16,0.9030003547668456,0.9104324491601898,0.8955682603735017,27343800
2018-10-17,0.8992840647697449,0.9178642957365724,0.8955680185763795,24730600
2018-10-18,0.8992840647697449,0.906716157156476,0.8621235142385603,33678000
2018-10-19,0.8881359696388245,0.8992841087643075,0.8769877419158072,32545200
2018-10-22,0.8732717037200928,0.8918520243674635,0.8584075180802242,17189400
2018-10-23,0.8844199180603027,0.91043224253339,0.8695556440495764,30025000
2018-10-24,0.8732717037200928,0.8881359779574963,0.8732717037200928,12409200
2018-10-25,0.8621235489845276,0.8658395953276601,0.8435433172688653,14126400
2018-10-26,0.9178643822669984,0.9587408942475968,0.8546915024267173,128805600
2018-10-29,0.8732717037200928,0.9401606276970362,0.8732717037200928,70312800
2018-10-30,0.8621235489845276,0.895568054670253,0.8546914562982627,25145000
2018-10-31,0.8881359696388245,0.8881359696388245,0.8695556491654852,18410400
2018-11-01,0.8918519616127014,0.8992840539096799,0.8732716422727266,16194400
2018-11-02,0.8992840647697449,0.9178642957365724,0.884419879996283,35037000
2018-11-05,0.8992840647697449,0.9030001109631104,0.8769876990120222,19729200
2018-11-07,0.8955681324005127,0.9178644123944988,0.8844199924035198,12595000
2018-11-08,0.9030003547668456,0.9104324491601898,0.8918522131768296,15472400
2018-11-09,0.8918519616127014,0.9030001000581692,0.880703734569705,4143800
2018-11-12,0.8918519616127014,0.9030001000581692,0.8844198693157229,4058400
2018-11-13,0.876987874507904,0.8918521508534173,0.8769878745079039,8241600
2018-11-14,0.8807037472724915,0.8844198820721089,0.8695556086662292,6413400
2018-11-15,0.9030003547668456,0.9030003547668458,0.8769879357925877,8003400
2018-11-16,0.9030003547668456,0.9104324491601898,0.8881361659801575,5194800
2018-11-19,0.9215803146362304,0.9215803146362306,0.8881358998864377,13594000
2018-11-21,0.9438766837120056,0.9513087766075696,0.8918520334430566,20303800
2018-11-22,0.9141483306884766,0.9401606563510444,0.9104322841652526,2159200
2018-11-23,0.9252965450286864,0.9252965450286864,0.9030002640876448,2228200
2018-11-26,0.9067161679267884,0.9290124453518248,0.9030001216892825,5103000
2018-11-27,0.8955681324005127,0.9178644123944988,0.888136039069184,14894600
2018-11-28,0.876987874507904,0.9104323855383744,0.8695557806339211,13254400
2018-11-29,0.8844199180603027,0.8955680571201974,0.8769877367561728,6217600
2018-11-30,0.876987874507904,0.8918521508534173,0.8658397336969297,10214200
2018-12-03,0.839827299118042,0.8844199453301029,0.8398272991180419,20132600
2018-12-04,0.8658395409584045,0.8658395409584044,0.821246987640946,13588000
2018-12-05,0.8658395409584045,0.873271633177981,0.8435432642996752,4575600
2018-12-06,0.8844199180603027,0.8844199180603028,0.8584075049896819,7826000
2018-12-07,0.8732717037200928,0.8918520243674635,0.8621235644901913,8896400
2018-12-10,0.8472594022750854,0.8732717278640361,0.8435433557623783,9416600
2018-12-11,0.8658395409584045,0.873271633177981,0.8435432642996752,3690400
2018-12-12,0.8695557117462158,0.8769878050314155,0.8546915251758167,5658600
2018-12-13,0.8658395409584045,0.8695555870681927,0.858407448738828,5936800
2018-12-14,0.8472594022750854,0.8621235883259144,0.8435433557623783,4045800
2018-12-17,0.8249632716178894,0.8472595547054546,0.8249632716178894,5646400
2018-12-18,0.8175309896469116,0.8286791286323996,0.8100988969899197,7723600
2018-12-19,0.8286792039871216,0.8323952506535308,0.817531063987894,6141400
2018-12-20,0.8361113667488098,0.8361113667488098,0.8175311318739015,9202400
2018-12-21,0.8249632716178894,0.8323953659804111,0.8212472244366286,10606400
2018-12-24,0.8509756326675415,0.8584077272988911,0.8249633014578178,4174400
2018-12-26,0.8435433506965637,0.8509754436773455,0.8323952112253911,2344800
2018-12-27,0.876987874507904,0.8807039214448954,0.8509755459489641,15681200
2018-12-28,0.876987874507904,0.8844200569794344,0.8695557806339211,9370400
2018-12-31,0.8695557117462158,0.8881360335567554,0.8695557117462159,2993600
2019-01-02,0.8584075570106506,0.8732717433246385,0.8472594172751597,7062000
2019-01-03,0.8736680150032043,0.885113436789607,0.8660377338122693,8412000
2019-01-04,0.8736680150032043,0.8812982961941394,0.8698528744077368,12149000
2019-01-07,0.9347103834152222,0.946155805543556,0.8774831818134238,17800000
2019-01-08,0.93852561712265,0.9537861814725894,0.9156347705977412,19522400
2019-01-09,1.049164652824402,1.0835009178075552,0.9423406263611324,48955600
2019-01-10,1.0644254684448242,1.0644254684448242,1.0262740538253543,26259000
2019-01-11,1.0720555782318115,1.0720555782318115,1.037719310619594,15452200
2019-01-14,1.052979826927185,1.0644252489528998,1.04153440490147,10075600
2019-01-15,1.0567950010299685,1.0720555642136291,1.037719297050392,13454200
2019-01-16,1.0949467420578003,1.102577116930824,1.056795322493478,18678600
2019-01-17,1.0796860456466677,1.0987618441171525,1.072055762642533,7559600
2019-01-18,1.0682406425476074,1.091131492018735,1.0529800762335224,12417800
2019-01-22,1.049164652824402,1.0758706367001878,1.0377192311633507,16006000
2019-01-23,1.011013388633728,1.0491647995043774,0.9881224511512,30997400
2019-01-24,1.022458791732788,1.0377193557801208,1.0071982276854554,15071200
2019-01-25,1.0453497171401978,1.060610282345725,1.0300891519346704,10727800
2019-01-28,1.022458791732788,1.0377193557801208,1.0110133686972886,7643200
2019-01-29,1.030089020729065,1.0453495839908074,1.0186435982827582,8135200
2019-01-30,1.0415345430374146,1.0567951077623357,1.022458837131263,13705200
2019-01-31,1.052979826927185,1.0682403896281385,1.0453495455767083,14130800
2019-02-04,1.0339040756225586,1.0529797781144623,1.0339040756225586,2510400
2019-02-07,1.0415345430374146,1.0453496842186447,1.0300891194937236,4593800
2019-02-08,1.049164652824402,1.0529797933780856,1.030088950055983,2259600
2019-02-11,1.0415345430374146,1.049164825399875,1.0377194018561842,3675200
2019-02-12,1.049164652824402,1.0529797933780856,1.0377192311633507,4411200
2019-02-13,1.049164652824402,1.0796857772538715,1.0453495122707182,6184000
2019-02-14,1.052979826927185,1.052979826927185,1.04153440490147,2425000
2019-02-15,1.0644254684448242,1.0682406099067712,1.0453497611350897,5682400
2019-02-18,1.0796860456466677,1.087316328650802,1.056795196634264,10871600
2019-02-19,1.1063919067382812,1.136913032675294,1.0796858305832646,22098200
2019-02-20,1.182694911956787,1.182694911956787,1.1140223675444294,28919400
2019-02-21,1.1865100860595703,1.201770742865863,1.1559889543672797,8663000
2019-02-22,1.159804105758667,1.1826949547238688,1.1521738227702665,7281000
2019-02-25,1.0911314487457275,1.0987618225603084,1.0071983373469495,83367200
2019-02-26,1.1178373098373413,1.121652450514187,1.0796858121087554,25593600
2019-02-27,1.121652603149414,1.1254677443454266,1.0911313826211717,14995000
2019-02-28,1.121652603149414,1.133098026737452,1.1063920383653634,17177800
2019-03-01,1.1140222549438477,1.1254676778557198,1.1025768320319755,4370600
2019-03-04,1.1178373098373413,1.1178373098373413,1.0873160934624468,10174600
2019-03-05,1.1330981254577637,1.1445435500429757,1.098761851702128,19224000
2019-03-06,1.1407281160354614,1.148358397135889,1.1292826943848198,7994800
2019-03-07,1.1407281160354614,1.1445432565856752,1.1292826943848198,8864200
2019-03-08,1.1369132995605469,1.1407284411982606,1.1254678746474052,7918000
2019-03-11,1.1292829513549805,1.140728375610047,1.1292829513549805,7408600
2019-03-12,1.1292829513549805,1.1369132341916914,1.125467809936625,10845800
2019-03-13,1.1063919067382812,1.136913032675294,1.1063919067382812,9778000
2019-03-14,1.102576732635498,1.1178372951422657,1.079685797915219,9874200
2019-03-15,1.1140222549438477,1.1254676778557198,1.1025768320319755,19911000
2019-03-18,1.1178373098373413,1.1254675911910328,1.1063918878068042,11528800
2019-03-19,1.102576732635498,1.1178372951422657,1.094946360421987,2681400
2019-03-20,1.0949467420578003,1.102577116930824,1.087316458144936,6278600
2019-03-21,1.1178373098373413,1.1178373098373413,1.0873160934624468,5255400
2019-03-22,1.102576732635498,1.1178372951422657,1.094946360421987,8689000
2019-03-25,1.0835011005401611,1.0987617562887333,1.072055676948838,7293600
2019-03-26,1.0835011005401611,1.0949465241314844,1.0835011005401611,4468400
2019-03-27,1.0682406425476074,1.091131492018735,1.0682406425476074,6724800
2019-03-28,1.0835011005401611,1.102576897485841,1.0644253945546225,10020800
2019-03-29,1.098761796951294,1.1140223623044825,1.083501140637961,11456800
2019-04-01,1.1063919067382812,1.1102070474804078,1.0911312528096446,8607000
2019-04-02,1.1063919067382812,1.117837328964661,1.1025767659961547,6393800
2019-04-03,1.1483585834503174,1.1521737246195154,1.10257688941994,12649800
2019-04-04,1.1712493896484375,1.1712493896484375,1.136913120322245,10326800
2019-04-05,1.182694911956787,1.182694911956787,1.1559889224630924,2860200
2019-04-08,1.239922046661377,1.2513674700230344,1.1941403532147468,25692000
2019-04-09,1.2513673305511477,1.258997611941815,1.2284764863791449,10712200
2019-04-10,1.258997678756714,1.258997678756714,1.2322916924720932,9324200
2019-04-11,1.239922046661377,1.278073457866902,1.2361069055408245,6471000
2019-04-12,1.2170311212539673,1.258997670866803,1.2055856986322848,15294000
2019-04-15,1.1941404342651367,1.217031282542132,1.1826949191664935,7442000
2019-04-16,1.1941404342651367,1.2017707170241352,1.1903252019254922,5843200
2019-04-17,1.1750645637512207,1.2055857838601798,1.159803999176811,6879000
2019-04-18,1.1750645637512207,1.1788797048948232,1.1521737168896062,13811800
2019-04-19,1.1750645637512207,1.1788797048948232,1.1636191403204137,4682800
2019-04-22,1.27807354927063,1.2857038320574283,1.1941404386158474,29022600
2019-04-23,1.281888484954834,1.3009642798208154,1.274258203392494,21839200
2019-04-24,1.3047795295715332,1.3085946706713274,1.2818885920126295,13126400
2019-04-25,1.320039987564087,1.3238551283563478,1.3047794243950437,5804000
2019-04-26,1.3543760776519775,1.365821498532628,1.3124095344229258,10230400
2019-04-29,1.339115858078003,1.3467461406115415,1.323855293010926,6223400
2019-04-30,1.3353006839752195,1.3467461074940763,1.3238552604563634,15559200
2019-05-02,1.3009642362594604,1.3353005021402786,1.2857035826856351,11629800
2019-05-03,1.2857035398483276,1.316224755018938,1.2780732587957062,14270400
2019-05-06,1.2704429626464844,1.2971490369734375,1.224661276874777,10115800
2019-05-07,1.2666280269622805,1.2971492467050811,1.2628128858644476,3964400
2019-05-08,1.2666280269622805,1.2666280269622805,1.2475523214731166,4420400
2019-05-09,1.2513673305511477,1.270443034027816,1.24373704916048,22417400
2019-05-10,1.2437373399734497,1.2628130479104358,1.2284767736238609,19288000
2019-05-13,1.22084641456604,1.2437372626676182,1.22084641456604,10097000
2019-05-14,1.190325140953064,1.2017706554654295,1.14835858792824,38966800
2019-05-15,1.258997678756714,1.2742582423479258,1.1979554243918669,9479600
2019-05-16,1.22084641456604,1.270443252119459,1.22084641456604,6561800
2019-05-17,1.2551826238632202,1.270443188500076,1.2246614945895085,9361000
2019-05-21,1.2322918176651,1.2551826653774822,1.224661535094306,6749400
2019-05-23,1.22084641456604,1.239922121317355,1.201770707814725,9773200
2019-05-24,1.228476643562317,1.2513674906631955,1.213216078828398,11721200
2019-05-27,1.2361068725585938,1.2475522956148606,1.2170311674648158,4673200
2019-05-28,1.2437373399734497,1.2742584726726276,1.2284767736238609,56003800
2019-05-29,1.27807354927063,1.2818886906640292,1.243737276730037,4612200
2019-05-30,1.3162249326705933,1.3276703557943208,1.2704431492155457,11368000
2019-05-31,1.3314857482910156,1.3314857482910156,1.2971494724353143,8967200
2019-06-03,1.312409520149231,1.3276700811574589,1.3047792396451172,4149400
2019-06-04,1.2857035398483276,1.3200398955452488,1.2857035398483276,2319200
2019-06-07,1.2971493005752563,1.304779583087805,1.2818886445900166,4212800
2019-06-10,1.2933343648910522,1.3200403579298192,1.2933343648910522,7518200
2019-06-11,1.3047795295715332,1.3200400939707098,1.2933341062721508,4100800
2019-06-12,1.320039987564087,1.3238551283563478,1.3047794243950437,6534400
2019-06-13,1.3353006839752195,1.342930966321124,1.3200401192834113,8951800
2019-06-14,1.342931032180786,1.3467461735408397,1.3200401840204663,3511600
2019-06-17,1.2933343648910522,1.3429312091059051,1.2933343648910522,4515400
2019-06-18,1.3353006839752195,1.3353006839752195,1.281888616593749,3574400
2019-06-19,1.3543760776519775,1.3734517791197285,1.3314852358906766,7480000
2019-06-20,1.4154186248779297,1.4268640474693792,1.354376280096732,18393600
2019-06-21,1.46120023727417,1.4879063128559842,1.407788268030798,22513000
2019-06-24,1.3620067834854126,1.4612005530481569,1.3505613590312668,67238600
2019-06-25,1.38108229637146,1.3925278101735528,1.350561168792906,18840000
2019-06-26,1.4001582860946655,1.407788569046668,1.3772673462785103,14846000
2019-06-27,1.4192339181900024,1.4192339181900024,1.400158211821886,11093600
2019-06-28,1.4344943761825562,1.4688306450815578,1.4116035302498884,17014000
2019-07-01,1.46120023727417,1.4688305185946515,1.4421245339729656,14716200
2019-07-02,1.5260578393936155,1.5413184032339302,1.4650154930722223,16875200
2019-07-03,1.510797142982483,1.5260577054836997,1.4993517211065703,8430600
2019-07-04,1.5031671524047852,1.510797435130889,1.4879065869525774,5678800
2019-07-05,1.4802762269973757,1.499351932817416,1.472645853709219,9620800
2019-07-08,1.4955366849899292,1.4955366849899292,1.4612003260026267,7038800
2019-07-09,1.487906575202942,1.5107974232004902,1.4802762925370927,8505000
2019-07-10,1.4802762269973757,1.499351932817416,1.472645853709219,9254400
2019-07-11,1.487906575202942,1.495536857868791,1.472645918911099,14422200
2019-07-12,1.4802762269973757,1.51079735630944,1.4802762269973757,10218000
2019-07-15,1.510797142982483,1.510797142982483,1.4802760179800496,13615000
2019-07-16,1.510797142982483,1.5222425648583953,1.4993517211065703,10228400
2019-07-17,1.4993518590927124,1.5184275639747804,1.4879064361634715,10513400
2019-07-18,1.47223162651062,1.5187232001743045,1.47223162651062,4021800
2019-07-19,1.5071004629135132,1.5109747533633526,1.4722317564945866,3389600
2019-07-22,1.4993517398834229,1.5225975741813549,1.48385457859838,3234600
2019-07-23,1.4954774379730225,1.5071004012171003,1.479980276808074,8779600
2019-07-24,1.4916032552719116,1.5032262193543602,1.48772896470122,4596800
2019-07-25,1.47223162651062,1.495477367157281,1.4644830462950666,13577400
2019-07-26,1.4141175746917725,1.47610622955801,1.4141175746917725,8897800
2019-07-29,1.4334889650344849,1.46448329107727,1.4257403835237883,10620000
2019-07-31,1.4373632669448853,1.4451118485157166,1.4141175222323914,24697000
2019-08-01,1.464483380317688,1.464483380317688,1.4179918884204836,5752000
2019-08-02,1.4334889650344849,1.4567347095665737,1.429614674279137,7218800
2019-08-05,1.4063687324523926,1.4257401835115788,1.3947457694465162,6127400
2019-08-06,1.4334889650344849,1.4528604188112255,1.3560030575571438,17815800
2019-08-07,1.448985934257507,1.4528602244946784,1.4296144830716513,11805600
2019-08-08,1.448985934257507,1.4567345147318498,1.4373630635459935,11479600
2019-08-09,1.4412376880645752,1.4644834348792328,1.4412376880645752,9917400
2019-08-13,1.4334889650344849,1.4489861280558771,1.429614674279137,9270800
2019-08-14,1.421865940093994,1.4412373917907038,1.4141173594153105,5941800
2019-08-15,1.4334889650344849,1.4334889650344849,1.3869973835999292,9577200
2019-08-16,1.425740122795105,1.437362992935646,1.40636867256087,7169400
2019-08-19,1.4141175746917725,1.4373633202666114,1.4141175746917725,9905400
2019-08-20,1.4528604745864868,1.468357638202815,1.4141175655456664,9857600
2019-08-21,1.4373632669448853,1.460609011657379,1.429614685374054,8592600
2019-08-22,1.4334889650344849,1.4489861280558771,1.429614674279137,8493000
2019-08-23,1.4334889650344849,1.4451118373005292,1.4179918020130922,4582200
2019-08-26,1.425740122795105,1.425740122795105,1.40636867256087,4112800
2019-08-27,1.4063687324523926,1.4257401835115788,1.4063687324523926,20132600
2019-08-28,1.3715003728866575,1.4102433771130125,1.3598774993298677,5709400
2019-08-29,1.3753745555877686,1.383123137347782,1.359877392067741,5157800
2019-08-30,1.394745945930481,1.4179917825132775,1.379248783122201,5659400
2019-09-03,1.3211344480514526,1.394745972809391,1.3172601572747191,9497000
2019-09-04,1.3637516498565674,1.375374522214561,1.3172601604245924,5186800
2019-09-05,1.3443801403045654,1.3753744653101982,1.3366315590531572,5123600
2019-09-06,1.3560030460357666,1.3753744996479162,1.3482544645909065,3890800
2019-09-10,1.3560030460357666,1.3560030460357666,1.3366315924236167,4718400
2019-09-11,1.4024945497512815,1.4024945497512815,1.344380188291365,4861200
2019-09-12,1.3869975805282593,1.3986204544445395,1.3753747066119788,4098000
2019-09-13,1.4063687324523926,1.4141173128760671,1.3598771575399808,5029000
2019-09-17,1.394745945930481,1.4063689104070676,1.379248783122201,4354400
2019-09-18,1.3753745555877686,1.3947460099878028,1.3676259738277547,5224400
2019-09-19,1.3753745555877686,1.3792488464677752,1.3676259738277547,7590200
2019-09-20,1.3753745555877686,1.3753745555877686,1.359877392067741,15935600
2019-09-23,1.3753745555877686,1.3792488464677752,1.3637516829477478,6885600
2019-09-24,1.3792489767074585,1.386997559199155,1.3715003942157618,4270800
2019-09-25,1.410243272781372,1.410243272781372,1.3715002714212752,8231200
2019-09-26,1.4141175746917725,1.421866156550052,1.402494609533971,8510400
2019-09-27,1.3792489767074585,1.4102433990446346,1.3715003942157618,4500800
2019-09-30,1.4334889650344849,1.4334889650344849,1.4063689297470476,8050200
2019-10-01,1.4334889650344849,1.4489861280558771,1.4257403835237883,1988800
2019-10-02,1.4179919958114624,1.4373634522357193,1.4179919958114624,4651400
2019-10-03,1.394745945930481,1.4141174918112076,1.390871655228411,12566400
2019-10-04,1.394745945930481,1.4024945273346212,1.386997364526341,8336000
2019-10-07,1.4024945497512815,1.406368932885654,1.3947459682232928,9454200
2019-10-08,1.421865940093994,1.429614520772678,1.4063687787366266,8765000
2019-10-09,1.4334889650344849,1.4334889650344849,1.414117511257744,10526600
2019-10-10,1.4567346572875977,1.4567346572875977,1.4334889135897468,9806800
2019-10-11,1.4528604745864868,1.483854801819143,1.4489861836824047,5589800
2019-10-14,1.460608959197998,1.4761061217830629,1.4489860872591993,8585200
2019-10-15,1.4683574438095093,1.4722317342006808,1.448985991853652,4904200
2019-10-16,1.4683574438095093,1.4761060245918525,1.4606088630271663,9114200
2019-10-17,1.460608959197998,1.4683575404905305,1.445111796612933,4533800
2019-10-18,1.460608959197998,1.460608959197998,1.4489860872591993,13602400
2019-10-21,1.4567346572875977,1.464483238520215,1.4528603666712891,5130400
2019-10-22,1.4567346572875977,1.4567346572875977,1.42574033235713,4873400
2019-10-23,1.4528604745864868,1.456734765490569,1.4296147291619945,2829000
2019-10-24,1.4179919958114624,1.4489863260902731,1.4063691219569083,4124000
2019-10-25,1.421865940093994,1.43348881111202,1.4141173594153105,2602200
2019-10-29,1.4296144247055054,1.4296144247055054,1.4179915544685129,6151600
2019-10-30,1.4063687324523926,1.441237344358928,1.3986200596583531,3367200
2019-10-31,1.448985934257507,1.448985934257507,1.390871488329574,10542400
2019-11-01,1.4063687324523926,1.445111634570765,1.4024943498701905,3391000
2019-11-04,1.421865940093994,1.421865940093994,1.402494396026917,3074000
2019-11-05,1.425740122795105,1.433488702888799,1.410242962607717,4421600
2019-11-06,1.398620367050171,1.4179919147372426,1.3869974938601588,3272200
2019-11-07,1.4334889650344849,1.4334889650344849,1.394745965110625,2862400
2019-11-08,1.460608959197998,1.460608959197998,1.414117471442803,4710200
2019-11-11,1.460608959197998,1.460608959197998,1.429614634027868,2921000
2019-11-12,1.4683574438095093,1.4799803149830235,1.4528602822448236,6233800
2019-11-13,1.4567346572875977,1.468357529136523,1.4451117854386724,7117400
2019-11-14,1.4916032552719116,1.4954775458426033,1.4567346401356862,6720000
2019-11-15,1.4838547706604004,1.4916033523058558,1.476106189014945,2127400
2019-11-18,1.4838547706604004,1.4916033523058558,1.4528604440785788,2378800
2019-11-19,1.47223162651062,1.4838544968339509,1.4606087561872898,1748400
2019-11-20,1.4838547706604004,1.4916033523058558,1.4722318981922171,3785400
2019-11-21,1.4838547706604004,1.4993519339513113,1.476106189014945,5716600
2019-11-22,1.4916032552719116,1.5032262193543602,1.4799803835598366,2824800
2019-11-25,1.4877288341522217,1.4954774146136631,1.4799802536907805,2363000
2019-11-26,1.4334889650344849,1.4799804540986627,1.4102432205023958,19388600
2019-11-27,1.4412376880645752,1.4606091437434563,1.4296148146572465,2640400
2019-11-28,1.464483380317688,1.4722319623005553,1.4412376343690858,4205800
2019-11-29,1.4567346572875977,1.468357529136523,1.4451117854386724,5646800
2019-12-02,1.425740122795105,1.4683573133104215,1.425740122795105,883800
2019-12-03,1.4141175746917725,1.425740447479192,1.4063689928334928,3718800
2019-12-04,1.4141175746917725,1.421866156550052,1.3986203186048312,3553600
2019-12-05,1.4567346572875977,1.4567346572875977,1.4141174605082043,5353200
2019-12-06,1.4334889650344849,1.460609000321922,1.4334889650344849,1754600
2019-12-09,1.4179919958114624,1.4412377435205708,1.414117704526611,2644200
2019-12-10,1.464483380317688,1.4683576713091218,1.4179918884204836,4554000
2019-12-11,1.47223162651062,1.4838544968339509,1.4644830462950666,6233800
2019-12-12,1.47223162651062,1.476105916618397,1.4683573364028435,4146400
2019-12-13,1.464483380317688,1.491603417257724,1.464483380317688,3946200
2019-12-16,1.5071004629135132,1.5225976247128714,1.4644831755949077,4919200
2019-12-17,1.510975003242493,1.510975003242493,1.495477746509888,12261000
2019-12-18,1.5225977897644043,1.5225977897644043,1.5032263354153164,7197000
2019-12-19,1.5032261610031128,1.5264719035249252,1.4916031973718369,6132000
2019-12-20,1.5264722108840942,1.5264722108840942,1.4954777889105002,16054400
2019-12-23,1.5264722108840942,1.5264722108840942,1.4954777889105002,2539400
2019-12-24,1.5225977897644043,1.5225977897644043,1.5109749171549516,636000
2019-12-26,1.5071004629135132,1.5187233342630315,1.5071004629135132,928800
2019-12-27,1.5032261610031128,1.522597613104623,1.5032261610031128,2201400
2019-12-30,1.4916032552719116,1.5225976722078187,1.4916032552719116,3399400
2019-12-31,1.510975003242493,1.5225978765141566,1.4838548732382242,6104200
2020-01-02,1.510975003242493,1.518723585423602,1.495477746509888,1098400
2020-01-03,1.5768378973007202,1.5845864787602009,1.5187234439842383,15059200
2020-01-06,1.561340570449829,1.5807119296942704,1.5497176071105765,5369800
2020-01-07,1.561340570449829,1.5768377317416762,1.5497176071105765,4253000
2020-01-08,1.56908917427063,1.5807119530408118,1.549717629999343,7325200
2020-01-09,1.549717903137207,1.5652150673893177,1.5419693210111518,4389000
2020-01-10,1.549717903137207,1.5574664852632625,1.5342207388850966,3571400
2020-01-13,1.5458436012268066,1.5497178922626478,1.5342207281192828,3046200
2020-01-14,1.5458436012268066,1.5574664743343305,1.5458436012268066,9230200
2020-01-15,1.510975003242493,1.5690894619711984,1.5032264210613833,20380000
2020-01-16,1.56908917427063,1.56908917427063,1.518723306957874,7165400
2020-01-17,1.5884606838226318,1.665946683485172,1.5574663578539178,28653600
2020-01-20,1.592335224151611,1.638826717694824,1.5729636761382193,16413200
2020-01-21,1.5962090492248535,1.6117062101112518,1.5884604687816546,7641800
2020-01-22,1.584586501121521,1.6155808273968284,1.5768379195526945,4612600
2020-01-23,1.584586501121521,1.6000836642591747,1.5574663732602485,7240000
2020-01-24,1.5885182619094849,1.5885182619094849,1.553130512261422,1906000
2020-01-28,1.580654501914978,1.5885184471984857,1.5413347754974402,5144200
2020-01-29,1.5609947443008425,1.6121103921013968,1.5531307984853724,7889000
2020-01-30,1.5727906227111816,1.5806545683250874,1.5491987858694642,4150800
2020-01-31,1.51774263381958,1.568858364765347,1.4941508012656617,11664800
2020-02-03,1.5098787546157837,1.5216746714004057,1.4744910042619184,14284800
2020-02-04,1.557062745094299,1.568858663618271,1.525606962363708,5688400
2020-02-05,1.5727906227111816,1.5924505804915725,1.55706273148337,15146000
2020-02-06,1.557062745094299,1.576722703046546,1.557062745094299,13807600
2020-02-07,1.5649266242980957,1.5688585969723876,1.5531307062752204,11898800
2020-02-10,1.537402868270874,1.5531307595070976,1.5295389226527625,3151600
2020-02-11,1.537402868270874,1.5491987866980417,1.5256069498437064,6198600
2020-02-12,1.5491987466812134,1.5531307193887038,1.5295388831437613,6827800
2020-02-13,1.5924502611160278,1.6042460834255363,1.5256066430580946,15535600
2020-02-14,1.6081784963607788,1.6121103754823518,1.560994728208742,9924400
2020-02-17,1.6081784963607788,1.623906387829582,1.5806545925447455,5938000
2020-02-18,1.6003144979476929,1.6239063343743083,1.5806545405132222,6551400
2020-02-19,1.5924502611160278,1.600314205152772,1.5727903072785598,7968400
2020-02-20,1.5885182619094849,1.6003142722044503,1.5806543175432486,4237200
2020-02-21,1.5649266242980957,1.5845865814151778,1.5649266242980957,3290000
2020-02-24,1.3801236152648926,1.4744910459558944,1.3447358639103728,82812400
2020-02-25,1.4233754873275757,1.4391034725084386,1.3604639215866348,25889000
2020-02-26,1.4115793704986572,1.4391032703902895,1.3997834535789353,24088800
2020-02-27,1.4194436073303225,1.4273076473080415,1.3997837417501082,11203200
2020-02-28,1.301483988761902,1.3958514132678,1.266096239726794,45619600
2020-03-02,1.2543004751205444,1.2778923106646347,1.2464365299391809,33346800
2020-03-03,1.2346404790878296,1.2857561172570446,1.1913886915067289,23400600
2020-03-04,1.297552227973938,1.3211440645063164,1.2307086911321992,24947000
2020-03-05,1.3565316200256348,1.3565316200256348,1.2975519476892836,30203400
2020-03-06,1.3093481063842771,1.3486679264869923,1.3093481063842771,10119600
2020-03-09,1.2503684759140017,1.2739603109559063,1.2307086133790808,14226000
2020-03-10,1.2660964727401731,1.2700284455788289,1.2031848135760606,15358600
2020-03-11,1.293619990348816,1.32900783164732,1.273960130597206,17864600
2020-03-12,1.297552227973938,1.309348146240127,1.258232500419974,14081400
2020-03-16,1.0223137140274048,1.1481370124812489,1.0223137140274048,17264200
2020-03-17,1.0616337060928345,1.0891575161825993,0.9279464410227212,17030600
2020-03-18,1.0419739484786987,1.1088174941153164,1.002654122005639,13616400
2020-03-19,0.9790619611740112,1.0380416346616628,0.9554701292771932,19334400
2020-03-20,1.0537697076797483,1.1048853524342732,0.955470297098501,23347400
2020-03-23,1.0026538372039795,1.0616335132877004,0.9711980599569874,5087000
2020-03-24,1.0223137140274048,1.0812933910367448,1.014449769592241,8215000
2020-03-25,1.0419739484786987,1.1088174941153164,1.0065860952783812,19245200
2020-03-26,1.104885220527649,1.1166811371396694,1.0459056374675466,5841400
2020-03-27,1.1677968502044678,1.1913886830379454,1.120613090791902,15045400
2020-03-30,1.0852253437042236,1.1560009360913022,1.0812933715574755,8464600
2020-03-31,1.1127492189407349,1.1324091746605378,1.100953301756223,7081800
2020-04-01,1.1324092149734497,1.1402731600430749,1.097021368414517,5164800
2020-04-02,1.144205093383789,1.1599329829842893,1.108817248037047,2256000
2020-04-03,1.1481373310089111,1.156001277625769,1.1363414110836243,7374600
2020-04-06,1.1756609678268433,1.1992528041388035,1.148137158796223,4852400
2020-04-07,1.2307087182998655,1.2543005553530295,1.1795929776057168,16189400
2020-04-08,1.1992530822753906,1.2543008068491903,1.1913891350142258,5840600
2020-04-09,1.211048603057861,1.2503684201187515,1.211048603057861,6173600
2020-04-10,1.242504596710205,1.2503685421406932,1.2189126666731172,4591200
2020-04-13,1.2267765998840332,1.2503685296861289,1.2228446272079545,2417600
2020-04-14,1.2700283527374268,1.2818242703910896,1.2307086272252177,6566000
2020-04-15,1.238572597503662,1.2818242964462536,1.238572597503662,7104600
2020-04-16,1.238572597503662,1.273960351183964,1.2228446132334612,5659400
2020-04-17,1.2739603519439695,1.2896882424779312,1.2503685161430276,5611200
2020-04-20,1.297552227973938,1.309348146240127,1.2818243369523523,4899000
2020-04-21,1.2346404790878296,1.305415978091358,1.2346404790878296,7790800
2020-04-22,1.2346404790878296,1.254300339922143,1.214980524507905,16361600
2020-04-23,1.2621644735336304,1.2818243373161928,1.242504609751068,2460000
2020-04-24,1.258232355117798,1.2739602443231082,1.2385724936111602,2168600
2020-04-27,1.258232355117798,1.2739602443231082,1.250368410515143,2650400
2020-04-28,1.238572597503662,1.2936202143396875,1.238572597503662,2796000
2020-04-29,1.2778923511505127,1.2818243238657665,1.2464365694284845,3091800
2020-04-30,1.2660964727401731,1.321144092481348,1.2660964727401731,9529800
2020-05-04,1.3054161071777344,1.3054161071777344,1.2464365188425837,6257800
2020-05-05,1.3329399824142456,1.348667872325462,1.289688191412782,8274200
2020-05-06,1.2778923511505127,1.33687203562494,1.2778923511505127,3671800
2020-05-08,1.3172119855880735,1.3290079966491692,1.2936201509571177,4547000
2020-05-12,1.2896881103515625,1.3290079264038397,1.2896881103515625,8459800
2020-05-13,1.2778923511505127,1.3132801055877945,1.2778923511505127,3336000
2020-05-14,1.2503684759140017,1.2896882009838426,1.2503684759140017,2229000
2020-05-15,1.285756230354309,1.285756230354309,1.2582324227652302,1909400
2020-05-18,1.4155114889144895,1.423375434339355,1.2818243229461557,20275400
2020-05-19,1.4508992433547974,1.4626951607301677,1.4155113974830689,23813800
2020-05-20,1.4548312425613403,1.458763215092089,1.4273074348460988,12877800
2020-05-21,1.4941508769989014,1.5256067490774563,1.44696720949949,14638800
2020-05-22,1.4548312425613403,1.509878857991823,1.4548312425613403,4194800
2020-05-27,1.4862871170043943,1.4941510625642889,1.462695280324712,4513200
2020-05-28,1.5138107538223269,1.5413346538886346,1.474491030507051,14772400
2020-05-29,1.533470869064331,1.533470869064331,1.513810911611856,21812600
2020-06-03,1.5098787546157837,1.5295387096691,1.4941508655696214,5507400
2020-06-04,1.5491987466812134,1.5491987466812134,1.502014980445704,7670600
2020-06-05,1.4941508769989014,1.5924503717805696,1.4744910155408133,14839600
2020-06-09,1.5216745138168335,1.5452664386885266,1.5138105701081368,14243400
2020-06-10,1.5216745138168335,1.5295385512711337,1.5098785982537886,9689200
2020-06-11,1.490218997001648,1.525606843563511,1.458763216720543,12290600
2020-06-12,1.4626952409744265,1.4902190496935943,1.4273074869069242,16424600
2020-06-15,1.4312394857406616,1.4823551314391004,1.4273075129946278,21387200
2020-06-16,1.4155114889144895,1.4587632824968728,1.4155114889144895,3060600
2020-06-17,1.4430352449417114,1.4430352449417114,1.3879875388184268,7093800
2020-06-18,1.395851731300354,1.4430355011765152,1.395851731300354,6427200
2020-06-19,1.395851731300354,1.4430355011765152,1.380123839256844,7607000
2020-06-22,1.399783730506897,1.4194435959292009,1.395851757422436,1068600
2020-06-23,1.399783730506897,1.4115796497602793,1.395851757422436,1332200
2020-06-24,1.3879876136779783,1.4037155037770075,1.380123668628464,2305200
2020-06-25,1.3565316200256348,1.3801234514619334,1.3565316200256348,4847400
2020-06-26,1.3525997400283811,1.380123545240965,1.3329398791622502,4080200
2020-06-29,1.4076474905014038,1.423375380759088,1.356531847163931,10122600
2020-06-30,1.4312394857406616,1.454831322216864,1.4115795282648678,16274800
2020-07-01,1.4548312425613403,1.4666271601535863,1.4391033524383452,11413000
2020-07-02,1.4076474905014038,1.4744911178421811,1.3958515728081409,7936800
2020-07-03,1.4037153720855713,1.4155112885531933,1.3801235391503273,4273200
2020-07-06,1.4155114889144895,1.4312394735098444,1.3919196526398938,5679200
2020-07-07,1.3840556144714355,1.423375338961003,1.3840556144714355,7402000
2020-07-08,1.3840556144714355,1.4076474491651765,1.376191669573522,5678000
2020-07-09,1.3761918544769287,1.3919197463859356,1.3761918544769287,4976000
2020-07-10,1.3565316200256348,1.3840554233679832,1.352599648119585,5543600
2020-07-13,1.3565316200256348,1.3761914795558836,1.336871760495386,5053200
2020-07-14,1.3211439847946167,1.356531831203671,1.305416094721979,9410800
2020-07-15,1.3408039808273315,1.3486679260964731,1.3211440239088557,5177400
2020-07-16,1.3172119855880735,1.34473588640314,1.313280013149581,5231200
2020-07-17,1.3329399824142456,1.3447358998476575,1.2778922739793697,14071600
2020-07-20,1.3172119855880735,1.3408039139646473,1.3093480407110885,4115800
2020-07-21,1.2739603519439695,1.3132800782788736,1.2700283793104794,12019800
2020-07-22,1.3368719816207886,1.3408039541772063,1.2896882171981527,8154600
2020-07-23,1.395851731300354,1.4351715551547604,1.3408041091480687,12081400
2020-07-24,1.3565316200256348,1.4115792267103315,1.2975519476892836,9898200
2020-07-27,1.395851731300354,1.395851731300354,1.3408041091480687,2000200
2020-07-28,1.399783730506897,1.4115796497602793,1.3840558381690538,3905000
2020-07-29,1.427307367324829,1.427307367324829,1.3761916330975943,7027000
2020-07-30,1.399783730506897,1.435171582012677,1.395851757422436,9648200
2020-08-03,1.3565316200256348,1.4115792267103315,1.3486676762135352,5649400
2020-08-04,1.3408039808273315,1.3565318713656145,1.336872008192761,1633000
2020-08-05,1.3368719816207886,1.3565318444028784,1.3290080365079526,7712200
2020-08-06,1.3565316200256348,1.3565316200256348,1.325075751031632,2679000
2020-08-07,1.3408039808273315,1.3486679260964731,1.3250759965434264,3609200
2020-08-10,1.3408039808273315,1.3565318713656145,1.3211440239088557,1039200
2020-08-11,1.344735860824585,1.3525998055519883,1.3250759052604608,2008400
2020-08-12,1.3250759840011597,1.376191721512375,1.3250759840011597,13233600
2020-08-13,1.3722597360610962,1.3919195988637096,1.340803955576915,7717600
2020-08-14,1.344735860824585,1.3801236120978997,1.344735860824585,3727800
2020-08-17,1.3290081024169922,1.344735993422652,1.3211440631685374,4135600
2020-08-18,1.3290081024169922,1.340804020671237,1.3211440631685374,8784800
2020-08-19,1.297552227973938,1.3250760372617127,1.297552227973938,6038400
2020-08-21,1.3054161071777344,1.313280052289088,1.297552162066381,4297400
2020-08-24,1.297552227973938,1.3054161734847307,1.297552227973938,3825600
2020-08-25,1.3054161071777344,1.313280052289088,1.2896882169550277,2055400
2020-08-26,1.3329399824142456,1.3368719548920496,1.3014841088461944,2532800
2020-08-27,1.3211439847946167,1.348667886167352,1.3093480672401383,3587600
2020-08-28,1.3368719816207886,1.384055652297804,1.3290080365079526,15340800
2020-09-01,1.3172119855880735,1.3486678588416328,1.3172119855880735,5253600
2020-09-02,1.344735860824585,1.3525998055519883,1.3211439328967594,2220800
2020-09-03,1.3368719816207886,1.3525998718464605,1.3290080365079526,4083000
2020-09-04,1.3329399824142456,1.3368719548920496,1.3211439712352149,1346800
2020-09-07,1.3565316200256348,1.3604635919316843,1.340803732401436,1847600
2020-09-08,1.399783730506897,1.399783730506897,1.3368721611555243,1654600
2020-09-09,1.3761918544769287,1.384055800431432,1.3368721247044115,2256800
2020-09-10,1.4155114889144895,1.4155114889144895,1.356531898228,3366400
2020-09-11,1.3290081024169922,1.4155115029481204,1.3290081024169922,5687600
2020-09-14,1.3408039808273315,1.3565318713656145,1.3329400355581902,2891200
2020-09-15,1.3565316200256348,1.3604635919316843,1.336871760495386,6284400
2020-09-17,1.3879876136779783,1.3879876136779783,1.3408039433808918,5017800
2020-09-18,1.3761918544769287,1.3879877734086838,1.3683279085224251,8886800
2020-09-21,1.3761918544769287,1.3801238274541805,1.35653198959067,2166800
2020-09-22,1.3761918544769287,1.384055800431432,1.3604639625679218,1376600
2020-09-23,1.3211439847946167,1.3840556388307867,1.3211439847946167,3159200
2020-09-24,1.281824231147766,1.3172119830253508,1.281824231147766,6555800
2020-09-25,1.2778923511505127,1.2936202420115268,1.273960378435259,4962000
2020-09-28,1.3329399824142456,1.3408039273698538,1.281824246457174,5312000
2020-09-29,1.3683276176452637,1.376191561928061,1.3329398683726763,7646800
2020-09-30,1.3722597360610962,1.3840556537426645,1.360463818379528,7210800
2020-10-01,1.3643957376480105,1.3761916548688409,1.35259982042718,3933000
2020-10-02,1.3408039808273315,1.3683277892693269,1.3290080629236194,2658600
2020-10-05,1.3840556144714355,1.3840556144714355,1.3368719450839543,2830200
2020-10-06,1.395851731300354,1.3997837043112316,1.380123839256844,2633600
2020-10-07,1.3722597360610962,1.395851571424232,1.3683277635005735,2840600
2020-10-08,1.4037153720855713,1.4037153720855713,1.3722595948385792,1644200
2020-10-09,1.3761918544769287,1.3958517193631872,1.3761918544769287,2201600
2020-10-12,1.3761918544769287,1.4037156653176908,1.372259881499677,12782400
2020-10-13,1.4115793704986572,1.419443315111805,1.3722596474329176,6455600
2020-10-14,1.3761918544769287,1.411579611272194,1.3683279085224251,3583400
2020-10-15,1.3761918544769287,1.384055800431432,1.3683279085224251,2363400
2020-10-16,1.3761918544769287,1.3801238274541805,1.372259881499677,3556400
2020-10-19,1.3604636192321775,1.3919193951118003,1.3604636192321775,1466000
2020-10-20,1.3604636192321775,1.3722595351870364,1.329007843352555,3234200
2020-10-21,1.3368719816207886,1.3565318444028784,1.3368719816207886,2041400
2020-10-22,1.3250759840011597,1.360463831122961,1.3250759840011597,7095400
2020-10-23,1.344735860824585,1.3604637502793917,1.3290079713697784,3054000
2020-10-26,1.3368719816207886,1.3486678992900425,1.3250759702059145,2747400
2020-10-27,1.3408039808273315,1.3565318713656145,1.3329400355581902,4316200
2020-10-28,1.3486679792404177,1.356531924819436,1.3368720608718898,705600
2020-10-30,1.3093481063842771,1.3525998991227015,1.3093481063842771,6063400
2020-11-02,1.2896881103515625,1.3290079264038397,1.2896881103515625,2410600
2020-11-03,1.3211439847946167,1.3368719686128738,1.2896882046493414,4261600
2020-11-04,1.3565316200256348,1.368327535743784,1.3172118072195325,2723000
2020-11-05,1.4155114889144895,1.4155114889144895,1.3604638709404326,7427400
2020-11-06,1.4508992433547974,1.4508992433547974,1.3958515351907852,6041800
2020-11-09,1.4548312425613403,1.4666271601535863,1.411579450977484,8708000
2020-11-10,1.4626952409744265,1.4626952409744265,1.4233754204871345,5807800
2020-11-11,1.4626952409744265,1.4705591863227598,1.4508993229519256,4212000
2020-11-12,1.4587632417678833,1.4626952143705343,1.4391033787546277,3575800
2020-11-13,1.4508992433547974,1.4666271331886245,1.4508992433547974,4408600
2020-11-16,1.4587632417678833,1.4744911321784877,1.454831269165232,4544600
2020-11-17,1.4548312425613403,1.474491105215084,1.443035324969094,3531800
2020-11-18,1.4548312425613403,1.4548312425613403,1.4351713799075965,1615200
2020-11-19,1.4233754873275757,1.4626953096612914,1.4233754873275757,3715000
2020-11-20,1.4626952409744265,1.466627213648593,1.4233754204871345,2033600
2020-11-23,1.4626952409744265,1.4626952409744265,1.439103404929425,2916800
2020-11-24,1.4194436073303225,1.454831459120341,1.4194436073303225,3774200
2020-11-25,1.3879876136779783,1.4351713777206851,1.3879876136779783,5544800
2020-11-26,1.4430352449417114,1.4587631341924745,1.3958514834438085,4207600
2020-11-27,1.4430352449417114,1.4548311618797836,1.4391032726290207,5116200
2020-11-30,1.4037153720855713,1.443035187389922,1.4037153720855713,12937400
2020-12-01,1.4587632417678833,1.4587632417678833,1.395851586379844,1383200
2020-12-02,1.4587632417678833,1.4587632417678833,1.4273074609466745,5091800
2020-12-03,1.4626952409744265,1.4744911589969267,1.4469673502777587,3994600
2020-12-04,1.490218997001648,1.494150969536786,1.454831244185405,4329400
2020-12-07,1.4862871170043943,1.498083035344236,1.4823551442244476,4766800
2020-12-08,1.4744912385940552,1.5020150487990351,1.466627292821204,3047400
2020-12-09,1.498082995414734,1.5138108861153152,1.4784231320390069,1682800
2020-12-10,1.5216745138168335,1.5216745138168335,1.502014654545092,2524400
2020-12-11,1.51774263381958,1.5216746059119,1.4941508012656617,2003600
2020-12-14,1.5138107538223269,1.5256067645625244,1.494150892164689,3957600
2020-12-15,1.478422999382019,1.5020148333160264,1.47055905473735,8795200
2020-12-16,1.5256068706512451,1.5256068706512451,1.4862870508561057,9108800
2020-12-17,1.5138107538223269,1.5256067645625244,1.494150892164689,5221000
2020-12-18,1.478422999382019,1.5098787779606957,1.478422999382019,6337000
2020-12-21,1.51774263381958,1.5216746059119,1.4744909408040625,2239200
2020-12-22,1.5020147562026978,1.5020147562026978,1.4784229234798931,3784000
2020-12-23,1.4941508769989014,1.5138107384569894,1.4941508769989014,3142800
2020-12-24,1.482354998588562,1.5020148605567891,1.470559081407626,2206000
2020-12-28,1.4941508769989014,1.509878766165372,1.4784229878324309,2022000
2020-12-29,1.5059468746185305,1.5098788471209696,1.478423067101455,1563800
2020-12-30,1.5138107538223269,1.5138107538223269,1.486286947501634,2980200
2020-12-31,1.529538869857788,1.529538869857788,1.4980829947254746,3599400
2021-01-04,1.4666271209716797,1.5020148728030114,1.4666271209716797,2295800
2021-01-05,1.4508992433547974,1.4666271331886245,1.4469672708963406,3972000
2021-01-06,1.4155114889144895,1.4548313097844403,1.4076475434896245,6200600
2021-01-07,1.4233754873275757,1.4233754873275757,1.356531948727826,7941000
2021-01-08,1.4548312425613403,1.4548312425613403,1.395851560854489,8337800
2021-01-11,1.4155114889144895,1.4548313097844403,1.4037155707771918,4091600
2021-01-12,1.4351712465286257,1.4351712465286257,1.38405551463376,1377000
2021-01-13,1.427307367324829,1.4548311737380089,1.423375301234474,7040400
2021-01-14,1.4312394857406616,1.454831322216864,1.4194434737569357,5710800
2021-01-15,1.4312394857406616,1.4508993494708304,1.4312394857406616,2118600
2021-01-18,1.4351712465286257,1.4351712465286257,1.411579319791051,3286000
2021-01-19,1.395851731300354,1.4351715551547604,1.395851731300354,4703000
2021-01-20,1.3840556144714355,1.4076474491651765,1.3840556144714355,7464000
2021-01-21,1.3840556144714355,1.4076474491651765,1.3840556144714355,3602800
2021-01-22,1.3879876136779783,1.3958515587274931,1.3840556411532214,5168400
2021-01-25,1.3329399824142456,1.3840556246256988,1.3290080099364414,6999000
2021-01-26,1.3290081024169922,1.3643958571797266,1.3290081024169922,4157400
2021-01-27,1.3290081024169922,1.344735993422652,1.3211440631685374,8608600
2021-01-29,1.297552227973938,1.3329400765181307,1.297552227973938,8833400
2021-02-02,1.3093481063842771,1.3250759969271144,1.2975521884771497,8133800
2021-02-03,1.2778923511505127,1.3290080901944328,1.2778923511505127,11545800
2021-02-04,1.297552227973938,1.3054161734847307,1.2818243369523523,8690800
2021-02-05,1.3290081024169922,1.344735993422652,1.3093481449142923,8744200
2021-02-08,1.3565316200256348,1.3565316200256348,1.3290078166832866,2629400
2021-02-09,1.344735860824585,1.3643957226430932,1.3211439328967594,2232000
2021-02-10,1.3368719816207886,1.3447359267336243,1.3132800525366606,3477000
2021-02-11,1.3525997400283811,1.3525997400283811,1.3132799245505078,3117000
2021-02-15,1.3525997400283811,1.3565317122016076,1.3368718513354765,968600
2021-02-16,1.3565316200256348,1.368327535743784,1.3565316200256348,3555600
2021-02-17,1.3290081024169922,1.3604638844283117,1.3290081024169922,2407200
2021-02-18,1.301483988761902,1.3408038036576315,1.301483988761902,4712400
2021-02-19,1.3132799863815308,1.325075903456577,1.301484069306484,5330800
2021-02-22,1.3211439847946167,1.3525998586855117,1.3172120122764572,2073200
2021-02-23,1.301483988761902,1.3408038036576315,1.301483988761902,3685000
2021-02-24,1.3368719816207886,1.3447359267336243,1.3014841348674069,5589400
2021-02-25,1.3211439847946167,1.3408039411310333,1.3172120122764572,5671400
2021-02-26,1.3093481063842771,1.3250759969271144,1.3093481063842771,8030200
2021-03-01,1.3172119855880735,1.325075930465059,1.3093480407110885,1741000
2021-03-02,1.3290081024169922,1.344735993422652,1.3093481449142923,5050800
2021-03-03,1.3368719816207886,1.3486678992900425,1.3132800525366606,7901600
2021-03-04,1.3211439847946167,1.3408039411310333,1.3172120122764572,5940200
2021-03-05,1.3368719816207886,1.3565318444028784,1.3211439976494963,2955000
2021-03-08,1.395851731300354,1.403715677322109,1.3368721361371914,6630400
2021-03-09,1.4548312425613403,1.4548312425613403,1.3997835333852378,7757400
2021-03-10,1.533470869064331,1.533470869064331,1.4548313204913046,11418200
2021-03-11,1.490218997001648,1.517742804747615,1.4784230793962336,10868000
2021-03-12,1.4312394857406616,1.4902190769311678,1.423375446502969,4661600
2021-03-15,1.4351712465286257,1.4508991351899347,1.4351712465286257,1490600
2021-03-16,1.4941508769989014,1.5020148215821365,1.4351712926246374,7844400
2021-03-17,1.5020147562026978,1.5177426446845672,1.4823548956003607,3991800
2021-03-18,1.4469672441482544,1.4980828851632872,1.4469672441482544,6275000
2021-03-19,1.4744912385940552,1.4980830759126094,1.4548313741619268,12471600
2021-03-22,1.4508992433547974,1.4862869954809077,1.4469672708963406,1388000
2021-03-23,1.4744912385940552,1.4941511030261836,1.4548313741619268,3380000
2021-03-24,1.4548312425613403,1.474491105215084,1.4469672974998429,1899600
2021-03-26,1.4037153720855713,1.572790362279375,1.364395650526831,40385400
2021-03-29,1.4194436073303225,1.4194436073303225,1.3958517686340657,4758000
2021-03-30,1.395851731300354,1.4076476503329864,1.3840558122677211,5249800
2021-03-31,1.4076474905014038,1.423375380759088,1.380123682550457,5285400
2021-04-01,1.4312394857406616,1.4312394857406616,1.3840557190426317,4027200
2021-04-02,1.4076474905014038,1.419443408194667,1.3958515728081409,2473200
2021-04-05,1.439103364944458,1.4705591454638056,1.4312394198146212,11445800
2021-04-06,1.4155114889144895,1.4469673643595748,1.411579516202057,7036600
2021-04-07,1.4155114889144895,1.4273075007974116,1.4076475434896245,3755200
2021-04-08,1.4076474905014038,1.419443408194667,1.403715517936983,1951800
2021-04-09,1.395851731300354,1.403715677322109,1.395851731300354,2249000
2021-04-12,1.4155114889144895,1.4273075007974116,1.399783598064759,3544400
2021-04-13,1.4155114889144895,1.4273075007974116,1.3919196526398938,3165800
2021-04-14,1.4115793704986572,1.4155113428052313,1.3997834535789353,2512000
2021-04-15,1.4076474905014038,1.4273074470691294,1.403715517936983,3567200
2021-04-16,1.3840556144714355,1.4194433665120467,1.3840556144714355,4780800
2021-04-19,1.3722597360610962,1.3919195988637096,1.3683277635005735,5203800
2021-04-20,1.391919732093811,1.4115795967782037,1.3722598674094184,6068400
2021-04-21,1.3761918544769287,1.399783692340439,1.3761918544769287,1892400
2021-04-22,1.4037153720855713,1.4037153720855713,1.3801235391503273,2387000
2021-04-23,1.391919732093811,1.4076476238413251,1.3879877591569325,721000
2021-04-26,1.399783730506897,1.4194435959292009,1.387987811253515,2765800
2021-04-27,1.427307367324829,1.427307367324829,1.3840555777870744,7993000
2021-04-28,1.399783730506897,1.41551162284474,1.387987811253515,2789400
2021-04-30,1.3879876136779783,1.411579448826522,1.3879876136779783,2102400
2021-05-03,1.3801236152648926,1.3958515047557902,1.376191642892168,1469200
2021-05-04,1.395851731300354,1.395851731300354,1.372259893235089,1211400
2021-05-05,1.3801236152648926,1.3997834771285147,1.3722596705194436,1547400
2021-05-06,1.4076474905014038,1.4076474905014038,1.376191709986036,3760400
2021-05-07,1.3761918544769287,1.4037156653176908,1.3761918544769287,1915400
2021-05-10,1.3840556144714355,1.3879875869203924,1.3722596971245653,956600
2021-05-11,1.4076474905014038,1.4076474905014038,1.368327764857194,1840800
2021-05-12,1.297552227973938,1.3683278313166982,1.297552227973938,29284400
2021-05-17,1.258232355117798,1.3014840504324008,1.258232355117798,20363600
2021-05-18,1.258232355117798,1.2700282720217806,1.2385724936111602,22238000
2021-05-19,1.258232355117798,1.2778922166244355,1.2464364382138151,10445600
2021-05-20,1.2621644735336304,1.2778923645596802,1.250368555264093,14395400
2021-05-21,1.2307087182998655,1.2582325281952236,1.2228446788698506,16775800
2021-05-24,1.2228446006774902,1.2425045573769704,1.183524874769772,31826200
2021-05-25,1.2189126014709473,1.2464365027509683,1.203184711451289,23887400
2021-05-27,1.2189126014709473,1.2700283377804558,1.2071166839562035,302294400
2021-05-28,1.281824231147766,1.2936201484402945,1.2425045068393386,41607600
2021-05-31,1.2464364767074585,1.2582323939757338,1.2346405594391832,10706000
2021-06-01,1.242504596710205,1.2621644602864248,1.2346406512797172,10691000
2021-06-02,1.2503684759140017,1.266096365941938,1.242504530900033,19718000
2021-06-03,1.2778923511505127,1.2857562965810196,1.2503685421437378,13330800
2021-06-04,1.2503684759140017,1.2700283384489222,1.2503684759140017,12955600
2021-06-08,1.2621644735336304,1.2778923645596802,1.250368555264093,8162200
2021-06-09,1.2228446006774902,1.2660963929216014,1.2228446006774902,20395000
2021-06-10,1.2346404790878296,1.2464363955884177,1.2228444688416304,12449600
2021-06-11,1.242504596710205,1.258232487571181,1.2385726239949613,7856000
2021-06-14,1.2621644735336304,1.2700284190466553,1.2346406642380432,12510600
2021-06-15,1.258232355117798,1.2778922166244355,1.2543003828164705,11369200
2021-06-16,1.2464364767074585,1.2700283112440092,1.2425045042847,12157400
2021-06-17,1.2700283527374268,1.2739603252886478,1.2425045448788803,8204400
2021-06-18,1.281824231147766,1.281824231147766,1.2582323965627096,10885000
2021-06-21,1.258232355117798,1.2739602443231082,1.2543003828164705,2754000
2021-06-22,1.2346404790878296,1.2582323120890058,1.2267764410084931,10651800
2021-06-23,1.2307087182998655,1.2464366096686417,1.2228446788698506,8303200
2021-06-24,1.2267765998840332,1.234640638981814,1.2228446272079545,4924000
2021-06-25,1.242504596710205,1.2464365694254491,1.2307086785644732,5697400
2021-06-28,1.211048603057861,1.2425044754556966,1.211048603057861,5336400
2021-06-29,1.2307087182998655,1.2307087182998655,1.2110487603432687,3468000
2021-06-30,1.2307087182998655,1.2307087182998655,1.2149807331854623,2407400
2021-07-01,1.211048603057861,1.2267764923839717,1.211048603057861,2209200
2021-07-02,1.2031846046447754,1.2149805211123974,1.1992526324889012,2292400
2021-07-05,1.1520692110061646,1.2031848598756585,1.1481372380162034,14430400
2021-07-06,1.1599328517913818,1.1599328517913818,1.152068907880574,6376000
2021-07-07,1.1481373310089111,1.156001277625769,1.1481373310089111,3219000
2021-07-08,1.1324092149734497,1.1442051325778877,1.1166812310885796,7680000
2021-07-09,1.1166813373565674,1.132409322738177,1.1166813373565674,4363000
2021-07-12,1.1009533405303955,1.120613203196977,1.0930893954637628,6230400
2021-07-13,1.1009533405303955,1.1048853130637115,1.097021367997079,4106200
2021-07-14,1.0852253437042236,1.1206130930249576,1.0852253437042236,5840800
2021-07-15,1.0891573429107666,1.1009532596440774,1.0852253706663295,3991600
2021-07-16,1.1166813373565674,1.1206133102655629,1.0930894999025955,5439000
2021-07-19,1.1245452165603638,1.1481371463624592,1.1166812712082064,4904000
2021-07-21,1.1127492189407349,1.1245451361252468,1.1048852741510602,3850400
2021-07-22,1.1245452165603638,1.1284771892364425,1.1127492985321277,3837400
2021-07-23,1.1166813373565674,1.128477256083553,1.112749364447572,2097000
2021-07-26,1.1127492189407349,1.1245451361252468,1.1088172465458976,2770600
2021-07-27,1.1088173389434814,1.1206132571109453,1.1088173389434814,2582200
2021-07-28,1.1088173389434814,1.1127493116659697,1.1009533934985054,1727000
2021-07-29,1.1166813373565674,1.1166813373565674,1.1088173915385768,1261200
2021-07-30,1.1009533405303955,1.1166812306636609,1.0812934778638137,10284800
2021-08-02,1.097021460533142,1.1009534333981286,1.0891575148031691,2011800
2021-08-03,1.0930893421173096,1.0970213144587324,1.0891573697758867,2828600
2021-08-04,1.097021460533142,1.097021460533142,1.0852255419381829,1727600
2021-08-05,1.0773615837097168,1.097021447806575,1.0734296108903452,2991200
2021-08-06,1.0734295845031738,1.0812935299486046,1.0694976117804584,1397800
2021-08-09,1.0616337060928345,1.0734296247027335,1.0537697603529017,3930000
2021-08-11,1.057701587677002,1.0655655323348103,1.0459056706902892,3625600
2021-08-12,1.0498378276824951,1.057701773723548,1.0459058546619688,1263400
2021-08-13,1.0301775932312012,1.053769518788452,1.0301775932312012,3749600
2021-08-16,1.057701587677002,1.057701587677002,1.022313742971249,3032600
2021-08-17,1.0734295845031738,1.0812935299486046,1.041973802721451,4502000
2021-08-18,1.0891573429107666,1.0891573429107666,1.0616335371997083,2060400
2021-08-19,1.1009533405303955,1.1127492581303444,1.0812934778638137,7763200
2021-08-20,1.1127492189407349,1.1206131637304095,1.0970213293613855,3876200
2021-08-23,1.1481373310089111,1.1481373310089111,1.1166814507958414,5523000
2021-08-24,1.1481373310089111,1.15206930431734,1.1324094377751954,4818400
2021-08-25,1.1599328517913818,1.1638648237467857,1.140272992014363,5312000
2021-08-26,1.2031846046447754,1.2189124932682711,1.1481369944625393,15719800
2021-08-27,1.2071166038513184,1.214980548339292,1.187456742631384,5522800
2021-08-30,1.18352472782135,1.218912476744494,1.18352472782135,6775400
2021-09-01,1.1992530822753906,1.2031850559059731,1.187457161383643,2783800
2021-09-02,1.211048603057861,1.2267764923839717,1.2031846583948065,6171000
2021-09-03,1.238572597503662,1.250368515397096,1.2031847500777375,9358400
2021-09-06,1.242504596710205,1.2464365694254491,1.2228446393883612,3264400
2021-09-07,1.2660964727401731,1.2700284455788289,1.2425046357082412,7546600
2021-09-08,1.258232355117798,1.2739602443231082,1.2189125383589083,13499200
2021-09-09,1.211048603057861,1.2425044754556966,1.1992526860632788,10192400
2021-09-10,1.211048603057861,1.222844520052444,1.211048603057861,1041400
2021-09-13,1.2189126014709473,1.2189126014709473,1.203184711451289,1922200
2021-09-14,1.1992530822753906,1.2228449240588852,1.1992530822753906,2931200
2021-09-15,1.18352472782135,1.2031845883342078,1.1795927557187786,5049600
2021-09-17,1.1677968502044678,1.1874567108990324,1.159932905926642,9093000
2021-09-20,1.1756609678268433,1.1992528041388035,1.1638650496708631,6751400
2021-09-21,1.1795927286148071,1.1874566726392572,1.1638648405659069,2242600
2021-09-22,1.1756609678268433,1.1874568859828234,1.167797022389523,4145000
2021-09-23,1.2071166038513184,1.214980548339292,1.1756608258994234,3565600
2021-09-24,1.2071166038513184,1.2071166038513184,1.191388714875371,4096400
2021-09-27,1.211048603057861,1.222844520052444,1.1992526860632788,5375000
2021-09-28,1.195320725440979,1.211048614921158,1.1795928359608003,4290800
2021-09-29,1.1874568462371826,1.2110486817594952,1.1795929010630786,1737800
2021-09-30,1.18352472782135,1.238572431002961,1.1795927557187786,6645000
2021-10-01,1.1717290878295898,1.183525006919006,1.1677971147997843,3828200
2021-10-04,1.195320725440979,1.195320725440979,1.1677969188506665,3776800
2021-10-05,1.1795927286148071,1.1953206166637074,1.175660756602582,3071600
2021-10-06,1.211048603057861,1.211048603057861,1.1756608520741136,3869000
2021-10-07,1.1874568462371826,1.2110486817594952,1.1874568462371826,2360200
2021-10-08,1.1913888454437256,1.203184763468441,1.1874568727688204,1760600
2021-10-11,1.211048603057861,1.2307085584611142,1.2031846583948065,4906800
2021-10-12,1.2031846046447754,1.2228444654241453,1.1992526324889012,5115000
2021-10-13,1.281824231147766,1.2896881760094516,1.207116661216136,17457400
2021-10-14,1.2896881103515625,1.2936200825822288,1.2660962769675637,8127200
2021-10-15,1.3054161071777344,1.3093480797334112,1.2739603267323207,7456800
2021-10-18,1.3054161071777344,1.325075969956118,1.3014841346220578,6446800
2021-10-20,1.281824231147766,1.3054160657328229,1.2778922587169232,4632000
2021-10-21,1.2660964727401731,1.2818243640947946,1.2307087171922753,18937800
2021-10-22,1.2543004751205444,1.2700283654832714,1.2464365299391809,2465400
2021-10-25,1.2503684759140017,1.2582324209279698,1.2464365034070173,1265600
2021-10-26,1.2739603519439695,1.2739603519439695,1.2464365435095373,3013600
2021-10-27,1.2621644735336304,1.2778923645596802,1.258232500777118,3193200
2021-10-28,1.2700283527374268,1.2739603252886478,1.250368489981322,1691800
2021-10-29,1.2739603519439695,1.2778923245774605,1.2503685161430276,2371400
2021-11-01,1.1913888454437256,1.2464365566380202,1.1874568727688204,12051600
2021-11-02,1.2031846046447754,1.2031846046447754,1.1913886881771534,3596200
2021-11-03,1.2031846046447754,1.207116576800649,1.1874567160212792,3076000
2021-11-05,1.2189126014709473,1.2189126014709473,1.1992527389463743,2562000
2021-11-08,1.1992530822753906,1.2189129504283027,1.1953211086448083,1026200
2021-11-09,1.2031846046447754,1.2031846046447754,1.1835247438654053,2304600
2021-11-10,1.1913888454437256,1.203184763468441,1.1874568727688204,907800
2021-11-11,1.18352472782135,1.1913886720264932,1.1795927557187786,1081400
2021-11-12,1.195320725440979,1.195320725440979,1.183524808330845,1049600
2021-11-15,1.2149806022644043,1.2385725305210311,1.2031846850088994,5704200
2021-11-16,1.1874568462371826,1.2189126269335993,1.1874568462371826,1937200
2021-11-17,1.2189126014709473,1.2189126014709473,1.183524848926716,2561200
2021-11-18,1.2031846046447754,1.2267764375800194,1.1953206603330273,962000
2021-11-19,1.18352472782135,1.1992526162316364,1.18352472782135,2012800
2021-11-22,1.1874568462371826,1.199252763998339,1.1874568462371826,1636600
2021-11-23,1.1638648509979248,1.187456683282735,1.1599328789504566,3752400
2021-11-24,1.1324092149734497,1.1717289403215752,1.1245451761582048,6748800
2021-11-25,1.1324092149734497,1.1402731600430749,1.1324092149734497,2329800
2021-11-26,1.1166813373565674,1.132409322738177,1.112749364447572,3504600
2021-11-29,1.104885220527649,1.12847705375169,1.085225359507615,4141600
2021-11-30,1.1520692110061646,1.1520692110061646,1.112749387360923,5052400
2021-12-01,1.140273094177246,1.1442050664849353,1.1245451112008746,1760800
2021-12-02,1.104885220527649,1.12847705375169,1.104885220527649,2076600
2021-12-06,1.1166813373565674,1.1166813373565674,1.1009534457205865,3625800
2021-12-07,1.1088173389434814,1.128477202555921,1.1048853662209934,2151400
2021-12-08,1.1481373310089111,1.159933250934198,1.1127494774874125,3323400
2021-12-09,1.1638648509979248,1.1638648509979248,1.140273018713115,2988000
2021-12-10,1.1638648509979248,1.1638648509979248,1.1520689348555198,642400
2021-12-13,1.1363409757614136,1.16386477837629,1.1284769384115607,2062200
2021-12-14,1.104885220527649,1.1402730641093224,1.104885220527649,2450600
2021-12-15,1.1166813373565674,1.132409322738177,1.1088173915385768,1213400
2021-12-16,1.1088173389434814,1.1402732144690098,1.1088173389434814,1869000
2021-12-17,1.140273094177246,1.1520690111003138,1.1088172219701178,2766000
2021-12-20,1.1324092149734497,1.1481371051126998,1.1284771486930174,1679600
2021-12-21,1.1481373310089111,1.1481373310089111,1.124545397412699,1526800
2021-12-22,1.140273094177246,1.1520690111003138,1.136341121869557,2102800
2021-12-23,1.1481373310089111,1.1481373310089111,1.1363414110836243,5180800
2021-12-24,1.140273094177246,1.1481370387926244,1.1324091495618676,3652800
2021-12-27,1.1599328517913818,1.1677967957021893,1.140272992014363,1750000
2021-12-28,1.1638648509979248,1.179592739187798,1.1520689348555198,2165600
2021-12-29,1.1638648509979248,1.1677968230453932,1.1560009069029882,1156200
2021-12-30,1.1677968502044678,1.1717288223433806,1.152068961648816,2123200
2021-12-31,1.140273094177246,1.1677969003310706,1.136341121869557,3883400
2022-01-03,1.1284770965576172,1.148137052069014,1.1206131518513047,3861800
2022-01-04,1.1245452165603638,1.1363412283342231,1.120613243884285,2084000
2022-01-05,1.1284770965576172,1.1363411350095451,1.1206131518513047,2558200
2022-01-06,1.1481373310089111,1.1638652242426268,1.1206134241042702,5809200
2022-01-07,1.1599328517913818,1.1638648237467857,1.144204963969767,2539200
2022-01-10,1.140273094177246,1.159932955715692,1.128477083508564,2069400
2022-01-11,1.1324092149734497,1.1442051325778877,1.1284771486930174,4206000
2022-01-12,1.144205093383789,1.1520690381840393,1.132409176183414,3414600
2022-01-13,1.1481373310089111,1.156001277625769,1.1402733843920532,3494200
2022-01-14,1.1363409757614136,1.1560008347720396,1.1324090039592882,1286400
2022-01-17,1.1284770965576172,1.1402731073627017,1.1206131518513047,3384000
2022-01-19,1.1088173389434814,1.128477202555921,1.1048853662209934,3289800
2022-01-20,1.1088173389434814,1.1206132571109453,1.1088173389434814,3774800
2022-01-21,1.0930893421173096,1.1166811761658464,1.0891573697758867,4329200
2022-01-24,1.1009533405303955,1.1088172855970282,1.0930893954637628,834800
2022-01-25,1.1009533405303955,1.1088172855970282,1.1009533405303955,1377400
2022-01-26,1.1009533405303955,1.1127492581303444,1.1009533405303955,484000
2022-01-27,1.1088173389434814,1.1088173389434814,1.0970214207760174,699400
2022-01-28,1.0930893421173096,1.1088172314830007,1.0891573697758867,3901400
2022-01-31,1.0891573429107666,1.0970212873996406,1.0891573429107666,642800
2022-02-03,1.1166813373565674,1.1245452831745577,1.0891575269936005,790000
2022-02-04,1.1009533405303955,1.1166812306636609,1.097021367997079,991200
2022-02-07,1.1009533405303955,1.1088172855970282,1.097021367997079,1484400
2022-02-08,1.1166813373565674,1.1166813373565674,1.1009534457205865,4565000
2022-02-09,1.1407822370529177,1.1407822370529177,1.1247148964389038,2282000
2022-02-10,1.1287317276000977,1.156849669344073,1.1287317276000977,1835400
2022-02-11,1.1528328657150269,1.1568497970667184,1.1247150166355888,1705800
2022-02-14,1.1528328657150269,1.1568497970667184,1.14881603013225,3881600
2022-02-15,1.1488157510757446,1.1568495160587473,1.144798916468689,2427600
2022-02-16,1.15684974193573,1.1729170835011302,1.14479913999277,7309600
2022-02-17,1.1648832559585571,1.1729169256601557,1.160866421107758,7434600
2022-02-18,1.1608664989471436,1.1689001691874223,1.156849663827004,5774800
2022-02-21,1.2050518989562988,1.2130855706211603,1.1648835406319904,14503000
2022-02-22,1.1930012702941897,1.2090686119920648,1.1809507640207828,3786000
2022-02-23,1.1729170083999634,1.225135865143972,1.1689001732658089,3407800
2022-02-24,1.1488157510757446,1.1809505237010818,1.1327484126475218,5768000
2022-02-25,1.1528328657150269,1.172917139397826,1.144799194549473,3134400
2022-02-28,1.15684974193573,1.17693391889248,1.15684974193573,2122600
2022-03-01,1.2452200651168823,1.2492369003294308,1.1608665256533652,21620200
2022-03-02,1.2934222221374512,1.3054727281356653,1.2452201023756864,16964200
2022-03-03,1.3014557361602783,1.3094894058588251,1.2853883967631845,9187800
2022-03-04,1.2693209648132324,1.3054724758206977,1.2492366962624173,12973800
2022-03-07,1.2532538175582886,1.2934222680814105,1.2452201466074466,6506000
2022-03-08,1.229152798652649,1.2452201404752072,1.2171022922857302,3126000
2022-03-09,1.2492367029190063,1.265304136999052,1.2291525300300623,4579000
2022-03-10,1.2894052267074585,1.3054725660434312,1.2532536174326234,10842000
2022-03-11,1.277354717254639,1.2934220565283363,1.2733378824362145,6957800
2022-03-14,1.2452200651168823,1.2894053482238208,1.2452200651168823,8513200
2022-03-15,1.2452200651168823,1.2572706665234334,1.2331695594792371,13025600
2022-03-16,1.3416242599487305,1.3617085325881926,1.2492369505752794,26241400
2022-03-17,1.357691764831543,1.3858096138506768,1.3416243267659809,13998400
2022-03-18,1.3255566358566284,1.361708242285365,1.3255566358566284,12634800
2022-03-21,1.3416242599487305,1.3617085325881926,1.3255569184522884,6168600
2022-03-22,1.3496578931808472,1.3536747284433026,1.3376073873934806,5400600
2022-03-23,1.361708402633667,1.365725237624431,1.3456409669017098,9527200
2022-03-24,1.3697420358657837,1.397859880046747,1.3617083660997942,8331200
2022-03-25,1.4018768072128296,1.4420451586869891,1.3817926314757498,20750000
2022-03-28,1.3697420358657837,1.4099103846957313,1.365725200982789,5756000
2022-03-29,1.3737590312957764,1.3777758666482065,1.3456410880598575,5079000
2022-03-30,1.3697420358657837,1.4099103846957313,1.3576915312167994,7315800
2022-03-31,1.3898261785507202,1.397859848133299,1.3657251698029829,7131600
2022-04-01,1.4018768072128296,1.4139273126550775,1.389826301770582,8188000
2022-04-05,1.434011459350586,1.466146235648025,1.393843108689915,20670800
2022-04-06,1.4420452117919922,1.454095717678014,1.434011541201311,6833000
2022-04-07,1.4380284547805786,1.454095796836621,1.4259779482385468,11368000
2022-04-08,1.4420452117919922,1.4460620470873329,1.434011541201311,6829600
2022-04-11,1.4219610691070557,1.4540957522334357,1.393843221371473,7531400
2022-04-12,1.4500788450241089,1.4621294463685772,1.4139273282974194,8905800
2022-04-13,1.4500788450241089,1.4661462815604316,1.4380283394485456,5488600
2022-04-14,1.4661462306976318,1.4661462306976318,1.4420451246137036,7668200
2022-04-15,1.4500788450241089,1.4661462815604316,1.4460620098322543,2219200
2022-04-18,1.4460619688034058,1.4540956389591768,1.438028298647635,2078200
2022-04-20,1.5063146352767944,1.5063146352767944,1.4540956819514577,8690600
2022-04-21,1.4781968593597412,1.506314707076542,1.474180023971627,4909600
2022-04-22,1.4621294736862185,1.482213650020732,1.4460620368497,5038800
2022-04-25,1.4299947023391724,1.45007887876578,1.425977867053851,6844800
2022-04-26,1.4500788450241089,1.4540956802159632,1.4299946690648369,8444800
2022-04-27,1.4460619688034058,1.4701630750396213,1.438028298647635,3579800
2022-04-28,1.474179744720459,1.478196579347672,1.4540954758155036,6182400
2022-04-29,1.4942643642425537,1.5022980358969018,1.4781970209338575,7486400
2022-05-05,1.4942643642425537,1.506314871724076,1.4822138567610317,5114800
2022-05-06,1.454095482826233,1.4982807597074983,1.454095482826233,5129000
2022-05-09,1.454095482826233,1.4781965864746016,1.454095482826233,4514400
2022-05-10,1.474179744720459,1.474179744720459,1.429994468052227,2454000
2022-05-11,1.4621294736862185,1.4902473205545377,1.4540957073835057,2316600
2022-05-12,1.4500788450241089,1.4661462815604316,1.4340115042566912,3323800
2022-05-13,1.434011459350586,1.4581125655158909,1.434011459350586,2357800
2022-05-17,1.4460619688034058,1.4581125698059647,1.4340114635697494,1979600
2022-05-18,1.4661462306976318,1.4661462306976318,1.438028289561199,1479800
2022-05-19,1.434011459350586,1.4581125655158909,1.4179441190863176,1662800
2022-05-20,1.4420452117919922,1.4500788823826736,1.434011541201311,1635800
2022-05-23,1.454095482826233,1.454095482826233,1.4380281442399154,1179400
2022-05-24,1.41392719745636,1.4540955456578315,1.4099103626362126,3184000
2022-05-25,1.3978599309921265,1.4179441061390734,1.381792590874569,5614200
2022-05-26,1.4058935642242432,1.4099103991484137,1.3978598943759022,2664600
2022-05-27,1.4380284547805786,1.4420452902945893,1.4058937706684935,1200200
2022-05-30,1.4460619688034058,1.4460619688034058,1.429994628491864,2951000
2022-05-31,1.4299947023391724,1.45007887876578,1.4299947023391724,1680400
2022-06-01,1.4219610691070557,1.4340115752794482,1.401876892153068,2754600
2022-06-02,1.4219610691070557,1.4340115752794482,1.4139273983254603,1335000
2022-06-03,1.4219610691070557,1.4340115752794482,1.4179442337162582,1109400
2022-06-07,1.41392719745636,1.4460618760175372,1.3657251796145935,6208600
2022-06-08,1.4460619688034058,1.4460619688034058,1.3938431127908946,1569000
2022-06-09,1.4219610691070557,1.4701631895655356,1.4139273983254603,8903400
2022-06-10,1.41392719745636,1.4420450411973902,1.397859858175771,4280400
2022-06-13,1.3737590312957764,1.4099105494676465,1.3737590312957764,3013200
2022-06-14,1.357691764831543,1.3697422715540288,1.337607491191819,3551800
2022-06-15,1.357691764831543,1.373759107128191,1.3496579979143049,651000
2022-06-16,1.3657253980636597,1.3777759044515911,1.3576917271383722,4636000
2022-06-17,1.4460619688034058,1.4460619688034058,1.341624161009481,7002800
2022-06-20,1.357691764831543,1.438028476314782,1.3536748334884667,7109000
2022-06-21,1.4058935642242432,1.4058935642242432,1.361708380058368,3424800
2022-06-22,1.3456408977508545,1.4058935152849088,1.3376072281821667,4043400
2022-06-23,1.3657253980636597,1.381792739914235,1.3536747959068165,6507200
2022-06-24,1.3657253980636597,1.3737590689889474,1.3576917271383722,5522800
2022-06-27,1.361708402633667,1.381792577587488,1.3576915676429029,7392000
2022-06-28,1.3737590312957764,1.3737590312957764,1.3496579234122876,2724000
2022-06-29,1.3737590312957764,1.3858095373530663,1.3617085252384866,3648200
2022-06-30,1.4380284547805786,1.4420452902945893,1.389826428612451,15328600
2022-07-01,1.4259779453277588,1.4340116163393812,1.4179442743161363,4031400
2022-07-04,1.4259779453277588,1.4621295606489724,1.409910603304514,6302400
2022-07-05,1.4380284547805786,1.4581127281195447,1.4179442772105255,2659200
2022-07-06,1.4099105596542358,1.4380284073243967,1.4099105596542358,3146000
2022-07-07,1.4259779453277588,1.4420452873510037,1.405893767798703,3504800
2022-07-08,1.4420452117919922,1.4420452117919922,1.4179442000199485,2270400
2022-07-12,1.4420452117919922,1.4500788823826736,1.434011541201311,2250200
2022-07-13,1.4299947023391724,1.4420452081951372,1.4219610317685294,1317400
2022-07-14,1.4420452117919922,1.454095717678014,1.42597787061063,4076400
2022-07-15,1.4380284547805786,1.4460621258086,1.4259779482385468,1334400
2022-07-18,1.4621294736862185,1.466146308953121,1.4340115310489916,3477400
2022-07-19,1.454095482826233,1.462129247888284,1.434011309593336,6472600
2022-07-20,1.454095482826233,1.4902470904143397,1.446061813533074,7001400
2022-07-21,1.4661462306976318,1.4741799008026406,1.446061959666208,2680000
2022-07-22,1.4822134971618652,1.4822134971618652,1.4661461577512591,3685000
2022-07-25,1.486230492591858,1.4982809984517895,1.482213657305214,2931000
2022-07-26,1.4781968593597412,1.48623053013597,1.474180023971627,3154400
2022-07-27,1.474179744720459,1.4822134139748846,1.4701629100932463,3984800
2022-07-28,1.4982808828353882,1.5143482227421108,1.4701630379986237,8517000
2022-07-29,1.5063146352767944,1.510331470473443,1.4982809648834972,2458400
2022-08-01,1.5022977590560913,1.5263987695778434,1.5022977590560913,5572200
2022-08-02,1.4942643642425537,1.5022980358969018,1.4862306925882056,2624600
2022-08-03,1.510331392288208,1.510331392288208,1.4822135473672429,2352000
2022-08-04,1.547069430351257,1.547069430351257,1.506249694981274,3410200
2022-08-05,1.526659369468689,1.5389052885299723,1.5184954234278336,1155600
2022-08-08,1.547069430351257,1.547069430351257,1.5266595626662658,1912600
2022-08-09,1.5307414531707764,1.5552332930642478,1.5266594798551978,5814000
2022-08-10,1.5389052629470823,1.54706920885222,1.5225773711368078,4691000
2022-08-11,1.5593150854110718,1.5593150854110718,1.5389052212018774,4275200
2022-08-12,1.5593150854110718,1.5633970582529104,1.5429871940437163,3137200
2022-08-15,1.5552332401275637,1.5593152133042008,1.5429873205976516,3887000
2022-08-16,1.5715612173080444,1.5715612173080444,1.547069376931745,3674400
2022-08-17,1.5593150854110718,1.5715610039365882,1.551151139727394,3932800
2022-08-18,1.54298734664917,1.5674791861225092,1.54298734664917,4270400
2022-08-19,1.514413595199585,1.555233329306613,1.514413595199585,4517200
2022-08-22,1.5184955596923828,1.5307414798525727,1.5144135863056527,6004000
2022-08-23,1.5307414531707764,1.5307414531707764,1.514413559908462,6623000
2022-08-24,1.5307414531707764,1.542987373117512,1.5225775065396192,3667600
2022-08-25,1.547069430351257,1.555233377425254,1.530741536203264,5966200
2022-08-26,1.5552332401275637,1.5593152133042008,1.5429873205976516,4179000
2022-08-29,1.5225774049758911,1.555233189322211,1.5184954319326012,4825400
2022-08-30,1.5593150854110718,1.5593150854110718,1.5184953569926831,5733400
2022-09-01,1.5593150854110718,1.5633970582529104,1.5348232483600388,6179000
2022-09-02,1.5715612173080444,1.5878892082141665,1.555233323723845,7815400
2022-09-05,1.5878890752792358,1.5878890752792358,1.5674791126857457,9153200
2022-09-06,1.6368728876113892,1.6368728876113892,1.5838071393398354,16223000
2022-09-07,1.612380862236023,1.6327907268573576,1.596052970538955,17264400
2022-09-08,1.6246269941329956,1.6572827818110298,1.6082991002939784,21894400
2022-09-09,1.6246269941329956,1.632790941052504,1.6123810737537323,10708400
2022-09-12,1.6082991361618042,1.63279097746654,1.5878892684078578,10773000
2022-09-13,1.612380862236023,1.6205448080845568,1.6001349434632222,12426200
2022-09-14,1.5878890752792358,1.6042169674964966,1.5674791126857457,13351600
2022-09-15,1.612380862236023,1.612380862236023,1.5674790627471753,19504000
2022-09-19,1.612380862236023,1.6205448080845568,1.5715610356714422,12403800
2022-09-20,1.6246269941329956,1.632790941052504,1.6123810737537323,10387800
2022-09-21,1.612380862236023,1.6327907268573576,1.608298889311756,11023000
2022-09-22,1.6327910423278809,1.6491189371796509,1.5960532789113984,16807200
2022-09-23,1.6164629459381104,1.6491187315701796,1.6164629459381104,9568200
2022-09-26,1.6164629459381104,1.6409547851621622,1.6082989995300931,10613000
2022-09-27,1.583807110786438,1.628708814626628,1.583807110786438,9205000
2022-09-28,1.5715612173080444,1.5838072348181165,1.5348234567435954,12600200
2022-09-29,1.5715612173080444,1.5797251641001442,1.555233323723845,9677000
2022-09-30,1.6042169332504272,1.6327907440206533,1.571561052191114,29077200
2022-10-03,1.5919710397720337,1.6205448509985718,1.587889066739671,28034600
2022-10-04,1.596053123474121,1.6123810167357415,1.5878891768433108,19560400
2022-10-05,1.6164629459381104,1.6450368556880888,1.5960530799180672,20208400
2022-10-06,1.6246269941329956,1.6368730118341823,1.604217126834224,27930600
2022-10-07,1.612380862236023,1.6409546727058917,1.604216916387489,22607200
2022-10-11,1.6205449104309082,1.6327908299771063,1.6001350445205778,17264200
2022-10-12,1.6287087202072144,1.640954638726437,1.6123808288482502,22122400
2022-10-13,1.612380862236023,1.6327907268573576,1.608298889311756,18681600
2022-10-14,1.5919710397720337,1.6327907700956596,1.5919710397720337,16854400
2022-10-17,1.510331392288208,1.5838069998378796,1.498085473916914,44228800
2022-10-18,1.5225774049758911,1.5307413510624712,1.4695116580912069,46319600
2022-10-19,1.4899216890335083,1.542987341032581,1.4899216890335083,27435600
2022-10-20,1.4980854988098145,1.530741281675889,1.489921553093296,36883200
2022-10-21,1.5307414531707764,1.542987373117512,1.4980856666461475,19023400
2022-10-25,1.5633971691131592,1.5960530514854026,1.530741384062832,21641000
2022-10-26,1.5715612173080444,1.5919711816102162,1.563397270515945,9923600
2022-10-27,1.6042169332504272,1.6042169332504272,1.571561052191114,10282400
2022-10-28,1.5674790143966677,1.6042168669037642,1.5674790143966677,4286400
2022-10-31,1.5715612173080444,1.5919711816102162,1.5593152971198947,10594600
2022-11-01,1.5552332401275637,1.5715611328341126,1.5511512669509262,12393800
2022-11-02,1.526659369468689,1.5715610726933946,1.510331477386978,12042800
2022-11-03,1.4980854988098145,1.5348232545341485,1.4940035259515552,10098400
2022-11-04,1.510331392288208,1.522577310659502,1.498085473916914,7123400
2022-11-07,1.5307414531707764,1.5307414531707764,1.485839746699412,12618800
2022-11-08,1.4940037727355957,1.5307415345283837,1.4858398256705316,11687600
2022-11-09,1.4899216890335083,1.502167608725602,1.477675672019496,10331000
2022-11-10,1.510331392288208,1.522577310659502,1.4817575827551888,15855600
2022-11-11,1.5307414531707764,1.5511513197486693,1.514413559908462,15679600
2022-11-14,1.5225774049758911,1.5307413510624712,1.510331485846021,11347400
2022-11-15,1.510331392288208,1.5184953378690706,1.4899215283360514,13134600
2022-11-16,1.4613478183746338,1.5144135691219196,1.4613478183746338,21081600
2022-11-17,1.4817577600479126,1.4940036798844345,1.4654297696106309,16293600
2022-11-21,1.4899216890335083,1.498085635494904,1.4572658058660066,7820400
2022-11-22,1.502167582511902,1.502167582511902,1.4695116999142643,12650000
2022-11-23,1.5389052629470823,1.5593151277099262,1.5307413170419453,23545400
2022-11-24,1.5919710397720337,1.6327907700956596,1.5429872660617687,44569000
2022-11-25,1.5756431818008425,1.6205449862255936,1.563397261681889,21168400
2022-11-29,1.5674790143966677,1.6042168669037642,1.5674790143966677,13655800
2022-11-30,1.6246269941329956,1.6246269941329956,1.5715612418342657,31474800
2022-12-01,1.612380862236023,1.6532006888006037,1.608298889311756,17263800
2022-12-02,1.6001349687576294,1.6205448337015964,1.5919710227800423,7443600
2022-12-05,1.596053123474121,1.6123810167357415,1.5878891768433108,18623000
2022-12-06,1.6001349687576294,1.6205448337015964,1.596052995768836,14667000
2022-12-07,1.583807110786438,1.6123809223211043,1.583807110786438,23005600
2022-12-08,1.6082991361618042,1.6164630832633828,1.5878892684078578,15183200
2022-12-09,1.6042169332504272,1.6042169332504272,1.575643025158289,21713200
2022-12-12,1.5715612173080444,1.608299075194416,1.551151350327795,27310000
2022-12-13,1.644025206565857,1.644025206565857,1.5760902396245895,27684600
2022-12-14,1.6259092092514038,1.6440252804348077,1.5942062736448486,14339400
2022-12-15,1.6349670886993408,1.6349670886993408,1.6123221361095317,14154800
2022-12-16,1.6349670886993408,1.6349670886993408,1.60779314559157,12924800
2022-12-19,1.6757279634475708,1.6757279634475708,1.6440250326198125,16381600
2022-12-20,1.6711992025375366,1.6757281932769477,1.6485542488404812,12564800
2022-12-21,1.6576122045516968,1.6711991765587204,1.653083213882689,12375000
2022-12-22,1.6757279634475708,1.6983729140388266,1.6530830128563148,13529200
2022-12-23,1.70290207862854,1.7074310692108106,1.6621411633881045,10813400
2022-12-27,1.7255470752716064,1.7300760659686585,1.6938441403922433,9531400
2022-12-28,1.7119600772857666,1.725547049171409,1.689315124143029,10559000
2022-12-29,1.6983728408813477,1.7210177904971715,1.693843850958183,8413200
2022-12-30,1.6983728408813477,1.7164888005740069,1.693843850958183,6757400
2023-01-03,1.7119600772857666,1.716489067914314,1.6757281522573866,6988600
2023-01-04,1.7300758361816406,1.7300758361816406,1.69837290551303,11766400
2023-01-05,1.7210180759429932,1.7300760572916678,1.7119600945943183,7304800
2023-01-06,1.7391339540481567,1.7436629445022025,1.7119600113238849,14583400
2023-01-09,1.784423828125,1.784423828125,1.73913381911869,18057400
2023-01-10,1.7798950672149658,1.7798950672149658,1.7527210151201886,9498800
2023-01-11,1.784423828125,1.7889528182276668,1.7617788776116656,15292400
2023-01-12,1.7617789506912231,1.7844239021438824,1.7572499604006913,9642400
2023-01-13,1.7481920719146729,1.7753661247474888,1.7481920719146729,10702600
2023-01-16,1.7798950672149658,1.7889530485866731,1.7527210151201886,11935400
2023-01-17,1.7889528274536133,1.7889528274536133,1.766307876823495,8398800
2023-01-18,1.7889528274536133,1.7889528274536133,1.766307876823495,7917200
2023-01-19,1.775365948677063,1.788952919756165,1.7708369583173622,7561200
2023-01-20,1.7934818267822266,1.802539807080752,1.770836876035914,16233200
2023-01-25,1.7798950672149658,1.802540020644234,1.7798950672149658,5564400
2023-01-26,1.7617789506912231,1.7889528924344142,1.7572499604006913,5579400
2023-01-27,1.784423828125,1.807068778638334,1.7617788776116656,13624400
2023-01-30,1.7617789506912231,1.798010873015478,1.7617789506912231,7776200
2023-01-31,1.8031785488128664,1.8031785488128664,1.7617789719307662,13376000
2023-02-02,1.7663788795471191,1.793978633507084,1.761778938832331,10357600
2023-02-03,1.7755787372589111,1.7939786095435188,1.7617789152988823,9837800
2023-02-07,1.7525792121887207,1.7801788589150205,1.7525792121887207,9185000
2023-02-08,1.7479791641235352,1.7709788683216263,1.743379223283917,8065200
2023-02-09,1.7387794256210327,1.7617791317129945,1.7387794256210327,13362600
2023-02-10,1.7985786199569702,1.8261782649475145,1.7387792794728845,22800800
2023-02-13,1.8077783584594729,1.812378298926953,1.784778656122071,15436600
2023-02-14,1.8261784315109253,1.830778372762237,1.7939788427517405,20117800
2023-02-15,1.8261784315109253,1.8445783061874244,1.7939788427517405,15256400
2023-02-16,1.8077783584594729,1.8353780012643544,1.8077783584594729,13567000
2023-02-17,1.7939786911010742,1.826178277138327,1.77097887711751,16979800
2023-02-20,1.8123784065246584,1.8123784065246584,1.7801787116694254,13500200
2023-02-21,1.8169782161712649,1.8169782161712649,1.7985784545365144,11301200
2023-02-22,1.8675776720047,1.8767775533705369,1.8123783838096776,32123600
2023-02-23,1.908977031707764,1.991775954626668,1.858377580252765,65609200
2023-02-24,1.9319769144058228,1.9641766100714968,1.8997774380826309,43377600
2023-02-27,1.9319769144058228,1.9871764240244751,1.922777032693128,32024800
2023-02-28,1.9319769144058228,1.97797654231178,1.8951773875550424,350807200
2023-03-01,1.9503765106201167,1.9503765106201167,1.904377106000296,22162600
2023-03-02,1.9135771989822388,1.9411768448126567,1.908977367681746,11317000
2023-03-03,1.908977031707764,1.9319766228473456,1.904376981874378,10262800
2023-03-06,1.885977387428284,1.9089771999371827,1.8767775062932173,14134400
2023-03-07,1.9319769144058228,1.941176796118518,1.8859775058423476,24674800
2023-03-08,1.9917763471603396,1.9917763471603396,1.927377172198473,18614200
2023-03-09,1.908977031707764,1.973376193978022,1.908977031707764,25149800
2023-03-10,1.8951773643493648,1.922777009149504,1.8813776516205352,14240400
2023-03-13,1.885977387428284,1.8905774376670503,1.8491778628880196,13074800
2023-03-14,1.8767776489257808,1.8859775307600255,1.8491780034230476,12165800
2023-03-15,1.8675776720047,1.899777366456366,1.8675776720047,10020600
2023-03-16,1.8537780046463013,1.8721777678248144,1.83077819100192,10383800
2023-03-17,1.964176893234253,1.964176893234253,1.8445784137274728,16602000
2023-03-20,1.8813776969909668,1.9549767515662173,1.8767776464087715,11872800
2023-03-21,1.8997776508331297,1.913577365276321,1.858378068818544,8802800
2023-03-22,1.8767776489257808,1.8997774631826352,1.8629779358456569,5832600
2023-03-23,1.9043772220611568,1.9135771035458011,1.8583778146379364,13744800
2023-03-24,1.885977387428284,1.9273769622073147,1.8767775062932173,14654400
2023-03-27,1.9181771278381348,1.9227769588465795,1.8721777210413213,15114800
2023-03-28,1.8813776969909668,1.9043772918744903,1.8721778151690605,7841200
2023-03-29,1.8583776950836184,1.8813775069868288,1.835377992851639,20683800
2023-03-30,1.8721778392791748,1.8859775525185063,1.8629779573387917,7645400
2023-03-31,1.8767776489257808,1.8813776995141456,1.8445781721771672,8575800
2023-04-03,1.8721778392791748,1.8859775525185063,1.8675777886377396,4506400
2023-04-04,1.9043772220611568,1.9043772220611568,1.8629778650514963,8692000
2023-04-05,1.8675776720047,1.904377197468048,1.8675776720047,5778800
2023-04-06,1.9043772220611568,1.9043772220611568,1.8721777465361409,5572000
2023-04-07,1.8721778392791748,1.8951774344588896,1.8721778392791748,4270800
2023-04-10,1.8767776489257808,1.8997774631826352,1.872177817679901,5942800
2023-04-11,1.885977387428284,1.904377149698416,1.8767775062932173,5229000
2023-04-12,1.9273768663406368,1.941176577685612,1.8813774629532924,8067200
2023-04-13,1.9411768913269043,1.9411768913269043,1.9135772448351465,15528200
2023-04-14,1.9319769144058228,1.9457768466461065,1.9181772015080207,6636200
2023-04-17,1.885977387428284,1.9319767931036136,1.8767775062932173,7587400
2023-04-18,1.9043772220611568,1.9181771539593615,1.8859774590918688,10827200
2023-04-19,1.908977031707764,1.908977031707764,1.8951771015500556,5243400
2023-04-20,1.8905775547027588,1.9089773181119236,1.8859775041792268,4882800
2023-04-25,1.908977031707764,1.908977031707764,1.8859772212257329,2780200
2023-04-26,1.8721778392791748,1.8905776031599415,1.8629779573387917,8006600
2023-04-27,1.908977031707764,1.9181769120320864,1.8629776300861505,6790800
2023-04-28,1.908977031707764,1.9181769120320864,1.8859772212257329,11592200
2023-05-02,1.908977031707764,1.908977031707764,1.8905772710591184,5598400
2023-05-03,1.8905775547027588,1.9089773181119236,1.8859775041792268,2981800
2023-05-05,1.885977387428284,1.8905774376670503,1.8767775062932173,2991200
2023-05-08,1.885977387428284,1.8951772685633497,1.8767775062932173,3072600
2023-05-09,1.9227770566940308,1.9227770566940308,1.872177816313848,5275800
2023-05-10,1.908977031707764,1.908977031707764,1.8905772710591184,3518600
2023-05-11,1.8951773643493648,1.9135771275494575,1.8767776011492725,6367600
2023-05-12,1.8905775547027588,1.9089773181119236,1.8905775547027588,1813200
2023-05-15,1.908977031707764,1.908977031707764,1.87677734090141,4862600
2023-05-16,1.8767776489257808,1.8997774631826352,1.8767776489257808,3328600
2023-05-17,1.8951773643493648,1.899777414820628,1.8491779563491335,3840800
2023-05-18,1.8767776489257808,1.8905775813483905,1.8767776489257808,2934400
2023-05-19,1.8767776489257808,1.8905775813483905,1.872177817679901,2868000
2023-05-22,1.8951773643493648,1.9089772964206744,1.872177770020489,5608000
2023-05-23,1.908977031707764,1.927376792356409,1.8951771015500556,9385600
2023-05-24,1.8997776508331297,1.913577365276321,1.890577768090167,6038000
2023-05-25,1.8767776489257808,1.90897734501688,1.8767776489257808,6006800
2023-05-26,1.8767776489257808,1.8951774125942704,1.872177817679901,3952400
2023-05-29,1.8997776508331297,1.9089775335760928,1.8721780026042412,6910600
2023-05-30,1.9595767259597776,1.9595767259597776,1.8859774549035933,10602000
2023-05-31,2.0423758029937744,2.0423758029937744,1.913577234080297,43654400
2023-06-01,1.9595767259597776,2.005576133280846,1.94577679409222,10482400
2023-06-02,1.9595767259597776,1.9733764384848604,1.94577679409222,9876600
2023-06-06,1.9503765106201167,1.9779763727344728,1.941176629696153,10254600
2023-06-07,1.9549766778945925,1.964176559369809,1.9319768645353128,5409000
2023-06-08,1.8951773643493648,1.9549767044209052,1.8905775332205812,6853400
2023-06-09,1.9549766778945925,1.9549766778945925,1.8997773890432923,4984000
2023-06-12,1.9457768201828003,1.977976515410546,1.922777006542628,9050200
2023-06-13,1.9181771278381348,1.9549766532755848,1.9181771278381348,5401400
2023-06-14,1.9687767028808596,1.9687767028808596,1.9181772427031127,4608600
2023-06-15,1.9549766778945925,1.964176559369809,1.922776983060096,4164200
2023-06-16,1.9779764413833616,1.9779764413833616,1.931976815824586,19283000
2023-06-19,1.9779764413833616,1.9779764413833616,1.9457767473607128,2515600
2023-06-20,1.964176893234253,1.973376776273236,1.95497701019527,4548000
2023-06-21,1.9411768913269043,1.9871765214889927,1.9411768913269043,7266000
2023-06-22,1.9549766778945925,1.9687766097786557,1.945776796419376,13475000
2023-06-23,2.0515756607055664,2.0515756607055664,1.9779766046832103,36658200
2023-06-26,2.023976325988769,2.046975924861896,2.00557655915326,13550800
2023-06-27,2.0423758029937744,2.046975634378636,2.0101761059297822,15016200
2023-06-28,2.0607752799987797,2.0653751107425413,2.042375518338809,12663000
2023-06-30,2.023976325988769,2.0929755612931924,2.0193762746086312,15457200
2023-07-03,2.023976325988769,2.051575976242034,2.0193762746086312,8392000
2023-07-04,2.023976325988769,2.04237609282428,2.014776442571015,9048200
2023-07-05,2.046975612640381,2.046975612640381,2.019375966596841,9514600
2023-07-06,2.01477575302124,2.0285754637537097,1.9825760624080655,6978400
2023-07-07,2.01477575302124,2.0285754637537097,1.9825760624080655,6934200
2023-07-10,2.000976324081421,2.023976140185662,2.000976324081421,1700000
2023-07-11,1.996376395225525,2.042375805850942,1.996376395225525,8154600
2023-07-12,2.046975612640381,2.051575663318882,2.000976202567814,10439600
2023-07-13,2.0607752799987797,2.079175041658749,2.0331756375088244,10894000
2023-07-14,2.0607752799987797,2.074575210914987,2.0469753490825715,7863400
2023-07-17,2.0423758029937744,2.060775567218201,2.037775752266422,4600400
2023-07-18,2.046975612640381,2.060775545333396,2.028575848611354,6706800
2023-07-20,2.056175470352173,2.079175284787857,2.03777570654062,16015000
2023-07-21,2.065375328063965,2.069975378634211,2.0469755644679486,10737400
2023-07-24,2.102174997329712,2.1067748283884,2.065375252147828,13100000
2023-07-25,2.102174997329712,2.1067748283884,2.074575352950156,4012600
2023-07-26,2.102174997329712,2.111374878789564,2.079175184008844,8316200
2023-07-27,2.09297513961792,2.111374902746398,2.0791752076003225,4083400
2023-07-28,2.0699751377105717,2.102174829927132,2.0607752569833337,7142600
2023-07-31,1.9779764413833616,2.0745753041088384,1.913577053338064,74731200
2023-08-01,1.996376395225525,1.996376395225525,1.9365770517412368,28939600
2023-08-02,2.000976324081421,2.010176206654617,1.9733766763618328,10657200
2023-08-03,2.0149688720703125,2.02429742239614,1.9776544483568204,8220000
2023-08-04,2.0056405067443848,2.02896177350501,2.000976119946137,11938600
2023-08-07,2.052283525466919,2.052283525466919,2.005640763562946,7402600
2023-08-08,2.042954683303833,2.0522832343614223,2.014969030131065,12517400
2023-08-09,2.052283525466919,2.052283525466919,2.0429549730861245,9298600
2023-08-10,2.052283525466919,2.066276242832995,2.0382905856906106,10488000
2023-08-11,2.0616118907928467,2.084933158423724,2.04295478772406,12692800
2023-08-14,2.089597463607788,2.098926014777056,2.056947423310249,6274400
2023-08-15,2.089597463607788,2.108254565946323,2.0802689124385205,3065200
2023-08-16,2.098925828933716,2.098925828933716,2.084932892213677,4231400
2023-08-17,2.098925828933716,2.108254379277014,2.061611627560524,7382000
2023-08-18,2.089597463607788,2.1035904015667914,2.0709403612692525,7048600
2023-08-21,2.098925828933716,2.12691147996361,2.08026872824712,6609000
2023-08-22,2.089597463607788,2.1035904015667914,2.0802689124385205,2419600
2023-08-23,2.0662758350372314,2.098925873131388,2.0662758350372314,5338600
2023-08-24,2.070940494537353,2.0802690463069275,2.052283390998206,6316600
2023-08-25,2.089597463607788,2.098926014777056,2.061611810099985,6130000
2023-08-28,2.1082544326782227,2.1362400844169818,2.061611679780291,9426600
2023-08-29,2.084933042526245,2.103590366968118,2.0709403272075897,6527200
2023-08-30,2.098925828933716,2.108254379277014,2.075604341870379,12708400
2023-09-01,2.0756046772003174,2.1222476588625248,2.061611960629831,8475200
2023-09-04,2.0662758350372314,2.0942614866564275,2.06161167097246,4534400
2023-09-05,2.03829026222229,2.084933016724249,2.024297547076801,5222800
2023-09-06,2.0616118907928467,2.07094044232724,2.0196332976829705,5241400
2023-09-07,2.0149688720703125,2.0709401740252757,2.0149688720703125,3966600
2023-09-08,2.0242977142333984,2.0522833692454925,2.0056406108920024,10004600
2023-09-11,2.0242977142333984,2.0476189822050355,2.019633327192942,6450000
2023-09-12,2.0289618968963623,2.0382904486499696,2.0196333451427555,7214800
2023-09-13,2.047618865966797,2.047618865966797,2.014969048177911,6947000
2023-09-14,2.0196332931518555,2.0382903961787844,2.0196332931518555,8873800
2023-09-15,2.1222472190856934,2.1222472190856934,2.0196329475850603,20751000
2023-09-18,2.052283525466919,2.0942618999753786,2.047619138071405,10640400
2023-09-19,2.052283525466919,2.0569476904522,2.0382905856906106,1903000
2023-09-20,2.056947469711304,2.06161185660626,2.03362620246715,8628400
2023-09-21,2.03829026222229,2.056947364023073,2.033626097977193,6519600
2023-09-22,2.03829026222229,2.047618813122682,2.028961711321898,5634000
2023-09-25,2.052283525466919,2.061612077847714,2.0336264207053296,8691600
2023-09-26,2.042954683303833,2.0522832343614223,2.038290296569938,3782600
2023-09-27,2.010304450988769,2.0429544877704617,2.010304450988769,8192600
2023-09-29,2.0662758350372314,2.126911524750584,2.028961632878304,28239600
2023-10-02,2.0662758350372314,2.0942614866564275,2.052283120432728,9718400
2023-10-03,2.056947469711304,2.0709404079859626,2.0382903669518977,18183800
2023-10-04,2.052283525466919,2.061612077847714,2.0336264207053296,7737600
2023-10-05,2.084933042526245,2.094261593542082,2.0382902874470608,7837200
2023-10-06,2.0756046772003174,2.0849332290507148,2.06627612534992,8924600
2023-10-09,2.089597463607788,2.098926014777056,2.066275974479517,6349600
2023-10-10,2.098925828933716,2.103590215310457,2.084932892213677,7391000
2023-10-11,2.117583513259888,2.122247900922208,2.098926407431098,10120400
2023-10-12,2.140904426574707,2.145568590562813,2.098925838630832,15869600
2023-10-13,2.14556884765625,2.201540156681407,2.1315761316050668,31050800
2023-10-16,2.117583513259888,2.168890665494183,2.117583513259888,16391200
2023-10-17,2.14556884765625,2.154897399160443,2.1175831931436715,13640000
2023-10-18,2.1362404823303223,2.159561974328432,2.131576317376839,18724200
2023-10-19,2.1315760612487797,2.1455687768381093,2.117583123249245,8905600
2023-10-20,2.1315760612487797,2.1455687768381093,2.126911674445533,21420600
2023-10-23,2.1315760612487797,2.1409046124450675,2.122247510052491,4931400
2023-10-24,2.150233268737793,2.150233268737793,2.131576165433318,30805600
2023-10-25,2.14556884765625,2.154897399160443,2.1315761316050668,18347000
2023-10-26,2.154897451400757,2.18288310659178,2.140904735010354,20542000
2023-10-27,2.154897451400757,2.164226003131098,2.140904735010354,10398000
2023-10-30,2.1362404823303223,2.164226139281915,2.131576317376839,14367400
2023-10-31,2.164225816726685,2.173554367653559,2.131575999687722,12909200
2023-11-01,2.14556884765625,2.168890337621838,2.14556884765625,8027400
2023-11-02,2.164225816726685,2.164225816726685,2.1455687148729354,9928000
2023-11-03,2.150233268737793,2.1642259850110417,2.145568881706567,14610600
2023-11-06,2.164225816726685,2.168890203395221,2.140904550614597,10489400
2023-11-07,2.154897451400757,2.168890390201377,2.150233286740695,12458800
2023-11-08,2.14556884765625,2.1642259506646355,2.1409046831092597,6881200
2023-11-09,2.14556884765625,2.14556884765625,2.136240296152057,4197800
2023-11-10,2.140904426574707,2.1502329769611035,2.1315758761883106,5229400
2023-11-14,2.14556884765625,2.14556884765625,2.1269117446478645,6453400
2023-11-15,2.154897451400757,2.154897451400757,2.140904735010354,8836000
2023-11-16,2.1735546588897705,2.1735546588897705,2.1502333896528487,5453400
2023-11-17,2.1735546588897705,2.1735546588897705,2.164226106712956,7059400
2023-11-20,2.1688902378082275,2.178218788883115,2.15956168673334,5623600
2023-11-21,2.150233268737793,2.17355453666328,2.136240330054329,10461200
2023-11-22,2.164225816726685,2.168890203395221,2.15489726579981,8185200
2023-11-23,2.1688902378082275,2.1735544021405704,2.15956168673334,7415000
2023-11-24,2.164225816726685,2.178218754322095,2.15489726579981,7520600
2023-11-27,2.1595613956451416,2.1688899454626296,2.150232845827653,8531600
2023-11-28,2.1222472190856934,2.1688899686722656,2.1222472190856934,11509600
2023-11-29,2.1269116401672363,2.145568742259126,2.122247475849364,12329000
2023-11-30,2.224861621856689,2.224861621856689,2.094261679842976,31190400
2023-12-01,2.089597463607788,2.1595617085823973,2.089597463607788,16964000
2023-12-04,2.0756046772003174,2.1082547198818187,2.06627612534992,6160600
2023-12-05,2.0616118907928467,2.089597545396027,2.04295478772406,15104200
2023-12-06,2.056947469711304,2.06161185660626,2.0242976510874477,15779000
2023-12-07,2.0756046772003174,2.0895976161810235,2.056947573499522,16367800
2023-12-08,2.080268859863281,2.0849330241249344,2.0709403089297767,20244400
2023-12-11,2.056947469711304,2.0709404079859626,2.03362620246715,10024200
2023-12-12,2.070940494537353,2.070940494537353,2.042954839228632,21729800
2023-12-13,2.0756046772003174,2.080269064330626,2.056947573499522,9399600
2023-12-14,2.117583513259888,2.122247900922208,2.0756049139399875,18274800
2023-12-15,2.1688902378082275,2.1688902378082275,2.1129189313589034,29805800
2023-12-18,2.140904426574707,2.1502329769611035,2.112918775415518,10554800
2023-12-19,2.150233268737793,2.15956182039003,2.131576165433318,9614400
2023-12-20,2.14556884765625,2.1595617861176453,2.136240296152057,6677000
2023-12-21,2.150233268737793,2.150233268737793,2.136240330054329,11043200
2023-12-22,2.14556884765625,2.1595617861176453,2.1409046831092597,6950000
2023-12-26,2.140904426574707,2.1502329769611035,2.1315758761883106,1686400
2023-12-27,2.14556884765625,2.14556884765625,2.1315761316050668,8623600
2023-12-28,2.150233268737793,2.150233268737793,2.136240330054329,6678000
2023-12-29,2.140904426574707,2.1642256913356053,2.1315758761883106,27701000
2024-01-02,2.140904426574707,2.145568590562813,2.1269114897900203,6653400
2024-01-03,2.187547206878662,2.187547206878662,2.13157590383435,10590200
2024-01-04,2.2715044021606445,2.2715044021606445,2.173554500248072,28533200
2024-01-05,2.2668402194976807,2.2761687709190617,2.224861626896361,26723600
2024-01-08,2.3228116035461426,2.346133094062937,2.271504457855324,29778200
2024-01-09,2.3274757862091064,2.341468725109478,2.313483069718953,20940600
2024-01-10,2.2854971885681152,2.332139942944976,2.2761686376927432,11543200
2024-01-11,2.290161609649658,2.3181472654144555,2.280833057728059,8075000
2024-01-12,2.332139730453491,2.332139730453491,2.290161144134072,21348200
2024-01-15,2.3368043899536133,2.35546149218632,2.3274756164270576,34317000
2024-01-16,2.332139730453491,2.3787824805805258,2.332139730453491,27728400
2024-01-17,2.3088185787200928,2.355461558015617,2.2948258628596023,17267400
2024-01-18,2.280833005905152,2.3088186610340853,2.248183186126504,27230200
2024-01-19,2.3228116035461426,2.3228116035461426,2.271504457855324,10650000
2024-01-22,2.360125780105591,2.3647901671130764,2.3041544704770507,11377400
2024-01-23,2.332139730453491,2.3787824805805258,2.322811180428084,16483000
2024-01-24,2.313482999801636,2.3507972058613054,2.313482999801636,9527400
2024-01-26,2.332139730453491,2.332139730453491,2.280832594108665,23955000
2024-01-29,2.3274757862091064,2.3368045604161667,2.313483069718953,16949000
2024-01-30,2.3794071674346924,2.3794071674346924,2.318033515369361,24061000
2024-01-31,2.384128332138061,2.398291344144361,2.351080928928334,25182600
2024-02-02,2.384128332138061,2.398291344144361,2.3416388458851283,33468000
2024-02-05,2.365244150161743,2.3841283161212887,2.3558018420649547,22528400
2024-02-06,2.369965076446533,2.379407159415761,2.3605229934773044,15240000
2024-02-07,2.369965076446533,2.374686230489655,2.346359756464954,24406800
2024-02-08,2.3794071674346924,2.4030124874958245,2.365244155491626,17407800
2024-02-09,2.384128332138061,2.393570415181267,2.3652441660516503,11750200
2024-02-13,2.454943895339966,2.45966504952188,2.407733479105932,29501800
2024-02-14,2.459665060043335,2.469107143330531,2.4360597392668333,21217800
2024-02-15,2.4313390254974365,2.473828291494093,2.417175786753856,17963000
2024-02-16,2.41245436668396,2.436059459633832,2.393570202277264,9588600
2024-02-19,2.398291826248169,2.421897151159825,2.398291826248169,5555800
2024-02-20,2.41245436668396,2.4171752952271355,2.393570202277264,13536600
2024-02-21,2.417175531387329,2.426617614513177,2.398291365135633,8557600
2024-02-22,2.388849258422852,2.4266175905533287,2.388849258422852,9699200
2024-02-23,2.403012275695801,2.412454357864631,2.388849039884057,11312400
2024-02-26,2.398291826248169,2.412455066218575,2.3841288113948247,8066400
2024-02-27,2.417175531387329,2.426617614513177,2.3935704361312182,12834800
2024-02-28,2.403012275695801,2.426617368559379,2.3982911220528877,12969400
2024-02-29,2.4974331855773926,2.4974331855773926,2.355801722926427,26650400
2024-03-01,2.351081132888794,2.4407810421393807,2.351081132888794,13467600
2024-03-04,2.384128332138061,2.4030124982244723,2.3416388458851283,21498800
2024-03-05,2.369965076446533,2.384128313458884,2.3605229934773044,10361600
2024-03-06,2.369965076446533,2.379407159415761,2.351080910508076,16337600
2024-03-07,2.388849258422852,2.3935704124976698,2.365244163399812,17568800
2024-03-08,2.3935704231262207,2.4124545892753138,2.379407185955892,9649800
2024-03-11,2.4218966960906982,2.445501791449946,2.384128363422285,17241200
2024-03-12,2.4266176223754883,2.4313387765122187,2.4077334560626067,11994200
2024-03-13,2.4266176223754883,2.4407808596686595,2.398291372906166,11616600
2024-03-14,2.4266176223754883,2.4313387765122187,2.4077334560626067,8800400
2024-03-15,2.40773344039917,2.4360596896842166,2.398291357304154,37304400
2024-03-18,2.454943895339966,2.454943895339966,2.398291395859125,12659400
2024-03-19,2.4266176223754883,2.4502229428251003,2.421896693355778,7202000
2024-03-20,2.3935704231262207,2.436059684403171,2.3935704231262207,9221800
2024-03-21,2.4313390254974365,2.436059955000601,2.3982916185071104,9861600
2024-03-22,2.4407808780670166,2.473828056805156,2.4313387948394025,17535000
2024-03-25,2.454943895339966,2.45966504952188,2.4407808830282667,13205600
2024-03-26,2.4502227306365967,2.4596648129753564,2.4313385659590776,8000000
2024-03-27,2.487991571426392,2.487991571426392,2.445502079609279,13197600
2024-03-29,2.487991571426392,2.5068757399857646,2.3888495739311595,32112400
2024-04-01,2.469107151031494,2.4832703885649736,2.445501830181369,21842400
2024-04-02,2.454943895339966,2.4738280618335797,2.43133879978146,12971600
2024-04-03,2.4832704067230225,2.4927124901087097,2.454943931448936,22251600
2024-04-04,2.516317367553711,2.535201532685607,2.473827883448442,22096800
2024-04-05,2.4927124977111816,2.5257596771033644,2.473828105765187,21795800
2024-04-08,2.487991571426392,2.511596894684131,2.478549487146705,3679400
2024-04-09,2.4832704067230225,2.5115966568800845,2.4785492524716664,6843000
2024-04-12,2.464385986328125,2.478549223801337,2.436059736498724,19174600
2024-04-15,2.454943895339966,2.464385978586773,2.4407808830282667,12400800
2024-04-16,2.417175531387329,2.450222934886307,2.403012519257066,18119200
2024-04-17,2.4360599517822266,2.440781106396197,2.3888495312277342,10945400
2024-04-18,2.445501804351806,2.454943887568724,2.421896708868024,14254200
2024-04-19,2.4313390254974365,2.454944123247347,2.407733702630483,10555600
2024-04-22,2.40773344039917,2.454943855874248,2.403012511410171,12664000
2024-04-23,2.454943895339966,2.464385978586773,2.4124546332878465,17406200
2024-04-24,2.454943895339966,2.464385978586773,2.4360597288463524,14316200
2024-04-25,2.4785492420196533,2.4879913253655235,2.454943921096466,6991800
2024-04-26,2.4785492420196533,2.4927124795969706,2.454943921096466,10838200
2024-04-29,2.530481100082397,2.530481100082397,2.478549523229576,14423000
2024-04-30,2.506875514984131,2.563528015577472,2.506875514984131,24172800
2024-05-02,2.530481100082397,2.5493652689166875,2.5021548468309627,9770000
2024-05-03,2.558806896209717,2.558806896209717,2.5163174113646742,12950400
2024-05-06,2.5918540954589844,2.596575249423192,2.549364835366173,20419600
2024-05-07,2.5540859699249268,2.5871333749850547,2.5540859699249268,5961400
2024-05-08,2.5824122428894043,2.587133397274539,2.568249229968063,6145000
2024-05-09,2.572969913482666,2.5776910674168665,2.5682489846654755,7386400
2024-05-10,2.5776913166046143,2.606017567597112,2.56352807854985,7115000
2024-05-13,2.587133407592773,2.587133407592773,2.577691323901878,6114800
2024-05-14,2.5776913166046143,2.5918543295423477,2.572970162214016,9300400
2024-05-15,2.572969913482666,2.587133150168258,2.563527830731275,6773800
2024-05-16,2.596575260162353,2.6012964141460877,2.572969940477709,8187600
2024-05-17,2.6343436241149902,2.6343436241149902,2.5871332092793664,10184200
2024-05-20,2.7382068634033203,2.794859363306749,2.6343437217966783,28262600
2024-05-21,2.752369880676269,2.832627701572892,2.7382068682339384,29112200
2024-05-23,2.832627773284912,2.832627773284912,2.766533188274366,21724400
2024-05-24,2.8562331199646,2.8703961328903898,2.809022476566548,22709400
2024-05-27,2.879838228225708,2.9459328140871808,2.870396144531212,32438200
2024-05-28,2.865675210952759,2.894001461993845,2.832627805512976,12840000
2024-05-29,2.87039566040039,2.8892798246043143,2.8562326498059445,13866600
2024-05-30,2.9034435749053955,2.912885658680818,2.8562331560282823,17615600
2024-05-31,2.865675210952759,2.903443545674207,2.846791043592035,44337600
2024-06-04,2.927048444747925,2.927048444747925,2.846790851440557,11535400
2024-06-05,2.894001245498657,2.922327494420706,2.8798380084791253,7210600
2024-06-06,2.8562331199646,2.8987223838590017,2.842069881921778,8698400
2024-06-07,2.8562331199646,2.8892803002027976,2.851511965577982,18145600
2024-06-10,2.889280319213867,2.922327724786544,2.8467910550398914,18041000
2024-06-11,3.021469593048096,3.0450746888218245,2.894001355495485,42621200
2024-06-12,3.063958644866944,3.1631006256057117,3.0025852199805225,28677600
2024-06-13,3.1158902645111084,3.1536585958806835,3.040353601771958,14705800
2024-06-14,3.08756422996521,3.1725429814361417,3.08756422996521,11116000
2024-06-18,3.0734012126922607,3.1394957970710218,3.068680058392407,15067400
2024-06-19,3.068680047988892,3.0970062983409,3.045074726803705,11911800
2024-06-20,3.040353536605835,3.0592377018858645,3.00730613480728,14162600
2024-06-21,3.0120275020599365,3.101727406052984,3.0120275020599365,44205200
2024-06-24,3.08756422996521,3.101727467768879,2.969538073697069,34251000
2024-06-25,3.068680047988892,3.0970062983409,3.0497958810875527,25005400
2024-06-26,3.111169576644897,3.1442167565946604,3.0922854094973102,18938000
2024-06-27,3.139495849609375,3.1536588625118944,3.1158905279491345,21584800
2024-06-28,3.1064484119415283,3.1394958168981297,3.1017274827288874,24418800
2024-07-01,3.1158902645111084,3.1300535013332054,3.0922851699636302,7218000
2024-07-02,3.1631007194519043,3.172542802415877,3.1206114586725366,33273800
2024-07-03,3.418037414550781,3.418037414550781,3.177264170212528,42264600
2024-07-04,3.4416425228118896,3.4746899259195145,3.3613847046340983,61551400
2024-07-05,3.4227585792541504,3.4699689973928707,3.3566639938599425,17784200
2024-07-09,3.460526704788208,3.4935741080481355,3.422758372558014,32477000
2024-07-10,3.5502266883850098,3.573832009132548,3.4510847014325847,28081600
2024-07-11,3.720184326171875,3.762673587368057,3.5596686890926925,56014600
2024-07-12,3.6824159622192383,3.753231471975096,3.63520532222598,39356600
2024-07-15,3.729626417160034,3.7673947494667455,3.6682527646031193,33588600
2024-07-16,3.753231287002564,3.7673945233259296,3.710742028266473,16206200
2024-07-17,3.8948628902435294,3.94207352961282,3.767394659203877,46776200
2024-07-18,3.9090261459350586,4.008168134611102,3.7957211446578807,47672400
2024-07-19,3.871257781982422,3.9940050908590328,3.819326436027264,21777800
2024-07-22,3.753231287002564,3.890141595954752,3.734347121982744,25206800
2024-07-23,3.852373600006104,3.885420779098249,3.7721157791531392,15412600
2024-07-24,3.819326639175415,3.8523738201560938,3.8051636259314208,14931000
2024-07-25,3.7060210704803462,3.7909998175644217,3.687136904461664,36922800
2024-07-26,3.7060210704803462,3.7390684735715514,3.6918580585248426,12783800
2024-07-29,3.767394781112671,3.80988404275612,3.729626448488708,15195400
2024-07-30,3.739068508148194,3.790999852621294,3.734347354041356,8649400
2024-07-31,3.710742473602295,3.7390687245315295,3.68241622267306,25547600
2024-08-01,3.701300382614136,3.7343475627408136,3.639926726497404,11595400
2024-08-02,3.606879234313965,3.672974043208242,3.583274138380602,23966000
2024-08-05,3.2811267375946045,3.526621109938634,3.2764058088602805,77308600
2024-08-06,3.4935741424560547,3.4935741424560547,3.300011100194402,44701600
2024-08-07,3.569110870361328,3.5785529536777463,3.399153145548782,27971400
2024-08-08,3.530836343765259,3.5499736495741754,3.4686399858189407,26248800
2024-08-09,3.616954326629639,3.631307420477178,3.573895273221708,18620000
2024-08-12,3.6791505813598633,3.693503446662896,3.5930327051376243,25675400
2024-08-13,3.5930325984954834,3.674366031779593,3.521267589706281,19814200
2024-08-14,3.612169742584229,3.626522606820858,3.56432625343636,16265800
2024-08-15,3.5834639072418213,3.6217387479189775,3.5260519884281143,13941600
2024-08-16,3.540404796600342,3.6169540155101862,3.540404796600342,10659400
2024-08-19,3.564326524734497,3.6026013645930077,3.545189218872582,20584800
2024-08-20,3.540404796600342,3.588248058418994,3.468639789805028,18977000
2024-08-21,3.612169742584229,3.7126407047792895,3.492561475983885,27539000
2024-08-22,3.5930325984954834,3.650444514272976,3.5834637177312274,28081800
2024-08-23,3.602601289749145,3.6121699424813145,3.5930326370169765,14313600
2024-08-26,3.645660161972046,3.660013255330535,3.5930326853051726,10957600
2024-08-27,3.7269937992095943,3.7652684103841474,3.612169965685936,16775200
2024-08-28,3.722209453582764,3.75569962309383,3.6456600058403192,22340200
2024-08-29,3.530836343765259,3.726993842373991,3.5260519032456896,32884200
2024-08-30,3.5882482528686523,3.597816905750915,3.4829930711637647,71437400
2024-09-02,3.612169742584229,3.698287612407997,3.5882479980102944,25456200
2024-09-03,3.602601289749145,3.66001320614216,3.583463756150131,8626000
2024-09-04,3.612169742584229,3.612169742584229,3.4686397314099517,8942400
2024-09-05,3.626523017883301,3.6600134184559767,3.578679751447114,15377400
2024-09-06,3.545189142227173,3.6600132030508976,3.535620489503086,15054400
2024-09-09,3.5164833068847656,3.5499737066562207,3.3920908171266326,25196800
2024-09-10,3.5164833068847656,3.607385625006129,3.5164833068847656,11501600
2024-09-11,3.5164833068847656,3.540405053597903,3.49734600076813,20647200
2024-09-12,3.564326524734497,3.612170017523965,3.535620565941625,18087800
2024-09-13,3.6313071250915527,3.6313071250915527,3.5547576776893384,8787800
2024-09-17,3.688719272613525,3.726993884665675,3.6313073545353007,19678000
2024-09-18,3.731778144836426,3.731778144836426,3.645660043747561,14861000
2024-09-19,3.899229526519776,3.899229526519776,3.731778217685113,29670200
2024-09-20,3.937504529953003,4.033191523132855,3.904014356101694,29635400
2024-09-23,3.92315125465393,3.96621030584382,3.8753082193191046,15041800
2024-09-24,3.860954999923706,3.9375042234941873,3.8322492692194574,17269200
2024-09-25,3.865739345550537,3.89444553181934,3.8131116415706336,20010800
2024-09-26,3.832249164581299,3.865739334911607,3.817896071486399,17941400
2024-09-27,3.875308036804199,3.994916303912115,3.8226801072643455,45434000
2024-09-30,3.865739345550537,3.908798396819065,3.84181759970476,16027800
2024-10-01,3.7891900539398193,3.8657392742183054,3.765268308535457,19289400
2024-10-02,3.803542852401733,3.817895945021197,3.698287676352782,28890800
2024-10-03,3.770052671432495,3.8083272807855697,3.7461309265194895,16311000
2024-10-04,3.784405708312988,3.8226803194100856,3.7317782321218185,15751000
2024-10-07,3.755699872970581,3.82268044458378,3.726993913707781,31855400
2024-10-08,3.8226802349090576,3.8226802349090576,3.72220949706744,21509000
2024-10-09,3.9135830402374263,3.9566420937394033,3.8274649332334736,14468600
2024-10-10,3.9183669090271,3.932720230617178,3.865739432004898,20831400
2024-10-11,3.899229526519776,3.93272015330219,3.884876661481228,11785400
2024-10-14,3.9040138721466064,3.961425787175899,3.8944454477763952,18292000
2024-10-15,3.92315125465393,3.942288560041732,3.8992295088518425,22228600
2024-10-16,3.9135830402374263,3.94707321239702,3.899229718223851,35982400
2024-10-17,3.908798694610596,3.932720442278849,3.8944458285173984,16490200
2024-10-18,3.92315125465393,3.985347611231621,3.8992295088518425,18801600
2024-10-21,3.92315125465393,3.942288560041732,3.832249168129216,14910200
2024-10-22,4.085818290710449,4.09060273078764,3.923150978240518,39313000
2024-10-23,4.066681385040283,4.234133153990864,4.066681385040283,34613000
2024-10-24,4.023622035980225,4.119308558495284,4.023622035980225,22644600
2024-10-25,4.066681385040283,4.081034250408533,4.018837892120299,15081800
2024-10-28,4.009269237518311,4.157583235785221,3.9757790681553313,25276000
2024-10-29,4.023622035980225,4.057112204793163,4.023622035980225,13269400
2024-10-30,4.085818290710449,4.104955594749893,4.023621938514927,38865400
2024-11-01,4.057112693786621,4.100171748175528,4.023622520937198,25877600
2024-11-04,4.13844633102417,4.171936959893966,4.071465985823341,22605400
2024-11-05,4.157583236694336,4.487702315201996,4.124093067324034,40818400
2024-11-06,4.281975746154785,4.281975746154785,4.162367482540018,10645400
2024-11-07,4.214995384216309,4.35374095089207,4.205426504177622,19356600
2024-11-08,4.2197794914245605,4.243701235951843,4.195858203166605,6902400
2024-11-11,4.229349136352539,4.258054869959426,4.219780254303971,6747400
2024-11-12,4.258054256439209,4.286760442179385,4.234132967303297,18406600
2024-11-13,4.210211277008057,4.258054312175472,4.200642396212964,13774400
2024-11-14,4.171936511993408,4.253270170664733,4.171936511993408,13556200
2024-11-15,4.162367820739746,4.200642431704806,4.138446074819246,25880800
2024-11-18,4.234132766723633,4.234132766723633,4.162367533907533,10328400
2024-11-19,4.253270626068115,4.296329223855041,4.234133319406355,7159000
2024-11-20,4.344172477722168,4.344172477722168,4.24848594972001,13587200
2024-11-21,4.243701457977295,4.344172425232942,4.243701457977295,11918600
2024-11-22,4.387231826782227,4.401584692888131,4.272407985396218,14733600
2024-11-25,4.368094444274902,4.425506363974133,4.348957137708492,35205000
2024-11-26,4.31546688079834,4.401584530526524,4.310682440183061,9385800
2024-11-27,4.31546688079834,4.348957052566558,4.30589799956778,5444800
2024-11-28,4.320250988006592,4.368094482981255,4.262839067798625,31978000
2024-11-29,4.258054256439209,4.348956797725314,4.253270272373633,12682800
2024-12-02,4.34895658493042,4.34895658493042,4.262838488193003,11658400
2024-12-03,4.425506591796875,4.425506591796875,4.34895736159052,9313600
2024-12-04,4.401584148406982,4.439858757467705,4.368093979546184,8985400
2024-12-05,4.36331033706665,4.435075584377953,4.325035721008388,8947200
2024-12-06,4.420722007751465,4.425506448551849,4.329819913891092,10100600
2024-12-09,4.411153316497803,4.411153316497803,4.344172518138454,14817600
2024-12-10,4.521193027496338,4.5259774683435845,4.37287901138682,22857200
2024-12-11,4.578604221343994,4.6168788295015935,4.478133260862967,27055800
2024-12-12,4.592957973480225,4.612095279358502,4.54511448064985,16226200
2024-12-13,4.674291610717773,4.683860035467345,4.612095252902799,16303000
2024-12-16,4.592957973480225,4.674291637530245,4.521192734234662,16657600
2024-12-17,4.59774112701416,4.650369050872475,4.583388264266112,15561400
2024-12-18,4.578604221343994,4.621663269588623,4.569035797439255,25189000
2024-12-19,4.506839752197266,4.631232465319839,4.449427836049005,16080300
2024-12-20,4.573820114135742,4.688643935510871,4.506839323532263,33070900
2024-12-23,4.411153316497803,4.583389068504093,4.344172518138454,23397900
2024-12-24,4.420722007751465,4.449428196284385,4.305898166158556,17137800
2024-12-26,4.420722007751465,4.468565503216537,4.401584700819313,12728100
2024-12-27,4.487702369689941,4.516408099136066,4.420721573866745,19635800
2024-12-30,4.573820114135742,4.631232024823307,4.4589958364913045,20837700
2024-12-31,4.535545349121094,4.621663448952542,4.4781334346565735,20355600
2025-01-02,4.497271060943604,4.564251860741342,4.47813375475416,16001300
2025-01-03,4.497271060943604,4.516408367133047,4.468565329794123,25747800
2025-01-06,4.650369644165039,4.659938068461381,4.478133444137491,25462000
2025-01-07,4.975703716278076,5.013978325151806,4.659937964935146,78528800
2025-01-08,4.966135501861572,5.147940129822133,4.918292010614823,52334800
2025-01-09,4.774762153625488,4.975704093584613,4.688644505263979,49258300
2025-01-10,4.78433084487915,4.851311640964423,4.736487353922621,22578600
2025-01-13,4.5833892822265625,4.774762348935015,4.564251975555717,17975900
2025-01-14,4.5164079666137695,4.851311479633533,4.5164079666137695,32388000
2025-01-15,4.258054256439209,4.602526203974603,4.191073916827705,58657600
2025-01-16,4.076250076293945,4.33460392223727,3.970994670533527,80291100
2025-01-17,4.057112693786621,4.085818882135688,3.683934982865065,101309600
2025-01-20,4.152799129486084,4.19107373799357,3.970994510940866,44788400
2025-01-21,4.191073894500732,4.305897724311052,4.133661979595573,43643800
2025-01-22,4.162367820739746,4.248485923545808,4.143230515257216,21787400
2025-01-23,4.104956150054932,4.171936951388588,4.028406923541827,28102300
2025-01-24,4.009269237518311,4.095387337330928,3.856170798979735,79346700
2025-01-27,3.884876728057861,4.028406749711125,3.856170997488825,46751900
2025-01-28,3.856170654296875,3.913582566594756,3.779621209765041,41559900
2025-01-31,3.865739345550537,3.91358283724209,3.722209554879904,36935800
2025-02-03,3.961426019668579,3.9901322070026377,3.798758917538792,14854300
2025-02-04,3.999700784683228,4.08581889370489,3.951857745658493,20704600
2025-02-05,4.191073894500732,4.277191538723802,4.009269269166389,48375400
2025-02-06,4.277192115783691,4.286760997693547,4.210211767492315,22439500
2025-02-07,4.412668704986572,4.412668704986572,4.277192161720056,22871700
2025-02-10,4.335253715515137,4.412668886276526,4.2868690030738605,17410100
2025-02-12,4.344930171966553,4.451376257354228,4.29654592328546,23032200
2025-02-13,4.354607105255127,4.383638022319701,4.31589952345621,15662400
2025-02-14,4.373960494995117,4.373960494995117,4.315899127621862,18356700
2025-02-17,4.31589937210083,4.393314532983772,4.286868456054348,19349700
2025-02-18,4.29654598236084,4.29654598236084,4.190099895509584,17999600
2025-02-19,4.364284515380859,4.402992099698272,4.267515093156526,13391600
2025-02-20,4.451376438140869,4.451376438140869,4.34493034843003,16303800
2025-02-21,4.60620641708374,4.60620641708374,4.461052768213656,22216300
2025-02-24,4.344930171966553,4.5868527996644,4.29654592328546,38925400
2025-02-25,4.31589937210083,4.383637868588783,4.2191304209971525,28405300
2025-02-26,4.31589937210083,4.432022113425243,4.296545581880094,13534700
2025-02-27,4.29654598236084,4.344930231707193,4.238484606286736,15312600
2025-02-28,4.219130992889404,4.286869037128316,4.161069614357128,83872000
2025-03-03,4.073976993560791,4.257838241750252,4.064299867188869,10750800
2025-03-04,3.9675307273864746,4.073976805407573,3.9094693561288105,23744400
2025-03-05,4.103007316589356,4.151392024016334,3.9675307817968912,15542400
2025-03-06,3.996561765670776,4.141715428959137,3.986884639450524,13495600
2025-03-07,3.948177099227905,4.015915599194451,3.928823308013289,13712800
2025-03-10,3.977208375930786,4.0449464205837,3.9288236628094286,9477700
2025-03-11,3.928823471069336,3.948177263087183,3.8320545109801007,23530000
2025-03-12,3.648193120956421,3.967530908137179,3.5998086427040925,97437500
2025-03-13,3.773993015289306,3.822377493800115,3.6965776189566215,39480100
2025-03-14,3.909469604492188,3.9191467310319537,3.696577665640632,26730100
2025-03-17,3.948177099227905,4.083653637730217,3.9191466431213713,30046600
2025-03-19,3.851408243179321,3.919146744905096,3.7739930763103167,30925300
2025-03-20,3.822377443313599,3.909469503482729,3.803023652164904,30832600
2025-03-21,3.841731548309326,3.870762237404007,3.7933470664848574,39302700
2025-03-24,3.803023815155029,3.880439213783073,3.793346919165949,15645900
2025-03-25,3.890115737915039,3.909469529191003,3.8030236771732007,20038600
2025-03-26,3.880439043045044,3.967530872399358,3.8610850212030554,14520500
2025-03-27,4.180423259735107,4.190099925100395,3.919146834841088,33540700
2025-03-28,4.064300060272217,4.199777067330548,4.064300060272217,14844700
2025-04-02,4.083653450012207,4.103007240337165,3.986884498387417,9479600
2025-04-03,4.103007316589356,4.170745814700972,3.996561698539232,8577300
2025-04-04,3.9191465377807617,4.07397686333609,3.890115621023754,22329100
2025-04-07,3.5707778930664062,3.7739929288740632,3.483685603025761,52932300
2025-04-08,3.648193120956421,3.744962077461077,3.5611010601022297,30207000
2025-04-09,3.474008798599243,3.609485569593668,3.367562945522861,49690800
2025-04-10,3.725608348846436,3.861085120947849,3.725608348846436,46236100
2025-04-11,3.648193120956421,3.706254494859215,3.5611010601022297,28022500
2025-04-14,3.822377443313599,3.8320543388879456,3.725608256854732,16008600
2025-04-15,3.812700510025024,3.880439009090797,3.735285115480625,17245200
2025-04-16,3.764316082000733,3.832054351239502,3.744962060074265,11978500
2025-04-17,3.754639148712158,3.773992939728993,3.7062544404546833,14871600
2025-04-18,3.822377443313599,3.822377443313599,3.73528515242908,8494000
2025-04-21,3.812700510025024,3.8223774055036506,3.754639137153265,11927400
2025-04-22,3.725608348846436,3.7836699544415526,3.706254557219861,26064000
2025-04-23,3.764316082000733,3.832054351239502,3.754639186395194,20142300
2025-04-24,3.803023815155029,3.8223776071331903,3.744962208505147,11985200
2025-04-25,3.861085176467896,3.861085176467896,3.7933469048008512,24721000
2025-04-28,3.928823471069336,3.957854389811506,3.861085199006872,12886700
2025-04-29,3.9191465377807617,3.9965617005584257,3.899792747086346,17639600
2025-04-30,4.103007316589356,4.103007316589356,3.8997927451160415,22323100
2025-05-02,4.257838249206543,4.257838249206543,4.0352694180012,36267500
2025-05-05,4.2384843826293945,4.364284254867114,4.151392092398546,29846700
2025-05-06,4.209453582763672,4.267514957392665,4.190099791220675,10371500
2025-05-07,4.373960494995117,4.373960494995117,4.209453056722197,22959100
2025-05-08,4.354607105255127,4.412668477953503,4.267514815492177,22134800
2025-05-09,4.354607105255127,4.422345604118618,4.286868606391636,17072300
2025-05-13,4.586852550506592,4.6062068026446585,4.432022224848206,50784800
2025-05-14,4.557822227478027,4.625560727635454,4.538468436208873,30314100
2025-05-15,4.461053371429443,4.586852786791878,4.441699579725162,26597900
2025-05-16,4.441699504852295,4.509437543960038,4.402991922096218,21766700
2025-05-19,4.4223456382751465,4.480407011421966,4.364284265128327,23928200
2025-05-20,4.373960494995117,4.480406565894783,4.364283831148273,20556100
2025-05-21,4.4320220947265625,4.441699220511481,4.364284059955153,16276400
2025-05-22,4.383638381958008,4.402992174445272,4.306222750578141,10509400
2025-05-23,4.4320220947265625,4.441699220511481,4.412668304587481,6960200
2025-05-26,4.4223456382751465,4.451376094133169,4.4223456382751465,9436900
2025-05-27,4.4320220947265625,4.4320220947265625,4.373960724309317,11572200
2025-05-28,4.538468360900879,4.5771759427969005,4.432022279971433,27307800
2025-05-29,4.49976110458374,4.586852939435905,4.480407312235392,9641100
2025-05-30,4.4223456382751465,4.490083676231048,4.402991847226207,45551400
2025-06-03,4.441699504852295,4.490083752581999,4.412668587069845,15707500
2025-06-04,4.5094380378723145,4.519115165336648,4.393315276885324,27877300
2025-06-05,4.586852550506592,4.586852550506592,4.499760723039134,49492600
2025-06-06,4.615883827209473,4.635237619425896,4.567499115953014,27978600
2025-06-09,4.548144817352295,4.635237103344863,4.548144817352295,24621300
2025-06-10,4.548144817352295,4.567498607413893,4.499760572913677,21586100
2025-06-11,4.60620641708374,4.664267784345628,4.557821713650135,50851800
2025-06-12,4.625560760498047,4.693298799705942,4.596529842672674,21377500
2025-06-13,4.615883827209473,4.615883827209473,4.538468658343782,9206700
2025-06-16,4.644914627075195,4.644914627075195,4.548145207045085,9452300
2025-06-17,4.644914627075195,4.683622210514923,4.625560835355332,13410000
2025-06-18,4.664268493652344,4.664268493652344,4.625560909591394,13985800
2025-06-19,4.615883827209473,4.683622330682355,4.567499115953014,9241300
2025-06-20,4.567499160766602,4.606207207010032,4.53846870287254,20329600
2025-06-23,4.548144817352295,4.577175733160068,4.412668286921109,11030400
2025-06-24,4.538468360900879,4.625560650882314,4.519114569952868,12111700
2025-06-25,4.538468360900879,4.615883524692922,4.499760779004857,12565400
2025-06-26,4.49976110458374,4.557822481628786,4.49976110458374,19262500
2025-06-30,4.635237216949463,4.664268133468752,4.5287911382864205,37317600
2025-07-01,4.809421539306641,4.828775330677724,4.6642683347389085,32956900
2025-07-02,4.935221195220947,4.935221195220947,4.828775116681945,35369900
2025-07-03,4.877159595489502,4.954574753920963,4.828774890754468,42349900
2025-07-04,4.935221195220947,4.973928776247719,4.848129368626094,34331000
2025-07-07,4.799745082855225,4.848129794100336,4.673945202762578,46137400
2025-07-08,4.732006549835205,4.770714134017148,4.702976092414148,21157900
2025-07-09,4.809421539306641,4.828775330677724,4.732006373822308,10002200
2025-07-10,4.935221195220947,4.935221195220947,4.819098452140634,27278800
2025-07-11,4.935221195220947,4.944898321193022,4.896513614194176,20520100
2025-07-14,4.925544738769531,4.993282777712734,4.9158676123886265,9278700
2025-07-15,4.799745082855225,4.954575420550295,4.799745082855225,14002000
2025-07-16,4.867483615875244,4.886837408204674,4.780391319677404,18008200
2025-07-17,4.983606338500977,5.012636796097095,4.8868373774625775,26010600
2025-07-18,5.157790184020996,5.157790184020996,5.002959854895358,39985200
2025-07-21,5.090052127838135,5.157790165876923,5.031990293189492,24063200
2025-07-22,5.022313594818115,5.148113466665168,5.022313594818115,6068700
2025-07-23,5.061021327972412,5.061021327972412,4.973929035408945,12664000
2025-07-24,5.090052127838135,5.099728792659057,5.041667419441192,9727200
2025-07-25,5.041667461395264,5.090052170194839,4.993282752595688,8185400
2025-07-28,5.0319905281066895,5.070698112058987,5.01263673613054,8432500
2025-07-29,5.070698261260986,5.099729180794824,5.031990676169743,11174600
2025-07-30,5.022313594818115,5.061021176704782,5.002959803874782,6116700
2025-07-31,5.012637138366699,5.080375646434256,5.012637138366699,15477300
2025-08-01,5.225528717041016,5.264236299569182,5.051344134233487,22742400
2025-08-04,5.225528717041016,5.264236299569182,5.148113551984683,14513900
2025-08-05,5.302944183349609,5.302944183349609,5.206175221531896,17128900
2025-08-06,5.331974983215332,5.361005440395185,5.215851770203529,17109600
2025-08-07,5.331974983215332,5.361005440395185,5.312620729854367,9475300
2025-08-08,5.370682716369629,5.370682716369629,5.283590419547489,8374300
2025-08-11,5.419066905975342,5.448097825067011,5.370682656063632,15328600
2025-08-12,5.4678874015808105,5.497179860875347,5.409302948579583,9349300
2025-08-13,5.477651596069336,5.497179746664021,5.428830986788705,13310300
2025-08-14,5.477651596069336,5.477651596069336,5.428830986788705,27765000
2025-08-15,5.4678874015808105,5.477651709874937,5.389774797579174,12265600
2025-08-18,5.56552791595459,5.60458421626679,5.458123322889953,27457200
2025-08-19,5.56552791595459,5.663169132322915,5.555764073670453,18789400
2025-08-20,5.487415313720703,5.585056064472565,5.458123321289057,27187200
2025-08-21,5.56552791595459,5.6143485241387525,5.52647161564239,14621000
2025-08-22,5.56552791595459,5.663169132322915,5.555764073670453,23393500
2025-08-25,5.516707897186279,5.633876800752852,5.497179746591851,33389700
2025-08-26,5.458123207092285,5.57529210554307,5.428830749685681,37465600
2025-08-27,5.477651596069336,5.5557641984480775,5.438595294879965,11312600
2025-08-28,5.53623628616333,5.555764437598614,5.477651831857479,12057800
2025-08-29,5.428830623626709,5.516707528218179,5.399538632488088,19829000
2025-09-02,5.477651596069336,5.477651596069336,5.282369624534647,14835100
2025-09-03,5.477651596069336,5.545999890356817,5.458123445474651,13833100
2025-09-04,5.428830623626709,5.516707528218179,5.40930247433836,5026700
2025-09-08,5.458123207092285,5.477651356834083,5.409302599943884,3362400
2025-09-09,5.487415313720703,5.506943463871076,5.458123321289057,7899200
2025-09-10,5.4678874015808105,5.497179860875347,5.43859540787412,6333200
2025-09-11,5.4190673828125,5.487415680108419,5.409303074291451,5565000
2025-09-12,5.506943702697754,5.546000004692304,5.428831098708655,8844300
2025-09-17,5.4190673828125,5.536236291537952,5.360482462861918,23880900
2025-09-18,5.448359489440918,5.448359489440918,5.3702468820147615,11884900
2025-09-19,5.389774799346924,5.438595409657881,5.36048234004278,34455100
2025-09-22,5.555764198303223,5.575292348897398,5.399538993549814,20657600
2025-09-23,5.545999526977539,5.624112589826073,5.5362356851138514,13873500
2025-09-24,5.4678874015808105,5.565528156582856,5.4678874015808105,7113300
2025-09-25,5.53623628616333,5.53623628616333,5.448359371910625,7316700
2025-09-26,5.477651596069336,5.526471739762132,5.428830986788705,12207200
2025-09-29,5.389774799346924,5.477651711671509,5.38001095663744,12070400
2025-09-30,5.399538993835449,5.497179746811495,5.389774685743927,20148400
2025-10-01,5.4190673828125,5.448359377199935,5.399539231358258,5738400
2025-10-02,5.380011081695557,5.4288312275534905,5.370246773171256,10167900
2025-10-03,5.370246410369873,5.428830860794278,5.360482102505227,7333800
2025-10-06,5.340953826904297,5.399538741540362,5.243313078490544,19728900
2025-10-07,5.272605895996094,5.34095419176089,5.116380222274032,41350200
2025-10-08,5.194493293762207,5.272605897856882,5.165200834432781,16483700
2025-10-09,5.23354959487915,5.311662198959939,5.194493292838756,11773400
2025-10-10,5.223784923553467,5.292133680168252,5.204256773890359,7479300
2025-10-13,5.204257011413574,5.243313312522327,5.087088108087316,9437900
2025-10-14,5.135908603668213,5.262841346670172,5.135908603668213,7830700
2025-10-15,5.165200710296631,5.194493168922066,5.145672559742286,8610500
2025-10-16,5.067559719085693,5.204256766534232,5.048031569450188,8269900
2025-10-17,4.930862903594971,5.087088108028166,4.872277986344688,21677300
2025-10-21,5.048031806945801,5.10661625860855,4.940626746103511,14268000
2025-10-22,4.989447116851807,5.077323557352652,4.979682809247373,9360900
2025-10-23,4.930862903594971,5.028503656365717,4.901570444969829,9890200
2025-10-24,4.9015703201293945,4.969919078122027,4.882042170072617,9006600
2025-10-27,4.921098232269287,4.999210828719943,4.901570083156623,9299800
2025-10-28,4.979682922363281,4.9894472301895165,4.882042172040045,15438400
2025-10-29,4.960155010223389,5.008975620520706,4.930863016515275,10770500
2025-10-30,4.960155010223389,5.008975620520706,4.930863016515275,15960600
2025-10-31,4.921098232269287,4.999210828719943,4.921098232269287,14645700
2025-11-03,4.979682922363281,5.018739222492576,4.882042172040045,23249700
2025-11-04,4.930862903594971,4.999211197740576,4.921098595523978,11102000
2025-11-05,4.960155010223389,4.960155010223389,4.852749946921997,7092200
2025-11-06,5.018739223480225,5.057795523617205,4.950390931034421,13274500
2025-11-07,4.950390815734863,5.038267256202428,4.950390815734863,22808500
2025-11-10,4.989447116851807,5.048031565714974,4.960154659626316,7648500
2025-11-11,5.018739223480225,5.077323673685696,5.008975381239891,11446900
2025-11-12,5.018739223480225,5.106616131582342,4.969919081102911,17560800
2025-11-13,5.038267135620117,5.067559592133449,5.018738986473831,32535400
2025-11-14,5.048031806945801,5.057795649429009,5.018739348320509,28380900
2025-11-17,5.116380214691162,5.174965133242512,5.038267610739823,16539700
2025-11-18,5.116380214691162,5.233549586206016,5.048031919027663,27604100
2025-11-19,5.272605895996094,5.292134047012871,5.0577957692237,12794300
2025-11-20,5.272605895996094,5.331190349046425,5.272605895996094,24437300
2025-11-21,5.292133808135986,5.37024640867724,5.24331320000379,22071200
2025-11-24,5.321425914764404,5.340954065318871,5.233549470063222,25214300
2025-11-25,5.243313312530518,5.321425914748145,5.243313312530518,7507900
2025-11-26,5.321425914764404,5.340954065318871,5.233549470063222,12928300
2025-11-27,5.321425914764404,5.350718373390022,5.311662072281089,8598800
2025-11-28,5.223784923553467,5.331189979494468,5.18472862422725,8915300
2025-12-01,5.174964904785156,5.272605655413818,5.028503546048251,20023500
2025-12-02,5.028503894805908,5.17496526370081,4.950391288885389,17207400
2025-12-03,4.989447116851807,5.038267258110539,4.901570210763149,11894800
2025-12-04,5.028503894805908,5.057795889232175,4.969919440365519,12802300
2025-12-05,5.116380214691162,5.116380214691162,5.0187394597519885,5174900
2025-12-08,5.077323913574219,5.126144523845985,5.028503768890297,10568600
2025-12-09,5.018739223480225,5.048031681376871,4.91133463089744,19752600
2025-12-10,5.008975505828857,5.018739348312049,4.930862903611991,9840600
2025-12-11,4.774637222290039,4.969919192957858,4.667232627289964,53410500
2025-12-12,4.735580921173096,4.833221673711006,4.716052770665513,38200700
2025-12-15,4.696524620056152,4.764873379625126,4.667232627089331,19990200
2025-12-16,4.657468318939209,4.735580920966124,4.628175860385199,20873300
2025-12-17,4.7551093101501465,4.784401770174458,4.618412249741692,14094800
2025-12-18,4.833221435546875,4.872277734637482,4.735580687820356,19009800
2025-12-19,4.764873504638672,4.911334870078913,4.764873504638672,16421800
2025-12-22,4.852749824523926,4.862514132572248,4.774637222488682,9652300
2025-12-23,4.852749824523926,4.872277975032737,4.823457831554626,9413200
2025-12-24,4.979682922363281,4.979682922363281,4.852749714149162,14180300
2025-12-26,4.882042407989502,4.979683163031723,4.872278099691357,7972800
2025-12-29,4.9015703201293945,4.960154770299727,4.882042170072617,4906300
2025-12-30,4.930862903594971,4.95039105414912,4.88204229441568,6858900
2025-12-31,4.862514019012451,4.979682919328938,4.862514019012451,9503900
2026-01-02,4.823458194732666,4.921098954628495,4.745345586816002,17770900
2026-01-05,4.7844014167785645,4.8918064748171775,4.7551089589179165,11542300
2026-01-06,4.823458194732666,4.842986346711832,4.755109430011651,8513400
2026-01-07,4.7551093101501465,4.833221916097834,4.716053007176303,21921500
2026-01-08,4.745345115661621,4.774637107928101,4.716052657807318,21159600
2026-01-09,4.735580921173096,4.77463722218826,4.676996469650349,19276100
2026-01-12,4.745345115661621,4.794165257968362,4.72581696562136,11903600
2026-01-13,4.79416561126709,4.813693762746448,4.764873616841981,13615900
2026-01-14,4.696524620056152,4.794165372591947,4.667232627089331,24525600
2026-01-15,4.550063610076904,4.706289291794768,4.550063610076904,30191900
2026-01-16,4.540299415588379,4.598883867104559,4.432894355014798,39500400
2026-01-20,4.501243114471436,4.511006956929985,4.423130512451704,27398100
2026-01-21,4.442658424377441,4.520771022202378,4.442658424377441,24675700
2026-01-22,4.471950531005859,4.520771138698411,4.432894231086947,21194000
2026-01-23,4.442658424377441,4.48171472328991,4.423130274921207,25808400
2026-01-26,4.49147891998291,4.511007070981573,4.432894466986924,20440200
2026-01-27,4.598883628845215,4.608647470798148,4.481714731883151,36850700
2026-01-28,4.49147891998291,4.589119674976221,4.423130624281515,36933300
2026-01-29,4.442658424377441,4.4914785652241225,4.442658424377441,21702400
2026-01-30,4.315725803375244,4.462187176884714,4.305961494533606,40213100
2026-02-03,4.042331218719482,4.276669510047442,4.0228030665744745,72039700
2026-02-04,4.10163164138794,4.160932281901357,4.042331000874523,25340600
2026-02-05,3.983030319213867,4.111514803359146,3.983030319213867,28530200
2026-02-06,4.0522141456604,4.0522141456604,3.903962546559534,22114600
2026-02-09,3.983030319213867,4.101631599015475,3.983030319213867,30666600
2026-02-10,4.121398448944092,4.121398448944092,3.9929134944556672,33595300
2026-02-11,4.062098026275635,4.131281873708315,4.032447469319047,30824700
2026-02-12,4.081864833831787,4.091748038453376,3.983030431217861,16564500
2026-02-13,4.121398448944092,4.160932208589824,4.062097809475493,27866800
2026-02-16,4.10163164138794,4.121398521559079,4.0522142053202925,9164900
2026-02-19,4.160932540893555,4.21034998003713,4.062098133886032,11500700
2026-02-20,4.160932540893555,4.200466303696564,4.14116565949205,10606800
2026-02-23,4.160932540893555,4.170815745954493,4.07198133894697,14453000
2026-02-24,4.10163164138794,4.1312817260048496,4.062097881045662,25513100
2026-02-25,4.141165256500244,4.151048460599412,4.042330859110654,17932500
2026-02-26,4.210349559783936,4.210349559783936,4.131281570790407,18165400
2026-02-27,4.141165256500244,4.210349570312747,4.111514701643577,36454600
2026-03-02,4.042331218719482,4.1016318624286665,4.01268066122508,11017200
2026-03-03,4.091748237609863,4.111515119094756,4.022564388052553,14189200
2026-03-04,4.081864833831787,4.1115149189761615,4.012680516362236,13004400
2026-03-05,4.131281852722168,4.131281852722168,4.0522143296124025,10299600
2026-03-06,4.10163164138794,4.1312817260048496,4.0818647612168,9948200
2026-03-09,3.874312400817871,4.052214327732304,3.8347786392813306,35122700
2026-03-10,4.032447338104248,4.062097894096015,3.90396261657906,24686200
2026-03-11,4.071980953216553,4.101631508149887,3.963263351446687,13020100
2026-03-12,4.15104866027832,4.170815540707089,4.012680497276937,18350100
2026-03-13,4.15104866027832,4.269650414130538,4.1016316948462,18678000
2026-03-16,4.10163164138794,4.151048606175988,4.062097881045662,10961900
2026-03-17,4.121398448944092,4.151048533038596,4.062097809475493,12068900
2026-03-18,4.141165256500244,4.17081534007733,4.101631497544409,9123800
2026-03-19,4.081864833831787,4.131281799498947,4.071981157930591,23028800
2026-03-24,4.032447338104248,4.200466055738525,4.032447338104248,16825100
2026-03-25,4.111515045166016,4.141165602500026,4.052214401777616,13202200
2026-03-26,3.9336130619049072,4.111514989668787,3.9336130619049072,32658100
2026-03-27,3.943496465682984,3.992913667380303,3.93361302534352,30921800
2026-03-30,3.70629358291626,3.903962621133087,3.6667598224008544,47393400
2026-03-31,3.6865267753601074,3.7655942979501993,3.656876454388823,23103300
2026-04-01,3.795244693756104,3.795244693756104,3.706293729088315,23039400
2026-04-02,3.795244693756104,3.81501157479339,3.696410288569672,16464100
2026-04-03,3.815011501312256,3.884195819250004,3.75571085934259,9394900
2026-04-06,3.7359440326690674,3.805128115966696,3.706293711255798,16414300
2026-04-07,3.765594244003296,3.785361124367633,3.7458273636389583,17004300
2026-04-08,3.8841958045959473,3.923729565759908,3.8248949272102033,26961000
2026-04-09,3.943496465682984,3.943496465682984,3.824894945969612,18110700
2026-04-10,3.973146677017212,4.002797232856865,3.923729476684122,21584000
2026-04-13,3.95337986946106,3.963263545348923,3.8743123474765753,8956700
2026-04-14,4.02256441116333,4.052214497921203,3.963263766367952,15474900
2026-04-15,4.081864833831787,4.121398594877357,4.052214277407806,24544900
2026-04-16,4.259766578674316,4.259766578674316,4.111514745373346,21692600
2026-04-17,4.319067478179932,4.348718035139898,4.180699312019188,23268500
2026-04-20,4.348718166351318,4.3586013714497645,4.259766964067159,17111700
2026-04-21,4.398134708404541,4.398134708404541,4.309183986015675,12731900
2026-04-22,4.408018589019775,4.417901793621011,4.338834271692701,17582400
2026-04-23,4.408018589019775,4.408018589019775,4.338834271692701,11506300
2026-04-24,4.249883651733398,4.408018699555421,4.2399999756047135,24223100
2026-04-27,4.249883651733398,4.319067499515724,4.1708156565427705,14360400
2026-04-28,4.408018589019775,4.408018589019775,4.249883545163153,14327000
2026-04-29,4.368484973907471,4.417901941122761,4.31906753541256,14888000
2026-04-30,4.368484973907471,4.388251855049511,4.32895121162339,15013000
2026-05-04,4.378367900848389,4.408018456318693,4.348717816657675,5983700
2026-05-05,4.368484973907471,4.378368178838681,4.32895121162339,6721700
2026-05-06,4.576037406921387,4.595804287827499,4.368484921767398,39366000
2026-05-07,4.477202892303467,4.615571055243999,4.467319216453626,19967400
2026-05-08,4.44755220413208,4.566153483135167,4.44755220413208,11793300
2026-05-11,4.4574360847473145,4.546386812451897,4.44755240873591,18508100
2026-05-12,4.477202892303467,4.506852977293779,4.408018575193399,11042600
2026-05-13,4.595804214477539,4.595804214477539,4.467319254998646,18758400
2026-05-14,4.576037406921387,4.595804287827499,4.496969883296937,9660500
2026-05-15,4.44755220413208,4.566153483135167,4.44755220413208,13719900
2026-05-18,4.338834285736084,4.447552364379199,4.338834285736084,10427500
2026-05-19,4.417901992797852,4.4376688741711,4.328951262258046,9496000
2026-05-20,4.348718166351318,4.496970013065042,4.338834489973244,12527000
2026-05-21,4.289417266845703,4.4277854289531,4.289417266845703,10644400
2026-05-22,4.348718166351318,4.348718166351318,4.289417521921755,8354500
2026-05-25,4.279533863067627,4.368485065716027,4.279533863067627,8376800
2026-05-26,4.200466156005859,4.319067440244801,4.18069927529937,15575400
2026-05-28,4.220232963562012,4.30918416083921,4.170815527012546,12729400
2026-05-29,4.15104866027832,4.2993004991338895,4.15104866027832,49135200
2026-06-03,4.289417266845703,4.30918414714676,4.151048633458705,21802200
2026-06-04,4.348718166351318,4.3586013714497645,4.259766964067159,10488600
2026-06-05,4.269650459289551,4.368484862478742,4.249883578651713,11276900
2026-06-08,4.230116844177246,4.24988372549809,4.180699405235323,8857700
2026-06-09,4.249883651733398,4.259766856582466,4.180699332671455,7073400
2026-06-10,4.210349559783936,4.27953340214385,4.180699005001415,10200000
2026-06-11,4.239999771118164,4.239999771118164,4.180699131044855,6669600
2026-06-12,4.210349559783936,4.269650198069396,4.190582209075869,2581200
2026-06-15,4.279533863067627,4.289417539486174,4.210350013256321,9636200
2026-06-16,4.378367900848389,4.388251576431688,4.259766621526352,14821300
2026-06-18,4.358601093292236,4.427785409684665,4.348717888824517,14241300
2026-06-19,4.378367900848389,4.378367900848389,4.279533501413358,11605700
2026-06-22,4.358601093292236,4.39813485372231,4.3388342130772,7655800
2026-06-23,4.289417266845703,4.358601112259601,4.289417266845703,7822200
2026-06-24,4.309184074401856,4.338834158713106,4.289417194434491,7244200
2026-06-25,4.200466156005859,4.348717996944341,4.190582480012809,9708000
2026-06-26,4.200466156005859,4.25976679812533,4.170815599306319,12512000
2026-06-29,4.15104866027832,4.210349772844231,4.131281779849552,7882300
2026-06-30,4.319067478179932,4.319067478179932,4.131281874179115,37921900
2026-07-01,4.249883651733398,4.3091842946666565,4.220233094626961,8769000
2026-07-02,4.121398448944092,4.249883403432516,4.101631569121226,11904000
2026-07-03,4.10163164138794,4.180699162072496,4.0818647612168,12824800
2026-07-06,4.10163164138794,4.141165401730218,4.071981085491432,5822900
2026-07-07,4.0522141456604,4.1213984608806,4.0522141456604,8360600
2026-07-08,4.012680530548096,4.071981172326094,4.002797325891566,12701400
2026-07-09,4.00279712677002,4.042330885988721,3.9830302471606687,7160200
2026-07-10,4.081864833831787,4.081864833831787,4.002797311740647,8326100
2026-07-13,4.10163164138794,4.141165401730218,4.062097881045662,11867700
2026-07-14,4.10163164138794,4.11151484583371,4.062097881045662,11347600
2026-07-15,4.111515045166016,4.1312819262954825,4.071981282907083,8235300
2026-07-16,4.190582275390625,4.220232830642357,4.131281636166749,9712000
2026-07-17,4.200466156005859,4.21034983199891,4.1411655138863885,5963900
2026-07-20,4.160932540893555,4.21034998003713,4.160932540893555,4370500
2026-07-21,4.190582275390625,4.190582275390625,4.160932191418481,4154300
2026-07-22,4.210349559783936,4.239999643286875,4.1708153296473816,6099100
2026-07-23,4.289417266845703,4.289417266845703,4.200466069851148,6704600
2026-07-24,4.249883651733398,4.269650532711151,4.180699332671455,6755100
2026-07-27,4.210349559783936,4.269650198069396,4.200465884429902,3785900
2026-07-28,4.180699348449707,4.230116786720402,4.180699348449707,6900800
2026-07-29,4.190582275390625,4.220232830642357,4.131281636166749,8183900
2026-07-30,4.210349559783936,4.220232763858389,4.141165246144441,4311800
2026-07-31,4.220232963562012,4.259766724289744,4.18069920283428,9770700
2026-08-03,4.239999771118164,4.269650326794616,4.180699131044855,8828500
2026-08-04,4.210000038146973,4.269999980926514,4.190000057220459,4347600
2026-08-05,4.409999847412109,4.429999828338623,4.210000038146973,24327300
2026-08-06,4.489999771118164,4.5,4.409999847412109,26669100
2026-08-07,4.460000038146973,4.519999980926514,4.449999809265137,14642900
2026-08-10,4.440000057220459,4.480000019073486,4.420000076293945,6664700
2026-08-11,4.5,4.570000171661377,4.440000057220459,23804400
2026-08-12,4.480000019073486,4.5,4.440000057220459,6418700
2026-08-13,4.519999980926514,4.570000171661377,4.46999979019165,22539000
2026-08-14,4.409999847412109,4.510000228881836,4.380000114440918,16324700
2026-08-17,4.46999979019165,4.46999979019165,4.389999866485596,9163400
2026-08-18,4.489999771118164,4.489999771118164,4.420000076293945,11055100
2026-08-19,4.369999885559082,4.489999771118164,4.369999885559082,9075800
2026-08-20,4.420000076293945,4.440000057220459,4.360000133514404,10733800
2026-08-21,4.420000076293945,4.440000057220459,4.380000114440918,6847200
2026-08-24,4.360000133514404,4.440000057220459,4.329999923706055,9372300
2026-08-26,4.429999828338623,4.449999809265137,4.369999885559082,13167700
2026-08-27,4.519999980926514,4.53000020980835,4.409999847412109,16027500
2026-08-28,4.510000228881836,4.510000228881836,4.369999885559082,31172400
2026-09-01,4.460000038146973,4.489999771118164,4.400000095367432,12682700
2026-09-02,4.420000076293945,4.460000038146973,4.400000095367432,5331100
2026-09-03,4.670000076293945,4.670000076293945,4.400000095367432,29921200
