Date,Close,High,Low,Volume
2015-01-02,11.270676612854004,11.323343273189536,10.98100935317246,74500
2015-01-05,11.218008995056152,11.32334230673697,11.060007771862804,201200
2015-01-06,11.15217399597168,11.257507294756492,10.994174047794464,354200
2015-01-07,10.967841148376465,11.191674743704318,10.967841148376465,626100
2015-01-08,11.020505905151367,11.11267222064918,10.875672944273107,481600
2015-01-09,10.994175910949709,11.191675565723004,10.994175910949709,534700
2015-01-12,10.902008056640623,10.967841691882716,10.888842334129928,153200
2015-01-13,10.849339485168455,10.862506461027936,10.796672837402472,436200
2015-01-14,10.783507347106934,10.79667432478033,10.730840692085453,184900
2015-01-15,10.796674728393556,10.809841706559173,10.796674728393556,286700
2015-01-16,10.770341873168944,10.80984155142679,10.717675216934444,781000
2015-01-19,10.783507347106934,10.849340979801813,10.783507347106934,478800
2015-01-20,10.744007110595703,10.78350678588806,10.66500776001099,599600
2015-01-21,10.744007110595703,10.849340415156677,10.744007110595703,337500
2015-01-22,10.862506866455078,10.888840819156911,10.757173566991696,362400
2015-01-23,11.310173034667969,11.40233934977535,10.90200559294467,572000
2015-01-26,11.323339462280272,11.376006104890664,11.191672227918392,625900
2015-01-27,11.599844932556152,11.718343990641005,11.204844305256172,800900
2015-01-28,11.586674690246582,11.692007993784747,11.547175015337777,312300
2015-01-29,11.665675163269045,11.797342433205069,11.534009149005165,1373400
2015-01-30,11.613011360168455,11.626178341532096,11.48134531354944,468800
2015-02-04,11.83683967590332,11.99483961390698,11.705173688736211,1105700
2015-02-05,11.889508247375488,11.90267522492612,11.771007960763995,675800
2015-02-06,12.429340362548828,12.442507338608236,11.889506900832586,1255600
2015-02-09,12.37667465209961,12.508341911329794,12.284508324041708,515900
2015-02-10,12.29767608642578,12.389842420369405,12.179175796685623,879900
2015-02-11,11.915838241577148,12.179171426695694,11.902671268403305,873700
2015-02-12,11.191676139831545,11.902676691429244,11.191676139831545,970000
2015-02-13,11.665675163269045,11.665675163269045,11.191675251709214,400900
2015-02-16,11.968510627746582,12.008010310570356,11.665676377638256,407600
2015-02-17,12.245006561279297,12.258173536092304,11.955339393752272,552500
2015-02-18,12.37667465209961,12.37667465209961,12.258175625598897,228500
2015-02-23,12.324007034301758,12.41617461081296,12.31084131394754,539800
2015-02-24,12.350345611572266,12.38984529877149,12.310845924373044,1100900
2015-02-25,12.37667465209961,12.389841629157036,12.324007999541944,928600
2015-02-26,12.284510612487791,12.376676957715098,12.271343632977528,690600
2015-02-27,12.890175819396973,12.890175819396973,12.271341692658307,1311800
2015-03-02,12.86384391784668,12.969177232460453,12.837509961357156,1109100
2015-03-03,12.863842010498049,12.930425298724533,12.63745959251035,1406600
2015-03-04,12.877161026000977,13.010327624210634,12.86384411218585,776200
2015-03-05,12.704041481018066,12.957056424437065,12.650775110299833,517100
2015-03-06,12.63746166229248,12.970376887979665,12.63746166229248,824400
2015-03-09,12.371126174926758,12.490975824872868,12.198010155001317,408900
2015-03-10,12.371126174926758,12.3844430849142,12.251276524980648,485000
2015-03-11,12.357813835144045,12.384447664968732,12.184697751196277,282600
2015-03-12,12.277912139892578,12.637459872323603,12.277912139892576,1286100
2015-03-13,12.291229248046877,12.371129459212993,12.264596690972017,152600
2015-03-16,12.504294395446776,12.51761003723212,12.171379221371769,1025400
2015-03-17,12.570878982543944,12.584195897020566,12.39776417423133,363400
2015-03-18,12.62414264678955,12.650776469996478,12.30454438812995,521500
2015-03-19,12.743993759155272,12.757310672271704,12.650777907281729,282100
2015-03-20,12.757311820983888,12.810578208275164,12.610829573425589,856100
2015-03-23,12.85052490234375,12.930425100987788,12.637459399253745,696200
2015-03-24,12.837210655212402,12.890477036770516,12.837210655212402,364500
2015-03-25,12.90379524230957,12.930429073363326,12.837213204617113,743700
2015-03-26,13.050277709960938,13.116861012199838,12.94374493436704,1233300
2015-03-27,13.130172729492188,13.156806550410028,12.983690524355495,416800
2015-03-30,13.263336181640623,13.316602541005842,12.983687477480697,479800
2015-03-31,13.316609382629396,13.423142156092762,13.25002608172208,769000
2015-04-01,13.369872093200684,13.436455375800357,13.316605721115042,1101100
2015-04-02,13.39650535583496,13.582937015378606,13.36987153591705,824500
2015-04-03,13.40982151031494,13.449772241724588,13.383188959345658,229700
2015-04-06,13.649518966674805,13.7027853313557,13.44977041661403,908600
2015-04-07,13.995756149291992,14.36862083998559,13.649524015805405,956700
2015-04-08,13.902533531188965,13.99575061950997,13.796000804510909,486200
2015-04-09,13.889222145080566,13.982437991969752,13.71610609373589,457700
2015-04-10,13.942493438720703,13.9824429200432,13.676161446618863,747900
2015-04-13,13.942493438720703,13.99575983714107,13.915859604524965,527300
2015-04-14,13.915854454040527,13.942488278378656,13.902537541871464,1040100
2015-04-15,13.902533531188965,14.115600254515352,13.889217892831915,779200
2015-04-16,13.889222145080566,13.94248852472734,13.862588320271849,545200
2015-04-17,13.915854454040527,13.942488278378656,13.649522560512462,631400
2015-04-20,13.915854454040527,13.915854454040527,13.662839472681526,799200
2015-04-21,14.062337875366213,14.115604253796851,13.915854382203973,584700
2015-04-22,14.142233848571776,14.18218330654213,14.049018023317496,1298100
2015-04-23,14.381932258605955,14.43519862263904,14.142232985471932,680100
2015-04-24,14.648268699645996,14.688218167780509,14.381936795464751,478900
2015-04-27,14.848016738891602,14.88796747545938,14.648268135935288,821400
2015-04-28,14.91460132598877,14.99450153609724,14.848018029226838,1025500
2015-04-29,14.5550537109375,14.967867869324731,14.5550537109375,907000
2015-04-30,14.248771667480469,14.501787954839848,14.235454753415064,1327200
2015-05-05,14.248771667480469,14.634953285581416,14.182188367124272,834400
2015-05-06,14.36861515045166,14.36861515045166,14.12891588064828,855600
2015-05-07,14.355299949645996,14.56836542816112,14.168868290930476,381800
2015-05-08,14.435200691223145,14.46183324207102,14.222135204558231,399400
2015-05-11,14.408571243286133,14.634953709065416,14.408571243286133,272900
2015-05-12,13.969120979309082,14.355302546469224,13.955804067000296,624000
2015-05-13,13.303289413452148,13.98243664079813,13.276656861187693,1420100
2015-05-14,13.170125961303713,13.303291281263787,13.156809048316486,625200
2015-05-15,13.183444023132324,13.19676093856285,13.15681146224223,633200
2015-05-18,13.2899751663208,13.503041976998585,13.183442395967306,403100
2015-05-19,13.223394393920898,13.423143039822715,13.196760563816166,696900
2015-05-20,13.263336181640623,13.383185807704908,13.156803462910194,934700
2015-05-21,13.23670768737793,13.369874274301468,13.23670768737793,436400
2015-05-22,13.223394393920898,13.356559734531803,13.1834436487638,818000
2015-05-25,12.86165714263916,13.223390571002652,12.794669092144945,44700
2015-05-26,13.183201789855955,13.183201789855955,12.553515990522165,595300
2015-05-27,13.290377616882324,13.464546023925644,13.18319725526962,1599100
2015-05-28,13.397561073303224,13.50474145967437,13.276982819212936,447200
2015-05-29,13.330572128295898,13.531536297681807,13.330572128295898,1059200
2015-06-01,13.410955429077148,13.54493023811142,13.303775070773469,947400
2015-06-02,13.424357414245604,13.598524591686267,13.370765940951806,284200
2015-06-03,13.531536102294922,13.585126291152507,13.397559991305512,270400
2015-06-04,13.330572128295898,13.46454824121984,13.330572128295898,146000
2015-06-05,13.209991455078123,13.397557723171165,13.196594868399863,179400
2015-06-08,13.263586044311523,13.41096004598258,12.781274265902573,304500
2015-06-09,13.209991455078123,13.43775003858729,13.196594868399863,366800
2015-06-10,13.397561073303224,13.47794700192708,13.263584951493796,437900
2015-06-11,13.464547157287598,13.51813734260484,13.397559106218344,143900
2015-06-12,13.692305564880373,13.692305564880373,13.303776407566591,221000
2015-06-15,13.705703735351562,13.732499469559423,13.585126764488985,247100
2015-06-16,13.759297370910645,13.97365816757247,13.719103763268205,316800
2015-06-17,13.772693634033203,13.799489371822572,13.692308976047302,1177000
2015-06-18,13.759297370910645,13.786091831647806,13.73250163248235,755300
2015-06-19,13.73249340057373,13.772685706431862,13.719095539390896,262800
2015-06-22,13.745899200439451,13.812887267350936,13.732501331518934,871200
2015-06-23,13.759297370910645,13.839682030813265,13.652115694888598,108100
2015-06-24,13.759297370910645,13.839682030813265,13.745899501696496,299300
2015-06-25,13.759297370910645,13.920067968407013,13.745899501696496,285600
2015-06-26,13.81288242340088,13.853074738376549,13.598520428919128,268500
2015-06-29,13.705703735351562,13.745897336663353,13.598523353901983,419000
2015-06-30,13.78608512878418,13.812880854184256,13.464544090126305,783300
2015-07-01,13.78608512878418,13.866471027293905,13.786085128784178,486900
2015-07-02,13.772693634033203,13.893271898703158,13.772693634033203,381700
2015-07-03,13.933463096618652,14.201415341996356,13.692307864546116,248900
2015-07-06,13.839677810668944,14.067436407094304,13.598521349114865,145600
2015-07-07,13.78608512878418,13.812880854184256,13.77268726608414,432100
2015-07-08,13.759297370910645,13.8128875700761,13.745899501696496,763000
2015-07-09,13.73249340057373,13.79948142879753,13.464542565368902,115700
2015-07-10,13.73249340057373,13.866469457021328,13.6253130664918,555100
2015-07-13,13.78608512878418,13.866471027293905,13.652109057164807,248900
2015-07-14,13.759297370910645,13.97365816757247,13.745899501696496,690000
2015-07-15,13.745899200439451,13.75929706935997,13.719103462598415,323600
2015-07-16,13.82628059387207,13.879870779209138,13.638715584037726,292200
2015-07-20,13.81288242340088,13.93345936832788,13.799484559178772,131300
2015-07-21,13.839677810668944,13.893267993493104,13.799485492973512,412400
2015-07-22,13.82628059387207,14.040641335220348,13.812884005805904,382800
2015-07-23,13.772693634033203,13.826283831920838,13.625320909264984,99500
2015-07-24,13.78608512878418,13.866471027293905,13.732494955674532,201300
2015-07-27,13.799485206604004,13.893267705177404,13.678906978329223,501500
2015-07-28,13.799485206604004,13.879869840326712,13.73249716004127,536200
2015-07-29,13.82628059387207,13.866474191142974,13.799486140048936,247200
2015-07-30,13.839677810668944,13.853075675797673,13.826279945540222,162200
2015-07-31,14.121026039123535,14.603337665728246,13.839677270848114,1215000
2015-08-03,14.201410293579102,14.38897526543738,13.933458143454914,883500
2015-08-04,14.228203773498535,14.335384115176494,14.000445228010264,362300
2015-08-05,14.308595657348633,14.375582440666289,13.960258762256467,368500
2015-08-06,14.362184524536133,14.402376846353908,13.946859606782873,633600
2015-08-07,14.25500202178955,14.402374698268302,13.93345966213213,689600
2015-08-10,14.25500202178955,14.402374698268302,13.799484850158,786800
2015-08-11,13.78608512878418,14.281794549471032,13.732494955674532,1930400
2015-08-12,13.611918449401855,13.799484717592597,13.491340225399998,884000
2015-08-13,13.598522186279297,13.933461168972784,13.531535411893255,488100
2015-08-14,13.410955429077148,13.799484547350652,13.330569521504062,936900
2015-08-17,13.43775749206543,13.665516201904792,13.34397494484618,347800
2015-08-18,13.491342544555664,13.705703300656072,13.357367710838354,712000
2015-08-19,13.518134117126465,13.665506772162502,13.424351634620852,574000
2015-08-20,13.369738578796388,13.518142153625147,13.167371705179065,638100
2015-08-21,13.707012176513672,13.760976740727637,12.722158557954668,442100
2015-08-24,13.733999252319336,13.774472366056536,13.666543205012609,614900
2015-08-25,14.084761619567873,14.13872617417861,13.50464297915653,572400
2015-08-26,14.233168601989746,14.24666006560684,14.017310330583348,849800
2015-08-27,14.314112663269045,14.435533244375634,14.300622488292328,379400
2015-08-28,14.273642539978027,14.395063146390758,14.260151075572866,857400
2015-09-01,14.165709495544434,15.379912651944496,13.949851270994778,2487100
2015-09-02,14.111749649047852,14.529976063653642,14.071276540091464,607300
2015-09-03,14.165709495544434,14.219674051681848,14.071271843958083,726900
2015-09-04,14.4760103225708,14.4760103225708,14.084766835112587,813700
2015-09-07,14.435537338256836,14.435537338256836,13.88240012222883,178200
2015-09-08,14.449028968811035,14.489502078914995,14.435537503237391,251500
2015-09-09,14.449028968811035,14.705360381625413,14.435537503237391,858400
2015-09-10,14.489503860473633,14.5299782621711,14.449030745393298,822700
2015-09-11,14.4760103225708,14.5029932531761,14.449028678582447,990600
2015-09-14,14.637908935546877,14.718855174050791,14.556961410425696,640900
2015-09-15,14.651395797729492,14.84027245580365,14.637905618780389,352200
2015-09-17,14.651395797729492,14.84027245580365,14.637905618780389,1469800
2015-09-18,14.66488552093506,14.705358626207635,14.529974741154192,661300
2015-09-21,14.637908935546877,14.66489058617576,14.57045287904877,820700
2015-09-22,14.651395797729492,14.84027245580365,14.502993536353566,440900
2015-09-23,14.678375244140623,14.840268932648245,14.637902143667889,897600
2015-09-25,14.813287734985352,14.813287734985352,14.67837695547492,800800
2015-09-28,14.651395797729492,14.84027245580365,14.651395797729492,197500
2015-09-29,14.705358505249023,14.759323074040848,14.651393936457197,459600
2015-09-30,14.71885108947754,14.772815662377065,14.583940300537176,698000
2015-10-01,14.840271949768066,14.840271949768066,14.69186969345248,224300
2015-10-02,14.934709548950195,14.961692479011717,14.543466069376604,212400
2015-10-05,14.961692810058594,15.042639028800352,14.961692810058594,339200
2015-10-06,15.083117485046388,15.11009913635124,15.002169957897234,683700
2015-10-07,15.595778465270996,15.892583000655447,15.096604511016093,1631300
2015-10-08,15.595778465270996,15.784653844767098,15.568795532990396,1143600
2015-10-09,15.852105140686035,15.892578240367042,15.77115765470738,617900
2015-10-12,15.825127601623535,15.865602001694224,15.56879616759456,207700
2015-10-13,15.946538925170898,15.98701330162828,15.825118369031411,835000
2015-10-15,15.987025260925291,16.18939214813,15.52832561086951,917800
2015-10-16,15.960037231445312,15.987020160660258,15.744178944193283,642600
2015-10-19,15.8790864944458,15.96003268580225,15.784647555707922,204200
2015-10-20,15.852105140686035,15.919561164565474,15.811632041005028,452600
2015-10-21,15.744176864624023,15.757668327449474,15.447371115547622,1038000
2015-10-22,15.717193603515623,15.852105655657253,15.528318274457364,850500
2015-10-23,15.717193603515623,15.987017707798882,15.541809736994864,773800
2015-10-26,15.703707695007324,15.946547653589576,15.69021622880358,601900
2015-10-27,15.582286834716797,15.946547410342289,15.514830791344073,506500
2015-10-28,15.35293674468994,15.460865897228391,15.191043015882268,671200
2015-10-29,15.177552223205566,15.312464313169766,15.069623065881023,760900
2015-10-30,15.177552223205566,15.501339695179194,15.177552223205565,673100
2015-11-02,15.177552223205566,15.514831161499025,14.840273284912108,687100
2015-11-03,15.218025207519531,15.245008139932184,15.164060629311262,609900
2015-11-04,15.218025207519531,16.189388901885426,15.218025207519531,1352000
2015-11-05,15.218025207519531,15.245008139932184,15.164060629311262,757000
2015-11-06,15.622763633728027,15.744184283135947,15.245011502939072,446600
2015-11-09,15.609272956848145,15.784658205271056,15.4203975251753,204300
2015-11-11,16.243349075317383,16.39175130349302,15.447370797631354,789900
2015-11-12,15.798144340515137,16.0544757483507,15.663232260633086,803600
2015-11-13,15.798144340515137,16.162404897609562,15.663232260633086,460900
2015-11-16,15.811630249023438,16.05447010620432,15.676718216554564,169000
2015-11-17,15.83877658843994,15.974499269716972,15.540187466238924,277500
2015-11-18,15.83877658843994,15.933781688725414,15.64876509352158,742100
2015-11-19,16.28666114807129,16.422383842044233,15.730200432607791,740600
2015-11-20,16.422380447387695,16.517385536921807,16.123791358976845,839000
2015-11-23,16.965269088745117,17.005985372140856,16.558102371745772,1259000
2015-11-24,16.992416381835938,17.10099401477727,16.788832349310326,293700
2015-11-25,16.992416381835938,17.372438097130605,16.612393372193786,452000
2015-11-26,16.924558639526367,17.033136295575076,16.73454709426725,588000
2015-11-27,16.965269088745117,17.03313042396956,16.78883013490049,333900
2015-11-30,16.965269088745117,17.236713135295577,16.693825042194657,1372200
2015-12-01,16.965269088745117,17.250285661209926,16.870263996039284,554600
2015-12-02,16.897411346435547,17.236716800357335,16.897411346435547,619900
2015-12-03,16.965269088745117,17.236713135295577,16.829546418296232,308000
2015-12-04,16.992416381835938,17.223142881075656,16.775259821605786,107800
2015-12-07,16.815982818603516,17.22314842604622,16.70740515070574,106500
2015-12-08,16.788835525512695,16.856696882526276,16.65311410583326,423600
2015-12-09,16.815982818603516,17.033138154399065,16.381670852664517,978400
2015-12-10,16.761688232421875,16.815977047740066,16.748115705005464,449300
2015-12-11,16.680255889892578,16.761689767501522,16.63953959826189,312700
2015-12-14,16.422380447387695,16.96526852236445,16.28665778146987,358700
2015-12-15,16.422380447387695,16.6666794339536,16.368091639890018,323800
2015-12-16,16.422380447387695,16.58524686988072,16.273085256008635,234100
2015-12-17,16.3409481048584,16.43595320320579,16.150936613816217,583800
2015-12-18,16.28666114807129,16.40881131377743,16.259516091537687,712600
2015-12-21,16.218799591064453,16.625966373363262,16.08307819319653,206600
2015-12-22,16.218799591064453,16.47667244740429,16.09664942694006,187800
2015-12-23,16.28666114807129,16.4359550759635,16.27308861980449,120400
2015-12-28,16.965269088745117,17.100991759194002,16.354519660419754,234900
2015-12-29,16.992416381835938,17.223142881075656,16.775259821605786,258600
2015-12-30,16.870267868041992,17.00598927529385,16.77526145918332,317500
2015-12-31,16.870267868041992,17.033134333352788,16.666683815642788,195900
2016-01-04,16.0423583984375,16.734541703534383,15.879491966828942,441200
2016-01-05,16.62596893310547,16.761691646216846,15.920212895882658,560400
2016-01-06,16.62596893310547,16.65311399346683,16.24594714848042,395800
2016-01-07,16.096647262573242,16.625964137824116,16.015214693671474,448400
2016-01-08,16.28666114807129,16.4631001324971,16.137367220179083,570100
2016-01-11,16.218799591064453,16.612393845272216,16.110221955031108,198000
2016-01-12,16.245939254760742,16.30022805475743,16.11021660759548,345700
2016-01-13,16.28666114807129,16.4631001324971,16.21879980108482,218800
2016-01-14,16.28666114807129,16.28666114807129,16.01521705447294,187200
2016-01-15,16.218799591064453,16.422383629387618,16.218799591064453,483800
2016-01-18,15.988075256347656,16.273091936299892,15.662342277644472,169200
2016-01-19,16.096647262573242,16.286658747256276,15.960925882954514,192400
2016-01-20,16.15093994140625,16.245946353675276,16.028791058799197,607000
2016-01-21,16.15093994140625,16.286662647877627,15.879495822811151,814900
2016-01-22,16.449527740478516,16.55810537881718,16.01521718712385,633500
2016-01-26,16.544536590576172,16.5988254220183,16.449531459139404,420900
2016-01-27,16.571678161621094,16.62596698162392,16.178083893013696,707800
2016-01-28,16.788835525512695,16.856696882526276,16.463102565064776,1303100
2016-01-29,17.331722259521484,17.331722259521484,16.80240531439338,2068600
2016-02-02,17.56245231628418,17.84746899139792,17.277435641170438,864400
2016-02-03,17.12813949584961,17.548878836508607,17.114566966782117,1041200
2016-02-04,17.3724422454834,17.671031454545705,17.114569334909834,321700
2016-02-05,17.03313446044922,17.372439922632083,17.03313446044922,621000
2016-02-10,16.897411346435547,17.535305962225834,16.856695054382257,166900
2016-02-11,16.965269088745117,17.291001944605668,16.897407753520675,432700
2016-02-12,16.965269088745117,17.236713135295577,16.870263996039284,912500
2016-02-15,17.019561767578125,17.372439755496792,16.910984124272012,432800
2016-02-16,16.992416381835938,17.16885406460499,16.92455503766073,275600
2016-02-17,17.23671531677246,17.23671531677246,16.8702661311384,500400
2016-02-18,17.23671531677246,17.494588164392244,17.141710212042792,950700
2016-02-19,17.23671531677246,17.440299348211365,17.01956005204895,1161500
2016-02-22,17.196001052856445,17.33172375646218,17.060278349250712,577600
2016-02-23,17.101001739501953,17.1960068876537,16.897417615014984,1173700
2016-02-24,17.03313446044922,17.16885586871379,16.95170058001238,282200
2016-02-25,16.924558639526367,17.236719077079467,16.856697280908985,327500
2016-02-26,17.060279846191406,17.182430031285012,16.9381296610978,1695100
2016-02-29,16.761688232421875,17.250287570285604,16.571676731634476,1177000
2016-03-01,16.951698303222656,16.965270830530468,16.69382675611147,953600
2016-03-02,16.965269088745117,17.236713135295577,16.897407753520675,789600
2016-03-03,16.951698303222656,17.046704700029892,16.775259331263445,846000
2016-03-04,16.71910858154297,17.225333469157057,16.705426510441317,711700
2016-03-07,16.924335479736328,17.18428962763201,16.732790386802364,918500
2016-03-08,16.938020706176758,17.211655672190428,16.71911273336582,995600
2016-03-09,16.855928421020508,16.951701631227,16.76015651560837,936100
2016-03-10,16.81488037109375,16.910652258655645,16.760153391802078,1134400
2016-03-11,16.760160446166992,16.828569525273544,16.719115520620925,1279400
2016-03-14,16.486522674560547,17.10220167386064,16.349704539251885,487600
2016-03-15,16.554929733276367,16.67806447435845,16.459156528264593,1352100
2016-03-16,16.527563095092773,16.732788937407047,16.349700089516496,205500
2016-03-17,16.582292556762695,16.691746529694914,16.513883497481487,864800
2016-03-18,16.62333869934082,16.69174776367936,16.554930939796655,620900
2016-03-21,16.62333869934082,16.678065689852776,16.595975856482028,400700
2016-03-22,16.554929733276367,16.623337487834984,16.418111614570567,1124100
2016-03-23,16.50020408630371,16.609658068236538,16.390748799576496,1023900
2016-03-24,16.54124641418457,16.54124641418457,16.390746233988423,366800
2016-03-25,16.554929733276367,16.623337487834984,16.54124766044693,327900
2016-03-28,16.554929733276367,16.56861050131152,15.870841749335924,95700
2016-03-29,16.418109893798828,16.678062726341217,16.267611022831563,316800
2016-03-30,16.486522674560547,16.5002047490503,16.25393262741249,375700
2016-03-31,16.486522674560547,16.486522674560547,16.281295471597556,775200
2016-04-01,16.486522674560547,16.5959766608897,16.25393262741249,883300
2016-04-04,16.377065658569336,16.459155480732843,16.240247548571233,386000
2016-04-05,16.349695205688477,16.36337727236754,16.24024128184337,240400
2016-04-06,16.32234001159668,16.34970285295957,15.7066597710028,893100
2016-04-07,16.32234001159668,16.390747767401063,16.17183981732071,681800
2016-04-08,16.32234001159668,16.34970285295957,16.185521890399308,883100
2016-04-11,16.30866050720215,16.322342582435734,16.226569360595157,687200
2016-04-12,16.30866050720215,16.322342582435734,16.253933511062325,986600
2016-04-13,16.32234001159668,16.40442984047966,16.30865793851808,1463100
2016-04-14,16.32234001159668,16.41811191355826,16.267613024076592,710500
2016-04-15,16.3907470703125,16.336020085119916,16.158158361839707,774400
2016-04-18,16.32234001159668,16.36338492603817,16.17183981732071,252000
2016-04-19,16.253931045532227,16.472838996885766,16.212886130852016,442300
2016-04-20,16.253931045532227,16.28129388705426,16.212886130852016,351000
2016-04-21,16.294973373413086,16.445473544672733,16.171837344125777,164700
2016-04-22,16.28129768371582,16.32234391276198,16.267616912161717,258200
2016-04-25,16.47283935546875,16.47283935546875,16.281294241467666,403400
2016-04-26,16.30866050720215,16.404432424248217,16.24025143582874,507200
2016-04-27,16.28129768371582,16.3497067606648,16.212889911561458,163500
2016-04-28,16.30866050720215,16.34970542810839,16.212888590156084,1756200
2016-04-29,16.30866050720215,16.34970542810839,16.24025143582874,547600
2016-05-03,16.30866050720215,16.322342582435734,16.28129635673498,245800
2016-05-04,16.240249633789062,16.33602154020815,16.11711357993917,318600
2016-05-05,16.117107391357422,16.21288056579628,15.952926484197205,918400
2016-05-06,16.007659912109375,16.076068977226665,15.939250846992088,603200
2016-05-09,15.73402214050293,16.07606610007908,15.2688421467123,1962300
2016-05-10,15.63825511932373,15.76139119188448,15.159392904875167,1393800
2016-05-11,15.528801918029783,15.624573843907646,15.487755688543874,1721000
2016-05-12,15.54247760772705,15.610886663040878,15.391978729871992,782700
2016-05-13,15.528801918029783,15.55616476622576,15.41934791565662,977200
2016-05-16,15.54247760772705,15.624568735062484,15.46038778518582,752700
2016-05-17,15.925567626953123,15.93924839403568,15.51511460421008,591600
2016-05-18,15.952930450439451,16.21288459666873,15.58352364368494,714400
2016-05-19,15.952930450439451,16.18552045294178,15.638250626344652,678500
2016-05-20,16.007659912109375,16.144478042343955,15.952932920974424,352000
2016-05-23,16.171833038330078,16.18551510567336,15.610881325193166,466900
2016-05-24,16.17183494567871,16.268095446436607,16.006816382329045,1058800
2016-05-25,16.17183494567871,16.213089258653387,15.965560757903408,580100
2016-05-26,16.254350662231445,16.29560630465395,16.185593881097006,470800
2016-05-27,16.295604705810547,16.336859032733848,16.171840413589234,443400
2016-05-30,16.254350662231445,16.29560630465395,16.089332026896024,542300
2016-05-31,16.116836547851562,16.29560707241721,15.951817904741333,4967300
2016-06-01,16.185592651367188,16.254349427277706,15.773045438646896,392400
2016-06-02,16.213090896606445,16.226842772804297,16.130580950870435,220600
2016-06-03,16.226848602294922,16.364363479322325,16.034326200714673,1625700
2016-06-06,16.33686637878418,16.364368838616027,15.910567104048576,216700
2016-06-07,16.364360809326172,16.37811268822064,16.240597833630048,1291300
2016-06-08,16.41936492919922,16.41936492919922,16.15808582062759,191400
2016-06-09,16.28185272216797,16.41936758151618,16.26810084279773,621700
2016-06-10,16.240598678588867,16.350611092565558,16.075578746172408,1964100
2016-06-13,15.993071556091309,16.21309640419498,15.869307251170108,434100
2016-06-14,16.103086471557617,16.199347029633195,15.883061589412447,504400
2016-06-15,16.089330673217773,16.144336880368293,15.88305772426619,502800
2016-06-16,16.116836547851562,16.36436385679111,16.02057468911523,465300
2016-06-17,16.034332275390625,16.11684228202759,15.965574155101828,1512200
2016-06-20,16.075576782226562,16.158086738354587,15.869303859083391,687700
2016-06-21,16.1580867767334,16.268099177531226,15.965564419611566,434400
2016-06-23,16.089330673217773,16.185592519319748,16.07557879356729,261400
2016-06-24,16.116836547851562,16.226848976591715,16.04807845202607,463200
2016-06-27,15.965572357177734,16.06183423932258,15.773051215791885,457400
2016-06-28,15.965572357177734,16.158094810015506,15.786801789139504,373500
2016-06-29,16.061830520629883,16.226849165662866,15.910562445760936,458300
2016-06-30,16.089330673217773,16.19934308751881,15.965566379266251,1238400
2016-07-01,16.14433479309082,16.22684474887472,16.1030804709245,719400
2016-07-04,16.130582809448242,16.226844642473466,16.089328487552432,693000
2016-07-05,16.185592651367188,16.254349427277706,16.089330804479875,157300
2016-07-08,16.116836547851562,16.281855190961792,15.910562260375077,238800
2016-07-11,16.226848602294922,16.32310914735926,16.08933241381595,234300
2016-07-12,16.199342727661133,16.28185269227972,16.116834074493944,219900
2016-07-13,16.1580867767334,16.185590532658487,16.034322497973026,1420400
2016-07-14,16.1580867767334,16.1580867767334,16.08932869837194,268700
2016-07-15,16.213090896606445,16.323103283287065,16.130580950870435,231700
2016-07-18,16.226848602294922,16.281854815396198,16.18559427033186,171100
2016-07-19,16.226848602294922,16.226848602294922,16.130586745779013,168100
2016-07-20,16.17183494567871,16.22684113346193,16.158083070870163,724900
2016-07-21,16.17183494567871,16.19933738384484,16.04807069530372,539100
2016-07-22,16.130582809448242,16.158086565012947,16.089328487552432,166900
2016-07-25,16.130582809448242,16.295602719933985,16.116832243117138,328900
2016-07-26,15.759294509887695,16.13058610572575,15.759294509887695,844500
2016-07-27,16.061830520629883,16.07558109079392,15.855556230749942,204000
2016-07-28,16.020572662353516,16.07557886976476,15.938064006962366,208500
2016-07-29,15.993071556091309,16.158090192169063,15.965567794352578,161400
2016-08-01,16.020572662353516,16.08933074948043,15.924312127246695,189200
2016-08-02,16.006820678710938,16.020571245759303,15.965565043211896,148600
2016-08-03,16.04807472229004,16.04807472229004,15.85555236101313,171600
2016-08-04,16.006820678710938,16.020571245759303,15.814298314069358,566000
2016-08-05,15.93805980682373,16.006817875830908,15.814295544901029,181100
2016-08-08,16.04807472229004,16.116832802135455,15.896807995791155,360300
2016-08-09,16.061830520629883,16.116836735640877,15.993072424003236,168000
2016-08-10,16.075576782226562,16.089328660156443,16.04807433781806,602000
2016-08-11,16.089330673217773,16.089330673217773,15.951815811067194,206300
2016-08-12,16.116836547851562,16.2130970951363,16.061830333481485,154100
2016-08-15,16.14433479309082,16.26809907104104,16.075576715179448,115500
2016-08-16,16.1580867767334,16.213092977132312,15.896807652701373,425300
2016-08-17,16.04807472229004,16.185590881980872,15.896807995791155,323300
2016-08-18,16.1580867767334,16.171838654695943,15.965564419611566,685100
2016-08-19,16.1580867767334,16.185590532658487,15.896807652701373,429600
2016-08-22,16.089330673217773,16.171840639669263,16.034324466067257,279500
2016-08-23,16.04807472229004,16.116832802135455,16.020570965771356,302700
2016-08-24,16.089330673217773,16.171840639669263,15.993070138567225,164300
2016-08-25,16.061830520629883,16.089332972409572,15.924314327376589,785600
2016-08-26,16.061830520629883,16.103334909833332,15.881982125491334,153500
2016-08-29,16.020320892333984,16.047990473808824,15.92347999588858,288300
2016-08-30,16.18634033203125,16.338520446980617,16.117167672450513,603000
2016-09-01,16.158672332763672,16.255513266197276,16.158672332763672,598500
2016-09-02,16.18634033203125,16.227843400036196,16.07566460444557,527800
2016-09-05,16.144832611083984,16.20017045892845,15.978819067550583,132700
2016-09-06,16.158672332763672,16.172505809426497,16.034161807286885,445700
2016-09-07,16.158672332763672,16.186340605448088,15.99265873858088,223900
2016-09-08,16.117162704467773,16.214004925773484,16.08949444077924,1374000
2016-09-09,16.103336334228516,16.172507683635107,16.075666738978743,1025000
2016-09-13,16.172502517700195,16.20017210411155,16.07566160397744,507400
2016-09-14,16.158672332763672,16.172505809426497,16.103334468036074,691400
2016-09-15,16.144832611083984,16.172500875327035,16.07565997143881,918500
2016-09-19,16.144832611083984,16.172500875327035,16.11716302748257,281400
2016-09-20,16.214008331298828,16.227841806369455,16.11716608965276,343400
2016-09-21,16.144832611083984,16.186335667127743,16.006487331793636,374200
2016-09-22,16.144832611083984,16.39385358606327,16.144832611083984,375700
2016-09-23,16.22784423828125,16.393859157593972,16.1448380979837,411200
2016-09-26,16.18634033203125,16.227843400036196,16.07566460444557,386600
2016-09-27,16.241674423217773,16.393854502818844,16.186336572278776,304600
2016-09-28,16.22784423828125,16.255513831286308,16.200175964635005,503300
2016-09-29,16.22784423828125,16.49070009439405,16.214010761137533,206700
2016-09-30,16.255512237548828,16.3385196890669,16.103333449017498,231400
2016-10-04,16.255512237548828,16.3385196890669,16.20017437632301,310400
2016-10-05,16.241674423217773,16.407687976034765,16.200171364853134,376800
2016-10-06,16.407695770263672,16.407695770263672,16.2416821385844,151100
2016-10-07,16.28318214416504,16.338520006465874,16.25551255333527,545700
2016-10-10,16.255512237548828,16.32468489392077,16.103333449017498,660700
2016-10-11,16.158672332763672,16.463029929086076,16.158672332763672,607300
2016-10-12,16.22784423828125,16.32468649444014,16.1448380979837,113400
2016-10-13,16.103336334228516,16.200177278884876,16.103336334228516,421700
2016-10-14,16.158672332763672,16.241678470175685,16.089499672014483,312900
2016-10-17,16.18634033203125,16.200175127819147,16.034161536440628,284100
2016-10-18,16.172502517700195,16.21400689731723,15.992655483460366,349600
2016-10-19,16.18634033203125,16.255512991611987,16.18634033203125,448700
2016-10-20,16.18634033203125,16.214009923607044,16.18634033203125,66000
2016-10-21,16.172502517700195,16.21400689731723,16.144834250647335,247000
2016-10-24,16.117162704467773,16.214004925773484,16.08949444077924,102800
2016-10-25,16.117162704467773,16.144832287514646,16.047991385567272,661200
2016-10-26,16.089494705200195,16.144832552845045,16.03415685755535,715500
2016-10-27,16.117162704467773,16.214004925773484,16.047991385567272,474100
2016-10-28,16.117162704467773,16.13099749599121,16.08949444077924,254200
2016-10-31,16.158672332763672,16.297016334903283,16.006492215243703,400000
2016-11-01,16.144832611083984,16.158667402884692,16.144832611083984,137300
2016-11-02,16.117162704467773,16.13099749599121,16.08949444077924,309200
2016-11-03,16.117162704467773,16.29701103619742,15.992653538831869,287900
2016-11-04,16.117162704467773,16.241673189462016,16.034156594043836,326500
2016-11-07,16.144832611083984,16.158667402884692,15.992653859351291,148900
2016-11-08,16.158672332763672,16.255513266197276,16.1171679446989,228400
2016-11-09,16.18634033203125,16.421526582990506,16.061829808657674,787400
2016-11-10,16.22784423828125,16.50453489089658,16.15867289448623,962300
2016-11-11,16.255512237548828,16.310850098774647,15.951153341127483,1113000
2016-11-14,16.255512237548828,16.310850098774647,16.03416079264555,364600
2016-11-15,16.255512237548828,16.39385755029272,16.061829063579122,539300
2016-11-16,16.18634033203125,16.324685651192723,16.158672059814204,330900
2016-11-17,16.214008331298828,16.393856700803106,16.04799475622379,565600
2016-11-18,16.449195861816406,16.49069892903225,16.2278430914949,1162200
2016-11-21,16.28219985961914,16.477030082487286,16.22653427125286,947100
2016-11-22,16.323945999145508,16.463110610459257,16.22653156752914,512500
2016-11-23,16.407440185546875,16.477022470653115,16.32394117798505,719600
2016-11-24,16.421361923217773,16.54660980922637,16.337862890154675,378600
2016-11-25,16.407440185546875,16.532688033303764,16.36569134535181,153500
2016-11-28,16.323945999145508,16.560525042075625,16.296113873186012,183200
2016-11-29,16.36569595336914,16.407444805319248,16.310030375044978,615400
2016-11-30,16.003864288330078,16.46310550521277,16.003864288330078,2732000
2016-12-01,16.017784118652344,16.129115263913036,16.003867393701775,145300
2016-12-02,16.115196228027344,16.143029673937143,16.045613940424595,184900
2016-12-05,16.115196228027344,16.156945069720294,16.031698544641444,747200
2016-12-06,16.115196228027344,16.198695238584992,16.017781821686544,1287600
2016-12-07,16.143033981323242,16.19869956082413,16.073451675154104,733600
2016-12-08,16.323945999145508,16.351779452277093,16.184782715003852,323700
2016-12-09,16.28219985961914,16.449196624717988,16.28219985961914,162400
2016-12-13,16.449193954467773,16.53269298704869,16.296113943103546,685800
2016-12-14,16.449193954467773,16.518776260423188,16.37961297568446,750300
2016-12-15,16.532699584960938,16.560531722147164,16.32395258378741,86600
2016-12-16,16.490942001342773,16.57443969595168,16.379610857082948,549500
2016-12-19,16.35177993774414,16.49094455318954,16.35177993774414,147600
2016-12-20,16.518775939941406,16.518775939941406,16.351779205191587,601800
2016-12-21,16.36569595336914,16.546609414715693,16.35177922699508,798600
2016-12-22,16.393529891967773,16.46311220436137,16.36569776331367,501200
2016-12-23,16.35177993774414,16.379613391702073,16.29611435700041,338600
2016-12-27,16.35177993774414,16.44919437225264,16.35177993774414,235900
2016-12-28,16.35177993774414,16.379613391702073,16.337863210765175,521000
2016-12-29,16.35177993774414,16.435278972445808,16.310031083979375,719100
2016-12-30,16.560523986816406,16.6161895623604,16.407443985863424,264900
2017-01-03,16.560523986816406,16.57444071249541,16.546608588309415,554100
2017-01-04,16.546607971191406,16.64402239296725,16.4909423977235,868500
2017-01-05,16.532699584960938,16.6440307880511,16.532699584960938,899700
2017-01-06,16.574440002441406,16.61618885051787,16.532691154364947,357600
2017-01-09,16.560523986816406,16.58835743817441,16.532691862630415,433700
2017-01-10,16.574440002441406,16.671854423677132,16.560523277358605,429200
2017-01-11,16.546607971191406,16.57444009433938,16.518774520871474,411100
2017-01-12,16.560523986816406,16.644023013718403,16.49094301276542,266900
2017-01-13,16.546607971191406,16.560523369179414,16.518774520871474,519400
2017-01-16,16.532699584960938,16.58836518650602,16.477033983415854,489300
2017-01-17,16.323945999145508,16.560525042075625,16.296113873186012,222500
2017-01-18,16.28219985961914,16.351782176870074,16.143036552289594,411400
2017-01-19,16.28219985961914,16.532695670853567,16.115203094520293,220400
2017-01-20,16.28219985961914,16.351782176870074,16.268283130734492,113800
2017-01-23,16.268281936645508,16.477028873076314,16.25436653595456,183900
2017-01-24,16.28219985961914,16.29611658850379,16.268283130734492,343800
2017-01-25,16.28219985961914,16.337865447985422,16.268283130734492,354300
2017-01-26,16.35177993774414,16.532693406954305,16.337863210765175,262800
2017-01-27,16.268281936645508,16.35178097665227,16.00387074310648,76100
2017-01-31,16.37961196899414,16.477026395041374,16.240447365636367,218000
2017-02-02,16.33785629272461,16.602268684674648,16.296107456637813,370900
2017-02-03,16.33785629272461,16.379606455982977,16.296107456637813,776400
2017-02-06,16.33785629272461,16.602268684674648,16.296107456637813,97100
2017-02-07,16.33785629272461,16.463104128156566,16.310024177723935,250600
2017-02-08,16.741436004638672,16.741436004638672,16.28219471395777,440700
2017-02-10,16.72752571105957,16.75535784135263,16.644026665835785,287700
2017-02-13,16.894521713256836,17.0336850127976,16.76927381464958,259100
2017-02-14,16.72752571105957,16.936271333360576,16.490946631293202,486300
2017-02-15,16.644023895263672,17.04759967112589,16.644023895263672,521900
2017-02-16,16.657936096191406,16.90843046776852,16.490939406082756,355200
2017-02-17,16.671855926513672,16.699689379188246,16.64402380101117,139000
2017-02-20,16.86668586730957,16.936268170807388,16.824937016079698,351900
2017-02-21,16.86668586730957,16.97801702203726,16.86668586730957,506800
2017-02-22,16.85276985168457,16.90843543139526,16.838854452135976,1453700
2017-02-23,16.90843391418457,16.978016214372275,16.824936215696916,532000
2017-02-24,16.922351837158203,16.978017415813113,16.713606248995305,115800
2017-02-27,17.03368377685547,17.117182812259138,16.978018195643738,329600
2017-02-28,17.0476016998291,17.117184013017955,17.019768243684666,1193800
2017-03-01,17.381589889526367,17.882581329380482,17.047596481071512,372900
2017-03-02,17.492923736572266,17.88258410066078,17.492923736572266,747000
2017-03-03,17.465091705322266,17.65992056123768,17.270261522234808,675100
2017-03-06,17.18339729309082,17.451008335193624,17.084804458224855,216100
2017-03-07,17.141143798828125,17.591855446336464,17.084804842889582,343500
2017-03-08,17.18339729309082,17.394669380523556,17.098889532699033,245200
2017-03-09,17.112974166870117,17.18339819973011,17.098890434879483,770800
2017-03-10,17.112974166870117,17.18339819973011,17.056635209227462,227700
2017-03-13,17.112974166870117,17.18339819973011,17.098890434879483,105600
2017-03-14,16.845355987548828,17.11296556604658,16.70450799261778,485200
2017-03-15,16.54958724975586,16.817197005753343,16.422824238883976,513500
2017-03-16,16.634090423583984,16.662259225246057,16.60592027869547,939700
2017-03-17,16.789020538330078,16.831274408277565,16.563664774308407,1301400
2017-03-20,16.6904239654541,16.760846618418295,16.591829833497428,585300
2017-03-21,16.6904239654541,16.760846618418295,16.63408503714715,183900
2017-03-22,16.620004653930664,16.88761430301311,16.450987821369168,1007700
2017-03-23,16.789020538330078,16.873528278225052,16.620003715313825,1268500
2017-03-24,16.76085662841797,16.88761962862113,16.76085662841797,670100
2017-03-27,16.746767044067383,16.901698799501332,16.732681972693477,941600
2017-03-28,17.493263244628906,17.493263244628906,16.774940522902074,767100
2017-03-29,16.83127784729004,17.535515425362647,16.817192773354208,718000
2017-03-30,16.859445571899414,17.183394166501884,16.76085141174643,149300
2017-03-31,16.901702880859375,17.084804823255883,16.718600938462863,980300
2017-04-03,16.83127784729004,16.873531725870954,16.746770090128212,227700
2017-04-04,16.915782928466797,17.183392553530304,16.859443989336256,460500
2017-04-05,16.972124099731445,17.056631847928386,16.929870225632975,431800
2017-04-06,16.958040237426758,17.141142162554996,16.958040237426758,291800
2017-04-07,16.972124099731445,17.028463046271554,16.958039027289807,518800
2017-04-10,16.901702880859375,16.972126911508287,16.760854819561548,32100
2017-04-11,16.929874420166016,16.97212830473328,16.901704268303327,397400
2017-04-12,16.958040237426758,16.986210384320273,16.88761621341951,169200
2017-04-13,17.014379501342773,17.16931128243089,16.760853547538076,629500
2017-04-14,16.901702880859375,16.901702880859375,16.887617806084258,33300
2017-04-17,16.901702880859375,16.9862119862834,16.873532731309144,654400
2017-04-18,16.958040237426758,17.15522723600175,16.774938312298524,741500
2017-04-19,16.958040237426758,17.09888828544126,16.94395516398,594100
2017-04-20,16.901702880859375,16.972126911508287,16.901702880859375,310700
2017-04-21,16.901702880859375,17.0425509421572,16.887617806084258,418900
2017-04-25,16.943952560424805,17.23973234122542,16.817189605335063,560500
2017-04-26,16.943952560424805,17.11296938613568,16.901698689803666,1150300
2017-04-27,16.943952560424805,17.25381741250791,16.831274676617554,579700
2017-04-28,16.943952560424805,17.11296938613568,16.915783761086153,946700
2017-05-02,17.08480453491211,17.112973340760266,16.958041550528804,376100
2017-05-03,16.87352752685547,17.183392360200294,16.87352752685547,203000
2017-05-04,16.9862117767334,17.08480461248959,16.81719356797043,115100
2017-05-05,16.915782928466797,16.98620693818654,16.887612787288397,62700
2017-05-08,16.901702880859375,16.91578795563449,16.901702880859375,17000
2017-05-09,16.901702880859375,16.901702880859375,16.85944899976069,385200
2017-05-11,17.098892211914062,17.127061022049535,16.88762009137723,632600
2017-05-12,16.901702880859375,17.127058704354567,16.873532731309144,451000
2017-05-15,16.943952560424805,16.958037631707292,16.901698689803666,210400
2017-05-16,17.18339729309082,17.465092066441166,17.084804458224855,1452800
2017-05-17,17.18339729309082,17.43692326071945,17.042550578028962,324000
2017-05-18,16.958040237426758,17.225649916782466,16.94395516398,184300
2017-05-19,17.43691635131836,17.549594216009748,17.16930541525674,1543400
2017-05-22,17.634111404418945,17.676365287324256,17.59185617828691,153300
2017-05-23,17.380584716796875,17.817211290001854,17.380584716796875,287000
2017-05-24,17.1693115234375,17.577769264063857,17.1693115234375,232900
2017-05-25,17.08480453491211,17.380584384064278,16.972126625066203,720600
2017-05-26,17.014379501342773,17.253820381441308,16.95804054974468,599100
2017-05-29,17.014379501342773,17.380583358343657,16.95804054974468,383100
2017-05-31,17.42521858215332,17.694388026653844,16.943545664678716,4427600
2017-06-01,17.15605354309082,17.425224428963723,17.08522037938784,509900
2017-06-02,17.141881942749023,17.396884218446036,17.12771477436154,339100
2017-06-05,17.15605354309082,17.269388226282782,17.113553374657837,285900
2017-06-06,17.170215606689453,17.212715762475117,17.014380801438296,374000
2017-06-07,17.071044921875,17.283547011971503,17.028544774066766,445900
2017-06-08,17.099382400512695,17.212717058511757,17.00021491252744,434800
2017-06-09,17.226884841918945,17.226884841918945,17.099383009366154,133100
2017-06-13,17.127716064453125,17.21271637906933,17.05688156823586,434200
2017-06-14,17.170215606689453,17.241050100369286,17.071048126171046,1081300
2017-06-15,17.141881942749023,17.241049419350333,17.014380129372746,445600
2017-06-16,17.21271514892578,17.269382471638615,17.04271318078728,715400
2017-06-19,17.198545455932617,17.34021305526284,17.099376650240696,345000
2017-06-20,17.15605354309082,17.226888057849795,17.056886033061854,447200
2017-06-21,17.552719116210938,17.552719116210938,17.056879066471502,474000
2017-06-22,17.127716064453125,17.19855056067039,17.08521590714502,638600
2017-06-23,17.15605354309082,17.15605354309082,17.09938620149484,451000
2017-06-28,17.113548278808594,17.481886565031488,16.957713473586104,871900
2017-06-29,17.099382400512695,17.226884228525563,17.099382400512695,672600
2017-06-30,17.071044921875,17.12771223597109,17.05687775558714,739400
2017-07-03,17.226884841918945,17.226884841918945,17.01438268836812,327300
2017-07-04,17.113548278808594,17.156048434586438,17.07104812303075,401200
2017-07-05,17.071044921875,17.113545069683234,16.986043275203194,435900
2017-07-06,17.042713165283203,17.141881993232104,17.02854734790954,258200
2017-07-07,16.94354248046875,17.014376958148148,16.872708002789356,256700
2017-07-10,16.915212631225586,16.929379800726586,16.84437948583187,118200
2017-07-11,16.915212631225586,16.929379800726586,16.858545304277225,174900
2017-07-12,16.716873168945312,16.858540772708196,16.674373022921976,199100
2017-07-13,16.773540496826172,16.83020780859699,16.74520616541312,414700
2017-07-14,16.759376525878906,17.000212984578205,16.716876371713013,346600
2017-07-17,16.773540496826172,16.901042286074336,16.716873185055352,371700
2017-07-18,16.78770637512207,16.915206803537238,16.773539210501994,439700
2017-07-19,16.78770637512207,16.80187218868697,16.773539210501994,155300
2017-07-20,16.745208740234375,16.844377564373435,16.745208740234375,409100
2017-07-21,16.801877975463867,16.91521262934801,16.716877660578582,306100
2017-07-24,16.78770637512207,16.80187218868697,16.731039067696937,126600
2017-07-25,16.886882781982422,17.212719634733688,16.7877152791548,210200
2017-07-26,16.901044845581055,16.943544998081606,16.830210357376483,414000
2017-07-27,16.901044845581055,16.91521066237758,16.886877677729043,483000
2017-07-28,16.901044845581055,16.901044845581055,16.787710204875935,274900
2017-07-31,16.844375610351562,16.901042924262153,16.8160412778686,438600
2017-08-01,16.844375610351562,17.000210385841857,16.801874111627114,375300
2017-08-02,16.81604766845703,16.943549510974115,16.787714676262038,214700
2017-08-03,17.014381408691406,17.014381408691406,16.801877920067536,363700
2017-08-04,16.85854148864746,17.014377615776464,16.844375673408283,382300
2017-08-07,16.85854148864746,16.929375969064704,16.801874174524734,60800
2017-08-08,16.81604766845703,16.901049347153705,16.81604766845703,72100
2017-08-09,16.85854148864746,16.85854148864746,16.801874174524734,90600
2017-08-10,16.986045837402344,16.986045837402344,16.731043561032706,511200
2017-08-11,16.929372787475586,17.340211075419084,16.886872647634558,404000
2017-08-14,16.97187614440918,16.986043310726668,16.74520688755078,598100
2017-08-15,16.97187614440918,17.21271256758507,16.872708682297468,404600
2017-08-16,16.97187614440918,17.141879438108322,16.929375996512068,526300
2017-08-17,16.97187614440918,17.000210477044153,16.886875848614952,564400
2017-08-18,17.000213623046875,17.071048116687354,16.971879285168445,470200
2017-08-21,17.000213623046875,17.113548272449407,16.872711804705126,420100
2017-08-22,17.000213623046875,17.071048116687354,16.91521196046718,210200
2017-08-23,17.071044921875,17.071044921875,16.78770835139455,575500
2017-08-24,17.071044921875,17.12771223597109,16.915208794819247,233800
2017-08-25,17.099382400512695,17.127716740540308,17.042715071513165,509100
2017-08-28,17.071044921875,17.198546716355036,16.986043275203194,288000
2017-08-29,17.071044921875,17.18437955006718,16.943543127394964,157900
2017-08-30,17.283550262451172,17.283550262451172,17.000213638684222,286500
2017-09-05,17.597021102905273,17.597021102905273,17.155313916070728,316100
2017-09-06,17.525774002075195,17.59701725648912,17.255049907072685,127200
2017-09-07,17.44028091430664,17.582767415694093,17.16955819229286,195700
2017-09-08,17.25505828857422,17.42604136691002,17.240810717852437,110600
2017-09-11,17.240802764892578,17.354791431201615,17.22655384189093,88000
2017-09-12,17.25505828857422,17.354799436742972,17.240810717852437,203800
2017-09-13,17.25505828857422,17.31205264801949,17.22656178827794,151300
2017-09-14,17.312044143676758,17.312044143676758,17.24080224850647,76400
2017-09-15,17.25505828857422,17.31205264801949,17.22656178827794,1100100
2017-09-18,17.283550262451172,17.483031132010154,17.26930133772862,36200
2017-09-19,17.269298553466797,17.283547475892053,17.255049631041544,155300
2017-09-20,17.269298553466797,17.440281546013754,17.255049631041544,124500
2017-09-21,17.25505828857422,17.354799436742972,17.22656178827794,162000
2017-09-25,17.283550262451172,17.369041093081986,17.240804847135767,113300
2017-09-26,17.426034927368164,17.568521452753835,17.169561084067055,107500
2017-09-27,17.454530715942383,17.582768301884002,17.326293130000764,199500
2017-09-28,17.340543746948242,17.55427217183268,17.31204589890915,87900
2017-09-29,17.3262939453125,17.497276948329805,17.297797457569008,317500
2017-10-02,17.25505828857422,17.340550507168476,17.198063929128953,294900
2017-10-03,17.283550262451172,17.45453328256505,17.198058072968106,229600
2017-10-04,17.283550262451172,17.411787867249643,17.26930133772862,1175600
2017-10-05,17.283550262451172,17.426035433119942,17.283550262451172,69200
2017-10-06,17.36903953552246,17.440282793894273,17.283548712557995,131200
2017-10-09,17.312044143676758,17.426032806571673,17.29779657995393,78400
2017-10-10,17.29779815673828,17.31204572175985,17.269300308990804,58600
2017-10-11,17.312044143676758,17.312044143676758,17.283547657379053,155200
2017-10-12,17.29779815673828,17.34054356950733,17.269300308990804,133800
2017-10-13,17.29779815673828,17.31204572175985,17.269300308990804,100000
2017-10-16,17.81075096130371,17.81075096130371,17.269303969017784,95900
2017-10-17,17.29779815673828,17.38328898227638,17.28354923286454,173900
2017-10-19,17.240802764892578,17.283548175045446,17.198055995887625,464200
2017-10-20,17.22655487060547,17.369040032574475,17.212305946752917,328500
2017-10-23,17.08406639099121,17.226552895475432,17.08406639099121,23100
2017-10-24,17.240802764892578,17.369038995351175,17.112565175581892,198100
2017-10-25,17.169559478759766,17.183808401736542,17.141061632806217,1302400
2017-10-26,17.169559478759766,17.169559478759766,17.141061632806217,217800
2017-10-27,17.15530776977539,17.34053966183569,17.141058849112632,723700
2017-10-30,17.169559478759766,17.29779706784656,17.12681406868153,246700
2017-10-31,17.0698184967041,17.283548266301082,17.0698184967041,326100
2017-11-01,17.169559478759766,17.255050298916238,17.09831622272798,193000
2017-11-02,17.027070999145508,17.240800742543474,16.970076672676434,304500
2017-11-03,16.699357986450195,17.09831836788897,16.699357986450195,111500
2017-11-06,16.086666107177734,16.78484704049969,15.97267743883342,374700
2017-11-07,16.001171112060547,16.186403005252803,15.986923550162585,226400
2017-11-08,15.488224029541016,16.314642507006717,15.31724103684315,123200
2017-11-09,15.274497985839844,15.716203778768964,14.96102843808701,462100
2017-11-10,15.388484954833984,15.473975775449386,15.046518954668183,789300
2017-11-13,16.88458824157715,17.283548583077472,16.029671865224337,788700
2017-11-14,16.898841857910156,17.212311489346842,16.898841857910156,744600
2017-11-15,16.4428768157959,17.01282001125519,16.4428768157959,294300
2017-11-16,16.642364501953125,16.742104262728123,16.42863469605371,513500
2017-11-17,16.685104370117188,16.813341939234483,16.45712707339838,210500
2017-11-20,16.58536720275879,16.67085802279942,16.457129613845765,364600
2017-11-21,16.599618911743164,16.713607606161386,16.499879143840328,415800
2017-11-22,16.998579025268555,17.09831878333863,16.65661161687404,211800
2017-11-23,16.883625030517578,17.02731600444469,16.869255659057128,413200
2017-11-24,16.955469131469727,17.027314612560332,16.897993020664956,359900
2017-11-27,16.998579025268555,17.14227001410481,16.897996155286474,380200
2017-11-28,17.127899169921875,17.22848203126421,17.02731630857954,394300
2017-11-29,17.156639099121094,17.242853971929865,17.099162974028218,1085300
2017-11-30,17.38654327392578,17.38654327392578,17.12790005106677,2124800
2017-12-04,17.530231475830078,17.731398563003285,17.372172502554562,345500
2017-12-05,17.64518165588379,17.73139650332579,17.53022943952013,1179800
2017-12-06,17.602075576782227,17.73139716762092,17.515860726110244,1383200
2017-12-07,17.602075576782227,17.73139716762092,17.587706206613802,1041700
2017-12-08,17.602075576782227,17.717027797452495,17.587706206613802,868800
2017-12-11,17.602075576782227,17.68829042745421,16.883623512423767,1060100
2017-12-12,17.630813598632812,17.630813598632812,17.34343168832989,2062300
2017-12-13,17.602075576782227,17.745766537789343,17.587706206613802,1344100
2017-12-14,17.602075576782227,17.673921057285785,17.587706206613802,2022500
2017-12-15,17.458383560180664,17.731396095519187,17.458383560180664,2175600
2017-12-18,17.544597625732422,17.731395307308123,17.530228257071578,704200
2017-12-19,17.51586151123047,17.81761144660002,17.444017397845176,1456800
2017-12-20,17.51586151123047,17.688291220303316,17.501493510756585,877700
2017-12-21,17.42965316772461,17.54460542745138,17.42965316772461,980400
2017-12-22,17.415283203125,17.50149808017101,17.400913828560835,730600
2017-12-26,17.42965316772461,17.587712182264163,17.42965316772461,85900
2017-12-27,17.44401741027832,17.53023089453757,17.415278668632823,1340300
2017-12-28,17.458383560180664,17.659550619359656,17.444015561219544,682300
2017-12-29,17.42965316772461,17.515866677350175,17.38654641291183,115100
2018-01-02,17.501489639282227,17.65954857224,17.38653743888779,301400
2018-01-03,17.602075576782227,17.745766537789343,17.45838461577511,1229200
2018-01-04,17.659557342529297,17.817616353984125,17.64518796775913,432300
2018-01-05,17.745771408081055,17.86072366029974,17.731402033968983,910300
2018-01-08,18.07625961303711,18.27742674874174,17.73140284069117,3000600
2018-01-09,18.061885833740234,18.32052903509704,18.047517832817157,1436800
2018-01-10,17.990039825439453,18.30615773790825,17.817610129116535,2398500
2018-01-11,17.94693374633789,18.104994090790523,17.93256437496244,774200
2018-01-12,17.91819190979004,18.10498958011616,17.90382254199457,2206300
2018-01-15,17.889455795288086,18.076253492983028,17.875086425387273,1592100
2018-01-16,17.760135650634766,17.903826620646896,17.717028907766586,475300
2018-01-17,17.745771408081055,17.760139411854187,17.702663285744844,797200
2018-01-18,17.71702766418457,18.004408213698557,17.702658294124234,1055100
2018-01-19,17.67392349243164,17.946934711554878,17.659554120283378,601200
2018-01-22,17.81761360168457,18.03315007892599,17.745769479609553,1667100
2018-01-23,17.81761360168457,17.946935213961662,17.745769479609553,1605300
2018-01-24,17.81761360168457,18.06188745368824,17.80324559947284,312100
2018-01-25,17.83197593688965,17.946928131250623,17.788869206588846,1796800
2018-01-26,17.78887176513672,17.81760913269109,17.774502396190307,1166200
2018-01-29,17.760135650634766,17.846350506709776,17.745767649904472,526500
2018-01-30,17.68829345703125,17.77450695213096,17.6451853391426,466700
2018-02-02,18.3061580657959,18.823444423352896,18.06188425702477,966000
2018-02-05,18.464221954345703,18.679757064648427,18.03315036340144,1184800
2018-02-06,17.659557342529297,18.406748386509943,17.659557342529297,1478700
2018-02-07,17.702661514282227,17.946935368387773,17.602078646240695,2383500
2018-02-08,17.6164493560791,17.817615107431507,17.6164493560791,1228000
2018-02-09,17.889455795288086,18.24868182077716,17.372170811905697,1012100
2018-02-12,17.961307525634766,18.004414280001363,17.88946202146442,910900
2018-02-13,17.961307525634766,17.975676900536637,17.78887913782935,2059200
2018-02-14,17.975669860839844,18.17683554932875,17.94693112229087,1120400
2018-02-15,18.047515869140625,18.061883868500384,17.96130102128949,291100
2018-02-19,18.133731842041016,18.162470585392317,18.033148980988884,600300
2018-02-20,18.17683982849121,18.378006934677032,18.133733080858104,572200
2018-02-21,18.263051986694336,18.34926683951844,18.162469133681707,449200
2018-02-22,18.32052421569824,18.39236968276864,18.119357181968784,778200
2018-02-23,18.34926986694336,18.464222109448944,18.21994825153987,979800
2018-02-26,18.464221954345703,18.607911571101248,18.449852581568503,1131700
2018-02-27,18.536062240600582,18.823444155301424,18.435479392658408,796800
2018-02-28,18.536062240600582,18.679753197951005,18.39237265358869,839200
2018-03-01,18.550434112548828,18.550434112548828,18.119362552691705,833200
2018-03-02,18.57916831970215,18.679751156652767,18.4211080098216,1126400
2018-03-05,18.32052421569824,18.57916734901636,18.004404982791467,1342500
2018-03-06,18.090625762939453,18.464221218219336,17.745769052068216,989900
2018-03-07,17.71702766418457,18.004408213698557,17.573336704258303,461500
2018-03-08,17.68829345703125,17.875089819860214,17.6739240844017,559900
2018-03-09,17.827571868896484,18.091467297943503,17.666303216793263,627300
2018-03-12,18.223411560058597,18.45798460892033,17.812907326384888,491900
2018-03-13,18.12078857421875,18.20875418493389,18.03282436166955,559900
2018-03-14,18.135448455810547,18.164770790024075,17.768927667136527,368300
2018-03-15,18.135448455810547,18.2380738292262,18.047484249501657,809100
2018-03-16,18.179428100585938,18.26739369316521,17.842229691724327,1380300
2018-03-19,18.179428100585938,18.223411595958407,18.032820643841365,147400
2018-03-20,18.2087516784668,18.223412844595508,18.076803979639887,617100
2018-03-21,18.296709060668945,18.51662227615208,18.223406053673138,276300
2018-03-22,18.179428100585938,18.296714625247866,18.04748180896552,563800
2018-03-23,18.10612678527832,18.223413321042948,17.666301577078066,564500
2018-03-26,18.10612678527832,18.13544772013658,17.900874648607324,659900
2018-03-27,18.10612678527832,18.194090988018893,18.10612678527832,705200
2018-03-28,18.15010643005371,18.164767594581367,17.73960361043857,654600
2018-03-29,18.10612678527832,18.164770053160638,18.03282235088398,536800
2018-03-30,18.23807144165039,18.443323559777657,17.959516293917222,272300
2018-04-02,18.10612678527832,18.179429821506865,18.003500017859924,575800
2018-04-03,18.10612678527832,18.179429821506865,18.076804452254265,1489900
2018-04-04,18.091466903686523,18.10612807123984,18.032823631639157,624200
2018-04-05,18.03282356262207,18.091466834444997,18.003501227627666,1159900
2018-04-06,18.07680320739746,18.47264628696774,18.01815994355361,379300
2018-04-09,18.54594993591309,18.83916766306512,18.076803809535026,588400
2018-04-10,18.589937210083008,18.677901427564308,18.223416374856868,711300
2018-04-11,18.589937210083008,18.64858048779255,18.560614872145223,570700
2018-04-12,18.589937210083008,18.619258149854765,18.575276041114115,372500
2018-04-13,18.677898406982425,18.692559573580315,18.545950703932974,455500
2018-04-16,19.117719650268555,19.117719650268555,18.85382429893572,711000
2018-04-17,19.63084983825684,19.850761706192824,19.14704261026522,1952600
2018-04-18,19.689491271972656,19.792116614412222,19.528221278807127,463800
2018-04-19,20.30524635314941,20.52515820320327,19.792116838803157,687300
2018-04-20,20.231948852539062,20.58380849216021,20.0120355291514,427100
2018-04-23,20.15863800048828,20.657106363843194,19.953385910234648,365100
2018-04-24,19.792116165161133,20.158636834886337,19.71881175158301,1179200
2018-04-25,19.792116165161133,19.86542057873925,19.49889990901405,645400
2018-04-26,19.76279830932617,19.79212064065409,19.71881621050001,900000
2018-04-27,19.76279830932617,19.865425070808172,19.71881621050001,416800
2018-04-30,19.792116165161133,19.86542057873925,19.733472913931717,892900
2018-05-02,19.60153007507324,19.718816606408332,19.381618178361386,856200
2018-05-03,19.689491271972656,20.1586372924569,19.366952683807025,601200
2018-05-04,19.645517349243164,19.894751643517843,19.645517349243164,622700
2018-05-07,19.352293014526367,19.79211814175401,19.07373789290933,1200300
2018-05-08,19.352293014526367,19.76279581412825,19.059076729096454,1988000
2018-05-14,19.366958618164062,19.645513803639147,18.472648393043148,1994900
2018-05-15,19.30831527709961,19.982713584811613,19.132385466152893,1905800
2018-05-16,19.29365348815918,19.572210061804864,18.69255963725591,1411400
2018-05-17,19.322973251342773,19.425598607896017,19.278989757249423,1774100
2018-05-18,19.264333724975582,19.41094120587541,19.176368117902975,1369500
2018-05-21,19.205684661865234,19.762794878730585,19.073736990125635,1927200
2018-05-22,19.05907821655273,19.205687069792475,18.355359076599527,1290300
2018-05-23,18.707223892211918,19.10306566989097,18.13545088204657,1741400
2018-05-24,18.589937210083008,18.75120587424274,18.589937210083008,901900
2018-05-25,18.48730087280273,18.69255293781234,18.194084635764227,1146600
2018-05-28,18.1940860748291,18.28205165198096,17.827565399999617,710900
2018-06-01,18.289573669433597,18.58432880967561,18.112720585288383,1626700
2018-06-04,18.23062896728516,18.422220226299128,18.142203097281083,799400
2018-06-05,18.201148986816406,18.49590414579045,18.201148986816406,790600
2018-06-06,18.27483558654785,18.37800093990405,18.039031474025176,759200
2018-06-07,18.52538299560547,18.62854837785365,18.230627772404446,783800
2018-06-08,18.51064109802246,18.62854315424207,18.289573688483163,446800
2018-06-11,18.643287658691406,18.71697682604079,18.422221562147225,764900
2018-06-12,18.761186599731445,18.86435197882089,18.49590760972479,738400
2018-06-13,18.378002166748047,18.80539750060249,18.378002166748047,1001300
2018-06-14,19.02646827697754,19.02646827697754,18.230628442337636,975300
2018-06-18,18.422218322753903,18.938040997992506,18.348529168362145,586700
2018-06-19,18.171676635742188,18.33379165630585,18.05377454705884,636800
2018-06-20,18.31905174255371,18.48116673473875,18.053771386702262,819400
2018-06-21,17.773761749267578,18.053778926439527,16.948445522779963,873500
2018-06-22,17.89165687561035,18.05377187215454,17.47899822085569,1025200
2018-06-25,17.980083465576172,18.142199874289837,17.83270657324984,658000
2018-06-26,17.99481964111328,18.0832468914016,17.950606718720852,763700
2018-06-27,18.15693473815918,18.24536198898941,17.99481975139114,803700
2018-06-28,18.27483558654785,18.34852472308703,18.15693353028652,534200
2018-06-29,18.27483558654785,18.289573694956363,18.201147855512048,2132000
2018-07-02,18.201148986816406,18.27483672243232,18.00955778210741,309700
2018-07-03,18.201148986816406,18.21588569063751,18.02429448592852,456300
2018-07-04,18.201148986816406,18.21588569063751,18.00955778210741,400600
2018-07-05,18.27483558654785,18.319049911773387,18.14219682738138,434700
2018-07-06,18.27483558654785,18.42221385962621,18.245360775234207,703700
2018-07-09,18.363265991210938,18.422217029485143,18.27483873104781,73900
2018-07-10,18.378002166748047,18.392738870636947,18.215885774438917,192100
2018-07-11,18.27483558654785,18.37800093990405,18.15693353028652,213300
2018-07-12,18.422218322753903,18.48116936516657,18.127463110690588,403200
2018-07-13,18.908559799194336,19.218053041809117,18.569591745879904,1340200
2018-07-16,18.982255935668945,19.08541991942406,18.64328635182464,356200
2018-07-17,19.01172637939453,19.07067741446616,18.79066034925181,852600
2018-07-18,18.982255935668945,19.055945097852828,18.967517822131395,361700
2018-07-19,18.982255935668945,19.026468870777727,18.938043000560164,1130800
2018-07-20,19.01172637939453,19.07067741446616,18.93803863968265,327200
2018-07-23,19.15910530090332,19.36543463320203,18.982252189863104,642600
2018-07-24,19.380172729492188,19.6159782999762,19.17384478788625,1038400
2018-07-25,19.77809715270996,20.176016407009808,19.380176492906152,466200
2018-07-26,19.77809715270996,20.234967459702528,19.40965272200449,449400
2018-07-27,19.79283142089844,19.79283142089844,19.64545311505484,146300
2018-07-30,19.89599609375,20.043374404794086,19.866519869339687,401700
2018-07-31,19.881256103515625,19.954945252076826,19.498073655400283,539000
2018-08-01,19.881256103515625,19.89599421432859,19.866517992702665,323500
2018-08-02,19.689666748046875,19.969685258053023,19.630715704704063,203600
2018-08-03,19.74862289428711,19.89600124347747,19.586507834580992,56900
2018-08-06,19.74862289428711,19.89600124347747,19.60124595060085,732400
2018-08-07,19.74862289428711,19.89600124347747,19.468605717430343,547100
2018-08-08,19.77809715270996,19.895999258095397,19.74862092361162,1656200
2018-08-09,19.77809715270996,19.895999258095397,19.58650588008264,1596400
2018-08-10,19.74862289428711,19.89600124347747,19.67493512519603,699600
2018-08-13,19.630712509155277,19.733877872339416,19.424384593794016,719500
2018-08-14,19.32122039794922,19.70440284320463,19.32122039794922,1291900
2018-08-15,19.67493057250977,19.733881617444094,19.24753514535993,57200
2018-08-16,19.60123634338379,19.71913840274672,19.380168927950727,177800
2018-08-17,19.822303771972656,20.161273271028303,19.66018878012209,341800
2018-08-20,19.822303771972656,19.954943949624717,19.674926889973104,496200
2018-08-21,19.630712509155277,20.264437176058596,19.630712509155277,751100
2018-08-23,19.74862289428711,20.205494652373957,19.719148067751497,948500
2018-08-24,19.66019058227539,19.73387973278165,19.557026614868818,688100
2018-08-27,19.881256103515625,20.131798365321533,19.57176280396148,267500
2018-08-28,19.91073226928711,20.24970038401268,19.866517936972254,704900
2018-08-29,20.013896942138672,20.013896942138672,19.925471085386054,499700
2018-08-30,20.04337501525879,20.220228150595897,19.940209632184303,372200
2018-09-03,20.04337501525879,20.14653899282949,19.866520474417896,103400
2018-09-04,20.01372337341309,20.19162296707388,19.99889805381961,1712500
2018-09-05,19.776517868041992,20.087842415208318,19.6430928601393,636100
2018-09-06,19.71722412109375,20.01372344492112,19.71722412109375,1468500
2018-09-07,19.657928466796875,19.73205366708543,19.56897794368649,624100
2018-09-12,19.5689697265625,19.7765199174548,19.020445736868567,590700
2018-09-13,19.5689697265625,19.643094895725465,19.524495190592724,1040600
2018-09-14,19.554147720336918,19.76169794636592,19.52449849594434,447900
2018-09-18,19.554147720336918,19.62827290204872,19.52449849594434,251000
2018-09-19,19.5689697265625,19.643094895725465,19.554144409965904,760400
2018-09-20,19.494848251342773,19.64309861775964,19.480024345757307,628000
2018-09-21,19.5689697265625,19.643094895725465,19.435544704833163,1233400
2018-09-24,19.53932380676269,19.568973031142693,19.524498487662573,606800
2018-09-25,19.74686813354492,19.924767680877228,19.331769189769545,709300
2018-09-26,19.71722412109375,19.776523985859225,19.71722412109375,1168600
2018-09-27,19.70240020751953,19.76170007651697,19.643100338522093,684900
2018-09-28,19.465200424194336,19.74687444402973,19.405900556133183,1299000
2018-10-01,19.5689697265625,19.68756943169524,19.49484455739953,559000
2018-10-02,19.58379364013672,19.67274411952369,19.55414300906776,1519800
2018-10-03,19.554147720336918,19.909948309789527,19.52449849594434,641300
2018-10-04,19.494848251342773,19.761698345365016,19.480024345757307,1462400
2018-10-05,19.228002548217773,19.895126472744085,19.168702675233668,814200
2018-10-08,19.272476196289062,19.49485035610269,19.228001647090423,908900
2018-10-09,19.33177375793457,19.48002412265353,19.19834871245156,122400
2018-10-10,19.34659767150879,19.71722214255754,19.302123130852586,670600
2018-10-11,19.272476196289062,19.391075936699053,18.42745269241277,1185200
2018-10-12,19.257646560668945,19.30212251372332,19.227997339119472,1845100
2018-10-15,19.42072296142578,19.539322679745496,19.257647288371047,833000
2018-10-16,19.465200424194336,19.865474180152045,19.43554978325357,682900
2018-10-17,19.494848251342773,19.509673570748514,19.465199026351566,596600
2018-10-18,19.48002243041992,19.62827136844021,19.050098106666876,957200
2018-10-19,19.48002243041992,19.687571226412345,19.405897254499717,979000
2018-10-22,19.435546875,19.49484673418777,19.242821979184694,734800
2018-10-23,19.34659767150879,19.4355467528212,19.25764717637622,180200
2018-10-24,19.316951751708984,19.56897656666331,19.316951751708984,133500
2018-10-25,19.272476196289062,19.28730151729542,19.19835100507771,452900
2018-10-26,19.272476196289062,19.28730151729542,19.19835100507771,252000
2018-10-29,19.272476196289062,19.316950745487706,19.228001647090423,133500
2018-10-30,19.272476196289062,19.346601387500414,19.24282555427635,223500
2018-10-31,19.272476196289062,19.30212683830177,19.228001647090423,868400
2018-11-01,19.257646560668945,19.287297196038526,19.19834670374989,646200
2018-11-02,19.272476196289062,19.331776066494054,19.19835100507771,542900
2018-11-05,20.206451416015625,20.36952571533806,19.53932748301592,732300
2018-11-07,20.56224250793457,21.021817407596732,20.265743256775085,1310100
2018-11-08,20.75497436523437,21.021824488067068,20.666023853016668,822200
2018-11-09,20.01372337341309,20.769797706836677,20.01372337341309,987700
2018-11-12,19.79134559631348,20.191619255008117,19.79134559631348,415000
2018-11-13,19.71722412109375,20.043374084214,19.56897375226992,667400
2018-11-14,19.865476608276367,20.147152076360864,19.58380255401242,544600
2018-11-15,19.865476608276367,20.087852201051582,19.79135282450517,712000
2018-11-16,19.939594268798828,19.98406880501449,19.835819879688938,105300
2018-11-19,20.132322311401367,20.384347079305677,20.01372258695466,436500
2018-11-21,19.939594268798828,20.19161899705429,19.835819879688938,1249100
2018-11-22,19.89512634277344,20.369525323547133,19.79135191918431,1069800
2018-11-23,19.939594268798828,20.14714446083863,19.924768952120267,287400
2018-11-26,20.517772674560547,20.517772674560547,19.95442326137807,473100
2018-11-27,20.08784866333008,20.488122397719376,19.96924893359841,945100
2018-11-28,19.613449096679688,20.339874236935508,19.42072558870322,190800
2018-11-29,19.361425399780277,19.613448770750782,19.28730021357938,526500
2018-11-30,19.12422752380371,19.687577048031645,19.07975297062851,1205000
2018-12-03,18.53122329711914,19.064922019100923,18.53122329711914,782900
2018-12-04,18.783248901367188,19.05009898140505,18.53122413995814,1977600
2018-12-05,18.75360107421875,18.887026134230588,18.67947729760809,832700
2018-12-06,18.75360107421875,18.97597664551195,18.6646519767578,872500
2018-12-07,18.75360107421875,18.75360107421875,18.531226916745965,814900
2018-12-10,19.126585006713867,19.126585006713867,18.78344102069143,194000
2018-12-11,18.872957229614254,19.99190729673333,18.75360266961371,493800
2018-12-12,18.88787078857422,19.260854023491778,18.73867834829807,604900
2018-12-13,19.38020896911621,19.857628487778797,18.798356020510354,235900
2018-12-14,19.09674453735352,19.3802112088158,18.79835819296734,624800
2018-12-17,19.022144317626957,19.12657916446116,18.858032212199188,467900
2018-12-18,19.186260223388672,19.216099570004943,18.73868140669149,268200
2018-12-19,19.09674453735352,19.350373285786347,18.917712730721806,385400
2018-12-20,18.94755172729492,19.066906271811867,18.723762312030253,617000
2018-12-21,19.39513397216797,19.39513397216797,18.813279440788254,670700
2018-12-24,19.76811408996582,19.76811408996582,18.872953637519288,457900
2018-12-26,19.54432487487793,19.723356682513018,19.305614375212816,152200
2018-12-27,19.49956321716309,19.708434342548625,19.395128365879387,142100
2018-12-28,19.514484405517575,19.55924199914531,19.380210201816134,465200
2018-12-31,19.76811408996582,19.76811408996582,19.3354535366076,121400
2019-01-02,19.39513397216797,19.78303699308778,19.156424858623023,59800
2019-01-03,19.216102600097656,19.73827844285649,19.111667716109604,472100
2019-01-04,19.32053565979004,19.454809882421056,19.186261437159025,120200
2019-01-07,19.17134475708008,19.663682665202018,18.350781102604,209100
2019-01-08,19.32053565979004,19.380212933979557,18.962472014652963,201100
2019-01-09,19.32053565979004,19.469729556673048,19.11166591153597,449700
2019-01-10,19.29069709777832,19.45480924068144,19.06690625983581,409900
2019-01-11,19.39513397216797,19.39513397216797,19.201182461708065,862400
2019-01-14,18.94755172729492,19.46972892667036,18.872954781267232,504900
2019-01-15,18.499971389770508,18.94755164108172,18.440294117783573,1002500
2019-01-16,18.499971389770508,18.51489106347184,18.455213791484905,954100
2019-01-17,18.634246826171875,18.753601377951828,18.61932715149476,519900
2019-01-18,18.649168014526367,18.783442251881937,18.604410409680717,794400
2019-01-22,19.39513397216797,19.39513397216797,18.64916728093074,736600
2019-01-23,19.09674453735352,19.3802112088158,18.88787338487403,577700
2019-01-24,19.45480728149414,19.469726953751508,19.08182401196947,1038000
2019-01-25,19.469724655151367,19.618917091656588,19.350370136819954,232700
2019-01-28,19.64876365661621,19.64876365661621,19.186263660927946,667100
2019-01-29,19.574159622192383,19.738271730192988,19.544321703836864,543000
2019-01-30,19.66367530822754,19.69351322519513,19.410046611321867,188400
2019-01-31,19.678598403930664,19.7531953489567,19.54432561026585,1476300
2019-02-04,19.35037422180176,19.768115124149347,19.245937929101064,233500
2019-02-07,19.365291595458984,19.768114228733136,19.29069607624673,325800
2019-02-08,19.484643936157227,19.559239441509657,19.245933481448034,389800
2019-02-11,19.484643936157227,19.499562183536877,19.3652879973936,428700
2019-02-12,19.484643936157227,19.708433297850643,19.39512733778902,564500
2019-02-13,19.484643936157227,19.514481853734587,19.424966678184443,596700
2019-02-14,19.574159622192383,19.67859447066385,19.49956269207644,765200
2019-02-15,19.81287384033203,19.917310138926187,19.51448746467402,424200
2019-02-18,19.99190330505371,20.126177513949138,19.61892002381899,215000
2019-02-19,19.962064743041992,20.12617686931422,19.79795261676976,108300
2019-02-20,20.18585777282715,20.514083507333677,20.0665032189736,485600
2019-02-21,20.27536964416504,20.51407869588442,20.096337855375506,685500
2019-02-22,19.99190330505371,20.29029106829613,19.887468441609848,131500
2019-02-25,21.185449600219727,21.245126866926103,19.79795279359189,140700
2019-02-26,19.99190330505371,20.737869867523152,19.96206538242045,413900
2019-02-27,19.84271240234375,20.00682454674234,19.544326038519763,1130700
2019-02-28,19.91730690002441,20.021741758817168,19.7681130250477,1301600
2019-03-01,19.91730690002441,20.066499352182888,19.663678166254947,287500
2019-03-04,19.54432487487793,19.797953624732223,19.111664317388552,450400
2019-03-05,19.693513870239254,19.872545646362934,19.32053064761041,295800
2019-03-06,19.90238571166992,19.90238571166992,19.54432214638731,393200
2019-03-07,19.76811408996582,20.066500433175225,19.57416261117513,341000
2019-03-08,19.76811408996582,19.991903491668296,19.484647419621464,266400
2019-03-11,19.504541397094727,19.941322581992612,19.42923399907044,435900
2019-03-12,19.353927612304688,19.50454096867588,19.20331281956438,346100
2019-03-13,19.052696228027344,19.26355663068227,18.75146810735529,748600
2019-03-14,18.917146682739254,19.20331306902028,18.87196138250873,338700
2019-03-15,18.67616081237793,18.962328605737778,18.67616081237793,996800
2019-03-18,18.90208625793457,19.097884930393374,18.540612448642584,208100
2019-03-19,18.706283569335938,19.052695536442304,18.54060846807232,484400
2019-03-20,18.81171417236328,18.88702156338845,18.646039061203115,633100
2019-03-21,18.826780319213867,19.007517237914,18.76653467964716,680800
2019-03-22,18.706283569335938,18.826774813231104,18.69122180475681,843400
2019-03-25,18.646039962768555,19.32380364202801,18.525548705849943,187100
2019-03-26,18.646039962768555,18.766531219687163,18.646039962768555,287700
2019-03-27,18.81171417236328,18.871959797909614,18.61591553024544,208300
2019-03-28,18.751468658447266,18.826776049920756,18.67616126697378,236800
2019-03-29,18.826780319213867,19.33886897371558,18.751472910663143,508300
2019-04-01,18.67616081237793,18.97739037093966,18.42011654942185,255600
2019-04-02,18.781591415405277,18.841837038826927,18.570731015245,551600
2019-04-03,18.826780319213867,18.841842088197883,18.63098163152972,99400
2019-04-04,18.826780319213867,18.90208772776459,18.646043400513737,142600
2019-04-05,18.826780319213867,18.841842088197883,18.81171855022985,524900
2019-04-08,18.85689926147461,19.022574370813235,18.826775730848134,285900
2019-04-09,18.932205200195312,19.17318769953883,18.871959575359437,182600
2019-04-10,18.826780319213867,18.94727159834729,18.826780319213867,169600
2019-04-11,18.81171417236328,18.90208332886729,18.374933028060106,387100
2019-04-12,18.84183692932129,18.856898694181407,18.811713399601054,118800
2019-04-15,18.871957778930664,19.097879927836345,18.70628268549492,113100
2019-04-16,18.90208625793457,19.02257752769857,18.60085808352458,193600
2019-04-17,18.781591415405277,18.947266520722582,18.615914873719,321400
2019-04-18,18.646039962768555,18.781592985894264,18.314688288057837,906500
2019-04-19,18.615917205810547,18.66110250631405,18.585795108510684,92500
2019-04-22,18.239376068115234,18.69121888020833,18.239376068115234,301700
2019-04-23,18.17913055419922,18.31468354219927,18.08876285311166,360100
2019-04-24,18.19419479370117,18.224318322410912,18.149010937005464,1611500
2019-04-25,18.22431755065918,18.31468526022376,18.209255786942133,1041600
2019-04-26,18.209259033203125,18.25444289604058,18.118889871159112,627300
2019-04-29,18.22431755065918,18.22431755065918,18.209255786942133,84100
2019-04-30,18.209259033203125,18.540610712205705,18.149013403963483,680800
2019-05-02,18.08876609802246,18.209257345333054,18.058642568010328,98700
2019-05-03,18.11888694763184,18.32974733413229,17.983333944622178,849300
2019-05-06,18.073705673217773,18.224320461708885,17.953214416972514,158900
2019-05-07,18.16407585144043,18.40505837743481,18.028522821476304,529400
2019-05-08,18.25444602966309,18.299629900256964,17.96827960074273,398000
2019-05-09,18.25444602966309,18.435182948407945,18.073709110918227,531600
2019-05-10,18.25444602966309,18.28456956763857,18.02852524032435,360900
2019-05-13,18.299623489379883,18.450238253753984,18.11888663395227,294700
2019-05-14,18.359865188598636,18.6460328925478,17.938145949291403,878700
2019-05-15,18.37493324279785,18.61591574779942,18.20925812970153,590000
2019-05-16,18.465303421020508,18.60085644666879,18.34481216185962,340500
2019-05-17,18.465303421020508,18.5857946801814,18.224320902698725,376400
2019-05-21,18.510486602783203,18.887022132893826,18.329749720694394,498300
2019-05-23,18.60084724426269,18.75146052551628,18.28455748635126,514800
2019-05-24,18.510486602783203,18.826776505530884,18.38999534805733,695400
2019-05-27,18.525543212890625,18.79664774238848,18.38999022995737,378100
2019-05-28,18.615917205810547,18.781593768251795,18.495425943872807,7635200
2019-05-29,18.67616081237793,18.84183735686068,18.405056220588957,342200
2019-05-30,19.06776237487793,19.489481840728896,18.736410647810374,936700
2019-05-31,19.399112701416016,19.399112701416016,18.887024097382845,1251000
2019-06-03,19.353927612304688,19.57984836504604,19.05269802682407,577900
2019-06-04,19.41417121887207,19.715399336590973,19.173187288327984,836200
2019-06-07,19.27861976623535,19.41417278926585,19.173188839228807,600600
2019-06-10,19.20330810546875,19.56478179566672,18.932202119635893,555300
2019-06-11,19.26355743408203,19.36898692162201,19.112942649280026,756000
2019-06-12,19.188251495361328,19.263558893467536,19.05269846604398,450600
2019-06-13,19.392784118652344,19.52913986113476,19.286728849568803,1275000
2019-06-14,19.392784118652344,19.46853746946202,19.241277417033,372300
2019-06-17,19.16552352905273,19.665493607558464,19.13522305650312,487000
2019-06-18,19.301881790161133,19.46853946802584,19.241279392267185,618200
2019-06-19,19.317026138305664,19.544284691394697,19.241272805651104,457300
2019-06-20,19.317026138305664,19.589737557912212,19.271574716662784,590600
2019-06-21,19.28672790527344,19.604890807196544,19.2564274333581,1000600
2019-06-24,19.317026138305664,19.65033993506093,19.271574716662784,182900
2019-06-25,19.317026138305664,19.347328049317344,19.226121850145265,479900
2019-06-26,19.33218002319336,19.52913813999018,19.226124763456696,849700
2019-06-27,19.226123809814453,19.347330021340767,19.210974297639105,311400
2019-06-28,19.24127769470215,19.438235831699597,19.104921950251995,404500
2019-07-01,19.226123809814453,19.28672619314021,19.226123809814453,188100
2019-07-02,19.392784118652344,19.589742252807504,19.135223592824445,573000
2019-07-03,19.392784118652344,19.45338651032509,19.37763315951541,1738000
2019-07-04,19.46853828430176,19.46853828430176,19.36248301077936,492000
2019-07-05,19.392784118652344,19.46853746946202,19.37763315951541,1610600
2019-07-08,19.34733009338379,19.39278151982866,19.31702817917068,342200
2019-07-09,19.34733009338379,19.43823294627353,19.31702817917068,765400
2019-07-10,18.938268661499023,19.43823883857258,18.8019128959562,626800
2019-07-11,18.832210540771484,19.1655229531768,18.680703847950955,200000
2019-07-12,18.756458282470703,18.953416416613468,18.695855890801774,333700
2019-07-15,18.650405883789062,18.69585731979604,18.62010396320101,594900
2019-07-16,18.650405883789062,18.771610676391056,18.604953002906992,764100
2019-07-17,18.559497833251957,18.69585355871704,18.544346876005875,432000
2019-07-18,18.392845153808597,18.55950138074597,18.37769419366653,265100
2019-07-19,18.42314910888672,18.498902479029827,18.332246220615275,419400
2019-07-22,18.40799140930176,18.438293324219867,18.27163712679475,386600
2019-07-23,18.392845153808597,18.423145629217625,18.37769419366653,321600
2019-07-24,18.392845153808597,18.514049945194888,18.36254323352448,460900
2019-07-25,18.332239151000977,18.40799104705589,18.25648581007126,416600
2019-07-26,18.286785125732425,18.620098937868203,18.211033234456995,375200
2019-07-29,18.256488800048828,18.28678927445833,18.211037365997058,375600
2019-07-31,17.801971435546875,18.19588774599709,17.801971435546875,750400
2019-08-01,17.923175811767578,18.10498300197368,17.55956143135537,418600
2019-08-02,17.923175811767578,18.05953156564093,17.771669097491603,306600
2019-08-05,17.620162963867188,17.92317493268207,17.620162963867188,615500
2019-08-06,17.514108657836914,17.62016248280792,17.423204347236766,589500
2019-08-07,17.514108657836914,17.665613915670495,17.438355306482624,266600
2019-08-08,17.711063385009766,17.78681672796572,17.529256228840378,190300
2019-08-09,17.635313034057617,17.892873555778493,17.483806334854172,215200
2019-08-13,17.574710845947266,17.938325194377214,17.377752712662296,557100
2019-08-14,17.33229637145996,17.605007800716443,17.27169399216682,687800
2019-08-15,17.301998138427734,17.34744956754798,17.195944322188865,635800
2019-08-16,17.271692276000977,17.408047977080514,17.120187065259472,262200
2019-08-19,17.317148208618164,17.40805106219829,17.044436758128175,189600
2019-08-20,17.650463104248047,17.771667889480007,17.317150667297664,168300
2019-08-21,17.54440689086914,18.029225965820675,17.423202122131254,248200
2019-08-22,17.514108657836914,17.63531344205378,17.286848603774043,394200
2019-08-23,17.620162963867188,17.741367751393142,17.347451469496274,200200
2019-08-26,16.892929077148438,17.529254794096378,16.74142384851185,662000
2019-08-27,16.377811431884766,17.195944383332648,16.302058086498413,1526800
2019-08-28,16.54446792602539,16.74142604953461,16.317209330755087,224000
2019-08-29,16.83233070373535,17.029288848236988,16.0596505305367,376200
2019-08-30,17.33229637145996,17.40804970679506,16.802025913863652,362200
2019-09-03,16.226308822631836,17.5444121623568,16.059652576761525,609900
2019-09-04,16.953533172607422,16.953533172607422,16.16570214732544,271600
2019-09-05,17.07474136352539,17.4232047652912,16.574769810540698,400200
2019-09-06,17.10504150390625,17.19594581491273,16.620222364871708,236000
2019-09-10,16.922096252441406,17.211753106195854,16.5409679715656,420100
2019-09-11,18.20268821716309,18.20268821716309,16.89160729861077,508300
2019-09-12,17.608131408691406,18.14171026720364,17.577640440490452,373800
2019-09-13,17.760583877563477,17.806320334988293,17.6081333811494,288800
2019-09-17,17.852052688598633,18.309407017731147,17.65386576417823,609500
2019-09-18,17.882543563842773,17.989260502898478,17.318473714709114,229700
2019-09-19,17.882543563842773,17.913034533255672,17.80631904808941,274000
2019-09-20,17.836807250976562,17.98925917904302,17.470924368284273,751400
2019-09-23,17.760583877563477,17.821564366907015,17.6081333811494,282400
2019-09-24,17.852052688598633,17.913033168890347,17.684356731268757,395500
2019-09-25,17.89778709411621,17.89778709411621,17.852052098880552,548000
2019-09-26,17.806316375732422,17.928277327301338,17.669109941745088,374700
2019-09-27,17.89778709411621,17.913032577157857,17.455678263133418,342700
2019-09-30,17.989255905151367,18.1417063515838,17.89778447418065,317000
2019-10-01,18.019750595092773,18.12646753756365,17.974015593399248,56900
2019-10-02,17.958770751953125,18.050242212508543,17.958770751953125,95100
2019-10-03,17.8673038482666,17.897793371153767,17.760586883437036,185200
2019-10-04,17.89778709411621,17.943523543241152,17.623375668812972,276500
2019-10-07,18.050233840942383,18.08072334439369,17.684351076193547,221900
2019-10-08,17.669113159179688,18.126467537789097,17.57764170190201,418300
2019-10-09,17.760583877563477,17.836809852715287,17.287985448623427,380100
2019-10-10,17.608131408691406,17.88254285305307,17.577640440490452,440500
2019-10-11,17.562395095825195,17.6386196028438,17.547149612865763,540400
2019-10-14,17.760583877563477,17.89779034205883,17.577642409532857,201200
2019-10-15,17.760583877563477,17.913035827867102,17.68435935630121,331400
2019-10-16,17.760583877563477,17.882544856250558,17.623378866957673,296600
2019-10-17,17.760583877563477,17.85205533852356,17.623378866957673,205400
2019-10-18,17.760583877563477,17.943526799483646,17.66911387049294,218300
2019-10-21,17.89778709411621,17.913032577157857,17.638619697965336,119600
2019-10-22,17.89778709411621,17.913032577157857,17.836806615838903,266800
2019-10-23,17.89778709411621,17.89778709411621,17.76058065451995,190800
2019-10-24,17.882543563842773,17.913034533255672,17.653867108803798,332000
2019-10-25,17.882543563842773,18.065486472541284,17.77582807867651,335500
2019-10-29,17.913036346435547,17.98926232379404,17.83681036907705,699100
2019-10-30,17.958770751953125,18.050242212508543,17.928281234361016,206100
2019-10-31,17.958770751953125,18.050242212508543,17.91303574862019,464300
2019-11-01,17.943525314331055,17.97401482953449,17.91303434523819,164000
2019-11-04,18.050233840942383,18.111214301733856,17.91302744068935,198400
2019-11-05,18.09597587585449,18.248427814194777,17.913034422179813,348600
2019-11-06,18.06548309326172,18.202688068286253,18.0045026197322,174500
2019-11-07,18.14170837402344,18.294160291340297,18.06548386925424,264000
2019-11-08,18.08073234558105,18.14171283673064,18.034997340691262,390500
2019-11-11,18.263669967651367,18.294160933741125,17.775826141329507,279600
2019-11-12,18.263669967651367,18.56857381299181,18.11121949887043,247300
2019-11-13,18.370384216308597,18.43136468570666,18.065481869318265,296500
2019-11-14,18.263669967651367,18.309406416786004,18.1417090110709,1572000
2019-11-15,18.11122131347656,18.187447282448936,17.95876937553182,486600
2019-11-18,18.52283477783203,18.52283477783203,18.03499101961941,181400
2019-11-19,18.461854934692383,18.766758747813476,18.35513947243348,267200
2019-11-20,18.41612434387207,18.675291774606336,18.172202398213813,146700
2019-11-21,17.97401237487793,18.27891475471982,17.806316429437196,1164800
2019-11-22,18.370384216308597,18.56857110532458,17.97401043827663,403600
2019-11-25,18.217931747436523,18.50759005845628,17.60812707248287,439100
2019-11-26,18.751514434814453,18.751514434814453,17.913031804262616,1579800
2019-11-27,18.263669967651367,18.66004380348252,18.0502390205802,211100
2019-11-28,17.913036346435547,18.06548830115253,17.89779086018593,278300
2019-11-29,17.455678939819336,18.01974874922344,17.348963462169444,554700
2019-12-02,17.760583877563477,17.989261803018913,17.455681430845775,663900
2019-12-03,17.760583877563477,17.836809852715287,17.562398377614134,542400
2019-12-04,17.68436050415039,17.760585030360204,17.531908543951477,449100
2019-12-05,17.53190040588379,17.68435229531663,17.45567446116737,200200
2019-12-06,17.148109436035156,17.59331543857188,17.071349477513422,389400
2019-12-09,17.009939193725586,17.270922134212963,16.73360397107443,207400
2019-12-10,17.270925521850586,17.34768548365149,17.009942530172218,104600
2019-12-11,17.88499641418457,18.038516287366228,17.117399976424306,340900
2019-12-12,18.25344467163086,20.418066493210414,18.02316485107668,1811300
2019-12-13,18.069223403930664,18.65259549077445,18.069223403930664,2806500
2019-12-16,17.961759567260742,18.57583770587884,17.34768289271693,666200
2019-12-17,17.65472412109375,17.900354831135303,17.50120419528052,672000
2019-12-18,17.65472412109375,17.838947153624915,17.47050108856258,659400
2019-12-19,17.731481552124023,17.82359232319986,17.670073883382027,1098700
2019-12-20,17.65472412109375,17.961762508645695,17.562611872790907,1868400
2019-12-23,17.93105125427246,18.08456964625425,17.67006837742218,415600
2019-12-24,17.90035057067871,18.1920380674845,17.83894290778394,125700
2019-12-26,17.700773239135742,17.900348486323317,17.670070143300578,46700
2019-12-27,17.7468318939209,17.915702598469267,17.593312006823002,385500
2019-12-30,17.88499641418457,18.007811727100293,17.82358875772671,99100
2019-12-31,17.731481552124023,18.038519895834,17.531906262693965,569800
2020-01-02,17.624013900756836,17.700773839057327,17.57795852340616,250100
2020-01-03,17.7468318939209,17.977110260493593,17.654719668847328,585000
2020-01-06,17.731481552124023,18.038519895834,17.562609365027807,344200
2020-01-07,17.716135025024414,17.792895001910374,17.670079624522753,380000
2020-01-08,17.731481552124023,17.731481552124023,17.50120169628581,218200
2020-01-09,17.470497131347656,17.931055340392515,17.347681804145587,254500
2020-01-10,17.25556755065918,17.485847360180593,17.178807614152042,210200
2020-01-13,17.240217208862305,17.28627405438917,17.194161827409616,637900
2020-01-14,17.224868774414062,17.316979550064353,17.148108818655903,444100
2020-01-15,17.17881202697754,17.20951659509727,17.086701250767135,546200
2020-01-16,17.240217208862305,17.240217208862305,17.07134650081966,266600
2020-01-17,18.2687931060791,18.391608408729383,17.209510754701952,569200
2020-01-20,17.808242797851562,18.268799614839143,17.808242797851562,939500
2020-01-21,17.961759567260742,18.176687135388217,17.854296515234147,580700
2020-01-22,17.90035057067871,17.961758233573484,17.762182963146934,492500
2020-01-23,17.7468318939209,17.762182711371366,17.63936738732271,356600
2020-01-24,17.762182235717773,17.946405216857453,17.62401463384449,143000
2020-01-28,17.50119972229004,17.50119972229004,16.19628654268788,1227900
2020-01-29,17.102054595947266,17.48585293681083,16.902479283009274,749900
2020-01-30,17.270925521850586,17.31698091330133,17.05599792162296,382600
2020-01-31,17.009939193725586,17.34768208095764,17.009939193725586,1928700
2020-02-03,16.96388053894043,17.224863429083662,16.96388053894043,254700
2020-02-04,17.025293350219727,17.60866695999952,17.025293350219727,317100
2020-02-05,17.132753372192383,17.240216411972817,16.917827292631518,277400
2020-02-06,17.209514617919922,17.608665173172206,17.117402388217773,865600
2020-02-07,17.132753372192383,17.2095133137816,17.05599343060317,169800
2020-02-10,17.194164276123047,17.194164276123047,16.994588975973233,197200
2020-02-11,17.240217208862305,17.639367752316748,17.194161827409616,230000
2020-02-12,17.117401123046875,17.194161064779532,17.08669802479828,526400
2020-02-13,17.086700439453125,17.117403542040613,16.948532817623626,241700
2020-02-14,17.009939193725586,17.086699140470262,16.79501163565533,507000
2020-02-17,17.0406436920166,17.393737395969904,17.0406436920166,89900
2020-02-18,17.086700439453125,17.117403542040613,16.979237384285433,185200
2020-02-19,17.025293350219727,17.08670102156105,16.948533395024473,97400
2020-02-20,16.948532104492188,17.48585028587092,16.93317982180725,174900
2020-02-21,16.887123107910156,17.117401473752,16.841067727556617,329600
2020-02-24,16.580081939697266,16.91782475355593,16.580081939697266,428300
2020-02-25,16.426565170288086,16.580085059311237,16.196286800827526,570000
2020-02-26,16.549381256103516,16.841068765831878,16.13487987921878,635300
2020-02-27,16.518674850463867,16.549377945091674,16.45726719713431,779200
2020-02-28,17.53190040588379,17.59330805411158,16.180930680798525,1103300
2020-03-02,16.841068267822266,17.194161968650313,16.764308322054458,974900
2020-03-03,16.887123107910156,16.887123107910156,16.626140179116522,196000
2020-03-04,16.948532104492188,17.194162771154147,16.810364488476267,567400
2020-03-05,16.948532104492188,17.17881048846921,16.825716771161208,316300
2020-03-06,16.948532104492188,17.30162728587445,16.733604539125842,164400
2020-03-09,16.042766571044922,16.70290003011895,15.766432826376604,734800
2020-03-10,15.745393753051758,16.434058400699612,15.51062059459951,551600
2020-03-11,15.792343139648438,16.230584150076655,15.494964191662518,591400
2020-03-12,15.573225021362305,15.745392286722142,15.51061915013374,458400
2020-03-16,14.72804069519043,14.94716192656486,14.086330330086854,1036000
2020-03-17,14.88455581665039,15.47931215498903,13.695043139973112,1253000
2020-03-18,15.635830879211426,15.635830879211426,14.86890858415732,941200
2020-03-19,15.714082717895508,16.199279157631356,15.36974980881333,731000
2020-03-20,15.651477813720703,17.216625595092772,15.651477813720703,2712200
2020-03-23,15.056727409362791,15.651483979708743,14.931515656936469,667800
2020-03-24,15.181937217712402,15.26019492611826,15.041073641110188,521200
2020-03-25,15.651477813720703,15.651477813720703,15.260190868377684,224500
2020-03-26,15.651477813720703,16.340142180762268,15.056721477682366,576600
2020-03-27,15.807998657226562,16.355799674617693,15.416711576529288,495400
2020-03-30,15.745393753051758,15.980165418862155,15.494968752174325,663000
2020-03-31,16.559267044067383,16.559267044067383,15.54192135981388,1518400
2020-04-01,15.948859214782717,16.1679804961981,15.823647480442954,686000
2020-04-02,16.981861114501953,16.981861114501953,15.58887847018994,311400
2020-04-03,16.04276466369629,16.6062173242899,15.964506976564644,727900
2020-04-06,15.729736328125,16.105371457165035,15.729736328124998,348000
2020-04-07,16.402748107910156,16.48100579586769,15.745387409934118,590300
2020-04-08,16.481008529663086,16.59056990803368,16.277539104279406,701100
2020-04-09,16.465360641479492,16.65317825618391,16.4184051183221,209100
2020-04-10,16.44970703125,16.527964735453935,16.4340551918809,91100
2020-04-13,16.621875762939453,16.872299267123264,16.44970997697354,123800
2020-04-14,16.6688289642334,16.794040710071187,16.355799599638928,501000
2020-04-15,16.84099578857422,16.903601659836358,16.668828523122052,396000
2020-04-16,16.794038772583008,16.9818578623132,16.34014587312513,712800
2020-04-17,16.44970703125,17.10706935833656,16.4340551918809,155000
2020-04-20,16.214929580688477,16.825337719007955,15.807992314449985,266100
2020-04-21,15.807998657226562,15.964512593920418,15.604529196146968,301400
2020-04-22,16.277536392211914,16.340142244003452,15.541918006821676,306000
2020-04-23,16.277536392211914,16.355794080111647,16.261886048744966,516400
2020-04-24,15.886252403259276,16.230585398545653,15.65148078848856,221500
2020-04-27,15.44800853729248,16.152324745591407,15.448008537292482,118300
2020-04-28,15.854949951171877,16.011463860839243,15.494965122918074,166500
2020-04-29,15.807998657226562,15.886254879252611,15.69843725963493,221300
2020-04-30,15.917558670043944,16.402753817517173,15.729741049153493,420200
2020-05-04,15.604528427124023,15.8236482262251,15.33845310595127,604100
2020-05-05,16.04276466369629,16.199280037959575,15.729735407810947,189800
2020-05-06,16.04276466369629,16.29318806840456,16.04276466369629,260300
2020-05-08,16.04276466369629,16.32449174031371,15.964506976564644,388400
2020-05-12,15.604528427124023,15.901905937036208,15.416710816762375,583400
2020-05-13,15.432360649108888,15.667133773696806,15.432360649108888,165700
2020-05-14,15.432360649108888,15.620178253194243,15.322800753219504,610800
2020-05-15,15.401058197021484,15.714087531789888,15.401058197021484,271900
2020-05-18,15.69843578338623,15.823647518023362,15.494966341440486,131800
2020-05-19,15.839298248291016,16.074071353768332,15.698434683532929,533500
2020-05-20,15.854949951171877,16.042767538357616,15.66713236398613,228800
2020-05-21,15.886252403259276,16.011464130155865,15.74539032998176,582700
2020-05-22,15.886252403259276,16.04276780820077,15.854950217855892,121900
2020-05-27,16.84099578857422,16.84099578857422,15.807998166428067,339600
2020-05-28,16.794038772583008,16.840994291336344,16.449707257574673,373900
2020-05-29,18.374835968017575,18.374835968017575,16.34014340167611,1621500
2020-06-03,17.410221099853516,17.410221099853516,16.50049798610678,703700
2020-06-04,17.410221099853516,17.833712172060494,17.33179638401458,493000
2020-06-05,17.17494773864746,17.7082340357749,16.861250356756937,337100
2020-06-09,17.59843635559082,18.037612591152605,17.26905380496279,280500
2020-06-10,17.56707000732422,17.56707000732422,17.01809995774269,290900
2020-06-11,17.253366470336914,17.95918570859447,16.939669197314288,242000
2020-06-12,17.253366470336914,17.394530617153745,16.861244505101986,59500
2020-06-15,16.077001571655273,16.986724467751095,15.841728976254409,183100
2020-06-16,16.15542984008789,16.782824563734657,16.124059355992046,225500
2020-06-17,16.296592712402344,16.594604808140524,16.218168004315384,273000
2020-06-18,16.51618194580078,16.594606662652005,16.218169816758596,319300
2020-06-19,17.378847122192383,17.410217600553583,16.54754889136818,1040900
2020-06-22,17.53569793701172,17.64549162847989,17.127890660377293,72100
2020-06-23,17.78666114807129,17.78666114807129,16.547555201034562,481200
2020-06-24,16.971036911010742,17.723911805942553,16.93966793396126,211100
2020-06-25,16.6259708404541,17.00240754354156,16.6259708404541,149400
2020-06-26,16.469125747680664,17.14357613791695,16.390701040192997,148800
2020-06-29,16.15542984008789,16.469127201911274,16.014265653310616,195600
2020-06-30,16.15542984008789,16.390702487498675,16.014265653310616,522200
2020-07-01,16.186798095703125,16.56323640867969,16.092689639329194,222900
2020-07-02,16.233856201171875,16.29659567990049,16.092692000075694,152000
2020-07-03,16.782821655273438,16.782821655273438,16.265220724008287,57200
2020-07-06,16.312274932861328,16.782821641580295,16.296591189371206,237100
2020-07-07,15.904467582702637,16.48480791665077,15.904467582702637,460800
2020-07-08,16.469125747680664,16.469125747680664,15.920154291093889,672300
2020-07-09,16.04562759399414,16.641653067584848,15.92014870437782,362300
2020-07-10,16.327959060668945,16.453437975008587,16.077001231989662,240800
2020-07-13,16.24953842163086,16.46912732445465,16.108375729630232,149400
2020-07-14,16.312274932861328,16.43775385574282,16.07700232641522,210500
2020-07-15,16.469125747680664,16.578919440667267,16.124057932231064,205000
2020-07-16,16.453433990478516,16.50048969383038,16.31226987207549,19000
2020-07-17,16.6259708404541,16.939668093026985,16.1711094502668,180800
2020-07-20,16.48480796813965,16.6102868788,16.390698037231083,137400
2020-07-21,16.751453399658203,16.76713714384199,16.453439822764025,143700
2020-07-22,16.923986434936523,16.93967167483836,16.798507507375458,94600
2020-07-23,16.908302307128906,17.15926017875705,16.84556283922187,207500
2020-07-24,16.171119689941406,16.861254082600034,16.13974919690684,229700
2020-07-27,15.920147895812988,16.375009221526895,15.920147895812988,220000
2020-07-28,16.89261817932129,16.89261817932129,16.014264152694917,240300
2020-07-29,16.845558166503906,16.876928639669156,16.233848898046467,232700
2020-07-30,16.861248016357422,16.861248016357422,16.265222325582304,234300
2020-08-03,16.20248031616211,16.79850591343621,16.108371877334267,186500
2020-08-04,16.014266967773438,16.312279112009957,16.014266967773438,130300
2020-08-05,15.731935501098633,16.0456328274553,15.700566516376387,276000
2020-08-06,15.920147895812988,16.12405145504009,15.841724715655571,111600
2020-08-07,15.967207908630373,15.967207908630373,15.731933817176122,125300
2020-08-10,15.998581886291504,16.0613213644406,15.700569739040075,145900
2020-08-11,16.24953842163086,16.24953842163086,15.967211541802584,500100
2020-08-12,16.233856201171875,16.233856201171875,16.07700675643675,439500
2020-08-13,16.6259708404541,16.68871029096868,16.218163664196112,154600
2020-08-14,16.469125747680664,16.81419356313026,16.37501579953009,513300
2020-08-17,16.861248016357422,16.861248016357422,16.312276552377817,167100
2020-08-18,16.48480796813965,16.923984155450878,16.0926859983694,415600
2020-08-19,16.077001571655273,16.767135615104053,16.077001571655273,327000
2020-08-21,16.029951095581055,16.312277976835006,15.920155895701212,529200
2020-08-24,15.998581886291504,16.077006607934663,15.96721289513053,214500
2020-08-25,16.64165687561035,16.782821032687178,15.93583758605292,119200
2020-08-26,16.24953842163086,16.422073093787773,15.920155815308686,430000
2020-08-27,16.139738082885742,16.31227118828513,15.935834506053878,254600
2020-08-28,16.15542984008789,16.312277773086077,15.96721142299386,1053600
2020-09-01,15.920147895812988,16.32795501426719,15.841724715655571,904100
2020-09-02,16.20248031616211,16.233850792989166,15.935837246438782,173300
2020-09-03,16.20248031616211,16.31227399340348,16.01426194267976,223900
2020-09-04,16.20248031616211,16.218165554575638,15.998576704266233,148500
2020-09-07,16.327959060668945,16.327959060668945,16.077001231989662,43400
2020-09-08,17.002416610717773,17.002416610717773,16.155432829171886,176100
2020-09-09,16.64868927001953,16.743015280449075,16.271382229731557,114900
2020-09-10,16.334264755249023,16.648687250685757,16.192774257481314,116200
2020-09-11,16.114166259765625,16.16132925340917,15.956954281907755,146000
2020-09-14,16.035564422607422,16.067007426033722,15.956958413326593,93300
2020-09-15,16.177051544189453,16.28709903451471,16.035561057037203,94400
2020-09-17,15.972675323486328,16.177050289152273,15.81546484940179,274600
2020-09-18,16.63296890258789,16.82162243559464,15.894074773847688,661600
2020-09-21,16.035564422607422,16.632967994142835,16.01984292089427,110300
2020-09-22,16.098447799682617,16.114169300291746,15.972678793379224,128900
2020-09-23,15.846911430358888,16.19277698320098,15.815469925165043,246500
2020-09-24,15.799744606018066,15.846907602057662,15.721138613095668,238600
2020-09-25,15.532485008239746,15.878350474824012,15.532485008239746,122400
2020-09-28,15.595369338989258,15.736859823805656,15.563926342681354,176200
2020-09-29,15.390992164611816,15.721136082311736,15.375270668701257,441400
2020-09-30,15.516764640808104,15.532486140272423,15.32811114509039,315800
2020-10-01,15.516764640808104,15.579649139380678,15.469601641699851,63700
2020-10-02,15.563924789428713,15.65825226965412,15.485320305072712,60900
2020-10-05,15.909793853759766,15.941236854115418,15.406717842347527,95000
2020-10-06,15.72114086151123,15.894072871245315,15.72114086151123,157700
2020-10-07,15.013689041137695,15.84690904362894,15.013689041137695,480200
2020-10-08,15.45387840270996,15.45387840270996,15.04512845835576,214100
2020-10-09,15.218067169189451,15.516768231713682,15.18662416298424,438900
2020-10-12,15.328104972839355,15.343826465973018,14.620654273949745,224300
2020-10-13,15.72114086151123,15.784025364985885,15.123737328859626,173100
2020-10-14,15.62681007385254,15.626810073852536,15.422436604957324,262900
2020-10-15,15.579648971557615,15.642533469452802,15.501042974367463,140500
2020-10-16,14.919361114501951,15.56392759795417,14.856476616098924,457000
2020-10-19,14.840755462646484,14.935082962092354,14.746429462485356,332100
2020-10-20,14.07041835784912,14.840753768107524,14.07041835784912,347700
2020-10-21,14.054696083068848,14.369120028419346,13.787438128376102,376000
2020-10-22,14.243351936340332,14.243351936340332,13.520179515744076,524500
2020-10-23,13.78744125366211,14.211911277247392,13.708835249506368,552100
2020-10-26,13.457298278808594,13.787442322426706,13.425855274994992,490000
2020-10-27,13.583065032958984,13.724554028697517,13.520180535091407,534100
2020-10-28,13.598785400390623,13.630228399816328,13.56734390024966,213600
2020-10-30,13.55162239074707,13.677391389789546,13.441574891406086,548300
2020-11-02,13.441573143005373,13.535899130375492,13.425851645348835,287100
2020-11-03,13.818883895874023,13.897489906515116,13.457298345923922,223500
2020-11-04,13.755995750427246,14.05469671275132,13.755995750427246,182300
2020-11-05,14.227631568908691,14.227631568908691,13.787440082041613,338900
2020-11-06,14.321954727172852,14.589214166037184,14.038975291357511,442600
2020-11-09,14.935080528259276,14.935080528259276,14.180466652803789,181000
2020-11-10,15.563924789428713,15.563924789428713,14.856473935233668,378000
2020-11-11,15.532485008239746,15.56392650559217,15.249504035644929,140800
2020-11-12,15.563924789428713,15.563924789428713,15.375271328262327,418600
2020-11-13,15.139458656311035,15.548208673861422,15.06085265304599,85500
2020-11-16,15.328104972839355,15.48531690560776,15.17089304007095,481300
2020-11-17,15.328104972839355,15.563921372707858,15.233777513321492,252000
2020-11-18,15.328104972839355,15.799739271860464,15.17089304007095,832800
2020-11-19,15.422439575195312,15.485324077570546,15.249506069199818,658300
2020-11-20,15.422439575195312,15.54820857994578,15.390996574365294,368700
2020-11-23,17.37185287475586,17.37185287475586,15.532480129235584,594800
2020-11-24,16.50719451904297,17.293251400902157,16.255656556733552,394800
2020-11-25,16.743013381958008,16.7901778811097,16.28710038515148,969900
2020-11-26,17.29324722290039,17.29324722290039,16.53863351828477,493000
2020-11-27,17.29324722290039,17.29324722290039,16.821612907873547,651500
2020-11-30,16.318540573120117,17.198923415620555,16.318540573120117,2918900
2020-12-01,16.342252731323242,16.595130671825732,15.899716335443888,67700
2020-12-02,16.753173828125,16.990246431233874,16.05775824640282,286800
2020-12-03,16.990251541137695,16.990251541137695,16.595129412274026,248000
2020-12-04,16.29483985900879,16.9902542536324,16.26322936016285,328600
2020-12-07,16.263225555419922,16.595128179296704,16.263225555419922,232500
2020-12-08,16.326444625854492,16.50029780270522,16.26322515179321,137600
2020-12-09,16.358055114746094,16.689957730349587,16.27903039536028,367800
2020-12-10,16.105178833007812,16.358058285513586,15.931325622477074,230400
2020-12-11,16.136791229248047,16.247424966492822,15.931327497742306,299200
2020-12-14,16.263225555419922,16.421274998131224,16.136786604159358,174800
2020-12-15,16.405467987060547,16.5951263935428,16.120979623701654,180800
2020-12-16,16.20000457763672,16.579321396246087,15.994540924072217,489700
2020-12-17,15.75747013092041,16.2158117171267,15.75747013092041,612500
2020-12-18,16.784786224365234,16.784786224365234,15.8048836207512,646700
2020-12-21,16.64254379272461,16.784788001535546,16.20000742652383,338400
2020-12-22,16.610931396484375,16.610931396484375,16.27902881313975,67000
2020-12-23,16.70576286315918,16.84800706847526,16.595129151145024,76000
2020-12-24,16.768980026245117,16.768980026245117,16.452882673243863,34300
2020-12-28,16.768980026245117,16.83219949684537,16.67415157398028,50700
2020-12-29,16.83220100402832,16.863811495794437,16.531908868606244,156000
2020-12-30,16.911226272583008,16.911226272583008,16.626739373852068,153100
2020-12-31,16.911226272583008,16.911226272583008,16.626739373852068,162400
2021-01-04,16.911226272583008,16.911226272583008,16.516104156367184,90100
2021-01-05,16.911226272583008,16.911226272583008,16.43707943166977,232500
2021-01-06,16.342252731323242,16.89542284935458,16.27903324619762,121400
2021-01-07,16.83220100402832,17.06927517046058,16.215811487301107,388800
2021-01-08,16.70576286315918,16.8322018218243,16.516104425161505,414500
2021-01-11,16.68995475769043,16.737368977968476,16.358052201202323,268600
2021-01-12,16.83220100402832,16.83220100402832,16.263225717679077,198100
2021-01-13,16.610931396484375,16.753175576099355,16.437076729278946,259000
2021-01-14,16.83220100402832,16.863811495794437,16.468689392345215,171600
2021-01-15,16.784786224365234,16.848005698557394,16.737371995538908,141100
2021-01-18,16.83220100402832,16.83220100402832,16.468689392345215,56700
2021-01-19,16.326444625854492,16.816396680282764,16.326444625854492,326700
2021-01-20,15.804885864257812,16.405471707972172,15.804885864257812,483300
2021-01-21,15.899710655212402,16.05775855792754,15.710050760320827,284200
2021-01-22,15.962932586669922,16.010346814090727,15.725858435023667,433300
2021-01-25,15.646832466125488,15.88390659880678,15.504589795241904,294300
2021-01-26,15.488786697387695,15.72585935564146,15.488786697387695,332800
2021-01-27,15.488786697387695,15.646834633799806,15.362347745349526,258800
2021-01-29,15.299132347106934,15.615229811453853,15.172693361368166,473200
2021-02-02,15.773272514343262,16.2000050789371,15.251711495798196,404300
2021-02-03,15.488786697387695,15.883908799324772,15.488786697387695,291700
2021-02-04,15.615224838256836,15.804883256461844,15.488785892786831,204200
2021-02-05,15.441376686096191,15.694254659264049,15.425571435955296,163900
2021-02-08,15.283321380615234,15.567809745755415,15.26751613649166,108900
2021-02-09,15.520394325256348,15.552004814138687,15.34654115821669,99900
2021-02-10,15.520394325256348,15.646833266243569,15.409760628710298,194600
2021-02-11,15.409756660461426,15.409756660461426,15.283317752034163,31900
2021-02-15,15.710052490234377,15.710052490234377,15.409760386919311,129500
2021-02-16,15.504592895507812,15.67844608842062,15.441373415605764,90700
2021-02-17,15.204296112060549,15.599418157095188,15.188490868514124,288900
2021-02-18,15.15688419342041,15.362347868953377,15.15688419342041,361200
2021-02-19,15.172689437866213,15.267517899012818,15.030445238875089,345700
2021-02-22,15.14107894897461,15.22010367145994,15.109469964343209,411600
2021-02-23,15.14107894897461,15.80488420621744,15.093664718391896,483000
2021-02-24,15.15688419342041,15.441372591430856,15.093664716892668,530000
2021-02-25,15.330735206604004,15.61522356433799,15.188491027737012,255000
2021-02-26,15.804885864257812,15.883910595033376,15.267519503709629,1348200
2021-03-01,15.472978591918944,15.836491642299238,15.330734420347133,480600
2021-03-02,15.5678129196167,15.773275106027262,15.488788190158836,451300
2021-03-03,15.504592895507812,15.662640841627285,15.409762922019096,632100
2021-03-04,15.624163627624512,15.687935662004808,15.273416678310276,642900
2021-03-05,15.528501510620115,15.703875708171797,15.369072218826211,208600
2021-03-08,15.624163627624512,15.703879050711189,15.544448204537836,299700
2021-03-09,15.624163627624512,15.783592953352631,15.496619558863925,584100
2021-03-10,16.50103187561035,16.724233257833568,15.640108565953444,260800
2021-03-11,15.927077293395996,16.245937402886646,15.927077293395996,186300
2021-03-12,16.18216323852539,16.309707265435257,15.89518993820056,255200
2021-03-15,16.469144821166992,16.469144821166992,15.943025114039324,426200
2021-03-16,16.15028190612793,16.42131340910852,16.05462310253974,69300
2021-03-17,16.18216323852539,16.34159403238509,16.08650597856536,233300
2021-03-18,16.11840057373047,16.245944674615814,16.070571916009868,285300
2021-03-19,16.18216323852539,16.45319467582004,15.863303171250726,805000
2021-03-22,16.022737503051758,16.341597640733145,15.927078701524806,155000
2021-03-23,16.070568084716797,16.27782757935533,15.958967403159608,194100
2021-03-24,16.134342193603516,16.261886280474258,15.958969454267606,158400
2021-03-25,16.00679588317871,16.277827410240565,15.958967237357571,83800
2021-03-26,15.863308906555176,16.006796368817174,15.71982144429318,288300
2021-03-29,16.070568084716797,16.16622689779814,15.783593165918024,276000
2021-03-30,16.134342193603516,16.134342193603516,15.863310628891824,144000
2021-03-31,15.9749116897583,16.18216967559802,15.71982201402223,537900
2021-04-01,15.943025588989258,16.03868441151917,15.86331015695523,82800
2021-04-02,15.911134719848633,15.974908265446434,15.879249467494745,11100
2021-04-05,15.895195960998535,16.02274003623572,15.84736579245061,62000
2021-04-06,15.783591270446776,16.022737514208135,15.671990602291851,273800
2021-04-07,15.863308906555176,16.022739758056346,15.703879575499288,272200
2021-04-08,15.927077293395996,15.943020678981764,15.8473618859121,167400
2021-04-09,15.719822883605955,15.815481707354277,15.656050841255556,469900
2021-04-12,15.735764503479004,15.84736518492186,15.703879246114724,164400
2021-04-13,15.687933921813965,15.71981917524461,15.687933921813965,107700
2021-04-14,15.671991348266602,15.799535409498963,15.671991348266602,303900
2021-04-15,16.08650779724121,16.08650779724121,15.671988902697942,758700
2021-04-16,16.15028190612793,16.182167160360592,15.895193790486225,143700
2021-04-19,15.958966255187988,16.18216760224689,15.927079479639492,103700
2021-04-20,16.022737503051758,16.182166811669916,15.8951934479792,230700
2021-04-21,15.815479278564451,15.974910120179311,15.767650634258072,122400
2021-04-22,15.75170612335205,15.94302220738729,15.6719907082261,108500
2021-04-23,15.895195960998535,15.990853257203767,15.751708496245376,45900
2021-04-26,16.18216323852539,16.373480799334924,15.89518993820056,278100
2021-04-27,15.799537658691406,16.3416007563186,15.751709009031758,167300
2021-04-28,15.767648696899414,16.00679340949299,15.703876672178128,112000
2021-04-30,16.070568084716797,16.150283508877042,15.687935873281932,379800
2021-05-03,15.767648696899414,16.08650882050585,15.751705310607845,39800
2021-05-04,15.735764503479004,15.990852644174248,15.719821114574238,64200
2021-05-05,15.671991348266602,15.735763378882782,15.671991348266602,176200
2021-05-06,15.544442176818848,15.68792957864524,15.177753501435523,186700
2021-05-07,15.385015487670898,15.544446314458751,15.3850154876709,185300
2021-05-10,15.432851791381836,15.608224554303664,15.38502161203853,36400
2021-05-11,15.560395240783691,15.560395240783691,15.337192307908651,82300
2021-05-12,15.22558879852295,15.464733559367346,15.22558879852295,77300
2021-05-17,15.257473945617676,15.91113770623208,15.241532076671088,327300
2021-05-18,15.337188720703123,15.54444821265867,15.273416686289517,170200
2021-05-19,15.098040580749512,15.51255795111493,15.098040580749512,259200
2021-05-20,15.337188720703123,15.400960755116737,15.113985840032871,268900
2021-05-21,14.906728744506836,15.40096166014429,14.587867033255844,690300
2021-05-24,14.986441612243652,15.113985679718008,14.842955676668916,321300
2021-05-25,15.002387046813965,15.06615908924837,14.986443656094009,302500
2021-05-27,15.528501510620115,15.703875708171797,15.066153979661449,2126500
2021-05-28,15.385015487670898,15.68793375447881,14.970498074823569,424600
2021-05-31,15.066157341003418,15.30530361271648,15.066157341003418,129900
2021-06-01,15.002387046813965,15.19370317411718,14.858899571225196,144200
2021-06-02,15.14587116241455,15.241529965067745,15.050212359761357,217300
2021-06-03,15.22558879852295,15.22558879852295,15.066157944329811,131000
2021-06-04,14.938612937927246,15.113985650251268,14.874840904314402,388800
2021-06-08,15.129929542541504,15.257473614013982,15.002385471069024,212000
2021-06-09,15.033557891845703,15.242357498478157,14.969311976862135,305400
2021-06-10,15.11387062072754,15.274486226685546,15.049624684693123,191000
2021-06-11,15.435096740722656,15.435096740722656,15.129928997883532,159800
2021-06-14,15.419037818908691,15.467221881289856,15.194176308223703,169700
2021-06-15,15.29054832458496,15.419040198594589,15.145994583388145,115500
2021-06-16,15.274484634399414,15.38691462780341,15.113869045184751,108300
2021-06-17,15.29054832458496,15.3869164642202,15.12993271620095,138000
2021-06-18,15.419037818908691,15.531467808379322,15.226298505896573,609600
2021-06-21,15.419037818908691,15.499344078962729,15.258422235313168,123700
2021-06-22,15.178114891052246,15.515406401153127,15.162053025870351,134400
2021-06-23,15.178114891052246,15.226298954854151,15.162053025870351,88200
2021-06-24,15.210235595703123,15.354789290097113,15.11386595552598,212400
2021-06-25,15.740266799926758,15.740266799926758,15.162051948418153,260600
2021-06-28,15.338729858398438,15.402975784781251,15.097806485655097,222000
2021-06-29,15.242358207702637,15.33872785053377,15.145990096615012,101100
2021-06-30,14.9371919631958,15.290545312998686,14.92113009917211,492700
2021-07-01,14.889007568359377,15.081745337082468,14.856883841033712,153800
2021-07-02,14.9371919631958,14.96931415949952,14.8729460388447,96300
2021-07-05,14.856882095336914,14.937189872471208,14.728390264619422,87100
2021-07-06,15.129927635192873,15.162049827035862,14.856882111681944,74400
2021-07-07,15.129927635192873,15.129927635192873,14.824758388095509,152000
2021-07-08,15.081746101379396,15.081746101379396,14.856884593935344,167300
2021-07-09,15.097805976867676,15.113867840858031,14.921130068204738,47600
2021-07-12,15.1620512008667,15.1620512008667,14.921129379112324,91500
2021-07-13,15.322668075561523,15.322668075561523,15.001438441934768,81400
2021-07-14,15.29054832458496,15.29054832458496,15.01750270937852,146500
2021-07-15,15.001436233520508,15.274481764843184,15.001436233520508,82200
2021-07-16,15.29054832458496,15.29054832458496,14.889010835368891,162700
2021-07-19,15.049622535705566,15.515405888380249,14.95325441128665,303400
2021-07-21,14.889007568359377,15.258421242142733,14.889007568359377,178800
2021-07-22,15.145992279052734,15.16205261205252,14.985376695105034,116000
2021-07-23,15.065685272216797,15.22629933279106,14.937193411059862,50600
2021-07-26,14.9371919631958,15.145991600272794,14.9371919631958,160100
2021-07-27,14.664145469665527,15.162050968802108,14.664145469665527,236000
2021-07-28,14.856882095336914,14.92112801069566,14.680206211036223,131200
2021-07-29,14.680208206176758,14.93719190253758,14.680208206176758,158700
2021-07-30,14.776576042175291,14.840821965029566,14.680207923765696,294000
2021-08-02,14.9371919631958,14.9371919631958,14.680208265791396,159900
2021-08-03,14.824759483337402,14.921129129472982,14.728391368945385,143100
2021-08-04,14.776576042175291,14.824760101380091,14.680207923765696,298600
2021-08-05,15.017498970031738,15.04962116466376,14.712329696437845,98500
2021-08-06,15.017498970031738,15.017498970031738,14.80869934382107,80600
2021-08-09,14.856882095336914,14.985373926054406,14.856882095336914,103600
2021-08-11,14.856882095336914,14.985373926054406,14.856882095336914,133700
2021-08-12,14.9371919631958,15.0014378875469,14.824760446773627,62000
2021-08-13,15.017498970031738,15.017498970031738,14.953253049024116,36700
2021-08-16,15.178114891052246,15.21023862141603,14.84082338095136,76600
2021-08-17,15.611774444580078,15.611774444580076,15.162051456498984,264500
2021-08-18,15.322668075561523,15.595713647080194,15.322668075561523,55700
2021-08-19,15.178114891052246,15.499344535971238,15.178114891052246,47900
2021-08-20,15.033557891845703,15.402973051808791,15.001435700225638,105400
2021-08-23,15.097805976867676,15.386913401719449,15.097805976867678,78400
2021-08-24,15.579649925231934,15.579649925231935,15.113866629062668,134100
2021-08-25,15.274484634399414,15.563590550544514,15.242360903858971,201900
2021-08-26,15.900877952575684,15.900877952575684,15.274480686380691,403500
2021-08-27,15.900877952575684,16.061493500275795,15.59571025003753,300700
2021-08-30,16.02937126159668,16.30241679891188,15.900879424241705,773500
2021-09-01,15.900877952575684,16.334539012319954,15.900877952575684,424800
2021-09-02,15.94906997680664,16.222115599117586,15.83663843531484,272200
2021-09-03,16.22211265563965,16.22211265563965,15.82057522883415,126900
2021-09-06,15.979988098144531,16.20596829069386,15.770151217148015,187300
2021-09-07,16.109119415283203,16.109119415283203,15.834716981176545,55300
2021-09-08,15.979988098144531,16.141402741303214,15.80243322216128,251800
2021-09-09,15.899285316467283,16.27053691068566,15.834719754891722,312800
2021-09-10,16.141407012939453,16.141407012939453,15.899286523491172,45300
2021-09-13,16.125259399414062,16.141401170031447,15.608735054569529,191700
2021-09-14,15.996135711669922,16.10912507952305,15.818580770848625,545500
2021-09-15,15.963847160339355,16.04455293899052,15.86699807084828,226800
2021-09-17,15.350476264953612,16.109121178786694,15.350476264953612,1059400
2021-09-20,15.140640258789062,15.33433696200645,14.930801778795754,465200
2021-09-21,15.124496459960938,15.269769352793023,15.011507116364582,172400
2021-09-22,15.33432960510254,15.447318909596346,14.946936384526214,252500
2021-09-23,15.366621017456056,15.447326825242524,15.12449897600282,107200
2021-09-24,15.285910606384276,15.431183494264678,15.26976883231661,112300
2021-09-27,15.253626823425291,15.415041482888444,15.23748504960612,124600
2021-09-28,15.54417324066162,15.560315015151572,15.124496340108898,175900
2021-09-29,15.657159805297852,15.657159805297852,15.172917432069244,153300
2021-09-30,15.431181907653809,15.705584341768995,15.253625489894157,380800
2021-10-01,15.318190574645996,15.528028991480555,15.22134302186949,286100
2021-10-04,15.269769668579102,15.398900789463816,15.172920558233374,430900
2021-10-05,15.415043830871582,15.415043830871582,15.092216002137183,221400
2021-10-06,15.899285316467283,15.899285316467283,15.38275928449838,221500
2021-10-07,15.850858688354492,15.883142236171858,15.657162019543165,68200
2021-10-08,15.883143424987791,15.883143424987791,15.737870527664889,29500
2021-10-11,15.657159805297852,15.915421993856024,15.576452486532403,129300
2021-10-12,15.786294937133787,15.979991628092948,15.576456470420252,176200
2021-10-13,16.141407012939453,16.141407012939453,15.737871837615966,168700
2021-10-14,15.818575859069824,16.141403623670392,15.818575859069826,118800
2021-10-15,16.109119415283203,16.141402960098187,15.834716981176545,58800
2021-10-18,16.205968856811523,16.36738350560885,15.979988656368104,96300
2021-10-20,16.31896209716797,16.31896209716797,16.060699828707218,169800
2021-10-21,16.335098266601562,16.35124003768067,16.060694315712787,170800
2021-10-22,16.367385864257812,16.367385864257812,15.996132734269596,41200
2021-10-25,16.544939041137695,16.544939041137695,16.30281859774479,99300
2021-10-26,16.173688888549805,16.625647807019135,16.173688888549805,176900
2021-10-27,16.62564468383789,16.754775779142864,16.351240721473808,167800
2021-10-28,16.367385864257812,16.54494077203037,16.238254742356972,191900
2021-10-29,16.43195343017578,16.625650136661214,16.335104307250774,198800
2021-11-01,16.690214157104492,16.690214157104492,16.254395453420617,127800
2021-11-02,16.157546997070312,16.625647686945353,16.157546997070312,377500
2021-11-03,16.092981338500977,16.302819789821715,16.060697789360393,154800
2021-11-05,15.979988098144531,16.367382933852543,15.899282315929312,263500
2021-11-08,16.690214157104492,16.706355932655253,15.834720064651943,101800
2021-11-09,16.38352394104004,16.706353242615844,16.254392836155397,231800
2021-11-10,16.544939041137695,16.754777477114857,16.367384151940513,513300
2021-11-11,16.18982696533203,16.62564559027026,16.18982696533203,74800
2021-11-12,16.351238250732422,16.528793095106447,16.1898236363096,143200
2021-11-15,15.850858688354492,16.43195023415277,15.850858688354492,92800
2021-11-16,15.850858688354492,16.205970017524074,15.657162019543165,219800
2021-11-17,16.044559478759766,16.318963548240294,15.915428333047128,196800
2021-11-18,16.125259399414062,16.367381340582916,15.93156277009736,128600
2021-11-19,15.979988098144531,16.141402741303214,15.931564320942575,16400
2021-11-22,16.060697555541992,16.20597044583097,15.979990223229857,69300
2021-11-23,16.060697555541992,16.222112220166263,15.899284430282046,274900
2021-11-24,16.141407012939453,16.270538145893806,15.899286523491172,68900
2021-11-25,16.060697555541992,16.18982867149568,15.979990223229857,90100
2021-11-26,16.060697555541992,16.173688436524714,15.979990223229857,279300
2021-11-29,15.899285316467283,16.060698450723983,15.737870642846174,343400
2021-11-30,16.060697555541992,16.270536003807813,15.802435323634615,1422500
2021-12-01,16.076839447021484,16.30281967126921,15.931566555673973,227000
2021-12-02,15.963847160339355,16.12526025700574,15.737866977769553,185500
2021-12-06,16.125259399414062,16.141401170031447,15.96384631133213,266500
2021-12-07,16.141407012939453,16.205972579416628,16.125265236479027,128800
2021-12-08,15.979988098144531,16.238251835071246,15.979988098144531,165700
2021-12-09,16.550701141357422,16.567007624686376,15.97998822049066,326400
2021-12-10,15.93107795715332,16.5507090697614,15.93107795715332,50100
2021-12-13,16.061525344848633,16.208279086816585,16.012605875786868,423100
2021-12-14,15.963680267333984,16.22457775628818,15.963680267333984,187800
2021-12-15,15.947378158569336,16.061522007590902,15.768011474495625,184400
2021-12-16,15.84954071044922,16.143049658093414,15.81692774122655,246900
2021-12-17,16.061525344848633,16.175667662514524,15.784321240455087,637100
2021-12-20,16.143047332763672,16.224578189004244,15.849538427398048,115600
2021-12-21,15.979991912841797,16.14305211859263,15.947378938648308,203900
2021-12-22,15.898457527160645,16.077824180461718,15.898457527160645,124100
2021-12-23,16.38764762878418,16.46917852346917,16.0452191151652,487600
2021-12-24,16.15935516357422,16.30611040604008,16.14304867995093,25200
2021-12-27,16.306114196777344,16.452869473359897,16.175665407608903,189100
2021-12-28,16.615936279296875,16.6811606997771,16.371345091264253,532900
2021-12-29,16.583316802978516,16.599623288957442,16.32241924760405,379400
2021-12-30,16.71376609802246,16.71376609802246,16.583317316297325,206000
2021-12-31,16.795297622680664,16.795297622680664,16.452869168686522,448000
2022-01-03,16.403949737548828,16.713765188518938,16.403949737548828,46900
2022-01-04,16.061525344848633,16.68115640223985,16.061525344848633,93500
2022-01-05,15.65386962890625,16.061522467627015,15.588645236913814,337900
2022-01-06,15.409276008605955,15.73539794774224,15.392969522881126,150100
2022-01-07,15.409276008605955,15.572337755710134,15.360358106503533,261800
2022-01-10,15.539725303649902,15.539725303649902,15.29513422989066,117100
2022-01-11,16.028905868530273,16.028905868530273,15.360355613058571,134700
2022-01-12,16.094135284423828,16.126748260789704,15.588646591331178,217000
2022-01-13,16.077831268310547,16.077831268310547,15.8495466189384,93200
2022-01-14,15.65386962890625,16.061522467627015,15.53972577661536,201000
2022-01-17,15.702786445617676,15.702786445617676,15.507113283204404,100500
2022-01-19,15.686481475830078,15.784318844027167,15.523421268931216,127400
2022-01-20,15.604950904846191,15.86584848512503,15.57233948484746,101700
2022-01-21,15.686481475830078,15.68648147583008,15.523421268931216,87800
2022-01-24,15.588642120361328,15.800620185652994,15.425580395444198,151500
2022-01-25,15.800625801086426,15.800625801086424,15.49081027972381,126200
2022-01-26,15.898457527160645,15.914764010662156,15.556029148988156,320800
2022-01-27,15.898457527160645,15.96368190609484,15.735395802289228,50600
2022-01-28,15.816927909851074,15.979989647558892,15.735397040997166,242300
2022-01-31,15.816927909851074,15.865845809134626,15.800621425065897,133600
2022-02-03,16.48548126220703,16.48548126220703,15.670175534114398,301600
2022-02-04,16.436561584472656,16.46917455652012,16.110439639358535,218300
2022-02-07,16.38764762878418,16.550707863081687,16.30611673409919,194600
2022-02-08,16.306114196777344,16.55070528770011,16.15935892019479,386600
2022-02-09,16.518089294433594,16.648538047483527,16.338722647757887,275400
2022-02-10,16.8768253326416,16.942049713764764,16.38764169668192,485100
2022-02-11,16.795297622680664,17.480154530668948,16.648542348815717,511600
2022-02-14,17.039892196655273,17.121423093830877,16.876831957376588,599400
2022-02-15,17.121417999267578,17.202948872183264,17.039887126351893,329900
2022-02-16,17.121417999267578,17.121417999267578,16.81160254827444,201600
2022-02-17,17.023584365844727,17.44754375371918,16.713768847057946,437600
2022-02-18,16.958356857299805,17.186642998578268,16.87682753655303,242600
2022-02-21,16.501787185668945,17.105113217216676,15.996298522378352,698200
2022-02-22,16.289804458618164,16.534397055802987,16.126744282233535,561700
2022-02-23,16.322416305541992,16.713762568064812,16.094130208201108,825000
2022-02-24,16.420259475708008,16.68115710134854,16.159361850067476,410900
2022-02-25,16.48548126220703,16.958358522297868,16.35503247011799,482800
2022-02-28,17.545379638671875,17.545379638671875,16.615930051361296,1646900
2022-03-01,16.632238388061523,17.72474830936741,16.632238388061523,587900
2022-03-02,16.403949737548828,16.909438350458803,16.403949737548828,607900
2022-03-03,17.333396911621094,17.349703396527,16.46917342754392,561400
2022-03-04,17.333396911621094,17.333396911621094,16.46917342754392,440500
2022-03-07,16.958356857299805,17.34970475021604,16.713765784915257,246600
2022-03-08,16.730072021484375,17.121418353489695,16.567010272279447,444700
2022-03-09,16.796131134033203,16.91173821808333,16.647492554523964,300300
2022-03-10,17.34113883972168,17.506293172968505,16.81264749337736,342800
2022-03-11,17.09341049194336,17.35765618949522,16.911740393605008,181800
2022-03-14,16.928255081176758,17.34113935144936,16.796132240691804,342000
2022-03-15,16.449310302734375,17.159471790989034,16.39976462856246,351100
2022-03-16,16.515369415283203,16.597946577365292,16.416276505779024,157300
2022-03-17,16.845684051513672,16.994322694987613,16.449315385602542,550900
2022-03-18,17.027355194091797,17.126446578813074,16.77962358223028,3343900
2022-03-21,17.275081634521484,17.572358876855155,16.746590159287262,608600
2022-03-22,17.374174118041992,17.588872592954264,17.275081181519656,428300
2022-03-23,17.7540225982666,17.7540225982666,17.489776932529505,283500
2022-03-24,18.11736297607422,18.11736297607422,17.374171573597724,164100
2022-03-25,18.166906356811523,18.166906356811523,17.82008353608944,107800
2022-03-28,17.638418197631836,17.952209579693044,17.55584102076458,251500
2022-03-29,17.09341049194336,17.47326328841701,16.845678969217044,383200
2022-03-30,16.928255081176758,17.588869283601525,16.845677912116535,454200
2022-03-31,16.862194061279297,17.225532668753612,16.82916256285957,716300
2022-04-01,17.324623107910156,17.473261692968336,16.779616012715806,285100
2022-04-04,17.671449661254883,17.803572525729294,17.34114250006885,289000
2022-04-05,17.70448112487793,17.770542556965843,17.192503844925,185400
2022-04-06,18.08433723449707,18.166914433290568,17.720998504823122,320400
2022-04-07,18.08433723449707,18.414644454641994,17.67145281555865,588200
2022-04-08,18.11736297607422,18.31554724506605,17.91917870708239,87900
2022-04-11,17.770544052124023,18.166912678000735,17.588873917325515,341200
2022-04-12,17.770544052124023,18.051305555877256,17.67145110814039,199000
2022-04-13,17.489784240722656,18.00176003826281,17.456752731188935,308800
2022-04-14,17.654935836791992,17.720997276240993,17.48978302568397,106500
2022-04-15,17.57235336303711,17.65492894886043,17.53932186868511,20400
2022-04-18,17.506296157836914,17.572357587393597,17.44023472828023,90100
2022-04-20,18.08433723449707,18.11736874402609,17.45675272870718,305600
2022-04-21,17.919179916381836,18.08433269750629,17.687964132773185,214100
2022-04-22,18.100849151611328,18.332064944206103,17.654933317684694,124400
2022-04-25,17.407197952270508,18.232966359067078,17.35765228887062,333900
2022-04-26,17.374174118041992,17.754026962148558,17.324626862266427,159200
2022-04-27,17.291597366333008,17.539327351297477,17.2585658616557,130700
2022-04-28,17.027355194091797,17.50630108698907,16.977807926701995,432400
2022-04-29,17.95220947265625,18.133878000658136,17.109925108683743,421600
2022-05-05,17.83660125732422,18.150392617926524,17.42371697625203,374800
2022-05-06,17.35765838623047,17.886149848218547,17.35765838623047,457500
2022-05-09,17.869630813598633,17.886146562508994,17.37417094651586,177200
2022-05-10,17.886146545410156,18.03478513540429,17.671446534866238,368000
2022-05-11,17.539323806762695,17.886146660640566,17.440232462813885,223800
2022-05-12,17.010835647583008,17.6549342298272,17.010835647583008,446500
2022-05-13,17.7540225982666,17.803568266835207,17.06037693819252,402700
2022-05-17,17.770544052124023,17.886151174247505,17.473266795202033,259300
2022-05-18,17.770544052124023,17.869635421078748,17.754028298955266,373100
2022-05-19,17.55584144592285,17.78705723174491,17.275079982792025,870600
2022-05-20,17.671449661254883,17.820088277545793,17.53932679678047,320300
2022-05-23,17.671449661254883,17.8696339579665,17.44023543593905,302400
2022-05-24,17.25856590270996,17.73751169646838,17.175988715849094,404000
2022-05-25,17.588871002197266,17.63841825349172,17.258563868710812,211000
2022-05-26,17.440235137939453,17.605387928196127,17.093412230863052,409000
2022-05-27,17.34113883972168,17.456745927977387,17.175984506474855,452700
2022-05-30,17.275081634521484,17.45675018537604,17.17598869540065,232900
2022-05-31,18.629337310791016,18.629337310791016,17.357654613060667,1383500
2022-06-01,17.853116989135742,18.414638287821475,17.65493114838956,360000
2022-06-02,18.57979393005371,18.57979393005371,17.621902457884346,297300
2022-06-03,18.05130195617676,18.546761852206057,18.01827045642622,194800
2022-06-07,17.869630813598633,18.447669425233208,17.820085141896058,333900
2022-06-08,17.423717498779297,18.19994041148148,17.423717498779297,250000
2022-06-09,17.935691833496094,18.62933752194889,17.50629339661979,495100
2022-06-10,17.430814743041992,18.0432933397824,17.430814743041992,223300
2022-06-13,16.983869552612305,17.579794218459792,16.983869552612305,295700
2022-06-14,17.430814743041992,17.430814743041992,16.83489000588825,226900
2022-06-15,16.884550094604492,17.430814834528245,16.68590851451067,293600
2022-06-16,17.49703025817871,17.49703025817871,16.884551603489633,395800
2022-06-17,16.404497146606445,17.016975669346653,16.404497146606445,897400
2022-06-20,16.47071075439453,16.619692313142522,16.40449690369128,361200
2022-06-21,17.430814743041992,17.447368602628664,16.470712988296164,448100
2022-06-22,16.967313766479492,17.430810676123656,16.967313766479492,208400
2022-06-23,17.265275955200195,17.364595927045816,16.98386673720012,146300
2022-06-24,17.199066162109375,17.381153872454554,17.18251230335176,101800
2022-06-27,17.430814743041992,17.579796321996163,16.88455000598533,138900
2022-06-28,17.94397735595703,17.94397735595703,17.05008926081756,291000
2022-06-29,17.728776931762695,17.943972358636422,17.629455358335264,47300
2022-06-30,17.48047637939453,17.79499181926283,17.23217322076519,213200
2022-07-01,17.33149528503418,17.61290459215926,17.248727563174512,46600
2022-07-04,17.13285255432129,17.298386408310574,17.08319097732791,41700
2022-07-05,17.91086196899414,17.91086196899414,17.364597343302414,149500
2022-07-06,17.61290168762207,17.778435525380292,17.364598562990643,80600
2022-07-07,17.59634780883789,17.76188164639471,17.348044684508576,189300
2022-07-08,18.12606239318848,18.175722396940685,17.381156022253098,269100
2022-07-12,18.09295463562012,18.126060775612835,17.877759200347242,54000
2022-07-13,18.241931915283203,18.241931915283203,17.76187957983229,112800
2022-07-14,18.076400756835938,18.208828473990103,17.877759181104686,100200
2022-07-15,18.62266159057617,18.62266159057617,18.010183132147844,234100
2022-07-18,19.367565155029297,19.450332844568447,18.29158992700748,218800
2022-07-19,18.87096405029297,19.36756869975597,18.622662514892795,218600
2022-07-20,18.87096405029297,19.036499459668192,18.705430219580407,127000
2022-07-21,19.0364990234375,19.36756825593867,18.854411340227514,415000
2022-07-22,19.0364990234375,19.11926672622845,18.88751747414632,275100
2022-07-25,18.87096405029297,19.036499459668192,18.705430219580407,102300
2022-07-26,18.62266159057617,18.73853542418995,18.55644774584507,29800
2022-07-27,18.87096405029297,18.95373175498058,18.622662514892795,320100
2022-07-28,18.9537296295166,19.15237115129369,18.8544096579593,188200
2022-07-29,18.539894104003903,18.92062489959948,18.457126402468997,245900
2022-08-01,18.771648406982425,19.069611581271992,18.72198840415517,163500
2022-08-02,18.80475425720215,18.9868435625119,18.6226665305554,119200
2022-08-03,18.87096405029297,19.036499459668192,18.622662514892795,189100
2022-08-04,18.9537296295166,19.202032715734823,18.88751578892424,195900
2022-08-05,18.539894104003903,19.019944878511293,18.457126402468997,205200
2022-08-08,18.390914916992188,18.573004199468173,18.27504106717133,36900
2022-08-09,18.291597366333008,18.5067928151914,18.14261578030312,312500
2022-08-10,18.192272186279297,18.29159375021841,18.14261219364109,190500
2022-08-11,18.20882606506348,18.53989531415027,18.159166072366133,166700
2022-08-12,18.241931915283203,18.5233395642548,18.192270348997734,260500
2022-08-15,18.42402458190918,18.606112304980595,18.17572141917946,158300
2022-08-16,19.053056716918945,19.26825215604965,18.523344259573,269400
2022-08-17,19.053056716918945,19.367572156471244,18.98684285708357,311800
2022-08-18,19.053056716918945,19.367572156471244,18.920628997248198,148500
2022-08-19,18.75509262084961,19.284803473054865,18.67232490552682,81000
2022-08-22,18.457128524780277,18.870965501377704,18.32470081856212,185800
2022-08-23,18.490236282348636,18.556450135606976,18.225380869315263,116400
2022-08-24,18.159168243408203,18.705432964376453,18.043292808377164,311600
2022-08-25,18.20882606506348,18.457127607212897,17.794989109039307,367900
2022-08-26,17.728776931762695,18.175720065529006,17.629455358335264,339400
2022-08-29,18.05984306335449,18.092950774945603,17.44736460688218,324500
2022-08-30,19.450340270996094,19.450340270996094,17.811546022787027,1417000
2022-09-01,17.91086196899414,19.03649893280139,17.84464812280916,602800
2022-09-02,17.877756118774414,18.07639766047981,17.844648405825527,86900
2022-09-05,17.46392250061035,17.943973379038674,17.46392250061035,227800
2022-09-06,17.298385620117188,17.72877646247195,17.26527948229295,380600
2022-09-07,17.811546325683594,17.91086632981152,17.298387708812637,136900
2022-09-08,18.202550888061523,18.26910494373588,17.62020329760438,286900
2022-09-09,17.952970504760742,18.20254777415092,17.869777552706157,100600
2022-09-12,18.1859130859375,18.1859130859375,17.736672031870164,82700
2022-09-13,17.853139877319336,18.18591170850848,17.76994850629574,149600
2022-09-14,17.470455169677734,17.753310285081085,17.470455169677734,188800
2022-09-15,17.68675422668457,17.72003045525238,17.337345099467903,450400
2022-09-19,17.76995086669922,17.85314224877322,17.403902755832775,271000
2022-09-20,18.036169052124023,18.46877126759394,17.60356683665411,400800
2022-09-21,17.636838912963867,18.036163172400578,17.52036814721466,307200
2022-09-22,17.636838912963867,17.80322322767572,17.53700705471791,77500
2022-09-23,17.520370483398438,17.65347858762611,17.470455341006502,194600
2022-09-26,17.470455169677734,17.553648130697617,17.071130860910802,262300
2022-09-27,17.38726234436035,17.55364826769871,17.154323955815165,273500
2022-09-28,17.636838912963867,18.05280207990383,17.1875979310174,453600
2022-09-29,17.337345123291016,17.653476435600695,17.104405175901963,274700
2022-09-30,16.655162811279297,17.503727911338792,16.655162811279297,597700
2022-10-03,17.220876693725586,17.40389992601285,16.6385275932523,260900
2022-10-04,18.06943893432617,18.1359929758481,16.82154946570983,372300
2022-10-05,17.670114517211914,17.96960849460019,17.570284249264823,170800
2022-10-06,17.37062644958496,17.969614608146745,17.37062644958496,103700
2022-10-07,16.821552276611328,17.52037062275174,16.821552276611328,415000
2022-10-11,16.97130012512207,17.220879024869866,16.82155310262816,346000
2022-10-12,16.88810157775879,17.037848550767855,16.638524347259235,151100
2022-10-13,16.555335998535156,17.05449218471071,16.37231275120609,325800
2022-10-14,16.7549991607666,16.921385095064373,16.60525213725338,283900
2022-10-17,16.638526916503906,16.854827956831286,16.405586968434363,213600
2022-10-18,16.88810157775879,17.137680395031676,16.705078381177337,374300
2022-10-19,17.304065704345703,17.370619742178825,16.888102571195343,147700
2022-10-20,17.520370483398438,17.586924535512274,17.237515365221192,311400
2022-10-21,17.720029830932617,17.720029830932617,17.42053743727987,373700
2022-10-25,17.37062644958496,17.869782719461767,17.23751832252102,274800
2022-10-26,17.470455169677734,17.686756233619928,17.287431924852996,243900
2022-10-27,17.503732681274414,17.72003215464272,17.30406894362506,210500
2022-10-28,17.38726234436035,17.68675637165989,17.30406938269117,318500
2022-10-31,18.036169052124023,18.036169052124023,17.387265728919154,249400
2022-11-01,18.05280303955078,18.05280303955078,17.520369078558602,146100
2022-11-02,18.46876716613769,18.46876716613769,17.80322507780578,236900
2022-11-03,17.60356330871582,18.086080579492577,17.553648166710985,162100
2022-11-04,18.302377700805664,18.302377700805664,17.736667590715196,228900
2022-11-07,17.969608306884766,18.019523440336886,17.90305426669078,214100
2022-11-08,17.969608306884766,17.969608306884766,17.720029466077204,75000
2022-11-09,17.969608306884766,18.08607748053087,17.90305426669078,164600
2022-11-10,17.869775772094727,18.13599192272376,17.76994550899555,140300
2022-11-11,18.00288200378418,18.13599006546747,17.903051750908343,403000
2022-11-14,18.252464294433597,18.285740522821165,17.952970305077663,85500
2022-11-15,18.285737991333008,18.285737991333008,18.152629922663166,53300
2022-11-16,18.701705932617188,18.701705932617188,18.21918866237831,151200
2022-11-17,18.98455810546875,18.98455810546875,18.502040910025386,154000
2022-11-21,18.435487747192383,18.91800496562568,17.636839214657382,394300
2022-11-22,17.83650016784668,18.41884762093581,17.736668314497226,357700
2022-11-23,17.952970504760742,18.036163456815327,17.83650132394847,230300
2022-11-24,18.58523368835449,18.63514882211005,17.903054375525702,537100
2022-11-25,18.36893844604492,18.585239542819853,18.002890314058575,414000
2022-11-29,18.635149002075195,18.967919208281742,18.31901770287235,438900
2022-11-30,19.7832088470459,19.7832088470459,18.63514961444033,2508900
2022-12-01,19.13430404663086,19.55026717807936,18.96791815934209,487600
2022-12-02,19.13430404663086,19.46707423443497,18.93464193394839,142000
2022-12-05,19.05111312866211,19.467076304339333,18.85145099474987,330400
2022-12-06,19.00119972229004,19.450439167810774,18.95128458095968,759800
2022-12-07,18.58523368835449,19.117666013143108,18.58523368835449,340600
2022-12-08,18.285737991333008,18.60187084450389,18.235822862275157,192800
2022-12-09,18.46876716613769,18.55195853875218,18.169273147049648,202100
2022-12-12,18.252464294433597,18.58523451217709,18.1359935281432,240200
2022-12-13,18.15171813964844,18.55471610725365,18.01738388240846,258700
2022-12-14,18.47075462341309,18.62187923564224,18.25246369479001,327400
2022-12-15,18.403589248657227,18.537921888318337,18.218882269466047,258900
2022-12-16,18.33642196655273,18.453962619744964,18.017380763071973,620200
2022-12-19,18.70583915710449,18.70583915710449,18.0845502761249,221100
2022-12-20,18.537925720214844,18.689050371414776,18.403593052786395,275000
2022-12-21,18.38680076599121,18.470759082093245,18.302842449889177,116200
2022-12-22,18.47075462341309,18.705837531477464,18.302838031742628,60700
2022-12-23,18.47075462341309,18.60508725620093,18.37000434813655,125300
2022-12-27,18.605085372924805,18.68904366026146,18.43716879825149,529500
2022-12-28,18.47075462341309,18.72262790954747,18.25246369479001,307900
2022-12-29,18.47075462341309,18.60508725620093,18.38679632757785,330400
2022-12-30,19.31033134460449,19.31033134460449,18.353211086049782,2771000
2023-01-03,18.672252655029297,19.22637513839208,18.60508634193597,279900
2023-01-04,18.70583915710449,19.024878787358876,18.554714531741887,84800
2023-01-05,18.87375259399414,19.058461165812663,18.588295347884884,331500
2023-01-06,18.722627639770508,19.024876859873658,18.655461324344397,185400
2023-01-09,19.05846405029297,19.2263790666484,18.70584043416354,168700
2023-01-10,19.092044830322266,19.310335774722837,19.041670489728723,155300
2023-01-11,19.092044830322266,19.25996143412929,18.95771218782521,307000
2023-01-12,18.57150650024414,19.142419438140763,18.554714519354743,400500
2023-01-13,18.80658531188965,18.873751625092527,18.65546070684037,313300
2023-01-16,18.84016990661621,18.87375226366827,18.672253317242102,83800
2023-01-17,18.689044952392575,18.856959937304133,18.621878638153703,313900
2023-01-18,18.90734100341797,18.9409233689624,18.70584200603633,184400
2023-01-19,19.209585189819336,19.276751510010712,18.92412953003452,204600
2023-01-20,19.37750244140625,19.37750244140625,18.873754222376476,265100
2023-01-25,19.31033134460449,19.31033134460449,18.97449981540732,166600
2023-01-26,19.05846405029297,19.15921273983192,18.92413139666,141200
2023-01-27,19.25996398925781,19.25996398925781,18.991298668621145,139500
2023-01-30,19.209585189819336,19.22637717021003,18.87375358886245,428800
2023-01-31,18.302839279174805,19.024878430648617,18.302839279174805,1226800
2023-02-02,18.722627639770508,18.73941961896985,18.33642172641317,478500
2023-02-03,18.89054298400879,18.97450127310084,18.65546009482528,182600
2023-02-07,18.521129608154297,18.873753181898454,18.42038093072531,335500
2023-02-08,18.638671875,18.638671875,18.31963065980449,134000
2023-02-09,18.38680076599121,18.53792541470053,18.336426416878663,260000
2023-02-10,18.57150650024414,18.638672822430298,18.420381874982425,73000
2023-02-13,18.672252655029297,18.722626989506487,18.57150398607491,56700
2023-02-14,18.80658531188965,18.856959646449003,18.4203794113159,159400
2023-02-15,18.84016990661621,18.8569602844566,18.370004096917214,196800
2023-02-16,18.605085372924805,18.92412654452988,18.588293395183246,165500
2023-02-17,18.70583915710449,18.80658783976527,18.588296892171662,68900
2023-02-20,18.554712295532227,18.823377552076742,18.4875459813961,66900
2023-02-21,18.57150650024414,18.638672822430298,18.487548197168586,52700
2023-02-22,18.57150650024414,18.72262952413442,18.504340178057983,87600
2023-02-23,18.487546920776367,18.789794549060986,18.487546920776367,185500
2023-02-24,18.722627639770508,18.722627639770508,18.4371703988667,144700
2023-02-27,18.453962326049805,18.63867089397944,18.453962326049805,258200
2023-02-28,17.647968292236328,18.55471443848308,17.647968292236328,1821500
2023-03-01,17.328927993774414,17.647969240947553,17.24497128792292,386000
2023-03-02,17.715131759643555,17.799090048824752,17.093842981896564,335200
2023-03-03,17.51363182067871,17.78229704953301,17.37929920625156,310500
2023-03-06,17.799089431762695,17.866255740504887,17.44646591052342,222300
2023-03-07,17.98379898071289,17.98379898071289,17.899840682302965,89800
2023-03-08,17.79557228088379,17.983795731292837,17.55601753577309,234600
2023-03-09,17.744243621826172,17.7955765607177,17.45335424836634,181300
2023-03-10,17.692909240722656,17.881131089212094,17.538908804756492,258200
2023-03-13,17.692909240722656,17.86401956702817,17.47046434786537,382100
2023-03-14,17.48757553100586,17.93246367625051,17.367796509885206,375400
2023-03-15,17.453353881835938,17.675798788154026,17.38490942080304,95700
2023-03-16,17.43624496459961,17.470468016153294,17.14535718561784,179700
2023-03-17,17.299352645874023,17.556020586899745,17.299352645874023,612900
2023-03-20,17.41913414001465,17.436244033032448,17.282245204803303,124900
2023-03-21,17.77846908569336,17.846913557467605,17.48757967269158,203200
2023-03-22,17.744243621826172,17.829799607875188,17.436242724787597,180800
2023-03-23,17.932464599609375,18.0351321041643,17.710021331455515,114900
2023-03-24,17.949573516845703,18.154906864305463,17.88112906769245,196100
2023-03-27,17.675798416137695,17.949576254507186,17.556021019812203,79700
2023-03-28,17.846906661987305,17.91535110731678,17.53890584208251,92500
2023-03-29,18.035133361816406,18.10357782567769,17.88113291016735,176000
2023-03-30,17.966686248779297,18.086463634914253,17.710019955105963,146900
2023-03-31,18.2575798034668,18.2575798034668,17.864022879483713,405300
2023-04-03,18.39446830749512,18.445801250506456,17.98380149971473,492100
2023-04-04,18.53135681152344,18.53135681152344,18.25757894605061,1185800
2023-04-05,18.497133255004883,18.54846619088301,18.103576395020298,82200
2023-04-06,18.56557846069336,18.58268835211164,18.172021584868716,244200
2023-04-07,18.651132583618164,18.651132583618164,18.25757734448508,109300
2023-04-10,18.651132583618164,18.70246715277482,18.41157778826573,26200
2023-04-11,18.839359283447266,18.839359283447266,18.394469399354964,168200
2023-04-12,19.02757835388184,19.02757835388184,18.70246756789677,189300
2023-04-13,19.16446685791016,19.16446685791016,18.87357749331549,93200
2023-04-14,19.14735412597656,19.14735412597656,18.907799345678047,106300
2023-04-17,19.558025360107425,19.558025360107425,18.924913640790624,302400
2023-04-18,19.14735412597656,19.30135456007964,19.010465213850395,85000
2023-04-19,18.7366886138916,19.14735537710391,18.7366886138916,97300
2023-04-20,18.924909591674805,19.01046393210189,18.719574605485366,90500
2023-04-25,18.9420223236084,19.267134740666517,18.753800461836907,76800
2023-04-26,19.16446685791016,19.16446685791016,18.753800095604035,135100
2023-04-27,19.1302433013916,19.1302433013916,18.73668647436948,73100
2023-04-28,19.369800567626957,19.369800567626957,18.89068933680947,350700
2023-05-02,19.28424644470215,19.36980079877127,18.907801085788144,74800
2023-05-03,19.1302433013916,19.31846513840989,18.924909943232244,220400
2023-05-05,19.506690979003903,19.506690979003903,19.027579711632058,155700
2023-05-08,19.267133712768555,19.5066885000894,19.198689254699087,40300
2023-05-09,19.38690757751465,19.43824050376169,19.096018275707564,74000
2023-05-10,19.506690979003903,19.506690979003903,19.16446864516687,92500
2023-05-11,19.096023559570312,19.40402446596492,19.096023559570312,94200
2023-05-12,18.924909591674805,19.23290880727008,18.924909591674805,104900
2023-05-15,18.58268928527832,19.061802169632685,18.58268928527832,107900
2023-05-16,18.685352325439453,18.924908710273836,18.53135190889195,49000
2023-05-17,19.33557891845703,19.33557891845703,18.685355725733597,129000
2023-05-18,19.30135536193848,19.30135536193848,18.90780013118696,52200
2023-05-19,19.33557891845703,19.36980033289265,19.11313401316917,89800
2023-05-22,19.16446685791016,19.16446685791016,18.85646760210289,90800
2023-05-23,19.113134384155277,19.33557929376079,19.044689922110862,77900
2023-05-24,19.113134384155277,19.318467770288517,19.07891133721072,126200
2023-05-25,18.822242736816406,19.267132502238383,18.822242736816406,177000
2023-05-26,18.9420223236084,19.16446723216272,18.788021876775048,109000
2023-05-29,19.113134384155277,19.16446732272741,18.92491252149431,86400
2023-05-30,18.66824150085449,19.18157569785444,18.616908570707825,265900
2023-05-31,18.06935691833496,18.77091310062356,18.06935691833496,1880600
2023-06-01,18.05224227905273,18.22335259807574,17.812685874207126,463700
2023-06-02,18.308914184570312,18.514247609432346,18.137803813107787,445000
2023-06-06,18.403688430786133,18.610471243750013,18.093513389658455,213600
2023-06-07,19.21358299255371,19.21358299255371,18.38645192917515,345900
2023-06-08,18.98957061767578,19.110193493616205,18.54154044509216,158500
2023-06-09,18.48984146118164,18.972336197991147,18.48984146118164,161300
2023-06-12,18.851713180541992,18.903410105729684,18.489842921045064,45700
2023-06-13,18.610469818115234,18.868947903678723,18.35199008918816,96400
2023-06-14,18.92064476013184,18.92064476013184,18.610471360423325,73500
2023-06-15,18.955102920532227,18.955102920532227,18.67939259553532,80000
2023-06-16,19.42037010192871,19.42037010192871,18.61046959057452,353300
2023-06-19,18.851713180541992,19.07572825959851,18.800017898717684,51900
2023-06-20,19.0412654876709,19.248048260519763,18.80001809766553,235100
2023-06-21,19.38590431213379,19.38590431213379,18.80001894109559,106400
2023-06-22,18.903413772583008,19.368674685979112,18.903413772583008,137600
2023-06-23,18.43815040588379,19.058500454313176,18.43815040588379,324300
2023-06-26,18.78278350830078,18.83448042775801,18.524305484467444,153900
2023-06-27,19.368671417236328,19.368671417236328,18.66216318882449,175000
2023-06-28,18.903413772583008,19.23081947879777,18.868949149105823,89300
2023-06-30,19.127429962158203,19.144660631494347,18.59323977200679,405100
2023-07-03,19.28251075744629,19.28251075744629,19.04126501677045,81400
2023-07-04,19.127429962158203,19.24805286433016,19.00680541662246,75400
2023-07-05,18.851713180541992,19.334207955446814,18.851713180541992,68400
2023-07-06,18.817249298095703,19.0929596456576,18.713857096078343,150500
2023-07-07,18.8344841003418,19.041266888402205,18.782787170804056,153800
2023-07-10,18.92064476013184,18.955109384190408,18.74832656993016,103800
2023-07-11,19.299745559692383,19.299745559692383,18.800020062246045,269200
2023-07-12,19.299745559692383,19.299745559692383,19.04126747746149,145900
2023-07-13,18.748321533203125,19.248046944255343,18.748321533203125,288500
2023-07-14,18.86895179748535,19.12743157975245,18.817256498377503,228900
2023-07-17,18.955102920532227,19.00679819562836,18.851710726976805,182100
2023-07-18,19.127429962158203,19.127429962158203,18.937877809186517,249100
2023-07-20,19.299745559692383,19.299745559692383,19.00680285670347,177300
2023-07-21,19.0412654876709,19.248048260519763,19.00680087051439,121000
2023-07-24,19.11019515991211,19.28251333437164,19.05849987191061,29600
2023-07-25,19.40313720703125,19.40313720703125,19.12742682254314,372900
2023-07-26,19.523759841918945,19.644382722762582,19.19635417533042,158200
2023-07-27,19.62714958190918,19.885627620660856,19.144654832639887,189200
2023-07-28,19.78223991394043,19.78223991394043,19.33421132119679,318600
2023-07-31,19.78223991394043,19.816704536731915,19.52376181645896,809600
2023-08-01,19.59268951416016,19.90286454734045,19.59268951416016,103000
2023-08-02,19.575454711914062,19.885629705627917,19.506527118129146,288900
2023-08-03,19.50652503967285,19.83393230778795,19.50652503967285,305100
2023-08-04,19.50652503967285,19.62714954846629,19.47206206813422,74600
2023-08-07,19.50652503967285,19.66161252000492,19.50652503967285,177300
2023-08-08,19.540992736816406,19.799470815897948,19.50652811647831,324200
2023-08-09,19.64438247680664,19.851166903326,19.42036902757705,452300
2023-08-10,19.64438247680664,19.765006999503512,19.59268719185854,396500
2023-08-11,19.50652503967285,19.64438021255396,19.50652503967285,248400
2023-08-14,19.71331024169922,19.71331024169922,19.454832171359577,378500
2023-08-15,19.5582275390625,19.799473338714137,19.523762914332977,83700
2023-08-16,19.5582275390625,19.5582275390625,19.3859077021424,339100
2023-08-17,19.575454711914062,19.64438230569898,19.506527118129146,764800
2023-08-18,19.38590431213379,19.730542282343475,19.38590431213379,310800
2023-08-21,19.38590431213379,19.644382378950187,19.282512099389148,441400
2023-08-22,19.00680160522461,19.40313650102785,18.800018824382533,831300
2023-08-23,18.955102920532227,19.00679819562836,18.66216028938222,765500
2023-08-24,18.851713180541992,19.07572825959851,18.696627335069063,745800
2023-08-25,18.800020217895508,18.85171550609697,18.662165020449223,876100
2023-08-28,18.610469818115234,18.85171559307753,18.48984528727049,624500
2023-08-29,19.0412654876709,19.248048260519763,18.627699941973177,605200
2023-08-30,19.127429962158203,19.35144345380218,18.54154447727078,6247100
2023-09-01,19.971790313720703,19.971790313720703,18.662164342212964,1446000
2023-09-04,19.62714958190918,19.90285992814118,19.52375738039053,568200
2023-09-05,19.5582275390625,19.76501035734837,19.420372326871924,462500
2023-09-06,19.5582275390625,19.713313420254085,19.48929993296721,499200
2023-09-07,19.64438247680664,19.730542380629124,19.54099190691044,970900
2023-09-08,19.5582275390625,19.730545732618847,19.523762914332977,685200
2023-09-11,19.67884826660156,19.902863372523864,19.55822538009093,528400
2023-09-12,19.71358871459961,19.88727572120733,19.60937518550069,493600
2023-09-13,19.71358871459961,19.76569465094014,19.69621951701348,389400
2023-09-14,19.80042839050293,19.904641903816515,19.696216533606943,618500
2023-09-15,19.67884826660156,19.9393795775444,19.67884826660156,1103400
2023-09-18,20.113067626953125,20.23464868093771,19.661478488699483,874600
2023-09-19,20.33886337280273,20.49518282635127,20.06096285823543,1309900
2023-09-20,20.14780807495117,20.4951837335363,20.09570048385005,868600
2023-09-21,19.991485595703125,20.408336323059448,19.83516615884012,478200
2023-09-22,19.939380645751957,20.182544430365184,19.887274712055465,532900
2023-09-25,19.887269973754883,20.02622020145137,19.86990078118848,388200
2023-09-26,19.869903564453125,20.16517325377222,19.74832251229265,414500
2023-09-27,19.71358871459961,19.800431389694545,19.592005987914565,437300
2023-09-29,19.43568229675293,19.696215234646004,19.348839640539392,669700
2023-10-02,19.661476135253903,19.835164754228188,19.31410055372277,134700
2023-10-03,19.36620712280273,19.88727134068811,19.296732004179184,578500
2023-10-04,19.487791061401367,19.696216430520074,19.29673323072936,180400
2023-10-05,19.453054428100582,19.74832414178323,19.314104169475545,321600
2023-10-06,19.53989601135254,19.574634399342017,19.33147065266821,158600
2023-10-09,19.487791061401367,19.592002917751927,19.487791061401367,75000
2023-10-10,19.939380645751957,19.939380645751957,19.47042392964801,386600
2023-10-11,19.696216583251957,19.869903563988917,19.62674145967365,229900
2023-10-12,19.73095321655273,19.86990346300315,19.59200297010232,261400
2023-10-13,19.696216583251957,19.748322511831283,19.59200306967569,212400
2023-10-16,19.696216583251957,19.922011148985845,19.661478193254,552600
2023-10-17,19.73095321655273,19.904641852824557,19.678847288238227,232200
2023-10-18,19.852537155151367,19.869904694721072,19.81779876317656,140100
2023-10-19,19.71358871459961,19.85253898245293,19.71358871459961,225500
2023-10-20,19.73095321655273,19.86990346300315,19.62674135992372,509100
2023-10-23,19.64410972595215,19.748321578183948,19.64410972595215,274400
2023-10-24,19.47042655944824,19.66148277975249,19.47042655944824,417900
2023-10-25,19.592002868652344,19.696216381159324,19.52252774578689,414700
2023-10-26,19.592002868652344,19.696216381159324,19.592002868652344,205500
2023-10-27,19.67884826660156,19.730954197506595,19.62674233569653,224700
2023-10-30,19.71358871459961,19.783063848526268,19.60937518550069,328800
2023-10-31,19.852537155151367,19.956749018240384,19.626742576568237,381200
2023-11-01,19.80042839050293,19.86990351390612,19.73095326709974,458900
2023-11-02,19.80042839050293,19.974117027219705,19.71358572856214,167900
2023-11-03,19.81779670715332,20.02622206812569,19.7483215868292,275600
2023-11-06,19.71358871459961,20.043595186646783,19.574638446746288,525500
2023-11-07,19.90464210510254,19.956748034077457,19.661478342523576,341700
2023-11-08,19.887269973754883,19.97411428016953,19.7483197460584,426000
2023-11-09,19.869903564453125,19.887272759452507,19.800428440873198,188000
2023-11-10,19.71358871459961,19.939381657547862,19.661481121841224,221500
2023-11-14,19.76568984985352,19.852534160271816,19.67884553943521,323100
2023-11-15,19.887269973754883,20.02622020145137,19.835164052473043,488900
2023-11-16,19.887269973754883,19.92200835888769,19.730950553491997,324700
2023-11-17,19.74832534790039,19.939381551074028,19.74832534790039,715900
2023-11-20,19.887269973754883,19.93937589503672,19.7483197460584,223900
2023-11-21,19.956748962402344,20.043593285678668,19.852537099604906,311400
2023-11-22,19.90464210510254,20.043592353314057,19.696216732785263,919100
2023-11-23,19.852537155151367,19.92201228268328,19.76569283163205,173200
2023-11-24,19.592002868652344,19.95674767780039,19.48779101256295,305800
2023-11-27,19.15778350830078,19.539897523671744,18.96672732882412,616000
2023-11-28,19.24462890625,19.296734838767374,18.93198999831028,611000
2023-11-29,19.20989227294922,19.314104138542223,19.053572818141976,375200
2023-11-30,19.36620712280273,19.41831470408351,19.1925201544526,1523200
2023-12-01,19.36620712280273,19.36620712280273,19.1925201544526,618100
2023-12-04,19.53989601135254,19.59200193691925,19.261995533106774,311100
2023-12-05,19.62674140930176,19.83516677950175,19.435683577638564,539500
2023-12-06,19.67884826660156,19.783061784829304,19.644111531470767,342700
2023-12-07,19.2933292388916,19.94169703744237,18.99543029480512,401200
2023-12-08,18.94286346435547,19.29333237580265,18.907815737626954,246100
2023-12-11,18.9779109954834,19.065528647949524,18.715059709252746,189600
2023-12-12,18.94286346435547,19.08305102893434,18.82019809197326,454700
2023-12-13,19.01295661926269,19.03047881088117,18.732579828189124,244000
2023-12-14,18.99543571472168,19.08305337112929,18.85524813293662,293400
2023-12-15,19.34590148925781,19.53865896473637,18.995432592402462,553700
2023-12-18,19.4860897064209,19.64380113312664,19.17066685300941,160700
2023-12-19,19.38095092773437,19.59123228443571,19.11809797848196,128600
2023-12-20,19.34590148925781,19.521136773269248,19.275807709886745,233300
2023-12-21,19.24076271057129,19.398474154292,19.170668921269616,203800
2023-12-22,19.22323989868164,19.275809821176072,19.153146111633163,39100
2023-12-26,19.188194274902344,19.27581193611828,19.153148213116705,72300
2023-12-27,19.328378677368164,19.36342640454275,19.15314505499806,24400
2023-12-28,19.20571517944336,19.398472667456737,19.10057366796575,157500
2023-12-29,19.135618209838867,19.398469438022275,19.135618209838867,253900
2024-01-02,19.01295661926269,19.1356203164297,18.907815113714165,200500
2024-01-03,18.890291213989254,19.01295658208393,18.83772129690156,241600
2024-01-04,18.469728469848636,18.890291147402856,18.469728469848636,465800
2024-01-05,18.50477600097656,18.644963558689696,18.469728275964524,279600
2024-01-08,18.434680938720703,18.57486848667416,18.312015580885884,446900
2024-01-09,18.347064971923828,18.469728669746186,18.347064971923828,308700
2024-01-10,18.48725128173828,18.62743883295488,18.27696995491339,439900
2024-01-11,18.48725128173828,18.69753260856317,18.46972742004435,510600
2024-01-12,18.539825439453125,18.57487317086348,18.469731647800227,337500
2024-01-15,18.59239387512207,18.59239387512207,18.53982395338811,239400
2024-01-16,18.50477600097656,18.62743969618368,18.50477600097656,308700
2024-01-17,18.312021255493164,18.55735037601904,18.259451326511872,390700
2024-01-18,18.101736068725582,18.46972883668632,18.031642287741043,578600
2024-01-19,18.38210868835449,18.522296231224956,18.03163983117834,312900
2024-01-22,18.469728469848636,18.53982224944101,18.241923268381548,396200
2024-01-23,18.57486915588379,18.62743907046846,18.417157740962324,521600
2024-01-24,18.732580184936523,18.750104048056265,18.53982270412209,223400
2024-01-26,18.71506118774414,18.78515498102091,18.64496739446737,267900
2024-01-29,18.469728469848636,18.80267350512051,18.399634690256264,178800
2024-01-30,18.539825439453125,18.662489157053734,18.45220778209505,322100
2024-01-31,18.69753646850586,18.80267631803979,18.557348888348766,480200
2024-02-02,18.83772087097168,19.0129561521919,18.609915673852388,236200
2024-02-05,18.83772087097168,18.92533851158179,18.680009452106976,367700
2024-02-06,19.100570678710938,19.100570678710938,18.715055763017578,254000
2024-02-07,18.8201961517334,19.04800133848073,18.76762623822784,114200
2024-02-08,18.78515243530273,18.907816139122037,18.697534787788538,49800
2024-02-09,18.69753646850586,18.80267631803979,18.627442678427315,113900
2024-02-13,19.03047561645508,19.22323473240988,18.71505449509066,297800
2024-02-14,19.503612518310547,19.503612518310547,18.890290707775296,459400
2024-02-15,19.24076271057129,19.27581044080601,19.18819278638697,225400
2024-02-16,19.538658142089844,19.538658142089844,19.20571312188731,402800
2024-02-19,19.97674560546875,19.97674560546875,19.433519230364663,580000
2024-02-20,20.02931785583496,20.151981556623387,19.94170021048569,635100
2024-02-21,20.02931785583496,20.151981556623387,19.71389500104462,592200
2024-02-22,19.906652450561523,20.09941160424082,19.748942694597897,366200
2024-02-23,19.906652450561523,20.081887740966778,19.783988749978395,208800
2024-02-26,19.906652450561523,20.04684001441869,19.80151261325244,338100
2024-02-27,20.20454788208008,20.20454788208008,19.81903298497347,543200
2024-02-28,20.064361572265625,20.222072981275545,19.83655638938101,365700
2024-02-29,20.01179313659668,20.187028419800143,19.871605578500915,1230700
2024-03-01,19.6438045501709,20.099415046314903,19.59123462251363,224200
2024-03-04,19.626277923583984,19.90665305988027,19.503614219246263,167400
2024-03-05,19.503612518310547,19.5561824339895,19.18818968190185,244500
2024-03-06,19.328378677368164,19.591231617674737,19.17066724741774,503500
2024-03-07,19.468564987182617,19.661324131866483,19.27580751366625,435500
2024-03-08,19.34590148925781,19.62627660674209,19.240759984617448,275700
2024-03-11,19.26606750488281,19.65635665126075,18.94674155953344,272000
2024-03-12,19.26606750488281,19.478952032401004,19.12414448653735,784000
2024-03-13,18.85803985595703,19.301549725499232,18.85803985595703,931900
2024-03-14,18.92900276184082,18.98222347638681,18.698377409666836,705200
2024-03-15,18.89352035522461,19.19510721127115,18.75159732789164,3783900
2024-03-18,19.0177059173584,19.177369759876967,18.80482135795234,333200
2024-03-19,19.283809661865234,19.37251197753582,19.01770440670944,460400
2024-03-20,19.33702850341797,19.37251010299528,19.07092327401129,204400
2024-03-21,19.354772567749023,19.461215692578783,19.24833113477534,472200
2024-03-22,19.33702850341797,19.407990010716805,19.088664073799944,376500
2024-03-25,19.283809661865234,19.3370303745252,19.088665920874718,272600
2024-03-26,19.301549911499023,19.39025222463342,19.08866537509001,597500
2024-03-27,19.0709228515625,19.40798958080149,19.01770214523124,634900
2024-03-29,19.14188766479492,19.31929230569368,18.98222382635725,422500
2024-04-01,19.33702850341797,19.37251010299528,19.195105488820303,234900
2024-04-02,19.762800216674805,19.904723238292988,19.19510643834619,336700
2024-04-03,19.532175064086918,19.674098087016677,19.372511240326965,242500
2024-04-04,19.390254974365234,19.85150402273321,19.319293452165844,316200
2024-04-05,19.4434757232666,19.585398767885938,19.301552678647266,55200
2024-04-08,19.33702850341797,19.47895151801564,19.266066996119136,96400
2024-04-09,19.24833106994629,19.53217714606154,19.195108661782623,92100
2024-04-12,19.24833106994629,19.319292588975102,19.07092642644622,322800
2024-04-15,19.33702850341797,19.390250902783936,19.1064048735886,375500
2024-04-16,19.354772567749023,19.407993284235868,19.15962881272656,183400
2024-04-17,19.33702850341797,19.37251010299528,19.15962558109878,517400
2024-04-18,19.33702850341797,19.354769303206623,19.21284628860896,488500
2024-04-19,19.21285057067871,19.3192937012784,19.088668328192544,177600
2024-04-22,19.10640525817871,19.301548984214577,19.08866445803295,39200
2024-04-23,19.15962791442871,19.248330232318693,19.07092559653873,257800
2024-04-24,19.33702850341797,19.390250902783936,19.230587088397613,142300
2024-04-25,19.37251281738281,19.407992730075616,19.24833058517396,146000
2024-04-26,19.37251281738281,19.51443585186608,19.37251281738281,99900
2024-04-29,19.390254974365234,19.40799408602297,19.1951095194248,239800
2024-04-30,19.24833106994629,19.51443634334032,19.212849464503847,355100
2024-05-02,19.319292068481445,19.33703117886868,19.106407517130467,524100
2024-05-03,19.390254974365234,19.390254974365234,19.319293452165844,89500
2024-05-06,19.21285057067871,19.30155289753576,19.195109766936067,109200
2024-05-07,19.407989501953125,19.461211899923917,19.30154808972304,232500
2024-05-08,19.33702850341797,19.5321739173816,19.3192893954851,926800
2024-05-09,19.035444259643555,19.44347425091837,19.01770514930153,496200
2024-05-10,19.035444259643555,19.195108095713877,19.01770514930153,352200
2024-05-13,18.92900276184082,19.035444190932807,18.91126195970682,396800
2024-05-14,18.627416610717773,18.92900349119217,18.627416610717773,562500
2024-05-15,18.50323486328125,18.858042469720903,18.467753256709223,436500
2024-05-16,18.520973205566406,18.591934723907425,18.50323409487319,364700
2024-05-17,18.538715362548828,18.71612001729053,18.485494642868787,214600
2024-05-20,18.78708267211914,18.875785004831386,18.59193720178094,237100
2024-05-21,18.361309051513672,18.87578042622433,18.095202117925204,1661100
2024-05-23,18.112945556640625,18.662898612671377,18.00650242933089,1660000
2024-05-24,17.651695251464844,18.130686798154365,17.598474532451394,1831700
2024-05-27,17.704914093017578,17.82909801335515,17.651693379647746,1008800
2024-05-28,17.350107192993164,17.77587799209732,17.314627279983842,658800
2024-05-29,17.296884536743164,17.350105246213506,17.208182226388697,608900
2024-05-30,17.22592544555664,17.367848485309143,17.22592544555664,522500
2024-05-31,17.562992095947266,17.562992095947266,16.99529994165831,4532900
2024-06-04,17.172704696655273,17.5452530982763,17.137223090855137,1050900
2024-06-05,16.74693489074707,17.43881101864092,16.675973366746895,950100
2024-06-06,16.388710021972656,16.89022371057361,16.281244023087634,794900
2024-06-07,16.639469146728516,16.6573807183779,16.40662383971095,460800
2024-06-10,16.2096004486084,16.657379457088513,16.137955875577234,914900
2024-06-11,15.833463668823242,16.281242611004256,15.54688541912997,1531600
2024-06-12,15.851375579833984,15.958841571726316,15.743907879800508,700200
2024-06-13,16.048397064208984,16.15586475995992,15.92301950928379,373900
2024-06-14,16.048397064208984,16.281242314885112,15.97675250308872,611400
2024-06-18,15.92302131652832,16.15586659363212,15.8334651779282,371700
2024-06-19,15.56479549407959,15.923020019295867,15.56479549407959,555600
2024-06-20,15.528975486755373,15.672264626690955,15.296130207324724,404500
2024-06-21,15.672264099121094,15.815553234233189,15.457330396452951,1117400
2024-06-24,15.636441230773926,15.690175938473027,15.4752422321004,273200
2024-06-25,15.40359592437744,15.618529606485923,15.40359592437744,436900
2024-06-26,15.349862098693848,15.58270736130076,15.296129102135689,527700
2024-06-27,15.457330703735352,15.493152134154869,15.314041565774756,389600
2024-06-28,15.618529319763184,15.672262312268614,15.457328634105854,704400
2024-07-01,15.60062026977539,15.69017641049349,15.49315255928541,146700
2024-07-02,15.457330703735352,15.52897527271565,15.314041565774756,1081000
2024-07-03,15.582708358764648,15.582708358764648,15.43941922001004,346100
2024-07-04,15.439417839050291,15.636439960180162,15.349861708303582,467200
2024-07-05,15.636441230773926,15.636441230773928,15.4752422321004,524700
2024-07-09,15.511066436767578,15.743911754020449,15.511066436767578,471300
2024-07-10,15.40359592437744,15.546885045783096,15.367772789955495,525700
2024-07-11,15.314040184020996,15.439417741388649,15.314040184020998,462100
2024-07-12,15.099106788635254,15.385685044244276,15.099106788635254,845000
2024-07-15,15.099106788635254,15.188661212407215,15.00955065672215,622300
2024-07-16,15.081196784973145,15.134929786438189,15.063285215104356,436000
2024-07-17,15.081196784973145,15.206574357772022,15.063285215104356,524400
2024-07-18,15.11701774597168,15.296130022801098,15.081196315490557,775300
2024-07-19,15.099106788635254,15.206572780418066,15.063283652613556,524600
2024-07-22,15.081196784973145,15.134929786438189,14.955819212174266,352400
2024-07-23,15.081196784973145,15.296130498974644,14.991640643770522,277100
2024-07-24,15.134927749633787,15.170750884550417,15.027461761166087,300800
2024-07-25,15.314040184020996,15.314040184020998,15.04537179348032,164100
2024-07-26,15.367773056030272,15.54688531495899,15.278216926565914,467700
2024-07-29,15.475241661071776,15.546886227219003,15.367773957780338,326800
2024-07-30,15.493152618408203,15.582708759468057,15.475242756709289,116700
2024-07-31,15.88719654083252,16.048397232074535,15.385684607744873,938700
2024-08-01,15.439417839050291,15.940929779834308,15.421506271272726,472600
2024-08-02,15.761821746826172,15.761821746826172,15.29613115899139,338400
2024-08-05,15.439417839050291,15.618530100543715,15.170751154951278,636600
2024-08-06,16.12004280090332,16.12004280090332,15.296129433864834,434200
2024-08-07,15.77973175048828,15.940930745831444,15.672264045451618,371200
2024-08-08,15.940933227539062,16.030489377654977,15.690178056984289,384500
2024-08-09,15.8155517578125,15.940929312295973,15.797640190560273,191700
2024-08-12,15.958844184875488,16.030488760582056,15.923022751092915,110100
2024-08-13,16.42453384399414,16.42453384399414,15.83346570110094,383100
2024-08-14,17.445466995239258,17.445466995239258,16.388708429424984,1115800
2024-08-15,16.997690200805664,17.445469194766666,16.746935057397938,303800
2024-08-16,16.854400634765625,17.08724591073608,16.800667635123602,277200
2024-08-19,17.01559829711914,17.32008808750834,16.87230918495257,733800
2024-08-20,16.675289154052734,17.35591166731588,16.567821452508404,554900
2024-08-21,17.678312301635742,17.80368985791437,16.7290214295095,1163600
2024-08-22,18.21564674377441,18.32311272885038,17.624578701433503,1002200
2024-08-23,18.16191673278809,18.21564973414715,17.92907144937706,299800
2024-08-26,18.287294387817383,18.35893895933303,18.161916814700334,492700
2024-08-27,18.7171630859375,18.806719233439303,18.179827909068088,647700
2024-08-28,18.681337356567383,19.200760842881152,18.50222510274565,1018700
2024-08-29,18.93209457397461,19.415696688353226,18.591783303521733,752000
2024-08-30,18.87836265563965,19.02165179962565,18.55596122760048,2637400
2024-09-02,18.412670135498047,18.82462766197744,18.341025571085257,511600
2024-09-03,18.48501968383789,18.539280509668924,18.087102936262365,237200
2024-09-04,18.286060333251957,18.376496192351905,18.12327785677669,123000
2024-09-05,18.34032249450684,18.683976681890112,18.195625812985405,224200
2024-09-06,17.74344825744629,18.340322500135507,17.725360741020435,283800
2024-09-09,17.43596839904785,17.77962260666313,17.43596839904785,248800
2024-09-10,17.255098342895508,17.634927622217013,17.237010823660967,169500
2024-09-11,16.821006774902344,17.309357677521888,16.766745946815867,477900
2024-09-12,16.965702056884766,17.12848625254054,16.839092893561602,141800
2024-09-13,17.255098342895508,17.363621733381983,17.09231411962618,182000
2024-09-17,17.5987491607666,17.797708383807166,17.2550949867554,191700
2024-09-18,17.417879104614258,17.59874908625207,17.309355735695227,123000
2024-09-19,17.32744598388672,17.56257854952485,17.218924322774168,188300
2024-09-20,17.14657211303711,17.345531341829037,17.074223773000178,359600
2024-09-23,16.314565658569336,17.1465706348054,16.314565658569336,381500
2024-09-24,16.5316104888916,16.60395882194258,16.350738793803995,288600
2024-09-25,16.278390884399414,16.60395925406192,16.242215854472306,163900
2024-09-26,16.278390884399414,16.441175069230667,16.18795503450201,253800
2024-09-27,16.16986846923828,16.27839184047311,16.007085999766744,372500
2024-09-30,16.151782989501953,16.26030463790836,15.988998791971843,419200
2024-10-01,16.567785263061523,16.567785263061523,16.151782742335445,377600
2024-10-02,16.459264755249023,16.567786409504134,16.187957169770062,341000
2024-10-03,16.224130630493164,16.477348949136307,16.224130630493164,113700
2024-10-04,16.224130630493164,16.495436464730936,16.224130630493164,481300
2024-10-07,16.65822410583496,16.965705034953757,16.242219785589207,1636400
2024-10-08,16.224130630493164,16.622045624052507,16.224130630493164,489600
2024-10-09,16.206043243408203,16.368827435209873,16.079434083082656,281200
2024-10-10,16.38691520690918,16.58587270837422,16.206043496544257,271700
2024-10-11,16.260303497314453,16.567784354431577,16.260303497314453,68000
2024-10-14,16.567785263061523,16.567785263061523,16.206043565708306,340500
2024-10-15,16.38691520690918,16.622046015494924,16.29647935172672,359700
2024-10-16,16.38691520690918,16.567785192353636,16.115607641361798,1480800
2024-10-17,16.260303497314453,16.38691437813469,16.224130192023228,62100
2024-10-18,16.187955856323242,16.423088388025423,16.13369503359826,186000
2024-10-21,16.549697875976562,16.56778539221534,16.133695352007546,304900
2024-10-22,16.242218017578125,16.64013477516823,16.242218017578125,490100
2024-10-23,16.260303497314453,16.423087683425916,16.260303497314453,93300
2024-10-24,16.260303497314453,16.29647852752606,16.242215982208652,407700
2024-10-25,16.025171279907227,16.278391321434217,15.98899797392932,412300
2024-10-28,16.278390884399414,16.33265170436971,16.025170849670758,208500
2024-10-29,16.260303497314453,16.45926271363752,16.09751931120299,461000
2024-10-30,16.260303497314453,16.278391012420258,16.09751931120299,428000
2024-11-01,16.260303497314453,16.36882686302889,16.133694341414596,356600
2024-11-04,16.314565658569336,16.44117481148868,16.22412981008966,116500
2024-11-05,16.36882972717285,16.423090557064192,16.314568897281507,331100
2024-11-06,16.296480178833008,16.42308934756205,16.278392661894415,162700
2024-11-07,16.278390884399414,16.314565914326522,16.11560669956816,286700
2024-11-08,16.278390884399414,16.296478399362968,16.22413006442912,43000
2024-11-11,16.278390884399414,16.368826734296817,16.11560669956816,172800
2024-11-12,16.278390884399414,16.296478399362968,16.11560669956816,274200
2024-11-13,16.278390884399414,16.296478399362968,16.26030336943586,38700
2024-11-14,16.278390884399414,16.296478399362968,16.26030336943586,221100
2024-11-15,15.934739112854004,16.278393324063604,15.934739112854004,224400
2024-11-18,16.278390884399414,16.314565914326522,15.952822514736908,170100
2024-11-19,16.133697509765625,16.29648172784481,16.133697509765625,42300
2024-11-20,16.278390884399414,16.350739219333263,16.11560669956816,119800
2024-11-21,15.898565292358398,16.27839456794051,15.826216941053271,383900
2024-11-22,16.025171279907227,16.079433826254704,15.916649637053096,263200
2024-11-25,15.753866195678713,16.151782929847037,15.663430339060389,1447700
2024-11-26,17.27318572998047,17.27318572998047,16.06134954926979,1042900
2024-11-27,17.526403427124023,17.707275161324386,17.056140023060326,449600
2024-11-28,17.5987491607666,17.725360045861624,17.39979166264648,266400
2024-11-29,17.72536277770996,17.906232787989435,17.544491042509783,322700
2024-12-02,17.689184188842773,17.996665041990745,17.472139185136033,416800
2024-12-03,18.53927993774414,18.53927993774414,17.725360675705325,757500
2024-12-04,18.810585021972656,18.846760053226657,18.4488433340348,557400
2024-12-05,18.810585021972656,18.9733692127748,18.53927918724937,600000
2024-12-06,18.665889739990234,19.172329865823556,18.466932228004644,596300
2024-12-09,18.29989242553711,18.757389736175536,18.226692925643512,227700
2024-12-10,18.33649253845215,18.446290912633977,17.98879361471108,321200
2024-12-11,18.373090744018555,18.373090744018555,18.043692143071222,289800
2024-12-12,18.77568817138672,18.90378684709747,18.29989059701312,528100
2024-12-13,18.88548851013184,18.922089132851102,18.720789198322635,115900
2024-12-16,18.75739097595215,19.123388499610883,18.57439134151585,201900
2024-12-17,18.793989181518555,18.793989181518555,18.537790075331788,362200
2024-12-18,18.51948928833008,18.848887881343487,18.427989485247068,58600
2024-12-19,18.171794891357425,18.519492101635425,17.897295440409035,376200
2024-12-20,17.4031982421875,18.244993369696857,17.4031982421875,673800
2024-12-23,17.567899703979492,17.67769809544651,17.42150068521416,207800
2024-12-24,17.73259735107422,17.805796860704124,17.403200430346622,64900
2024-12-26,17.91559600830078,18.0985956448757,17.695997491539202,61400
2024-12-27,17.69599723815918,17.91559575177644,17.69599723815918,77900
2024-12-30,17.714298248291016,17.93389677055736,17.677697621972996,106100
2024-12-31,17.677696228027344,17.78749635310937,17.586196414661288,124200
2025-01-02,17.933897018432617,17.933897018432617,17.659397552895225,74600
2025-01-03,18.720787048339844,18.720787048339844,17.91559263833951,371600
2025-01-06,18.135194778442383,18.629292756969747,18.135194778442383,80000
2025-01-07,18.33649253845215,18.464591223402177,18.043692801802,142100
2025-01-08,17.970495223999023,18.46459319625018,17.8423965253623,425400
2025-01-09,18.025394439697266,18.31819243443849,17.970493506773003,111300
2025-01-10,17.47640037536621,17.933897758254258,17.293400724125384,236900
2025-01-13,17.6227970123291,18.007094831733678,17.458097697553743,179100
2025-01-14,17.860694885253906,17.897293761485418,17.49469739687036,231700
2025-01-15,17.220197677612305,17.805793649026068,17.20189736720221,253400
2025-01-16,17.567899703979492,17.878998055159315,17.27509992123486,235200
2025-01-17,17.933897018432617,17.933897018432617,17.384899832571772,214500
2025-01-20,17.787498474121094,17.95219780877627,17.58619851166966,53100
2025-01-21,17.84239387512207,18.04369204953885,17.62279539070005,186800
2025-01-22,17.73259735107422,18.11689521293472,17.73259735107422,117400
2025-01-23,17.787498474121094,18.24499585029036,17.73259753242671,175700
2025-01-24,18.208393096923828,18.208393096923828,17.659395960565497,118600
2025-01-27,17.84239387512207,18.22669165916401,17.76919438031473,57800
2025-01-28,17.604496002197266,17.897293996753056,17.604496002197266,49100
2025-01-31,17.95219612121582,18.17179463170847,17.403198972377282,186600
2025-02-03,18.061992645263672,18.15349245152367,17.604495359177317,100400
2025-02-04,18.061992645263672,18.226691947488945,17.95219427392259,130200
2025-02-05,18.04369354248047,18.19009254420825,17.787496162063725,85100
2025-02-06,18.025394439697266,18.13519281511837,17.842394820377145,62500
2025-02-07,17.860694885253906,18.116892254515545,17.860694885253906,48900
2025-02-10,17.84239387512207,18.09859297955457,17.750894070309492,61400
2025-02-12,18.281593322753903,18.281593322753903,17.84239629435946,215200
2025-02-13,17.860694885253906,18.299891871314163,17.860694885253906,183200
2025-02-14,18.098594665527344,18.098594665527344,17.586196408929933,129300
2025-02-17,17.567899703979492,18.098596583307312,17.531299076681176,63100
2025-02-18,17.512998580932617,17.73259710679724,17.439799072311075,75700
2025-02-19,18.208393096923828,18.208393096923828,17.43979745506492,419100
2025-02-20,17.6227970123291,18.19009271298447,17.6227970123291,317700
2025-02-21,18.75739097595215,18.75739097595215,18.00709561614828,506800
2025-02-24,19.123388290405277,19.14168860269147,18.61099176288855,267000
2025-02-25,19.19658470153809,19.48938267008869,18.940387351663084,387500
2025-02-26,19.30638694763184,19.489384825608692,18.94038944646437,375900
2025-02-27,18.629291534423828,19.306387362434663,18.48289253081142,482200
2025-02-28,17.567899703979492,18.739091854102146,17.567899703979492,2652200
2025-03-03,17.110401153564453,17.58619705911899,16.9274015201262,467600
2025-03-04,16.89080047607422,17.165299919417727,16.89080047607422,253800
2025-03-05,16.37840461730957,17.09210110445555,16.360104304641087,749300
2025-03-06,16.894628524780273,16.894628524780273,16.425333287980823,209400
2025-03-07,16.594280242919922,16.857084435856933,16.575508003361765,257200
2025-03-10,16.16252899169922,16.763228174620686,16.16252899169922,529300
2025-03-11,15.674461364746094,16.1625270423413,15.580601960901898,431200
2025-03-12,15.39288330078125,15.69323196378666,15.111306876768488,918700
2025-03-13,15.974808692932127,16.031123614455556,15.392881869793118,563300
2025-03-14,16.143756866455078,16.237614481665528,15.749548795825708,375900
2025-03-17,16.61305046081543,16.781995225621856,16.33147227236656,299700
2025-03-19,16.706912994384766,17.04480620409606,16.519195936938186,663200
2025-03-20,16.38779067993164,16.932174935355466,16.33147574635035,345000
2025-03-21,18.020938873291016,18.020938873291016,16.425334257867565,1756600
2025-03-24,16.988489151000977,17.626731005348276,16.725683155028737,480500
2025-03-25,17.270063400268555,17.270063400268555,16.9509425136909,367900
2025-03-26,17.739360809326172,17.833220221165657,17.326380471364068,576300
2025-03-27,17.83321762084961,17.83321762084961,17.213748099342887,360400
2025-03-28,17.157434463500977,17.589185221085785,17.157434463500977,457300
2025-04-02,17.4765567779541,17.53287170952916,16.894629850947165,313000
2025-04-03,17.3826961517334,17.476555557952636,17.06357524471956,81700
2025-04-04,17.082347869873047,17.382696544383634,16.98848846153366,143700
2025-04-07,16.25638771057129,16.89462955808978,15.956039027084792,630000
2025-04-08,17.194978713989258,17.27006588692382,16.256388157197534,844600
2025-04-09,16.932172775268555,17.17620471972876,16.537964710050883,492200
2025-04-10,18.096025466918945,18.20865532428684,17.10111824892648,715500
2025-04-11,17.79567527770996,18.09602574583201,17.589186009206678,121500
2025-04-14,17.83321762084961,18.114794025091165,17.720585985021515,80800
2025-04-15,17.77690315246582,18.077251802059557,17.607956589514558,81500
2025-04-16,17.88953399658203,17.983393402358537,17.53287040289443,143000
2025-04-17,17.8144474029541,18.114796078923337,17.60795813578008,180400
2025-04-18,18.152341842651367,18.17111408378225,17.795676422042394,91000
2025-04-21,18.302513122558597,18.452687445987696,18.09602387539837,116200
2025-04-22,17.945852279663086,18.396375318428,17.851992865698875,129400
2025-04-23,18.11479377746582,18.283740333788938,18.00216393339647,125800
2025-04-24,17.983394622802734,18.24620061876844,17.983394622802734,68300
2025-04-25,17.83321762084961,18.114794025091165,17.758130460370584,70400
2025-04-28,17.8144474029541,18.152340558529158,17.8144474029541,154100
2025-04-29,18.020938873291016,18.114796494017625,17.66427346974019,118500
2025-04-30,18.52777671813965,18.52777671813965,17.795675465367193,199100
2025-05-02,18.302513122558597,18.58408953143337,18.09602387539837,191300
2025-05-05,18.05847930908203,18.30251303098817,17.92707722429378,45100
2025-05-06,18.302513122558597,18.471459683971123,17.83321791428786,148900
2025-05-07,18.189884185791016,18.433917945153297,17.927079975877337,61500
2025-05-08,18.602863311767575,18.771809887187352,18.189882992988053,406400
2025-05-09,19.128475189208984,19.184791912838943,18.39637568421409,155000
2025-05-13,19.222332000732425,19.503910210074668,19.034614984723472,294000
2025-05-14,19.278648376464844,19.485137627495927,18.94075524730564,147000
2025-05-15,18.75303840637207,19.278650393436813,18.75303840637207,285300
2025-05-16,18.846895217895508,19.015841776846045,18.6216337360345,250000
2025-05-19,18.433917999267575,18.940757760250825,18.133569306930585,240900
2025-05-20,17.964624404907227,18.753040691350137,17.66427568439937,665900
2025-05-21,17.83321762084961,18.18988118557019,17.60795613941254,944800
2025-05-22,17.870763778686523,17.98339363489932,17.739359892812548,271900
2025-05-23,17.870763778686523,17.964621395457424,17.833219299802735,387700
2025-05-26,17.927082061767578,18.002169243368108,17.795678151301935,337100
2025-05-27,18.58409118652344,18.58409118652344,17.983393839309215,742000
2025-05-28,18.95952796936035,18.95952796936035,18.41514557528109,494400
2025-05-29,19.241106033325195,19.428824857055144,18.73426628338596,473400
2025-05-30,18.490232467651367,19.503910075823757,18.490232467651367,8023500
2025-06-03,18.77181053161621,19.316192965424307,18.50900453969461,643900
2025-06-04,19.6728572845459,19.6728572845459,18.65917955103257,792400
2025-06-05,19.8418025970459,19.86057483669845,19.31619241830953,701900
2025-06-06,19.710399627685547,20.048292765601737,19.503910371303,340200
2025-06-09,19.372509002685547,19.804261600496744,19.24110689432623,109300
2025-06-10,19.46728515625,19.751616725587965,19.29668549155281,367200
2025-06-11,19.543109893798828,20.16864088424009,19.391464319151694,700400
2025-06-12,19.67579460144043,19.67579460144043,19.372507115965096,386000
2025-06-13,19.84639549255371,19.903261447666644,19.581018022466488,635000
2025-06-16,19.9411735534668,20.09281730759888,19.770573878134165,494100
2025-06-17,20.09281539916992,20.149681349634253,19.751616080912,595500
2025-06-18,20.244461059570312,20.37714889248769,19.789527989486466,527100
2025-06-19,19.88430404663086,20.168637416503444,19.732660305793207,215300
2025-06-20,20.149682998657227,20.149682998657227,19.713705855454982,735000
2025-06-23,20.11177062988281,20.452969967125576,19.922216848542668,267100
2025-06-24,20.75625991821289,20.75625991821289,20.187594891466727,567900
2025-06-25,20.282373428344727,20.832082552209915,19.979085885210328,722600
2025-06-26,20.377147674560547,20.566703259743896,20.073860184456016,619300
2025-06-30,20.39610481262207,20.73730235549697,20.18759329492148,535300
2025-07-01,20.149682998657227,20.547748299956613,19.92221737044845,300000
2025-07-02,20.56670570373535,20.623571662953463,20.24446225527231,504500
2025-07-03,20.81312561035156,20.81312561035156,20.263416513386076,347600
2025-07-04,20.43401527404785,20.79417055337832,20.3013274383662,149900
2025-07-07,20.301326751708984,20.64252609790554,19.922217371343987,161400
2025-07-08,20.377147674560547,20.377147674560547,20.130726136916607,452000
2025-07-09,20.699392318725582,20.699392318725582,20.263415169907503,518300
2025-07-10,20.528793334960938,20.699393015995792,20.358193653926083,301500
2025-07-11,20.62356948852539,20.794169155928945,20.32028199435732,532500
2025-07-14,20.452970504760746,20.623570177866576,20.339236786778145,81800
2025-07-15,20.282373428344727,20.49088497005189,20.149685580157517,178800
2025-07-16,20.54775047302246,20.756260202331145,20.35819485893361,371000
2025-07-17,20.56670570373535,20.56670570373535,20.35819417370853,312600
2025-07-18,20.09281539916992,20.66147851928517,20.09281539916992,496800
2025-07-21,20.22550392150879,20.35819174644303,19.998038304020355,94800
2025-07-22,20.16863822937012,20.187592341936757,20.01699448242069,98500
2025-07-23,19.903261184692383,20.016994901151648,19.52415180938832,152500
2025-07-24,20.377147674560547,20.45296954708668,19.846394566877617,277300
2025-07-25,20.56670570373535,20.56670570373535,20.05490664756361,329700
2025-07-28,20.320283889770508,20.54774953161385,20.111772362278604,218300
2025-07-29,20.56670570373535,20.69939354448969,20.26341636985418,697600
2025-07-30,20.56670570373535,20.661481699853454,20.2823722921723,394700
2025-07-31,20.452970504760746,20.756258009066173,20.452970504760746,1026500
2025-08-01,20.49088287353516,20.56670475156107,20.35819323118768,346000
2025-08-04,20.301326751708984,20.566704221832545,20.282370830756705,235700
2025-08-05,20.699392318725582,21.04059166930181,20.301327012298703,618900
2025-08-06,21.798809051513672,21.798809051513672,20.642525048261827,908100
2025-08-07,21.704030990600582,22.55702749442164,21.5713431677966,646000
2025-08-08,21.647165298461918,21.704031250668443,21.41969968189977,346500
2025-08-11,21.704030990600582,21.77985286187944,21.457609457010328,244600
2025-08-12,22.46225357055664,22.46225357055664,21.62821110228486,388900
2025-08-13,22.29165267944336,22.4053845867315,21.87463146800268,661200
2025-08-14,21.49552345275879,22.27269816326029,21.23014597279449,535100
2025-08-15,21.36283493041992,21.76089842597535,20.96476962712837,476800
2025-08-18,21.609254837036133,21.68507671406048,21.324923250128872,504200
2025-08-19,21.741947174072266,21.741947174072266,21.34388181839225,492900
2025-08-20,21.324922561645508,21.704031934527546,21.287010720489263,654800
2025-08-21,21.57134437561035,21.666122171949677,21.26805687351341,535700
2025-08-22,21.609254837036133,21.628210758226256,21.26805729429465,418700
2025-08-25,21.609254837036133,21.988366029894006,21.495522925367688,520200
2025-08-26,20.851036071777344,21.85567639452413,20.75625827354022,2993100
2025-08-27,21.49552345275879,21.49552345275879,20.377149383408355,853800
2025-08-28,20.66147994995117,21.32492271300579,20.66147994995117,413100
2025-08-29,20.073863983154297,20.661483154496537,19.71370866469878,661900
2025-09-02,20.66147994995117,20.66147994995117,20.092816790459896,357600
2025-09-03,20.851036071777344,20.851036071777344,20.547748563607456,254900
2025-09-04,20.66147994995117,20.832079620892998,20.396104290918203,464800
2025-09-08,20.98372459411621,20.98372459411621,20.661481154163926,442300
2025-09-09,21.15432357788086,21.15432357788086,20.813124227354997,659600
2025-09-10,21.05860137939453,21.26918673592511,21.00116934138284,205600
2025-09-11,20.465133666992188,20.943738308486907,20.292837529668816,202100
2025-09-12,20.809728622436523,21.05860324349288,20.484277335342185,141000
2025-09-17,21.99666786193848,21.99666786193848,20.886305291368103,774200
2025-09-18,21.9583797454834,21.9583797454834,21.154323864603857,238000
2025-09-19,22.01581382751465,22.01581382751465,21.230902496216004,1215600
2025-09-22,21.345766067504883,21.575497899775385,21.269189398658646,570500
2025-09-23,21.05860137939453,21.422340054444,20.982024720135087,359300
2025-09-24,21.345766067504883,21.3840553147939,20.982027346918212,245700
2025-09-25,21.17346954345703,21.59464030151874,21.116035673577173,442500
2025-09-26,21.46063041687012,21.805226314386264,21.11603451935397,188800
2025-09-29,21.613784790039062,21.82437016775681,21.613784790039062,58100
2025-09-30,21.9583797454834,21.9583797454834,21.63292846866398,507700
2025-10-01,22.24554252624512,22.49441714781944,21.766937906078745,391200
2025-10-02,22.20725440979004,22.49441644259432,22.14982054264384,493700
2025-10-03,22.37955093383789,22.41784017928605,22.01581223073894,308000
2025-10-06,22.054100036621094,22.3795494730284,22.01581079367224,176000
2025-10-07,21.92009162902832,22.130678834121916,21.74779367058148,250100
2025-10-08,22.01581382751465,22.01581382751465,21.766939191246227,172600
2025-10-09,21.72865104675293,22.03495771944938,21.72865104675293,335000
2025-10-10,21.76693725585937,21.881803164590007,21.728649836770284,357400
2025-10-13,22.01581382751465,22.20725641717708,21.42234326014659,118000
2025-10-14,21.72865104675293,22.111534387623493,21.5946405081494,337400
2025-10-15,22.01581382751465,22.01581382751465,21.55635380320303,274200
2025-10-16,21.345766067504883,21.920091996717545,21.21175735345692,499600
2025-10-17,21.269189834594727,21.65207501240537,21.269189834594727,162500
2025-10-21,21.575496673583984,21.575496673583984,21.192611525381363,284400
2025-10-22,21.288331985473636,21.57549583547054,21.269187363660848,131300
2025-10-23,21.47977638244629,21.632929718535635,21.096893042222923,336800
2025-10-24,21.47977638244629,21.632929718535635,21.2691891760246,178600
2025-10-27,21.498920440673828,21.5754989389402,21.498920440673828,361500
2025-10-28,21.498920440673828,21.613786362341497,21.46063301727253,191600
2025-10-29,21.345766067504883,21.613785321332603,20.13968398960963,639600
2025-10-30,21.70950698852539,21.766939034718384,21.34576643592883,575800
2025-10-31,21.70950698852539,21.72865161250033,21.422343106096765,1998400
2025-11-03,21.556352615356445,21.70950594835425,21.28833336974441,379500
2025-11-04,21.632930755615234,21.80522872340864,21.537209459537586,266900
2025-11-05,21.824369430541992,21.900946094919163,21.498918150506096,288700
2025-11-06,21.575496673583984,21.9009461283855,21.575496673583984,424400
2025-11-07,21.498920440673828,21.70950765944257,21.345767095604863,106900
2025-11-10,21.862659454345703,21.95838074465969,21.556352785926364,234300
2025-11-11,21.93923759460449,22.13068018808725,21.805228874605685,307800
2025-11-12,21.69036102294922,22.034956930256747,21.613784357517737,279100
2025-11-13,21.47977638244629,21.86265972266965,21.36491046751339,255200
2025-11-14,21.15432357788086,21.61378355337552,21.03945767114137,412500
2025-11-17,21.15432357788086,21.40319818770671,20.98202563063745,512300
2025-11-18,20.57999992370605,21.498919974180712,20.158827321039244,399500
2025-11-19,20.216259002685547,20.771440262782743,20.00567181130725,465600
2025-11-20,20.560853958129883,20.79058395576057,20.29283654042661,277300
2025-11-21,20.12053871154785,20.292836667280863,20.101394088526018,110300
2025-11-24,20.10139274597168,20.426844012679275,19.83337351876201,2933900
2025-11-25,19.73765563964844,20.40770102264917,19.66107897228459,284800
2025-11-26,19.929096221923828,20.005672888621906,19.69936622182961,1018500
2025-11-27,19.25905036926269,20.063104436875324,18.914454464763207,573900
2025-11-28,18.971885681152344,19.25904953097985,18.91445364147949,1131000
2025-12-01,19.7185115814209,19.814232874801604,19.02931972966527,289800
2025-12-02,19.77594375610352,20.29283764829059,19.4313478279788,725900
2025-12-03,19.08675193786621,19.8142311481407,19.067607315712017,569200
2025-12-04,18.971885681152344,19.450490271799907,18.971885681152344,496100
2025-12-05,18.56985855102539,19.08675240751747,18.56985855102539,337100
2025-12-08,18.45499420166016,18.646434947968004,18.01467701626192,1548500
2025-12-09,18.39756202697754,18.684725911452663,18.14868739072517,1459900
2025-12-10,18.63019561767578,18.843445665763912,18.45572082671895,901300
2025-12-11,18.610811233520508,18.66896949864522,18.494492854453167,933500
2025-12-12,18.707740783691406,18.843445865408327,18.572037550792373,857100
2025-12-15,18.688356399536133,18.8628311967424,18.66896969468501,497800
2025-12-16,18.74651336669922,18.882216593621013,18.610810139777424,712000
2025-12-17,18.74651336669922,18.882216593621013,18.64958169797602,985200
2025-12-18,18.804672241210938,18.979148880834963,18.552650633844888,522900
2025-12-19,19.11485290527344,19.11485290527344,18.785286316491312,1177600
2025-12-22,18.92098999023437,19.037306513584017,18.76590005988965,476900
2025-12-23,19.15362548828125,19.15362548828125,18.90160388133859,513400
2025-12-24,19.01792335510254,19.15362659405302,18.90160497256072,480500
2025-12-26,19.11485290527344,19.15362631516213,18.97914966829889,376000
2025-12-29,19.192398071289062,19.289329748177988,19.017923271470547,161700
2025-12-30,19.25055694580078,19.347486767623543,19.01792204555404,327300
2025-12-31,19.347488403320312,19.483193493217225,19.250558573302804,363400
2026-01-02,19.444419860839844,19.54135153857208,19.192398238263227,343700
2026-01-05,19.42503547668457,19.560738719518653,19.056695462109165,664900
2026-01-06,19.231170654296875,19.32810232701605,19.03730730885852,858300
2026-01-07,19.347488403320312,19.347488403320312,19.056695215631787,953800
2026-01-08,19.42503547668457,19.502580450992337,19.211785410724698,1056700
2026-01-09,19.56073760986328,19.61889587509036,19.386260965364137,290300
2026-01-12,20.045394897460938,20.045394897460938,19.46380667658564,422700
2026-01-13,19.580123901367188,20.00662030245641,19.56073719709462,722800
2026-01-14,20.355573654174805,20.355573654174805,19.54135056010238,762500
2026-01-15,20.064781188964844,20.35557436899473,19.696441188854507,417500
2026-01-16,20.0260066986084,20.064780106556967,19.715826830291256,531300
2026-01-20,20.23925399780273,20.51066229494605,20.122937476754004,555300
2026-01-21,20.374961853027344,20.452506827254684,19.987236981890643,1135900
2026-01-22,20.549436569213867,20.607594832194927,20.200483293691818,467100
2026-01-23,20.374961853027344,20.54943850724336,20.239256761515986,548600
2026-01-26,20.549436569213867,20.646366391243017,20.181096589758848,424300
2026-01-27,20.549436569213867,20.646366391243017,20.413731490500933,909300
2026-01-28,20.3361873626709,20.530050712363817,20.25864239255732,497100
2026-01-29,20.18109703063965,20.336186967855834,20.103552062031557,545300
2026-01-30,20.549436569213867,20.549436569213867,19.9872350968827,823100
2026-02-03,19.696439743041992,20.510662805939365,19.696439743041992,347400
2026-02-04,19.347488403320312,19.754599975375047,19.173013599998,692400
2026-02-05,19.67705535888672,19.909692131837687,19.386262165925057,261500
2026-02-06,19.87091636657715,19.92907462851765,19.657668173583417,169700
2026-02-09,20.08416557312012,20.161710542560044,19.94846233880472,362000
2026-02-10,19.65766906738281,20.181097146282344,19.483192424810337,685200
2026-02-11,19.773984909057617,19.94846154556395,19.42503348486278,1667800
2026-02-12,19.773984909057617,19.987234953151063,19.58012341757556,485200
2026-02-13,19.87091636657715,20.064779704802586,19.715826435523923,443300
2026-02-16,19.98723602294922,20.122939259131837,19.851530937948677,93600
2026-02-19,20.355573654174805,20.413731918374868,20.064780484356604,241700
2026-02-20,20.31679916381836,20.45250423815067,20.10355097389299,241800
2026-02-23,20.3361873626709,20.588208977744525,20.161710717710857,313400
2026-02-24,20.74329948425293,20.84023116174557,19.89030478971721,704500
2026-02-25,21.286113739013672,21.32488714853452,20.607595711760144,574200
2026-02-26,21.596296310424805,22.100337712114964,21.32488797965472,4604700
2026-02-27,21.305500030517575,21.71261157850024,21.13102338869388,1411700
2026-03-02,21.576908111572266,22.274812822484545,21.40243147163973,826200
2026-03-03,21.80954360961914,22.255426724872088,21.576908699641358,926700
2026-03-04,21.6738395690918,22.236041042855213,21.5575211940155,529100
2026-03-05,21.51875114440918,21.98402097971734,21.47997773372451,1022700
2026-03-06,21.49936294555664,22.003406156534773,21.47997624156105,1237300
2026-03-09,21.227956771850582,21.809545008507733,20.956550283877142,1363500
2026-03-10,21.28736114501953,21.782416055368824,21.227955084553308,1534900
2026-03-11,21.68340492248535,21.72301022220032,21.28736136775886,1402100
2026-03-12,21.723011016845703,22.020043221635092,21.663603065100062,1839100
2026-03-13,21.04973602294922,21.723011035431565,21.01013072175157,887300
2026-03-16,21.68340492248535,21.96063635503621,20.812109102087064,822800
2026-03-17,21.703208923339844,21.703208923339844,21.505186189407617,965100
2026-03-18,21.68340492248535,21.9012302939484,21.62399886139753,811800
2026-03-19,21.623998641967773,22.079448253160404,21.46558122168472,1528500
2026-03-24,21.38637351989746,21.74281178809787,21.208153441554902,1367000
2026-03-25,21.38637351989746,21.76261443868809,21.32696745661151,853900
2026-03-26,21.703208923339844,22.03984643793377,21.346768757655735,1417700
2026-03-27,21.78241729736328,21.960637377408357,21.66360328117166,1056000
2026-03-30,21.94083404541016,21.960636695574717,21.38637306019517,857200
2026-03-31,21.623998641967773,21.92103083287735,21.485383871341256,719300
2026-04-01,21.78241729736328,21.78241729736328,21.326967660345623,380800
2026-04-02,20.891319274902344,21.82202310999908,20.61408782295221,654200
2026-04-03,21.010129928588867,21.40617537167522,20.91112045630191,249400
2026-04-06,20.47547149658203,21.10914118068241,20.317054075556936,289300
2026-04-07,20.75270271301269,20.75270271301269,20.277450411604335,346400
2026-04-08,21.762615203857425,21.762615203857425,20.45567043470635,819300
2026-04-09,21.188350677490234,21.24775674045804,20.51507566890617,1057500
2026-04-10,20.594284057617188,20.95072420677285,20.594284057617188,679000
2026-04-13,21.089340209960938,21.089340209960938,20.495275778062705,427000
2026-04-14,20.336856842041016,21.069537890608867,20.317054192178052,488400
2026-04-15,20.51507568359375,20.653692348597453,20.33685749456275,711600
2026-04-16,20.63389015197754,20.67349356536068,20.297252640039567,371300
2026-04-17,20.37646102905273,20.59428452038436,20.35665837843585,352800
2026-04-20,20.000219345092773,20.57448297163385,19.80219662346428,653100
2026-04-21,19.802196502685547,20.21804270478133,19.802196502685547,277000
2026-04-22,20.396263122558597,20.396263122558597,20.000219563462093,487200
2026-04-23,20.37646102905273,20.515075806401523,20.07942882373828,528200
2026-04-24,20.21804428100586,20.475473082228405,20.21804428100586,226400
2026-04-27,20.11903190612793,20.21804326910186,19.90120841837302,493300
2026-04-28,20.356658935546875,20.356658935546875,19.50516570904932,827700
2026-04-29,20.09922981262207,20.257647242374947,19.88140631883305,253700
2026-04-30,19.980417251586918,20.257646803404693,19.921011188838055,795000
2026-05-04,19.90120887756348,20.23784638635144,19.88140622681484,135900
2026-05-05,20.13883399963379,20.27744877087415,19.9012078681569,239900
2026-05-06,20.020021438598636,20.29725288962856,19.901209308503493,514700
2026-05-07,20.356658935546875,20.396264237864543,20.07942937326222,403600
2026-05-08,20.851713180541992,20.851713180541992,20.19824082221195,674300
2026-05-11,20.37646102905273,20.871515963566637,20.37646102905273,248300
2026-05-12,20.11903190612793,20.79230690816905,20.05962584373744,522100
2026-05-13,20.891319274902344,20.891319274902344,19.901209374560857,783400
2026-05-14,21.16854858398437,21.16854858398437,20.39626407962884,766400
2026-05-15,20.09922981262207,20.75270218247386,20.09922981262207,729700
2026-05-18,19.34674835205078,20.31705560079328,19.34674835205078,1179600
2026-05-19,19.01011085510254,19.604175284930623,18.87149418478919,2548900
2026-05-20,18.633867263793945,19.010110068160547,18.41604377443965,1999300
2026-05-21,18.61406517028809,18.81208790361477,18.317032958782804,2118400
2026-05-22,17.66356086730957,18.633868121579177,17.66356086730957,3628800
2026-05-25,17.643756866455078,18.119009131565235,17.36652732271647,2378300
2026-05-26,17.465538024902344,17.762572127877853,17.366528545728606,1585500
2026-05-28,17.16850471496582,17.683362283151457,16.95068123080327,6128200
2026-05-29,17.56454849243164,17.881383341914226,17.168504930578408,28813900
2026-06-03,18.41604423522949,18.65367038096658,17.643757845220396,2713700
2026-06-04,18.594263076782227,18.71307519748597,18.03980021854937,3635400
2026-06-05,19.049713134765625,19.18832790834002,18.614064275480107,1473100
2026-06-08,18.41604423522949,18.871493875771066,18.218021502872883,1733500
2026-06-09,18.41604423522949,18.594264316653494,18.23782415380549,1592200
2026-06-10,18.455646514892575,18.57446052470483,18.198217734036547,1204100
2026-06-11,17.54474639892578,18.455647564334125,17.54474639892578,2444600
2026-06-12,18.020000457763672,18.198218648712697,17.703163711834407,1267300
2026-06-15,18.1200008392334,18.26000022888184,17.8799991607666,867100
2026-06-16,18.280000686645508,18.34000015258789,17.8799991607666,979300
2026-06-18,18.63999938964844,18.739999771118164,18.299999237060547,1310000
2026-06-19,18.739999771118164,18.780000686645508,18.5,1268800
2026-06-22,18.76000022888184,18.959999084472656,18.540000915527344,498000
2026-06-23,18.71999931335449,18.81999969482422,18.65999984741211,855300
2026-06-24,18.63999938964844,18.76000022888184,18.479999542236328,588900
2026-06-25,18.399999618530277,18.76000022888184,18.399999618530277,1103100
2026-06-26,18.600000381469727,18.68000030517578,18.3799991607666,643500
2026-06-29,18.81999969482422,18.8799991607666,18.420000076293945,436500
2026-06-30,18.899999618530277,18.959999084472656,18.700000762939453,942900
2026-07-01,19.0,19.059999465942383,18.8799991607666,349800
2026-07-02,19.100000381469727,19.15999984741211,19.0,604400
2026-07-03,19.26000022888184,19.36000061035156,19.07999992370605,249400
2026-07-06,19.540000915527344,19.600000381469727,19.26000022888184,322900
2026-07-07,19.600000381469727,19.63999938964844,19.440000534057617,474300
2026-07-08,19.63999938964844,19.65999984741211,19.5,330500
2026-07-09,19.540000915527344,19.68000030517578,19.420000076293945,349100
2026-07-10,19.559999465942383,19.65999984741211,19.420000076293945,170600
2026-07-13,19.21999931335449,19.540000915527344,19.020000457763672,405900
2026-07-14,19.31999969482422,19.540000915527344,19.280000686645508,307700
2026-07-15,19.31999969482422,19.5,19.299999237060547,290700
2026-07-16,19.420000076293945,19.739999771118164,19.299999237060547,356800
2026-07-17,19.459999084472656,19.63999938964844,19.299999237060547,446500
2026-07-20,19.65999984741211,19.780000686645508,19.479999542236328,289000
2026-07-21,19.5,19.65999984741211,19.31999969482422,345500
2026-07-22,19.34000015258789,19.5,19.280000686645508,268900
2026-07-23,19.34000015258789,19.520000457763672,19.26000022888184,323800
2026-07-24,19.31999969482422,19.34000015258789,19.15999984741211,649600
2026-07-27,19.21999931335449,19.3799991607666,19.200000762939453,290400
2026-07-28,19.200000762939453,19.280000686645508,19.020000457763672,329200
2026-07-29,19.1200008392334,19.239999771118164,18.920000076293945,331100
2026-07-30,19.200000762939453,19.26000022888184,19.020000457763672,212000
2026-07-31,19.520000457763672,19.63999938964844,19.200000762939453,1252900
2026-08-03,19.440000534057617,19.63999938964844,19.059999465942383,181100
2026-08-04,19.700000762939453,19.780000686645508,19.299999237060547,283500
2026-08-05,19.540000915527344,19.76000022888184,19.520000457763672,388600
2026-08-06,19.559999465942383,19.63999938964844,19.399999618530277,207700
2026-08-07,19.239999771118164,19.5,19.200000762939453,368900
2026-08-10,19.34000015258789,19.440000534057617,19.21999931335449,136300
2026-08-11,19.0,19.26000022888184,18.920000076293945,419100
2026-08-12,19.18000030517578,19.34000015258789,19.020000457763672,501500
2026-08-13,19.26000022888184,19.3799991607666,19.200000762939453,225100
2026-08-14,19.36000061035156,19.540000915527344,19.26000022888184,222900
2026-08-17,19.459999084472656,19.5,19.36000061035156,135000
2026-08-18,19.36000061035156,19.479999542236328,19.299999237060547,171100
2026-08-19,19.5,19.71999931335449,19.36000061035156,482800
2026-08-20,19.6200008392334,19.76000022888184,19.520000457763672,231500
2026-08-21,19.6200008392334,19.71999931335449,19.5,110300
2026-08-24,20.0,20.100000381469727,19.200000762939453,320600
2026-08-26,20.520000457763672,20.57999992370605,19.799999237060547,903400
2026-08-27,20.65999984741211,20.899999618530277,20.34000015258789,513000
2026-08-28,20.299999237060547,20.780000686645508,20.299999237060547,628400
2026-09-01,20.13999938964844,20.5,19.780000686645508,534000
2026-09-02,20.299999237060547,20.36000061035156,19.979999542236328,476500
2026-09-03,20.3799991607666,20.5,20.1200008392334,403400
