Date,Close,High,Low,Open,Volume
2015-01-02,0.5435725450515747,0.5459566329177209,0.5411884571854285,0.5411884571854285,80000
2015-01-05,0.5388041734695435,0.5483405214677645,0.5364200864699883,0.5483405214677645,257600
2015-01-06,0.524499773979187,0.5364202117612099,0.524499773979187,0.5364202117612099,449200
2015-01-07,0.5173475742340088,0.5221157499267624,0.5173475742340088,0.5197316620803856,1172800
2015-01-08,0.5435725450515747,0.567413480554175,0.5292680178546977,0.5292680178546977,2046000
2015-01-09,0.5459566116333008,0.5626452260457092,0.5459566116333008,0.548340699406502,296000
2015-01-12,0.5483405590057373,0.5554928204940283,0.5459564718429737,0.5531087333312646,976400
2015-01-13,0.5507246851921082,0.5531087725238051,0.5459565105287144,0.5507246851921082,1138000
2015-01-14,0.5650293827056885,0.5793339679300062,0.5507248543225138,0.5507248543225138,2277200
2015-01-15,0.6079428791999817,0.6174792291731376,0.5721815668006471,0.5721815668006471,3050800
2015-01-16,0.6055588126182556,0.6079429001938734,0.596022462315784,0.6079429001938734,887200
2015-01-19,0.6007904410362244,0.6031745278323557,0.5960222674439617,0.5960222674439617,466400
2015-01-20,0.6150951981544495,0.617479285866632,0.5960224964569889,0.5960224964569889,347600
2015-01-21,0.6341679692268372,0.6365520569861391,0.615095210311285,0.615095210311285,1542800
2015-01-22,0.6270156502723694,0.6341679129151823,0.6270156502723694,0.631783825367578,922400
2015-01-23,0.6341679692268372,0.6437043202640453,0.6317838814675351,0.6317838814675351,1260000
2015-01-26,0.6293995380401611,0.6293995380401611,0.6150949604538684,0.6270154512492978,857600
2015-01-27,0.6961542367935181,0.7009224118257096,0.6437042545982816,0.6437042545982816,7131600
2015-01-28,0.7009223699569702,0.7271473310675075,0.6913860204622293,0.6961541952095998,6914000
2015-01-29,0.6580087542533875,0.7056905595728472,0.6532405794055542,0.7033064721489306,4691200
2015-01-30,0.6675450801849365,0.674697342202071,0.6627769055068469,0.6627769055068469,654000
2015-02-04,0.6699292063713074,0.679465556280473,0.6675451188940159,0.6723132938485987,700000
2015-02-05,0.6913859844207764,0.6937700716701808,0.6675450550856081,0.6675450550856081,654800
2015-02-06,0.6866178512573242,0.6913860260431839,0.672313270058618,0.6913860260431839,632000
2015-02-09,0.6866178512573242,0.7056905504007631,0.6842337070232672,0.7033064630078332,730800
2015-02-10,0.6961542367935181,0.6985383243096138,0.6866178867291352,0.6866178867291352,427600
2015-02-11,0.7009223699569702,0.7009223699569702,0.686617845714859,0.686617845714859,242800
2015-02-12,0.7080746293067932,0.7104587166711477,0.7033064545780843,0.7033064545780843,472400
2015-02-13,0.7104587554931641,0.7128428429877937,0.7080746679985345,0.7128428429877937,455200
2015-02-16,0.7390678524971008,0.7486042599240855,0.7199951513253975,0.7199951513253975,4712400
2015-02-17,0.750988245010376,0.750988245010376,0.7247632276396213,0.7390677515648737,1060800
2015-02-18,0.7486042976379395,0.7509883854045101,0.7462202098713688,0.7509883854045101,71200
2015-02-23,0.746220052242279,0.7629086630830256,0.7438359081381912,0.7533723140311704,534000
2015-02-24,0.746220052242279,0.746220052242279,0.7199950355085534,0.746220052242279,1220400
2015-02-25,0.7366836071014404,0.7509881867582505,0.7366836071014404,0.7462200124863542,456000
2015-02-26,0.7748290300369263,0.7772131170864721,0.7462199854423769,0.7462199854423769,2387600
2015-02-27,0.8129745125770569,0.8129745125770569,0.774829061399215,0.7819813228373501,1900800
2015-03-02,0.7772131562232971,0.8153586077779754,0.7772131562232971,0.8129745206083782,1451200
2015-03-03,0.7700611352920532,0.7772133990353093,0.7581406957199597,0.7772133990353093,1659600
2015-03-04,0.7605246305465698,0.7795973300227305,0.7605246305465698,0.7700609802846502,2346000
2015-03-05,0.7700611352920532,0.7748293111208906,0.7605247836343784,0.7605247836343784,865200
2015-03-06,0.7724450826644897,0.7795973451064325,0.7724450826644897,0.7748291701451373,1647200
2015-03-09,0.7772131562232971,0.8010540279192699,0.7724449818841026,0.7724449818841026,2187200
2015-03-10,0.7748290300369263,0.7915176393837468,0.7724449429873805,0.7819812911855637,1053600
2015-03-11,0.781981348991394,0.781981348991394,0.7700609128624795,0.7748290873140453,644800
2015-03-12,0.7891337275505066,0.7891337275505066,0.76290876418261,0.7795973772349079,1542400
2015-03-13,0.786749541759491,0.7891336290407784,0.786749541759491,0.7891336290407784,259600
2015-03-16,0.793901801109314,0.793901801109314,0.7843654520141223,0.7915177138355161,554000
2015-03-17,0.7795974016189575,0.7986701028467061,0.7795974016189575,0.7986701028467061,22000
2015-03-18,0.7843655943870544,0.7843655943870544,0.7795974189739705,0.7795974189739705,590800
2015-03-19,0.8105906844139099,0.8344315634914969,0.798670188033977,0.798670188033977,3041600
2015-03-20,0.8320473432540894,0.8368155183112714,0.8034382360698669,0.8201269056111343,2367600
2015-03-23,0.8105906844139099,0.8368156513992556,0.8105906844139099,0.8368156513992556,1106800
2015-03-24,0.7986701130867004,0.8105906083480129,0.7891337623505577,0.8105906083480129,1469600
2015-03-25,0.7986701130867004,0.8010542007707361,0.7962860254026647,0.7986701130867004,1016400
2015-03-26,0.7748290300369263,0.8058222185221404,0.7509881595414685,0.7939017264332926,3273600
2015-03-27,0.7748290300369263,0.7867494652846553,0.7629085947891974,0.7748290300369263,986000
2015-03-30,0.786749541759491,0.7915177163220659,0.767676843509191,0.7748291053530535,606000
2015-03-31,0.781981348991394,0.7867495234429598,0.7748290873140453,0.7867495234429598,1226400
2015-04-01,0.7700611352920532,0.779597486949728,0.7652929594632157,0.7772133990353093,3205600
2015-04-02,0.7891337275505066,0.7891337275505066,0.7700610269193091,0.7700610269193091,682400
2015-04-03,0.8082065582275391,0.8129747338172242,0.7915178868225045,0.7915178868225045,434000
2015-04-06,0.8248950242996216,0.8248950242996216,0.8082064127398905,0.8082064127398905,1006000
2015-04-07,0.8344314098358154,0.8344314098358154,0.8272791474295867,0.8272791474295867,645600
2015-04-08,0.8558884263038635,0.8582725144111835,0.8296634571233445,0.8344316333379844,1893200
2015-04-09,0.8463518619537354,0.8558882119951766,0.8463518619537354,0.8558882119951766,48000
2015-04-10,0.8201268315315247,0.8439677046639599,0.8082063949653071,0.8415836173507164,348800
2015-04-13,0.836815595626831,0.8415837711245572,0.8225110691336527,0.8225110691336527,276400
2015-04-14,0.8558884263038635,0.8582725144111835,0.8344316333379844,0.8344316333379844,652400
2015-04-15,0.8558884263038635,0.8558884263038635,0.8487361619819038,0.8558884263038635,345200
2015-04-16,0.8511200547218323,0.8558882298419779,0.8511200547218323,0.8535041422819051,895600
2015-04-17,0.8701927661895752,0.8821132033618033,0.8535040973073277,0.8535040973073277,1067200
2015-04-20,0.8916496634483337,0.8916496634483337,0.8701928738828745,0.8701928738828745,1215600
2015-04-21,0.9035700559616089,0.9178745816082257,0.894033705530531,0.894033705530531,1784800
2015-04-22,0.9154903888702393,0.9178744762042325,0.9011858648662806,0.9059540395342669,2193600
2015-04-23,0.894033670425415,0.9154904580528181,0.894033670425415,0.9154904580528181,478000
2015-04-24,0.894033670425415,0.8964177579395709,0.8916495829112591,0.894033670425415,1442000
2015-04-27,0.8964178562164307,0.9059542073185518,0.8844974173387793,0.898801943991961,2650000
2015-04-28,0.8630405068397522,0.910722315673365,0.8630405068397522,0.9011859652748689,1826800
2015-04-29,0.8391995429992676,0.8535040670996682,0.8368154556492008,0.8535040670996682,1778800
2015-04-30,0.8582722544670105,0.8821131851606717,0.8391995553849831,0.8654245734638977,1067200
2015-05-05,0.8701927661895752,0.8701927661895752,0.8439677475695452,0.8439677475695452,126000
2015-05-06,0.8463518619537354,0.8654246188777478,0.843967774443375,0.8654246188777478,174400
2015-05-07,0.8654245734214783,0.8773450103471612,0.8463518174992588,0.8463518174992588,1478800
2015-05-08,0.8701927661895752,0.8701927661895752,0.8701927661895752,0.8701927661895752,4000
2015-05-11,0.8678086996078491,0.8701927870995825,0.8582722927997867,0.8582722927997867,1336800
2015-05-12,0.8701927661895752,0.8725768536240208,0.8678086787551296,0.8678086787551296,1839600
2015-05-13,0.8725768327713013,0.8749609201487722,0.8678086580163592,0.8678086580163592,1696000
2015-05-14,0.8630405068397522,0.8678087388801323,0.8630405068397522,0.8678087388801323,178800
2015-05-15,0.8582722544670105,0.872576835619658,0.8558881670817571,0.8582722544670105,1018000
2015-05-18,0.8582722544670105,0.8582722544670105,0.8511199923112502,0.8535040796965037,745600
2015-05-19,0.8749609589576721,0.8797291339241067,0.8582722897340221,0.8582722897340221,1266400
2015-05-20,0.8964178562164307,0.9035701195430216,0.8773451540121884,0.8773451540121884,2336800
2015-05-21,0.8654245734214783,0.8916495346579806,0.8558881670398051,0.8844972725025708,1022000
2015-05-22,0.8654245734214783,0.8821131851174343,0.8654245734214783,0.8797290977322977,1381600
2015-05-25,0.8391995429992676,0.8678086480411948,0.8391995429992676,0.8678086480411948,2197200
2015-05-26,0.8272790908813477,0.8391995274102468,0.8272790908813477,0.8391995274102468,2936800
2015-05-27,0.8296632170677185,0.8296632170677185,0.8153586925626852,0.8225109548152019,1916400
2015-05-28,0.8201268315315247,0.8296631807844987,0.8201268315315247,0.8296631807844987,2993600
2015-05-29,0.8129745125770569,0.8248949483072822,0.8129745125770569,0.8201267740151921,4263600
2015-06-01,0.8082065582275391,0.8129747338172242,0.7962860624121896,0.8129747338172242,2385600
2015-06-02,0.8391995429992676,0.843967717699401,0.8082064074483996,0.8082064074483996,2088000
2015-06-03,0.8391995429992676,0.843967717699401,0.834431368299134,0.8391995429992676,1488400
2015-06-04,0.8225110769271851,0.8415837790988089,0.8225110769271851,0.839199691327356,190400
2015-06-05,0.8225110769271851,0.824895164698638,0.820126989155732,0.8225110769271851,169200
2015-06-08,0.8248950242996216,0.8248950242996216,0.817742762202594,0.8201268495682699,143200
2015-06-09,0.8296632170677185,0.8344313919027295,0.8201268673976962,0.8248950422327074,630000
2015-06-10,0.8296632170677185,0.8344313919027295,0.8248950422327074,0.8296632170677185,122000
2015-06-11,0.8344314098358154,0.8344314098358154,0.822510972492101,0.8248950599608439,135600
2015-06-12,0.8344314098358154,0.8391995847733013,0.8320473223670726,0.8344314098358154,128800
2015-06-15,0.8058222532272339,0.8344312990539157,0.7986699349294422,0.8344312990539157,171200
2015-06-16,0.786749541759491,0.8082063841322028,0.786749541759491,0.8058222968509153,2313600
2015-06-17,0.7986701130867004,0.7986701130867004,0.7867496746665219,0.7867496746665219,267600
2015-06-18,0.7986701130867004,0.8010542007707361,0.7986701130867004,0.8010542007707361,45200
2015-06-19,0.7986701130867004,0.8248951344522271,0.7986701130867004,0.8105906083480129,448400
2015-06-22,0.8082065582275391,0.8129747338172242,0.8010542380018747,0.8105906460223816,124000
2015-06-23,0.8082065582275391,0.8105906460223816,0.8058224704326965,0.8082065582275391,34000
2015-06-24,0.8177427053451538,0.8272790541447974,0.8105904437454211,0.8105904437454211,391600
2015-06-25,0.8129745125770569,0.8225108611612371,0.8105904254310119,0.8225108611612371,268400
2015-06-26,0.8153728246688843,0.817770977681232,0.8153728246688843,0.817770977681232,30000
2015-06-29,0.8033820390701294,0.8153728618552051,0.8009838859484103,0.8153728618552051,1197600
2015-06-30,0.810576319694519,0.810576319694519,0.803381805246836,0.803381805246836,147600
2015-07-01,0.8249654173851013,0.8249654173851013,0.8057801365594519,0.8057801365594519,103600
2015-07-02,0.8249654173851013,0.8249654173851013,0.815372805560515,0.815372805560515,200800
2015-07-03,0.8273636102676392,0.8297617633395143,0.8249654571957641,0.8249654571957641,774800
2015-07-06,0.8153728246688843,0.8249654367182748,0.8153728246688843,0.8249654367182748,20000
2015-07-07,0.8153728246688843,0.8153728246688843,0.8153728246688843,0.8153728246688843,184000
2015-07-08,0.7913912534713745,0.8153728412592822,0.7913912534713745,0.8153728412592822,437600
2015-07-09,0.8033820390701294,0.810576555611767,0.7746042016095007,0.7889931203398151,446000
2015-07-10,0.8153728246688843,0.8153728246688843,0.8033820024306683,0.8033820024306683,219600
2015-07-13,0.8177708387374878,0.8177708387374878,0.8153726861325995,0.8153726861325995,58800
2015-07-14,0.8177708387374878,0.8273634491570413,0.8177708387374878,0.8201689913423762,1268000
2015-07-15,0.8177708387374878,0.8225671439472646,0.8153726861325995,0.8177708387374878,3918800
2015-07-16,0.8273636102676392,0.8297617633395143,0.8201691510520137,0.8201691510520137,1072000
2015-07-20,0.8273636102676392,0.8273636102676392,0.8153728449082634,0.8273636102676392,312800
2015-07-21,0.8273636102676392,0.8297617633395143,0.8249654571957641,0.8249654571957641,900000
2015-07-22,0.8273636102676392,0.8273636102676392,0.8081783285161587,0.8249654571957641,750000
2015-07-23,0.8153728246688843,0.8273635897306224,0.8153728246688843,0.8153728246688843,764400
2015-07-24,0.8489469289779663,0.8513450818833542,0.8249653999240875,0.8249653999240875,2670400
2015-07-27,0.8393543362617493,0.8465487951399585,0.829761724424137,0.8465487951399585,292800
2015-07-28,0.8153728246688843,0.8225672837059272,0.8153728246688843,0.8225672837059272,84400
2015-07-29,0.8249654173851013,0.8273635703412479,0.815372805560515,0.815372805560515,260000
2015-07-30,0.8321598172187805,0.8321598172187805,0.8153727477166561,0.8201690532886917,261200
2015-07-31,0.8225671648979187,0.8225671648979187,0.8225671648979187,0.8225671648979187,134000
2015-08-03,0.82016921043396,0.8225673636794664,0.82016921043396,0.82016921043396,371600
2015-08-04,0.8225671648979187,0.8249653175638876,0.8201690122319497,0.8225671648979187,214000
2015-08-05,0.8225671648979187,0.8249653175638876,0.8225671648979187,0.8225671648979187,239200
2015-08-06,0.8153728246688843,0.8225672837059272,0.8129746716565367,0.8225672837059272,387600
2015-08-07,0.8057801127433777,0.81777093434618,0.8033819598581122,0.8153727814609145,1400800
2015-08-10,0.7626133561134338,0.8105764706999251,0.7626133561134338,0.8105764706999251,3566400
2015-08-11,0.7386317849159241,0.7722059829468642,0.736233631997748,0.7626133712741601,2511600
2015-08-12,0.6786779165267944,0.7386317976949276,0.6714834576477957,0.7386317976949276,882000
2015-08-13,0.7458263039588928,0.7602152798075492,0.6786779596455906,0.6786779596455906,1278000
2015-08-14,0.7338355779647827,0.7410300376887727,0.7146503520341426,0.7314374247234526,741200
2015-08-17,0.7122520804405212,0.729039150340386,0.7074557747548456,0.7194465389690348,275600
2015-08-18,0.7170482873916626,0.7194464399042849,0.705057524828551,0.7098538298537956,430800
2015-08-19,0.743428111076355,0.7674096980902073,0.7410299580926174,0.743428111076355,89200
2015-08-20,0.7338355779647827,0.7386318844474427,0.7218448117581326,0.7266411182407927,365200
2015-08-21,0.7146502137184143,0.717048366495598,0.7074557553868632,0.7146502137184143,6415200
2015-08-24,0.6930668354034424,0.7050575992319161,0.6618907922729389,0.7050575992319161,3660000
2015-08-25,0.6666870713233948,0.6834741400164724,0.6475018499598775,0.6475018499598775,374800
2015-08-26,0.6666870713233948,0.671483376664274,0.6570944606416361,0.671483376664274,666000
2015-08-27,0.6714834570884705,0.6834742218768138,0.6642889982154644,0.6666871511731332,1399200
2015-08-28,0.6762797832489014,0.6834742423372805,0.6762797832489014,0.6834742423372805,192000
2015-09-01,0.6954649686813354,0.697863121379831,0.69306681598284,0.6954649686813354,2251200
2015-09-02,0.6954649686813354,0.7002612740783264,0.6954649686813354,0.6954649686813354,835200
2015-09-03,0.6954649686813354,0.6954649686813354,0.69306681598284,0.6954649686813354,728400
2015-09-04,0.6786779165267944,0.6978631973806012,0.6786779165267944,0.6954650444209349,249200
2015-09-07,0.6642889976501465,0.6786779153839133,0.657094538783263,0.6786779153839133,1011600
2015-09-08,0.6714834570884705,0.6954650438416338,0.6570945393424584,0.6642889982154644,204800
2015-09-09,0.6666870713233948,0.6762796820051534,0.6666870713233948,0.6738815293347138,490000
2015-09-10,0.6666870713233948,0.6666870713233948,0.6666870713233948,0.6666870713233948,24000
2015-09-11,0.6666870713233948,0.6882704453573518,0.6666870713233948,0.671483376664274,66400
2015-09-14,0.6666870713233948,0.6666870713233948,0.6666870713233948,0.6666870713233948,2000
2015-09-15,0.6834741830825806,0.7002613100098947,0.6738815717963859,0.6738815717963859,466400
2015-09-17,0.6978631019592285,0.6978631019592285,0.676279671096937,0.6882704342557274,848800
2015-09-18,0.6834741830825806,0.6906686987237,0.6810760302610318,0.6834741830825806,465600
2015-09-21,0.6714834570884705,0.6882705277921511,0.6690853041308018,0.6882705277921511,951200
2015-09-22,0.6810759902000427,0.6858722955610207,0.6714833794780868,0.6714833794780868,649200
2015-09-23,0.6762797832489014,0.678677936278361,0.6690853241605222,0.6762797832489014,656400
2015-09-25,0.6762797832489014,0.6762797832489014,0.6714834771899819,0.6738816302194416,153600
2015-09-28,0.6738816499710083,0.6738816499710083,0.6666871906717585,0.6690853437715084,188400
2015-09-29,0.6714834570884705,0.6714834570884705,0.6690853041308018,0.6714834570884705,170400
2015-09-30,0.6714834570884705,0.6762797630038078,0.6690853041308018,0.6762797630038078,226400
2015-10-01,0.6762797832489014,0.678677936278361,0.6762797832489014,0.6762797832489014,195600
2015-10-02,0.6810759902000427,0.6810759902000427,0.6714833794780868,0.6714833794780868,533600
2015-10-05,0.6906686425209045,0.6906686425209045,0.6810759748388348,0.6810759748388348,255600
2015-10-06,0.7290389537811279,0.7314371059773899,0.6834740048756928,0.6834740048756928,782400
2015-10-07,0.769807755947113,0.769807755947113,0.72903910308497,0.72903910308497,1488000
2015-10-08,0.7746042013168335,0.7794005075584595,0.7602152825919557,0.7698078950752075,1266800
2015-10-09,0.7626133561134338,0.7746041204659381,0.7626133561134338,0.7674096618544356,103200
2015-10-12,0.7626133561134338,0.7626133561134338,0.7626133561134338,0.7626133561134338,10000
2015-10-13,0.743428111076355,0.7458262640600924,0.743428111076355,0.743428111076355,21600
2015-10-15,0.7386317849159241,0.7386317849159241,0.733835479079572,0.733835479079572,36800
2015-10-16,0.7386317849159241,0.7386317849159241,0.7386317849159241,0.7386317849159241,0
2015-10-19,0.741029679775238,0.741029679775238,0.7386315276922032,0.7386315276922032,16800
2015-10-20,0.7386317849159241,0.7458262436704522,0.7386317849159241,0.7458262436704522,97200
2015-10-21,0.7386317849159241,0.7386317849159241,0.7386317849159241,0.7386317849159241,0
2015-10-22,0.7338355779647827,0.7338355779647827,0.7338355779647827,0.7338355779647827,8000
2015-10-23,0.7242428660392761,0.7338354776938665,0.719446560211981,0.7338354776938665,443600
2015-10-26,0.7242428660392761,0.7338354776938665,0.7242428660392761,0.7290391718665713,378400
2015-10-27,0.7194466590881348,0.7194466590881348,0.7170485058449003,0.7194466590881348,123600
2015-10-28,0.7170482873916626,0.7194464399042849,0.7170482873916626,0.7194464399042849,220400
2015-10-29,0.7218446731567383,0.7362335898419025,0.7194465203758776,0.7194465203758776,34800
2015-10-30,0.7218446731567383,0.7218446731567383,0.7218446731567383,0.7218446731567383,37200
2015-11-02,0.7170482873916626,0.7170482873916626,0.7170482873916626,0.7170482873916626,26400
2015-11-03,0.7194466590881348,0.7218448123313692,0.7194466590881348,0.7194466590881348,75200
2015-11-04,0.7194466590881348,0.7386318850340103,0.7194466590881348,0.731437425304307,81200
2015-11-05,0.7338355779647827,0.7338355779647827,0.7194466585168027,0.7194466585168027,52800
2015-11-06,0.750622570514679,0.755418876119922,0.736233596522477,0.736233596522477,170800
2015-11-09,0.7362337112426758,0.7482244771241887,0.7362337112426758,0.7482244771241887,234000
2015-11-11,0.7314373850822449,0.7314373850822449,0.724242925748168,0.7314373850822449,224800
2015-11-12,0.7242428660392761,0.7314373247802188,0.7242428660392761,0.7290391718665713,36400
2015-11-13,0.7314373850822449,0.7314373850822449,0.724242925748168,0.724242925748168,62400
2015-11-16,0.7194466590881348,0.731437425304307,0.709854046115197,0.709854046115197,319200
2015-11-17,0.743428111076355,0.7506226272040447,0.7194465812389799,0.7194465812389799,337200
2015-11-18,0.7314373850822449,0.7434281506390397,0.7290392319708859,0.7410299975276807,109600
2015-11-19,0.741029679775238,0.741029679775238,0.7314370714430987,0.7314370714430987,63600
2015-11-20,0.7314373850822449,0.7482244568617575,0.7314373850822449,0.7434281506390397,971600
2015-11-23,0.786594808101654,0.8081781818311298,0.7314372402831917,0.7314372402831917,3007200
2015-11-24,0.7913912534713745,0.8249654535038538,0.7865949473490887,0.7913912534713745,9949200
2015-11-25,0.7913912534713745,0.8033820187770888,0.7889931004102316,0.8033820187770888,878800
2015-11-26,0.8033820390701294,0.8153728618552051,0.7937894265832531,0.7937894265832531,1638800
2015-11-27,0.8153728246688843,0.8153728246688843,0.8009838494183207,0.8009838494183207,451200
2015-11-30,0.8057801127433777,0.8081782656286431,0.8033819598581122,0.8057801127433777,356000
2015-12-01,0.8057801127433777,0.8057801127433777,0.7985856540875812,0.7985856540875812,195200
2015-12-02,0.8033820390701294,0.8057801921918484,0.7913912734615342,0.7985857328266912,383600
2015-12-03,0.8033820390701294,0.8033820390701294,0.8033820390701294,0.8033820390701294,0
2015-12-04,0.8009836673736572,0.8033818198409615,0.8009836673736572,0.8033818198409615,186000
2015-12-07,0.7913912534713745,0.7961875595936603,0.781798641226803,0.7961875595936603,24000
2015-12-08,0.7985855937004089,0.8033818991082545,0.786594830180795,0.786594830180795,65600
2015-12-09,0.7913912534713745,0.7961875595936603,0.7913912534713745,0.7961875595936603,33200
2015-12-10,0.8057801127433777,0.8057801127433777,0.7913911954317847,0.7913911954317847,98800
2015-12-11,0.7913912534713745,0.8057801718382317,0.7913912534713745,0.8033820187770888,68400
2015-12-14,0.8033820390701294,0.8033820390701294,0.7913912734615342,0.7913912734615342,776000
2015-12-15,0.8033820390701294,0.8033820390701294,0.8033820390701294,0.8033820390701294,87600
2015-12-16,0.8033820390701294,0.8033820390701294,0.8033820390701294,0.8033820390701294,54400
2015-12-17,0.8033820390701294,0.8033820390701294,0.8033820390701294,0.8033820390701294,0
2015-12-18,0.8033820390701294,0.8033820390701294,0.786594967218096,0.7913912734615342,164000
2015-12-21,0.7985855937004089,0.7985855937004089,0.7985855937004089,0.7985855937004089,4000
2015-12-22,0.7985855937004089,0.8009837464043318,0.7961874409964862,0.7985855937004089,96800
2015-12-23,0.810576319694519,0.810576319694519,0.7961873479756169,0.7985855003993566,416000
2015-12-28,0.8129746317863464,0.8129746317863464,0.8105764788916099,0.8105764788916099,549200
2015-12-29,0.8195841312408447,0.8195841312408447,0.8051632528995543,0.8051632528995543,393200
2015-12-30,0.838811993598938,0.838811993598938,0.8171807594379632,0.8195842299002938,545200
2015-12-31,0.8267945647239685,0.8412153861625463,0.8267945647239685,0.8412153861625463,65200
2016-01-04,0.8291980624198914,0.8316015327392373,0.8267945921005454,0.8267945921005454,213200
2016-01-05,0.8291980624198914,0.8291980624198914,0.8267945921005454,0.8291980624198914,783600
2016-01-06,0.8291980624198914,0.8291980624198914,0.7955494206457954,0.8291980624198914,217600
2016-01-07,0.8171807527542114,0.8171807527542114,0.7931459910242314,0.8003564023522488,517600
2016-01-08,0.8123738765716553,0.8147773472057559,0.8123738765716553,0.8147773472057559,241600
2016-01-11,0.814777135848999,0.817180605859629,0.8051631985032339,0.8051631985032339,324000
2016-01-12,0.8027598857879639,0.814777295499089,0.7931460038616689,0.814777295499089,558400
2016-01-13,0.7979528903961182,0.8027598310313823,0.7979528903961182,0.8003563607137502,52000
2016-01-14,0.769111156463623,0.7883389167516588,0.7522868662115918,0.7883389167516588,1552800
2016-01-15,0.7907424569129944,0.7907424569129944,0.7907424569129944,0.7907424569129944,2800
2016-01-18,0.7931458353996277,0.7931458353996277,0.7570937858333797,0.7691111356887957,1089600
2016-01-19,0.7931458353996277,0.797952775341794,0.7931458353996277,0.7931458353996277,2912800
2016-01-20,0.8051632642745972,0.8075667344815595,0.793145913239786,0.793145913239786,3639200
2016-01-21,0.814777135848999,0.814777135848999,0.802759728492604,0.8051631985032339,1976400
2016-01-22,0.8171807527542114,0.8171807527542114,0.814777282311539,0.8171807527542114,1215600
2016-01-26,0.8171807527542114,0.8171807527542114,0.8171807527542114,0.8171807527542114,2800
2016-01-27,0.8123738765716553,0.8123738765716553,0.7883391129273889,0.7931460541955903,66400
2016-01-28,0.8099701404571533,0.8099701404571533,0.7691111501789504,0.7691111501789504,368400
2016-01-29,0.7835322022438049,0.7883391436996416,0.7835322022438049,0.7859356729717233,112800
2016-02-02,0.7931458353996277,0.8123736524715374,0.7859354254863781,0.8123736524715374,200400
2016-02-03,0.8027598857879639,0.8027598857879639,0.8027598857879639,0.8027598857879639,228400
2016-02-04,0.7835322022438049,0.7931460851554785,0.7835322022438049,0.7907426144275601,217600
2016-02-05,0.7931458353996277,0.7931458353996277,0.7835319555152949,0.7835319555152949,234400
2016-02-08,0.7931458353996277,0.7931458353996277,0.7931458353996277,0.7931458353996277,0
2016-02-09,0.7931458353996277,0.7931458353996277,0.7931458353996277,0.7931458353996277,0
2016-02-10,0.7931458353996277,0.7931458353996277,0.7931458353996277,0.7931458353996277,0
2016-02-11,0.7931458353996277,0.7931458353996277,0.7931458353996277,0.7931458353996277,30400
2016-02-12,0.7835322022438049,0.7883391436996416,0.7811287315158865,0.7811287315158865,163600
2016-02-15,0.7883391380310059,0.7883391380310059,0.7883391380310059,0.7883391380310059,8000
2016-02-16,0.769111156463623,0.7907423867876632,0.769111156463623,0.7883389167516588,392000
2016-02-17,0.769111156463623,0.7811285066436454,0.769111156463623,0.7811285066436454,384400
2016-02-18,0.769111156463623,0.7715146264996275,0.769111156463623,0.769111156463623,1005600
2016-02-19,0.814777135848999,0.814777135848999,0.771514618354414,0.771514618354414,109200
2016-02-22,0.7883391380310059,0.7931460794522778,0.7883391380310059,0.7931460794522778,18800
2016-02-23,0.7835322022438049,0.7835322022438049,0.7787252607879681,0.7787252607879681,21200
2016-02-24,0.7835322022438049,0.7835322022438049,0.7835322022438049,0.7835322022438049,23600
2016-02-25,0.776321530342102,0.7835319401136185,0.776321530342102,0.7835319401136185,26000
2016-02-26,0.7907424569129944,0.7955493974112967,0.7763216354180874,0.7763216354180874,1280800
2016-02-29,0.8051632642745972,0.8195841428196204,0.7979528536537105,0.802759794067635,3534000
2016-03-01,0.8003563284873962,0.8003563284873962,0.8003563284873962,0.8003563284873962,32800
2016-03-02,0.8123738765716553,0.8171808178398565,0.8003564660978921,0.8003564660978921,346000
2016-03-03,0.8412154912948608,0.8508293734554238,0.8171807858934537,0.8171807858934537,2313600
2016-03-04,0.8243910670280457,0.8412153581460571,0.8171806565488978,0.8412153581460571,2229600
2016-03-07,0.831601619720459,0.836408560861932,0.8243912080082494,0.8291981491497225,4772800
2016-03-08,0.8243910670280457,0.8316014775071934,0.8171806565488978,0.8316014775071934,2470800
2016-03-09,0.8171807527542114,0.8388119867382636,0.8171807527542114,0.8219876936395564,1517600
2016-03-10,0.8219877481460571,0.8243912187481052,0.817180806941961,0.817180806941961,2042400
2016-03-11,0.8267945647239685,0.8267945647239685,0.8219876242444426,0.8219876242444426,40800
2016-03-14,0.8291980624198914,0.8316015327392373,0.8195841811425075,0.8243911217811994,1321600
2016-03-15,0.8340049982070923,0.8388119388178217,0.8291980575963628,0.8291980575963628,173600
2016-03-16,0.838811993598938,0.8412154640612686,0.8364085231366075,0.8364085231366075,1315200
2016-03-17,0.846022367477417,0.8532327785447341,0.8388119564101,0.8388119564101,2102800
2016-03-18,0.8532326221466064,0.8532326221466064,0.8460222124009624,0.8460222124009624,799600
2016-03-21,0.8652501702308655,0.8652501702308655,0.848425876964485,0.848425876964485,298000
2016-03-22,0.8676535487174988,0.8676535487174988,0.853232727446496,0.853232727446496,318000
2016-03-23,0.8580396175384521,0.8628465576801496,0.8556361474676034,0.8604430876093009,209200
2016-03-24,0.8556362390518188,0.8580397093799265,0.8532327687237113,0.8556362390518188,1875200
2016-03-25,0.8556362390518188,0.8556362390518188,0.8556362390518188,0.8556362390518188,0
2016-03-28,0.8436189889907837,0.8508294008433063,0.8436189889907837,0.8508294008433063,163600
2016-03-29,0.8412154912948608,0.8436189618350016,0.8388120207547202,0.8412154912948608,502000
2016-03-30,0.8412154912948608,0.8412154912948608,0.8412154912948608,0.8412154912948608,414000
2016-03-31,0.846022367477417,0.846022367477417,0.8412154267658724,0.8412154267658724,422400
2016-04-01,0.8532326221466064,0.8556360920618211,0.8460222124009624,0.8460222124009624,1235600
2016-04-04,0.8532326221466064,0.8532326221466064,0.8532326221466064,0.8532326221466064,68400
2016-04-05,0.8532326221466064,0.8532326221466064,0.8532326221466064,0.8532326221466064,0
2016-04-06,0.8556362390518188,0.8556362390518188,0.8532327687237113,0.8532327687237113,66000
2016-04-07,0.8532326221466064,0.8532326221466064,0.8532326221466064,0.8532326221466064,4000
2016-04-08,0.8532326221466064,0.8532326221466064,0.8412152725705331,0.8412152725705331,37600
2016-04-11,0.8604432940483093,0.8604432940483093,0.8484259408108419,0.8532328821058288,461600
2016-04-12,0.8748639822006226,0.8772674523177981,0.862846574311497,0.8652500444286726,154000
2016-04-13,0.8844780325889587,0.8892849737467853,0.877267620852219,0.877267620852219,184400
2016-04-14,0.8940918445587158,0.898898785338339,0.8844779629994696,0.8868814333892812,619600
2016-04-15,0.9157229065895081,0.9157229065895081,0.8940916771318501,0.8940916771318501,475600
2016-04-18,0.9133196473121643,0.9229335292886203,0.9133196473121643,0.9181265883003923,1903600
2016-04-19,0.9133196473121643,0.9133196473121643,0.9133196473121643,0.9133196473121643,1147600
2016-04-20,0.9013022184371948,0.9157230401794095,0.9013022184371948,0.9157230401794095,842800
2016-04-21,0.9037057161331177,0.9109161272228861,0.9013022457698615,0.9109161272228861,743600
2016-04-22,0.8916882872581482,0.8964952275692502,0.8916882872581482,0.8964952275692502,58800
2016-04-25,0.8916882872581482,0.9013021678803521,0.8916882872581482,0.8916882872581482,273200
2016-04-26,0.8892849087715149,0.8892849087715149,0.8844779679649057,0.8892849087715149,760000
2016-04-27,0.8604432940483093,0.877267645884024,0.8532328821058288,0.877267645884024,1122000
2016-04-28,0.846022367477417,0.8556362489005065,0.8436188971216446,0.8556362489005065,1038400
2016-04-29,0.8556362390518188,0.8628466500361415,0.8484258280674963,0.8484258280674963,318400
2016-05-03,0.8532326221466064,0.8532326221466064,0.8484256823161771,0.8532326221466064,332000
2016-05-04,0.8652501702308655,0.8676536406974913,0.8532328178977366,0.8532328178977366,258000
2016-05-05,0.8652501702308655,0.8700571111641171,0.8652501702308655,0.8652501702308655,2146400
2016-05-06,0.8940918445587158,0.8940918445587158,0.8652501425777229,0.8652501425777229,110000
2016-05-09,0.8916882872581482,0.8916882872581482,0.8796709364803932,0.8796709364803932,80000
2016-05-10,0.8916882872581482,0.8940917574136992,0.8916882872581482,0.8916882872581482,104000
2016-05-11,0.9085127115249634,0.9085127115249634,0.8916884179698503,0.8916884179698503,27200
2016-05-12,0.9085127115249634,0.9085127115249634,0.9085127115249634,0.9085127115249634,0
2016-05-13,0.9085127115249634,0.9085127115249634,0.889284947461977,0.8940918884777236,177600
2016-05-16,0.906109094619751,0.9085125647393029,0.9013021543806474,0.9085125647393029,172000
2016-05-17,0.8772674202919006,0.8772674202919006,0.8772674202919006,0.8772674202919006,9200
2016-05-18,0.8508292436599731,0.8772674728715819,0.8508292436599731,0.8772674728715819,349200
2016-05-19,0.8436189889907837,0.8652502245483515,0.8436189889907837,0.8556363420783214,24400
2016-05-20,0.8556362390518188,0.8556362390518188,0.8436188874112812,0.8532327687237113,32000
2016-05-23,0.8748639822006226,0.8748639822006226,0.8556361639599703,0.8556361639599703,53200
2016-05-24,0.8772674202919006,0.8772674202919006,0.8772674202919006,0.8772674202919006,32000
2016-05-25,0.8748639822006226,0.8868813327865004,0.8748639822006226,0.8748639822006226,64800
2016-05-26,0.8772674202919006,0.8772674202919006,0.8748639502624671,0.8748639502624671,12800
2016-05-27,0.8916882872581482,0.8916882872581482,0.8796709364803932,0.8796709364803932,137200
2016-05-30,0.9085127115249634,0.9109161820328368,0.8916884179698503,0.8916884179698503,280800
2016-05-31,0.8772674202919006,0.8772674202919006,0.8772674202919006,0.8772674202919006,400
2016-06-01,0.8820742964744568,0.8820742964744568,0.8820742964744568,0.8820742964744568,10400
2016-06-02,0.8820742964744568,0.889284706040608,0.879670826619073,0.879670826619073,172000
2016-06-03,0.8820742964744568,0.8844777663298405,0.8820742964744568,0.8844777663298405,67600
2016-06-06,0.8820742964744568,0.8820742964744568,0.8820742964744568,0.8820742964744568,4000
2016-06-07,0.8916882872581482,0.8916882872581482,0.8820744066359442,0.8820744066359442,267600
2016-06-08,0.8940918445587158,0.8940918445587158,0.8916883741689043,0.8916883741689043,93200
2016-06-09,0.8892849087715149,0.8964953199814287,0.8892849087715149,0.8940918495781242,972400
2016-06-10,0.8964952230453491,0.8964952230453491,0.8892848126150813,0.8916882827585039,195200
2016-06-13,0.8964952230453491,0.8964952230453491,0.8964952230453491,0.8964952230453491,0
2016-06-14,0.8772674202919006,0.8964951805273683,0.8772674202919006,0.889284770439068,406000
2016-06-15,0.8772674202919006,0.8772674202919006,0.8772674202919006,0.8772674202919006,314800
2016-06-16,0.8700571656227112,0.8772676347771621,0.8700571656227112,0.8772676347771621,226000
2016-06-17,0.8700571656227112,0.8700571656227112,0.8700571656227112,0.8700571656227112,0
2016-06-20,0.8772674202919006,0.884477830380201,0.8700569529003546,0.8700569529003546,16646800
2016-06-21,0.8652501702308655,0.8652501702308655,0.8652501702308655,0.8652501702308655,41600
2016-06-23,0.8628466129302979,0.8652500831550466,0.8604431427055491,0.8652500831550466,58400
2016-06-24,0.8604432940483093,0.8628467646958028,0.8604432940483093,0.8628467646958028,82800
2016-06-27,0.8652501702308655,0.8652501702308655,0.8532328178977366,0.8532328178977366,1850800
2016-06-28,0.869476854801178,0.874307277293604,0.867061643554965,0.874307277293604,1966400
2016-06-29,0.869476854801178,0.871892066047391,0.869476854801178,0.869476854801178,554000
2016-06-30,0.9105352759361267,0.9105352759361267,0.8694766374319884,0.8694766374319884,127200
2016-07-01,0.9105352759361267,0.9105352759361267,0.9105352759361267,0.9105352759361267,0
2016-07-04,0.9057049751281738,0.9105353970555371,0.9057049751281738,0.9057049751281738,245600
2016-07-05,0.9057049751281738,0.9057049751281738,0.9057049751281738,0.9057049751281738,0
2016-07-06,0.9057049751281738,0.9057049751281738,0.9057049751281738,0.9057049751281738,0
2016-07-07,0.9057049751281738,0.9057049751281738,0.9057049751281738,0.9057049751281738,0
2016-07-08,0.9057049751281738,0.9057049751281738,0.8936289203097658,0.8936289203097658,15600
2016-07-11,0.8936288952827454,0.8984593170748275,0.8936288952827454,0.8960441061787864,1056400
2016-07-12,0.8936288952827454,0.8936288952827454,0.8887984734906632,0.8887984734906632,2008800
2016-07-13,0.8936288952827454,0.8936288952827454,0.8936288952827454,0.8936288952827454,1384800
2016-07-14,0.8936288952827454,0.8936288952827454,0.8887984734906632,0.8936288952827454,87600
2016-07-15,0.9177811741828918,0.9250268082126433,0.8936290607503871,0.8936290607503871,1052400
2016-07-18,0.9274418354034424,0.9274418354034424,0.9177809919486933,0.9177809919486933,61600
2016-07-19,0.9226114153862,0.9250266262543639,0.920196204518036,0.9226114153862,78000
2016-07-20,0.9226114153862,0.927441837122528,0.9226114153862,0.9226114153862,19600
2016-07-21,0.9177811741828918,0.9201963855261424,0.9081203288098899,0.9201963855261424,44000
2016-07-22,0.9177811741828918,0.9177811741828918,0.9153659628396413,0.9153659628396413,39200
2016-07-25,0.9177811741828918,0.9201963855261424,0.9177811741828918,0.9177811741828918,201600
2016-07-26,0.9177811741828918,0.9177811741828918,0.9177811741828918,0.9177811741828918,0
2016-07-27,0.9322722554206848,0.9419331564408813,0.927441833702171,0.927441833702171,575200
2016-07-28,0.9636702537536621,0.9636702537536621,0.937102928799651,0.937102928799651,351600
2016-07-29,0.9540092945098877,0.9660853498665852,0.9540092945098877,0.9636701387952458,1064000
2016-08-01,0.9588395357131958,0.9612547463287691,0.9564243250976225,0.9564243250976225,357600
2016-08-02,0.9419331550598145,0.9588396310498241,0.9419331550598145,0.9588396310498241,297600
2016-08-03,0.934687614440918,0.9395180945082989,0.934687614440918,0.9395180945082989,4000
2016-08-04,0.9322722554206848,0.9346874662799417,0.9322722554206848,0.9322722554206848,83600
2016-08-05,0.9443483352661133,0.9443483352661133,0.9371027029341278,0.9371027029341278,127200
2016-08-08,0.9443483352661133,0.9443483352661133,0.9346874345736322,0.9443483352661133,200000
2016-08-09,0.934687614440918,0.934687614440918,0.934687614440918,0.934687614440918,10400
2016-08-10,0.9419331550598145,0.9443483659155301,0.9346874649094985,0.9346874649094985,160800
2016-08-11,0.9443483352661133,0.9443483352661133,0.9419331244887847,0.9419331244887847,212800
2016-08-12,0.9419331550598145,0.9443483659155301,0.9419331550598145,0.9419331550598145,96000
2016-08-15,0.9540092945098877,0.9564245055812273,0.9515940834385482,0.9515940834385482,922400
2016-08-16,0.9540092945098877,0.9540092945098877,0.9443484502245297,0.9443484502245297,109200
2016-08-17,0.9491788744926453,0.9540092966461406,0.9443484523391498,0.951594085569393,444000
2016-08-18,0.9467635750770569,0.9491787859284506,0.9395179425228756,0.9467635750770569,954000
2016-08-19,0.9395179152488708,0.9515939691552744,0.9395179152488708,0.9515939691552744,1284800
2016-08-22,0.929857075214386,0.9395179765530565,0.929857075214386,0.9395179765530565,831200
2016-08-23,0.9395179152488708,0.9443483368114323,0.9298570145405808,0.9322722253218615,626000
2016-08-24,0.929857075214386,0.9443483984308061,0.929857075214386,0.9419331874919313,980800
2016-08-25,0.9395179152488708,0.9419331260301516,0.9346874361031422,0.9419331260301516,29200
2016-08-26,0.937102735042572,0.937102735042572,0.9322722557392387,0.937102735042572,165200
2016-08-29,0.9322722554206848,0.9371027347223676,0.9298570445614279,0.9322722554206848,298400
2016-08-30,0.929857075214386,0.9322722861532609,0.929857075214386,0.9322722861532609,331600
2016-09-01,0.929857075214386,0.9322722861532609,0.929857075214386,0.929857075214386,400000
2016-09-02,0.9250266551971436,0.9298570770846087,0.9250266551971436,0.9298570770846087,570000
2016-09-05,0.9250266551971436,0.9274418661408762,0.9250266551971436,0.9250266551971436,562000
2016-09-06,0.9274418354034424,0.9274418354034424,0.9250266245397551,0.9250266245397551,39600
2016-09-07,0.929857075214386,0.929857075214386,0.9250266533366363,0.9274418642755111,657600
2016-09-08,0.9322722554206848,0.9322722554206848,0.9298570445614279,0.9322722554206848,7200
2016-09-09,0.9322722554206848,0.9322722554206848,0.9298570445614279,0.9322722554206848,261200
2016-09-13,0.9322722554206848,0.9322722554206848,0.9226114119836574,0.9226114119836574,62400
2016-09-14,0.929857075214386,0.9322722861532609,0.9274418642755111,0.9322722861532609,35200
2016-09-15,0.9226114153862,0.9250266262543639,0.9226114153862,0.9226114153862,86400
2016-09-19,0.9201961755752563,0.925026597159654,0.9201961755752563,0.925026597159654,261600
2016-09-20,0.9201961755752563,0.9201961755752563,0.9201961755752563,0.9201961755752563,317200
2016-09-21,0.9177811741828918,0.9201963855261424,0.9177811741828918,0.9201963855261424,17200
2016-09-22,0.9201961755752563,0.9201961755752563,0.9201961755752563,0.9201961755752563,19600
2016-09-23,0.9201961755752563,0.9201961755752563,0.9201961755752563,0.9201961755752563,0
2016-09-26,0.9201961755752563,0.9201961755752563,0.9177809647830576,0.9201961755752563,108800
2016-09-27,0.9153657555580139,0.9201961771506815,0.9153657555580139,0.9177809663543477,296000
2016-09-28,0.9129506349563599,0.9153658459913037,0.9057050018515285,0.9153658459913037,316800
2016-09-29,0.9081201553344727,0.9105353662163528,0.9081201553344727,0.9105353662163528,55200
2016-09-30,0.9081201553344727,0.9105353662163528,0.9081201553344727,0.9081201553344727,90000
2016-10-04,0.9057049751281738,0.9081201860918554,0.9057049751281738,0.9081201860918554,86800
2016-10-05,0.8984593749046326,0.9081202191106221,0.8984593749046326,0.9081202191106221,199600
2016-10-06,0.8936288952827454,0.9008745279708685,0.8694767287391647,0.9008745279708685,232000
2016-10-07,0.8887985348701477,0.8984593791214797,0.8887985348701477,0.8984593791214797,136400
2016-10-10,0.8791376352310181,0.8887984788736936,0.8718919449158412,0.8887984788736936,278400
2016-10-11,0.871891975402832,0.8743071863979524,0.871891975402832,0.8743071863979524,50400
2016-10-12,0.876722514629364,0.8815529369482716,0.876722514629364,0.8791377257888179,111200
2016-10-13,0.8815528750419617,0.8839680860318092,0.8767224530622664,0.8767224530622664,280800
2016-10-14,0.8791376352310181,0.9032897443377067,0.8791376352310181,0.8791376352310181,14400
2016-10-17,0.8791376352310181,0.8815528461416869,0.8791376352310181,0.8815528461416869,31600
2016-10-18,0.8936288952827454,0.8936288952827454,0.8791376299064989,0.8791376299064989,137600
2016-10-19,0.8984593749046326,0.8984593749046326,0.8936289528016378,0.8936289528016378,40400
2016-10-20,0.8839681148529053,0.8984593812644674,0.8839681148529053,0.8984593812644674,55600
2016-10-21,0.8839681148529053,0.8839681148529053,0.8839681148529053,0.8839681148529053,10400
2016-10-24,0.8839681148529053,0.8839681148529053,0.8839681148529053,0.8839681148529053,4000
2016-10-25,0.8984593749046326,0.8984593749046326,0.8839681085956482,0.8863833196471457,24400
2016-10-26,0.8960440754890442,0.9057049187423221,0.8960440754890442,0.8984592863023636,74000
2016-10-27,0.8887985348701477,0.8936289569958137,0.8887985348701477,0.8936289569958137,40800
2016-10-28,0.8887985348701477,0.9057050123099786,0.8887985348701477,0.9057050123099786,111600
2016-10-31,0.9008744955062866,0.9008744955062866,0.8984592846972819,0.9008744955062866,165600
2016-11-01,0.886383056640625,0.8936286876452022,0.886383056640625,0.888798266975484,136400
2016-11-02,0.8887985348701477,0.8912137459329806,0.8887985348701477,0.8912137459329806,36000
2016-11-03,0.8887985348701477,0.8887985348701477,0.8863833238073147,0.8887985348701477,3471600
2016-11-04,0.8815528750419617,0.8936289299911997,0.8694767625095514,0.8936289299911997,84800
2016-11-07,0.8815528750419617,0.8960441409810473,0.8694767625095514,0.8694767625095514,1688800
2016-11-08,0.8887985348701477,0.8887985348701477,0.8887985348701477,0.8887985348701477,4400
2016-11-09,0.869476854801178,0.8887986023540603,0.8646464323087519,0.8887986023540603,34800
2016-11-10,0.8815528750419617,0.8960441409810473,0.8815528750419617,0.8960441409810473,10800
2016-11-11,0.8743070960044861,0.8743070960044861,0.8694766745136565,0.8743070960044861,61200
2016-11-14,0.869476854801178,0.8791377573692083,0.869476854801178,0.8767225461229953,36800
2016-11-15,0.8670615553855896,0.8694767663862057,0.8670615553855896,0.8694767663862057,80000
2016-11-16,0.8622313737869263,0.8694770088089623,0.8622313737869263,0.8670617971349504,263200
2016-11-17,0.8622313737869263,0.8622313737869263,0.8574009504389023,0.8598161621129143,117600
2016-11-18,0.8646463751792908,0.8767224881956335,0.8646463751792908,0.869476797352558,1092000
2016-11-21,0.85740065574646,0.8622310774342464,0.85740065574646,0.8622310774342464,267600
2016-11-22,0.869476854801178,0.869476854801178,0.859816009816326,0.859816009816326,286000
2016-11-23,0.85740065574646,0.881552821768561,0.8453246015269937,0.881552821768561,328000
2016-11-24,0.8549855351448059,0.8549855351448059,0.8549855351448059,0.8549855351448059,60000
2016-11-25,0.8670615553855896,0.8670615553855896,0.8670615553855896,0.8670615553855896,8000
2016-11-28,0.8598159551620483,0.8598159551620483,0.8574007440693585,0.8574007440693585,237200
2016-11-29,0.85740065574646,0.8622310774342464,0.8525702340586735,0.8525702340586735,204400
2016-11-30,0.8501550555229187,0.8501550555229187,0.8501550555229187,0.8501550555229187,15600
2016-12-01,0.8598159551620483,0.8622311662547383,0.8549855329766686,0.8622311662547383,22800
2016-12-02,0.8598159551620483,0.8598159551620483,0.8598159551620483,0.8598159551620483,0
2016-12-05,0.8598159551620483,0.8598159551620483,0.8598159551620483,0.8598159551620483,0
2016-12-06,0.8525703549385071,0.8598159884974932,0.8525703549385071,0.8598159884974932,88800
2016-12-07,0.8525703549385071,0.8525703549385071,0.8525703549385071,0.8525703549385071,12000
2016-12-08,0.8549855351448059,0.8549855351448059,0.8525703240459914,0.8525703240459914,72000
2016-12-09,0.8598159551620483,0.8549855329766686,0.8549855329766686,0.8549855329766686,40800
2016-12-13,0.8525703549385071,0.8549855661248358,0.8525703549385071,0.8525703549385071,64800
2016-12-14,0.8525703549385071,0.8525703549385071,0.8525703549385071,0.8525703549385071,10400
2016-12-15,0.8525703549385071,0.8549855661248358,0.8525703549385071,0.8525703549385071,18000
2016-12-16,0.8598159551620483,0.8743072217181878,0.8525703218839787,0.8525703218839787,24800
2016-12-19,0.85740065574646,0.8694767099659262,0.85740065574646,0.8694767099659262,553200
2016-12-20,0.8598159551620483,0.867061588440118,0.8598159551620483,0.867061588440118,72000
2016-12-21,0.869476854801178,0.871892066047391,0.857400798570113,0.857400798570113,196000
2016-12-22,0.891213595867157,0.891213595867157,0.8743070636909362,0.8743070636909362,185600
2016-12-23,0.891213595867157,0.8984592278356097,0.891213595867157,0.8936288065233079,17600
2016-12-27,0.9008744955062866,0.9008744955062866,0.8743071190240667,0.8743071190240667,92800
2016-12-28,0.9039037227630615,0.9039037227630615,0.9039037227630615,0.9039037227630615,0
2016-12-29,0.9014803767204285,0.9014803767204285,0.9014803767204285,0.9014803767204285,8000
2016-12-30,0.8990569710731506,0.9014803028909979,0.8966336392553034,0.8966336392553034,148800
2017-01-02,0.8990569710731506,0.8990569710731506,0.8990569710731506,0.8990569710731506,0
2017-01-03,0.8966337442398071,0.8966337442398071,0.8481670444312347,0.8530137086344125,52000
2017-01-04,0.8966337442398071,0.8966337442398071,0.8966337442398071,0.8966337442398071,0
2017-01-05,0.8966337442398071,0.8966337442398071,0.8820937516302738,0.8820937516302738,11200
2017-01-06,0.8869404196739197,0.8917870838980836,0.8869404196739197,0.8917870838980836,35200
2017-01-09,0.891787052154541,0.891787052154541,0.8869403881028962,0.8869403881028962,80000
2017-01-10,0.8966337442398071,0.8966337442398071,0.8966337442398071,0.8966337442398071,33600
2017-01-11,0.9087503552436829,0.9087503552436829,0.8966336953957921,0.8966336953957921,230400
2017-01-12,0.9087503552436829,0.9087503552436829,0.9014803593349484,0.9014803593349484,72400
2017-01-13,0.8990569710731506,0.9087502983445397,0.8990569710731506,0.9014803028909979,2200800
2017-01-16,0.8869404196739197,0.8917870838980836,0.8869404196739197,0.8917870838980836,73200
2017-01-17,0.8820937275886536,0.8869403916597346,0.8820937275886536,0.8869403916597346,378800
2017-01-18,0.8796704411506653,0.8820937733118188,0.8772470512127156,0.8820937733118188,1356400
2017-01-19,0.891787052154541,0.8966337162061858,0.879670392025429,0.879670392025429,3174400
2017-01-20,0.8990569710731506,0.8990569710731506,0.8917869756196088,0.8917869756196088,79600
2017-01-23,0.8869404196739197,0.8869404196739197,0.8869404196739197,0.8869404196739197,16400
2017-01-24,0.8869404196739197,0.8869404196739197,0.8869404196739197,0.8869404196739197,0
2017-01-25,0.8869404196739197,0.8869404196739197,0.8869404196739197,0.8869404196739197,0
2017-01-26,0.891787052154541,0.891787052154541,0.8869403881028962,0.8869403881028962,34800
2017-01-27,0.9208671450614929,0.9208671450614929,0.8917871573222457,0.8966338219454535,212400
2017-01-31,0.9184436798095703,0.9329836715745998,0.9184436798095703,0.9208670117704085,129600
2017-02-02,0.9184436798095703,0.9184436798095703,0.9111736839270556,0.9111736839270556,57200
2017-02-03,0.940253734588623,0.940253734588623,0.9208670209322445,0.9208670209322445,363200
2017-02-06,0.940253734588623,0.940253734588623,0.940253734588623,0.940253734588623,0
2017-02-07,0.940253734588623,0.9426770665735713,0.9354070128419344,0.9354070128419344,69600
2017-02-08,0.940253734588623,0.9475237305434681,0.940253734588623,0.940253734588623,110000
2017-02-10,0.9499470591545105,0.9499470591545105,0.9451003952018276,0.9499470591545105,110400
2017-02-13,0.940253734588623,0.9451003985585197,0.940253734588623,0.9451003985585197,28000
2017-02-14,0.9451003670692444,0.9451003670692444,0.940253703260831,0.940253703260831,324000
2017-02-15,0.9451003670692444,0.9499470308776576,0.9451003670692444,0.9499470308776576,12400
2017-02-16,0.940253734588623,0.9451003985585197,0.940253734588623,0.9451003985585197,96000
2017-02-17,0.940253734588623,0.940253734588623,0.940253734588623,0.940253734588623,61600
2017-02-20,0.9499470591545105,0.9499470591545105,0.9451003952018276,0.9451003952018276,121600
2017-02-21,0.9547936320304871,0.9547936320304871,0.9475236367949396,0.9475236367949396,171200
2017-02-22,0.9644869565963745,0.9644869565963745,0.9547936296399142,0.9547936296399142,360800
2017-02-23,0.9669105410575867,0.9669105410575867,0.9644872086850834,0.9644872086850834,294000
2017-02-24,0.9693336486816406,0.9693336486816406,0.9644869850603754,0.9644869850603754,194400
2017-02-27,1.003260612487793,1.003260612487793,0.9693339563698593,0.9693339563698593,3239200
2017-02-28,0.993567168712616,1.015377217217597,0.9887205041063534,1.0056838880050718,967600
2017-03-01,1.0105302333831787,1.0105302333831787,0.9887201917680255,0.9887201917680255,307200
2017-03-02,1.0178003311157227,1.0299170484959306,1.0081070034329886,1.0105303931304626,1090400
2017-03-03,1.0178003311157227,1.0178003311157227,1.0081070034329886,1.0178003311157227,250000
2017-03-06,1.0178003311157227,1.0202237208131966,1.0178003311157227,1.0178003311157227,707600
2017-03-07,1.0274935960769653,1.0299169856265078,1.017800268985943,1.017800268985943,697600
2017-03-08,1.039610505104065,1.039610505104065,1.0323405662172367,1.0323405662172367,274400
2017-03-09,1.0468804836273193,1.0468804836273193,1.0371871554454208,1.0371871554454208,639200
2017-03-10,1.0614203214645386,1.0711136482360675,1.0468803313072452,1.0468803313072452,3324400
2017-03-13,1.075960397720337,1.0783836718303448,1.0662670701731467,1.0662670701731467,645200
2017-03-14,1.07111394405365,1.0783838833633053,1.068690553914697,1.07111394405365,97600
2017-03-15,1.0735371112823486,1.0783837755219732,1.0735371112823486,1.0783837755219732,628800
2017-03-16,1.075960397720337,1.075960397720337,1.0735370080567497,1.0735370080567497,250000
2017-03-17,1.075960397720337,1.075960397720337,1.0662670701731467,1.075960397720337,721600
2017-03-20,1.0783835649490356,1.0905002809588948,1.0759602910792045,1.0759602910792045,2946000
2017-03-21,1.0832302570343018,1.0905003099441675,1.0832302570343018,1.0880769204563552,807600
2017-03-22,1.0880770683288574,1.0880770683288574,1.0735370760866743,1.0856537940652868,260400
2017-03-23,1.0905001163482666,1.0905001163482666,1.0856534537866385,1.0880767272906773,461200
2017-03-24,1.0856537818908691,1.097770499733606,1.0856537818908691,1.0905004459172467,2276400
2017-03-27,1.0905001163482666,1.0929235054058557,1.0856534537866385,1.0929235054058557,574400
2017-03-28,1.0783835649490356,1.088076891535496,1.0783835649490356,1.0856536176656648,257200
2017-03-29,1.0880770683288574,1.0905004581460145,1.0808071299845592,1.0905004581460145,708800
2017-03-30,1.0905001163482666,1.0905001163482666,1.0808067912250106,1.0880767272906773,782400
2017-03-31,1.1486603021621704,1.1632004083762506,1.100193666627149,1.1026170561806872,2446000
2017-04-03,1.1438140869140625,1.1486607523671621,1.1341207560078634,1.1438140869140625,786400
2017-04-04,1.16077721118927,1.1632006011444176,1.1438138281640162,1.1462372181191638,459200
2017-04-05,1.1656239032745361,1.1728939577593303,1.1607772388025388,1.1632006288153354,1256800
2017-04-06,1.1632003784179688,1.1632003784179688,1.151083662069493,1.1632003784179688,208000
2017-04-07,1.1632003784179688,1.1656236523555212,1.1632003784179688,1.1656236523555212,180800
2017-04-10,1.1632003784179688,1.1656236523555212,1.1632003784179688,1.1656236523555212,708000
2017-04-11,1.1486603021621704,1.1535070812692465,1.1486603021621704,1.1535070812692465,262800
2017-04-12,1.131697177886963,1.1462371703511325,1.1220038495775164,1.1462371703511325,413600
2017-04-13,1.0977703332901,1.126850313039271,1.095346943867552,1.126850313039271,2582000
2017-04-14,1.0832302570343018,1.097770362854033,1.0711136562559536,1.097770362854033,1055600
2017-04-17,1.0880770683288574,1.0929238479631718,1.0856537940652868,1.0905004581460145,1285600
2017-04-18,1.1123104095458984,1.1244270109389023,1.0880769756527375,1.0905003652634844,652000
2017-04-19,1.1680471897125244,1.175317127999072,1.1268504875768035,1.1268504875768035,3185600
2017-04-20,1.2310538291931152,1.2528638752827337,1.1753171346168796,1.1753171346168796,2238400
2017-04-21,1.240747332572937,1.2698273210972397,1.2310540030648363,1.2310540030648363,648000
2017-04-24,1.240747332572937,1.240747332572937,1.240747332572937,1.240747332572937,0
2017-04-25,1.257710576057434,1.2892139512054845,1.243170583424547,1.243170583424547,1134400
2017-04-26,1.2819440364837646,1.2819440364837646,1.260133987386475,1.260133987386475,848800
2017-04-27,1.3764537572860718,1.3764537572860718,1.2843671472940374,1.2843671472940374,1749200
2017-04-28,1.4006872177124023,1.4782338381176316,1.3813004470575159,1.3813004470575159,1016000
2017-05-02,1.3958405256271362,1.4152271803352503,1.388570472334805,1.4055338529811932,707200
2017-05-03,1.4346140623092651,1.4976207000918988,1.4224973434204224,1.4612707745325617,3080400
2017-05-04,1.4346140623092651,1.4515773300893304,1.4346140623092651,1.449154055643719,597600
2017-05-05,1.4515769481658936,1.4661170532283054,1.4346136848490212,1.4346136848490212,425200
2017-05-08,1.5000437498092651,1.524277066536077,1.4540003902515382,1.4540003902515382,947600
2017-05-09,1.5024669170379639,1.5048903063153818,1.483080265032864,1.5048903063153818,303200
2017-05-11,1.5000437498092651,1.5291237298814393,1.4976203603597995,1.5024670237051618,1096000
2017-05-12,1.514583706855774,1.514583706855774,1.5000437171363865,1.5024669909795012,553600
2017-05-15,1.4951974153518677,1.521854127391633,1.4612707644717264,1.521854127391633,292000
2017-05-16,1.4733872413635254,1.495197287121378,1.4685405773677342,1.495197287121378,1120000
2017-05-17,1.4636939764022827,1.4782339690157846,1.461270702076827,1.4782339690157846,241200
2017-05-18,1.4588476419448853,1.4709643629717055,1.4540009766448803,1.4588476419448853,541600
2017-05-19,1.51700758934021,1.546087578231137,1.4612708861891313,1.47823415526537,1591600
2017-05-22,1.550933837890625,1.5751671556358464,1.5315471836944479,1.5460871743415807,1370000
2017-05-23,1.6284805536270142,1.643020660711224,1.5751672513480406,1.5751672513480406,1435200
2017-05-24,1.6357508897781372,1.6478676092571933,1.5872842429691143,1.6284808349799833,526400
2017-05-25,1.650290846824646,1.6963342180378185,1.6381742431708206,1.6381742431708206,3876800
2017-05-26,1.6454440355300903,1.6551373638102473,1.6381740970967664,1.6502906996701687,614800
2017-05-29,1.638174295425415,1.647867624879113,1.6042475267838694,1.6454442347388876,184000
2017-05-31,1.5727437734603882,1.6115171975881557,1.5509338451641919,1.5509338451641919,632800
2017-06-01,1.5945543050765991,1.6381744061193184,1.5775910351631948,1.6333276255113631,530800
2017-06-02,1.6139405965805054,1.6187872605276044,1.596977330542451,1.6187872605276044,1994400
2017-06-05,1.7205673456192017,1.7205673456192017,1.6357506674545002,1.6357506674545002,2164400
2017-06-06,1.715720772743225,1.7229908269394822,1.6575608013875318,1.720567437022866,664000
2017-06-07,1.7036043405532837,1.7205676094552622,1.698757675787918,1.713297670084015,607200
2017-06-08,1.7351075410842896,1.744800870264926,1.708450943614339,1.708450943614339,698800
2017-06-09,1.7375307083129883,1.7375307083129883,1.7205673266456774,1.7375307083129883,231600
2017-06-13,1.6890640258789062,1.7157207366326879,1.6769474232116157,1.7157207366326879,1688800
2017-06-14,1.6963341236114502,1.715720780821292,1.6914874593089897,1.7011807879139107,2022400
2017-06-15,1.7108741998672485,1.7108741998672485,1.6939108162054382,1.6963342062515243,1189600
2017-06-16,1.7229907512664795,1.7351073536566308,1.696334041122409,1.7084507590661464,665200
2017-06-19,1.7326842546463013,1.7326842546463013,1.706027541806131,1.7181442609753714,1561600
2017-06-20,1.8005372285842896,1.8029606181956102,1.732683937217388,1.732683937217388,925200
2017-06-21,1.8441575765609741,1.8708141727135903,1.8029608718023578,1.8029608718023578,3827200
2017-06-22,1.9313974380493164,1.9386674919878493,1.8490041482162722,1.8490041482162722,1770400
2017-06-23,1.9507842063903809,1.9871341293543858,1.8538508088613306,1.9386674883666544,1196000
2017-06-26,1.9507842063903809,1.9507842063903809,1.9507842063903809,1.9507842063903809,0
2017-06-27,1.9507842063903809,1.9507842063903809,1.9507842063903809,1.9507842063903809,0
2017-06-28,1.9459257125854492,1.9677900828792112,1.9192026062087855,1.9434962866232954,503600
2017-06-29,1.9750782251358032,1.9920837443322779,1.9507844276984199,1.9507844276984199,1096400
2017-06-30,1.9580724239349365,1.9726485149518387,1.9483549526960717,1.9726485149518387,371600
2017-07-03,1.9653605222702026,1.9872248910660366,1.9629310964744886,1.9629310964744886,1156000
2017-07-04,1.9556429386138916,1.965360409556654,1.943496042014743,1.9629309839002678,243600
2017-07-05,1.9677895307540894,1.9920830885108736,1.9556426360343242,1.9556426360343242,451200
2017-07-06,1.9386374950408936,1.9872249703203526,1.919202551265671,1.9799366926425404,704000
2017-07-07,1.870615005493164,1.9459255835462197,1.86089753397175,1.93863742198446,1647200
2017-07-10,1.8827619552612305,1.8827619552612305,1.863327011677029,1.870615057600404,236800
2017-07-11,1.8487507104873657,1.882761860039587,1.8463212847415094,1.882761860039587,512400
2017-07-12,1.8633266687393188,1.8706147133213586,1.8487504637338592,1.8487504637338592,1145200
2017-07-13,1.8827619552612305,1.9532136836746612,1.863327011677029,1.863327011677029,484000
2017-07-14,1.907055377960205,1.9143435387436447,1.8851911272926578,1.8851911272926578,612400
2017-07-17,1.899767279624939,1.919202220046042,1.8949085445196632,1.919202220046042,1179600
2017-07-18,1.9192025661468506,1.9313493481798476,1.9070556682724502,1.9070556682724502,1344400
2017-07-19,1.9046260118484497,1.9823657734152387,1.8997672767505254,1.9434958926318442,872000
2017-07-20,1.8754734992980957,1.9289197016121495,1.8657560290303374,1.9046260259427539,344800
2017-07-21,1.9434959888458252,1.9434959888458252,1.8851911647843167,1.91920231215353,241200
2017-07-24,1.9337786436080933,1.967789909024917,1.9094849653399304,1.9434961149153585,437800
2017-07-25,2.0163774490356445,2.040671013672934,1.933778819566673,1.9434962917581513,1527000
2017-07-26,2.186432361602783,2.186432361602783,2.0309526435941434,2.0309526435941434,2324800
2017-07-27,2.1669986248016357,2.327337049631062,2.162139772324217,2.196151044617637,4719400
2017-07-28,2.2350199222564697,2.2593137102403564,2.1815737277015588,2.186432577971429,1382400
2017-07-31,2.215585231781006,2.3030424612534866,2.215585231781006,2.235020171663779,2176000
2017-08-01,2.142704963684082,2.249597408238491,2.132987489786668,2.2253036076535295,1206400
2017-08-02,2.1815743446350098,2.2010095195278856,2.1669982530688503,2.1669982530688503,1089400
2017-08-03,2.2010090351104736,2.2155851234685993,2.1815738644950606,2.2155851234685993,1308400
2017-08-04,2.1621389389038086,2.2155851371398008,2.1475628504557416,2.2155851371398008,875000
2017-08-07,2.1281285285949707,2.1864333626620835,2.1135522042367842,2.1767158903175647,1055000
2017-08-08,2.1038341522216797,2.132986561222857,1.9434957868738292,2.132986561222857,1605200
2017-08-09,2.1086931228637695,2.1184105930836723,2.0989756526438668,2.113551742132338,705200
2017-08-10,2.0552475452423096,2.1184112367035777,2.040671219642465,2.1184112367035777,899200
2017-08-11,2.0309536457061768,2.04552997058283,1.9823662822553734,2.04552997058283,1894200
2017-08-14,2.0892577171325684,2.098975185188327,2.0260940589287793,2.030952677115302,861000
2017-08-15,2.137845993041992,2.176715882276477,2.1086935761161287,2.1086935761161287,924800
2017-08-16,2.2107269763946533,2.2204444479349084,2.166998238622106,2.166998238622106,3488000
2017-08-17,2.3321950435638428,2.3321950435638428,2.2350201149337434,2.2350201149337434,2329600
2017-08-18,2.2593140602111816,2.3127602630449826,2.2301616491244087,2.3127602630449826,2868800
2017-08-21,2.2107269763946533,2.2836078971051696,2.2107269763946533,2.2836078971051696,2059000
2017-08-22,2.1718568801879883,2.230161941693182,2.166998260210855,2.2253030900332496,738200
2017-08-23,2.25445556640625,2.259314418198646,2.171856939397957,2.1864332630923404,1272000
2017-08-24,2.2447381019592285,2.269031897636281,2.210727066030723,2.2495969537677616,889400
2017-08-25,2.220444440841675,2.259314326878526,2.2155855892456704,2.259314326878526,296000
2017-08-28,2.220444440841675,2.2447380037733087,2.186433174718032,2.2447380037733087,975200
2017-08-29,2.1718568801879883,2.2010095267819847,2.1621394085509227,2.1864332034849863,545000
2017-08-30,2.1961510181427,2.2107273437164,2.1815746925690007,2.1864335449878456,970000
2017-08-31,2.1961510181427,2.1961510181427,2.1961510181427,2.1961510181427,0
2017-09-01,2.1961510181427,2.1961510181427,2.1961510181427,2.1961510181427,0
2017-09-04,2.1961510181427,2.1961510181427,2.1961510181427,2.1961510181427,0
2017-09-05,2.1669986248016357,2.210727370367057,2.1572811515296353,2.210727370367057,333000
2017-09-06,2.2350199222564697,2.2350199222564697,2.1572801714004046,2.162138789987542,743800
2017-09-07,2.2107269763946533,2.25931433409593,2.196150653242872,2.235020539403893,699800
2017-09-08,2.186432361602783,2.2204436150779356,2.166997425812042,2.196149829498154,2371200
2017-09-11,2.2253031730651855,2.2350206450648358,2.205868229065885,2.205868229065885,2599200
2017-09-12,2.2350199222564697,2.2398787725263403,2.2058675156854455,2.2253024533994616,734800
2017-09-13,2.2350199222564697,2.2350199222564697,2.2107263659553156,2.2350199222564697,845200
2017-09-14,2.2350199222564697,2.2350199222564697,2.230161303669332,2.2350199222564697,1201600
2017-09-15,2.2107269763946533,2.225303067863638,2.1912920333141424,2.2107269763946533,156800
2017-09-18,2.186432361602783,2.210726147182565,2.162138576023002,2.210726147182565,464600
2017-09-19,2.1621389389038086,2.186432728560918,2.1524214693775146,2.186432728560918,300600
2017-09-20,2.142704963684082,2.1621399114789104,2.1378463425768013,2.1524224375814964,272600
2017-09-21,2.2301619052886963,2.235020525186519,2.142704430299935,2.142704430299935,1004600
2017-09-22,2.2301619052886963,2.2301619052886963,2.2301619052886963,2.2301619052886963,0
2017-09-25,2.2058675289154053,2.230161317044997,2.1961500600001154,2.1961500600001154,492200
2017-09-26,2.1621389389038086,2.2010090486917337,2.1378453809294475,2.1961501980872122,3070800
2017-09-27,2.220444440841675,2.225303060754883,2.157280760190394,2.157280760190394,2612000
2017-09-28,2.186432361602783,2.225302233184266,2.1718560439183725,2.225302233184266,261800
2017-09-29,2.157280683517456,2.176715625845135,2.1524218320941424,2.1669981546812953,1274200
2017-10-02,2.186432361602783,2.186432361602783,2.1572799579166713,2.1572799579166713,1153000
2017-10-03,2.157280683517456,2.1864330970089743,2.1524218320941424,2.1864330970089743,476600
2017-10-04,2.1621389389038086,2.176715259034624,2.1621389389038086,2.16699778950833,315400
2017-10-05,2.1815743446350098,2.1864331962789283,2.1669982530688503,2.1815743446350098,210800
2017-10-06,2.215585231781006,2.2204440825930787,2.1864328219568456,2.1864328219568456,765400
2017-10-09,2.2350199222564697,2.2350199222564697,2.2155849845424536,2.220443834812324,333200
2017-10-10,2.2447381019592285,2.2447381019592285,2.235020630024969,2.2398794818335017,1296200
2017-10-11,2.293325662612915,2.298184514847268,2.249597150917872,2.2544557714693987,1419800
2017-10-12,2.3613483905792236,2.380783337688283,2.293325844014669,2.293325844014669,2883200
2017-10-13,2.4779574871063232,2.4925338098317087,2.3710653032903912,2.3710653032903912,2196400
2017-10-16,2.52168607711792,2.5654148110711366,2.5022511357348853,2.5022511357348853,1389800
2017-10-17,2.5119688510894775,2.5751325325778036,2.5071099994290837,2.526544942705061,681400
2017-10-18,2.5119688510894775,2.5119688510894775,2.5119688510894775,2.5119688510894775,0
2017-10-19,2.4730992317199707,2.511969122471253,2.4488054341590075,2.511969122471253,333800
2017-10-20,2.4730992317199707,2.477957852222469,2.4293704887833663,2.45366428634433,279000
2017-10-23,2.4876749515533447,2.5459797789297225,2.4779574803239486,2.4779574803239486,925600
2017-10-24,2.463381290435791,2.5071097933713227,2.458522439174743,2.4876748516926908,182000
2017-10-25,2.405076503753662,2.497392602933597,2.3905004116995077,2.497392602933597,914000
2017-10-26,2.409935474395752,2.4585228364434855,2.395359149940023,2.443946743670574,699400
2017-10-27,2.4293696880340576,2.439087157518884,2.4196522185492313,2.4196522185492313,572400
2017-10-30,2.424511432647705,2.4439466080712795,2.41479396077732,2.439087756294685,859600
2017-10-31,2.443946599960327,2.443946599960327,2.4293702763617233,2.4293702763617233,418400
2017-11-01,2.497391939163208,2.526544347206038,2.4439459735927254,2.4439459735927254,605200
2017-11-02,2.5265448093414307,2.5362622804664827,2.487674924841222,2.5119687184952455,779200
2017-11-03,2.5119688510894775,2.53626241434305,2.4828164361755114,2.526544942705061,304000
2017-11-06,2.5265448093414307,2.5362622804664827,2.5022512473701934,2.5022512473701934,477000
2017-11-07,2.52168607711792,2.536262167313808,2.4973922845477383,2.536262167313808,359000
2017-11-08,2.5265448093414307,2.5265448093414307,2.5022512473701934,2.516827338216378,292800
2017-11-09,2.5459792613983154,2.5897079888830796,2.5265443228901407,2.5265443228901407,2496400
2017-11-10,2.735471248626709,2.754906194163293,2.550839034346334,2.550839034346334,2197600
2017-11-13,2.842362880706787,2.866656673611039,2.7257532308050507,2.7354707016301956,1729800
2017-11-14,2.7208943367004395,2.876374099136924,2.677165834517347,2.8472216871206038,1300400
2017-11-15,2.7597644329071045,2.7937756987322593,2.725753398764743,2.7646232844604666,652600
2017-11-16,2.7063188552856445,2.793776111007002,2.677166436711859,2.793776111007002,628200
2017-11-17,2.691742420196533,2.788917144806119,2.672307475274616,2.769482199884202,1645600
2017-11-20,2.5314040184020996,2.686883810053134,2.526545166311683,2.6771663375551205,1437400
2017-11-21,2.4196524620056152,2.526544637093796,2.405076140470387,2.526544637093796,1937000
2017-11-22,2.497391939163208,2.507109408510818,2.424510803214761,2.424510803214761,902200
2017-11-23,2.502250909805298,2.584849519066711,2.502250909805298,2.5216858494335415,1031000
2017-11-24,2.5265448093414307,2.5556974543993736,2.5022512473701934,2.507109867091326,518200
2017-11-27,2.52168607711792,2.570273430575507,2.5022511357348853,2.570273430575507,251800
2017-11-28,2.5265448093414307,2.5556974543993736,2.507109867091326,2.521686189620298,408200
2017-11-29,2.541121482849121,2.550838955316347,2.52168653791467,2.52168653791467,2890200
2017-11-30,2.652872323989868,2.667448415706045,2.5168274884363466,2.5411212835403756,5295000
2017-12-01,2.652872323989868,2.652872323989868,2.652872323989868,2.652872323989868,0
2017-12-04,2.6140024662017822,2.667448445331757,2.58485005076285,2.652872353453692,1328400
2017-12-05,2.6237194538116455,2.6237194538116455,2.5751321037134733,2.5945670437527424,593000
2017-12-06,2.657731056213379,2.6723073802277852,2.5994262235213745,2.6237200196511146,2107400
2017-12-07,2.6188607215881348,2.6723069249584803,2.604284631739804,2.6723069249584803,3812400
2017-12-08,2.6285784244537354,2.6723071612305467,2.6140023333166593,2.648013367091698,1622400
2017-12-11,2.6285784244537354,2.657730838410679,2.6140023333166593,2.657730838410679,152800
2017-12-12,2.638296127319336,2.6480135994911587,2.6334375070748304,2.6334375070748304,176400
2017-12-13,2.881232976913452,2.895809300069663,2.6528722798066564,2.6528722798066564,3175400
2017-12-14,2.86665678024292,2.9055266649893534,2.842362986435005,2.8860917226161367,1277600
2017-12-15,2.9395382404327393,2.9589731848585084,2.852080758833966,2.8666570829946987,992400
2017-12-18,2.9638311862945557,3.0124185372142507,2.895808895006983,2.944396245926678,683200
2017-12-19,2.9638311862945557,2.9784075074118466,2.9201026863082125,2.954113716110617,766200
2017-12-20,3.109593391418457,3.1630395919082246,2.9589724915679834,2.9638311106946396,1226600
2017-12-21,3.1533219814300537,3.1678983025968392,3.1144521005623127,3.1144521005623127,1414600
2017-12-22,3.1193113327026367,3.1581812183204105,3.065865124136802,3.1581812183204105,276400
2017-12-25,3.1193113327026367,3.1193113327026367,3.1193113327026367,3.1193113327026367,0
2017-12-26,3.0852999687194824,3.143604795289901,3.061006406823201,3.061006406823201,520800
2017-12-27,3.1278645992279053,3.1375935625242293,3.0792197827462857,3.0938133436691624,246800
2017-12-28,3.0840842723846436,3.1716449389856507,3.054897383517641,3.147322415618095,527400
2017-12-29,3.020845651626587,3.0889483867801135,3.020845651626587,3.0889483867801135,814000
2018-01-02,3.025710105895996,3.050032628003114,2.9916588532941457,3.0208457406486295,854800
2018-01-03,3.020845651626587,3.0694904624505344,3.0111166894617973,3.064626097346517,3893600
2018-01-04,3.2300188541412354,3.259205744249998,3.0062524646839397,3.011117062347125,2622600
2018-01-05,3.302985668182373,3.346766112335852,3.234882935465542,3.234882935465542,1068000
2018-01-08,3.3175790309906006,3.327307992232819,3.3029854731489072,3.3029854731489072,336800
2018-01-09,3.288393020629883,3.327308875934436,3.2786638248469497,3.3224442780429695,896400
2018-01-10,3.225153923034668,3.298121251493099,3.205695999706652,3.2737987313547077,492800
2018-01-11,3.1132705211639404,3.2251536881293497,3.1132705211639404,3.2251536881293497,588800
2018-01-12,3.147322416305542,3.1716449396784103,3.1375934533477494,3.1619159767206177,309000
2018-01-15,3.025710105895996,3.1424578872706945,3.0159811434445016,3.1424578872706945,758800
2018-01-16,3.0889484882354736,3.1327289353933567,2.8214019039379163,3.0354390785932575,1246200
2018-01-17,3.0159807205200195,3.0792190835653366,2.9576069539966787,3.0792190835653366,523400
2018-01-18,3.0013880729675293,3.0646264503002163,2.967336585490671,3.0257103652023294,1678200
2018-01-19,2.9916586875915527,3.059761420979928,2.9819297256789277,3.011116611416803,601200
2018-01-22,2.996523141860962,3.015981066266026,2.9819298145355417,3.015981066266026,351600
2018-01-23,3.1132705211639404,3.1570507294848564,3.001387354198531,3.001387354198531,924200
2018-01-24,3.1862385272979736,3.283528157706569,3.1132711885131394,3.1375934801369003,1344600
2018-01-25,3.064626455307007,3.215425502453547,3.064626455307007,3.186238612550034,1050000
2018-01-26,3.122999906539917,3.1473221962554794,3.0743550951520344,3.0743550951520344,361600
2018-01-29,3.147322416305542,3.166780574177901,3.147322416305542,3.1619159767206177,303000
2018-01-30,3.074355125427246,3.1278643025024784,3.054897200680478,3.1229999372941664,313400
2018-02-02,2.972201347351074,3.1084068408714542,2.972201347351074,3.103542474938409,724600
2018-02-05,2.90409779548645,2.9624717988599594,2.7922146176259512,2.9624717988599594,1272800
2018-02-06,2.845723867416382,2.874910751518063,2.67546692751154,2.821401579976682,3192000
2018-02-07,2.85058856010437,2.967336100443897,2.85058856010437,2.918691291969094,828200
2018-02-08,2.840859889984131,2.8749111434330086,2.8262663299654927,2.8603178153711375,841600
2018-02-09,2.7970786094665527,2.811672165142108,2.719246931081453,2.7873496496684154,987600
2018-02-12,2.772756814956665,2.821401858552587,2.7630278526288325,2.821401858552587,393400
2018-02-13,2.816537380218506,2.826266342956729,2.797079454742059,2.797079454742059,224200
2018-02-14,2.8749115467071533,2.9089630368893227,2.8165377623578345,2.8165377623578345,283400
2018-02-15,2.8749115467071533,2.8749115467071533,2.8749115467071533,2.8749115467071533,0
2018-02-16,2.8749115467071533,2.8749115467071533,2.8749115467071533,2.8749115467071533,0
2018-02-19,3.1084065437316895,3.1132711411565106,3.0257102431639065,3.0257102431639065,496800
2018-02-20,3.0889484882354736,3.1181353756884747,3.0743551604873542,3.1035420479403557,1470200
2018-02-21,3.074355125427246,3.088948453008942,3.064626163053862,3.064626163053862,229000
2018-02-22,3.079219341278076,3.108406226982519,3.045168090601267,3.064626014404229,283000
2018-02-23,3.079219341278076,3.0840839382071907,3.045168090601267,3.064626014404229,1078600
2018-02-26,3.1570510864257812,3.1667802804378997,3.088948352038217,3.088948352038217,1436600
2018-02-27,3.0938127040863037,3.2251537974129674,3.0889481074654075,3.1619154330817167,734000
2018-02-28,3.0889484882354736,3.108406413204141,3.0597616007824726,3.0889484882354736,1131000
2018-03-01,3.1619155406951904,3.1667801374816498,3.06462592453342,3.093812809381951,530400
2018-03-02,3.1132705211639404,3.1132705211639404,3.064625716386964,3.1132705211639404,503200
2018-03-05,2.977064847946167,3.1229994948276705,2.918691081976256,3.113270533832685,908800
2018-03-06,3.0111167430877686,3.079219479454159,2.9381494095739704,2.991658818411657,548400
2018-03-07,2.928420305252075,3.0403034826934645,2.904097784607828,3.011116597094417,1355800
2018-03-08,2.8943686485290527,2.9916584932934036,2.855452803406006,2.908962206428562,640800
2018-03-09,2.8797760009765625,3.006252527420604,2.870047037403944,2.870047037403944,260000
2018-03-12,3.0159807205200195,3.0159807205200195,2.8797752652988913,2.8943685909513617,512200
2018-03-13,2.9576075077056885,3.0159812851574865,2.918691656071157,3.0159812851574865,195600
2018-03-14,2.89923357963562,2.928420466845229,2.8943689824556387,2.928420466845229,150200
2018-03-15,2.870046377182007,2.8895042998511675,2.826265935198028,2.8846397032055098,581000
2018-03-16,2.85058856010437,2.8700464834942916,2.7824855962829025,2.8700464834942916,551600
2018-03-19,2.7630276679992676,2.9138266899824417,2.7630276679992676,2.865181881593796,749200
2018-03-20,2.772756814956665,2.7824857772844975,2.7289766004597973,2.7630278526288325,434200
2018-03-21,2.772756814956665,2.835995186065957,2.7289766004597973,2.806808299082459,1533200
2018-03-22,2.7046542167663574,2.787350516753937,2.675467328292524,2.753299030889413,565200
2018-03-23,2.6754672527313232,2.6851962152811666,2.6268224399821065,2.6754672527313232,1680600
2018-03-26,2.6316869258880615,2.6657384123514647,2.558719819398558,2.6657384123514647,4252000
2018-03-27,2.6560094356536865,2.670602764093592,2.63655150976263,2.6511448382025358,1095600
2018-03-28,2.6024997234344482,2.646280167620293,2.5927707616105655,2.646280167620293,78200
2018-03-29,2.597635269165039,2.597635269165039,2.5684483846971635,2.578177346186455,210000
2018-03-30,2.6024997234344482,2.6170932821486455,2.578177434853115,2.578177434853115,984400
2018-04-02,2.612229347229004,2.6268229096413873,2.612229347229004,2.6268229096413873,86400
2018-04-03,2.587907075881958,2.6025004064694777,2.5830424777149132,2.6025004064694777,304200
2018-04-04,2.388462781906128,2.5781779211943645,2.3592758909287355,2.5781779211943645,1354400
2018-04-05,2.4711592197418213,2.480888183915734,2.4176498008069007,2.432243363046171,627200
2018-04-06,2.451700448989868,2.456565045383751,2.3835977231725725,2.456565045383751,304400
2018-04-09,2.568448066711426,2.5733124308754713,2.446835947173051,2.4517003113370968,316400
2018-04-10,2.6560094356536865,2.74357010216344,2.5635841716927827,2.5635841716927827,777600
2018-04-11,2.7873501777648926,2.8116726978467748,2.6657380412689666,2.6657380412689666,381800
2018-04-12,2.6511447429656982,2.78735045126696,2.6365514150500275,2.78735045126696,260800
2018-04-13,2.7435693740844727,2.763027294811853,2.675466651538641,2.6997891684262223,296400
2018-04-16,2.7143828868865967,2.753298733988567,2.704653925111104,2.7435697722130743,52800
2018-04-17,2.646280527114868,2.7581637192671122,2.6365515639693156,2.7143832691337364,163400
2018-04-18,2.6268222332000732,2.6900606007743466,2.621957636329708,2.6851960039039815,192200
2018-04-19,2.621957778930664,2.626822376065601,2.621957778930664,2.626822376065601,35400
2018-04-20,2.53926157951355,2.6268224756063816,2.48088780342284,2.6268224756063816,301600
2018-04-23,2.5295326709747314,2.5392616338647582,2.514939342618077,2.5392616338647582,249400
2018-04-24,2.500345230102539,2.568448187248938,2.4614293871370085,2.4614293871370085,299400
2018-04-25,2.495481252670288,2.495481252670288,2.4808876933169137,2.4808876933169137,653600
2018-04-26,2.4760231971740723,2.4857521589093503,2.4760231971740723,2.480887562063339,2444000
2018-04-27,2.5343973636627197,2.553855290174171,2.4954815106398174,2.50034587628929,186200
2018-04-30,2.514939069747925,2.544125955251237,2.48088758734902,2.544125955251237,178000
2018-05-02,2.5052101612091064,2.514939123250517,2.480887640127204,2.480887640127204,38400
2018-05-03,2.548990488052368,2.5538550852683155,2.5052102728926524,2.529532563102103,41400
2018-05-04,2.519803285598755,2.5489901693751804,2.519803285598755,2.5489901693751804,211400
2018-05-07,2.5538554191589355,2.5538554191589355,2.4954816366763617,2.5198039300657045,122200
2018-05-08,2.5781772136688232,2.5781772136688232,2.524667812249718,2.5295321767659678,171800
2018-05-14,2.6511447429656982,2.8700467493116437,2.5781776394738145,2.5781776394738145,2390600
2018-05-15,2.7338414192199707,2.797079800821212,2.7241124552779947,2.797079800821212,973200
2018-05-16,2.7970786094665527,2.826265488860965,2.7241112950021726,2.73384025480031,2285800
2018-05-17,2.7824854850769043,2.8116726009520248,2.7678921590960783,2.8116726009520248,1956400
2018-05-18,2.9089627265930176,2.943014213142947,2.7630280493296344,2.8214020594090528,1080000
2018-05-21,2.918691396713257,3.0159810171543313,2.8943688756246124,2.947878282845579,669400
2018-05-22,2.9867939949035645,3.0111165148837484,2.9186912636984874,2.9186912636984874,282800
2018-05-23,2.9138264656066895,3.015980671334954,2.8700462574065226,2.9867937885492677,349400
2018-05-24,2.977064847946167,2.991658405417008,2.8700462770013306,2.8992331599862857,355200
2018-05-25,2.9819297790527344,2.9965231062045046,2.9770651820309757,2.9770651820309757,2368800
2018-05-28,2.9867939949035645,2.991658591682298,2.923555860477221,2.991658591682298,214800
2018-05-30,2.9867939949035645,2.9867939949035645,2.9867939949035645,2.9867939949035645,0
2018-05-31,2.9332847595214844,2.9332847595214844,2.9332847595214844,2.9332847595214844,0
2018-06-01,2.845723867416382,2.8603174254455905,2.782485502551038,2.8603174254455905,1018200
2018-06-04,2.94787859916687,2.94787859916687,2.835995407675664,2.845724370763735,320200
2018-06-05,2.9332847595214844,2.9478780856329783,2.8700463944870473,2.9478780856329783,106600
2018-06-06,2.9138264656066895,2.9576069057635817,2.8457237391067545,2.933284619420539,343200
2018-06-07,2.923556327819824,2.962472180443586,2.9186917302634647,2.9186917302634647,169400
2018-06-08,2.89923357963562,2.928420466845229,2.8797756548292144,2.928420466845229,73400
2018-06-11,2.928420305252075,2.9430138640299726,2.894368822741479,2.894368822741479,187000
2018-06-12,2.889504909515381,2.923556397349392,2.870046982740741,2.923556397349392,168400
2018-06-13,2.889504909515381,2.8992338729027005,2.8651823850686893,2.8651823850686893,1051200
2018-06-14,2.8797760009765625,2.889504964549181,2.870047037403944,2.889504964549181,68600
2018-06-18,2.85058856010437,2.8895044068842126,2.85058856010437,2.855452924973479,209200
2018-06-19,2.8554532527923584,2.8895047386123562,2.84085992455291,2.850588887364799,628600
2018-06-20,2.7143828868865967,2.879775469026714,2.6900605984262382,2.8457239868341175,5154000
2018-06-21,2.772756814956665,2.7922147396123305,2.7241120033175017,2.7241120033175017,363200
2018-06-22,2.7970786094665527,2.8359944486591027,2.77275609399286,2.77275609399286,262800
2018-06-25,2.7532994747161865,2.79707993046265,2.7484351084981395,2.7922153322877947,161000
2018-06-26,2.69978928565979,2.7387051288044026,2.69978928565979,2.724111571646812,340000
2018-06-27,2.707105875015259,2.7217387489943943,2.692472768450785,2.692472768450785,135200
2018-06-28,2.6875956058502197,2.7071062623374678,2.6875956058502197,2.6973509340938437,146200
2018-06-29,2.721738576889038,2.7314939031200436,2.682717271965017,2.682717271965017,212400
2018-07-02,2.7168617248535156,2.7607605878267027,2.682717958020696,2.7607605878267027,76000
2018-07-03,2.721738576889038,2.760759881813059,2.6875950513731817,2.7314939031200436,46600
2018-07-04,2.721738576889038,2.7314939031200436,2.6973503776041867,2.6973503776041867,1594000
2018-07-05,2.7119839191436768,2.7119839191436768,2.697351042482926,2.7071063711185532,30400
2018-07-06,2.6973509788513184,2.7363722924733005,2.6827178699503875,2.707106307256814,149800
2018-07-09,2.682717800140381,2.7314944408985866,2.658329363468593,2.6973509086605274,746000
2018-07-10,2.682717800140381,2.7314944408985866,2.6729624719887397,2.7314944408985866,111600
2018-07-11,2.6388187408447266,2.7314944757608286,2.6339411929993384,2.7314944757608286,266600
2018-07-12,2.6339409351348877,2.68271757174037,2.6339409351348877,2.68271757174037,1094200
2018-07-13,2.6729626655578613,2.6827179944159587,2.6583295559780225,2.6827179944159587,97400
2018-07-16,2.6632070541381836,2.7071061456346976,2.6436963984920356,2.7071061456346976,127800
2018-07-17,2.677839994430542,2.6924731028122104,2.668084666371219,2.6924731028122104,40600
2018-07-18,2.677839994430542,2.682717774752887,2.668084666371219,2.682717774752887,424200
2018-07-19,2.682717800140381,2.682717800140381,2.6632071438370986,2.6680846916202343,1464200
2018-07-20,2.658329486846924,2.682717924650627,2.658329486846924,2.6729625960462218,417000
2018-07-23,2.8241703510284424,2.8339256797893975,2.6827179677019,2.6827179677019,4273400
2018-07-24,3.1704845428466797,3.1704845428466797,2.877824477716366,2.877824477716366,3979400
2018-07-25,3.08756422996521,3.2095059466784353,3.05829824586428,3.199750618644792,922800
2018-07-26,3.08268666267395,3.097319538338851,3.0582982264519623,3.0778088823954066,458600
2018-07-27,3.1704845428466797,3.258282492610166,3.1412185595921844,3.1704845428466797,3505600
2018-07-30,3.1217076778411865,3.1558512062041744,3.116829898026278,3.1558512062041744,480600
2018-07-31,3.1217076778411865,3.1558512062041744,3.0875639168928557,3.111952350796712,375400
2018-08-01,3.1265857219696045,3.1607294883443013,3.072931530990569,3.072931530990569,1519000
2018-08-02,3.1217076778411865,3.1460958791597005,3.1217076778411865,3.136340552115226,777400
2018-08-03,3.1217076778411865,3.1412183319301348,3.116829898026278,3.136340552115226,623200
2018-08-06,3.214383602142334,3.21926114967703,3.1363407483189794,3.1363407483189794,1830000
2018-08-07,3.16560697555542,3.2631604922159334,3.16560697555542,3.2143838501783644,2256000
2018-08-08,3.31681489944458,3.31681489944458,3.2046285069831653,3.214383835345663,4286400
2018-08-09,3.526554584503174,3.5509430217641547,3.3168149078831624,3.32657023627048,5574400
2018-08-10,3.526554584503174,3.6436185251509823,3.5216768040168276,3.531432132404145,1345400
2018-08-13,3.575331211090088,3.575331211090088,3.4338788337885844,3.521676788897505,977800
2018-08-14,3.731416940689087,3.7558051468513955,3.5606985672113667,3.5606985672113667,2695400
2018-08-15,3.731416940689087,3.7850713663827893,3.71678383092339,3.746049817869394,1540400
2018-08-16,3.6680071353912354,3.7167837796280763,3.6338633681327535,3.7167837796280763,480000
2018-08-17,3.628986120223999,3.746050076076996,3.6094754609151662,3.7070287574593306,535600
2018-08-20,3.628986120223999,3.6680074388416646,3.5997201312607494,3.6338636687585044,1766400
2018-08-21,3.594841957092285,3.624107942855685,3.580209080503275,3.609475066266675,351800
2018-08-23,3.6094751358032227,3.677762437233377,3.594842026346926,3.599719807027486,594000
2018-08-24,3.6094751358032227,3.6582517796819043,3.58996447825175,3.6094751358032227,189200
2018-08-27,3.6728851795196533,3.716784046188457,3.609475421171445,3.609475421171445,833200
2018-08-28,3.7850711345672607,3.7850711345672607,3.707028274905571,3.707028274905571,801200
2018-08-29,3.7655599117279053,3.8094590018632357,3.7119057266573394,3.7899483468220563,468400
2018-08-30,3.7801930904388428,3.785070870583607,3.7265386717732296,3.7655599825899086,994600
2018-09-03,3.7655599117279053,3.7753152392484948,3.731416381698519,3.7558045842073153,382600
2018-09-04,3.775315761566162,3.7948266518920417,3.746049774955423,3.7948266518920417,568000
2018-09-05,3.819214105606079,3.8484800864530775,3.780192797810081,3.7899481247590807,1360200
2018-09-06,3.833847999572754,3.8436033285249334,3.804582012716215,3.8436033285249334,441000
2018-09-07,3.87774658203125,3.87774658203125,3.77531551917741,3.8338477212262982,797000
2018-09-12,3.8972573280334473,3.9070128890868094,3.8582360141615064,3.877746671097477,1784200
2018-09-13,3.858236074447632,3.897257388929293,3.8484807458272168,3.897257388929293,151800
2018-09-14,3.7850711345672607,3.8582359811586184,3.760682697313225,3.8582359811586184,358800
2018-09-18,3.7899489402770996,3.8192149274215286,3.711906307891956,3.755805172315904,149400
2018-09-19,3.755805015563965,3.7899487821001396,3.755805015563965,3.7899487821001396,178600
2018-09-20,3.775315761566162,3.789948871164225,3.7216615690725003,3.789948871164225,214600
2018-09-21,3.755805015563965,3.7899487821001396,3.731416810254167,3.7899487821001396,687400
2018-09-24,3.804581880569458,3.8192147571967805,3.7558050049173675,3.8192147571967805,1267200
2018-09-25,3.804581880569458,3.8240925377961417,3.7704381141300707,3.7753156621440516,666800
2018-09-26,3.7850711345672607,3.828969996005,3.7362942600591893,3.7948264629518,110200
2018-09-27,3.804581880569458,3.8923798380895356,3.7801934427434127,3.785071223342774,460400
2018-09-28,3.902134656906128,3.902134656906128,3.785070728839912,3.8679908949274733,399800
2018-10-01,3.965545177459717,3.9753002741235233,3.8972576401299057,3.8972576401299057,628600
2018-10-02,3.926523447036743,3.9996882924094885,3.8972572297852,3.9752998555616594,1235200
2018-10-03,4.048464775085449,4.053342555018045,3.926523067794747,3.926523067794747,296800
2018-10-04,4.019198894500732,4.155773952933332,3.975299801802449,4.0972415192217975,839400
2018-10-05,4.019198894500732,4.024076674838483,3.9411562697796674,4.019198894500732,175600
2018-10-08,3.950911045074463,4.024075874913728,3.950911045074463,4.0191980955456055,188800
2018-10-09,3.9411559104919434,3.960666564893559,3.9265230359834047,3.950911470278098,107400
2018-10-10,3.804581880569458,3.907012947302239,3.7070283618506576,3.907012947302239,1342800
2018-10-11,3.853358507156372,3.853358507156372,3.511921541978878,3.658251703138572,1227400
2018-10-12,3.8094594478607178,3.8582360911742555,3.7314168185590573,3.794826571159347,295000
2018-10-15,3.853358507156372,3.9509120254579617,3.82897006943463,3.921645807157719,1069600
2018-10-16,3.9118905067443848,3.9460340386681003,3.853358305788048,3.853358305788048,772200
2018-10-17,3.9411559104919434,3.950911470278098,3.911890161474866,3.950911470278098,328800
2018-10-18,3.9460341930389404,3.965544849925864,3.9411564125245215,3.946034193038941,515400
2018-10-19,3.926523447036743,3.9509118838845723,3.85823591689697,3.902135010188914,1285000
2018-10-22,3.8094594478607178,3.9167680631505006,3.8094594478607178,3.892379857786423,264600
2018-10-23,3.853358507156372,3.897257369435977,3.814337192869888,3.814337192869888,436600
2018-10-24,3.7460498809814453,3.863114063323106,3.707028564396023,3.85335873417675,366000
2018-10-25,3.648496389389038,3.7070283610565515,3.5216768848573787,3.7070283610565515,1575200
2018-10-26,3.702150583267212,3.7558047710063267,3.619230178925387,3.7119059112729933,1165800
2018-10-29,3.516798973083496,3.6680066672103915,3.511921192989714,3.638740684403769,582000
2018-10-30,3.389979600906372,3.5460650806170984,3.389979600906372,3.5070437688357576,1357800
2018-10-31,3.5655758380889893,3.599719603163081,3.419245914740107,3.419245914740107,769200
2018-11-01,3.575331211090088,3.624107852817266,3.5655758827446524,3.5899643199009286,178800
2018-11-02,3.72166109085083,3.72166109085083,3.6094747069658983,3.6289853621993338,321800
2018-11-05,3.87774658203125,3.90701279934838,3.6875175649821346,3.7216613301285384,448200
2018-11-07,3.8143370151519775,3.877746531620443,3.7655601419811093,3.877746531620443,432600
2018-11-08,3.726538896560669,3.872869053535312,3.677762255097579,3.853358396950076,834200
2018-11-09,3.726538896560669,3.794826427194368,3.7119060204144283,3.726538896560669,54200
2018-11-12,3.755805015563965,3.755805015563965,3.7167837009999833,3.7167837009999833,43200
2018-11-13,3.726538896560669,3.736294224853287,3.638740941927107,3.707028239975433,128000
2018-11-14,3.6631290912628174,3.794826129162852,3.6533735311509923,3.794826129162852,174800
2018-11-15,3.7119061946868896,3.7704381671906497,3.624108003345866,3.6631295509337565,1128800
2018-11-16,3.6923954486846924,3.785071185887045,3.6875176681336,3.71678365368402,413800
2018-11-19,3.7167835235595703,3.746049508085389,3.692395319414073,3.692395319414073,28600
2018-11-21,3.7119061946868896,3.716783742769511,3.658251770265751,3.6875177565176314,721800
2018-11-22,3.702150583267212,3.7119059112729933,3.702150583267212,3.7119059112729933,33600
2018-11-23,3.619230031967163,3.702150432942019,3.619230031967163,3.6680066700155027,118000
2018-11-26,3.570453643798828,3.6289856135532252,3.570453643798828,3.6289856135532252,161800
2018-11-27,3.5119214057922363,3.5850864835348597,3.4680225452149585,3.5802089357308824,269800
2018-11-28,3.4875335693359375,3.511921776098119,3.468022910892034,3.511921776098119,362000
2018-11-29,3.472900152206421,3.5314321223639125,3.463144823846839,3.5265545744768088,571600
2018-11-30,3.414368152618408,3.472900122271377,3.4046128243429132,3.472900122271377,583800
2018-12-03,3.424123764038086,3.487533519364904,3.409490654122131,3.4338790931202587,863400
2018-12-04,3.414368152618408,3.4533894657203876,3.4046128243429132,3.4387565895998313,1252200
2018-12-05,3.414368152618408,3.4436341374448927,3.3899797156369846,3.4046128243429132,684000
2018-12-06,3.424123764038086,3.424123764038086,3.409490654122131,3.409490654122131,213400
2018-12-07,3.4582669734954834,3.5021658309814674,3.4143678834241453,3.463144520955991,533800
2018-12-10,3.414368152618408,3.4582672461508213,3.4094903721879746,3.4582672461508213,467000
2018-12-11,3.360713243484497,3.4143676575121544,3.316814388903085,3.4143676575121544,489600
2018-12-12,3.341203212738037,3.409490513496716,3.3216925553784145,3.3216925553784145,216200
2018-12-13,3.3558363914489746,3.3607139395970567,3.3168150759227704,3.3460810625674235,333800
2018-12-14,3.1802403926849365,3.360714102007952,3.1704850633319466,3.355836553624156,1062000
2018-12-17,3.0436646938323975,3.1217075393102536,2.9997658403730196,3.111952212698688,1087200
2018-12-18,2.9802560806274414,3.024154947247652,2.9266016518856257,3.024154947247652,1809800
2018-12-19,2.911968231201172,3.0046439682190154,2.911968231201172,2.975377982726861,363200
2018-12-20,3.014399290084839,3.048543056043259,2.902212896319032,2.902212896319032,807400
2018-12-21,3.063176393508911,3.0680539418179635,2.950989991375972,2.975378198092023,268200
2018-12-24,3.0290322303771973,3.048542886242319,2.9753778104554307,3.038787558309758,155600
2018-12-26,2.9851326942443848,3.04366465313106,2.9607444943342682,3.0143986736877224,178200
2018-12-27,3.0773308277130127,3.0919846531575224,2.99917623797499,3.0382534163848236,909600
2018-12-28,3.023599624633789,3.1066387461392093,3.0187148608189487,3.057792272582597,53800
2018-12-31,3.07244610786438,3.106638755920848,3.0235996341539684,3.0235996341539684,860000
2019-01-02,2.9942920207977295,3.0577925588248376,2.9942920207977295,3.0577925588248376,68800
2019-01-03,2.8428683280944824,2.989407788562185,2.7891370761304475,2.989407788562185,852600
2019-01-04,2.8135600090026855,2.8379831322481976,2.7842518884386527,2.8233293048845676,616400
2019-01-07,2.872175693511963,2.881944989085063,2.833098511219563,2.833098511219563,294200
2019-01-08,2.8575215339660645,2.886829419662524,2.847752238733911,2.8721755932734796,274000
2019-01-09,2.8819453716278076,2.8917146684976616,2.8624067778880997,2.8624067778880997,728600
2019-01-10,2.9649839401245117,2.9942918250864055,2.881944816273296,2.930791291209786,298000
2019-01-11,2.9942920207977295,3.02359990767523,2.9698686652739554,2.9698686652739554,218800
2019-01-14,2.979637861251831,3.0138305112579347,2.9552147394632193,2.994291920659696,82600
2019-01-15,2.9649839401245117,2.9942918250864055,2.940560586197084,2.9942918250864055,202000
2019-01-16,2.979637861251831,3.057792456563157,2.9600992706535925,2.9698685659527118,523400
2019-01-17,3.165254592895508,3.1847931828026486,2.9894070508128787,2.9894070508128787,517800
2019-01-18,3.1506009101867676,3.2678326965454154,3.1506009101867676,3.17013950242681,153200
2019-01-22,3.2189860343933105,3.272717043563783,3.077331132183194,3.184793383442518,305400
2019-01-23,3.272716999053955,3.297140354103554,3.1506006896427126,3.19944739974191,361000
2019-01-24,3.272716999053955,3.3557561267205402,3.2531784081816264,3.2922555899262838,373000
2019-01-25,3.345986843109131,3.3606409027743527,3.321563720891596,3.3411023118329743,1707400
2019-01-28,3.336217164993286,3.3606405173279774,3.306909281942666,3.3606405173279774,131800
2019-01-29,3.2434091567993164,3.321563754268548,3.17502408781732,3.321563754268548,100200
2019-01-30,3.248293876647949,3.297140353824639,3.2238705216004164,3.248293876647949,120600
2019-01-31,3.2678322792053223,3.2922553999270634,3.2531782204375874,3.2727168101823256,272200
2019-02-04,3.2678322792053223,3.2678322792053223,3.2678322792053223,3.2678322792053223,0
2019-02-07,3.223870277404785,3.267832219993048,3.1799085677348806,3.2434088667954892,1172600
2019-02-08,3.209216833114624,3.223870660439524,3.209216833114624,3.223870660439524,12400
2019-02-11,3.209216833114624,3.223870660439524,3.209216833114624,3.2189861289706863,190200
2019-02-12,3.204331874847412,3.2385245247339762,3.179908753144185,3.2385245247339762,195200
2019-02-13,3.253178596496582,3.2971405449633107,3.204332116488211,3.2238707084915594,533400
2019-02-14,3.302025556564331,3.3313334467629105,3.2238709497830453,3.253178839981625,333400
2019-02-15,3.3606410026550293,3.385064125598437,3.3117945238498305,3.3215638196108705,765600
2019-02-18,3.4046027660369873,3.4192568263482848,3.3704103468412723,3.3850641742341825,1217600
2019-02-19,3.409487724304199,3.414372256073433,3.3655257737890976,3.3997184278473322,222200
2019-02-20,3.409487724304199,3.4241417854487,3.370410538476731,3.414372256073433,985800
2019-02-21,3.3948333263397217,3.438795272493118,3.38506403085212,3.438795272493118,134600
2019-02-22,3.3313329219818115,3.3948332242830666,3.3215636267878974,3.3948332242830666,305800
2019-02-25,3.2678322792053223,3.35087140207964,3.2629475153099565,3.336217343311905,314600
2019-02-26,3.2873709201812744,3.306909510230507,3.24829374008281,3.2580630351074262,127600
2019-02-27,3.4241416454315186,3.4290261770010178,3.3606411045992948,3.3997182888288506,1386000
2019-02-28,3.419257164001465,3.4290264608675898,3.38994927340309,3.419257164001465,1386400
2019-03-01,3.4290266036987305,3.4387959009717814,3.3704108200604255,3.3948339467838426,686000
2019-03-04,3.50229549407959,3.5267186141389852,3.409487078849833,3.4290256680646913,1335000
2019-03-05,3.5120651721954346,3.5267189992475605,3.477872520876505,3.5071804078991384,2933800
2019-03-06,3.5364882946014404,3.5902195372639256,3.516949703254788,3.516949703254788,1128800
2019-03-07,3.5609116554260254,3.575565715416531,3.51694970837289,3.51694970837289,1472800
2019-03-08,3.5511419773101807,3.565796035722567,3.463218325590934,3.5511419773101807,1499600
2019-03-11,3.526718854904175,3.531603619000545,3.516949559629807,3.526718854904175,500200
2019-03-12,3.526718854904175,3.531603619000545,3.516949559629807,3.5218343237261767,483800
2019-03-13,3.482757568359375,3.4925268648279375,3.4485649142602055,3.4778728036658935,479800
2019-03-14,3.472987413406372,3.487641238027751,3.4583333558666505,3.472987413406372,518600
2019-03-15,3.5218346118927,3.556027264609915,3.4729881315241005,3.4729881315241005,625600
2019-03-18,3.50229549407959,3.5462574362722,3.50229549407959,3.5218340832944484,455600
2019-03-19,3.4241416454315186,3.5022960138906307,3.4241416454315186,3.5022960138906307,684000
2019-03-20,3.4290266036987305,3.4583344955178834,3.424142071521415,3.4387959009717814,297400
2019-03-21,3.516949415206909,3.5609113585954635,3.438795056221357,3.4436798201171355,597400
2019-03-22,3.526718854904175,3.5999886859211236,3.516949559629807,3.516949559629807,602000
2019-03-25,3.4925270080566406,3.4974115400320365,3.4632191174490345,3.4729884143182366,102200
2019-03-26,3.482757568359375,3.536488582477269,3.458334210728768,3.468103507197331,32800
2019-03-27,3.546257972717285,3.565796564887761,3.4778726672022273,3.482757431704042,438000
2019-03-28,3.5755650997161865,3.5755650997161865,3.5267183967713276,3.5462572177002762,718200
2019-03-29,3.5071799755096436,3.580449800492205,3.5022954447339276,3.580449800492205,111200
2019-04-01,3.5071799755096436,3.5364878589189974,3.4681027976305048,3.4778720921002892,213800
2019-04-02,3.4534497261047363,3.5071807409562368,3.4241418362988982,3.482757615910574,645800
2019-04-03,3.4290266036987305,3.4632192606136183,3.424142071521415,3.4534499633405678,2766000
2019-04-04,3.4681036472320557,3.4876422409581083,3.429026459779951,3.429026459779951,2547000
2019-04-05,3.4974117279052734,3.5169503226932477,3.4436807086975563,3.4681038357233125,70800
2019-04-08,3.4876415729522705,3.5022956318992478,3.4729877469236583,3.497410867944134,155800
2019-04-09,3.4876415729522705,3.5071801629359967,3.458333687976681,3.497410867944134,410000
2019-04-10,3.4632184505462646,3.487641571556969,3.4632184505462646,3.487641571556969,58200
2019-04-11,3.472987413406372,3.472987413406372,3.4436795312452717,3.468102649920351,118200
2019-04-12,3.45833420753479,3.45833420753479,3.41437225700766,3.44368037930468,1013800
2019-04-15,3.45833420753479,3.45833420753479,3.44856491107525,3.45833420753479,804000
2019-04-16,3.4485650062561035,3.4583343029852776,3.4436804743507197,3.4583343029852776,336000
2019-04-17,3.4436800479888916,3.4534493435085296,3.4339107524692536,3.438795283769884,382600
2019-04-18,3.477872848510742,3.48275761326721,3.443680426889085,3.443680426889085,94200
2019-04-19,3.4534497261047363,3.487642147752345,3.4534497261047363,3.468103554548453,7800
2019-04-22,3.4925270080566406,3.5022963049258427,3.453449820579833,3.453449820579833,259600
2019-04-23,3.5071799755096436,3.516949269979428,3.4925261502641427,3.5071799755096436,165000
2019-04-24,3.5560269355773926,3.5560269355773926,3.516949521979882,3.516949521979882,258200
2019-04-25,3.5413732528686523,3.5560273136404783,3.526719192096827,3.5560273136404783,54800
2019-04-26,3.5120651721954346,3.541373059218068,3.4436801024759567,3.541373059218068,1046400
2019-04-29,3.50229549407959,3.512064788687019,3.4925261994721604,3.50229549407959,1256000
2019-04-30,3.50229549407959,3.5169493195315558,3.4925261994721604,3.497410730316697,745800
2019-05-02,3.5120651721954346,3.521834467869646,3.497411112224927,3.5169497035733497,449800
2019-05-03,3.516949415206909,3.516949415206909,3.262947515585503,3.5120648842294933,343800
2019-05-06,3.45833420753479,3.5120654545214607,3.41925702169663,3.5120654545214607,498800
2019-05-07,3.4925270080566406,3.4925270080566406,3.453449820579833,3.458334352555229,104200
2019-05-08,3.4925270080566406,3.5071808369012385,3.424141929972227,3.4290264619476227,417600
2019-05-09,3.4436800479888916,3.5071803524073504,3.4436800479888916,3.50229582110672,136000
2019-05-10,3.4436800479888916,3.468103170328798,3.4339107524692536,3.468103170328798,186000
2019-05-13,3.438795566558838,3.443680331179544,3.4046029129690867,3.443680331179544,199600
2019-05-14,3.4241416454315186,3.4339109414889077,3.394833524340961,3.419256880943629,513000
2019-05-15,3.4534497261047363,3.4534497261047363,3.409487774936778,3.4339111329008443,1068400
2019-05-16,3.433911085128784,3.492526863925006,3.433911085128784,3.463218974526895,181200
2019-05-17,3.45833420753479,3.46321897222376,3.4290263181561698,3.43391108284514,148800
2019-05-21,3.4290266036987305,3.468103792790934,3.375295352237741,3.4583344955178834,746000
2019-05-23,3.345986843109131,3.4290259710691773,3.321563720891596,3.4290259710691773,463000
2019-05-24,3.3606410026550293,3.380179594177109,3.3215638196108705,3.3215638196108705,555200
2019-05-27,3.3850643634796143,3.394833659927179,3.3655257705844845,3.394833659927179,135400
2019-05-28,3.5364882946014404,3.5364882946014404,3.3704102681548944,3.394833390879019,2091800
2019-05-29,3.477872848510742,3.497411441699805,3.4192570689435553,3.492526909861741,159400
2019-05-30,3.477872848510742,3.477872848510742,3.477872848510742,3.477872848510742,1000
2019-05-31,3.4143717288970947,3.4778722625214975,3.389948607985038,3.4778722625214975,518200
2019-06-03,3.45833420753479,3.46321897222376,3.3899491323180095,3.3899491323180095,45800
2019-06-04,3.4534497261047363,3.4534497261047363,3.4436804295027903,3.4485649613445615,86200
2019-06-05,3.4534497261047363,3.4534497261047363,3.4534497261047363,3.4534497261047363,0
2019-06-06,3.4534497261047363,3.4534497261047363,3.4534497261047363,3.4534497261047363,0
2019-06-07,3.438795566558838,3.453449627502559,3.4192569739128076,3.4241417385335136,103200
2019-06-10,3.4290266036987305,3.4387959009717814,3.389949414606527,3.4387959009717814,210400
2019-06-11,3.4534497261047363,3.463219022706682,3.4436804295027903,3.4436804295027903,55800
2019-06-12,3.4681036472320557,3.4681036472320557,3.433911224670669,3.453449818396721,27600
2019-06-13,3.4876415729522705,3.4876415729522705,3.463218451931795,3.463218451931795,111600
2019-06-14,3.4876415729522705,3.4876415729522705,3.4876415729522705,3.4876415729522705,0
2019-06-17,3.4290266036987305,3.4827578551597203,3.4290266036987305,3.433911368794466,15800
2019-06-18,3.4485650062561035,3.4681035997144516,3.4290264127977554,3.4485650062561035,266000
2019-06-19,3.389949321746826,3.4339112747305305,3.380180024741382,3.4339112747305305,137000
2019-06-20,3.3850643634796143,3.4094877210577264,3.311794756582078,3.380179831715032,368400
2019-06-21,3.4290266036987305,3.433911368794466,3.36552605496469,3.3704108200604255,191000
2019-06-24,3.4143717288970947,3.4143717288970947,3.3752945491031126,3.3752945491031126,14000
2019-06-25,3.419257164001465,3.4387957577337147,3.3948338053769476,3.419257164001465,300600
2019-06-26,3.419257164001465,3.4241419288937323,3.4046031022430725,3.419257164001465,542800
2019-06-27,3.4290542602539062,3.4388515487969147,3.42415549918951,3.4290542602539062,246800
2019-06-28,3.4241552352905273,3.429053995977377,3.414357947502594,3.419256708189444,62000
2019-07-01,3.4584460258483887,3.468243314108013,3.4388514493291393,3.4388514493291393,98400
2019-07-02,3.4584460258483887,3.4633447867710894,3.453547498511465,3.4633447867710894,126200
2019-07-03,3.4388515949249268,3.4437503560550335,3.4290543062504995,3.4437503560550335,32400
2019-07-04,3.4241552352905273,3.429053995977377,3.4094594204015105,3.429053995977377,22800
2019-07-05,3.4241552352905273,3.429053995977377,3.4045606597146607,3.414357947502594,20600
2019-07-08,3.4045603275299072,3.424154901193921,3.3947630406979004,3.424154901193921,134600
2019-07-09,3.394763469696045,3.4045607577661405,3.3702703663136924,3.4045607577661405,44800
2019-07-10,3.389864444732666,3.3947629712555947,3.3849656846239986,3.3947629712555947,51600
2019-07-11,3.3996622562408447,3.4192568325292596,3.3898649680966373,3.3898649680966373,103200
2019-07-12,3.419257164001465,3.4437505035293228,3.4045611135675906,3.419257164001465,102400
2019-07-15,3.4437503814697266,3.4682434865436584,3.4241555703904765,3.4437503814697266,239800
2019-07-16,3.375168561935425,3.4241549974728387,3.3555739877204593,3.419256470711972,402800
2019-07-17,3.370270252227783,3.375168779304126,3.3555742038272247,3.375168779304126,388800
2019-07-18,3.3506758213043213,3.3800676857876852,3.335979772269752,3.3555743485919947,337000
2019-07-19,3.3604729175567627,3.370270205158384,3.3506756299551417,3.370270205158384,362000
2019-07-22,3.3996622562408447,3.4045607835200613,3.350675815519807,3.360473103664015,89400
2019-07-23,3.4094600677490234,3.4143585957801807,3.3702709091565213,3.3800681988046466,506800
2019-07-24,3.4290542602539062,3.4339530213183025,3.3849663450174763,3.4143582106465016,1301200
2019-07-25,3.453547239303589,3.453547239303589,3.4290539036999994,3.4290539036999994,973200
2019-07-26,3.4437503814697266,3.453547670216457,3.4045609928970153,3.4192570428100058,2972600
2019-07-29,3.4290542602539062,3.4535475984043194,3.419256971710898,3.443750309861311,1513400
2019-07-31,3.4241552352905273,3.429053995977377,3.419256708189444,3.429053995977377,1385600
2019-08-01,3.4290542602539062,3.4290542602539062,3.3947636335604847,3.404560922103493,2554600
2019-08-02,3.414357900619507,3.429053948892496,3.4094593735856855,3.429053948892496,352400
2019-08-05,3.4045603275299072,3.414357614361914,3.399661800906775,3.4045603275299072,1495000
2019-08-06,3.4241552352905273,3.4241552352905273,3.360472981461844,3.360472981461844,2154800
2019-08-07,3.433953046798706,3.4388515743136656,3.4241555245972144,3.4241555245972144,362200
2019-08-08,3.4388515949249268,3.4388515949249268,3.4290543062504995,3.4290543062504995,36000
2019-08-09,3.4388515949249268,3.4437503560550335,3.4339530673806067,3.4388515949249268,63200
2019-08-13,3.4290542602539062,3.443750309861311,3.4094596831678894,3.4388515487969147,467000
2019-08-14,3.4388515949249268,3.4388515949249268,3.4388515949249268,3.4388515949249268,200
2019-08-15,3.3653712272644043,3.3898645614798166,3.3653712272644043,3.380067274510801,796600
2019-08-16,3.389864444732666,3.4192563046274547,3.3653711113608056,3.3653711113608056,154000
2019-08-19,3.3800675868988037,3.3947634019176505,3.375168826168676,3.375168826168676,442600
2019-08-20,3.3604729175567627,3.380067492760005,3.3555741569630713,3.380067492760005,275200
2019-08-21,3.3996622562408447,3.3996622562408447,3.350675815519807,3.3555743427990237,86200
2019-08-22,3.4045603275299072,3.419256374570789,3.3751684670338866,3.3947630406979004,865000
2019-08-23,3.370270252227783,3.394763354781028,3.370270252227783,3.370270252227783,26000
2019-08-26,3.3065879344940186,3.3457770874550383,3.238006916812234,3.3457770874550383,1154800
2019-08-27,3.4976348876953125,3.4976348876953125,3.2869930908572345,3.326182240633085,306800
2019-08-28,3.4290542602539062,3.448648837339923,3.3849663450174763,3.448648837339923,828000
2019-08-29,3.4290542602539062,3.443750309861311,3.4094596831678894,3.4290542602539062,544600
2019-08-30,3.4241552352905273,3.433952756664227,3.399662132613577,3.429053995977377,556600
2019-09-03,3.3653712272644043,3.4241549490784973,3.355573940295389,3.3849658012024353,46600
2019-09-04,3.3457767963409424,3.380067418991116,3.3408782694399215,3.3604728442155185,89600
2019-09-05,3.389864444732666,3.389864444732666,3.3506752982062804,3.3506752982062804,51400
2019-09-06,3.4045603275299072,3.409459087738782,3.3653711802018798,3.3653711802018798,297400
2019-09-10,3.4388515949249268,3.4388515949249268,3.340878708180656,3.340878708180656,142200
2019-09-11,3.4388515949249268,3.453547644729461,3.4290543062504995,3.4290543062504995,46400
2019-09-12,3.468243360519409,3.482939409898395,3.4388514953472185,3.4388514953472185,563400
2019-09-13,3.49273681640625,3.507432632696437,3.4633449502400873,3.4633449502400873,392400
2019-09-17,3.49273681640625,3.507432632696437,3.458446189086166,3.4878380552523285,193200
2019-09-18,3.5221283435821533,3.5270268706788235,3.478040431783294,3.478040431783294,440800
2019-09-19,3.5221283435821533,3.5270268706788235,3.502533768023942,3.502533768023942,55600
2019-09-20,3.527026891708374,3.531925652420018,3.5074323160333316,3.5074323160333316,157000
2019-09-23,3.531925916671753,3.551520493812823,3.5074325784525233,3.522128628101218,115200
2019-09-24,3.6347975730895996,3.6494933891914623,3.5270271649422753,3.5319259260334195,684600
2019-09-25,3.6494927406311035,3.6494927406311035,3.595607779719256,3.6249996402854667,247000
2019-09-26,3.664189338684082,3.664189338684082,3.639696001069686,3.6494932893982885,110200
2019-09-27,3.6543917655944824,3.673986340724821,3.6494930050190177,3.6641890531596517,80800
2019-09-30,3.683783769607544,3.683783769607544,3.6494931450211126,3.6494931450211126,173800
2019-10-01,3.796452522277832,3.8062498097660864,3.673986311881773,3.673986311881773,548000
2019-10-02,3.918919324874878,3.953209719472625,3.796453095972538,3.8062503849412934,2022000
2019-10-03,3.8993241786956787,3.958107903941762,3.8454389804272227,3.889526891154665,1025400
2019-10-04,4.06097936630249,4.114864328681525,3.918918586238215,3.918918586238215,1359000
2019-10-07,4.021790027618408,4.065877934376057,3.9923979340561497,4.065877934376057,242400
2019-10-08,3.9483113288879395,4.016892116407627,3.928716751429232,3.938513806572797,328600
2019-10-09,3.9238178730010986,3.9483112108853486,3.8650339087960557,3.9483112108853486,1219000
2019-10-10,3.9091219902038574,3.928716801498076,3.8503382570785765,3.918919279058071,120600
2019-10-11,3.918919324874878,3.9483114253669385,3.8944259856600922,3.9091220359061225,476400
2019-10-14,3.8699324131011963,3.938513427607785,3.7866553501217415,3.938513427607785,364600
2019-10-15,3.977703332901001,3.997297912189316,3.860135857171108,3.860135857171108,601400
2019-10-16,4.06097936630249,4.070776887010406,3.982601069325166,3.982601069325166,895600
2019-10-17,4.06097936630249,4.075675180192864,4.031587271350244,4.06097936630249,185200
2019-10-18,4.041385650634766,4.056081467647208,4.021791072227643,4.051183173424127,746600
2019-10-21,4.06097936630249,4.0658781266564485,4.041384792058159,4.041384792058159,245800
2019-10-22,3.9679057598114014,4.056081121533469,3.9679057598114014,4.056081121533469,279200
2019-10-23,3.9728035926818848,3.9826011134984705,3.9483107249834317,3.9679052994450976,507000
2019-10-24,3.953209638595581,3.9630071609496875,3.943412583413054,3.943412583413054,99400
2019-10-25,3.718074321746826,3.8405405354161073,3.693580985578664,3.7229728488289995,5669800
2019-10-29,3.6494927406311035,3.703377935128695,3.5907090194986826,3.703377935128695,1134200
2019-10-30,3.6494927406311035,3.6739860745624844,3.6445942139962737,3.6494927406311035,203800
2019-10-31,3.7866549491882324,3.7866549491882324,3.644594174530332,3.644594174530332,1112800
2019-11-01,3.722972869873047,3.801351405902741,3.6788851915412213,3.796452645207112,326200
2019-11-04,3.796452522277832,3.796452522277832,3.7768579473013233,3.791553761740825,107600
2019-11-05,3.7719595432281494,3.811148930470465,3.7719595432281494,3.796452881056374,896800
2019-11-06,3.7523648738861084,3.8062500756282054,3.7474663465927045,3.8062500756282054,69600
2019-11-07,3.796452522277832,3.796452522277832,3.7523646117878076,3.7523646117878076,94400
2019-11-08,3.8405401706695557,3.8846278445650504,3.811148310210645,3.811148310210645,801400
2019-11-11,3.8699324131011963,3.8699324131011963,3.722972862715597,3.722972862715597,434200
2019-11-12,3.7719595432281494,3.8846284767835764,3.752364966399882,3.8699326609552664,301200
2019-11-13,3.77685809135437,3.781756618492452,3.7719593306305197,3.7719593306305197,51600
2019-11-14,3.80135178565979,3.8111490744440353,3.7719596857212645,3.7719596857212645,7600
2019-11-15,3.796452522277832,3.8062498097660864,3.7768579473013233,3.796452522277832,1320000
2019-11-18,3.855236291885376,3.8650335794871706,3.7964525662746103,3.7964525662746103,44200
2019-11-19,3.8405401706695557,3.8405401706695557,3.801351023391008,3.806249550007955,4800
2019-11-20,3.8454394340515137,3.8699327725862664,3.8454394340515137,3.8699327725862664,16400
2019-11-21,3.820945978164673,3.8454390808640486,3.811148690367769,3.811148690367769,1800
2019-11-22,3.816047430038452,3.8356420067237353,3.7719595157036756,3.811148902660021,447000
2019-11-25,3.796452522277832,3.796452522277832,3.7817564742525707,3.796452522277832,19000
2019-11-26,4.011992931365967,4.011992931365967,3.8209459381213904,3.830743225815619,439400
2019-11-27,3.894425630569458,3.918918967550961,3.8846283424940116,3.918918967550961,88200
2019-11-28,3.820945978164673,3.914020095442374,3.8013514025708655,3.8699324171491907,67000
2019-11-29,3.796452522277832,3.8062498097660864,3.7817564742525707,3.8013512828148386,64600
2019-12-02,3.781757116317749,3.791554405469383,3.781757116317749,3.781757116317749,27400
2019-12-03,3.8062493801116943,3.8062493801116943,3.7768575209647226,3.7817560473630185,12000
2019-12-04,3.796452522277832,3.8013512828148386,3.7866552347895777,3.791553761740825,1215200
2019-12-05,3.8258450031280518,3.8307437644568636,3.796453135912573,3.796453135912573,12400
2019-12-06,3.80135178565979,3.8209463632282805,3.80135178565979,3.80135178565979,13000
2019-12-09,3.80135178565979,3.8209463632282805,3.7964530244747725,3.8209463632282805,10600
2019-12-10,3.7915539741516113,3.8356418871115325,3.7915539741516113,3.796452734963057,23000
2019-12-11,3.80135178565979,3.80135178565979,3.776858446906282,3.791554263289755,115600
2019-12-12,3.835641622543335,3.835641622543335,3.8013512335715274,3.820945808294205,51400
2019-12-13,3.8307430744171143,3.8356416012777474,3.8013512124960527,3.8013512124960527,12600
2019-12-16,3.855236291885376,3.8650335794871706,3.8454390042835818,3.8454390042835818,132600
2019-12-17,3.8699324131011963,3.894425515774952,3.8552363646283303,3.8552363646283303,78600
2019-12-18,3.8895270824432373,3.8895270824432373,3.8895270824432373,3.8895270824432373,11000
2019-12-19,3.8699324131011963,3.884628227988297,3.8699324131011963,3.879729700887852,51400
2019-12-20,3.860135316848755,3.8699326051215373,3.8405407403031897,3.8699326051215373,135600
2019-12-23,3.860135316848755,3.884628420737822,3.8552365559194746,3.860135316848755,119200
2019-12-24,3.860135316848755,3.860135316848755,3.860135316848755,3.860135316848755,528600
2019-12-26,3.860135316848755,3.860135316848755,3.845439267646692,3.860135316848755,631400
2019-12-27,3.8895270824432373,3.8895270824432373,3.8552364575703812,3.8601352183746913,437400
2019-12-30,3.8833978176116943,3.8981075267565175,3.878494425359013,3.8981075267565175,76000
2019-12-31,3.8833978176116943,3.888300976057765,3.878494425359013,3.8833978176116943,240000
2020-01-02,3.8833978176116943,3.8833978176116943,3.878494425359013,3.878494425359013,6000
2020-01-03,3.922624111175537,3.9569469225120883,3.8833979074728404,3.8833979074728404,704600
2020-01-06,3.937333822250366,3.9471406069866166,3.8981076185318324,3.8981076185318324,694800
2020-01-07,3.9324307441711426,3.942237060911814,3.922623959817256,3.922623959817256,583600
2020-01-08,3.922624111175537,3.932430895907828,3.922624111175537,3.922624111175537,1107800
2020-01-09,3.922624111175537,3.9275275035416826,3.922624111175537,3.922624111175537,207800
2020-01-10,4.0648193359375,4.0648193359375,3.9226242264338045,3.9226242264338045,524000
2020-01-13,4.167788505554199,4.192305002050703,4.05991620153755,4.05991620153755,1149400
2020-01-14,4.13346529006958,4.157981316574685,4.13346529006958,4.143271607148976,170800
2020-01-15,4.363919258117676,4.437468742817583,4.118755244344475,4.118755244344475,2239200
2020-01-16,4.417855739593506,4.471791655493609,4.275660627117544,4.363919356080145,4605000
2020-01-17,4.447274684906006,4.466887785648191,4.368822281937265,4.427661584163821,2498600
2020-01-20,4.569857120513916,4.618890110887008,4.461985289874316,4.461985289874316,1440400
2020-01-21,4.569857120513916,4.569857120513916,4.4325654021278105,4.4325654021278105,797800
2020-01-22,4.530631065368652,4.560050954089892,4.457082044985456,4.560050954089892,970000
2020-01-23,4.574759483337402,4.59437258154926,4.5306298954574356,4.535533286913687,3292800
2020-01-24,4.560050010681152,4.5747597181919115,4.5551466189731755,4.560050010681152,444400
2020-01-28,4.511017799377441,4.5257275094008405,4.471791594239544,4.501211481899593,281400
2020-01-29,4.69243860244751,4.69243860244751,4.501210990193035,4.501210990193035,1508400
2020-01-30,4.613986492156982,4.687535974111346,4.609083099837379,4.687535974111346,301200
2020-01-31,4.560050010681152,4.5992762091186234,4.5502432272652,4.5502432272652,1667400
2020-02-03,4.442371845245361,4.4914043642303625,4.314886454180569,4.442371845245361,1369600
2020-02-04,4.501210689544678,4.555146595211555,4.442371392195402,4.442371392195402,235200
2020-02-05,4.594372272491455,4.609081978257558,4.461983985370301,4.461983985370301,74800
2020-02-06,4.60908317565918,4.618889960459713,4.604180250872149,4.613986568059446,522800
2020-02-07,4.540436744689941,4.6581153356799625,4.466887274611313,4.609082355627543,310600
2020-02-10,4.417855739593506,4.540437749231861,4.393339244143183,4.540437749231861,342400
2020-02-11,4.461985111236572,4.481598213077939,4.41295212282654,4.41295212282654,768200
2020-02-12,4.452178001403809,4.461984785415001,4.43746829300022,4.461984785415001,138600
2020-02-13,4.403145790100098,4.452178783543567,4.398242864846376,4.452178783543567,472000
2020-02-14,4.3884358406066895,4.4178557285964954,4.319790214652569,4.412952335995985,993000
2020-02-17,4.363919258117676,4.442372135320227,4.349209548222992,4.388435753017645,370600
2020-02-18,4.314887523651123,4.359017129004661,4.290371024275454,4.359017129004661,618200
2020-02-19,4.314887523651123,4.354113735606861,4.290371024275454,4.290371024275454,463800
2020-02-20,4.314887523651123,4.339404023026792,4.290371024275454,4.324693842833391,1322200
2020-02-21,4.373725891113281,4.3884356004967255,4.305079801301824,4.314886585966274,304000
2020-02-24,4.309983253479004,4.354112849855315,4.309983253479004,4.354112849855315,1214200
2020-02-25,4.32469367980957,4.334500466235493,4.280564076119544,4.295274255758429,261800
2020-02-26,4.314887523651123,4.334500629628992,4.309984130253323,4.319790917048923,436600
2020-02-27,4.251143455505371,4.3050793628267465,4.241336671839749,4.3050793628267465,223600
2020-02-28,4.118755340576172,4.216821322467289,4.059916032009456,4.216821322467289,1380600
2020-03-02,4.0550127029418945,4.064819019585896,4.040302526556075,4.040302526556075,1270200
2020-03-03,4.094239234924316,4.1187552623180235,4.055013029958488,4.055013029958488,1349000
2020-03-04,4.015786170959473,4.094239044862457,4.005979853979866,4.094239044862457,515400
2020-03-05,4.0648193359375,4.0648193359375,4.010883421164804,4.020689738572,156400
2020-03-06,4.0550127029418945,4.0942389047443255,4.045205918684681,4.064819019585896,226000
2020-03-09,3.893204689025879,3.9961733629418528,3.677460322074071,3.9961733629418528,280400
2020-03-10,3.922624111175537,3.9275275035416826,3.7313962512215824,3.7313962512215824,106200
2020-03-11,3.9471402168273926,3.9814630247851266,3.922623725023359,3.922623725023359,85400
2020-03-12,3.8245582580566406,3.9226237584964125,3.73629907385425,3.9226237584964125,513600
2020-03-13,3.7264928817749023,3.8196552330451023,3.6823635192412634,3.736299432760891,1042800
2020-03-16,3.4126832485198975,3.677460376956214,3.383263593561044,3.677460376956214,344800
2020-03-17,3.662750005722046,3.726492700941067,2.9860975529112124,3.1871319552717794,1083800
2020-03-18,3.471522569656372,3.579394871994076,3.4568128590327256,3.579394871994076,681400
2020-03-19,3.334230422973633,3.4666189708201576,3.2361646847646406,3.4666189708201576,627000
2020-03-20,3.363650321960449,3.4813289359080084,3.187132167232488,3.427392787612066,615200
2020-03-23,3.2410683631896973,3.3342307175048176,3.113582962398493,3.1871322141006013,374200
2020-03-24,3.348940134048462,3.388166335836565,3.2655843383454406,3.2655843383454406,42600
2020-03-25,3.4617154598236084,3.4666188517786507,3.397972767247638,3.397972767247638,414400
2020-03-26,3.4126832485198975,3.466619399514446,3.2851978432248976,3.466619399514446,105200
2020-03-27,3.608814239501953,3.6774600958248307,3.3734567840168994,3.432296089436509,678800
2020-03-30,3.4813287258148193,3.677459971031135,3.4322959729623923,3.4813287258148193,121000
2020-03-31,3.4960384368896484,3.61862042780045,3.4813284951054513,3.4813284951054513,98000
2020-04-01,3.4617154598236084,3.520554760444536,3.4322958095131444,3.4960385020891147,104000
2020-04-02,3.6039109230041504,3.6039109230041504,3.4813289172298143,3.4813289172298143,100800
2020-04-03,3.608814239501953,3.6774600958248307,3.5793945867921484,3.603910847147011,309800
2020-04-06,3.677459955215454,3.677459955215454,3.599007550988972,3.6039107093498237,64600
2020-04-07,3.751009464263916,3.7755257254015278,3.677460213237835,3.7264929693196813,98400
2020-04-08,3.7755258083343506,3.7804292009535545,3.7510095466582176,3.7510095466582176,413400
2020-04-09,3.976560115814209,4.069722702460542,3.7755257003112996,3.7755257003112996,54800
2020-04-10,3.922624111175537,3.922624111175537,3.8343651528444695,3.922624111175537,74000
2020-04-13,3.922624111175537,3.922624111175537,3.922624111175537,3.922624111175537,0
2020-04-14,3.8833978176116943,3.9226240204067038,3.873591266912942,3.9226240204067038,31600
2020-04-15,3.9324307441711426,3.947140453088757,3.8833977576281407,3.8833977576281407,364600
2020-04-16,3.92752742767334,3.9716570228897274,3.8490747879768055,3.8490747879768055,156400
2020-04-17,3.996173143386841,4.059915841580942,3.966753724290016,3.971657116677232,277200
2020-04-20,3.9618496894836426,3.996172495402195,3.8833972944622888,3.996172495402195,693800
2020-04-21,3.9177207946777344,3.9177207946777344,3.8539783293297605,3.8981076924465703,63200
2020-04-22,3.8833978176116943,3.8833978176116943,3.8833978176116943,3.8833978176116943,317800
2020-04-23,3.9128174781799316,3.9128174781799316,3.8735912752999906,3.8735912752999906,154600
2020-04-24,3.94223690032959,3.94223690032959,3.8981073077610966,3.922623800033948,69400
2020-04-27,3.9471402168273926,3.947140216827392,3.912817175063064,3.912817175063064,100600
2020-04-28,3.9716570377349854,3.9961730639573037,3.8883010054554563,3.8883010054554563,647400
2020-04-29,4.0010762214660645,4.015785929858943,3.9569466286742303,3.996172829464039,203800
2020-04-30,4.0648193359375,4.0648193359375,4.020689738572,4.020689738572,157000
2020-05-04,4.020689487457275,4.059915689862656,3.9765598928479173,4.059915689862656,11600
2020-05-05,4.020689487457275,4.025592879661253,3.9471404748504906,3.9471404748504906,26600
2020-05-06,4.094239234924316,4.099142159835108,4.020689749903451,4.020689749903451,192000
2020-05-08,4.0746259689331055,4.094239070628977,4.0746259689331055,4.094239070628977,21400
2020-05-12,3.98146390914917,4.05011000792552,3.9765605161765825,4.045206614952932,48600
2020-05-13,4.020689487457275,4.045205980863943,3.956946791645227,3.9765598928479173,186400
2020-05-14,4.020689487457275,4.020689487457275,4.020689487457275,4.020689487457275,39600
2020-05-15,3.9912707805633545,4.005980492182819,3.9814639944081773,4.005980492182819,185200
2020-05-18,3.922624111175537,3.996173126214785,3.878494515106695,3.996173126214785,488600
2020-05-19,3.922624111175537,3.93733382066074,3.8833979074728404,3.8833979074728404,699600
2020-05-20,3.9177207946777344,3.9275275795999383,3.8981076924465703,3.8981076924465703,16400
2020-05-21,3.922624111175537,4.020689620432279,3.9030110093241888,3.9030110093241888,364600
2020-05-22,3.9667534828186035,3.9667534828186035,3.9128173388756156,3.9226238892464678,49200
2020-05-27,3.996173143386841,3.996173143386841,3.9324309128059753,3.9569469395155843,336000
2020-05-28,3.9716570377349854,4.001076456247057,3.9471405438994407,3.9961730639573037,409600
2020-05-29,4.21682071685791,4.3443056333034304,3.9422368487017025,3.996172756905069,1909800
2020-06-02,4.21682071685791,4.21682071685791,4.21682071685791,4.21682071685791,0
2020-06-03,4.177594184875488,4.329595581196461,4.167787401828637,4.290369384235362,341600
2020-06-04,4.07952880859375,4.314886491650508,4.07952880859375,4.2168209852157,493600
2020-06-05,4.148175239562988,4.265853857005549,4.148175239562988,4.162884949839993,122800
2020-06-09,4.197207450866699,4.197207450866699,4.0844317793927924,4.14817446890184,645200
2020-06-10,4.329596996307373,4.329596996307373,4.202111580709141,4.202111580709141,391200
2020-06-11,4.256047248840332,4.403145276795975,4.2119176534083484,4.354112756681836,413000
2020-06-12,4.236433982849121,4.26095000814807,4.069722392182299,4.157981112007575,337200
2020-06-15,4.21682071685791,4.30998282513885,4.172691124867342,4.172691124867342,1078800
2020-06-16,4.211917877197266,4.265853792472527,4.1726916719764855,4.177595064532396,181600
2020-06-17,4.211917877197266,4.226627587251746,4.2070144846413555,4.211917877197266,389400
2020-06-18,4.275660037994385,4.295273138129594,4.187400853579346,4.187400853579346,337000
2020-06-19,4.241336345672607,4.4129513057180105,4.19720722541047,4.309982423213398,417800
2020-06-22,4.256047248840332,4.3099831612498525,4.241337071954186,4.246240464249568,65800
2020-06-23,4.314887523651123,4.363920054789129,4.256048205717517,4.314887523651123,327600
2020-06-24,4.486501693725586,4.511018190968304,4.30508036231074,4.30508036231074,595400
2020-06-25,4.511017799377441,4.511017799377441,4.422759071623798,4.481598379330644,193200
2020-06-26,4.535533905029297,4.5404372971537965,4.51101741202001,4.51101741202001,412400
2020-06-29,4.486501693725586,4.511018190968304,4.476695375396473,4.511018190968304,50600
2020-06-30,4.481598854064941,4.511018277228129,4.417856147060301,4.511018277228129,248600
2020-07-01,4.623793125152588,4.623793125152588,4.501211126862122,4.506114051407699,359000
2020-07-02,4.584567070007324,4.65321269197707,4.564953968356936,4.6237932733081015,277400
2020-07-03,4.658115863800049,4.66301925588385,4.584566852995857,4.584566852995857,477400
2020-07-06,4.707148551940918,4.731664575584208,4.628695686397589,4.658115569427984,835200
2020-07-07,4.991539001464844,5.12883070535751,4.721858518108633,4.721858518108633,1941800
2020-07-08,5.02095890045166,5.089604992793898,4.981732695574166,5.001345798012913,1055800
2020-07-09,5.0180134773254395,5.135853208691326,5.0081932655848815,5.057293387780735,756600
2020-07-10,4.8608927726745605,4.978732957879902,4.8608927726745605,4.978732957879902,655400
2020-07-13,5.096573352813721,5.1063930964059665,4.8510736757124056,4.860893419304651,479200
2020-07-14,4.909992218017578,5.145671619720815,4.900172008819936,5.106391719436942,769800
2020-07-15,4.909992218017578,4.978732277641029,4.900172008819936,4.91981242721522,429400
2020-07-16,4.905083179473877,4.98855310278153,4.8216132561662235,4.909993285139845,255000
2020-07-17,4.929633140563965,4.9983732137468735,4.89526333809923,4.9099931865479105,133400
2020-07-20,4.929633140563965,4.97873325973082,4.8216131593489475,4.929633140563965,740200
2020-07-21,5.008193016052246,5.057293135801692,4.900173033555531,4.988553061803157,618200
2020-07-22,4.909992218017578,5.076932028350711,4.900172008819936,5.00819196872726,995400
2020-07-23,4.895262718200684,4.959092677733282,4.851072710197085,4.929632516313091,592000
2020-07-24,4.988553524017334,5.027833436154991,4.860893575443204,4.860893575443204,430200
2020-07-27,5.047472953796387,5.057293165104554,4.905083167602095,5.057293165104554,680000
2020-07-28,5.607212543487549,5.636672241892723,5.008193212958604,5.008193212958604,1939600
2020-07-29,5.813431739807129,5.813431739807129,5.204592725122125,5.5973917873360515,1489000
2020-07-30,6.029471397399902,6.029471397399902,5.705411927628499,5.81343190697011,2270600
2020-08-03,5.891992568969727,6.019652520344911,5.754512873471413,6.019652520344911,1115400
2020-08-04,6.019651889801025,6.137491616456155,5.901812163145895,5.901812163145895,1225600
2020-08-05,6.029471397399902,6.12767116577708,6.0196516546889,6.0196516546889,317600
2020-08-06,6.029471397399902,6.068751304750773,5.6464920666021925,6.039291608364335,830200
2020-08-07,5.891992568969727,6.0294722644680405,5.891992568969727,6.0294722644680405,290800
2020-08-10,5.695592880249023,5.9018126531436135,5.695592880249023,5.891992440980305,292000
2020-08-11,5.58757209777832,5.715232028332504,5.558111933706808,5.7054118175575255,368000
2020-08-12,5.793791770935059,5.8428914194515205,5.155492594193724,5.538471912937158,435000
2020-08-13,5.882172107696533,5.882172107696533,5.793792541314034,5.793792541314034,547000
2020-08-14,5.744690895080566,5.882170548315332,5.64649114277002,5.882170548315332,110200
2020-08-17,5.8625311851501465,5.8625311851501465,5.400992068927812,5.62685175599493,266000
2020-08-18,5.891992568969727,5.931272481969245,5.852712655970208,5.862532400093339,552000
2020-08-19,5.931271553039551,5.980371670725853,5.813431832496535,5.931271553039551,172600
2020-08-21,5.931271553039551,5.980371670725853,5.891991646191879,5.941091763878181,349600
2020-08-24,6.0883917808532715,6.108031736213954,5.911632182607128,5.93127213796781,1136400
2020-08-25,6.0883917808532715,6.127671691574636,5.9410923497748875,6.0392921265783,667600
2020-08-26,6.137490749359131,6.137490749359131,6.039290991020061,6.078570894355689,774200
2020-08-27,6.157130718231201,6.157130718231201,6.088390653075087,6.088390653075087,961800
2020-08-28,5.941092014312744,6.196411419585077,5.941092014312744,6.137491556829923,598800
2020-09-01,6.078571796417236,6.127671448746479,5.9509118575049875,5.9509118575049875,520000
2020-09-02,6.137490749359131,6.137490749359131,6.0589309426878755,6.117850797691316,451200
2020-09-03,6.294610023498535,6.373169825936371,6.157130369232323,6.157130369232323,383800
2020-09-04,6.137490749359131,6.294610362701642,5.891991119384765,6.294610362701642,353200
2020-09-07,6.137490749359131,6.137490749359131,5.9607311843488056,6.137490749359131,219600
2020-09-08,6.137490749359131,6.206230814323171,6.049110732727276,6.049110732727276,486000
2020-09-09,6.0392913818359375,6.108030982994886,5.960731570080903,5.970551312423575,662200
2020-09-10,5.793791770935059,6.098211277449421,5.74469165416518,6.0491111606795425,523200
2020-09-11,6.019651889801025,6.019651889801025,5.72505210490975,5.744692059352271,994200
2020-09-14,6.274971008300781,6.304431172733284,5.931271587273202,5.941091798168513,486000
2020-09-15,6.304430961608887,6.314250703921923,6.2160509395245,6.274970798162953,520000
2020-09-17,6.510651111602783,6.510651111602783,6.166951680407666,6.324071313353219,2266200
2020-09-18,6.186591148376465,6.549930505138153,6.17677093796233,6.510650599988425,1619200
2020-09-21,6.284791946411133,6.363351769650081,6.058932220472415,6.363351769650081,999800
2020-09-22,6.186591148376465,6.274970700836651,6.098211127662873,6.098211127662873,875800
2020-09-23,6.186591148376465,6.265150958675921,6.157130985387466,6.196410890537194,1324600
2020-09-24,6.186591148376465,6.274970700836651,6.157130985387466,6.186591148376465,1208600
2020-09-25,6.235691070556641,6.245511281403651,6.186591421081866,6.235691070556641,28800
2020-09-28,6.274971008300781,6.284791219196092,6.18659145151013,6.274971008300781,97000
2020-09-29,6.235691070556641,6.28479118828484,6.196411163675451,6.28479118828484,114400
2020-09-30,5.99019193649292,6.235691609859462,5.99019193649292,6.235691609859462,238200
2020-10-01,6.206231594085693,6.265151456491936,6.0196517956725355,6.0196517956725355,767200
2020-10-02,6.186591148376465,6.284790911250785,6.186591148376465,6.255330748261787,847000
2020-10-05,6.225871562957764,6.28479142550347,6.186591654593959,6.186591654593959,342600
2020-10-06,6.33389139175415,6.432091635799646,6.196411705645311,6.274971526278934,639800
2020-10-07,6.31425142288208,6.353531333113581,6.31425142288208,6.333891377997831,142800
2020-10-08,6.4026312828063965,6.471371357989229,6.314251253036106,6.314251253036106,457200
2020-10-09,6.363351345062256,6.461551117558666,6.333891179186607,6.3928115109379045,83000
2020-10-12,6.294610023498535,6.373169825936371,6.294610023498535,6.36335008475832,65000
2020-10-13,6.4026312828063965,6.412451494226852,6.255331389273731,6.3535311622110235,75000
2020-10-14,6.4026312828063965,6.4026312828063965,6.382991328218938,6.382991328218938,528800
2020-10-15,6.382991313934326,6.432091434419817,6.382991313934326,6.392811525332805,89600
2020-10-16,6.481190204620361,6.500830156491047,6.39281065532897,6.39281065532897,192000
2020-10-19,6.61867094039917,6.677591273813799,6.48119125502312,6.48119125502312,440600
2020-10-20,6.775790214538574,7.1194896197735105,6.6284903356511995,6.6284903356511995,902000
2020-10-21,6.775790214538574,6.923090093425949,6.775790214538574,6.864169767268274,206400
2020-10-22,6.84453010559082,6.86417005906046,6.7856102451819,6.7856102451819,41400
2020-10-23,6.932909965515137,7.2962493301925395,6.913270012512396,6.913270012512396,2466600
2020-10-26,7.168591022491455,7.31589045957065,6.991830948790836,6.991830948790836,367600
2020-10-27,7.14894962310791,7.335528934842245,7.119489460687364,7.168589575303808,441000
2020-10-28,7.119490146636963,7.2766097793423326,7.119490146636963,7.168590265984112,268600
2020-10-30,6.972189903259277,7.207869808618433,6.9329099970749875,7.207869808618433,453200
2020-11-02,6.82489013671875,6.95255006811002,6.82489013671875,6.942730325524074,528200
2020-11-03,6.913269519805908,7.021289487749139,6.873989616599894,6.873989616599894,244400
2020-11-04,6.873990058898926,6.932909917499078,6.854350106032208,6.923090175192426,207800
2020-11-05,7.168591022491455,7.168591022491455,6.883811424033225,6.913271124147668,590600
2020-11-06,7.374810218811035,7.404269916618592,7.178410204329019,7.178410204329019,590600
2020-11-09,7.600668430328369,7.61048864043249,7.384628958825004,7.384628958825004,457000
2020-11-10,7.512290000915527,7.610489775333656,7.414090226497398,7.610489775333656,405200
2020-11-11,7.364989757537842,7.5417493431475116,7.315889638519547,7.522109389190882,499200
2020-11-12,7.492649555206299,7.531929462400417,7.45336964801218,7.5122895088033586,134800
2020-11-13,7.443549633026123,7.551569614780113,7.266790045999684,7.492649752437966,298000
2020-11-16,7.443549633026123,7.531929660666064,7.423909678912074,7.512289706552015,207000
2020-11-17,7.315889358520508,7.443549288479429,7.315889358520508,7.443549288479429,65400
2020-11-18,7.3453497886657715,7.443549558249517,7.306069880832273,7.315889623663929,120000
2020-11-19,7.404269218444824,7.433729381727936,7.345349360132009,7.364989312902948,236600
2020-11-20,7.394449234008789,7.453369090391906,7.3257091674351225,7.394449234008789,36400
2020-11-23,7.315889358520508,7.463189241684384,7.315889358520508,7.39444963959375,146200
2020-11-24,7.119490146636963,7.37481001803663,7.119490146636963,7.315889687518675,1181800
2020-11-25,7.14894962310791,7.315888982646348,7.021289699707873,7.315888982646348,198600
2020-11-26,7.12930965423584,7.207869462835674,7.12930965423584,7.168589558535757,180800
2020-11-27,7.315889358520508,7.463189241684384,7.129310037200141,7.129310037200141,227000
2020-11-30,7.463188648223877,7.463188648223877,6.923089743908669,7.463188648223877,526400
2020-12-01,7.364989757537842,7.463189527320992,7.306069895667951,7.463189527320992,132400
2020-12-02,7.266788959503174,7.364988715391047,7.266788959503174,7.325708813035898,386400
2020-12-03,7.364989757537842,7.414089876556136,7.315889638519547,7.364989757537842,232600
2020-12-04,7.384629726409912,7.41408989153108,7.315889653296147,7.41408989153108,85600
2020-12-07,7.512290000915527,7.6203099869022,7.335529938709434,7.414090226497398,296800
2020-12-08,7.414089679718018,7.551569353764453,7.414089679718018,7.512289446894043,234000
2020-12-09,7.463188648223877,7.512288761458615,7.325708986721345,7.512288761458615,125600
2020-12-10,7.256968975067139,7.512288816554921,7.217689071492616,7.502468606534597,660400
2020-12-11,7.247150421142578,7.325710241167951,7.227510466136235,7.247150421142578,145200
2020-12-14,7.001651287078857,7.315890591310134,6.982011330564403,7.315890591310134,295200
2020-12-15,6.991830348968506,7.070390166872103,6.991830348968506,7.02129051480908,582200
2020-12-16,7.021290302276611,7.070389952853402,7.0016503483952075,7.0016503483952075,586800
2020-12-17,7.011470317840576,7.109670090421701,6.991830363324351,7.109670090421701,133000
2020-12-18,7.080210208892822,7.119490116905127,7.011470135744569,7.021290346874365,664800
2020-12-21,7.070390224456787,7.198050163716583,7.031110315185074,7.198050163716583,244600
2020-12-22,7.070390224456787,7.099850390537299,7.060570481265586,7.070390224456787,188800
2020-12-23,7.070390224456787,7.119490345173157,7.0409305266297295,7.119490345173157,153600
2020-12-24,7.099849700927734,7.1293098641467765,7.050749584980467,7.070389537708692,92800
2020-12-28,7.217689037322998,7.256968940711563,7.099849327157301,7.099849327157301,88800
2020-12-29,7.276609897613525,7.2962498520209165,7.178410125576568,7.178410125576568,149800
2020-12-30,7.192476272583008,7.300559592540608,7.192476272583008,7.280908037227405,211800
2020-12-31,7.221954345703125,7.221954345703125,7.113870542632384,7.192477243021168,107200
2021-01-04,7.1236958503723145,7.261256742501433,7.064741182316977,7.261256742501433,254000
2021-01-05,7.153173923492432,7.153173923492432,7.074567225341014,7.133522366087099,67200
2021-01-06,7.0745673179626465,7.12369644638423,7.0745673179626465,7.12369644638423,37200
2021-01-07,6.927180290222168,7.045089626333426,6.8289220415994,7.025438070314882,284200
2021-01-08,6.760141849517822,7.064741202958735,6.661884069138504,6.966483422579417,734000
2021-01-11,6.848573684692383,6.917354365896805,6.671709678276804,6.760141915749624,128800
2021-01-12,7.0745673179626465,7.182651119372074,6.8387486260112675,6.848574170577529,364400
2021-01-13,7.339863300323486,7.369340869956545,7.153173743924386,7.172825300836401,998800
2021-01-14,7.41847038269043,7.467599043262956,7.359515240355241,7.398818824755399,863000
2021-01-15,7.428295135498047,7.45777270352318,7.349688912137758,7.418469591843035,340600
2021-01-18,7.565856456756592,7.605159570672464,7.428295558051039,7.467598671966911,1270800
2021-01-19,7.565856456756592,7.76237249486603,7.556030912542662,7.614985583416471,909000
2021-01-20,7.772197246551514,8.096448137558742,7.565855685268728,7.565855685268728,1661000
2021-01-21,7.811501502990723,8.00801708137498,7.703418169144429,7.772198387313871,797400
2021-01-22,8.253660202026367,8.302789321443433,7.860629120809879,7.860629120809879,1993800
2021-01-25,8.057145118713379,8.253660670475156,8.008015996507918,8.253660670475156,842600
2021-01-26,8.076798439025879,8.116101555687747,8.03749532236401,8.106275542257226,645600
2021-01-27,8.076798439025879,8.155404672349617,8.017843295502967,8.076798439025879,908800
2021-01-29,8.155403137207031,8.16522914878794,8.017841786254417,8.057144895518014,568600
2021-02-02,8.243836402893066,8.342093719864975,8.06697192045941,8.15540416167624,566200
2021-02-03,8.548433303833008,8.685994639884274,8.243834474300831,8.243834474300831,844400
2021-02-04,8.538609504699707,8.794080221932656,8.538609504699707,8.705647978501236,673600
2021-02-05,8.577912330627441,8.636867469947077,8.528784141097919,8.548435229497699,170200
2021-02-08,8.49930477142334,8.646692128102936,8.479653686102061,8.646692128102936,104800
2021-02-09,8.440352439880371,8.538609762276966,8.332268167065843,8.460003529535605,262800
2021-02-10,8.351920127868652,8.45017838655001,8.253661869187294,8.361746141148828,242200
2021-02-11,8.489480972290039,8.489480972290039,8.351919606141353,8.351919606141353,24200
2021-02-15,8.764603614807129,8.823557822384176,8.53860998693449,8.53860998693449,307600
2021-02-16,8.754776954650879,8.784254056262519,8.695822751427597,8.784254056262519,162800
2021-02-17,8.685997009277344,8.843209472186585,8.65651990674691,8.833383458989708,696800
2021-02-18,8.450177192687988,8.676169843842027,8.401048070288393,8.656518757118231,323400
2021-02-19,8.744950294494629,8.744950294494629,8.302790054806266,8.548434736528701,526400
2021-02-22,8.351920127868652,8.744951288473684,8.302790998527973,8.744951288473684,663200
2021-02-23,8.36174488067627,8.499305297621692,8.26348663680663,8.26348663680663,1212600
2021-02-24,8.450177192687988,8.450177192687988,8.283138738765407,8.361744959780731,327800
2021-02-25,8.577912330627441,8.921815279694997,8.253661407019816,8.577912330627441,1678000
2021-02-26,8.450177192687988,8.577911599042837,8.29296381359727,8.577911599042837,1465200
2021-03-01,7.968713283538818,8.548434892940627,7.958888208255822,8.548434892940627,572200
2021-03-02,8.155403137207031,8.391221792788622,8.017841786254417,8.017841786254417,521800
2021-03-03,8.204533576965332,8.351920026131816,7.9588888703143965,8.184881550644365,251800
2021-03-04,7.99819278717041,8.175056356476686,7.90976053398713,8.175056356476686,312200
2021-03-05,7.772197246551514,8.234009490767283,7.723068593431344,7.890106576275955,203600
2021-03-08,7.172824859619141,7.772197542831801,7.172824859619141,7.772197542831801,475600
2021-03-09,7.1236958503723145,7.565856095052368,6.848573597584022,7.162998962409206,1423200
2021-03-10,6.937005519866943,7.428294866615566,6.907528421438844,7.369340201229335,723600
2021-03-11,7.3005595207214355,7.310385532546392,6.937005516738612,6.976308626978375,622800
2021-03-12,7.221954345703125,7.4282959385972225,7.14334811384444,7.369341264703209,343000
2021-03-15,7.094218730926514,7.320211873702114,6.9959609446175754,7.320211873702114,247000
2021-03-16,7.221954345703125,7.271083474879853,7.0156127528090275,7.074567426703041,490600
2021-03-17,7.212128639221191,7.320211971337575,7.123696396098614,7.320211971337575,352800
2021-03-18,7.320210933685303,7.428294719010716,7.261256269470538,7.271082281104676,870600
2021-03-19,7.526553153991699,7.526553153991699,7.153173581159391,7.320211576845655,760200
2021-03-22,7.3595147132873535,7.526553178037331,7.3202116002320725,7.526553178037331,333000
2021-03-23,7.261256694793701,7.467598265896706,7.231779595224729,7.467598265896706,430400
2021-03-24,7.271082878112793,7.359514647430813,7.2219537529682905,7.251431321761005,580800
2021-03-25,7.113870143890381,7.359514838945105,7.07456703016403,7.359514838945105,288800
2021-03-26,7.1236958503723145,7.212128086720346,7.094218282079619,7.094218282079619,493600
2021-03-29,7.251431465148926,7.300560122734825,7.143347668811836,7.212128351668178,290200
2021-03-30,7.271082878112793,7.467598441630682,7.251431321761005,7.261256865671868,910400
2021-03-31,7.339863300323486,7.349689313044531,7.271083085396473,7.271083085396473,544000
2021-04-01,7.703417778015137,7.76237244853708,7.36934084319405,7.36934084319405,931800
2021-04-02,8.008016586303711,8.106274837951418,7.762372362774644,7.762372362774644,731000
2021-04-05,8.008016586303711,8.106274837951418,7.870456158469082,8.008016586303711,398600
2021-04-06,7.713242530822754,8.184880315140235,7.673939421173799,8.106274095842327,445400
2021-04-07,7.880282402038574,8.057145948304614,7.772198134645823,7.860630376308924,136000
2021-04-08,7.811501502990723,7.919585773897209,7.73289527163702,7.909759760712948,92200
2021-04-09,7.850803852081299,8.008016299437806,7.811500740242173,7.811500740242173,51000
2021-04-12,8.008016586303711,8.008016586303711,7.791849463444903,7.8606301458922845,69600
2021-04-13,7.713242530822754,8.008015853189914,7.713242530822754,7.998190778572713,457600
2021-04-14,7.811501502990723,7.988365992066651,7.772198387313871,7.958888889574061,161000
2021-04-15,7.76237154006958,7.8115001921564025,7.71324241945274,7.8115001921564025,179800
2021-04-16,7.772197246551514,7.9392356979261525,7.762371703339491,7.762371703339491,294000
2021-04-19,7.76237154006958,7.8311517466971345,7.693590864912008,7.693590864912008,101200
2021-04-20,7.801675796508789,7.929410685543942,7.752546668666747,7.811501340959145,77400
2021-04-21,7.76237154006958,7.801674649151045,7.673939310371275,7.71324241945274,174600
2021-04-22,7.899932384490967,8.057144820073269,7.762371503356452,7.762371503356452,192000
2021-04-23,7.899932384490967,8.1947061697378,7.870455287084293,7.91958440746877,580600
2021-04-26,7.713242530822754,7.909758547597552,7.664113878026573,7.909758547597552,332800
2021-04-27,7.860630512237549,7.95888876846459,7.742721167001207,7.742721167001207,810600
2021-04-28,7.919584274291992,8.057144684583257,7.86062914341001,7.86062914341001,139800
2021-04-30,7.890107154846191,7.978539392889145,7.890107154846191,7.899933167308769,228400
2021-05-03,7.860630512237549,7.909759640351069,7.713243596427077,7.909759640351069,24400
2021-05-04,7.7328948974609375,7.831152681898609,7.723069353282207,7.811501125011075,115200
2021-05-05,7.565856456756592,7.752546482122025,7.5462048997986555,7.713243368206152,331600
2021-05-06,7.526553153991699,7.565856266921416,7.516727610024303,7.565856266921416,68600
2021-05-07,7.536379337310791,7.565856438411183,7.428295540039182,7.506901767680326,76800
2021-05-10,7.34968900680542,7.605159236016943,7.310385894619031,7.605159236016943,210400
2021-05-11,7.133522033691406,7.369340711567123,6.976309113244197,7.369340711567123,526600
2021-05-12,7.172824859619141,7.310385749541549,7.113869723979491,7.133521748212738,106000
2021-05-17,7.271082878112793,7.369340659871738,7.172825096353849,7.172825096353849,332800
2021-05-18,7.339863300323486,7.418469996501619,7.271083085396473,7.320211743411472,195800
2021-05-19,7.428295135498047,7.614985150243758,7.320211344112625,7.320211344112625,288800
2021-05-20,7.428295135498047,7.516727371043396,7.3791664801628905,7.3791664801628905,194400
2021-05-21,7.261256694793701,7.38899204233938,7.143347359457712,7.37916649865974,110400
2021-05-24,7.497076034545898,7.506901578488376,7.33986311469568,7.36934068358324,101800
2021-05-25,7.526553153991699,7.929410295786327,7.3300375893431164,7.556030722954019,508600
2021-05-27,7.634636878967285,7.634636878967285,7.428295303708976,7.5265530851343465,512000
2021-05-28,7.526553153991699,7.713243174672885,7.467598484597125,7.713243174672885,56800
2021-05-31,7.467597961425781,7.497075528322936,7.428294851249595,7.467597961425781,44400
2021-06-01,7.516728401184082,7.516728401184082,7.369341477919666,7.467599270585906,49400
2021-06-02,7.683765888214111,7.683765888214111,7.565856083749534,7.614985207987279,133600
2021-06-03,7.634636878967285,7.713243104107582,7.536379097541913,7.713243104107582,66000
2021-06-04,7.536379337310791,7.614985564951935,7.536379337310791,7.575682451131363,212800
2021-06-08,7.556030750274658,7.624811432415387,7.388992285454362,7.536379193738744,46200
2021-06-09,7.388991832733154,7.4282949433968914,7.388991832733154,7.408643388065022,47800
2021-06-10,7.3595147132873535,7.516727634038544,7.349689169288566,7.516727634038544,65600
2021-06-11,7.467597961425781,7.467597961425781,7.467597961425781,7.467597961425781,800
2021-06-14,7.467597961425781,7.51672708341103,7.45777241814675,7.51672708341103,69600
2021-06-15,7.369340419769287,7.506901309749901,7.330037308346254,7.379166431890068,82000
2021-06-16,7.398818492889404,7.50690182241906,7.369340923043994,7.50690182241906,37200
2021-06-17,7.29073429107666,7.359514502690181,7.241605166898387,7.3202113907595825,123000
2021-06-18,7.1236958503723145,7.418469659179052,6.976308945968945,7.290734310794129,1455000
2021-06-21,7.261256694793701,7.271082707003392,7.133521815778072,7.133521815778072,71200
2021-06-22,7.280909061431885,7.2907350747357285,7.221954387199128,7.261257503354299,32800
2021-06-23,7.3005595207214355,7.349688642786155,7.241604855361791,7.241604855361791,51400
2021-06-24,7.369340419769287,7.369340419769287,7.3005597405139575,7.3005597405139575,379000
2021-06-25,7.34968900680542,7.34968900680542,7.231779670246255,7.320211438400601,20400
2021-06-28,7.34968900680542,7.34968900680542,7.231779670246255,7.34968900680542,13200
2021-06-29,7.280694484710693,7.42827622159897,7.162629282859835,7.339727085636122,82000
2021-06-30,7.201984882354736,7.3790826982181725,7.1921458802320455,7.3790826982181725,28600
2021-07-01,7.280694484710693,7.280694484710693,7.182306816501645,7.201984350143454,40400
2021-07-02,7.359404563903809,7.359404563903809,7.152790227644725,7.280694429928806,68400
2021-07-05,7.4774699211120605,7.4774699211120605,7.310210648345506,7.379082251587445,100800
2021-07-06,7.359404563903809,7.4873087661878905,7.320049496916307,7.477469764866313,57000
2021-07-07,7.497147083282471,7.497147083282471,7.339726819848527,7.428275952604816,75000
2021-07-08,7.438114643096924,7.526663777741337,7.329887975103685,7.506986244392513,77600
2021-07-09,7.615212917327881,7.6447294537633965,7.369243500579832,7.418437571589213,235600
2021-07-12,7.615212917327881,7.674245990198911,7.428276573450862,7.546341780894062,38600
2021-07-13,7.6742448806762695,7.713599944134149,7.575856752882208,7.605373285050299,219600
2021-07-14,7.851344108581543,7.880860646172021,7.713601361174695,7.723439894271888,601400
2021-07-15,7.851344108581543,7.880860646172021,7.772633967206201,7.772633967206201,908800
2021-07-16,7.851344108581543,7.851344108581543,7.762794964959559,7.7824725003033945,8400
2021-07-19,8.20553970336914,8.30392690481719,7.871021154188322,7.871021154188322,858800
2021-07-21,8.244894981384277,8.559735535306718,8.225216977614693,8.225216977614693,793800
2021-07-22,8.648283004760742,8.697477066381188,8.35311957333675,8.362958573320576,1984600
2021-07-23,9.553451538085938,9.789581937006785,8.982802604877822,9.100867804338245,2403400
2021-07-26,9.504257202148438,9.769904597160686,9.287803873430912,9.553451268443162,1168800
2021-07-27,9.327160835266113,9.563292213832808,9.307483767726616,9.445226993698942,876200
2021-07-28,9.130383491516113,9.435385947882043,9.100867427448042,9.327158815801184,330200
2021-07-29,9.297642707824707,9.484579968736776,9.28780370708223,9.297642707824707,1076600
2021-07-30,9.297642707824707,9.484579968736776,9.071351320540234,9.28780370708223,492800
2021-08-02,9.651838302612305,10.222487154771787,9.445223998327066,9.47474005942534,1979000
2021-08-03,9.828937530517578,9.937164672883497,9.661678254405563,9.701033323002576,715000
2021-08-04,9.592806816101074,9.769905088346254,9.405870480741354,9.760066086932895,612200
2021-08-05,9.720710754394531,9.78958188581158,9.573128552116692,9.582967553261641,1134200
2021-08-06,9.671517372131348,9.819098646565546,9.612485237677213,9.74038850842746,572600
2021-08-09,9.760065078735352,9.789581141627652,9.592805825181117,9.710871015049037,597400
2021-08-11,9.760065078735352,9.927324332289587,9.592805825181117,9.760065078735352,517600
2021-08-12,9.317320823669434,9.789581605519814,9.307481822806192,9.642000345766261,634800
2021-08-13,9.445225715637207,9.730550193594016,9.248449437074854,9.533773915031663,589000
2021-08-16,9.33699893951416,9.43538708263883,9.150062593535937,9.43538708263883,276000
2021-08-17,9.789583206176758,9.789583206176758,9.23861220393084,9.336999413753865,721000
2021-08-18,9.592806816101074,9.760066086932895,9.514096681391843,9.760066086932895,89600
2021-08-19,9.268129348754883,9.720713193706997,9.15006412028464,9.720713193706997,379600
2021-08-20,9.346837997436523,9.484581210975815,9.268127857785178,9.287804923548576,377800
2021-08-23,9.43538761138916,9.691196047209468,9.376354534546426,9.376354534546426,545400
2021-08-24,9.43538761138916,9.622323967843124,9.425548608865551,9.582968896047609,516000
2021-08-25,9.396031379699707,9.573128711768264,9.366515314071416,9.435386446637033,246000
2021-08-26,9.346837997436523,9.396032069293334,9.10086857645135,9.366516001498798,1175200
2021-08-27,9.150062561035156,9.346837908286682,9.140223559097864,9.248449765511484,790600
2021-08-30,9.218935012817383,9.287806159603209,9.150063866031555,9.150063866031555,908200
2021-09-01,9.150062561035156,9.268127769386071,9.11070749158485,9.218933697998473,1295400
2021-09-02,9.140223503112793,9.169739570445014,9.120546437657598,9.15006250498982,470800
2021-09-03,9.140223503112793,9.169739570445014,9.100868433903543,9.140223503112793,163200
2021-09-06,9.346837997436523,9.494419274708076,9.10086857645135,9.10086857645135,793800
2021-09-07,9.238612174987793,9.376354455968288,9.199257103522092,9.356677389384897,130800
2021-09-08,9.258289337158203,9.32716047835951,9.150063124084875,9.228773267828918,633600
2021-09-09,9.228772163391113,9.258288229188112,9.150062029066573,9.150062029066573,178400
2021-09-10,9.464903831481934,9.484581836842718,9.189418324523539,9.19925732720393,185600
2021-09-13,9.297642707824707,9.514096032665456,9.28780370708223,9.494418031180501,45600
2021-09-14,9.346837997436523,9.484581210975815,9.228772787959507,9.297643925579713,287400
2021-09-15,9.218935012817383,9.346839241347492,9.13038585935046,9.346839241347492,397600
2021-09-17,9.396031379699707,9.425547445327998,9.199256045013083,9.199256045013083,392800
2021-09-20,9.346837997436523,9.523936280801488,9.20909478389723,9.396032069293334,784200
2021-09-21,9.809260368347168,9.838776434928278,9.209094405305287,9.248449473513046,827400
2021-09-22,9.828937530517578,10.133940015868559,9.691195259577459,9.799421463644531,1016400
2021-09-23,9.838776588439941,10.13394007375291,9.66167830959239,10.006035865507329,1194200
2021-09-24,10.084746360778809,10.232327639519433,9.789582864998676,9.83877693734518,726200
2021-09-27,10.242166519165039,10.42910380418644,10.065068236155057,10.094585242189304,561000
2021-09-28,10.133940696716309,10.320877050536703,10.045391551849153,10.242166908054546,542000
2021-09-29,9.838776588439941,10.0552299361093,9.691195314932884,9.887970659041912,663800
2021-09-30,9.838776588439941,9.996196863727164,9.691195314932884,9.71087238019436,827400
2021-10-01,9.809260368347168,10.133939915635894,9.740388295259459,9.779743363467219,583600
2021-10-04,9.868291854858398,9.907646920487293,9.740387656989796,9.799420724582527,694200
2021-10-05,9.563291549682617,9.868293112605324,9.533774542974822,9.868293112605324,873200
2021-10-06,9.602645874023438,9.799421211954487,9.563290806437228,9.563290806437228,411600
2021-10-07,9.651838302612305,9.760064485505081,9.612483241715053,9.612483241715053,212200
2021-10-08,9.602645874023438,9.681356009195857,9.494418734437243,9.6715170077246,658800
2021-10-11,9.573129653930664,9.681356802383847,9.543613585397479,9.612485663040113,372000
2021-10-12,9.642001152038574,9.730550290614765,9.533774010090408,9.533774010090408,332600
2021-10-13,9.592806816101074,9.701033016751563,9.553451748746458,9.553451748746458,233400
2021-10-14,9.671517372131348,9.6911953758153,9.553452164924217,9.57312923030931,102600
2021-10-15,9.651838302612305,9.819096607701626,9.602644241916074,9.671515363911597,176200
2021-10-18,9.730549812316895,9.82893700944408,9.64200067809327,9.69119474580626,186000
2021-10-20,9.740386962890625,10.16345459197756,9.671515837522504,9.740386962890625,677200
2021-10-21,9.947004318237305,9.947004318237305,9.563292572967285,9.838778096958402,658000
2021-10-22,9.691194534301758,9.809259731256956,9.543612334383674,9.691194534301758,1003800
2021-10-25,9.54361343383789,9.681356648636797,9.484581297708994,9.681356648636797,948600
2021-10-26,9.632163047790527,9.701034189411537,9.543613900964127,9.543613900964127,130000
2021-10-27,9.681356430053711,9.681356430053711,9.553452220263704,9.62232335695876,205200
2021-10-28,9.691194534301758,9.730549599953491,9.602645402010664,9.642000467662397,182800
2021-10-29,9.681356430053711,9.720711499350724,9.62232335695876,9.642001360756698,305800
2021-11-01,9.52393627166748,9.681356550819194,9.504258267624078,9.681356550819194,466600
2021-11-02,9.838776588439941,9.897809660822077,9.514097036085332,9.543613103126972,323000
2021-11-03,9.6124849319458,9.83877633732074,9.58296792735868,9.819098334262659,382600
2021-11-05,9.838776588439941,9.887970659041912,9.642001244330913,9.720711381974525,325800
2021-11-08,9.838776588439941,9.878131657261747,9.740388447236,9.838776588439941,133200
2021-11-09,9.878131866455078,10.153617354041788,9.760066657489345,10.114262284386545,394400
2021-11-10,9.838776588439941,9.897809660822077,9.789582517837971,9.887970659041912,43600
2021-11-11,9.828937530517578,9.88797060256252,9.740388391599588,9.868292599114591,314600
2021-11-12,9.858453750610352,9.937163881536286,9.740387615922677,9.750226616863113,288800
2021-11-15,9.809260368347168,9.927325572970446,9.75022729688611,9.887970504762688,76200
2021-11-16,9.819096565246582,9.848613564515896,9.789580504275929,9.789580504275929,121400
2021-11-17,9.710871696472168,9.819097893537439,9.642000565457794,9.819097893537439,219000
2021-11-18,9.740386962890625,9.809259026557456,9.602644712154385,9.622321774417257,248800
2021-11-19,9.740386962890625,9.819097088539538,9.64199977497884,9.730548900908545,474800
2021-11-22,9.937165260314941,10.035552468474167,9.59280768601039,9.779744038322153,307800
2021-11-23,9.966680526733398,9.986357591461912,9.83877632195216,9.937164460491214,148200
2021-11-24,10.242166519165039,10.3110376566472,9.838776819685744,9.956842028926108,601000
2021-11-25,10.232328414916992,10.291361493866052,10.114263195317829,10.242167417791661,108000
2021-11-26,10.084746360778809,10.252005643777588,10.084746360778809,10.252005643777588,231200
2021-11-29,10.21264934539795,10.21264934539795,9.88796982057508,10.084745147998216,275200
2021-11-30,10.084746360778809,10.311037779954283,10.084746360778809,10.163456501213659,328400
2021-12-01,10.901365280151367,10.901365280151367,10.143779908543728,10.281522191582063,902200
2021-12-02,10.862009048461914,10.970235250480433,10.478296433179986,10.921042119389453,216400
2021-12-06,10.330716133117676,10.852171065684681,10.104424706299532,10.852171065684681,149600
2021-12-07,10.51765251159668,10.51765251159668,10.232328007679621,10.340555158395729,124000
2021-12-08,10.252004623413086,10.675072289867371,10.242165622263267,10.56684515381695,284200
2021-12-09,9.986357688903809,10.42910337835081,9.986357688903809,10.252005102572008,293400
2021-12-10,9.838776588439941,10.18313414435488,9.828937586659777,9.986357861946999,168400
2021-12-13,9.838776588439941,10.124101071972746,9.789582517837971,10.124101071972746,209600
2021-12-14,9.750226020812988,9.868291209984337,9.74038702047403,9.74038702047403,67800
2021-12-15,9.642001152038574,9.85845449763606,9.642001152038574,9.838776494264087,102000
2021-12-16,9.671517372131348,9.838776650249498,9.64200130490428,9.701033439358415,249600
2021-12-17,9.750226020812988,9.750226020812988,9.651838832319557,9.671515894698757,58600
2021-12-20,9.54361343383789,9.828937927257927,9.42554822328121,9.828937927257927,807200
2021-12-21,9.632163047790527,9.67151811990238,9.494419826249578,9.543613900964127,32800
2021-12-22,9.720710754394531,9.868292018373577,9.622322619542638,9.701032752104636,286000
2021-12-23,9.799421310424805,9.838776378406477,9.691195108049914,9.72071117446146,40800
2021-12-24,9.828937530517578,9.917486669435569,9.7797434601966,9.828937530517578,47400
2021-12-27,9.858453750610352,9.947001944177947,9.740387615922677,9.947001944177947,80400
2021-12-28,9.947004318237305,9.956843321526023,9.868294168525557,9.868294168525557,26800
2021-12-29,9.868291854858398,9.897808857804153,9.740387656989796,9.897808857804153,521000
2021-12-30,9.815376281738281,9.815376281738281,9.795686009571824,9.815376281738281,52800
2021-12-31,9.80553150177002,9.972895065727768,9.795686365329237,9.972895065727768,3400
2022-01-03,9.687393188476562,9.844911624243021,9.559409224695331,9.825221350330246,388800
2022-01-04,9.815376281738281,9.825220478937657,9.648012723858804,9.746461268039532,78200
2022-01-05,9.697237014770508,9.775996222008773,9.59878753628077,9.756305950757303,169600
2022-01-06,9.628324508666992,9.667704122529031,9.608635171178,9.648014785040038,115600
2022-01-07,9.677547454833984,9.726772197696949,9.61847851450553,9.648012984669757,56800
2022-01-10,9.411733627319336,9.677545688036716,9.411733627319336,9.677545688036716,352200
2022-01-11,9.008092880249023,9.431424339161262,8.909644336958536,9.421579203167061,710000
2022-01-12,9.008092880249023,9.332974856986933,9.008092880249023,9.116387498417556,539000
2022-01-13,9.067163467407227,9.204992565468332,9.017938722465123,9.185302291937925,290200
2022-01-14,8.36817455291748,9.077008424993277,8.12205177194932,9.008093407881141,1948400
2022-01-17,8.141740798950195,8.34848300199181,8.072825792385903,8.34848300199181,1190200
2022-01-19,8.01375961303711,8.062983427501338,7.925155244786971,8.062983427501338,466800
2022-01-20,8.023602485656738,8.112206839253494,7.994068014085793,8.013758287722371,459000
2022-01-21,7.86608362197876,7.994067576966529,7.8070142126248525,7.994067576966529,897400
2022-01-24,7.679029941558838,7.856238151493192,7.5805804665978656,7.836548350389374,1335000
2022-01-25,7.679029941558838,7.8660828173241555,7.679029941558838,7.6987197426626555,455900
2022-01-26,7.826704025268555,7.826704025268555,7.590426387565353,7.698720539566955,1018800
2022-01-27,7.679029941558838,7.8070134140127045,7.501821262182597,7.8070134140127045,1242100
2022-01-28,7.77747917175293,7.836548576770771,7.61011562281476,7.698719965062474,463000
2022-01-31,8.01375961303711,8.023603812599507,7.836550876536834,7.846395545541272,75300
2022-02-03,7.7577900886535645,8.230345372567216,7.679030874667956,8.092517217534345,631800
2022-02-04,7.738100528717041,7.826704412518722,7.728255391937988,7.767635000170281,519200
2022-02-07,7.846394062042236,7.856239198627317,7.649496024760128,7.738100376258052,364500
2022-02-08,7.925152778625488,7.954687245890259,7.816858636623577,7.875928040595012,393500
2022-02-09,7.994068622589111,8.122052594317157,7.9251545373832375,7.9251545373832375,472700
2022-02-10,8.112208366394043,8.220503014014076,7.994069518986453,8.072828750591514,399900
2022-02-11,8.023602485656738,8.112206839253494,7.895619462554671,7.974378679333138,456300
2022-02-14,7.905463218688965,8.043292309790608,7.8956190213047455,8.043292309790608,1043200
2022-02-15,7.728254318237305,7.9842217361851855,7.708564516856699,7.905462530662761,1065200
2022-02-16,7.87592887878418,7.87592887878418,7.797169665107049,7.866083742353567,242200
2022-02-17,8.072827339172363,8.092517613073115,7.875929294584537,7.875929294584537,333400
2022-02-18,7.659340858459473,8.072826720400757,7.551046707515789,8.072826720400757,3213300
2022-02-21,7.629806041717529,7.777479800929482,7.610116238452065,7.649495844982994,1129800
2022-02-22,7.334457874298096,7.629805366587936,7.176939462112527,7.629805366587936,2103200
2022-02-23,7.551046848297119,7.629806061563842,7.226164858850918,7.226164858850918,487000
2022-02-24,7.629806041717529,7.649495844982994,7.383683266178254,7.383683266178254,331500
2022-02-25,7.659340858459473,7.826703948809979,7.659340858459473,7.659340858459473,1475800
2022-02-28,7.314768314361572,7.6790303587341215,7.245854241475292,7.659340556560625,744300
2022-03-01,7.423062324523926,7.462441928146713,7.31476817984031,7.462441928146713,81100
2022-03-02,7.255699634552002,7.462442812801497,7.236009830406429,7.462442812801497,293200
2022-03-03,7.176939964294434,7.383683129475091,7.137560358492587,7.383683129475091,1261700
2022-03-04,7.1375603675842285,7.3147685939182585,7.058801155880215,7.157250170510232,1210300
2022-03-07,6.694540023803711,7.13756085458753,6.537021120206071,7.13756085458753,2629600
2022-03-08,5.808497428894043,6.665004550372883,5.808497428894043,6.665004550372883,3031600
2022-03-09,6.359812259674072,6.7142291712977995,5.916791472225851,5.916791472225851,2113300
2022-03-10,6.409036636352539,6.83236759742086,6.3893463656851885,6.704383654734429,985200
2022-03-11,6.615779876708984,6.792988572239233,6.359812439025857,6.409037180993578,938200
2022-03-14,6.369657516479492,6.7437642651197365,6.300743436611315,6.6846948526147445,847900
2022-03-15,6.084155082702637,6.369657476052378,6.0053958665291844,6.369657476052378,2270200
2022-03-16,6.369657516479492,6.428727398426445,6.025085708812725,6.241674024106323,1860400
2022-03-17,7.108025550842285,7.324613856198924,6.5468659230695945,6.5960901965110565,2394200
2022-03-18,7.1375603675842285,7.295078790992255,6.89143759628822,7.088335625548254,4274000
2022-03-21,7.531357765197754,7.738100954514546,7.186785939483762,7.186785939483762,2193200
2022-03-22,7.688875198364258,7.757789742245401,7.363993220459587,7.531356777426702,637500
2022-03-23,7.97437858581543,8.328795057162193,7.777480076736382,7.777480076736382,2681400
2022-03-24,7.8956193923950195,8.200811119978697,7.747945158084669,7.875929118933407,947500
2022-03-25,7.94484281539917,8.250035467158757,7.925153481770351,8.122051512477888,694400
2022-03-28,7.728254318237305,7.944842133423973,7.6790300495067365,7.925152801485261,681000
2022-03-29,7.688875198364258,7.866083421919008,7.531356777426702,7.82670381668462,553500
2022-03-30,7.925152778625488,8.053136721951212,7.797168835299765,7.797168835299765,1273100
2022-03-31,8.072827339172363,8.102361811139554,7.875929294584537,7.964533649370043,604700
2022-04-01,7.87592887878418,8.072826912977007,7.826704135515001,7.925153622053358,683100
2022-04-04,7.97437858581543,8.023602391561768,7.807014547960968,7.875929096554928,184100
2022-04-05,8.141740798950195,8.250034468003006,8.003911724705365,8.003911724705365,727900
2022-04-06,8.072827339172363,8.112206948089929,7.925154040452478,8.05313800415555,419100
2022-04-07,7.87592887878418,8.003912835730489,7.777479861687766,8.003912835730489,1307700
2022-04-08,7.97437858581543,8.023602391561768,7.8168596846638,7.925153841185178,101500
2022-04-11,7.383683204650879,7.964533100304834,7.373838068379215,7.8562389485262125,1695400
2022-04-12,7.462442874908447,7.570737033331367,7.206475418885685,7.354148716485527,874100
2022-04-13,7.570736885070801,7.629806296842352,7.462442728768646,7.462442728768646,487100
2022-04-14,7.383683204650879,7.6888753874434155,7.31476865907504,7.679030720613688,499900
2022-04-15,7.472287178039551,7.51166678226453,7.285233823249941,7.38368283381239,98500
2022-04-18,7.383683204650879,7.462442417056445,7.363993401549487,7.462442417056445,77600
2022-04-20,7.4821319580078125,7.531356698757581,7.432907686699963,7.531356698757581,536300
2022-04-21,7.491977214813232,7.541201486915288,7.432907806625611,7.482132078727665,174800
2022-04-22,7.383683204650879,7.432907947125325,7.285234189143921,7.383683204650879,193600
2022-04-25,7.23600959777832,7.363993555331009,7.186785323717864,7.363993555331009,638600
2022-04-26,7.383683204650879,7.501822023259228,7.334458462176432,7.373838068379215,198200
2022-04-27,7.285233974456787,7.334458246038718,7.088335479803299,7.2360092334329345,302400
2022-04-28,7.383683204650879,7.511667159530892,7.334458462176432,7.334458462176432,978300
2022-04-29,7.4821319580078125,7.541201365242384,7.4033727483617175,7.462442155596288,254000
2022-05-05,7.088335990905762,7.619961166751596,7.029266579083108,7.560891754928943,525900
2022-05-06,6.98988676071167,7.0883357774514515,6.9505071540157575,7.039111503802531,417600
2022-05-09,6.950507164001465,6.989886770753953,6.842213010711149,6.989886770753953,446800
2022-05-10,6.960352420806885,7.039111635674196,6.871748069360185,6.891437873077013,264900
2022-05-11,7.098180770874023,7.1277152405801,6.970196816969204,6.980041953165851,113900
2022-05-12,6.891437530517578,7.137560299464635,6.8225229862133085,7.068645755160365,479100
2022-05-13,6.999731540679932,7.0686456141677,6.891437393059545,6.950506800095597,541400
2022-05-17,7.1375603675842285,7.167095306694199,6.901282732472188,6.999731747102205,189700
2022-05-18,7.1867852210998535,7.383683253414121,7.078491068606037,7.167095417868427,210800
2022-05-19,7.039111137390137,7.088335408476747,6.911127187569499,6.940662125774999,353400
2022-05-20,7.147406101226807,7.186785710370593,7.039111941360408,7.039111941360408,54100
2022-05-23,7.009576320648193,7.186785014068071,6.989886517983976,7.186785014068071,48700
2022-05-24,7.048955917358398,7.127715127918973,7.019421448119145,7.127715127918973,149100
2022-05-25,7.088335990905762,7.088335990905762,7.009576775142224,7.009576775142224,484200
2022-05-26,7.265544414520264,7.2852342176988305,7.0883357164712235,7.098180852781476,260200
2022-05-27,7.23600959777832,7.442752769381297,7.23600959777832,7.285234341280723,226200
2022-05-30,7.285233974456787,7.344303382020257,7.245854369414474,7.295078640996405,212900
2022-05-31,7.629806041717529,7.629806041717529,7.344303659647325,7.36399346291279,1066700
2022-06-01,7.511667251586914,7.629806071643063,7.452597841558839,7.629806071643063,331300
2022-06-02,7.560891628265381,7.560891628265381,7.383683395766096,7.482132413821254,94200
2022-06-03,7.698720455169678,7.777479666874013,7.580581168171244,7.580581168171244,382500
2022-06-07,7.679029941558838,7.747944010701254,7.5313561985592665,7.6987197426626555,192400
2022-06-08,7.708564758300781,7.807013768287386,7.629805550311497,7.679030290025754,162900
2022-06-09,7.728254318237305,7.7676339209985175,7.6790300495067365,7.7676339209985175,124600
2022-06-10,7.511667251586914,7.688875481671138,7.482132311851906,7.679030814720763,307400
2022-06-13,7.108025550842285,7.383683265993842,7.0686459443123395,7.383683265993842,477900
2022-06-14,7.088335990905762,7.206475283993024,6.970197167260455,7.039111715774529,461700
2022-06-15,6.98988676071167,7.186785263633174,6.9505071540157575,7.137560520542313,112100
2022-06-16,7.029266834259033,7.1375609945861616,6.999732361996526,7.1375609945861616,194700
2022-06-17,7.127715587615967,7.127715587615967,6.842213196199645,7.0391117047418374,354500
2022-06-20,6.930817127227783,7.127715154359625,6.911127324514599,7.117870487723995,207000
2022-06-21,6.9209723472595215,7.088335432860012,6.9111272113431825,6.989886420906218,656300
2022-06-22,6.960352420806885,6.989886891661151,6.930817480510668,6.940662617090057,237900
2022-06-23,6.960352420806885,6.970197087944324,6.901283009656402,6.950507284227496,264800
2022-06-24,6.98988676071167,7.048956170755539,6.901282880366837,6.930817350667801,427000
2022-06-27,7.255699634552002,7.3147690469887205,7.039111788950701,7.039111788950701,247000
2022-06-28,7.0784912109375,7.265544580118218,7.048956270775514,7.265544580118218,77600
2022-06-29,7.065317153930664,7.134391654511272,7.00611064080366,7.085052658306331,59200
2022-06-30,7.104788780212402,7.144259792394459,7.045582261939316,7.045582261939316,382700
2022-07-01,7.006111145019531,7.104788673999496,6.986375639223538,7.104788673999496,157700
2022-07-04,6.986375331878662,7.00611083680645,6.956772309752757,6.976507814680545,575000
2022-07-05,6.986375331878662,6.9962433196083325,6.966639826950875,6.986375331878662,266600
2022-07-06,6.8778300285339355,7.015979037758486,6.858094523006367,7.006111049728918,198400
2022-07-07,6.650871753692627,6.907433806652006,6.581797716766323,6.8778303118753135,511000
2022-07-08,6.710078716278076,6.808756247584486,6.680475221620361,6.719946234142925,231300
2022-07-12,6.532458782196045,6.700210823065845,6.512723275654397,6.700210823065845,204600
2022-07-13,6.473251819610596,6.562061828236593,6.3647063057934385,6.562061828236593,300800
2022-07-14,6.5225911140441895,6.5225911140441895,6.404177606988533,6.4140455952979964,359100
2022-07-15,6.5817975997924805,6.8087561539415855,6.49298758757235,6.49298758757235,197100
2022-07-18,6.78902006149292,6.8383585869397345,6.641003544089403,6.641003544089403,113000
2022-07-19,6.917302131652832,6.946905157338287,6.690343562427365,6.808756606232406,291900
2022-07-20,7.085052967071533,7.18373096378178,6.976507923540758,7.006110946128584,299300
2022-07-21,7.371217727661133,7.38108571514237,7.065317173715887,7.0850526781468215,377400
2022-07-22,7.302143573760986,7.400821094244608,7.213333570059961,7.351482098737031,233300
2022-07-25,7.045582294464111,7.262673332999172,7.025846788281977,7.262673332999172,196800
2022-07-26,7.104788780212402,7.163995769017069,7.015979238068564,7.015979238068564,226400
2022-07-27,7.302143573760986,7.341614581954436,7.025846045875314,7.025846045875314,356500
2022-07-28,7.509366989135742,7.617912031997247,7.4008214757426805,7.4008214757426805,420600
2022-07-29,7.588309288024902,7.696854805400755,7.509367264672127,7.509367264672127,1590200
2022-08-01,7.469895839691162,7.588308868168607,7.460027852052267,7.588308868168607,407500
2022-08-02,7.371217727661133,7.420556724004237,7.321879201849568,7.400821219573304,380100
2022-08-03,7.302143573760986,7.400821094244608,7.272540082350134,7.400821094244608,368200
2022-08-04,7.647515296936035,7.706721810513045,7.440292264150728,7.4501602516793355,683900
2022-08-05,7.509366989135742,7.647515524934104,7.509366989135742,7.647515524934104,46600
2022-08-08,7.400821208953857,7.509366718434013,7.321879191343396,7.509366718434013,120900
2022-08-09,7.400821208953857,7.4402922177590884,7.341614695746012,7.400821208953857,156600
2022-08-10,7.124524116516113,7.341615148875427,7.085053105274706,7.341615148875427,259700
2022-08-11,7.5192341804504395,7.53896968470891,7.321879137865731,7.45016015081156,339500
2022-08-12,7.49949836730957,7.538969374200817,7.460027360418324,7.538969374200817,677500
2022-08-15,7.509366989135742,7.598176526883195,7.430424968679536,7.588309009591948,179700
2022-08-16,7.400821208953857,7.509366718434013,7.302143686940781,7.509366718434013,82500
2022-08-17,7.302143573760986,7.400821094244608,7.252804578253409,7.400821094244608,49700
2022-08-18,7.203466415405273,7.312011458128196,7.11465640723965,7.302143940849547,232700
2022-08-19,7.2429375648498535,7.312011598723219,7.193598565913251,7.262673070318182,154100
2022-08-22,7.213334083557129,7.233069589058768,7.104788568032325,7.203466566072092,213200
2022-08-23,7.223202228546143,7.272540758106669,7.18373121668509,7.213334240315091,132300
2022-08-24,7.203466415405273,7.272540447950487,7.154127417417359,7.252804942861632,63600
2022-08-25,7.213334083557129,7.3317471165669685,7.203466566072092,7.203466566072092,76600
2022-08-26,7.262673854827881,7.262673854827881,7.242938347227735,7.252805865761999,66300
2022-08-29,7.163995742797852,7.183731248816651,7.006111224115878,7.065317742172276,152500
2022-08-30,7.1146559715271,7.134391475407321,7.035713956006212,7.035713956006212,66300
2022-09-01,7.104788780212402,7.2034667811991255,7.055450250250621,7.085053274121374,172700
2022-09-02,7.183730602264404,7.193598119119915,7.055449589422005,7.055449589422005,274900
2022-09-05,7.055449485778809,7.183730496736785,7.055449485778809,7.183730496736785,183600
2022-09-06,7.104788780212402,7.2034667811991255,7.055450250250621,7.055450250250621,137400
2022-09-07,7.104788780212402,7.124524286303431,7.085053274121374,7.104788780212402,639100
2022-09-08,7.23306941986084,7.252804924900821,7.11465638962095,7.183730892526663,91800
2022-09-09,7.203466415405273,7.262672930671838,7.203466415405273,7.262672930671838,105200
2022-09-12,7.351481914520264,7.3909529217246295,7.252804396509348,7.282407887178383,54900
2022-09-13,7.450160980224609,7.469896486680199,7.292276458048305,7.400821978819841,183300
2022-09-14,7.2429375648498535,7.302144081254838,7.154127554976595,7.203466553913198,105400
2022-09-15,7.49949836730957,7.49949836730957,7.223201319070846,7.2429368225164685,134300
2022-09-19,7.331746578216553,7.351482082269068,7.233069057953977,7.233069057953977,161900
2022-09-20,7.3218793869018555,7.4501604042108545,7.292275894241489,7.3317469041009415,42800
2022-09-21,7.302143573760986,7.341614581954436,7.242937061470814,7.282408069664262,171400
2022-09-22,7.302143573760986,7.3120110905435824,7.272540082350134,7.282408069664262,232000
2022-09-23,7.252805233001709,7.262673221206672,7.20346670357162,7.223202209449971,411000
2022-09-26,7.292276382446289,7.292276382446289,7.2330698636933395,7.252805369944323,81700
2022-09-27,7.292276382446289,7.302144370837573,7.242937852084623,7.242937852084623,79900
2022-09-28,7.252805233001709,7.29227624475841,7.252805233001709,7.29227624475841,347800
2022-09-29,7.144259452819824,7.26267295426925,7.006110916748979,7.26267295426925,245500
2022-09-30,7.1343913078308105,7.163994798221564,7.104787817440057,7.1343913078308105,143100
2022-10-03,7.104788780212402,7.114656768523707,7.085053274121374,7.104788780212402,500000
2022-10-04,7.173862457275391,7.173862457275391,7.104787958678158,7.144258966296141,462100
2022-10-05,7.203466415405273,7.2232019204941285,7.193598427595068,7.203466415405273,355300
2022-10-06,7.282408714294434,7.282408714294434,7.193598702732051,7.203466690919682,230900
2022-10-07,7.282408714294434,7.282408714294434,7.114656679357299,7.203466690919682,14700
2022-10-11,7.075185298919678,7.154127318180065,7.015978784474387,7.154127318180065,179100
2022-10-12,6.710078716278076,7.055450311116304,6.660739715359078,7.055450311116304,986700
2022-10-13,6.808756351470947,6.818623869486352,6.641004310424735,6.710078818658937,883200
2022-10-14,6.867962837219238,6.917301838647224,6.808756317824609,6.808756317824609,326000
2022-10-17,6.8186235427856445,6.867962542093466,6.808756025243022,6.8580945540192735,153500
2022-10-18,6.9567718505859375,6.976507354211125,6.818622854678098,6.818622854678098,458900
2022-10-19,6.9567718505859375,7.0850523888839,6.887697352632017,6.9173008433355605,538000
2022-10-20,6.90743350982666,6.917301497838707,6.867962498841605,6.917301497838707,443600
2022-10-21,6.90743350982666,6.917301497838707,6.877830016322085,6.877830016322085,282200
2022-10-25,6.858094215393066,6.917301199851668,6.838358710750715,6.917301199851668,341000
2022-10-26,6.917302131652832,6.966640664639128,6.858095139218702,6.8876986354357665,244700
2022-10-27,7.163995742797852,7.163995742797852,6.92716920004068,6.92716920004068,199800
2022-10-28,6.90743350982666,7.1343920582565135,6.808755982364021,7.114656552763986,580700
2022-10-31,6.986375331878662,7.00611083680645,6.848226797384147,6.907433312167511,783500
2022-11-01,6.90743350982666,7.006111037289299,6.8876980043341325,6.986375531796772,618800
2022-11-02,6.927168846130371,6.94690435114088,6.907433341119862,6.907433341119862,33400
2022-11-03,6.996243476867676,6.996243476867676,6.858094468736337,6.986375488916195,320300
2022-11-04,6.887698173522949,7.035714703618556,6.887698173522949,7.035714703618556,18500
2022-11-07,6.966639995574951,6.996243488948947,6.887697973953046,6.996243488948947,163500
2022-11-08,6.976508140563965,6.996243646413629,6.917301623014974,6.976508140563965,285800
2022-11-09,6.976508140563965,6.976508140563965,6.887698128974691,6.927169140674018,218100
2022-11-10,6.9567718505859375,6.976507354211125,6.907432856257206,6.937036346960749,114200
2022-11-11,7.035714149475098,7.1837306679127,7.035714149475098,7.055449653898008,326200
2022-11-14,7.085052967071533,7.104788472307271,7.0554499444837075,7.0554499444837075,44300
2022-11-15,7.085052967071533,7.104788472307271,7.006110946128584,7.0554499444837075,816500
2022-11-16,6.966639995574951,7.094921015976327,6.907433479358523,7.085053028007807,182600
2022-11-17,6.887698173522949,6.966640197432185,6.887698173522949,6.966640197432185,46500
2022-11-21,6.858094215393066,6.907433212264719,6.798887701466012,6.858094215393066,90400
2022-11-22,6.946904182434082,7.0061106960277675,6.858094176777781,7.0061106960277675,35100
2022-11-23,7.065317153930664,7.075185141384267,6.90743311892532,6.90743311892532,35300
2022-11-24,7.154127597808838,7.223202102627323,7.065317587403868,7.065317587403868,138800
2022-11-25,7.19359827041626,7.2034662580108515,7.154127261100985,7.2034662580108515,54900
2022-11-29,7.163995742797852,7.22320226085425,7.0751857304474655,7.193598766560261,64200
2022-11-30,7.203466415405273,7.242937425582983,7.173862922506213,7.183730910316419,100500
2022-12-01,7.489631175994873,7.815267232250035,7.252804653834685,7.252804653834685,2109300
2022-12-02,7.667251110076904,7.775796624602936,7.430425046236358,7.4600280689506455,285700
2022-12-05,7.529102325439453,7.6179118611957035,7.460027823823217,7.460027823823217,77700
2022-12-06,7.568573951721191,7.617912482156061,7.450160914039602,7.460028431913941,147100
2022-12-07,7.450160980224609,7.5192350175533775,7.450160980224609,7.499499511097788,89400
2022-12-08,7.49949836730957,7.529101857743764,7.450159843961271,7.450159843961271,125900
2022-12-09,7.83500337600708,7.894209893746389,7.499499304952754,7.499499304952754,398000
2022-12-12,7.627779960632324,7.825135010241464,7.578440962964263,7.825135010241464,92800
2022-12-13,7.706721782684326,7.765928296047543,7.6376472818281345,7.6376472818281345,203000
2022-12-14,7.746192455291748,7.844869973279686,7.677118427965952,7.696853931563539,286500
2022-12-15,7.696854114532471,7.74619263943355,7.677118610465732,7.74619263943355,186600
2022-12-16,7.696854114532471,7.7067216313000735,7.657383106398994,7.696854114532471,111600
2022-12-19,7.63764762878418,7.696854615368539,7.608044606023563,7.696854615368539,110300
2022-12-20,7.489631175994873,7.58830869750681,7.469895671692486,7.58830869750681,149500
2022-12-21,7.5587053298950195,7.5883088221004344,7.529102308221151,7.548837812847578,1016600
2022-12-22,7.578441143035889,7.5883091310165955,7.548838120156896,7.558705637606038,16900
2022-12-23,7.5587053298950195,7.5587053298950195,7.548837812847578,7.548837812847578,19100
2022-12-27,7.5488386154174805,7.578441640238654,7.538970626789358,7.5488386154174805,103200
2022-12-28,7.5488386154174805,7.558706133514006,7.538970626789358,7.5488386154174805,157300
2022-12-29,7.555010795593262,7.5648863816990115,7.5451347385711935,7.555010795593262,66300
2022-12-30,7.555010795593262,7.604389667954647,7.5253830954433765,7.555010795593262,96500
2023-01-03,7.555010795593262,7.5648863816990115,7.5451347385711935,7.555010795593262,52300
2023-01-04,7.525382995605469,7.55501069536229,7.446376424142364,7.55501069536229,203000
2023-01-05,7.505630970001221,7.51550702638865,7.4463760444255085,7.4463760444255085,997000
2023-01-06,7.505630970001221,7.525382611859791,7.466127686284079,7.505630970001221,697000
2023-01-09,7.663644790649414,7.663644790649414,7.5352588795110425,7.5352588795110425,136800
2023-01-10,7.683396339416504,7.7031479815881125,7.663644697244895,7.663644697244895,222500
2023-01-11,7.693271636962891,7.742650976001007,7.604389015060791,7.604389015060791,598400
2023-01-12,7.7327752113342285,7.742651267880667,7.614265358274739,7.614265358274739,1277200
2023-01-13,7.890788555145264,7.900664611950029,7.7426514704042475,7.7426514704042475,378800
2023-01-16,7.801905632019043,7.900663835783079,7.782153991266235,7.900663835783079,803200
2023-01-17,7.703147888183594,7.851284967216276,7.663644604319374,7.703147888183594,57500
2023-01-18,7.7624030113220215,7.8611612234932835,7.703148084019264,7.7624030113220215,118400
2023-01-19,7.643892288208008,7.772278192810888,7.634016702962705,7.772278192810888,53900
2023-01-20,7.703147888183594,7.772278399487835,7.663644604319374,7.663644604319374,261400
2023-01-25,7.821657657623291,7.821657657623291,7.7031478072753705,7.7031478072753705,37700
2023-01-26,7.75252628326416,7.83153284615906,7.703147416912977,7.821657261255329,61100
2023-01-27,8.09818172454834,8.09818172454834,7.762403770333522,7.782155414699099,561200
2023-01-30,7.979670524597168,8.09818037098237,7.959919354449236,8.09818037098237,306100
2023-01-31,7.742651462554932,7.969795117838567,7.7327754057601785,7.959920002876428,198900
2023-02-02,8.09818172454834,8.187064359651613,7.900665280892564,7.900665280892564,879300
2023-02-03,8.147560119628906,8.562345073792985,8.098180779022213,8.098180779022213,1102000
2023-02-07,8.127808570861816,8.137684628035238,8.0981813411742,8.108057398347622,64400
2023-02-08,8.226567268371582,8.345077129090702,8.098181350467707,8.108057407652463,485900
2023-02-09,8.15743637084961,8.2265668842497,8.098180972340527,8.2265668842497,181600
2023-02-10,8.09818172454834,8.15743712856142,8.088305666907377,8.15743712856142,352700
2023-02-13,7.831533908843994,8.078430157767063,7.811782265440108,8.078430157767063,100300
2023-02-14,7.979670524597168,7.999422636577637,7.8611606782119665,7.880912319276167,83400
2023-02-15,7.950043201446533,7.979670427223166,7.851284526414393,7.930291089707095,54000
2023-02-16,7.950043201446533,7.999422538962604,7.841408941460936,7.950043201446533,1425300
2023-02-17,7.683396339416504,7.9006644033042,7.634016998529335,7.801906192446157,135600
2023-02-20,7.624141216278076,7.703148258723232,7.594513987412916,7.703148258723232,279200
2023-02-21,7.574761867523193,7.70314777363084,7.505630886330703,7.574761867523193,59000
2023-02-22,7.584637641906738,7.6932719090833555,7.525382715514845,7.584637641906738,54800
2023-02-23,7.643892288208008,7.693271627183355,7.5056307983598245,7.584637363987358,104600
2023-02-24,7.880912780761719,7.900664422982524,7.624140960974965,7.693271944205929,167600
2023-02-27,7.851285457611084,7.9401680873153735,7.7229000124915,7.880913157817954,114600
2023-02-28,7.900664806365967,7.999423493178597,7.703148374573345,7.732775603884079,517200
2023-03-01,7.890788555145264,7.900664611950029,7.79203034167915,7.900664611950029,27500
2023-03-02,7.940167427062988,7.999422822549436,7.831533163226207,7.9006641440162095,37800
2023-03-03,7.890788555145264,7.890788555145264,7.851285269758819,7.851285269758819,17100
2023-03-06,7.900664806365967,7.999423493178597,7.8611615200074425,7.890788749318176,486500
2023-03-07,7.851285457611084,7.950044144356436,7.851285457611084,7.90066480098376,48800
2023-03-08,7.801905632019043,7.900663835783079,7.782153991266235,7.900663835783079,625700
2023-03-09,7.604389190673828,7.762402796695145,7.594513605187908,7.762402796695145,180900
2023-03-10,7.555010795593262,7.624141311082465,7.535259152465444,7.604389667954647,819200
2023-03-13,7.485879421234131,7.68339631319237,7.456252193535986,7.52538270544252,163400
2023-03-14,7.308114528656006,7.485879304829534,7.308114528656006,7.485879304829534,1118900
2023-03-15,7.367369174957275,7.485879021250249,7.308114251810788,7.406872457054933,1097600
2023-03-16,7.485879421234131,7.495755477744375,7.337741869994525,7.3673695686089635,62400
2023-03-17,7.466127395629883,7.604388883257398,7.466127395629883,7.485879036719528,123200
2023-03-20,7.584637641906738,7.594513698430201,7.436500561385152,7.436500561385152,143400
2023-03-21,7.604389190673828,7.614265247076037,7.584637548785699,7.584637548785699,166200
2023-03-22,7.6142659187316895,7.6636452632659156,7.505631643306191,7.604389861458312,214600
2023-03-23,7.782154083251953,7.792029668286956,7.624140484445499,7.624140484445499,232900
2023-03-24,7.7624030113220215,7.772278597080997,7.683396441585011,7.683396441585011,150100
2023-03-27,7.624141216278076,7.801906473134286,7.624141216278076,7.7624031873698645,361200
2023-03-28,7.782154083251953,7.792029668286956,7.63401654039677,7.69327146335559,241200
2023-03-29,7.782154083251953,7.782154083251953,7.663644237334313,7.703147519306859,59500
2023-03-30,7.880912780761719,7.880912780761719,7.673520301985124,7.673520301985124,117800
2023-03-31,7.880912780761719,7.900664422982524,7.83153343975156,7.8907883664139735,263000
2023-04-03,7.900664806365967,7.920416920461548,7.851285462959652,7.8611615200074425,71300
2023-04-04,7.890788555145264,7.900664611950029,7.880912969256807,7.900664611950029,157700
2023-04-05,7.890788555145264,7.9204167255595594,7.841409683870361,7.9204167255595594,155500
2023-04-06,7.821657657623291,7.900664224521904,7.713023392679554,7.900664224521904,24800
2023-04-07,7.713023662567139,7.801906288896326,7.65376873531978,7.75252694739871,25200
2023-04-10,7.782154083251953,7.801905724238226,7.69327146335559,7.703147519306859,19200
2023-04-11,7.801905632019043,7.811781216937316,7.742650709760621,7.742650709760621,15600
2023-04-12,7.722899913787842,7.752527142699737,7.6932722139596335,7.752527142699737,103100
2023-04-13,7.792030334472656,7.792030334472656,7.703148177893511,7.762403105918377,118800
2023-04-14,7.880912780761719,7.979670991865741,7.801906211878501,7.801906211878501,391500
2023-04-17,7.801905632019043,7.900663835783079,7.801905632019043,7.900663835783079,92000
2023-04-18,7.900664806365967,7.9599202068200725,7.801906590469656,7.801906590469656,149400
2023-04-19,7.861161231994629,7.900664516905854,7.792030247941834,7.900664516905854,25700
2023-04-20,7.861161231994629,7.8809128744502415,7.801906304627791,7.801906304627791,27000
2023-04-25,7.831533908843994,7.861161609407986,7.7821550357924405,7.861161609407986,4000
2023-04-26,7.890788555145264,7.890788555145264,7.752527056292704,7.752527056292704,66100
2023-04-27,7.801905632019043,7.85128449844293,7.752526294678894,7.85128449844293,29600
2023-04-28,7.890788555145264,7.910540668754795,7.703148185017802,7.801906398483915,129200
2023-05-02,7.890788555145264,7.900664611950029,7.871036912452041,7.890788555145264,56700
2023-05-03,7.811781406402588,7.861160744940372,7.792029765170729,7.8019058212447945,159500
2023-05-05,7.713023662567139,7.801906288896326,7.703148076817396,7.801906288896326,124400
2023-05-08,7.7624030113220215,7.7624030113220215,7.71302366977824,7.71302366977824,43100
2023-05-09,7.722899913787842,7.762403199614577,7.6932722139596335,7.762403199614577,264600
2023-05-10,7.821657657623291,7.821657657623291,7.7031478072753705,7.722899449000024,390100
2023-05-11,7.742651462554932,7.801906390574529,7.71302376308698,7.801906390574529,80300
2023-05-12,7.722899913787842,7.73277549978637,7.703148270874474,7.703148270874474,38300
2023-05-15,7.722899913787842,7.752527142699737,7.703148270874474,7.752527142699737,46500
2023-05-16,7.7327752113342285,7.7327752113342285,7.703147983527504,7.722899625704086,498200
2023-05-17,7.75252628326416,7.75252628326416,7.703147416912977,7.703147416912977,262700
2023-05-18,7.792030334472656,7.851285262497522,7.752527049122746,7.752527049122746,208000
2023-05-19,7.801905632019043,7.82165727277185,7.762402350513428,7.792029576184508,23700
2023-05-22,7.792030334472656,7.851285262497522,7.713023763772835,7.851285262497522,20800
2023-05-23,7.782154083251953,7.801905724238226,7.7228991602931325,7.801905724238226,30600
2023-05-24,7.75252628326416,7.75252628326416,7.703147416912977,7.703147416912977,5200
2023-05-25,7.703147888183594,7.752526757555724,7.653768547895174,7.703147888183594,135800
2023-05-26,7.653768539428711,7.7821544473035535,7.63401689751845,7.663644595841986,79600
2023-05-29,7.782154083251953,7.801905724238226,7.653768181383043,7.653768181383043,52500
2023-05-30,7.75252628326416,7.79202956471161,7.703147416912977,7.703147416912977,58100
2023-05-31,7.703147888183594,7.801906097844145,7.703147888183594,7.752526757555724,138300
2023-06-01,7.7624030113220215,7.801906296190526,7.6636447991507595,7.801906296190526,13600
2023-06-02,7.772278308868408,7.792029950570227,7.703147798370181,7.752526667166588,7800
2023-06-06,7.792030334472656,7.792030334472656,7.742651463243422,7.742651463243422,102900
2023-06-07,7.861161231994629,7.900664516905854,7.7130236781193835,7.7130236781193835,258900
2023-06-08,7.7327752113342285,7.89078834874688,7.722899625704086,7.861161120940156,111700
2023-06-09,7.792030334472656,7.792030334472656,7.703148177893511,7.7228998205684665,38700
2023-06-12,7.792030334472656,7.792030334472656,7.7228998205684665,7.772278691797701,1700
2023-06-13,7.792030334472656,7.851285262497522,7.772278691797701,7.7821547485933324,1945900
2023-06-14,7.9105401039123535,7.940167330378538,7.792029785298793,7.792029785298793,622700
2023-06-15,7.900664806365967,7.900664806365967,7.782154947290394,7.900664806365967,58000
2023-06-16,7.900664806365967,7.9105408634137575,7.851285462959652,7.900664806365967,544400
2023-06-19,8.04880142211914,8.04880142211914,7.801906132334445,7.871036643944295,421600
2023-06-20,7.950043201446533,7.999422538962604,7.9204159756699015,7.999422538962604,28200
2023-06-21,7.900664806365967,7.999423493178597,7.8611615200074425,7.9105408634137575,75000
2023-06-22,7.792030334472656,7.890788547847433,7.7821547485933324,7.890788547847433,205600
2023-06-23,7.801905632019043,7.841408913524657,7.792029576184508,7.811781216937316,376800
2023-06-26,7.792030334472656,7.811781977147612,7.7821547485933324,7.801906391268288,113800
2023-06-27,7.890788555145264,7.900664611950029,7.722899827711024,7.79203034167915,517700
2023-06-28,7.891530990600586,7.921235832715948,7.861826620627673,7.861826620627673,223500
2023-06-30,7.901432991027832,7.901432991027832,7.822220705947648,7.891531219321578,400500
2023-07-03,7.911334037780762,7.921235809170599,7.861826597258913,7.90143273853337,25800
2023-07-04,7.921236038208008,7.921236038208008,7.881629895788365,7.881629895788365,1076900
2023-07-05,7.723205089569092,7.9212357956021675,7.723205089569092,7.9212357956021675,132600
2023-07-06,7.743007659912109,7.822219937207592,7.703401521264368,7.723204590588239,448100
2023-07-07,7.812318325042725,7.842023165702664,7.752909115865271,7.752909115865271,36400
2023-07-10,7.8321213722229,7.842023143128518,7.792515232885275,7.812318302554088,109800
2023-07-11,7.921236038208008,7.921236038208008,7.752909696853294,7.752909696853294,645100
2023-07-12,7.911334037780762,7.921235809170599,7.871727896506305,7.921235809170599,234900
2023-07-13,7.921236038208008,7.921236038208008,7.881629895788365,7.921236038208008,193500
2023-07-14,7.941039562225342,7.97074393289652,7.901432947759673,7.901432947759673,2698900
2023-07-17,8.426215171813965,8.495525685878155,7.9509405123146975,7.960842284119563,2630500
2023-07-18,8.218282699584961,8.416313414600937,8.208380927762928,8.416313414600937,1358100
2023-07-20,7.960841178894043,8.238084140945334,7.93113681188832,8.218281544369786,423100
2023-07-21,8.119266510009766,8.129168281392856,7.970743716402989,7.990546314884276,1016900
2023-07-24,7.990545749664307,8.109364165001956,7.980644923266455,7.980644923266455,359000
2023-07-25,7.990545749664307,8.119265935684634,7.970743152583778,8.119265935684634,783900
2023-07-26,7.990545749664307,8.109364165001956,7.931137014137895,8.020251061712338,885900
2023-07-27,7.970742702484131,8.079659340988693,7.960840932360597,8.079659340988693,502100
2023-07-28,7.772712230682373,7.950939859248673,7.673696881478873,7.941039032541964,1070100
2023-07-31,7.772712230682373,7.832121440204473,7.594484602116073,7.7232047921518365,866900
2023-08-01,7.792515277862549,7.792515277862549,7.723204769692867,7.772712208079436,781200
2023-08-02,7.851924896240234,7.861826667718815,7.7727126129813975,7.782614384459977,943500
2023-08-03,7.8321213722229,7.861826212797331,7.75290909354765,7.75290909354765,1018000
2023-08-04,7.822220325469971,7.842023395776783,7.792515483938533,7.812318554245345,30200
2023-08-07,7.8321213722229,7.842023143128518,7.75290909354765,7.842023143128518,88600
2023-08-08,7.762810707092285,7.851924282724297,7.723204568557522,7.851924282724297,353000
2023-08-09,7.822220325469971,7.832121624552157,7.7034019036290955,7.752909343324908,241500
2023-08-10,7.802417278289795,7.802417278289795,7.733106295939292,7.772712436670311,356300
2023-08-11,7.782614231109619,7.82222037195863,7.782614231109619,7.782614231109619,95300
2023-08-14,7.68359899520874,7.842023561001102,7.673697223775493,7.842023561001102,180900
2023-08-15,7.752909183502197,7.752909183502197,7.693499973806453,7.693499973806453,344400
2023-08-16,7.752909183502197,7.752909183502197,7.683598674928377,7.743007884624121,260400
2023-08-17,7.822220325469971,7.832121624552157,7.7034019036290955,7.74300804424272,606800
2023-08-18,7.851924896240234,7.851924896240234,7.743008242830559,7.812318754610816,1117300
2023-08-21,7.703401565551758,7.851924350263449,7.6934997947616885,7.851924350263449,1002400
2023-08-22,7.782614231109619,7.82222037195863,7.703401949411599,7.82222037195863,1571500
2023-08-23,7.68359899520874,7.693500294499538,7.673697223775493,7.693500294499538,215800
2023-08-24,7.634090900421143,7.713303181429842,7.624189129223836,7.683598812122798,538900
2023-08-25,7.554878234863281,7.634090511840014,7.535075165619098,7.634090511840014,306700
2023-08-28,7.475666046142578,7.554878324054473,7.475666046142578,7.554878324054473,225700
2023-08-29,7.475666046142578,7.475666046142578,7.436059907186631,7.475666046142578,636600
2023-08-30,7.505370140075684,7.7034012997626675,7.436059635506281,7.436059635506281,509800
2023-09-01,7.505370140075684,7.66379469011135,7.505370140075684,7.525173208830142,332400
2023-09-04,7.723205089569092,7.723205089569092,7.485567770186955,7.6835989483624765,1050300
2023-09-05,7.673697471618652,7.772712828436852,7.6340913288913725,7.723205386098984,225200
2023-09-06,7.723205089569092,7.772712530006138,7.6241892644101075,7.772712530006138,531200
2023-09-07,7.604385852813721,7.723204743247979,7.5251735739524985,7.723204743247979,385100
2023-09-08,7.5647807121276855,7.673697846012927,7.55487941203402,7.673697846012927,328100
2023-09-11,7.554878234863281,7.643991810390899,7.5449764641699835,7.643991810390899,369900
2023-09-12,7.624189376831055,7.624189376831055,7.515272722978078,7.624189376831055,1084000
2023-09-13,7.544976711273193,7.624188990844183,7.455863132827044,7.624188990844183,991800
2023-09-14,7.544976711273193,7.604385920951436,7.535075412398034,7.544976711273193,323000
2023-09-15,7.4261579513549805,7.614287342779728,7.4261579513549805,7.614287342779728,13800800
2023-09-18,7.376650810241699,7.525174079148687,7.287537226611471,7.455863566563227,1045900
2023-09-19,7.376650810241699,7.525174079148687,7.317241597107396,7.376650810241699,528200
2023-09-20,7.4261579513549805,7.535075066841394,7.327142606432062,7.33704390485315,612900
2023-09-21,7.505370140075684,7.505370140075684,7.3568468883460465,7.3568468883460465,12700
2023-09-22,7.4558634757995605,7.505370916737575,7.4459617043264865,7.4558634757995605,164300
2023-09-25,7.4261579513549805,7.455862790903059,7.4261579513549805,7.445961020339564,99500
2023-09-26,7.4261579513549805,7.475665859887643,7.386551813385813,7.4261579513549805,167900
2023-09-27,7.4261579513549805,7.436059721918475,7.356846973837734,7.4261579513549805,324600
2023-09-29,7.366749286651611,7.426158497978345,7.337044444917024,7.426158497978345,132100
2023-10-02,7.27763557434082,7.366749631574605,7.27763557434082,7.366749631574605,155600
2023-10-03,7.2380290031433105,7.3073399849047425,7.1489149511846755,7.3073399849047425,154300
2023-10-04,7.178619861602783,7.317241354316609,7.158816791215094,7.2281277736432274,875400
2023-10-05,7.099407196044922,7.238028681260708,7.069702355998904,7.178619473311086,261700
2023-10-06,7.148914813995361,7.24793063522368,7.099407375523628,7.099407375523628,194900
2023-10-09,7.1291117668151855,7.168717906575304,7.089505627055068,7.168717906575304,179500
2023-10-10,7.099407196044922,7.139013334678004,7.079604126728381,7.139013334678004,40000
2023-10-11,7.0598015785217285,7.15881693241312,7.0300967362830855,7.129112090174477,196000
2023-10-12,7.079604148864746,7.12911158623969,7.059801079486285,7.059801079486285,177300
2023-10-13,7.0598015785217285,7.119210790856563,7.0598015785217285,7.119210790856563,196500
2023-10-16,7.0598015785217285,7.089505948617921,7.0300967362830855,7.0598015785217285,63900
2023-10-17,7.079604148864746,7.089505447482768,6.980588801972442,7.079604148864746,123800
2023-10-18,7.148914813995361,7.148914813995361,7.049899464909469,7.07960430570645,63100
2023-10-19,7.0399980545043945,7.109308561694894,7.030096283681512,7.109308561694894,211200
2023-10-20,7.049899101257324,7.0697021700530085,7.03009603246164,7.03009603246164,103800
2023-10-23,7.049899101257324,7.109308307644378,7.03009603246164,7.039997802930683,63200
2023-10-24,7.178619861602783,7.1885216328678485,7.049899668011582,7.049899668011582,90300
2023-10-25,7.158816337585449,7.27763475238247,7.079604061054103,7.079604061054103,656900
2023-10-26,7.1291117668151855,7.1588166077064885,7.0598012583061935,7.1588166077064885,23700
2023-10-27,6.851868629455566,7.089505462500481,6.851868629455566,7.039998025020666,1537200
2023-10-30,6.812262535095215,6.851868674194641,6.742951555600008,6.851868674194641,335500
2023-10-31,6.812262535095215,6.832065604644928,6.792459465545502,6.812262535095215,217000
2023-11-01,6.742951393127441,6.812262370952588,6.723148324054886,6.812262370952588,219800
2023-11-02,6.723148822784424,6.74295189332599,6.713247523584863,6.733050594126429,182900
2023-11-03,6.733050346374512,6.752853416187396,6.713247276561628,6.733050346374512,792100
2023-11-06,6.802361011505127,6.851868923250161,6.733050501633005,6.733050501633005,944700
2023-11-07,6.693443775177002,6.8023604160540545,6.673640234498559,6.8023604160540545,817800
2023-11-08,6.733050346374512,6.752853416187396,6.703345505583972,6.703345505583972,1204200
2023-11-09,6.733050346374512,6.752853416187396,6.703345505583972,6.733050346374512,1379400
2023-11-10,6.733050346374512,6.7429516452097396,6.703345505583972,6.733050346374512,1415100
2023-11-14,6.683542728424072,6.7330506411953035,6.6637396577440695,6.7330506411953035,541300
2023-11-15,6.683542728424072,6.723148869784079,6.673640957012847,6.723148869784079,618100
2023-11-16,6.683542728424072,6.703345799104076,6.6637396577440695,6.683542728424072,1133800
2023-11-17,6.733050346374512,6.7429516452097396,6.693444206748744,6.693444206748744,179500
2023-11-20,6.792459487915039,6.87167176637476,6.733050279070247,6.733050279070247,788500
2023-11-21,6.832066059112549,6.832066059112549,6.76275507500679,6.76275507500679,890100
2023-11-22,6.881572723388672,6.90137579202023,6.812262219249419,6.8221635174939985,466800
2023-11-23,6.832066059112549,6.881573500208846,6.822164287607818,6.851869129979558,283400
2023-11-24,6.881572723388672,6.921178860651787,6.851868356512535,6.881572723388672,106600
2023-11-27,6.871671676635742,6.881572975242692,6.841966836530059,6.881572975242692,560100
2023-11-28,6.8419671058654785,6.861770176001348,6.792459666597025,6.861770176001348,116800
2023-11-29,6.861770153045654,6.87167192415168,6.792459643873205,6.87167192415168,60400
2023-11-30,6.931081295013428,6.940983066348963,6.822164171034761,6.841967241563387,435100
2023-12-01,6.91127872467041,6.9409835686843815,6.841967736732795,6.9409835686843815,32100
2023-12-04,6.931081295013428,6.96078613687759,6.8617703120920135,6.921179523677893,146600
2023-12-05,6.970687389373779,6.970687389373779,6.931081248581849,6.931081248581849,150700
2023-12-06,6.980588912963867,7.0102932814326495,6.940982773577208,6.940982773577208,137500
2023-12-07,7.119210720062256,7.158816861224964,6.960786155411423,6.9805892259927775,177300
2023-12-08,7.267734050750732,7.27763535005909,7.099407713226595,7.1192107839857615,221900
2023-12-11,7.228127956390381,7.2578323266517035,7.158816972209873,7.247931027278747,483500
2023-12-12,7.030096530914307,7.257832074282939,7.030096530914307,7.257832074282939,76000
2023-12-13,7.119210720062256,7.119210720062256,6.950884384049524,7.010293595793586,37800
2023-12-14,7.148914813995361,7.198422724609521,7.109308674361005,7.129111744178183,69100
2023-12-15,7.139013290405273,7.178619428792737,7.129111519737202,7.129111519737202,36400
2023-12-18,7.1291117668151855,7.168717906575304,7.099407398066312,7.099407398066312,144300
2023-12-19,7.139013290405273,7.2182255671802,7.129111519737202,7.129111519737202,41400
2023-12-20,7.178619861602783,7.178619861602783,7.12911194956234,7.139013720827405,147200
2023-12-21,7.208324909210205,7.228127980163703,7.148915224207256,7.208324909210205,96700
2023-12-22,7.188521385192871,7.208324454898261,7.049899425112718,7.1588165445635745,56400
2023-12-26,7.228127956390381,7.228127956390381,7.079604688656409,7.158816972209873,94800
2023-12-27,7.208324909210205,7.228127980163703,7.089506011346761,7.089506011346761,58900
2023-12-28,7.234338760375977,7.234338760375977,7.16496822039632,7.234338760375977,38600
2023-12-29,7.224428653717041,7.254159020862595,7.184788479221739,7.234338933614944,51200
2024-01-02,7.085687637329102,7.194698347224416,7.085687637329102,7.135237616337425,73600
2024-01-03,7.135238170623779,7.135238170623779,7.115418082971142,7.135238170623779,31900
2024-01-04,7.135238170623779,7.184788626029455,7.095597995318505,7.135238170623779,526300
2024-01-05,7.075777530670166,7.1352377904600495,7.075777530670166,7.1352377904600495,116700
2024-01-08,7.095597267150879,7.135237438388182,7.055957095913576,7.095597267150879,100000
2024-01-09,7.115417957305908,7.164968411836475,7.085688062626093,7.1055081499286885,585500
2024-01-10,7.164968490600586,7.184788578121062,7.08568814051868,7.14514840308011,104800
2024-01-11,7.164968490600586,7.174878298086743,7.135238123045791,7.164968490600586,454200
2024-01-12,7.184788703918457,7.214519071993797,7.11541816010811,7.194698984126293,59600
2024-01-15,7.145147800445557,7.145147800445557,7.075777263700643,7.125327714596741,102400
2024-01-16,7.164968490600586,7.214518945675858,7.075777860484361,7.14514840308011,97400
2024-01-17,7.164968490600586,7.164968490600586,7.036137685443408,7.065868052998203,124900
2024-01-18,7.115417957305908,7.164968411836475,7.036137608095527,7.164968411836475,722100
2024-01-19,7.145147800445557,7.145147800445557,7.075777263700643,7.135237521247088,707700
2024-01-22,7.135238170623779,7.135238170623779,7.095597995318505,7.115418082971142,431000
2024-01-23,7.095597267150879,7.135237438388182,7.085687460615611,7.085687460615611,336400
2024-01-24,7.016317367553711,7.135237888772011,7.016317367553711,7.135237888772011,39600
2024-01-26,6.867666244506836,7.026227406581247,6.837936351494722,7.026227406581247,366000
2024-01-29,6.788386344909668,6.937037237362788,6.659555539947086,6.937037237362788,604700
2024-01-30,6.937036514282227,6.937036514282227,6.738835660036265,6.738835660036265,327700
2024-01-31,6.867666244506836,6.97667695483022,6.738835920540796,6.937036782448649,803800
2024-02-02,6.887486457824707,6.927126630937943,6.857756564263848,6.877576650820466,1226500
2024-02-05,6.867666244506836,6.887486330697621,6.7883858997436946,6.887486330697621,37800
2024-02-06,6.867666244506836,6.887486330697621,6.837936351494722,6.867666244506836,1012500
2024-02-07,6.937036514282227,6.996496770556015,6.877576258008438,6.91721642885763,487300
2024-02-08,6.966767311096191,7.006407484405711,6.966767311096191,6.966767311096191,202400
2024-02-09,6.966767311096191,6.986587397750951,6.937036944839981,6.946947224441431,9600
2024-02-13,7.055957317352295,7.0658675967466955,6.966767165543346,6.966767165543346,121500
2024-02-14,6.99649715423584,7.0559574137703605,6.887486442148483,7.0559574137703605,114800
2024-02-15,6.966767311096191,6.986587397750951,6.937036944839981,6.966767311096191,835000
2024-02-16,6.956857204437256,7.016317465879676,6.86766657599955,6.937037117289783,673100
2024-02-19,6.956857204437256,7.026227745727489,6.847846488852077,6.956857204437256,785600
2024-02-20,7.135238170623779,7.204608713682092,6.917217206444768,6.966767661850444,428600
2024-02-21,7.145147800445557,7.194698251341654,7.095597349549458,7.135237521247088,292800
2024-02-22,7.571280002593994,7.64065054043953,7.135237634453757,7.135237634453757,1348900
2024-02-23,7.5019097328186035,7.7893012106268245,7.234338340633428,7.531639624979114,1277100
2024-02-26,7.254158973693848,7.4820902118338335,7.164968345385286,7.432539757762821,1385900
2024-02-27,7.382988929748535,7.472179553539655,7.244248326944227,7.273978692390643,1813500
2024-02-28,7.4127197265625,7.4622701810073,7.3136192902210535,7.373079552025921,619500
2024-02-29,7.432539463043213,7.511819808374639,7.313618945046073,7.432539463043213,1161300
2024-03-01,7.422629356384277,7.452359722849683,7.3334392020843495,7.363169096001611,128400
2024-03-04,7.392899036407471,7.491999464667333,7.363168671655454,7.422628928611371,354800
2024-03-05,7.273978233337402,7.363168378951696,7.254158148473326,7.363168378951696,164000
2024-03-06,7.016317367553711,7.234338795668739,7.006407560392925,7.214518708799022,154300
2024-03-07,7.194698810577393,7.234338985356208,7.065868006272163,7.065868006272163,259800
2024-03-08,7.155057907104492,7.194698553012359,7.065867753319179,7.174877993784356,187200
2024-03-11,7.036137104034424,7.155057619330661,7.036137104034424,7.155057619330661,255900
2024-03-12,7.214518070220947,7.24424796161997,7.036136831634397,7.036136831634397,234100
2024-03-13,7.135238170623779,7.214518993782494,7.125328363071543,7.214518993782494,129400
2024-03-14,7.115417957305908,7.224428673744261,7.085688062626093,7.115417957305908,118500
2024-03-15,7.135238170623779,7.1451484507241805,7.105508275418905,7.115418082971142,83500
2024-03-18,7.115417957305908,7.18478849913907,7.115417957305908,7.135238044608504,406900
2024-03-19,7.155057907104492,7.20460836007822,7.125328013358769,7.125328013358769,356600
2024-03-20,7.214518070220947,7.214518070220947,7.155057342326694,7.155057342326694,166600
2024-03-21,7.283889293670654,7.363169646777833,7.214519220975962,7.214519220975962,665800
2024-03-22,7.382988929748535,7.4226291019783375,7.184788068599524,7.184788068599524,1450800
2024-03-25,7.333438873291016,7.511819646441347,7.333438873291016,7.382988851780936,875000
2024-03-26,7.313619136810303,7.382989204520128,7.234338789400133,7.382989204520128,704000
2024-03-27,7.571280002593994,7.591100088757272,7.32352868927896,7.32352868927896,285500
2024-03-29,7.511819839477539,7.531639925892462,7.4523595802327725,7.531639925892462,684400
2024-04-01,7.610919952392578,7.620830231458525,7.432539182138574,7.501909717955855,1508900
2024-04-02,7.690201282501221,7.729841456324576,7.591100375394687,7.610920462306364,408800
2024-04-03,7.719931125640869,7.719931125640869,7.67038067241465,7.690201231743652,155400
2024-04-04,7.670380115509033,7.719930565137658,7.640650223770346,7.719930565137658,136700
2024-04-05,7.670380115509033,7.680290394454002,7.591099774141722,7.670380115509033,136200
2024-04-08,7.670380115509033,7.680290394454002,7.501909626377551,7.670380115509033,137600
2024-04-09,7.670380115509033,7.729840844082626,7.630739944825378,7.69020067339897,155600
2024-04-12,7.710021495819092,7.710021495819092,7.660471041453443,7.710021495819092,56700
2024-04-15,7.710021495819092,7.710021495819092,7.630740674324422,7.650560761561051,231900
2024-04-16,7.680291175842285,7.7100215431538315,7.511820197022556,7.7100215431538315,285900
2024-04-17,7.680291175842285,7.700111263200597,7.591100546455803,7.680291175842285,463800
2024-04-18,7.670380115509033,7.69020067339897,7.630739944825378,7.680290394454002,261700
2024-04-19,7.680291175842285,7.680291175842285,7.630740721172427,7.670380895889051,387300
2024-04-22,7.6505608558654785,7.6505608558654785,7.591100593422657,7.591100593422657,646600
2024-04-23,7.5019097328186035,7.591099881848251,7.432539196863885,7.591099881848251,482000
2024-04-24,7.531640529632568,7.61092088164741,7.501910633901089,7.501910633901089,468200
2024-04-25,7.551459789276123,7.630740132594278,7.531639703446584,7.531639703446584,123400
2024-04-26,7.333438873291016,7.48208975385702,7.08568756319705,7.48208975385702,5297100
2024-04-29,7.333438873291016,7.353258959196608,7.303708508158566,7.3136187873854235,2609200
2024-04-30,7.382988929748535,7.382988929748535,7.293798778505544,7.333438950735347,489100
2024-05-02,3.666719436645508,3.6865395225511004,3.636989307787119,3.6865395225511004,2203000
2024-05-03,3.666719436645508,3.74104487692851,3.6568093936927117,3.666719436645508,570000
2024-05-06,3.666719436645508,3.7162696514094886,3.6568093936927117,3.6716743399848752,4349400
2024-05-07,3.666719436645508,3.6815843829376713,3.6568093936927117,3.666719436645508,495600
2024-05-08,3.6766297817230225,3.6766297817230225,3.6369896066544314,3.6667197379558747,522400
2024-05-09,3.666719436645508,3.71131451179606,3.6468993507399157,3.666719436645508,1170600
2024-05-10,3.627079486846924,3.6865397482032485,3.597349356168762,3.656809617525086,1346800
2024-05-13,3.686539649963379,3.701404596769297,3.6122142071115793,3.6270793901915668,331200
2024-05-14,3.6914944648742676,3.7113145509891687,3.6865395614825744,3.6865395614825744,550400
2024-05-15,3.7509548664093018,3.825280069358694,3.7014044160776294,3.7014044160776294,910800
2024-05-16,3.765820264816284,3.810415580961676,3.7509553169505443,3.7608653609524,673600
2024-05-17,3.805459976196289,3.869875372480597,3.7559097622368434,3.7559097622368434,1271400
2024-05-20,3.790595054626465,3.840145268905923,3.7707749689146817,3.8054600007732726,1095400
2024-05-21,3.790595054626465,3.7955499579173813,3.7707749689146817,3.780685011770573,1005600
2024-05-23,3.8153700828552246,3.8550104909603955,3.7856399539818923,3.790595093597812,1248000
2024-05-24,3.8153700828552246,3.8500553513444764,3.790595093597812,3.8500553513444764,452400
2024-05-27,3.9045608043670654,3.9342909339912935,3.8252802224283893,3.8252802224283893,1612200
2024-05-28,3.855010747909546,3.919425913291551,3.83519042439884,3.9095158696732364,371600
2024-05-29,3.8599655628204346,3.8748307460431146,3.845100615871826,3.8550106592622555,494400
2024-05-30,3.8649206161499023,3.8847407024871576,3.8500554332599273,3.8500554332599273,769400
2024-05-31,3.7559099197387695,3.869875534761606,3.7559099197387695,3.864920631294909,880400
2024-06-04,3.8401455879211426,3.8550107715769157,3.755910098511278,3.755910098511278,841800
2024-06-05,3.8649206161499023,3.9045607888244134,3.820325303754044,3.8649206161499023,881800
2024-06-06,3.8996057510375977,3.8996057510375977,3.8401454904715573,3.8698756207545775,465200
2024-06-07,3.934290885925293,3.9491558324187657,3.8896955738967467,3.8996056169837496,884800
2024-06-10,4.2117719650268555,4.221682243532354,4.053211289323586,4.112671542712311,1611300
2024-06-11,4.806375026702881,5.014486152229331,4.122581396051413,4.221682292053033,2874200
2024-06-12,4.459523677825928,5.846931138770287,4.459523677825928,4.955026308695476,15430000
2024-06-13,4.7171854972839355,4.766735479201059,4.459523890141533,4.667635042818657,8682000
2024-06-14,4.558624267578125,4.766735417564243,4.5189840935377354,4.737005523308026,4648900
2024-06-18,4.528894901275635,4.746915883913467,4.518984620336177,4.598264977659025,4973300
2024-06-19,4.360423564910889,4.538804354946327,4.330693196964232,4.528894547329553,3938200
2024-06-20,4.360423564910889,4.558624442728043,4.221682950438881,4.221682950438881,4536300
2024-06-21,4.310873508453369,4.439704327240846,4.281143610301312,4.360423968771079,1817700
2024-06-24,4.162221908569336,4.300962985390278,4.122581735919962,4.300962985390278,3723700
2024-06-25,4.112672328948975,4.201862489808874,4.082941960296889,4.132492417200972,1731600
2024-06-26,4.0928521156311035,4.112672203277456,4.043301660241141,4.112672203277456,2582900
2024-06-27,4.123654842376709,4.123654842376709,4.064035794449127,4.123654842376709,1974300
2024-06-28,4.093845844268799,4.123655610691751,4.093845844268799,4.123655610691751,1388500
2024-07-01,4.0640363693237305,4.103782406897691,4.02429033174977,4.09384566059913,1738300
2024-07-02,4.223020076751709,4.2826391268604045,4.054099197872026,4.054099197872026,3753100
2024-07-03,4.093845844268799,4.2528304755076025,4.073972824590219,4.2230207090846505,4095500
2024-07-04,4.0044169425964355,4.093845281961598,3.9646706717935145,4.093845281961598,3865500
2024-07-05,4.133591175079346,4.133591175079346,3.954734028630364,4.004416806215677,2039900
2024-07-09,4.372068405151367,4.521116283222123,4.133591705476129,4.133591705476129,5782900
2024-07-10,4.372068405151367,4.401877696479432,4.322385621191067,4.372068405151367,2021000
2024-07-11,4.481369495391846,4.501242510887173,4.352194657767188,4.391940688757843,2206700
2024-07-12,4.491306304931641,4.521116068655112,4.372068197657998,4.4018774875713484,1276400
2024-07-15,4.550925254821777,4.610544307099474,4.491306202544082,4.491306202544082,1804400
2024-07-16,4.471433162689209,4.570798249320282,4.471433162689209,4.570798249320282,601100
2024-07-17,4.332322120666504,4.48136999024503,4.312449102976708,4.471433244495074,1286800
2024-07-18,4.223020076751709,4.322385160266202,4.13359126468362,4.2925758721169,2790500
2024-07-19,4.133591175079346,4.213083240167782,4.123654903848332,4.213083240167782,1480600
2024-07-22,4.183274269104004,4.213083558862019,4.05409941665896,4.133591487760489,584800
2024-07-23,4.223020076751709,4.242893093454607,4.103781976534318,4.203147060048811,1084200
2024-07-24,4.123654842376709,4.223019922256012,4.083908810424988,4.223019922256012,890500
2024-07-25,4.044163227081299,4.10378228162226,4.044163227081299,4.064036245261619,646200
2024-07-26,3.974607229232788,4.093845332395347,3.9547342120390283,4.093845332395347,2161000
2024-07-29,4.034226417541504,4.054099435408797,3.9249248192713906,3.9944803818069174,2488600
2024-07-30,4.0540995597839355,4.11371861521486,4.014353522829986,4.024290268973541,1339100
2024-07-31,3.9646706581115723,4.054099234073169,3.9547341496713946,4.054099234073169,1503000
2024-08-01,4.0044169425964355,4.08390901039218,3.9447976548445784,4.054099248063727,873400
2024-08-02,3.7560038566589355,3.9348612508536625,3.7460673479206203,3.9348612508536625,2258400
2024-08-05,3.626829147338867,3.726194232099501,3.5274638256731845,3.726194232099501,5771200
2024-08-06,3.736130714416504,3.756003731229487,3.5175272925686443,3.626829121945098,3979100
2024-08-07,3.8553693294525146,3.8951153659367566,3.6168928736419974,3.7361309830947236,3314600
2024-08-08,3.835495710372925,3.845432218551156,3.7758766613035366,3.8255592021946936,525400
2024-08-09,4.0044169425964355,4.073972265012663,3.8553690785743666,3.8553690785743666,1478000
2024-08-12,4.0044169425964355,4.064035993443244,3.9746071802679825,3.9746071802679825,1261300
2024-08-13,3.9149882793426514,4.004417095942521,3.8553692262127774,4.004417095942521,902800
2024-08-14,3.9944801330566406,3.9944801330566406,3.9447975914823132,3.9447975914823132,1156400
2024-08-15,3.8653054237365723,3.9845437572973217,3.8653054237365723,3.97460701233764,465600
2024-08-16,3.934861183166504,3.964670708868668,3.9149881660317276,3.9249246745991155,466900
2024-08-19,3.835495710372925,3.9646705535949742,3.8255592021946936,3.93486102906028,299200
2024-08-20,3.875241994857788,3.895115011290491,3.855368978425085,3.875241994857788,993100
2024-08-21,3.8454322814941406,3.9050515684444336,3.835495773153266,3.8752420434218102,80300
2024-08-22,3.8553693294525146,3.8553693294525146,3.8056865469421473,3.8553693294525146,121300
2024-08-23,3.7957496643066406,3.8255591887364653,3.7858131561633654,3.8056861724499154,260600
2024-08-26,3.775876760482788,3.8354958111181627,3.775876760482788,3.7957497773612463,944300
2024-08-27,3.6963846683502197,3.8255592771998668,3.6963846683502197,3.775876735334618,1246400
2024-08-28,3.676511526107788,3.8255591466158503,3.6367654939723044,3.686448034141659,823100
2024-08-29,3.676511526107788,3.7063210502094006,3.6268289859384337,3.676511526107788,433200
2024-08-30,3.6168928146362305,3.676511868389972,3.6168928146362305,3.676511868389972,416500
2024-09-02,3.547337055206299,3.6268293646835845,3.547337055206299,3.6168928556120568,1112600
2024-09-03,3.577146530151367,3.6168928027617664,3.5572735122986976,3.587083039077702,283700
2024-09-04,3.447971820831299,3.5870829420366235,3.4280988035162525,3.5374003987490075,1144300
2024-09-05,3.3784162998199463,3.5274639314294682,3.3784162998199463,3.5274639314294682,1756900
2024-09-06,3.1697492599487305,3.3784161732921647,3.1399397347432467,3.3784161732921647,2780100
2024-09-09,3.1200668811798096,3.1697494257883134,2.9908920282926403,3.1697494257883134,4616200
2024-09-10,3.249241352081299,3.269114369037358,3.0902569795277772,3.1399397588229743,1672400
2024-09-11,3.080320358276367,3.249241233123569,3.080320358276367,3.249241233123569,788100
2024-09-12,3.328733205795288,3.398288997572587,3.1001932885956673,3.120066541178492,3014300
2024-09-13,3.338669776916504,3.4082255700121884,3.2889872367803283,3.338669776916504,1662500
2024-09-17,3.2591779232025146,3.358543246797715,3.2393049058644854,3.358543246797715,675500
2024-09-18,3.1796858310699463,3.259177899852553,3.1598128138742947,3.259177899852553,854000
2024-09-19,3.279050827026367,3.3386698769765633,3.169749235451008,3.1796857437760404,1411300
2024-09-20,3.3187971115112305,3.4082259301100324,3.2790510752029025,3.338670129665395,1822700
2024-09-23,3.328733205795288,3.358542966217007,3.2989236822786028,3.338669713634183,348800
2024-09-24,3.279050827026367,3.3287333686515304,3.2094952687511387,3.3287333686515304,534100
2024-09-25,3.1598126888275146,3.3486063447148644,3.1598126888275146,3.2889872954872805,982300
2024-09-26,3.1796858310699463,3.2393048826569015,3.1598128138742947,3.1598128138742947,412800
2024-09-27,3.1796858310699463,3.199558848265598,3.139939796678643,3.1796858310699463,586900
2024-09-30,3.2094953060150146,3.229368322895816,3.1399397469322103,3.179685780693813,895600
2024-10-01,3.3187971115112305,3.3187971115112305,3.1796859844320817,3.1796859844320817,935000
2024-10-02,3.2194318771362305,3.2790509289393888,3.169749333966932,3.2393048944039498,270200
2024-10-03,3.149876594543457,3.2691147086675265,3.1300035755227786,3.249241689646848,356100
2024-10-04,3.090257167816162,3.1498764592219732,3.0803206587327043,3.1498764592219732,407400
2024-10-07,3.149876594543457,3.2094956516054918,3.1300035755227786,3.149876594543457,449700
2024-10-08,3.189622402191162,3.2393049461541747,3.1101303318503417,3.149876367020752,603800
2024-10-09,3.2691142559051514,3.3187967965759664,3.1995586989660105,3.2293682233684993,441400
2024-10-10,3.2591779232025146,3.2691144318715293,3.2094953798574415,3.2691144318715293,267000
2024-10-11,3.2194318771362305,3.2591779116716695,3.209495368502371,3.2591779116716695,199400
2024-10-14,3.2591779232025146,3.2691144318715293,3.179685853850397,3.219431888526456,105800
2024-10-15,3.279050827026367,3.2889873353513996,3.2094952687511387,3.259177810376302,227200
2024-10-16,3.487718105316162,3.487718105316162,3.239305134177105,3.269114662285183,1685300
2024-10-17,3.4181623458862305,3.487717907527242,3.4082258370803715,3.487717907527242,786200
2024-10-18,3.447971820831299,3.507590872776438,3.418162294858729,3.457908329488822,296900
2024-10-21,3.537400245666504,3.557273262121537,3.467844688073888,3.4976542127564376,741100
2024-10-22,3.6069560050964355,3.626829021358258,3.537400211275015,3.537400211275015,1621600
2024-10-23,3.5672099590301514,3.646702265959928,3.50759090651161,3.626829248453748,510000
2024-10-24,3.4280989170074463,3.537400515858758,3.4181624080209634,3.537400515858758,873900
2024-10-25,3.487718105316162,3.587083199009757,3.3088606997626213,3.4181625397306457,3073200
2024-10-28,3.328733205795288,3.487717568122643,3.2989236822786028,3.487717568122643,824700
2024-10-29,3.288987636566162,3.338670182741393,3.2591781088610237,3.3088606550362547,719300
2024-10-30,3.2293684482574463,3.3088605188664726,3.219431939431318,3.2989240100403445,422200
2024-11-01,3.288987636566162,3.288987636566162,3.2094955626857926,3.229368581155885,609200
2024-11-04,3.239305019378662,3.288987564464749,3.2293685103614447,3.288987564464749,127400
2024-11-05,3.279050827026367,3.308860352001465,3.229368285401204,3.2393047937262365,492400
2024-11-06,3.4280989170074463,3.457908443966895,3.2591780273321764,3.2790510453051422,1121800
2024-11-07,3.6069560050964355,3.626829021358258,3.4678446543586356,3.477781162489547,2412400
2024-11-08,3.6069560050964355,3.616892513227347,3.4976541787513695,3.616892513227347,673800
2024-11-11,3.5970194339752197,3.6069561794916107,3.547336890918528,3.567209908141205,417500
2024-11-12,3.6069560050964355,3.6467020376200807,3.5771462437986603,3.6069560050964355,985800
2024-11-13,3.527463674545288,3.606955975853138,3.4976541503942338,3.606955975853138,653500
2024-11-14,3.537400245666504,3.587082786804087,3.5274637374389872,3.5274637374389872,1148000
2024-11-15,3.527463674545288,3.5473366906459907,3.4976541503942338,3.5374001825956394,172400
2024-11-18,3.3585431575775146,3.477781258438113,3.3585431575775146,3.477781258438113,1046100
2024-11-19,3.4082257747650146,3.4380353006375595,3.358543231644107,3.358543231644107,227200
2024-11-20,3.3088603019714355,3.3982891124496097,3.2889872856218507,3.378416096100025,297100
2024-11-21,3.3784162998199463,3.3982893173678828,3.288987483949177,3.3088605014971133,437700
2024-11-22,3.328733205795288,3.398288997572587,3.328733205795288,3.398288997572587,268400
2024-11-25,3.5572733879089355,3.5572733879089355,3.3187969451108192,3.3187969451108192,643900
2024-11-26,3.3684794902801514,3.5374001243549724,3.348606237601608,3.5374001243549724,1513500
2024-11-27,3.328733205795288,3.3684794740559023,3.308860190117498,3.3684794740559023,451100
2024-11-28,3.3088603019714355,3.3287333183210204,3.279050777447058,3.3287333183210204,256800
2024-11-29,3.2591779232025146,3.2989239578785736,3.2591779232025146,3.2989239578785736,237700
2024-12-02,3.3088603019714355,3.3088603019714355,3.2492412529226806,3.2492412529226806,308800
2024-12-03,3.298923969268799,3.3585432583937886,3.269114443158831,3.318796986675444,658300
2024-12-04,3.3684794902801514,3.4479715533741846,3.3088602060545913,3.3088602060545913,2256400
2024-12-05,3.4082257747650146,3.428098792013378,3.3187969602423277,3.398289266140833,1162300
2024-12-06,3.4280989170074463,3.4280989170074463,3.348606608210522,3.398289390047998,852200
2024-12-09,3.547337055206299,3.5572735642778266,3.418162437276438,3.4380354554194934,1229600
2024-12-10,3.547337055206299,3.5970196005639377,3.4777814917056045,3.547337055206299,544400
2024-12-11,3.5572733879089355,3.5870829136455686,3.5075908450145468,3.5274638621723025,526300
2024-12-12,3.5175273418426514,3.606956155658853,3.5175273418426514,3.547336867479702,379900
2024-12-13,3.785813331604004,3.7957498402077525,3.5075908537939906,3.5075908537939906,1890200
2024-12-16,3.974607229232788,4.064036043509759,3.785813328987018,3.785813328987018,5245300
2024-12-17,3.924924373626709,4.014352943875609,3.8951148502104087,3.9746069126538757,2165300
2024-12-18,3.924924373626709,3.954733897043009,3.8951148502104087,3.924924373626709,500400
2024-12-19,3.8553693294525146,3.8951153659367566,3.8056865469421473,3.8553693294525146,848100
2024-12-20,3.8553693294525146,3.944797911542059,3.815623056063208,3.815623056063208,947800
2024-12-23,3.9447977542877197,3.994480297912491,3.885178701937994,3.885178701937994,1939700
2024-12-24,3.9447977542877197,3.9547342630126736,3.924924736837811,3.924924736837811,374600
2024-12-26,4.024289608001709,4.05409889391606,3.9547338178514617,3.9547338178514617,1067000
2024-12-27,4.0540995597839355,4.123655361358415,4.024290268973541,4.024290268973541,1673700
2024-12-30,3.9993813037872314,4.078970905949533,3.9695352029763686,4.078970905949533,1653300
2024-12-31,3.9894330501556396,4.0391763169228465,3.9396893089969587,3.979484112167314,809900
2025-01-02,4.148612022399902,4.168509422831906,3.9894328189438792,3.9894328189438792,2833400
2025-01-03,4.178457736968994,4.218252536415066,4.138662937522922,4.148611874580155,3258600
2025-01-06,4.198355197906494,4.22820153512194,4.178457797893342,4.178457797893342,1725100
2025-01-07,4.277945518493652,4.277945518493652,4.19835543947018,4.19835543947018,1370500
2025-01-08,4.218252658843994,4.277945334137029,4.1784578582429335,4.277945334137029,1158200
2025-01-09,4.078970909118652,4.2083042499286005,3.9396891052264116,4.2083042499286005,2609100
2025-01-10,3.9297404289245605,3.999381331295575,3.8998943279084117,3.969535230279426,2724100
2025-01-13,3.9794840812683105,3.9794840812683105,3.8402020340577963,3.909843176260921,847200
2025-01-14,3.9396891593933105,4.019278762711728,3.8899456573193,3.9695352606377172,776000
2025-01-15,3.7009201049804688,3.929740451267661,3.7009201049804688,3.929740451267661,1529100
2025-01-16,3.8600995540618896,3.899894355700346,3.7108688107219514,3.7407149119507936,1566200
2025-01-17,3.9197916984558105,3.9695351997670314,3.8501505594243763,3.860099496882345,872500
2025-01-20,3.9894330501556396,4.01927891533767,3.8998945058266035,4.01927891533767,1209900
2025-01-21,4.138663291931152,4.168509631267268,3.959586679088871,3.9894330184249864,1380100
2025-01-22,4.088919639587402,4.198355099909605,4.088919639587402,4.138662901263469,868000
2025-01-23,3.9794840812683105,4.098868489852407,3.959586679837628,4.088920026332801,796500
2025-01-24,3.9695353507995605,4.019278854003418,3.9098431469549317,3.9595866501587893,448200
2025-01-27,3.9098432064056396,3.969535411157912,3.889945804821549,3.969535411157912,2093200
2025-01-28,3.8600995540618896,3.929740456929188,3.631279207445039,3.879996954881118,1504700
2025-01-31,3.8600995540618896,3.929740456929188,3.8600995540618896,3.8600995540618896,711900
2025-02-03,3.8402018547058105,3.879996892904332,3.770560952950915,3.879996892904332,391900
2025-02-04,3.8302533626556396,3.9297406077661714,3.810355961072681,3.810355961072681,310100
2025-02-05,3.9197916984558105,4.019278701078252,3.8302531588998883,3.8899455976690778,3157700
2025-02-06,3.9595866203308105,3.9595866203308105,3.8402019763451563,3.919791818067503,139500
2025-02-07,3.9595866203308105,3.9894329592240227,3.919791818067503,3.9794840214624645,496100
2025-02-10,3.8998942375183105,3.969535138275217,3.889945537410181,3.9595864381670878,308600
2025-02-12,3.8799967765808105,3.9695350761527184,3.8203043396704883,3.899894176485679,249100
2025-02-13,3.7904582023620605,3.889945438099149,3.7904582023620605,3.8402017016327474,1171200
2025-02-14,3.8004071712493896,3.830253272924626,3.7805097701325656,3.790458470690978,598700
2025-02-17,3.7307660579681396,3.870048095165066,3.7208173579680537,3.800406957968744,194200
2025-02-18,3.581535577774048,3.730766325679523,3.5616381763460825,3.730766325679523,1477500
2025-02-19,3.571586847305298,3.6113818870254324,3.551689446043097,3.5815355479363986,644600
2025-02-20,3.6213302612304688,3.651176360433448,3.5118943269571674,3.5715865253631254,710600
2025-02-21,3.690971612930298,3.690971612930298,3.5317921604248346,3.6213307062322944,861500
2025-02-24,3.581535577774048,3.730766325679523,3.501945972062187,3.631279318539696,1060600
2025-02-25,3.293022871017456,3.601432816405519,3.293022871017456,3.5815354158769814,2916400
2025-02-26,3.342766284942627,3.3825613221549915,3.2134331848885265,3.293022784921819,1382300
2025-02-27,3.482048273086548,3.482048273086548,3.342766237796971,3.3925099743119222,802600
2025-02-28,3.0841000080108643,3.4621511022189697,3.0841000080108643,3.4621511022189697,4816500
2025-03-03,3.0741512775421143,3.1636898185590088,3.0542538766929663,3.1636898185590088,1363200
2025-03-04,2.8851258754730225,3.0741511773811716,2.8453308378755864,3.0741511773811716,2634200
2025-03-05,2.8552794456481934,2.9746640801886595,2.8154846465332755,2.9348692810737416,2542400
2025-03-06,2.8552794456481934,2.9249205812950123,2.7856385471970873,2.875177082401365,2028400
2025-03-07,2.7358951568603516,2.905023297005259,2.7358951568603516,2.8154847582482034,3274600
2025-03-10,2.5966131687164307,2.7358952111023043,2.556818367233532,2.7358952111023043,4859100
2025-03-11,2.4971261024475098,2.536920902933411,2.4175365014757073,2.526972202811936,2948600
2025-03-12,2.4374337196350098,2.5369207134177842,2.4075876215001775,2.507074615282952,2805100
2025-03-13,2.5767157077789307,2.626459445666191,2.4473826059809296,2.4573313061192374,4493700
2025-03-14,2.7358951568603516,2.7557925572073145,2.546869616368481,2.5767157168889256,2017700
2025-03-17,2.8652286529541016,2.9149721565409985,2.80553621145409,2.815484912171469,3717100
2025-03-19,2.8950746059417725,2.9249207065561342,2.8552795679269005,2.8851259057369854,3169000
2025-03-20,2.9846129417419434,3.0144590426958757,2.914972039516101,2.914972039516101,4500400
2025-03-21,2.8652286529541016,3.0244078644321726,2.80553621145409,2.984613061562655,23309800
2025-03-24,2.8055360317230225,2.865228469398957,2.7657412314028793,2.865228469398957,845800
2025-03-25,2.8851258754730225,2.9050232756738805,2.8254334376747288,2.8254334376747288,1463000
2025-03-26,2.9647154808044434,3.034356381613808,2.885125879879456,2.885125879879456,1038500
2025-03-27,2.9945616722106934,3.014459073046986,2.924920769283671,2.9348694697018174,3214800
2025-03-28,2.9945616722106934,3.0244077734651316,2.9647155709562556,2.9945616722106934,936500
2025-04-02,2.9448182582855225,2.9945617618655342,2.835382313213761,2.9945617618655342,1723500
2025-04-03,2.7756900787353516,2.974664328087521,2.745843976911886,2.845330982990104,2070800
2025-04-04,2.7060492038726807,2.755792707452085,2.6463569995773955,2.735895306020323,2991200
2025-04-07,2.327997922897339,2.4871773592818345,2.268305723201547,2.4871773592818345,7035200
2025-04-08,2.367793083190918,2.477228788331968,2.3578441455278205,2.427485285995127,5834700
2025-04-09,2.318049430847168,2.3478955333718745,2.268305926639324,2.318049430847168,1075300
2025-04-10,2.6364080905914307,2.9149719258259372,2.606561753605844,2.666254190381301,2767600
2025-04-11,2.5866644382476807,2.6463568769731842,2.4871774356980483,2.5866644382476807,844300
2025-04-14,2.616511106491089,2.7458442261313603,2.5767160632521744,2.7358955246205703,1248600
2025-04-15,2.5269722938537598,2.626459535848563,2.5269722938537598,2.626459535848563,583200
2025-04-16,2.5170235633850098,2.556818364830508,2.4971261626622607,2.5170235633850098,858600
2025-04-17,2.5866644382476807,2.596613138502644,2.4772287354430853,2.5070748362079747,1139300
2025-04-18,2.616511106491089,2.6364085095126693,2.5667673617413844,2.6065621677845447,601800
2025-04-21,2.6364080905914307,2.656305490451344,2.616510690731517,2.616510690731517,806500
2025-04-22,2.5767157077789307,2.626459445666191,2.526972207087392,2.556818307502315,544700
2025-04-23,2.6861517429351807,2.7060491439261596,2.5767158002890667,2.6165108394667542,3076800
2025-04-24,2.6861517429351807,2.715997844421649,2.646356940953223,2.7060491439261596,1716500
2025-04-25,3.0045101642608643,3.0045101642608643,2.745843734132303,2.7557924338604898,6979400
2025-04-28,3.183587074279785,3.3527149737876063,2.93486933780786,3.0144589375762467,5013400
2025-04-29,3.173638343811035,3.2432792429391455,3.113946144558369,3.1835870436864795,3042600
2025-04-30,3.1139461994171143,3.2134331999242316,3.094048562119972,3.173638399721385,1780600
2025-05-02,3.273125648498535,3.3029717509145287,3.0841000960015057,3.1139464356132365,3461200
2025-05-05,3.193535804748535,3.312920205541215,3.123894904286139,3.2930228054091017,1807600
2025-05-06,3.1537411212921143,3.2134333238993253,3.1139463195539734,3.1935359230302547,1553500
2025-05-07,3.283074140548706,3.283074140548706,3.143792338130341,3.173638438648562,1501300
2025-05-08,3.402458906173706,3.4323050078003154,3.1835872570495063,3.2631768613871315,3196100
2025-05-09,3.362664222717285,3.402459026290977,3.3228691819478544,3.402459026290977,603800
2025-05-13,3.5914840698242188,3.611381707291874,3.4720996681926137,3.482048368328581,4180300
2025-05-14,3.561638116836548,3.6511766589620747,3.561638116836548,3.6312792578665647,2068300
2025-05-15,3.511894464492798,3.5815353653604154,3.491997064244907,3.57158666523647,1646600
2025-05-16,3.372612714767456,3.51189451865059,3.3328176764622643,3.51189451865059,2299300
2025-05-19,3.283074140548706,3.3726126792990914,3.1835871388213026,3.3726126792990914,3160600
2025-05-20,3.253228187561035,3.332817792552265,3.223382085689324,3.322869091928361,1016100
2025-05-21,3.193535804748535,3.302971505475158,3.173638404616422,3.253228005144875,1717200
2025-05-22,3.1537411212921143,3.1935359230302547,3.1139463195539734,3.18358722259572,2440900
2025-05-23,3.1537411212921143,3.1537411212921143,3.0741512806201046,3.1238950199885087,665100
2025-05-26,3.1537411212921143,3.1636898217266496,3.08409998105464,3.10399738192371,955000
2025-05-27,3.183587074279785,3.2233818741639784,3.1238948744534953,3.1537409743666402,757300
2025-05-28,3.2134335041046143,3.263177009066843,3.183587401127277,3.2432796070819516,953500
2025-05-29,3.302971601486206,3.332817702551945,3.2134332982889897,3.243279399354728,1760000
2025-05-30,3.173638343811035,3.3029714421918115,3.173638343811035,3.3029714421918115,1025100
2025-06-03,3.1537411212921143,3.2233820243338602,3.1238950199885087,3.1736385221611845,407700
2025-06-04,3.183587074279785,3.183587074279785,3.113946174482447,3.143792274395592,475000
2025-06-05,3.223381996154785,3.2532280971974736,3.1636897940694086,3.1736384944169713,809100
2025-06-06,3.2134335041046143,3.263177009066843,3.2134335041046143,3.2333309060895057,518000
2025-06-09,3.253228187561035,3.273125588808843,3.2134333850654206,3.233330786313228,585000
2025-06-10,3.2333309650421143,3.3427666779543346,3.2333309650421143,3.263177068563629,862500
2025-06-11,3.332817554473877,3.332817554473877,3.2432792552548735,3.253227955168096,924400
2025-06-12,3.392510175704956,3.392510175704956,3.283074233510364,3.3228690353281327,1145300
2025-06-13,3.283074140548706,3.3825613794718317,3.2731254403759658,3.3825613794718317,1508600
2025-06-16,3.203484535217285,3.273125436340609,3.1636897345753856,3.2631767361801343,660000
2025-06-17,3.283074140548706,3.3029715408941867,3.2432793398577444,3.2631767402032255,769300
2025-06-18,3.322869062423706,3.3328177629592726,3.263176859210307,3.28307426028144,1211500
2025-06-19,3.293022871017456,3.322868971810263,3.2830741707531867,3.322868971810263,568000
2025-06-20,3.293022871017456,3.3129202715459938,3.273125470488918,3.293022871017456,5352500
2025-06-23,3.312920093536377,3.3228687932660828,3.20348439650961,3.2631765948878466,662300
2025-06-24,3.372612714767456,3.402458815599556,3.3029715756301643,3.322868976184898,1313700
2025-06-25,3.491997241973877,3.5218433438647625,3.38256153504063,3.38256153504063,4498800
2025-06-26,3.6086297035217285,3.6285671034905973,3.469069567427699,3.489006729726846,2304200
2025-06-30,3.508943796157837,3.6385355852314265,3.4989752152806157,3.618598423476984,2689300
2025-07-01,3.70831561088562,3.70831561088562,3.508943757848169,3.508943757848169,2278400
2025-07-02,3.6485042572021484,3.678410000580479,3.5986611139018763,3.678410000580479,1049800
2025-07-03,3.7581584453582764,3.7780956065270437,3.598660918338429,3.6285668977612886,4022500
2025-07-04,3.6684415340423584,3.768127348417261,3.6684415340423584,3.7581587669797707,624500
2025-07-07,3.5687551498413086,3.608629471880028,3.469069344744509,3.5288808278025887,1076100
2025-07-08,3.528881072998047,3.5488182354026905,3.4790381669864376,3.528881072998047,386900
2025-07-09,3.5488181114196777,3.5488181114196777,3.489006626295346,3.489006626295346,257500
2025-07-10,3.5388495922088623,3.5687553352919563,3.5089438491257683,3.5687553352919563,337100
2025-07-11,3.598660945892334,3.6485040868655956,3.5388494619280726,3.5388494619280726,499400
2025-07-14,3.68837833404541,3.68837833404541,3.5886922918081416,3.6385354317616287,321000
2025-07-15,3.6485042572021484,3.6983471628326994,3.5986611139018763,3.6883785817065893,356300
2025-07-16,3.618598461151123,3.6485042040941424,3.5388495756333533,3.6485042040941424,266700
2025-07-17,3.6086297035217285,3.6285671034905973,3.5886925412225814,3.618598522341024,377800
2025-07-18,3.578723907470703,3.6784099551709133,3.578723907470703,3.6285670501556675,511500
2025-07-21,3.578723907470703,3.5986610694768015,3.5587867454646047,3.578723907470703,786500
2025-07-22,3.5687551498413086,3.638535451078775,3.5587865693316285,3.638535451078775,321600
2025-07-23,3.7382214069366455,3.7481899878483547,3.578723874679584,3.6086296174147114,1023900
2025-07-24,3.7780957221984863,3.887750349653638,3.7083156559713903,3.7083156559713903,1133200
2025-07-25,3.9575304985046387,3.9874362417977554,3.6784099900991625,3.7681272199785125,5168000
2025-07-28,3.8678131103515625,3.947561755869834,3.8578442919920675,3.947561755869834,2493600
2025-07-29,3.8877503871917725,3.897718968177609,3.8578444065645443,3.867813225220099,3217400
2025-07-30,3.8678131103515625,3.8877502717311305,3.8179699692329314,3.8877502717311305,764100
2025-07-31,3.8279387950897217,3.8777819394006436,3.8279387950897217,3.867813358072404,2110300
2025-08-01,3.8877503871917725,3.9176561301492825,3.8478758255787078,3.8478758255787078,1121400
2025-08-04,3.8877503871917725,3.9176561301492825,3.8279386636070347,3.867813225220099,1368800
2025-08-05,3.8877503871917725,3.9375932921209555,3.867813225220099,3.8877503871917725,2615100
2025-08-06,3.7780957221984863,3.877781768764053,3.7681271413089013,3.877781768764053,891600
2025-08-07,3.8279387950897217,3.8279387950897217,3.6584729125096564,3.778095888448526,1594800
2025-08-08,3.7780957221984863,3.847875788425582,3.758158560419316,3.847875788425582,391200
2025-08-11,3.817970037460327,3.85784436093202,3.7382213905169412,3.778095713988634,652800
2025-08-12,3.8080015182495117,3.847875842366828,3.788064356190853,3.8179700992788406,819000
2025-08-13,3.917656183242798,3.9375933454846668,3.847875877726535,3.847875877726535,2090400
2025-08-14,3.817970037460327,3.9674989881488907,3.778095713988634,3.9375932455451212,2383400
2025-08-15,3.8080015182495117,3.8578444233961573,3.7980329372201824,3.8179700992788406,585800
2025-08-18,3.8877503871917725,3.9176561301492825,3.808001501635361,3.808001501635361,1777500
2025-08-19,3.8877503871917725,3.9176561301492825,3.877781806205936,3.8877503871917725,1370900
2025-08-20,3.8279387950897217,3.8877505207288827,3.8279387950897217,3.8877505207288827,431700
2025-08-21,3.8080015182495117,3.847875842366828,3.788064356190853,3.82793868030817,483000
2025-08-22,3.9475619792938232,3.9774677230557796,3.8179701853222885,3.847875929084245,1946700
2025-08-25,4.057216644287109,4.087122150626487,3.9276248492445993,3.987436337262807,4386400
2025-08-26,3.9475619792938232,4.057216610757387,3.9475619792938232,4.057216610757387,2161000
2025-08-27,3.9375932216644287,3.987436125701758,3.8977188984345656,3.9575303832793605,683100
2025-08-28,3.9076874256134033,3.9475617482960366,3.8777816836014285,3.937593167625378,463500
2025-08-29,3.897718906402588,3.94756181054181,3.8478757645936517,3.94756181054181,614800
2025-09-02,3.8678131103515625,3.8977188524209145,3.7880642271635794,3.8977188524209145,1337900
2025-09-03,3.9475619792938232,3.957530560547809,3.85784451033823,3.86781332926194,1559200
2025-09-04,3.9575304985046387,4.007373403993166,3.8777818497229943,3.9575304985046387,723100
2025-09-08,3.7780957221984863,3.9575304158807336,3.758158560419316,3.9176560923223933,2008700
2025-09-09,3.6285669803619385,3.8080014349654885,3.5886924194469914,3.768127111720255,5072500
2025-09-10,3.6983470916748047,3.7880643200835955,3.548818139990436,3.638535606068944,5275300
2025-09-11,3.8877503871917725,3.8877503871917725,3.6983471107911585,3.6983471107911585,1969500
2025-09-12,3.7880642414093018,3.9575303514426494,3.778095660682029,3.8977188670790133,3560700
2025-09-17,3.8279387950897217,3.897719102057122,3.778095888448526,3.788064469776765,1830500
2025-09-18,3.877781629562378,3.8877502100941186,3.7780955865752657,3.8379070697657087,1075700
2025-09-19,3.8478755950927734,3.8877501543173705,3.7880641127604333,3.8777815739286474,1073900
2025-09-22,3.728252649307251,3.8578441950168814,3.7182840688680487,3.8578441950168814,1552600
2025-09-23,3.7780957221984863,3.8080014648672416,3.7282528177505605,3.7282528177505605,746200
2025-09-24,3.817970037460327,3.8478757800640966,3.7182842287810947,3.7880642948565573,1096800
2025-09-25,3.8080015182495117,3.847875842366828,3.7980329372201824,3.8080015182495117,1165700
2025-09-26,3.768127202987671,3.817970108251452,3.7282528787766456,3.7980329461459394,1820400
2025-09-29,3.728252649307251,3.7880641319424653,3.6883783275504416,3.7880641319424653,1173200
2025-09-30,3.7382214069366455,3.758158568760064,3.718284245113227,3.718284245113227,1286800
2025-10-01,3.9375932216644287,3.9974049441789377,3.7282527870379325,3.7282527870379325,13353100
2025-10-02,4.186808109283447,4.475897215739999,3.9475621489081503,3.9475621489081503,19594900
2025-10-03,4.2366509437561035,4.286494086171361,4.196776619959672,4.206744963239062,4228900
2025-10-06,4.42605447769165,4.42605447769165,4.136965375631248,4.2366511909383755,3952700
2025-10-07,4.436022758483887,4.495834722157255,4.386180089208687,4.4260544147646295,5337400
2025-10-08,4.3662428855896,4.475897042173025,4.3662428855896,4.4360227169900615,2346200
2025-10-09,4.525739669799805,4.535708487627532,4.366242387271338,4.366242387271338,7843200
2025-10-10,4.3463053703308105,4.525739819094502,4.326368209357067,4.525739819094502,2610600
2025-10-13,4.316399574279785,4.346305554678564,4.0871219756872605,4.0871219756872605,4410800
2025-10-14,4.2366509437561035,4.376211077043616,4.216713781857887,4.276525267552536,1908800
2025-10-15,4.276525020599365,4.306430999389449,4.206744720315441,4.206744720315441,1171100
2025-10-16,4.266556739807129,4.3662425449882605,4.216713599546857,4.286493900843356,4935900
2025-10-17,4.256587982177734,4.356273788777094,4.186807679888473,4.266556800507381,1371900
2025-10-21,4.336336612701416,4.5058027210133735,4.196776483937211,4.286493947241053,2288500
2025-10-22,4.455959796905518,4.455959796905518,4.286494155691917,4.336336823576114,3422500
2025-10-23,4.505802631378174,4.505802631378174,4.346305344534865,4.445991148811933,4320300
2025-10-24,4.625425815582275,4.784923585319204,4.545677168383527,4.585551491982901,5387400
2025-10-27,4.645362854003906,4.774954639929708,4.635394511038532,4.685237176544242,5828700
2025-10-28,4.67526912689209,4.8247980834690845,4.605488820398972,4.66530030796188,9642900
2025-10-29,4.63539457321167,4.745049199338068,4.615457411674091,4.685237239385905,6106900
2025-10-30,4.5855512619018555,4.705174226697869,4.535708597573221,4.685237065898534,3306000
2025-10-31,4.4958343505859375,4.595520156236969,4.485865532351126,4.5855513380021575,1871100
2025-11-03,4.436022758483887,4.565614554210425,4.416085595705916,4.5058030658765125,1232300
2025-11-04,4.485865592956543,4.535708734125163,4.336336644790107,4.40611694735829,5028700
2025-11-05,4.4958343505859375,4.565614176871951,4.346305404439684,4.436022391855903,5710900
2025-11-06,4.505802631378174,4.625425596510656,4.475896652425348,4.505802631378174,3039600
2025-11-07,4.475897312164307,4.4958349512979,4.455960148370192,4.4958349512979,2876700
2025-11-10,4.615457534790039,4.7051745264326055,4.406117095391653,4.475896924964823,4650600
2025-11-11,4.545677185058594,4.715143298647308,4.535708841791899,4.635394651156015,1219900
2025-11-12,4.535708904266357,4.545677247670355,4.495834579971485,4.545677247670355,1394400
2025-11-13,4.445991516113281,4.585551653630804,4.436022697192305,4.585551653630804,972400
2025-11-14,4.296462535858154,4.465928653859754,4.286494192331885,4.4061171666837975,1180800
2025-11-17,4.276525020599365,4.316399342093206,4.18680755956852,4.286493838642529,1077200
2025-11-18,4.166870594024658,4.2765252209393525,4.1569022508539195,4.2765252209393525,1867100
2025-11-19,4.166870594024658,4.226682079067374,4.117027927492109,4.1569022508539195,1166500
2025-11-20,4.256587982177734,4.276525143497606,4.176839336898246,4.236650820857863,1657900
2025-11-21,4.1269965171813965,4.186808005796841,4.087122191437766,4.146933680053212,1002100
2025-11-24,4.306431293487549,4.306431293487549,4.077153691570261,4.136965177895713,2559800
2025-11-25,4.266556739807129,4.306431061879581,4.156902116438178,4.256587921619309,1372900
2025-11-26,4.2167134284973145,4.236650588724796,4.186807450486394,4.236650588724796,498000
2025-11-27,4.226681709289551,4.266556504502282,4.136964727244221,4.226681709289551,926600
2025-11-28,4.146933555603027,4.1967766989564925,4.117028049862503,4.186807880150022,1069600
2025-12-01,4.136965274810791,4.196776762537424,4.0871221307022045,4.136965274810791,655900
2025-12-02,4.136965274810791,4.2366510876885135,4.027310642975571,4.107059293277749,1077600
2025-12-03,4.266556739807129,4.266556739807129,4.136964955401952,4.166870459286584,965500
2025-12-04,4.266556739807129,4.276525082655535,4.146933298250358,4.236650760583083,593500
2025-12-05,4.20674467086792,4.256587809819051,4.176839167768763,4.236650649306479,414000
2025-12-08,4.2366509437561035,4.266556924273145,4.16687063944263,4.206744963239062,152700
2025-12-09,4.186808109283447,4.25658841872931,4.156902601906269,4.25658841872931,621100
2025-12-10,4.256587982177734,4.276525143497606,4.156902175578375,4.176839336898246,598700
2025-12-11,4.246619701385498,4.336336690969249,4.206744902822309,4.256588044521725,1762800
2025-12-12,4.2366509437561035,4.25658810565432,4.16687063944263,4.216713781857887,1256800
2025-12-15,4.176839828491211,4.2366513194903375,4.107059517989159,4.2366513194903375,1037300
2025-12-16,4.186808109283447,4.216714092000094,4.087122292460407,4.166870945918839,1139100
2025-12-17,4.296462535858154,4.296462535858154,4.117028074330285,4.117028074330285,786600
2025-12-18,4.186808109283447,4.286494401445957,4.186808109283447,4.24662007471674,381100
2025-12-19,4.186808109283447,4.226682436012664,4.176839765270878,4.216714092000094,1187500
2025-12-22,4.136965274810791,4.186807943579927,4.107059293277749,4.186807943579927,1533300
2025-12-23,4.156902313232422,4.236650961152752,4.107059170612498,4.12699633259258,1344500
2025-12-24,4.1269965171813965,4.186808005796841,4.117028173415218,4.136965336287033,404300
2025-12-26,4.057216644287109,4.176839620323525,4.047247825281015,4.126996475971959,438700
2025-12-29,4.136965274810791,4.156902437386336,4.057216624508613,4.057216624508613,733900
2025-12-30,4.14325475692749,4.153238255547998,4.093335835638607,4.14325475692749,2237700
2025-12-31,3.9735310077667236,4.123287296021518,3.9735310077667236,4.123287296021518,1305900
2026-01-02,4.063385009765625,4.063385009765625,3.933596190599209,3.993498612661678,1173900
2026-01-05,4.173205852508545,4.183189827487006,4.0633849841182546,4.0633849841182546,1024300
2026-01-06,4.173205852508545,4.213140800298129,4.0633849841182546,4.103319931907838,1051700
2026-01-07,4.223124980926514,4.233108480329003,4.153238580860479,4.183190031192251,1914200
2026-01-08,4.302994728088379,4.302994728088379,4.153238433854519,4.22312483144689,2482800
2026-01-09,4.682377338409424,4.812166161953605,4.273043869144704,4.293011343839028,8042500
2026-01-12,4.542604923248291,4.722312191845749,4.522637448959684,4.672393268093163,2048100
2026-01-13,4.462734222412109,4.542604589765206,4.412815778386291,4.542604589765206,1270600
2026-01-14,4.442767143249512,4.602507416047703,4.422799668657506,4.442767143249512,3103900
2026-01-15,4.592523097991943,4.622474545675822,4.4227993385948885,4.44276681169677,3180500
2026-01-16,4.6923604011535645,4.742279321276048,4.5525880912975545,4.5825395385834655,4839100
2026-01-19,4.6923604011535645,4.6923604011535645,4.6923604011535645,4.6923604011535645,0
2026-01-20,4.592523097991943,4.672392990399473,4.5525881517881785,4.592523097991943,1253000
2026-01-21,4.672393321990967,4.702344771800448,4.552588474877335,4.552588474877335,2032300
2026-01-22,4.672393321990967,4.742279720838325,4.6324583729530895,4.692360796509906,1401700
2026-01-23,4.542604923248291,4.672393268093163,4.512653473784312,4.672393268093163,1977400
2026-01-26,4.40283203125,4.5426048242874275,4.322962135835544,4.5426048242874275,4243400
2026-01-27,4.442767143249512,4.502670043087675,4.342929770289484,4.402832194065501,1078900
2026-01-28,4.372880935668945,4.472718302132642,4.28302706782056,4.462734327455214,2188800
2026-01-29,4.312978744506836,4.392848641913273,4.283027294948352,4.372881167561663,1663400
2026-01-30,4.342929363250732,4.372880810362631,4.302994417809603,4.312978392200936,2603500
2026-02-03,4.322962284088135,4.41281615754193,4.312978784850015,4.342929758626518,903200
2026-02-04,4.273043632507324,4.332946053272954,4.223124710504905,4.332946053272954,444300
2026-02-05,4.09333610534668,4.273043852977829,4.0034827075932515,4.273043852977829,5412900
2026-02-06,4.133270740509033,4.163222188192351,4.043417349583303,4.043417349583303,547500
2026-02-09,4.29301118850708,4.332946136450781,4.173205868613844,4.173205868613844,546200
2026-02-10,4.263059616088867,4.3229620362700505,4.163222249120229,4.312978537604246,1151100
2026-02-11,4.233108043670654,4.302994436527689,4.193173098055807,4.263059490912841,1739700
2026-02-12,4.302994728088379,4.3329461773600055,4.193173382175264,4.312978703199633,340400
2026-02-13,4.263059616088867,4.283027089482595,4.2131406945734895,4.24309214269514,495700
2026-02-16,4.123287200927734,4.2630595112463725,4.123287200927734,4.233108063861326,444300
2026-02-19,4.29301118850708,4.29301118850708,4.143254895687134,4.143254895687134,413700
2026-02-20,4.223124980926514,4.2930113809925485,4.14325508145799,4.283027405527907,947700
2026-02-23,4.332946300506592,4.332946300506592,4.213140976077238,4.223124951472246,929700
2026-02-24,4.382864475250244,4.39284845002099,4.233108186123892,4.283027107853383,1256600
2026-02-25,4.40283203125,4.492685901622328,4.3529135846470295,4.392848532354257,1006900
2026-02-26,4.512653350830078,4.522637325733422,4.352913560873584,4.4028320072039255,2766800
2026-02-27,4.592523097991943,4.792198305072878,4.562572126370175,4.562572126370175,6385900
2026-03-02,4.472718238830566,4.642441997447819,4.402831845264019,4.462734264294442,3605000
2026-03-03,4.482701778411865,4.662409513213199,4.422799358832124,4.472718279846298,2053800
2026-03-04,4.263059616088867,4.522637246269445,4.183189722513957,4.482701823419872,4661900
2026-03-05,4.412816047668457,4.472718469792112,4.2630597543282525,4.342929650493126,2767000
2026-03-06,4.322962284088135,4.41281615754193,4.253076361234867,4.382864707703283,727300
2026-03-09,4.193173408508301,4.27304378171351,4.103320012253416,4.263059806539557,3593600
2026-03-10,4.342929363250732,4.41281575580376,4.243091999647908,4.243091999647908,1005500
2026-03-11,4.382864475250244,4.482701842647106,4.312978556103501,4.352913503062245,1327400
2026-03-12,4.372880935668945,4.4128158822544234,4.3029945411133,4.392848408961685,1039700
2026-03-13,4.312978744506836,4.402832141058006,4.273043795803617,4.372881167561663,330500
2026-03-16,4.283027172088623,4.322962119646297,4.243092224530949,4.243092224530949,720900
2026-03-17,4.312978744506836,4.342929718003179,4.283027294948352,4.293011270155227,933700
2026-03-18,4.322962284088135,4.372881208465165,4.263059860472986,4.283027335011369,726400
2026-03-19,4.332946300506592,4.342929799839451,4.243092426200113,4.243092426200113,736700
2026-03-20,4.332946300506592,4.332946300506592,4.332946300506592,4.332946300506592,0
2026-03-24,4.183189868927002,4.332946162652539,4.14325492074181,4.332946162652539,1365800
2026-03-25,4.283027172088623,4.312978620787942,4.193173302052793,4.193173302052793,854200
2026-03-26,4.29301118850708,4.3529136104226325,4.203157317602686,4.283027213490089,1257900
2026-03-27,4.29301118850708,4.312978662478931,4.213140816557546,4.283027213490089,989700
2026-03-30,4.163222312927246,4.293011130006724,4.053400969547524,4.293011130006724,1797200
2026-03-31,4.193173408508301,4.223124857968021,4.143254960824951,4.173205934222533,1726100
2026-04-01,4.29301118850708,4.32296216143379,4.233108290529397,4.27304371453523,1045800
2026-04-02,4.183189868927002,4.322962187575174,4.113303471571849,4.312978688559943,900800
2026-04-03,4.223124980926514,4.2930113809925485,4.183190031192251,4.183190031192251,1665500
2026-04-06,4.253076076507568,4.293011022910841,4.203157155472421,4.223124628674057,629900
2026-04-07,4.193173408508301,4.253076307427742,4.173205934222533,4.253076307427742,627000
2026-04-08,4.382864475250244,4.402831948729617,4.273043609144756,4.283027107853383,1719900
2026-04-09,4.362896919250488,4.4227993385556035,4.3329459476289856,4.382864392352193,645500
2026-04-10,4.522637367248535,4.582539789032088,4.392848548686437,4.392848548686437,1789600
2026-04-13,4.512653350830078,4.522637325733422,4.412815982107269,4.412815982107269,438500
2026-04-14,4.592523097991943,4.652425517297591,4.52263718016641,4.52263718016641,1605400
2026-04-15,4.792198657989502,4.842117106389346,4.632458385348421,4.632458385348421,3601500
2026-04-16,4.902019500732422,4.921986975185139,4.792198629273549,4.832133578178983,2912000
2026-04-17,4.931970596313477,4.941954094791921,4.852100704237486,4.921986621772923,953000
2026-04-20,4.882051944732666,4.981889315328625,4.8421169964942825,4.931970868061713,1358900
2026-04-21,4.9219865798950195,4.981888998442343,4.8720681358033024,4.882051634196804,3043400
2026-04-22,4.971905708312988,5.071743076740534,4.921986786068153,4.941954259753663,2016200
2026-04-23,4.971905708312988,5.071743076740534,4.921986786068153,4.991873181998497,2564000
2026-04-24,5.511027812957764,5.5409792606424855,5.021824483916831,5.021824483916831,15163100
2026-04-27,5.600882053375244,5.780589323278793,5.501044681206606,5.501044681206606,10828200
2026-04-28,5.491060733795166,5.760621878048079,5.461109283961667,5.610865581004873,7950300
2026-04-29,5.491060733795166,5.630833055539824,5.461109283961667,5.491060733795166,6204600
2026-04-30,5.441141605377197,5.521011976583909,5.291385790012163,5.501044502797763,6800900
2026-05-04,5.750638008117676,5.760621506710529,5.451125433338254,5.451125433338254,6855600
2026-05-05,5.590898036956787,5.730670356963619,5.511028139810026,5.590898036956787,6766600
2026-05-06,5.760621547698975,5.77060552242498,5.6408167073596065,5.670767679413389,4974500
2026-05-07,5.810540676116943,5.890410572520673,5.72068680463168,5.780589226934477,5080800
2026-05-08,5.840491771697998,5.840491771697998,5.690735474769917,5.720686924580391,2100100
2026-05-11,5.870442867279053,5.870442867279053,5.75063802739061,5.840491419275884,2636200
2026-05-12,6.0102152824401855,6.050150229747127,5.850475493212419,5.87044296686589,3952100
2026-05-13,6.279776573181152,6.289760548290764,5.9503130115581175,5.960296510605594,5341100
2026-05-14,6.239841461181641,6.29974388208153,6.199906513915049,6.2797764084482335,2649100
2026-05-15,5.980263710021973,6.289760259331399,5.890410318474117,6.2398413382009466,4698600
2026-05-18,6.18992280960083,6.18992280960083,5.8005568187030665,5.96029661475094,4352700
2026-05-19,6.18992280960083,6.229857758612798,6.050150488058941,6.18992280960083,3903300
2026-05-20,6.209889888763428,6.289760257764681,6.070117576119935,6.130019995824289,3819600
2026-05-21,6.469467639923096,6.609239955224974,6.249825430163002,6.28976037739211,8190900
2026-05-22,6.90875244140625,6.938703413389079,6.449500078464531,6.469467551807123,6503700
2026-05-25,6.898768424987793,6.938703371431493,6.73902863921299,6.908752399629774,1413700
2026-05-26,6.7490129470825195,6.988622637575275,6.739028971947587,6.908752740744356,2875500
2026-05-27,6.7490129470825195,6.7490129470825195,6.7490129470825195,6.7490129470825195,0
2026-05-28,6.798931121826172,6.888784990187463,6.69909375479258,6.798931121826172,3975000
2026-05-29,6.758996486663818,6.848850359168188,6.6891100884868475,6.848850359168188,2924400
2026-06-02,6.758996486663818,6.758996486663818,6.758996486663818,6.758996486663818,0
2026-06-03,6.798931121826172,6.928719937000899,6.739028701606017,6.788947623153871,3389400
2026-06-04,6.7490129470825195,6.8688177923288976,6.649175099981735,6.798931394570776,6371900
2026-06-05,6.888784885406494,6.928719831612506,6.629207259005311,6.689109678314328,4760000
2026-06-08,6.7290449142456055,6.778963837183481,6.579289097556243,6.609240070469263,6317100
2026-06-09,7.148362159729004,7.148362159729004,6.758996189436053,6.788947637641104,7658800
2026-06-10,6.988622665405273,7.138378960590671,6.948687716830786,7.07847653772894,3635400
2026-06-11,7.268167495727539,7.298118467949759,6.928719970128256,6.988622390634814,5032800
2026-06-12,7.228232383728027,7.407940129043545,7.07847656404795,7.338053730747273,3339700
2026-06-15,7.47782564163208,7.597630957300039,7.288134883620551,7.288134883620551,7248600
2026-06-16,7.607614517211914,7.607614517211914,7.407939782926346,7.49779365138591,4227900
2026-06-18,7.47782564163208,7.587646982635161,7.348037303423474,7.587646982635161,3219100
2026-06-19,7.587646961212158,7.587646961212158,7.3480372826769855,7.497793569792525,4203500
2026-06-22,7.447875022888184,7.55769636909823,7.328070177602026,7.55769636909823,2512500
2026-06-23,7.188297271728516,7.43789093360884,7.088459902188811,7.387972486870053,5064900
2026-06-24,7.3380537033081055,7.3380537033081055,7.108427510978583,7.18829740812587,3405000
2026-06-25,7.837240695953369,7.907127090951223,7.288134938897495,7.4079397794120005,5032900
2026-06-26,7.248199939727783,7.737403272994388,7.248199939727783,7.737403272994388,3122100
2026-06-29,7.53000020980835,7.590000152587891,7.230000019073486,7.25,3065600
2026-06-30,7.760000228881836,7.829999923706055,7.480000019073486,7.539999961853027,5208700
2026-07-01,7.889999866485596,8.0,7.739999771118164,7.760000228881836,4091100
2026-07-02,7.71999979019165,7.889999866485596,7.670000076293945,7.889999866485596,3516100
2026-07-03,7.800000190734863,7.860000133514404,7.559999942779541,7.699999809265137,2673400
2026-07-06,7.630000114440918,7.849999904632568,7.599999904632568,7.849999904632568,1682200
2026-07-07,7.480000019073486,7.739999771118164,7.429999828338623,7.639999866485596,3135200
2026-07-08,7.449999809265137,7.630000114440918,7.449999809265137,7.460000038146973,2432100
2026-07-09,7.539999961853027,7.650000095367432,7.460000038146973,7.53000020980835,2317600
2026-07-10,7.389999866485596,7.590000152587891,7.369999885559082,7.539999961853027,2665100
2026-07-13,7.369999885559082,7.519999980926514,7.349999904632568,7.389999866485596,2999300
2026-07-14,7.480000019073486,7.480000019073486,7.179999828338623,7.369999885559082,4042100
2026-07-15,7.690000057220459,7.710000038146973,7.449999809265137,7.5,2548200
2026-07-16,7.659999847412109,7.699999809265137,7.420000076293945,7.679999828338623,1615900
2026-07-17,7.28000020980835,7.619999885559082,7.260000228881836,7.599999904632568,4585600
2026-07-20,7.690000057220459,7.730000019073486,7.289999961853027,7.289999961853027,3944800
2026-07-21,7.880000114440918,8.039999961853027,7.690000057220459,7.699999809265137,5582800
2026-07-22,7.949999809265137,8.039999961853027,7.829999923706055,7.889999866485596,2012200
2026-07-23,7.809999942779541,7.980000019073486,7.760000228881836,7.949999809265137,2029700
2026-07-24,8.0,8.079999923706055,7.679999828338623,7.739999771118164,4539000
2026-07-27,7.989999771118164,8.100000381469727,7.900000095367432,8.020000457763672,4390700
2026-07-28,7.860000133514404,7.949999809265137,7.800000190734863,7.929999828338623,3331800
2026-07-29,8.050000190734863,8.069999694824219,7.75,7.880000114440918,4558800
2026-07-30,8.0,8.199999809265137,7.96999979019165,7.989999771118164,4883100
2026-07-31,8.699999809265137,9.199999809265137,8.479999542236328,8.5,13521400
2026-08-03,8.699999809265137,8.850000381469727,8.609999656677246,8.8100004196167,5536300
2026-08-04,8.75,8.979999542236328,8.699999809265137,8.75,7290400
2026-08-05,9.100000381469727,9.140000343322754,8.729999542236328,8.829999923706055,9344600
2026-08-06,9.220000267028809,9.289999961853027,8.979999542236328,9.09000015258789,5226100
2026-08-07,9.279999732971191,9.329999923706055,9.130000114440918,9.300000190734863,4119900
2026-08-10,9.40999984741211,9.40999984741211,9.170000076293945,9.279999732971191,3426700
2026-08-11,9.539999961853027,9.579999923706055,9.34000015258789,9.399999618530273,4415000
2026-08-12,9.4399995803833,9.59000015258789,9.369999885559082,9.59000015258789,4126300
2026-08-13,9.399999618530273,9.649999618530273,9.380000114440918,9.5,3336300
2026-08-14,9.289999961853027,9.579999923706055,9.260000228881836,9.539999961853027,2251500
2026-08-17,9.3100004196167,9.390000343322754,9.220000267028809,9.25,1856000
2026-08-18,9.4399995803833,9.4399995803833,9.239999771118164,9.239999771118164,1766800
2026-08-19,9.350000381469727,9.4399995803833,9.260000228881836,9.4399995803833,2493100
2026-08-20,9.260000228881836,9.359999656677246,9.15999984741211,9.350000381469727,1819600
2026-08-21,9.050000190734863,9.279999732971191,8.989999771118164,9.279999732971191,4544100
2026-08-24,9.0,9.119999885559082,8.930000305175781,9.050000190734863,3429000
2026-08-25,9.0,9.0,9.0,9.0,0
2026-08-26,9.119999885559082,9.199999809265137,8.979999542236328,8.979999542236328,1375000
2026-08-27,9.5,9.539999961853027,9.069999694824219,9.199999809265137,2574800
2026-08-28,9.229999542236328,9.539999961853027,9.199999809265137,9.5,4174000
2026-08-31,9.229999542236328,9.229999542236328,9.229999542236328,9.229999542236328,0
2026-09-01,9.0600004196167,9.390000343322754,8.989999771118164,9.199999809265137,1599200
2026-09-02,9.020000457763672,9.09000015258789,8.84000015258789,9.050000190734863,6936900
2026-09-03,9.0,9.069999694824219,8.9399995803833,9.020000457763672,5693200
