Date,Close,High,Low,Open,Volume
2015-01-02,4.071340084075928,4.1037808102268745,4.0497125656625075,4.0605260491346264,183311
2015-01-05,4.028085231781006,4.028085231781006,4.001051110110922,4.017271748553723,2008511
2015-01-06,3.9956440925598145,4.038898299708875,3.8983210924697707,4.028085092589829,1771404
2015-01-07,3.9469821453094482,4.011863584282763,3.919948028580878,4.011863584282763,2572135
2015-01-08,4.060526371002197,4.109187739820472,3.9740173934295377,4.01186472644931,1136124
2015-01-09,4.141628742218018,4.141628742218018,4.0821536133654295,4.0821536133654295,1632156
2015-01-12,4.179476737976074,4.1902902225879055,4.1470360084059585,4.174070133537469,3576498
2015-01-13,4.217324256896973,4.287613146165961,4.184883528025487,4.201104168195844,6916424
2015-01-14,4.136221885681152,4.217324259376786,4.109187761115941,4.217324259376786,2098349
2015-01-15,4.190290451049805,4.271392830866176,4.163256324444347,4.217324577655262,3440137
2015-01-16,4.16325569152832,4.206510452962059,4.109187446537093,4.201103849050611,2648818
2015-01-19,4.217324256896973,4.238951777124116,4.087560514207184,4.179476647968701,1317296
2015-01-20,4.217324256896973,4.222731136953759,4.141628763305814,4.222731136953759,2102734
2015-01-21,4.174069881439209,4.217324093008763,4.15244263778713,4.211917488896696,3003783
2015-01-22,4.179476737976074,4.228138383800489,4.174070133537469,4.1848836181493,2317488
2015-01-23,4.22273063659668,4.2605785167749195,4.206510274082909,4.2119171534990265,1436224
2015-01-26,4.217324256896973,4.233544897067331,4.168662887855129,4.228138292745159,2943891
2015-01-27,4.22273063659668,4.233544395428915,4.206510274082909,4.22273063659668,3192442
2015-01-28,4.22273063659668,4.233544395428915,4.195696515250675,4.217323757180562,1330772
2015-01-29,4.244359016418457,4.244359016418457,4.1794772732343155,4.233545530421761,1768730
2015-01-30,4.411971092224121,4.509293572389822,4.2173250289540585,4.238952553140509,2456523
2015-02-04,4.466038703918457,4.552547685187087,4.411970452758251,4.433597973810033,2841541
2015-02-05,4.401155948638916,4.541733993327672,4.379528705620813,4.49847923155687,1735683
2015-02-06,4.325460910797119,4.401156407113076,4.314647426028911,4.379529161842035,1864985
2015-02-09,4.487666606903076,4.487666606903076,4.325461288148364,4.325461288148364,1688197
2015-02-10,4.411971092224121,4.460632745908969,4.379529805944445,4.379529805944445,417637
2015-02-11,4.379528522491455,4.411969799263976,4.374121918763953,4.411969799263976,423947
2015-02-12,4.379528522491455,4.4065626440673045,4.357901556112276,4.379528522491455,2105621
2015-02-13,4.406561851501465,4.476850720397244,4.379527734787981,4.379527734787981,938267
2015-02-16,4.406561851501465,4.471444117642174,4.390341767501723,4.460630636397502,1683385
2015-02-17,4.411971092224121,4.411971092224121,4.390343843772336,4.390343843772336,153044
2015-02-18,4.2876129150390625,4.40115601143787,4.260578791947041,4.384935923611097,1813221
2015-02-23,4.282206058502197,4.293019541660614,4.255171937004281,4.287612662214114,3325487
2015-02-24,4.282206058502197,4.320053663158531,4.260578540716198,4.282206058502197,2157706
2015-02-25,4.2876129150390625,4.2876129150390625,4.260578791947041,4.265985671712365,2239629
2015-02-26,4.2876129150390625,4.2876129150390625,4.222730909324373,4.265985671712365,2328290
2015-02-27,4.303833961486816,4.347088173726374,4.271392406169673,4.293019925891363,1081901
2015-03-02,4.341681003570557,4.352494486973953,4.24976487810145,4.298426242753205,888429
2015-03-03,4.282206058502197,4.352494388368364,4.282206058502197,4.347087784656448,310260
2015-03-04,4.303833961486816,4.303833961486816,4.271392406169673,4.282206441765126,1088211
2015-03-05,4.282206058502197,4.325460266870448,4.271392023874614,4.325460266870448,404589
2015-03-06,4.298427581787109,4.30383501450979,4.260579964483158,4.260579964483158,600842
2015-03-09,4.26598596572876,4.293020090684002,4.206510835680303,4.2497653253148435,1262538
2015-03-10,4.271392345428467,4.298426468961534,4.228138133804005,4.228138133804005,1078799
2015-03-11,4.249765396118164,4.265986036802325,4.2119177859910355,4.228138426675196,1058051
2015-03-12,4.1848835945129395,4.2822066098774645,4.1848835945129395,4.2822066098774645,831853
2015-03-13,4.16325569152832,4.211917332608101,4.1308149651212585,4.184883210112487,1632049
2015-03-16,4.201104164123535,4.23895177301512,4.130815274922681,4.163256003762721,456781
2015-03-17,4.22273063659668,4.238951274845032,4.179476152736904,4.238951274845032,659343
2015-03-18,4.217324256896973,4.271392505995602,4.195697012404444,4.195697012404444,443733
2015-03-19,4.341681003570557,4.363308521846528,4.265985516808429,4.265985516808429,702765
2015-03-20,4.228137969970703,4.325460424890217,4.228137969970703,4.271392179919137,569826
2015-03-23,4.282206058502197,4.336274301498031,4.233544419218281,4.233544419218281,486727
2015-03-24,4.341681003570557,4.341681003570557,4.265985516808429,4.276799551681004,846291
2015-03-25,4.363470554351807,4.385260330280518,4.341680500612758,4.341680500612758,3224741
2015-03-26,4.358024597167969,4.368920045511951,4.3035493001212615,4.347129704444901,208765
2015-03-27,4.319890975952148,4.358023507665465,4.238178050810255,4.358023507665465,1268421
2015-03-30,4.270863056182861,4.358023282924428,4.270863056182861,4.319890753177586,497849
2015-03-31,4.314444065093994,4.358023906894043,4.276310974266615,4.325338956091403,785651
2015-04-01,4.363470554351807,4.368918137239152,4.330785057027729,4.330785057027729,195075
2015-04-02,4.358024597167969,4.363472460245188,4.2218363545512,4.2218363545512,700412
2015-04-03,4.358024597167969,4.374367352968256,4.347129704444901,4.358024597167969,1143183
2015-04-06,4.456079006195068,4.466974451379175,4.363471194759875,4.363471194759875,512074
2015-04-07,4.505107402801514,4.505107402801514,4.4288417796751975,4.466974869048759,812602
2015-04-08,4.494213104248047,4.505107996265289,4.477870349506526,4.505107996265289,1166391
2015-04-09,4.510554313659668,4.510554313659668,4.41794650168621,4.483316672877407,1794077
2015-04-10,4.472422122955322,4.521450102335633,4.4560793705584185,4.510554656260631,624264
2015-04-13,4.466973781585693,4.50510630605527,4.450631032975587,4.483315974575128,1462962
2015-04-14,4.336233139038086,4.472421042585302,4.330785000601052,4.472421042585302,1770655
2015-04-15,4.298099994659424,4.325337630521148,4.265414776063288,4.325337630521148,2876513
2015-04-16,4.292653560638428,4.319891203788941,4.2763108080618775,4.319891203788941,295287
2015-04-17,4.270863056182861,4.2872058070546855,4.221835081377763,4.28175794562037,598596
2015-04-20,4.3035478591918945,4.3035478591918945,4.243625274752377,4.270862914155927,280314
2015-04-21,4.385261058807373,4.385261058807373,4.26541560442742,4.3144435807482555,912813
2015-04-22,4.466973781585693,4.466973781585693,4.276309770186131,4.347127791875921,1370450
2015-04-23,4.325338363647461,4.379813644604237,4.319890779989708,4.358023309973226,1353980
2015-04-24,4.358024597167969,4.358024597167969,4.319892055921548,4.319892055921548,952920
2015-04-27,4.281758785247803,4.379814476275764,4.281758785247803,4.3580241375070425,812388
2015-04-28,4.314444065093994,4.314444065093994,4.281758558670527,4.303548618475758,526512
2015-04-29,4.3035478591918945,4.336233637658956,4.281757803231128,4.292652970116693,364804
2015-04-30,4.3035478591918945,4.341680943291374,4.292652970116693,4.292652970116693,1122435
2015-05-05,4.3035478591918945,4.3035478591918945,4.249072580384795,4.281757803231128,461914
2015-05-06,4.232730388641357,4.281757806229643,4.210940054854967,4.281757806229643,834847
2015-05-07,4.249072551727295,4.259967996349742,4.221834912507448,4.221834912507448,301276
2015-05-08,4.2599687576293945,4.292653708285901,4.249073311059872,4.254520895439427,817415
2015-05-11,4.265415191650391,4.2926528301659275,4.227282386604497,4.2926528301659275,404269
2015-05-12,4.227282524108887,4.2545201635104055,4.22183494066651,4.249072580068029,631108
2015-05-13,4.200045585632324,4.232731091741308,4.178255803847158,4.2272832295794,937733
2015-05-14,4.194597244262695,4.20549268880975,4.183702633146724,4.200044827631043,1787446
2015-05-15,4.205492973327637,4.205492973327637,4.1782553324535305,4.205492973327637,503518
2015-05-18,4.238177299499512,4.238177299499512,4.161911971782207,4.221834550682014,198926
2015-05-19,4.167360305786133,4.205493395774932,4.167360305786133,4.205493395774932,461807
2015-05-20,4.156465530395508,4.183703172941168,4.151017390703503,4.167360142917137,360526
2015-05-21,4.14012336730957,4.1728086007707,4.134676059908094,4.1728086007707,403841
2015-05-22,4.096541881561279,4.178255360349922,4.085646991825124,4.140122273937044,373788
2015-05-25,4.074752330780029,4.129227612235273,4.074752330780029,4.101989971507652,217107
2015-05-26,4.080200672149658,4.140123274709269,4.031172961959772,4.069305224159035,1401680
2015-05-27,4.036619186401367,4.063856826734756,4.025724296954237,4.063856826734756,1242753
2015-05-28,4.058409690856934,4.074752442427522,4.031172049383005,4.031172049383005,510576
2015-05-29,4.194597244262695,4.194597244262695,4.031171687884812,4.074752077021227,1094414
2015-06-01,4.080200672149658,4.189151262709603,4.0584106095997585,4.189151262709603,930353
2015-06-02,4.0693039894104,4.080199434095019,4.052961794719748,4.074752128468257,1006287
2015-06-03,4.085647106170654,4.112884747988918,4.069304354393463,4.112884747988918,259031
2015-06-04,4.036619186401367,4.118332107401533,4.031171880582989,4.118332107401533,376034
2015-06-05,4.052962303161621,4.058409887282144,4.014829214317956,4.058409887282144,416782
2015-06-08,3.9821438789367676,4.074752244381605,3.9821438789367676,4.052961910013233,389296
2015-06-09,3.9821438789367676,4.00938151908686,3.9658011281604884,4.00938151908686,543624
2015-06-10,3.9658010005950928,4.009381390119643,3.9658010005950928,4.009381390119643,479454
2015-06-11,4.009382724761963,4.042067680522581,3.9712501837710907,3.9875923838409437,1855680
2015-06-12,3.99303936958313,4.042067073673823,3.99303936958313,4.031172460469868,122457
2015-06-15,4.003934383392334,4.025724440875976,3.9930389379349367,4.003934383392334,795918
2015-06-16,4.031172275543213,4.042066888247385,4.003934632541175,4.020277385028638,907359
2015-06-17,3.99303936958313,4.042067073673823,3.99303936958313,4.031172460469868,1401680
2015-06-18,3.99303936958313,4.031172460469868,3.982144478568762,4.031172460469868,244272
2015-06-19,3.8731935024261475,4.0257244612025636,3.873193502426147,4.0257244612025636,1634295
2015-06-22,3.9658010005950928,3.987591056452186,3.8895359440004493,3.938563361321136,744475
2015-06-23,3.9494588375091553,3.987591088300672,3.9276685036676615,3.9603534488091707,187589
2015-06-24,4.003934383392334,4.003934383392334,3.9276687654840114,3.9276687654840114,332505
2015-06-25,3.9331166744232178,4.003934997174494,3.9331166744232173,4.003934997174494,239032
2015-06-26,3.9494588375091553,3.9603534488091707,3.9276685036676615,3.9331158093176692,855916
2015-06-29,3.9549062252044678,3.9658011145408656,3.889536055754967,3.938563474484314,752282
2015-06-30,4.014828681945801,4.052961765732963,3.916773569830625,3.9494587924092586,1399862
2015-07-01,4.134675025939941,4.145569915828836,4.0039344026005015,4.052962101626493,1054842
2015-07-02,4.145569324493408,4.1782548229289,4.112884103868262,4.112884103868262,407798
2015-07-03,4.134675025939941,4.156465361338502,4.042066656116827,4.151017221868091,189407
2015-07-06,4.036619186401367,4.080199577621014,4.031171880582989,4.042066492219745,276571
2015-07-07,4.014828681945801,4.074752099325627,4.014828681945801,4.031171709950661,544052
2015-07-08,3.905879020690918,4.014829316831293,3.873193792943602,4.014829316831293,1078799
2015-07-09,3.9821438789367676,4.031171853455232,3.8840882077102097,3.8949836527047683,404589
2015-07-10,4.031172275543213,4.042066888247385,4.009381938893261,4.0257246913807245,384804
2015-07-13,4.0693039894104,4.096541628785672,4.003934099406332,4.052961794719748,271223
2015-07-14,4.085647106170654,4.085647106170654,4.031172100344517,4.031172100344517,172830
2015-07-15,4.085647106170654,4.112884747988918,4.05296215823705,4.085647106170654,176573
2015-07-16,4.145569324493408,4.145569324493408,4.085646466315697,4.091094049388279,219567
2015-07-20,4.080200672149658,4.156466307789978,4.052963024509672,4.1455708597993555,247908
2015-07-21,4.107437610626221,4.107437610626221,4.052962324751596,4.080199967688909,283416
2015-07-22,4.107437610626221,4.118332501114906,4.052962324751596,4.052962324751596,716026
2015-07-23,4.107437610626221,4.129227947224392,4.04206687864211,4.096542164516735,492502
2015-07-24,4.025724411010742,4.107437334325992,3.976696712583669,4.10199002835328,1312484
2015-07-27,3.9331166744232178,4.025725057998438,3.922222060726886,4.003934997174494,831318
2015-07-28,3.9603538513183594,3.9712492971568265,3.922221596651284,3.9331162090585696,552394
2015-07-29,4.02027702331543,4.02027702331543,3.9331159623680985,3.976696631746952,609505
2015-07-30,4.031172275543213,4.042066888247385,3.976696989539137,3.976696989539137,802869
2015-07-31,4.04751443862915,4.04751443862915,4.003934049485852,4.025724105152321,941155
2015-08-03,4.0693039894104,4.0693039894104,4.003934099406332,4.047514489092985,356997
2015-08-04,4.0693039894104,4.101989767843528,4.020276849717714,4.0311717387816035,741801
2015-08-05,4.031172275543213,4.091094867899375,4.031172275543213,4.091094867899375,708219
2015-08-06,3.976696491241455,4.052961826528697,3.9712489077615736,4.031171770419538,233791
2015-08-07,3.976696491241455,4.014828742169526,3.944011268172533,3.9658010464713254,2027655
2015-08-10,3.894984483718872,3.9766974216030078,3.813271545834736,3.9766974216030078,2049580
2015-08-11,3.791480541229248,3.9222214411408656,3.7587955940617266,3.8949837999610093,1441358
2015-08-12,3.6552929878234863,3.8078231273207543,3.6552929878234863,3.8078231273207543,1599643
2015-08-13,3.7424533367156982,3.7642433969740523,3.6552930956822807,3.6552930956822807,615173
2015-08-14,3.6607394218444824,3.758795083458082,3.6335017843646513,3.7424523342839757,3767830
2015-08-17,3.584474563598633,3.6607401867255,3.5626845046239866,3.6607401867255,1041153
2015-08-18,3.5517890453338623,3.584473989657158,3.5245514065242105,3.5790266841435145,2023912
2015-08-19,3.557237386703491,3.6171599826059166,3.5517898022186114,3.579027446832593,1243074
2015-08-20,3.497314214706421,3.5626843895183353,3.497314214706421,3.5572370833084714,685974
2015-08-21,3.421048879623413,3.4973142226490475,3.421048879623413,3.4973142226490475,1989581
2015-08-24,3.306649684906006,3.399258044238386,3.3066496849060063,3.3774679891186015,827896
2015-08-25,3.4373905658721924,3.4482860101305843,3.273964736013742,3.273964736013742,932492
2015-08-26,3.3556785583496094,3.431943910677675,3.3556785583496094,3.431943910677675,573677
2015-08-27,3.5082085132598877,3.5136558185510367,3.393810657180201,3.4047055455728463,703834
2015-08-28,3.5299997329711914,3.5790274375876314,3.486419057204725,3.486419057204725,1384782
2015-09-01,3.470076322555542,3.5790268838742314,3.453733571671514,3.5626841329902037,957411
2015-09-02,3.404705286026001,3.4646278621434123,3.3938103984638923,3.4646278621434123,956449
2015-09-03,3.3556785583496094,3.4482869425793936,3.3556785583496094,3.4101538496997175,1122221
2015-09-04,3.3012025356292725,3.372020565381176,3.290307646459234,3.3611251205904034,1482961
2015-09-07,3.2412798404693604,3.3012024233932107,3.2249370905543815,3.284860229098947,1560286
2015-09-08,3.235832691192627,3.2685179175963572,3.2085950488245834,3.2303848293465443,1696432
2015-09-09,3.328439950942993,3.328439950942993,3.2467270375282578,3.2630697868974137,1325532
2015-09-10,3.4101526737213135,3.4101526737213135,3.2848599357573973,3.2848599357573973,1720924
2015-09-11,3.3012025356292725,3.3992582050218236,3.295755229949437,3.3992582050218236,1334943
2015-09-14,3.431943655014038,3.4537339921791466,3.3012030210754255,3.3012030210754255,1250774
2015-09-15,3.4537336826324463,3.48641862982985,3.372020759018171,3.431943347420333,1230560
2015-09-17,3.4755241870880127,3.5082091358770366,3.453733850814802,3.480971493345919,1421144
2015-09-18,3.4428389072418213,3.491866329667101,3.4428389072418213,3.48641874568305,789608
2015-09-21,3.4101526737213135,3.4537330584591244,3.3829150374390564,3.4537330584591244,350259
2015-09-22,3.3175456523895264,3.42649622298133,3.2957555938332455,3.42649622298133,1598146
2015-09-23,3.2903075218200684,3.3393354935643136,3.2739647719685347,3.312097854955447,1221684
2015-09-25,3.2685184478759766,3.2957560946630156,3.241280801088938,3.29030850974352,2166369
2015-09-28,3.2794125080108643,3.3066498700781195,3.241279978868412,3.2685176187460363,349938
2015-09-29,3.2031469345092773,3.2794125493769255,3.186804739311082,3.273964965770612,2054499
2015-09-30,3.2412798404693604,3.257622034763624,3.1922518685347807,3.2031467573344092,1219865
2015-10-01,3.257622718811035,3.268518165519245,3.2140428766511113,3.2140428766511113,277106
2015-10-02,3.2031469345092773,3.263070076368357,3.2031469345092773,3.263070076368357,388975
2015-10-05,3.224937677383423,3.257622627540216,3.214042786601295,3.224937677383423,262133
2015-10-06,3.2412798404693604,3.252174729268989,3.2194895072493885,3.246727145963996,557848
2015-10-07,3.431943655014038,3.431943655014038,3.230384980909638,3.2412804273026,1569911
2015-10-08,3.3393359184265137,3.470076544821072,3.3393359184265132,3.431943456982504,980406
2015-10-09,3.3774685859680176,3.442839040689665,3.3611255555720008,3.3611255555720008,855061
2015-10-12,3.388362407684326,3.421048183035076,3.366572909421734,3.3774677974581993,1277939
2015-10-13,3.350231170654297,3.415601629821842,3.350231170654297,3.3992588761247444,1236122
2015-10-15,3.4101526737213135,3.4537330584591244,3.3338870698827274,3.3556774011567994,1804238
2015-10-16,3.431943655014038,3.4428391014070003,3.410153595659337,3.410153595659337,545549
2015-10-19,3.431943655014038,3.4537339921791466,3.4210490420522994,3.4210490420522994,617740
2015-10-20,3.3774685859680176,3.431943594488853,3.3774685859680176,3.431943594488853,288335
2015-10-21,3.3774685859680176,3.415601397524046,3.344783358607194,3.3665736953880114,1070778
2015-10-22,3.38291597366333,3.393811420126021,3.3774686671475993,3.38291597366333,207268
2015-10-23,3.393810987472534,3.442838684536778,3.3883628482201193,3.410153182746783,814955
2015-10-26,3.393810987472534,3.4264959336417804,3.3938109874725337,3.3992582932938253,360847
2015-10-27,3.4101526737213135,3.4210481171686826,3.3774677324308713,3.3829150374390564,335500
2015-10-28,3.393810987472534,3.421048627820489,3.377468236577536,3.421048627820489,662979
2015-10-29,3.328439950942993,3.4101528643577286,3.328439950942993,3.399257975921973,770571
2015-10-30,3.322993278503418,3.355678227845971,3.322993278503418,3.328440584853576,724262
2015-11-02,3.328439950942993,3.3447827003121495,3.3175450625072376,3.3229926456302894,311543
2015-11-03,3.4101526737213135,3.4101526737213135,3.3338870698827274,3.3338870698827274,363093
2015-11-04,3.421048879623413,3.421048879623413,3.4047061275255235,3.4101534337477584,637098
2015-11-05,3.3556785583496094,3.4210492969043393,3.3556785583496094,3.4210492969043393,265876
2015-11-06,3.3774685859680176,3.4101535355184383,3.3611255555720008,3.3611255555720008,106735
2015-11-09,3.393810987472534,3.404705876925491,3.366573347124579,3.3829155423988277,281170
2015-11-11,3.404705286026001,3.437390226522652,3.3338869889155025,3.3665727628431323,1796965
2015-11-12,3.3665735721588135,3.410153410694055,3.3556781263568154,3.3938112143274335,1129279
2015-11-13,3.3393359184265137,3.3992585087416582,3.3393359184265132,3.3992585087416582,424161
2015-11-16,3.328439950942993,3.333887256255697,3.3229926456302894,3.3229926456302894,838804
2015-11-17,3.3338873386383057,3.366573115994654,3.322992727743685,3.3338873386383057,2061344
2015-11-18,3.107069492340088,3.355678123450584,3.3229931751248625,3.344783233278808,2348397
2015-11-19,3.3849680423736572,3.58888172631223,3.3791420799922016,3.425750890285541,821300
2015-11-20,3.315054416656494,3.3966198245751555,3.309228177185681,3.3966198245751555,1351600
2015-11-23,3.2742714881896973,3.350010932467809,3.262619287363094,3.309228090669507,1114300
2015-11-24,3.2742714881896973,3.297575889842904,3.233488924201777,3.285923689016301,2477000
2015-11-25,3.233489751815796,3.2684463632427754,3.21601130719708,3.2684463632427754,3757600
2015-11-26,3.256793260574341,3.256793260574341,3.22766262018655,3.2334888593882587,3771800
2015-11-27,3.2393147945404053,3.2567932341935757,3.2218366326976087,3.2567932341935757,3749000
2015-11-30,3.2393147945404053,3.24514103369492,3.216010393543094,3.2334888331962643,5629500
2015-12-01,3.3674888610839844,3.367488861083985,3.227662194594341,3.23931439365095,2511000
2015-12-02,3.495663642883301,3.524794284364816,3.379141632578012,3.379141632578012,1897900
2015-12-03,3.4490554332733154,3.4840120423903573,3.425751027195288,3.4607076363123297,1065200
2015-12-04,3.495663642883301,3.495663642883301,3.4257504367001275,3.4374026377306564,381000
2015-12-07,3.5364468097686768,3.553924974012426,3.466533319362446,3.49566396351591,741300
2015-12-08,3.524794340133667,3.5422725030508047,3.5131421389187785,3.524794340133667,729300
2015-12-09,3.5014901161193848,3.5364467215452353,3.46653323288313,3.46653323288313,921200
2015-12-10,3.460707187652588,3.5189681952944705,3.4607071876525883,3.4956637922377176,954800
2015-12-11,3.4374027252197266,3.4840115305281336,3.431576485650979,3.4723593292010317,1567800
2015-12-14,3.3733150959014893,3.4374023348272327,3.367489134804801,3.425750134823494,564600
2015-12-15,3.326706647872925,3.4723593022358012,3.326706647872925,3.3733154528193827,806600
2015-12-16,3.320880651473999,3.3733156997827756,3.320880651473999,3.3383590935137284,589700
2015-12-17,3.3907947540283203,3.431577329800271,3.2975768426700163,3.2975768426700163,1285500
2015-12-18,3.355836868286133,3.4199238281312683,3.3325321909302086,3.3907934676044857,855300
2015-12-21,3.315054416656494,3.3383588189189686,3.303402215525257,3.3267066177877314,1316400
2015-12-22,3.3325321674346924,3.338358406185186,3.3150540068039214,3.338358406185186,344100
2015-12-23,3.344184637069702,3.3500108762904928,3.3150542743968807,3.338358675659289,1174300
2015-12-28,3.326706647872925,3.3500110503461538,3.320880408349422,3.344184810822651,1389800
2015-12-29,3.350011110305786,3.361663311750956,3.338358908860617,3.338358908860617,1608700
2015-12-30,3.3383588790893555,3.379141722688948,3.3208804381722743,3.3616632817718672,1851800
2015-12-31,3.3034021854400635,3.3441847501227793,3.3034021854400635,3.338358788515414,829600
2016-01-04,3.2451412677764893,3.320880437575853,3.245141267776489,3.303402274472305,1070300
2016-01-05,3.2626192569732666,3.3383587005458994,3.2451410948013537,3.2451410948013537,2143200
2016-01-06,3.3383588790893555,3.350011080430611,3.2684456710418197,3.2859238341485066,1276000
2016-01-07,3.250967025756836,3.3325324300181225,3.2509670257568364,3.326706468618933,1949800
2016-01-08,3.2393147945404053,3.2742713960363727,3.2218366326976087,3.2393147945404053,1952700
2016-01-11,3.1635754108428955,3.26261925581655,3.1577494493911162,3.26261925581655,2247500
2016-01-12,3.1694018840789795,3.2101847284936498,3.1635756443867122,3.169401884078979,1478400
2016-01-13,3.1286187171936035,3.1927059581509893,3.1286187171936035,3.1927059581509893,1937400
2016-01-14,3.058706283569336,3.134445743932225,3.058706283569336,3.134445743932225,2263900
2016-01-15,3.0354011058807373,3.0994883466622953,3.0354011058807373,3.0645317456388192,1686800
2016-01-18,3.029574394226074,3.058705029440111,3.0004440368223646,3.0354006323930123,1369400
2016-01-19,3.0703582763671875,3.0761845165235515,3.0120972638556553,3.0412276312062105,1121900
2016-01-20,3.041227102279663,3.0878361819931155,3.0120967399954246,3.0878361819931155,1647900
2016-01-21,2.9596617221832275,3.0354011647754886,2.9421835602375523,3.017922725019438,1939200
2016-01-22,2.988792657852173,3.017923023243686,2.965488254414801,2.9946186198063143,3021400
2016-01-26,2.918879270553589,2.988792476626512,2.918879270553589,2.9713140362030885,2001600
2016-01-27,2.9305315017700195,2.9596618656954505,2.930531501770019,2.930531501770019,1667700
2016-01-28,2.988792657852173,3.0237492630082308,2.930531649258743,2.948009812931571,1560700
2016-01-29,3.175227642059326,3.175227642059326,2.9887924288453624,2.9887924288453624,3436700
2016-02-02,3.186879873275757,3.24514115577109,3.1169666676538177,3.175227672338767,3440200
2016-02-03,3.116966962814331,3.169402010901303,3.093662558733546,3.169402010901303,1094100
2016-02-04,3.1519227027893066,3.1810533387904143,3.122792344598533,3.163574901627683,1538700
2016-02-05,3.175227642059326,3.181053881377453,3.1519232404075805,3.181053881377453,872600
2016-02-08,3.175227642059326,3.175227642059326,3.175227642059326,3.175227642059326,0
2016-02-09,3.175227642059326,3.175227642059326,3.175227642059326,3.175227642059326,0
2016-02-10,3.116966962814331,3.2043586170224807,3.116966962814331,3.2043586170224807,420900
2016-02-11,3.058706283569336,3.116967300075235,3.058706283569336,3.116967300075235,675200
2016-02-12,3.058706283569336,3.076184727426326,3.0470540802681563,3.076184727426326,458100
2016-02-15,3.1111412048339844,3.1227934076389254,3.0703583561114764,3.0703583561114764,528200
2016-02-16,3.175227642059326,3.175227642059326,3.1053144371040897,3.1111406764222167,1309000
2016-02-17,3.186879873275757,3.192706112649444,3.151923270464787,3.181053911712454,824800
2016-02-18,3.186879873275757,3.2160105145234232,3.163575471401777,3.192706112649444,1198600
2016-02-19,3.1985321044921875,3.2160105449683267,3.1810539418264345,3.198532104492187,479700
2016-02-22,3.1985321044921875,3.2043583439210295,3.1460973386845423,3.1752277023975926,1193400
2016-02-23,3.2043583393096924,3.221836779760679,3.1810539372486346,3.1810539372486346,1647100
2016-02-24,3.175227642059326,3.2101845223473258,3.1577494797257075,3.204358283029199,426000
2016-02-25,3.157749652862549,3.2043584587215626,3.151923413224974,3.1752278161544805,569300
2016-02-26,3.116966962814331,3.1752279730162942,3.093662558733546,3.1635757709759016,1107500
2016-02-29,3.087836742401123,3.128619312562714,3.0587060970196243,3.105314907381684,2390200
2016-03-01,3.1460964679718018,3.1460964679718013,3.0703570432207963,3.0703570432207963,509500
2016-03-02,3.181053876876831,3.186879838376334,3.1402710351387864,3.1402710351387864,2641100
2016-03-03,3.2393147945404053,3.3733152391801333,3.175227552892612,3.1810537920471265,3434000
2016-03-04,3.2975757122039795,3.309227912402884,3.256793150412997,3.256793150412997,2085500
2016-03-07,3.3092281818389893,3.361663225908484,3.3034022201703728,3.3034022201703728,2693300
2016-03-08,3.3383588790893555,3.350011080430611,3.3092282368310184,3.350011080430611,1109100
2016-03-09,3.344184637069702,3.355837115511283,3.262619232651274,3.3150542743968807,829300
2016-03-10,3.3325321674346924,3.3441843671253246,3.285923368672164,3.3208799677440606,1160800
2016-03-11,3.3325321674346924,3.3674890443169434,3.3034018071132896,3.3150540068039214,1093800
2016-03-14,3.344184637069702,3.3616630769216966,3.3325324364384983,3.355837115511283,721800
2016-03-15,3.320880651473999,3.350011295603411,3.309228449384317,3.3325328535636816,733100
2016-03-16,3.350011110305786,3.3500111103057866,3.3208804677876644,3.3208804677876644,531300
2016-03-17,3.4024462699890137,3.4024462699890132,3.3325327811594816,3.3325327811594816,2146500
2016-03-18,3.524794340133667,3.524794340133667,3.402446088472142,3.408272050174391,2246200
2016-03-21,3.4781851768493652,3.5247942584390453,3.4432285740148934,3.513142057494221,699100
2016-03-22,3.425751209259033,3.484012227550422,3.4140990056007556,3.4781859868160585,1606800
2016-03-23,3.3791415691375732,3.4607069748199564,3.3791415691375732,3.4199241330735743,1033600
2016-03-24,3.4024462699890137,3.4257506736620553,3.361663424655987,3.361663424655987,531100
2016-03-25,3.3791415691375732,3.408271932261805,3.3733153298264984,3.402445970761111,1110700
2016-03-28,3.3733150959014893,3.3907935348122784,3.3558369348010624,3.3791413348085397,239700
2016-03-29,3.3733150959014893,3.4082716959127053,3.3500106958940123,3.3500106958940123,988600
2016-03-30,3.4374027252197266,3.4665330896322843,3.379141718584218,3.396619881669674,2043300
2016-03-31,3.4374027252197266,3.4781852909593862,3.4140983225655233,3.4374027252197266,1883700
2016-04-01,3.454880475997925,3.454880475997925,3.4140979151252777,3.4140979151252777,844400
2016-04-04,3.518968105316162,3.5247943448365753,3.4257504954726796,3.4548808596435725,1015000
2016-04-05,3.489837884902954,3.5189685304031832,3.472359719851156,3.472359719851156,1499500
2016-04-06,3.495663642883301,3.5131420833342872,3.489837403462843,3.495663642883301,1348900
2016-04-07,3.5655767917633057,3.5772289926065697,3.5131420268738096,3.5247942277170736,1495500
2016-04-08,3.5539252758026123,3.5597515162522195,3.5014905008083277,3.548099313163441,2148300
2016-04-11,3.530153274536133,3.5717545090189713,3.5063812215131467,3.5598681991222527,3042200
2016-04-12,3.5539252758026123,3.5539252758026123,3.506381170449034,3.530153223125823,425700
2016-04-13,3.5955259799957275,3.6074120045831024,3.5598676228484223,3.5598676228484223,1256900
2016-04-14,3.6252410411834717,3.6430702204525973,3.589582966030411,3.595526120248516,1035400
2016-04-15,3.732215642929077,3.7322156429290767,3.6133551060750415,3.6133551060750415,1653300
2016-04-18,3.678727865219116,3.7322151133836527,3.6311837705773757,3.7262719598608562,1802600
2016-04-19,3.678727865219116,3.708442782677625,3.6608986880358847,3.6608986880358847,1603100
2016-04-20,3.7143869400024414,3.7143869400024414,3.6668428325120472,3.702500913129843,847200
2016-04-21,3.732215642929077,3.7322156429290767,3.7084433088501116,3.7143864632161523,713500
2016-04-22,3.6846706867218018,3.7203290406176004,3.6727846632182537,3.7143858871732496,965300
2016-04-25,3.6430699825286865,3.6846709257977612,3.613354780149199,3.6846709257977612,1029300
2016-04-26,3.6490120887756348,3.6490120887756348,3.619297176004394,3.619297176004394,1334100
2016-04-27,3.607412338256836,3.6490132864680094,3.571754261196456,3.6311843896304223,1904100
2016-04-28,3.6252410411834717,3.6430702204525973,3.601468991081431,3.6074121452995365,1412600
2016-04-29,3.637127637863159,3.6371276378631596,3.595526685338976,3.595526685338976,778300
2016-05-03,3.5658111572265625,3.6549564928342684,3.5063810279498284,3.5895832089372557,681800
2016-05-04,3.53609561920166,3.559867668682481,3.4826086495624056,3.5123235697208397,646500
2016-05-05,3.5063812732696533,3.5242101716074465,3.4826092198957763,3.5063812732696533,671400
2016-05-06,3.5063812732696533,3.5658114067043467,3.4647800381727536,3.4885520915466306,1262000
2016-05-09,3.446950912475586,3.5539251456020597,3.4469509124755855,3.4826089901844104,549000
2016-05-10,3.4707226753234863,3.482608700236847,3.423178575670045,3.4469506254967657,846700
2016-05-11,3.5658111572265625,3.6014692347926025,3.4647797957635094,3.482608976239135,1329600
2016-05-12,3.5658111572265625,3.5895832089372557,3.542039105515869,3.542039105515869,505000
2016-05-13,3.530153274536133,3.565811354070612,3.4647799870303087,3.565811354070612,1370300
2016-05-16,3.5063812732696533,3.5301533266435308,3.476666064859692,3.5301533266435308,361600
2016-05-17,3.494494915008545,3.530152991685954,3.4647797094181025,3.4647797094181025,1082300
2016-05-18,3.5123233795166016,3.5360954277100847,3.446950388677106,3.446950388677106,767700
2016-05-19,3.542039155960083,3.542039155960083,3.4528938190828073,3.46477984510743,388500
2016-05-20,3.4885501861572266,3.5360942669371775,3.488550186157227,3.5182653783372335,300200
2016-05-23,3.524209976196289,3.5420391569307155,3.4944950528191967,3.4944950528191967,726900
2016-05-24,3.518265962600708,3.5301519847695566,3.5123228098237225,3.5242088319925715,625800
2016-05-25,3.6014678478240967,3.6014678478240967,3.5182656988788157,3.5242085678252137,684500
2016-05-26,3.6727848052978516,3.684670829261204,3.607411815191996,3.607411815191996,1547100
2016-05-27,3.6668431758880615,3.6846720761739022,3.643071119916766,3.6727860481882546,1675000
2016-05-30,3.6252410411834717,3.6727851413875525,3.595526120248516,3.6608991163365325,1243300
2016-05-31,3.6252410411834717,3.6252410411834717,3.6252410411834717,3.6252410411834717,0
2016-06-01,3.6252410411834717,3.6252410411834717,3.6252410411834717,3.6252410411834717,0
2016-06-02,3.6252410411834717,3.6252410411834717,3.6252410411834717,3.6252410411834717,0
2016-06-03,3.6252410411834717,3.6252410411834717,3.6252410411834717,3.6252410411834717,0
2016-06-06,3.6252410411834717,3.6252410411834717,3.6252410411834717,3.6252410411834717,0
2016-06-07,3.6252410411834717,3.6252410411834717,3.6252410411834717,3.6252410411834717,0
2016-06-08,3.6252410411834717,3.6252410411834717,3.6252410411834717,3.6252410411834717,0
2016-06-09,3.6252410411834717,3.6252410411834717,3.6252410411834717,3.6252410411834717,0
2016-06-10,3.6252410411834717,3.6252410411834717,3.6252410411834717,3.6252410411834717,0
2016-06-13,3.6252410411834717,3.6252410411834717,3.6252410411834717,3.6252410411834717,0
2016-06-14,3.6252410411834717,3.6252410411834717,3.6252410411834717,3.6252410411834717,0
2016-06-15,3.6252410411834717,3.6252410411834717,3.6252410411834717,3.6252410411834717,0
2016-06-16,3.6252410411834717,3.6252410411834717,3.6252410411834717,3.6252410411834717,0
2016-06-17,3.6252410411834717,3.6252410411834717,3.6252410411834717,3.6252410411834717,0
2016-06-20,3.6252410411834717,3.6252410411834717,3.6252410411834717,3.6252410411834717,0
2016-06-21,3.6252410411834717,3.6252410411834717,3.6252410411834717,3.6252410411834717,0
2016-06-23,3.6252410411834717,3.6252410411834717,3.6252410411834717,3.6252410411834717,0
2016-06-24,3.6252410411834717,3.6252410411834717,3.6252410411834717,3.6252410411834717,0
2016-06-27,3.6252410411834717,3.6252410411834717,3.6252410411834717,3.6252410411834717,0
2016-06-28,2.876420497894287,2.900192544704558,2.71001588683724,2.7575599804577817,1111900
2016-06-29,2.894249677658081,3.019053077452265,2.8764207824790144,2.8764207824790144,2737700
2016-06-30,3.0487682819366455,3.0784832017098673,2.977452134418698,3.0190530787782444,3655800
2016-07-01,3.0487682819366455,3.054711152537218,3.0190530787782444,3.0428251279508935,973000
2016-07-04,3.0665972232818604,3.0725403773570683,3.0428251737513947,3.048768327826603,5030100
2016-07-05,3.0606539249420166,3.072539948046475,3.0487679018375586,3.0487679018375586,528900
2016-07-06,3.0606539249420166,3.0606539249420166,3.0606539249420166,3.0606539249420166,0
2016-07-07,3.0606539249420166,3.0606539249420166,3.0606539249420166,3.0606539249420166,0
2016-07-08,3.036881685256958,3.0606537299513854,3.01310964056253,3.0606537299513854,761700
2016-07-11,3.0428249835968018,3.066597031641686,3.03093895957436,3.042824983596802,3019200
2016-07-12,3.0606539249420166,3.0606539249420166,3.013109832524184,3.030938725488299,2932900
2016-07-13,3.0665972232818604,3.0725403773570683,3.030939148986162,3.0725403773570683,5205000
2016-07-14,3.0606539249420166,3.072539948046475,3.0487679018375586,3.066596794801674,2825100
2016-07-15,3.0487682819366455,3.06065430652297,3.0190530787782444,3.054711152537218,912700
2016-07-18,3.0547115802764893,3.060654735094438,3.04876870884376,3.0547115802764893,1246100
2016-07-19,3.0547115802764893,3.060654735094438,3.042825554025811,3.04876870884376,2343100
2016-07-20,3.0487682819366455,3.054711152537218,3.036882257350321,3.0428251279508935,599500
2016-07-21,3.0487682819366455,3.054711152537218,3.036882257350321,3.0487682819366455,2586000
2016-07-22,3.0487682819366455,3.0725403311092947,3.030939103364569,3.0428251279508935,2153800
2016-07-25,3.0606539249420166,3.0606539249420166,3.042824748592757,3.042824748592757,668600
2016-07-26,3.0665972232818604,3.0725403773570683,3.0606543525918357,3.0606543525918357,2698100
2016-07-27,3.072540521621704,3.0784833925907633,3.0665973672674474,3.072540521621704,5547000
2016-07-28,3.0606539249420166,3.078482817906132,3.030938725488299,3.0606539249420166,2709300
2016-07-29,3.024996280670166,3.0368823054447267,3.019053126590294,3.0368823054447267,1974000
2016-08-01,3.024996280670166,3.042825176139415,3.0131102558956053,3.0368823054447267,2293800
2016-08-02,3.0190534591674805,3.0249966139020477,2.929908121845483,3.0249966139020477,1623200
2016-08-03,2.8526484966278076,2.959622708981917,2.8288764494380056,2.9358506617921147,3123900
2016-08-04,2.947737216949463,2.947737216949463,2.8823639336962317,2.8883070882579833,2068900
2016-08-05,2.9715089797973633,2.9833950043811455,2.9299077520615353,2.9536798012291,7316500
2016-08-08,2.977452516555786,3.0012245687794272,2.9596233356954476,2.971509361807268,2066900
2016-08-09,2.9715089797973633,2.9774521337818443,2.959622955213581,2.9715089797973633,2037200
2016-08-10,2.941793918609619,2.971509123195653,2.9299078934522442,2.971509123195653,1030900
2016-08-11,2.959622859954834,2.9715088841560515,2.9299076577592054,2.947736835753617,1241000
2016-08-12,2.9655661582946777,2.97150931294547,2.953680132378304,2.953680132378304,1155300
2016-08-15,2.9715089797973633,2.9715089797973633,2.9536798012291,2.9655658258128823,1486100
2016-08-16,2.9893383979797363,2.9893383979797363,2.95368003798497,2.95368003798497,6980300
2016-08-17,2.9833953380584717,2.9893384927076636,2.965566157496107,2.971509312145299,1712200
2016-08-18,2.977452516555786,2.9893385426676065,2.971509361807268,2.971509361807268,2744900
2016-08-19,2.9715089797973633,2.9833950043811455,2.9655658258128823,2.9833950043811455,3486500
2016-08-22,2.9715089797973633,2.9893381583656264,2.959622955213581,2.959622955213581,1721800
2016-08-23,2.9715089797973633,2.9715089797973633,2.959622955213581,2.9715089797973633,2451100
2016-08-24,2.9536795616149902,2.9715087387368806,2.941793537995449,2.9715087387368806,833800
2016-08-25,2.959622859954834,2.9655657303628575,2.9299076577592054,2.947736835753617,3963900
2016-08-26,2.912078857421875,2.9477369311798762,2.912078857421875,2.929907752608286,1207900
2016-08-29,2.543612003326416,2.9299079731402187,2.888307025650536,2.906135922178914,932900
2016-08-30,2.9715089797973633,2.9715089797973633,2.923964881462234,2.923964881462234,3098700
2016-09-01,2.9358510971069336,2.9655660188076034,2.8704778159491435,2.9655660188076034,4315300
2016-09-02,2.929908037185669,2.9417940629261405,2.900193114527094,2.935851191748508,243800
2016-09-05,2.9655661582946777,2.97150931294547,2.9061360287128104,2.9061360287128104,1198900
2016-09-06,3.0012238025665283,3.0012238025665283,2.9358505339487135,2.9358505339487135,1232900
2016-09-07,3.0012238025665283,3.0131098256438453,2.971508603180664,2.971508603180664,1419300
2016-09-08,3.0012238025665283,3.007166672412615,2.9893377794892113,3.0012238025665283,461400
2016-09-09,2.959622859954834,2.9952809325584866,2.947736835753617,2.9952809325584866,500200
2016-09-13,2.9115965366363525,2.95962282640416,2.911596536636353,2.95962282640416,1011700
2016-09-14,2.8815805912017822,2.917600312809392,2.851564013399124,2.917600312809392,1493400
2016-09-15,2.8515639305114746,2.8815805074416283,2.8515639305114746,2.8755770775518803,1907900
2016-09-19,2.8275504112243652,2.8935867000214577,2.8275504112243652,2.8515635551034433,1200000
2016-09-20,2.8095409870147705,2.857567570892562,2.791531268537498,2.857567570892562,1525000
2016-09-21,2.8455605506896973,2.8455605506896973,2.803537685759236,2.833553976958237,1402700
2016-09-22,2.875576972961426,2.893586975716317,2.8455603971230348,2.851563826794426,2816700
2016-09-23,2.875576972961426,2.8995901191284257,2.857567256465817,2.8995901191284257,1928100
2016-09-26,2.8695733547210693,2.8875830682366113,2.8575667836242964,2.8695733547210693,708100
2016-09-27,2.821547031402588,2.8755767492037565,2.821547031402588,2.8755767492037565,807300
2016-09-28,2.8875834941864014,2.887583494186402,2.8275506298470408,2.839557202714913,521400
2016-09-29,2.9115965366363525,2.9236031090783046,2.8755768193104974,2.881580248661107,1463900
2016-09-30,2.7915308475494385,2.9055934303213125,2.7915308475494385,2.8815802851334724,4175600
2016-10-04,2.8155438899993896,2.8335536051034675,2.797533888636051,2.8155438899993896,1815500
2016-10-05,2.7795238494873047,2.815543561755443,2.7615138502236225,2.815543561755443,2483500
2016-10-06,2.7615139484405518,2.7915305195278592,2.7615139484405518,2.785527090806703,935000
2016-10-07,2.7795238494873047,2.791530420243351,2.7615138502236225,2.7795238494873047,1006700
2016-10-10,2.7735209465026855,2.7915309491788793,2.7615143734716505,2.779524376147844,758800
2016-10-11,2.7795238494873047,2.791530420243351,2.7675172787312587,2.7795238494873047,1086500
2016-10-12,2.7795238494873047,2.7855269917357144,2.7675172787312587,2.7735204209796684,588800
2016-10-13,2.749507427215576,2.7915305702495137,2.743504284644581,2.7795239988482803,1597600
2016-10-14,2.749507427215576,2.785527141419276,2.749507427215576,2.7735205700180425,910600
2016-10-17,2.7314982414245605,2.7795245363161865,2.7314982414245605,2.7795245363161865,666200
2016-10-18,2.8095409870147705,2.8275509917513566,2.7194918221097817,2.749508114991673,1652200
2016-10-19,2.8335535526275635,2.857566982753719,2.8035372659235653,2.8335535526275635,1021100
2016-10-20,2.8275504112243652,2.8515635551034433,2.8095404101854293,2.8335535540645074,650300
2016-10-21,2.8155438899993896,2.8455601772592733,2.8095404607918564,2.8095404607918564,1339700
2016-10-24,2.893587112426758,2.893587112426758,2.8215473842628858,2.8395573878686777,1315200
2016-10-25,2.875576972961426,2.893586975716317,2.8455603971230348,2.893586975716317,253800
2016-10-26,2.8335535526275635,2.875576697524267,2.8335535526275635,2.875576697524267,350600
2016-10-27,2.8515639305114746,2.8635705040316775,2.809540780061118,2.8635705040316775,564900
2016-10-28,2.8575668334960938,2.8635699760196327,2.8275502621006785,2.8635699760196327,350900
2016-10-31,2.899590253829956,2.899590253829956,2.821547382032055,2.8335539556733247,1298300
2016-11-01,2.8875834941864014,2.899590067054274,2.8635703484506574,2.899590067054274,366100
2016-11-02,2.8515639305114746,2.887583651072083,2.8395573569912718,2.887583651072083,1294800
2016-11-03,2.7675178050994873,2.8575672460264054,2.7675178050994877,2.845560386727487,1267800
2016-11-04,2.7735209465026855,2.785527519533721,2.749507800440615,2.7675178031168084,866400
2016-11-07,2.7615139484405518,2.7915305195278592,2.7555108059786324,2.7735205196236272,502500
2016-11-08,2.839556932449341,2.839556932449341,2.7675175020987326,2.7855272165567597,615900
2016-11-09,2.839556932449341,2.851563504174442,2.755510930373631,2.839556932449341,1479400
2016-11-10,2.8575668334960938,2.8815799761087297,2.8335534046242175,2.8455599759305357,1664500
2016-11-11,2.839556932449341,2.8575669331666176,2.7915306455489355,2.851563504174442,2953000
2016-11-14,2.7855281829833984,2.839557917621356,2.7615150312019394,2.839557917621356,1311900
2016-11-15,2.797534465789795,2.821547615055511,2.761514741891221,2.761514741891221,713500
2016-11-16,2.7795238494873047,2.815543561755443,2.7615138502236225,2.8095401332478063,1205300
2016-11-17,2.7615139484405518,2.7975336619897786,2.7615139484405518,2.7975336619897786,324800
2016-11-18,2.8095409870147705,2.8095409870147705,2.7615146893962925,2.773521263800912,832300
2016-11-21,2.749507427215576,2.797533712820509,2.749507427215576,2.7675174274470473,931500
2016-11-22,2.821547031402588,2.821547031402588,2.7615141706564335,2.7615141706564335,691200
2016-11-23,2.8515639305114746,2.8695739339214255,2.7675179158700542,2.779524489390257,1232200
2016-11-24,2.8095409870147705,2.857567570892562,2.8095409870147705,2.8515641405605954,916200
2016-11-25,2.821547031402588,2.827550460606833,2.809540459253357,2.809540459253357,589800
2016-11-28,2.7915308475494385,2.8215471359046025,2.7795242749555187,2.797533990716763,693100
2016-11-29,2.7915308475494385,2.8095405633106827,2.7795242749555187,2.7795242749555187,996300
2016-11-30,2.94161319732666,2.94161319732666,2.779524321466787,2.785527464734565,3838100
2016-12-01,2.893587112426758,2.9236034034240164,2.8095408106121234,2.8095408106121234,1637200
2016-12-02,2.8575668334960938,2.9055931187213657,2.8515634047133145,2.8875831186322687,729300
2016-12-05,2.8515639305114746,2.8755770775518803,2.8395573569912718,2.8515639305114746,232800
2016-12-06,2.875576972961426,2.875576972961426,2.8455603971230348,2.851563826794426,401100
2016-12-07,2.8815805912017822,2.8815805912017822,2.851564013399124,2.8755771611375303,859900
2016-12-08,2.899590253829956,2.9176002574215087,2.8695739628564296,2.8875836801886865,1039000
2016-12-09,2.893587112426758,2.90559368607752,2.875577108820966,2.893587112426758,1471900
2016-12-13,2.905593156814575,2.929606299742031,2.8815800138871195,2.8875831564893617,1764900
2016-12-14,2.905593156814575,2.9236028708805453,2.8995897279530896,2.9115962994168174,468400
2016-12-15,2.863569974899292,2.881579974981343,2.857566832378102,2.881579974981343,826000
2016-12-16,2.893587112426758,2.893587112426758,2.845560531564411,2.875577108820966,1984300
2016-12-19,2.893587112426758,2.899590256122491,2.8575673914744697,2.8575673914744697,385700
2016-12-20,2.863569974899292,2.9175996888862046,2.863569974899292,2.8935865462829637,577500
2016-12-21,2.821547031402588,2.893586750557233,2.821547031402588,2.863570177054526,352100
2016-12-22,2.8095409870147705,2.8515641405605954,2.8095409870147705,2.8275509917513566,504600
2016-12-23,2.7915308475494385,2.8635702831129572,2.7915308475494385,2.8095405633106827,409800
2016-12-27,2.7855281829833984,2.8095413347648575,2.7735216070926687,2.791531614058438,262200
2016-12-28,2.7915308475494385,2.797533990716763,2.785527418122843,2.7915308475494385,1055100
2016-12-29,2.8455605506896973,2.851563980685076,2.7855276820323973,2.791531112027776,609100
2016-12-30,2.8275504112243652,2.8515635551034433,2.79753383824589,2.845560126004046,636800
2017-01-02,2.8275504112243652,2.8275504112243652,2.8275504112243652,2.8275504112243652,0
2017-01-03,2.8155438899993896,2.839557034311001,2.797533888636051,2.803537317843584,526900
2017-01-04,2.863569974899292,2.863569974899292,2.8095402609123794,2.821546832214,643300
2017-01-05,2.9115965366363525,2.911596536636353,2.8635702468685453,2.8635702468685453,1113200
2017-01-06,2.9896395206451416,2.9896395206451416,2.8875835076623093,2.8995900805862145,2029000
2017-01-09,2.9175994396209717,2.983635433008477,2.9175994396209717,2.983635433008477,714500
2017-01-10,2.959622859954834,2.9776328619515593,2.9356097147987144,2.9356097147987144,1352900
2017-01-11,2.959622859954834,2.9776328619515593,2.9476162873767744,2.9656262893734993,2872800
2017-01-12,2.9716291427612305,3.0016457144090176,2.9656260001872186,2.9656260001872186,2486900
2017-01-13,2.9236032962799072,2.989639592068654,2.9236032962799072,2.989639592068654,715900
2017-01-16,2.9175994396209717,2.9776322910001656,2.9175994396209717,2.953619150448488,488700
2017-01-17,2.9656262397766113,2.983635955212873,2.9175999502675594,2.9175999502675594,886300
2017-01-18,2.983635663986206,2.989639092718488,2.9596225215755547,2.9776325215131623,157900
2017-01-19,2.953619956970215,2.971629674172137,2.9356099535089992,2.953619956970215,618900
2017-01-20,2.9296071529388428,2.959623447210261,2.9296071529388428,2.9296071529388428,185300
2017-01-23,2.9296071529388428,2.9776334527805735,2.9296071529388428,2.9416137278992753,543100
2017-01-24,2.953619956970215,2.971629674172137,2.941613383415836,2.953619956970215,1765700
2017-01-25,2.9716291427612305,2.983635714168497,2.9656260001872186,2.9656260001872186,1284400
2017-01-26,3.001646041870117,3.001646041870117,2.983636039664816,2.983636039664816,1638100
2017-01-27,3.013652801513672,3.0256593749755076,2.94761650434393,3.001646228051836,1749300
2017-01-31,2.94161319732666,3.0136526340956538,2.911596622209942,3.0076494908278755,2174200
2017-02-02,2.9476165771484375,2.971629724665221,2.9416134333988913,2.959623150906829,1157900
2017-02-03,2.977633476257324,2.9956431957103047,2.95362032614713,2.95362032614713,4836700
2017-02-06,3.001646041870117,3.0196560440754188,2.9776328964358982,2.9956426123819258,1511100
2017-02-07,3.001646041870117,3.0196560440754188,2.983636039664816,2.983636039664816,1461400
2017-02-08,3.02565860748291,3.0256586074829097,2.971628897480252,3.001645466650444,910900
2017-02-10,3.0856924057006836,3.109705553896074,3.0136529611145138,3.0136529611145138,2025400
2017-02-13,3.0616791248321533,3.1517285697923656,3.0616791248321538,3.085692271986971,1376300
2017-02-14,3.0616791248321533,3.0916957019053224,3.0616791248321538,3.0796891283279137,2482200
2017-02-15,3.0736851692199707,3.1097048837507617,3.067682026594461,3.079688598104725,1149400
2017-02-16,3.0616791248321533,3.0796891283279137,3.0556759811730965,3.0736856984095624,440700
2017-02-17,3.055675745010376,3.0736854608549327,3.0376657429065475,3.061678888205471,3051500
2017-02-20,3.0856924057006836,3.109705553896074,3.0796892617814895,3.0856924057006836,769000
2017-02-21,3.0856924057006836,3.1037024099768797,3.0736858316029885,3.0916958358791846,1059300
2017-02-22,2.9716291427612305,3.0916951430931365,2.9296062859654195,3.085691714259882,12614100
2017-02-23,2.9656262397766113,3.0016459569084004,2.947616238081084,2.977632812153874,2039300
2017-02-24,2.959622859954834,2.983636005110954,2.9416131442173796,2.9476162873767744,2268300
2017-02-27,2.94161319732666,2.94161319732666,2.911596622209942,2.929606624531828,3222600
2017-02-28,2.905593156814575,2.947616013808001,2.905593156814575,2.929606299742031,1923000
2017-03-01,2.9656262397766113,2.97162938283561,2.9055933778902965,2.9055933778902965,1381800
2017-03-02,3.0496726036071777,3.061679177390698,2.977633160906055,2.977633160906055,4728600
2017-03-03,3.0616791248321533,3.067682554750505,3.037665977677336,3.049672551254745,6249400
2017-03-06,3.0736851692199707,3.1217114552610257,3.0376654546891793,3.0376654546891793,4306800
2017-03-07,3.121711015701294,3.1457241553405964,3.079688164462118,3.091694734281769,5369900
2017-03-08,3.115708827972412,3.139721974964704,3.109705398094693,3.121711971590839,6168900
2017-03-09,3.1097047328948975,3.121711303822707,3.1037015905606085,3.121711303822707,4321900
2017-03-10,3.097698211669922,3.1157082114802233,3.0796884981188564,3.1157082114802233,2368900
2017-03-13,3.1097047328948975,3.1097047328948975,3.0556753068493716,3.0556753068493716,2084600
2017-03-14,3.1097047328948975,3.127714732416227,3.0616784491836606,3.0616784491836606,1730800
2017-03-15,3.1097047328948975,3.115708161488418,3.0976981619670885,3.1037015905606085,1923800
2017-03-16,3.151728868484497,3.187748592630344,3.1157091443386498,3.1157091443386498,5110900
2017-03-17,3.1577322483062744,3.18174539735155,3.151728817915297,3.151728817915297,7676900
2017-03-20,3.1817455291748047,3.235774973635517,3.1757420985350984,3.1817455291748042,2063800
2017-03-21,3.175741195678711,3.2297709110382202,3.1637346240720694,3.181744624611655,5297100
2017-03-22,3.229771614074707,3.229771614074707,3.139722164293873,3.1577321687537636,1662400
2017-03-23,3.1817455291748047,3.229771829255139,3.1697389541547207,3.229771829255139,2119200
2017-03-24,3.1817455291748047,3.2177652542350557,3.1757420985350984,3.1817455291748042,1566900
2017-03-27,3.0856924057006836,3.1877484286607447,3.0856924057006836,3.1757418545630496,1671100
2017-03-28,3.1817455291748047,3.193752104194888,3.1097057927949736,3.1097057927949736,3267000
2017-03-29,3.151728868484497,3.1997551673456264,3.1337188632819126,3.1997551673456264,1407400
2017-03-30,3.1637351512908936,3.1637351512908936,3.121712000535102,3.1517285776834236,1565400
2017-03-31,3.1037025451660156,3.175741992890035,3.1037025451660156,3.151728843648695,3925700
2017-04-03,3.1277151107788086,3.145724826219559,3.0976985366985375,3.121711681459048,1987100
2017-04-04,3.1397223472595215,3.1517289221793554,3.1097057668302734,3.1277157723396876,1786400
2017-04-05,3.1397223472595215,3.1397223472595215,3.1217123417501074,3.1397223472595215,1149200
2017-04-06,3.1397223472595215,3.1397223472595215,3.1277157723396876,3.1397223472595215,1918000
2017-04-07,3.1577322483062744,3.163735392437935,3.127715668870021,3.1337188130016815,1223000
2017-04-10,3.145724296569824,3.157731153187735,3.1397211545200863,3.157731153187735,2079000
2017-04-11,3.115708827972412,3.139721974964704,3.1037022544762665,3.133718545086985,2089100
2017-04-12,3.0856924057006836,3.1157089840745744,3.0796892617814895,3.1157089840745744,1794600
2017-04-13,3.055675745010376,3.0856920335043947,3.0556757450103764,3.0856920335043947,2121800
2017-04-14,3.037665843963623,3.067682419715505,3.037665843963623,3.0556758466666083,596800
2017-04-17,3.0616791248321533,3.0796891283279137,3.049672551254745,3.0616791248321538,2607000
2017-04-18,3.0736851692199707,3.0856917407302342,3.067682026594461,3.0736851692199703,2000400
2017-04-19,3.0736851692199707,3.0976983122404977,3.0496720261994428,3.0736851692199703,2877400
2017-04-20,3.16973876953125,3.1697387695312504,3.0736858887059135,3.0736858887059135,837000
2017-04-21,3.1817455291748047,3.187748673555182,3.139722373474847,3.151728948494931,1387500
2017-04-24,3.16973876953125,3.1697387695312504,3.1697387695312504,3.1697387695312504,0
2017-04-25,3.1877479553222656,3.2297711015539687,3.1817448122944585,3.193751384609336,2489400
2017-04-26,3.2177650928497314,3.259787960182725,3.1817453695960305,3.1817453695960305,4209800
2017-04-27,3.205758571624756,3.253784870093254,3.199755141186534,3.229771720859005,2359200
2017-04-28,3.3018109798431396,3.3018109798431396,3.199754958301045,3.211761532231921,2183000
2017-05-02,3.32582426071167,3.331827691046849,3.2717945327323146,3.2958076815544026,3098200
2017-05-03,3.313816785812378,3.3558399279614264,3.3018102146639694,3.3258233569607865,2033900
2017-05-04,3.2597877979278564,3.32582409706903,3.229771506506814,3.32582409706903,1469200
2017-05-05,3.2657907009124756,3.3078138456311184,3.253784129029899,3.2597872718415606,952500
2017-05-08,3.2838001251220703,3.3138166953028745,3.2657904120209706,3.3138166953028745,618900
2017-05-09,3.2777979373931885,3.307814516315342,3.2657913630761892,3.2838010814220318,726000
2017-05-11,3.3018109798431396,3.3558407056617314,3.2777978319813883,3.3018109798431396,3397400
2017-05-12,3.32582426071167,3.355840839868937,3.301811111889582,3.301811111889582,1864500
2017-05-15,3.3319039344787598,3.344064156177047,3.313663456970052,3.344064156177047,2034700
2017-05-16,3.3319039344787598,3.33190393447876,3.301503235271765,3.313663456970052,1047100
2017-05-17,3.319744110107422,3.325824076722975,3.307583886953726,3.319744110107422,1920500
2017-05-18,3.295422315597534,3.307582533776318,3.2224610065248327,3.295422315597534,1180800
2017-05-19,3.2832627296447754,3.3075831706854935,3.2771824744233324,3.2832627296447754,829100
2017-05-22,3.2893431186676025,3.301503340754407,3.277182896580798,3.283263152585482,860000
2017-05-23,3.216381788253784,3.3319040431153883,3.216381788253784,3.2832631547363054,420000
2017-05-24,3.2771832942962646,3.283263551038842,3.216382176483482,3.216382176483482,907400
2017-05-25,3.2832627296447754,3.3440638322465714,3.2650222539029734,3.2771824744233324,4007500
2017-05-26,3.295422315597534,3.3136624979044744,3.2771818433681235,3.2771818433681235,489200
2017-05-29,3.2528622150421143,3.2954231342014935,3.252862215042114,3.2954231342014935,905200
2017-05-31,3.2771832942962646,3.307583998163955,3.2711033274762857,3.2711033274762857,2598100
2017-06-01,3.2771832942962646,3.277183294296264,3.277183294296264,3.277183294296264,0
2017-06-02,3.1555802822113037,3.3744645424014448,3.1373398063944054,3.337983590767648,7490200
2017-06-05,3.1555802822113037,3.204221164492995,3.1495000269648283,3.1616602475352513,2189700
2017-06-06,3.1495001316070557,3.1616603525815026,3.137339910632609,3.1555803870555477,1999000
2017-06-07,3.1555802822113037,3.1616602475352513,3.1434200616408803,3.1555802822113033,3668000
2017-06-08,3.1008596420288086,3.16166075463279,3.076539196987216,3.16166075463279,2183300
2017-06-09,3.1190996170043945,3.1677404992315736,3.1069393964475998,3.1130193617647337,5533000
2017-06-13,3.1130189895629883,3.143419682281442,3.100858770460105,3.143419682281442,2459700
2017-06-14,3.1008596420288086,3.1130198645496048,3.082619453208901,3.1130198645496048,1698900
2017-06-15,3.0947797298431396,3.137340364448829,3.0826195071097167,3.1008596962485613,3581900
2017-06-16,3.07045841217041,3.1069390700078463,3.0704584121704106,3.1008588154070256,2794400
2017-06-19,3.0826187133789062,3.1008588978211606,3.0704584937765684,3.0826187133789062,1293700
2017-06-20,3.0886993408203125,3.100859563031315,3.07653911860931,3.0886993408203125,4311000
2017-06-21,3.0947797298431396,3.1008596962485613,3.070459284376294,3.094779729843139,2739400
2017-06-22,3.1251797676086426,3.1616604314419097,3.1008593250531313,3.1069395806532816,2148900
2017-06-23,3.1190996170043945,3.1312598375611893,3.1069393964475998,3.1312598375611893,1049900
2017-06-26,3.1190996170043945,3.1190996170043945,3.1190996170043945,3.1190996170043945,0
2017-06-27,3.1190996170043945,3.1190996170043945,3.1190996170043945,3.1190996170043945,0
2017-06-28,3.0826187133789062,3.1373395566281737,3.0704584937765684,3.1373395566281737,1741200
2017-06-29,3.0886993408203125,3.100859563031315,3.070459152465092,3.082619374676095,621600
2017-06-30,3.076538562774658,3.0947790377569597,3.0704585977289005,3.088698782788688,2519100
2017-07-03,3.0886993408203125,3.094779596887097,3.07653911860931,3.0886993408203125,2600100
2017-07-04,3.076538562774658,3.088698782788688,3.076538562774658,3.0826188177429303,1533600
2017-07-05,3.0826187133789062,3.088698678218823,3.076538458616485,3.076538458616485,1698600
2017-07-06,3.0826187133789062,3.1008588978211606,3.076538458616485,3.088698678218823,2722200
2017-07-07,3.0826187133789062,3.088698678218823,3.076538458616485,3.076538458616485,902400
2017-07-10,3.0826187133789062,3.088698678218823,3.076538458616485,3.0826187133789062,627300
2017-07-11,3.052218198776245,3.0826188945298467,3.0400579784593083,3.0765386394101175,1107000
2017-07-12,3.07045841217041,3.0765383768487347,3.0643781575695894,3.0765383768487347,1092800
2017-07-13,3.07045841217041,3.082618631449556,3.0643781575695894,3.082618631449556,1643400
2017-07-14,3.076538562774658,3.088698782788688,3.0704585977289005,3.088698782788688,567200
2017-07-17,3.076538562774658,3.0947790377569597,3.0643783427606284,3.0947790377569597,752100
2017-07-18,3.064378023147583,3.0886984606390335,3.0582980587359625,3.0886984606390335,554300
2017-07-19,3.0826187133789062,3.088698678218823,3.064378239014147,3.088698678218823,420100
2017-07-20,3.07045841217041,3.08869859612788,3.052217938290444,3.0643781575695894,358000
2017-07-21,3.0886993408203125,3.0886993408203125,3.0582989302540895,3.0643788963983076,374900
2017-07-24,3.0947797298431396,3.094779729843139,3.070459284376294,3.094779729843139,870700
2017-07-25,3.07045841217041,3.094778850728701,3.0704584121704106,3.094778850728701,220700
2017-07-26,3.0886993408203125,3.0886993408203125,3.0643788963983076,3.082619374676095,234400
2017-07-27,3.0947797298431396,3.1008596962485613,3.0826195071097167,3.0886994735151387,849200
2017-07-28,3.0582990646362305,3.08261951012688,3.0582990646362305,3.08261951012688,349600
2017-07-31,3.040058135986328,3.058298612368162,3.00965743865745,3.046138391421118,1392900
2017-08-01,3.040058135986328,3.058298612368162,3.033977880551538,3.040058135986328,601900
2017-08-02,3.040058135986328,3.052218356933372,3.021817659604494,3.052218356933372,314800
2017-08-03,3.0339784622192383,3.058299198698581,3.0278984955413466,3.040058718819722,503100
2017-08-04,3.0278985500335693,3.052218997028008,3.0278985500335693,3.052218997028008,458700
2017-08-07,3.040058135986328,3.058298612368162,3.021817659604494,3.058298612368162,336000
2017-08-08,3.015737533569336,3.046138229280033,3.0035773132695613,3.046138229280033,1281600
2017-08-09,2.967097520828247,3.009658159373533,2.967097520828247,3.009658159373533,816900
2017-08-10,2.9366962909698486,2.9792572118254093,2.930616325089085,2.967096990141328,1414100
2017-08-11,2.9062960147857666,2.936696425426576,2.9002157587040647,2.930616459267441,984900
2017-08-14,2.9427759647369385,2.9488559294151777,2.9062953069000135,2.9062953069000135,500200
2017-08-15,2.9366962909698486,2.9731769560220918,2.9184561034050036,2.942776546773166,661300
2017-08-16,2.961017370223999,2.967097627333067,2.936696921632959,2.948857145928479,193000
2017-08-17,2.997497797012329,3.00965802030948,2.961017127120876,2.961017127120876,520500
2017-08-18,3.009657859802246,3.009657859802246,2.9610169692076966,2.967097225493304,330100
2017-08-21,2.967097520828247,3.009658159373533,2.967097520828247,2.9974979355145077,459000
2017-08-22,2.967097520828247,2.967097520828247,2.967097520828247,2.967097520828247,0
2017-08-23,3.0826187133789062,3.1008588978211606,3.046138054571893,3.046138054571893,7978600
2017-08-24,3.0826187133789062,3.1008588978211606,3.076538458616485,3.1008588978211606,5180000
2017-08-25,3.0947797298431396,3.1008596962485613,3.0826195071097167,3.0886994735151387,2504800
2017-08-28,3.07045841217041,3.094778850728701,3.0704584121704106,3.094778850728701,1945400
2017-08-29,3.07045841217041,3.0704584121704106,3.015737280453008,3.0461379736121197,1876700
2017-08-30,3.07045841217041,3.0765383768487347,3.052217938290444,3.0765383768487347,1686200
2017-08-31,3.07045841217041,3.0704584121704106,3.0704584121704106,3.0704584121704106,0
2017-09-01,3.07045841217041,3.0704584121704106,3.0704584121704106,3.0704584121704106,0
2017-09-04,3.07045841217041,3.0704584121704106,3.0704584121704106,3.0704584121704106,0
2017-09-05,3.07045841217041,3.08869859612788,3.0400577190112985,3.0643781575695894,1369900
2017-09-06,3.0826187133789062,3.0947789329812436,3.05221801941181,3.0826187133789062,2382600
2017-09-07,3.07045841217041,3.082618631449556,3.052217938290444,3.082618631449556,1322200
2017-09-08,3.040058135986328,3.08261905426225,3.040058135986328,3.08261905426225,637400
2017-09-11,3.0582990646362305,3.0643790310476033,3.040058585556954,3.040058585556954,540700
2017-09-12,3.076538562774658,3.0826188177429303,3.0582983777148707,3.0643783427606284,1573500
2017-09-13,3.0826187133789062,3.0947789329812436,3.0582982741742306,3.0826187133789062,1038400
2017-09-14,3.0826187133789062,3.1008588978211606,3.0704584937765684,3.0704584937765684,423500
2017-09-15,3.1008596420288086,3.1008596420288086,3.082619453208901,3.1008596420288086,1419700
2017-09-18,3.0886993408203125,3.100859563031315,3.07653911860931,3.094779596887097,773500
2017-09-19,3.1190996170043945,3.1312598375611893,3.0765387000943494,3.0765387000943494,1969600
2017-09-20,3.1312596797943115,3.1312596797943115,3.1130192049168928,3.119099459850203,689100
2017-09-21,3.2103018760681152,3.2163818422563004,3.1191000638647894,3.1312602861637284,1265500
2017-09-22,3.2103018760681152,3.2103018760681152,3.2103018760681152,3.2103018760681152,0
2017-09-25,3.1373403072357178,3.1981417097166247,3.119100118429505,3.185981197282384,794400
2017-09-26,3.1251797676086426,3.155580465764304,3.1251797676086426,3.1373399888863984,1246200
2017-09-27,3.1130189895629883,3.131259463178559,3.088698551357222,3.131259463178559,1373000
2017-09-28,3.0582990646362305,3.1373403675195513,3.0582990646362305,3.1069399556175292,1745800
2017-09-29,3.0890049934387207,3.1012873072307183,3.0705813763339944,3.082863690125992,1487200
2017-10-02,3.0951449871063232,3.113568598158557,3.0705803675922545,3.0890039786444876,751400
2017-10-03,3.1074275970458984,3.119709907989424,3.095145286102373,3.1074275970458984,312800
2017-10-04,3.1319925785064697,3.1319925785064693,3.1074279537992364,3.119710266152853,160500
2017-10-05,3.1626980304718018,3.1626980304718018,3.1135687884411793,3.131992107785972,482300
2017-10-06,3.1626980304718018,3.1626980304718018,3.125851098948835,3.156556728801283,568300
2017-10-09,3.1442744731903076,3.162698085690144,3.138133464245953,3.162698085690144,262100
2017-10-10,3.119710683822632,3.1626989292323087,3.1197106838226314,3.1442753118185998,815700
2017-10-11,3.138134002685547,3.1565573255130626,3.119710387024595,3.1442750126835732,716500
2017-10-12,3.1626980304718018,3.1626980304718018,3.1381334094564903,3.156556728801283,929400
2017-10-13,3.1626980304718018,3.1626980304718018,3.1381334094564903,3.1626980304718018,830300
2017-10-16,3.1626980304718018,3.1749803409794572,3.1381334094564903,3.1626980304718018,439500
2017-10-17,3.1319925785064697,3.1688395155673192,3.1074279537992364,3.1688395155673192,311500
2017-10-18,3.1319925785064697,3.1319925785064693,3.1319925785064693,3.1319925785064693,0
2017-10-19,3.0644400119781494,3.138134186095619,3.058299001621208,3.125851872548283,906800
2017-10-20,3.0582990646362305,3.101287309354389,3.0582990646362305,3.101287309354389,483300
2017-10-23,3.0582990646362305,3.0705813784366387,3.0582990646362305,3.0582990646362305,172100
2017-10-24,3.0398755073547363,3.095146066961229,3.0398755073547363,3.0890050563568776,268200
2017-10-25,3.1135690212249756,3.1135690212249756,3.033733850539704,3.033733850539704,104500
2017-10-26,3.0951449871063232,3.107427296863358,3.05829805783522,3.05829805783522,252100
2017-10-27,3.1074275970458984,3.1258512098778826,3.0705806642153215,3.0890042770473056,1055100
2017-10-30,3.1074275970458984,3.113568898934357,3.1012865879908316,3.1074275970458984,1266600
2017-10-31,3.119710683822632,3.1197106838226314,3.076722731246419,3.1197106838226314,1969200
2017-11-01,3.0767226219177246,3.0890049354792675,3.0582990051586836,3.082863632281769,330400
2017-11-02,3.0644400119781494,3.095145942263216,3.033734374526536,3.095145942263216,452700
2017-11-03,3.033733606338501,3.070580537650299,3.0337336063385014,3.070580537650299,495200
2017-11-06,3.0398755073547363,3.0644401354390745,3.0337344967503848,3.046016810792554,136100
2017-11-07,3.0398755073547363,3.046016810792554,3.0337344967503848,3.046016810792554,2285900
2017-11-08,3.0214521884918213,3.0398755131736075,3.003028570976569,3.027593199107928,501100
2017-11-09,3.009169101715088,3.0214514126268477,3.009169101715088,3.0153101107542724,957600
2017-11-10,3.00302791595459,3.046016152224585,3.00302791595459,3.0153102273412458,785400
2017-11-13,2.966181755065918,3.00302869883173,2.966181755065918,3.00302869883173,795100
2017-11-14,2.966181755065918,2.978464069654522,2.9538994404773136,2.972323058776959,1305900
2017-11-15,2.9354755878448486,2.9723225249935172,2.935475587844849,2.9661812223853596,850900
2017-11-16,2.9109106063842773,2.9538988451980006,2.9109106063842773,2.9354755234445618,1589400
2017-11-17,2.960040330886841,2.9600403308868413,2.904769776538645,2.923193392265856,1267100
2017-11-20,2.8986287117004395,2.9661815844692727,2.89248770117607,2.960040573944903,858800
2017-11-21,2.9968881607055664,2.9968881607055664,2.9109116521892866,2.9109116521892866,564800
2017-11-22,3.00302791595459,3.00302791595459,2.9661809817946234,2.984604595291308,347500
2017-11-23,3.00302791595459,3.009169218064619,2.978463293181279,3.00302791595459,60700
2017-11-24,3.015310287475586,3.0153102874755855,2.953898729317577,2.9846046548132854,208700
2017-11-27,3.009169101715088,3.0153101107542724,2.9661808671072327,3.0153101107542724,382400
2017-11-28,2.984604597091675,3.015310229160135,2.9723222856976106,3.015310229160135,313700
2017-11-29,2.990746021270752,3.009169637334412,2.9723226980405344,2.984605011138494,832000
2017-11-30,3.009169101715088,3.052157043489552,2.984604479891568,2.984604479891568,2346200
2017-12-01,3.009169101715088,3.009169101715088,3.009169101715088,3.009169101715088,0
2017-12-04,3.009169101715088,3.0214514126268477,2.9784631780189925,3.009169101715088,592200
2017-12-05,3.009169101715088,3.0153101107542724,2.9784631780189925,3.0153101107542724,338900
2017-12-06,2.947758436203003,3.009170009283591,2.947758436203003,3.009170009283591,370400
2017-12-07,2.8986287117004395,2.9661815844692727,2.89248770117607,2.953899270587072,1009500
2017-12-08,2.9784634113311768,2.9784634113311768,2.8986282377343078,2.8986282377343078,239600
2017-12-11,2.9354755878448486,2.9784635347682493,2.935475587844849,2.9784635347682493,187700
2017-12-12,2.9047694206237793,2.9600399681998,2.89862811852271,2.9600399681998,637900
2017-12-13,2.9968881607055664,2.9968881607055664,2.9109116521892866,2.917052956869103,600800
2017-12-14,3.0705807209014893,3.0705807209014893,2.9907455518780353,2.9907455518780353,786400
2017-12-15,3.1442744731903076,3.1442744731903076,2.996886744525162,3.015310064191612,2175400
2017-12-18,3.119710683822632,3.1381343012363403,3.089005045244403,3.1381343012363403,705100
2017-12-19,3.0644400119781494,3.1197105693578884,3.003028444241469,3.089004931906275,723000
2017-12-20,3.0398755073547363,3.0705814388768915,3.0214521827082157,3.0644401354390745,625400
2017-12-21,2.9968881607055664,3.0705820598622138,2.9968881607055664,3.046017426809998,854800
2017-12-22,3.0275931358337402,3.0275931358337402,2.9784638805977828,3.009169811536986,324700
2017-12-25,3.0275931358337402,3.0275931358337402,3.0275931358337402,3.0275931358337402,0
2017-12-26,3.0460164546966553,3.0644397771893894,3.02759283937049,3.0337341420903554,379100
2017-12-27,3.0705807209014893,3.082863032071759,3.0398747965591153,3.0398747965591153,633200
2017-12-28,3.0398755073547363,3.0705814388768915,3.0398755073547363,3.0705814388768915,283200
2017-12-29,3.0705807209014893,3.082863032071759,3.0521571077293856,3.058298409731219,1067800
2018-01-02,3.1074275970458984,3.113568898934357,3.027592429496286,3.058298353271796,650800
2018-01-03,3.156557321548462,3.1749809371862736,3.0890047474878353,3.101287060301898,2474300
2018-01-04,3.193404197692871,3.193404197692871,3.15041625009899,3.1688395725439586,1577600
2018-01-05,3.181121826171875,3.193404138518739,3.1626985040682927,3.1811218261718754,1251200
2018-01-08,3.187263250350952,3.2241101887971935,3.1504163119047113,3.1811219475265275,1497700
2018-01-09,3.1319925785064697,3.193404140274552,3.119710266152853,3.1872631305144563,1394600
2018-01-10,3.1442744731903076,3.156556783912403,3.138133464245953,3.1442744731903076,1965400
2018-01-11,3.156557321548462,3.162698624372211,3.138133998744086,3.1504163115581485,2783500
2018-01-12,3.181121826171875,3.199545441108883,3.1626985040682927,3.1872631287620194,2874100
2018-01-15,3.193404197692871,3.2118278129712703,3.1811218851184146,3.1811218851184146,1729100
2018-01-16,3.181121826171875,3.193404138518739,3.1688395138250116,3.193404138518739,2096400
2018-01-17,3.2241101264953613,3.254816054357261,3.1688395734773143,3.1811218860553883,3948000
2018-01-18,3.2056868076324463,3.242534041607259,3.1934044939186617,3.242534041607259,3151300
2018-01-19,3.2548162937164307,3.2548162937164307,3.217969060439034,3.217969060439034,4699300
2018-01-22,3.2670984268188477,3.2855217496069287,3.2486748111973305,3.254816114015648,3008100
2018-01-23,3.2670984268188477,3.279380739622047,3.2486748111973305,3.279380739622047,2781400
2018-01-24,3.2793807983398438,3.2793807983398438,3.267098485316728,3.267098485316728,2393200
2018-01-25,3.3162271976470947,3.328509508671094,3.254815642527099,3.279380264575097,5914800
2018-01-26,3.3776397705078125,3.383781074286989,3.279381252708845,3.3162281968834577,3166800
2018-01-29,3.4022042751312256,3.4206278929593137,3.383780950136609,3.389921960856991,3965300
2018-01-30,3.340791940689087,3.4083448001843513,3.303945006282598,3.4022034980332343,1724000
2018-02-02,3.371497631072998,3.445191793989953,3.3469330077118165,3.4267681800523615,4642700
2018-02-05,3.2548162937164307,3.334651184928252,3.242533980235116,3.334651184928252,3766500
2018-02-06,3.168839454650879,3.193404078885892,3.1074278940633464,3.193404078885892,4193300
2018-02-07,3.193404197692871,3.2363924381201823,3.15041625009899,3.2241101255457263,4451500
2018-02-08,3.19954514503479,3.1995451450347905,3.1565569093820285,3.1934038430129394,867100
2018-02-09,3.174980640411377,3.1811216498276718,3.1074277798316814,3.1442747148296766,2486700
2018-02-12,3.174980640411377,3.1872629520773756,3.1442747148296766,3.1811216498276718,1827300
2018-02-13,3.1626980304718018,3.1811213498165944,3.1442744182936275,3.1811213498165944,1325800
2018-02-14,3.193404197692871,3.2118278129712703,3.1442749473950466,3.1688395725439586,1590500
2018-02-15,3.19954514503479,3.2179684654335468,3.1749805226141827,3.187262833824487,1254600
2018-02-16,3.19954514503479,3.1995451450347905,3.1995451450347905,3.1995451450347905,0
2018-02-19,3.2548162937164307,3.273239617521677,3.217969060439034,3.217969060439034,1160100
2018-02-20,3.2118279933929443,3.279380862763892,3.1934043770796143,3.254816236235083,3897100
2018-02-21,3.2670984268188477,3.2670984268188477,3.2118278727877323,3.2241101855909315,2638900
2018-02-22,3.3039450645446777,3.3162273762300947,3.2486745155435965,3.2486745155435965,3044600
2018-02-23,3.340791940689087,3.3469329500067992,3.297803704131481,3.297803704131481,1352700
2018-02-26,3.3162271976470947,3.340791819695093,3.3100858957183985,3.340791819695093,1280000
2018-02-27,3.3592147827148438,3.3837796949848755,3.310085543841505,3.3162268451173538,5159900
2018-02-28,3.3039450645446777,3.3592153207123494,3.2732391389144304,3.3469330090269325,4122300
2018-03-01,3.2978036403656006,3.322368262828282,3.2793803199352896,3.297803640365601,1234700
2018-03-02,3.310086727142334,3.3346513553604487,3.260957470706105,3.2978044130332766,2422400
2018-03-05,3.3162271976470947,3.3346505177663968,3.254815642527099,3.3100858957183985,536400
2018-03-06,3.310086727142334,3.340792658831711,3.2732397848151624,3.310086727142334,3738300
2018-03-07,3.217968702316284,3.3100861895912597,3.217968702316284,3.3100861895912597,2333200
2018-03-08,3.2609567642211914,3.2978036985654904,3.2363921413249925,3.2732390756692915,1636700
2018-03-09,3.2363922595977783,3.254815873859914,3.230251250066009,3.254815873859914,911600
2018-03-12,3.2609567642211914,3.2732390756692915,3.2302511320176444,3.2302511320176444,1471400
2018-03-13,3.2855215072631836,3.3100861310576684,3.2425335620395423,3.2486745715714567,857600
2018-03-14,3.310086727142334,3.310086727142334,3.260957470706105,3.260957470706105,1702000
2018-03-15,3.2241101264953613,3.316227617247629,3.2241101264953613,3.297804001963803,1627700
2018-03-16,3.2978036403656006,3.3039449423979703,3.205686159713848,3.2425333862412677,3415700
2018-03-19,3.2609567642211914,3.2978036985654904,3.2302511320176444,3.2978036985654904,936200
2018-03-20,3.2670984268188477,3.2670984268188477,3.1995455599845326,3.2425338012124487,1574200
2018-03-21,3.322368860244751,3.3285101633814276,3.267098596181917,3.267098596181917,2670100
2018-03-22,3.3162271976470947,3.328509508671094,3.297803584694399,3.3162271976470947,2571400
2018-03-23,3.2670984268188477,3.2978040624101284,3.2363924983941312,3.2486748111973305,1224300
2018-03-26,3.2241101264953613,3.254816054357261,3.2056865112115354,3.236392439073435,901100
2018-03-27,3.2056868076324463,3.242534041607259,3.2056868076324463,3.230251727893474,980700
2018-03-28,3.2241101264953613,3.242533741779187,3.199545501339214,3.242533741779187,980500
2018-03-29,3.174980640411377,3.236392198741369,3.174980640411377,3.2302511893250743,682900
2018-03-30,3.2118279933929443,3.2486749331861575,3.1626987403353266,3.1626987403353266,752100
2018-04-02,3.2486751079559326,3.279381039185562,3.1995458522552966,3.1995458522552966,676100
2018-04-03,3.2609567642211914,3.260956764221192,3.2056862162880413,3.224109829876893,530500
2018-04-04,3.1626980304718018,3.2548155056959085,3.0644392535771763,3.2363918935177347,2219700
2018-04-05,3.217968702316284,3.2241100047902114,3.162698444218034,3.162698444218034,699400
2018-04-06,3.1319925785064697,3.199545442868073,3.0767223193319078,3.199545442868073,599900
2018-04-09,3.174980640411377,3.217968584825667,3.1319924031636783,3.1319924031636783,471600
2018-04-10,3.2241101264953613,3.254816054357261,3.1749808761830667,3.1749808761830667,950400
2018-04-11,3.2486751079559326,3.2548164113352436,3.224110480105615,3.2425340974100845,986900
2018-04-12,3.2732393741607666,3.2732393741607666,3.2241101238882,3.2241101238882,986400
2018-04-13,3.2732393741607666,3.2855216867289085,3.242533739157128,3.2855216867289085,353000
2018-04-16,3.3039450645446777,3.3039450645446777,3.2609568272290135,3.2732391389144304,929300
2018-04-17,3.3162271976470947,3.340791819695093,3.2855212736704003,3.303944886623096,2598300
2018-04-18,3.3039450645446777,3.3223683856560986,3.2855214505998473,3.3162273762300947,1647400
2018-04-19,3.322368860244751,3.322368860244751,3.2916632230617213,3.316227849941525,2341300
2018-04-20,3.3039450645446777,3.3223683856560986,3.279380441173844,3.3223683856560986,1801400
2018-04-23,3.291663408279419,3.3592159895832525,3.2793810941484067,3.291663408279419,1944000
2018-04-24,3.2548162937164307,3.2916632341603758,3.2548162937164307,3.285521931002992,2282500
2018-04-25,3.2363922595977783,3.254815873859914,3.2363922595977783,3.2363922595977783,1175800
2018-04-26,3.2609567642211914,3.2732390756692915,3.242533443465744,3.242533443465744,1526100
2018-04-27,3.2855215072631836,3.2855215072631836,3.254815873936785,3.260956883468699,1343200
2018-04-30,3.2548162937164307,3.2793809206790607,3.248674990559047,3.273239617521677,786000
2018-05-02,3.2056868076324463,3.2363927383336377,3.162698856050928,3.2241104246198526,1495400
2018-05-03,3.2056868076324463,3.2363927383336377,3.1811221802048766,3.1811221802048766,1274500
2018-05-04,3.168839454650879,3.2056863910033986,3.168839454650879,3.193404078885892,2179500
2018-05-07,3.125851631164551,3.18112189144277,3.125851631164551,3.18112189144277,1903600
2018-05-08,3.2363922595977783,3.260956883391683,3.125851452525208,3.125851452525208,2195000
2018-05-14,3.2548162937164307,3.3285101746043204,3.1381341692272127,3.168839806513774,2931600
2018-05-15,3.365356922149658,3.3714979321215934,3.2363924915712263,3.2425337943765973,8032400
2018-05-16,3.3469338417053223,3.3653574602337355,3.3162282012692765,3.3162282012692765,7361100
2018-05-17,3.353074789047241,3.3653571024826965,3.3285101621763307,3.3469334859127877,7680000
2018-05-18,3.340791940689087,3.359215261475629,3.32236832706914,3.359215261475629,3117400
2018-05-21,3.340791940689087,3.3469329500067992,3.3162273177514274,3.3469329500067992,2378600
2018-05-22,3.322368860244751,3.3407924768213295,3.2855219199250447,3.322368860244751,2507900
2018-05-23,3.3162271976470947,3.3469328287903957,3.279380264575097,3.340791819695093,3670900
2018-05-24,3.2855215072631836,3.3162274334229966,3.205686333514401,3.2793804977312697,3618300
2018-05-25,3.2855215072631836,3.3407920572174814,3.224109947776972,3.2855215072631836,1562300
2018-05-28,3.3039450645446777,3.3407919996009285,3.2732391389144304,3.2855214505998473,1128500
2018-05-30,3.2486751079559326,3.279381039185562,3.217969176726304,3.248675107955933,4127100
2018-05-31,3.2793807983398438,3.3469333735502618,3.236392556342217,3.2486748693653333,18702300
2018-06-01,3.2978036403656006,3.316227253629311,3.27323901790292,3.2793803199352896,3377100
2018-06-04,3.3979272842407227,3.479277367072745,3.316577499798764,3.366638997421527,8333800
2018-06-05,3.4417312145233154,3.460504425166887,3.3916697173272037,3.3916697173272037,5867100
2018-06-06,3.5105652809143066,3.5168228177254166,3.441730585652064,3.441730585652064,5167600
2018-06-07,3.585658073425293,3.6544927794463864,3.516823367404199,3.516823367404199,6711200
2018-06-08,3.585658073425293,3.6169466575412588,3.5355965775517895,3.6169466575412588,5869100
2018-06-11,3.5981740951538086,3.679524189788303,3.5856587189323563,3.5919162578480295,4880000
2018-06-12,3.604430675506592,3.6294614192206653,3.579399633402516,3.591915005259553,3646400
2018-06-13,3.5731420516967773,3.641976745239114,3.541853473252988,3.629461373539598,1154500
2018-06-14,3.6357200145721436,3.635720014572143,3.510566259560573,3.616947100515452,3554900
2018-06-18,3.5481112003326416,3.6294612630991017,3.4855343437392063,3.6294612630991017,3329800
2018-06-19,3.523080587387085,3.6106881898429095,3.510565215607681,3.54185349586119,7699600
2018-06-20,3.4542460441589355,3.5606268581216405,3.4479885071911367,3.5355961134704175,1018300
2018-06-21,3.429215431213379,3.5105655036492682,3.4229575956152223,3.4542461768259565,2336000
2018-06-22,3.5355968475341797,3.566885135649304,3.422958174827521,3.422958174827521,3696100
2018-06-25,3.4605038166046143,3.5355960491931033,3.441730609262488,3.5355960491931033,3332300
2018-06-26,3.354123115539551,3.4354728876733507,3.3478652800884796,3.385411397624853,2628400
2018-06-27,3.410442590713501,3.410442590713501,3.347865719931521,3.3603810940879173,1961200
2018-06-28,3.3603808879852295,3.4542463375961656,3.354123350485854,3.391669470652221,1556300
2018-06-29,3.416700601577759,3.435473514576607,3.3603812658010694,3.3916698519859128,4236600
2018-07-02,3.3353500366210938,3.429215483288692,3.291546380328903,3.429215483288692,3177500
2018-07-03,3.3416080474853516,3.360380958768952,3.3165773001805214,3.3228348378117065,1824100
2018-07-04,3.3603808879852295,3.360380887985229,3.3228347678188626,3.3228347678188626,1192200
2018-07-05,3.347865343093872,3.366638551410371,3.3353499703462135,3.3353499703462135,604500
2018-07-06,3.235227108001709,3.366638675906655,3.2352271080017085,3.3478654668959336,1064800
2018-07-09,3.347865343093872,3.36038071584153,3.253999898291422,3.253999898291422,2257700
2018-07-10,3.3353500366210938,3.3478654096174383,3.3290924993179365,3.3478654096174383,1591400
2018-07-11,3.2790305614471436,3.335349886592386,3.2602576519920734,3.335349886592386,884200
2018-07-12,3.316577434539795,3.322834972424482,3.272773475786759,3.2790310136714456,2381700
2018-07-13,3.3290932178497314,3.3416085935473205,3.285289253713123,3.3165778421521424,3595600
2018-07-16,3.316577434539795,3.322834972424482,3.272773475786759,3.316577434539795,1742700
2018-07-17,3.3228349685668945,3.335350342711796,3.2852888461321905,3.2852888461321905,953600
2018-07-18,3.3416080474853516,3.347865585116537,3.3103194641592912,3.3290926738329367,1101800
2018-07-19,3.3416080474853516,3.3854117060737825,3.3165773001805214,3.347865585116537,3993900
2018-07-20,3.3791542053222656,3.379154205322266,3.3165773363772337,3.3416080839552467,1592000
2018-07-23,3.3353500366210938,3.3854115286064714,3.316577126321592,3.360380782613783,1264200
2018-07-24,3.354123115539551,3.3728960251127287,3.354123115539551,3.354123115539551,1737100
2018-07-25,3.3603808879852295,3.397927008151596,3.354123350485854,3.3728962613740183,2061100
2018-07-26,3.391669750213623,3.3916697502136235,3.3541236269524837,3.3666390013728638,763700
2018-07-27,3.3854119777679443,3.385411977767944,3.3478658537974573,3.379154439634564,954600
2018-07-30,3.3979272842407227,3.3979272842407227,3.3603811610236503,3.3603811610236503,971100
2018-07-31,3.4041848182678223,3.473019520580031,3.3666386983857186,3.385411609131752,2579300
2018-08-01,3.4605038166046143,3.4605038166046143,3.397926657724199,3.416699865066325,2136900
2018-08-02,3.416700601577759,3.473019937354448,3.3916698519859128,3.4667621007614504,1504400
2018-08-03,3.410442590713501,3.4417311752995197,3.37915430451754,3.4041850528303317,1088000
2018-08-06,3.416700601577759,3.416700601577759,3.347865891005146,3.37915447718999,1301700
2018-08-07,3.429215431213379,3.4855347580366907,3.379153939988224,3.4167000584070903,1115200
2018-08-08,3.410442590713501,3.473019759885538,3.4041850528303317,3.4041850528303317,2724500
2018-08-09,3.410442590713501,3.4605043857291418,3.3916696786739355,3.410442590713501,3548300
2018-08-10,3.429215431213379,3.4479886396178245,3.397926850002645,3.441730804019668,2496800
2018-08-13,3.354123115539551,3.3979267701369773,3.3478652800884796,3.391669233075924,791500
2018-08-14,3.3416080474853516,3.3791541684425974,3.335350211464122,3.347865585116537,490300
2018-08-15,3.210196018218994,3.3290922001963645,3.1914228112162504,3.3290922001963645,5902800
2018-08-16,3.1726503372192383,3.2289693691625088,3.160134963632951,3.2164539955762215,6287400
2018-08-17,3.185166120529175,3.2164544093246383,3.1726507453329735,3.178908283736033,4507300
2018-08-20,3.1726503372192383,3.2101964579780997,3.166392501231073,3.185165710805525,3529200
2018-08-21,3.191422939300537,3.222711519430842,3.1663921945522984,3.1789075669264175,6116400
2018-08-23,3.2602579593658447,3.272773332979167,3.191423255297552,3.197681091299235,6442100
2018-08-24,3.2852888107299805,3.2852888107299805,3.241484852499828,3.2665156005198996,4622100
2018-08-27,3.2727737426757812,3.2852891178558195,3.2477429923157053,3.27903128107076,4933700
2018-08-28,3.3290932178497314,3.3290932178497314,3.260258502317945,3.291547090756964,3966300
2018-08-29,3.3791542053222656,3.3979271168107514,3.291546588799221,3.322834874076713,6779700
2018-08-30,3.3791542053222656,3.410442490599758,3.3040619625882273,3.3165773363772337,6871500
2018-09-03,3.3666388988494873,3.385411810713339,3.3416081507709827,3.37915427288874,1619500
2018-09-04,3.410442590713501,3.4167004269867274,3.3603810940879173,3.37915430451754,5794800
2018-09-05,3.3666388988494873,3.422957932831096,3.3666388988494873,3.4104425587918437,3476300
2018-09-06,3.3666388988494873,3.4041850209672444,3.3478656885955815,3.37915427288874,3250800
2018-09-07,3.3666388988494873,3.3728964366740866,3.3353503145563295,3.3666388988494873,811700
2018-09-12,3.3791542053222656,3.5355965268798704,3.3416080839552467,3.5168233170013368,6711100
2018-09-13,3.3603808879852295,3.3791540972634317,3.3416079770970653,3.3791540972634317,1700900
2018-09-14,3.4542460441589355,3.5230807411448057,3.372895974847454,3.391669182530878,4397500
2018-09-18,3.368603229522705,3.4447297843989153,3.368603229522705,3.4447297843989153,3032400
2018-09-19,3.425699234008789,3.4827940145338525,3.368604150983604,3.3876359461587064,2580900
2018-09-20,3.457418203353882,3.476449996954955,3.4003234275508554,3.457418203353882,2385300
2018-09-21,3.457418203353882,3.4701059649212316,3.432042680219182,3.463762235387605,3857200
2018-09-24,3.425699234008789,3.4383869966254834,3.393979676216993,3.4383869966254834,406900
2018-09-25,3.425699234008789,3.457418489300464,3.400323708775401,3.4256992340087895,821000
2018-09-26,3.4193551540374756,3.476450236270978,3.4066673915967103,3.425699186507917,3655300
2018-09-27,3.4193551540374756,3.4510747113894475,3.393979629155945,3.432042916478241,3376100
2018-09-28,3.425699234008789,3.4510747592421778,3.393979676216993,3.406667438833687,3382800
2018-10-01,3.413010597229004,3.4320420850295124,3.4003228378619834,3.4320420850295124,2248100
2018-10-02,3.425699234008789,3.4320429640670755,3.413011471392095,3.419355201450381,2994100
2018-10-03,3.425699234008789,3.4320429640670755,3.400323708775401,3.4256992340087895,2573200
2018-10-04,3.425699234008789,3.4256992340087895,3.400323708775401,3.4256992340087895,1668800
2018-10-05,3.3812918663024902,3.4256991860898074,3.34322857898484,3.4256991860898074,1133900
2018-10-08,3.349571466445923,3.3812907104510836,3.3305396780428147,3.3812907104510836,1004200
2018-10-09,3.362260341644287,3.393979596188032,3.3368848170092456,3.3622603416442876,1454900
2018-10-10,3.3051650524139404,3.387635653549052,3.298821020403503,3.374947892028273,1066100
2018-10-11,3.3368844985961914,3.355915989006388,3.2226943461346713,3.2671016612586055,2846100
2018-10-12,3.362260341644287,3.4193551208230737,3.298821227556568,3.298821227556568,3782000
2018-10-15,3.362260341644287,3.406667358505553,3.3368848170092456,3.36860407155299,2815100
2018-10-16,3.3812918663024902,3.41935515362014,3.34322857898484,3.3622603738937236,532100
2018-10-17,3.3559160232543945,3.4130111000678247,3.336884532649977,3.393979306963318,649400
2018-10-18,3.368603229522705,3.3876350194917775,3.3495717420536724,3.3876350194917775,937500
2018-10-19,3.3812918663024902,3.38129186630249,3.2988212591975223,3.34322857898484,895700
2018-10-22,3.3051650524139404,3.387635653549052,3.298821020403503,3.381291621538615,859000
2018-10-23,3.3115084171295166,3.324196177252616,3.286132896883318,3.305164688317998,2497400
2018-10-24,3.298820972442627,3.3305405270334587,3.286133211106313,3.298820972442627,1845000
2018-10-25,3.286133050918579,3.2924770825275322,3.2607575294829205,3.2924770825275322,1208900
2018-10-26,3.2607581615448,3.317853247092321,3.2607581615448,3.2671021943834737,910900
2018-10-29,3.235382080078125,3.33054043883044,3.203662828827409,3.2544138728286214,708800
2018-10-30,3.21635103225708,3.286133576107734,3.2163510322570796,3.2417265577482497,698500
2018-10-31,3.3178529739379883,3.3178529739379883,3.2417264011421145,3.248070130958382,2664100
2018-11-01,3.368603229522705,3.393978747814775,3.286132643823458,3.311508162115528,1570100
2018-11-02,3.330540418624878,3.3812914623181967,3.330540418624878,3.330540418624878,1462300
2018-11-05,3.368603229522705,3.3876350194917775,3.2924766746464953,3.3622595011997074,651400
2018-11-07,3.3178529739379883,3.425699103315531,3.3051652118053423,3.3939795467338616,1821100
2018-11-08,3.343228340148926,3.343228340148926,3.324196546599649,3.336884610632564,1065300
2018-11-09,3.3368844985961914,3.3432282278995618,3.3178527056859095,3.3178527056859095,528500
2018-11-12,3.3241963386535645,3.3432281310123027,3.305164848794904,3.3368844018927746,222000
2018-11-13,3.2924768924713135,3.317852412442186,3.2861328612285656,3.317852412442186,1168300
2018-11-14,3.298820972442627,3.298820972442627,3.286133211106313,3.2924772430245155,519400
2018-11-15,3.298820972442627,3.298820972442627,3.286133211106313,3.298820972442627,840300
2018-11-16,3.279789686203003,3.3178529725854227,3.2544141619480564,3.311508940271631,1495700
2018-11-19,3.2924768924713135,3.3051646524567495,3.2861328612285656,3.3051646524567495,2174300
2018-11-21,3.254413604736328,3.298820613329184,3.2417258447812185,3.2924768846016583,1166700
2018-11-22,3.2734451293945312,3.292476920786387,3.2544136405027366,3.273445129394531,873500
2018-11-23,3.298820972442627,3.298820972442627,3.2671017203518873,3.2734454497699987,251800
2018-11-26,3.2924768924713135,3.298820621214002,3.267101372500441,3.298820621214002,1011000
2018-11-27,3.330540418624878,3.330540418624878,3.286133104143184,3.2924771358548894,2147200
2018-11-28,3.3241963386535645,3.3622599233710404,3.2797893273166387,3.3622599233710404,3394800
2018-11-29,3.3051650524139404,3.374947892028273,3.3051650524139404,3.3559160984970564,1909000
2018-11-30,3.330540418624878,3.368603701394867,3.298820865066513,3.362259972183243,3126800
2018-12-03,3.362260341644287,3.3749481039618083,3.330540784600428,3.3559163092354694,4626800
2018-12-04,3.3939788341522217,3.3939788341522217,3.3686033152146386,3.38129107468343,3324500
2018-12-05,3.4003233909606934,3.457418166149335,3.3622601066682347,3.381291597564417,5670500
2018-12-06,3.3876354694366455,3.419354720264656,3.374947708605425,3.419354720264656,1627500
2018-12-07,3.3876354694366455,3.406666959433436,3.3622599477742052,3.3622599477742052,612500
2018-12-10,3.3812918663024902,3.387635898772157,3.3495726114545072,3.387635898772157,1012400
2018-12-11,3.330540418624878,3.368603701394867,3.311508625989843,3.3241963869131723,863300
2018-12-12,3.3876354694366455,3.419354720264656,3.3432281552773353,3.3432281552773353,1727800
2018-12-13,3.3939788341522217,3.413010624605432,3.3622595867302665,3.406666593621013,1599000
2018-12-14,3.4066669940948486,3.4066669940948486,3.3432281892932845,3.3559159502535976,1613900
2018-12-17,3.2734451293945312,3.4066667616373376,3.273445129394531,3.4066667616373376,1321600
2018-12-18,3.298820972442627,3.3115087337789415,3.2417261976792586,3.24806992709737,2151200
2018-12-19,3.3115084171295166,3.324196177252616,3.2797891680717997,3.3115084171295166,854800
2018-12-20,3.3241963386535645,3.3305403702731695,3.254413805838373,3.2607575349579005,904900
2018-12-21,3.362260341644287,3.3622603416442876,3.3051652599653862,3.317853022282907,3702000
2018-12-24,3.3368844985961914,3.3622600208098437,3.3115086738824537,3.3115086738824537,351500
2018-12-26,3.362260341644287,3.3622603416442876,3.3115089898740893,3.3368848170092456,1013300
2018-12-27,3.362260341644287,3.3622603416442876,3.32419675219161,3.3622603416442876,1433800
2018-12-28,3.3559160232543945,3.3749478163589006,3.3241964689135797,3.355916023254394,3606500
2018-12-31,3.3559160232543945,3.3876355775952085,3.355916023254394,3.3622600551225927,508300
2019-01-02,3.374948024749756,3.3939795165292987,3.3559162304701045,3.3559162304701045,1739900
2019-01-03,3.3876354694366455,3.4256987519303057,3.374947708605425,3.3876354694366455,1883800
2019-01-04,3.3939788341522217,3.413010624605432,3.3622595867302665,3.3622595867302665,2720100
2019-01-07,3.3939788341522217,3.4193543530898047,3.38129107468343,3.3939788341522217,1510200
2019-01-08,3.349571466445923,3.4130102569562593,3.349571466445923,3.400322498854192,1338800
2019-01-09,3.3812918663024902,3.41935515362014,3.3559163414240567,3.3622603738937236,3670300
2019-01-10,3.3876354694366455,3.419354720264656,3.3812914377709955,3.419354720264656,4036900
2019-01-11,3.457418203353882,3.457418203353882,3.406667157084482,3.4256989506855553,3000800
2019-01-14,3.4383864402770996,3.4637619614046,3.4256986797133493,3.457417929872688,1310200
2019-01-15,3.4383864402770996,3.45107420084085,3.4066668876176878,3.4383864402770996,2050900
2019-01-16,3.425699234008789,3.457418489300464,3.419355201450381,3.457418489300464,2654700
2019-01-17,3.4383864402770996,3.4891374825321004,3.4256986797133493,3.4256986797133493,2192600
2019-01-18,3.444730758666992,3.489138079487791,3.4256992658153105,3.4256992658153105,3441600
2019-01-22,3.4637625217437744,3.4827940144181224,3.457418489185577,3.4764502843600473,2692700
2019-01-23,3.4827933311462402,3.5208569140276755,3.4320422906377437,3.457417810891992,3164000
2019-01-24,3.476449489593506,3.4891372493091737,3.4510739701621707,3.4510739701621707,2621100
2019-01-25,3.4827933311462402,3.514512882714082,3.470105571019116,3.4891373624598336,3698800
2019-01-28,3.4701051712036133,3.52085650836475,3.4637614431209887,3.4827929298688907,2492400
2019-01-29,3.5018255710601807,3.52085736493827,3.470106015430066,3.501825571060181,5467000
2019-01-30,3.4701051712036133,3.4954809910341957,3.4510736844557117,3.4891369604515434,2760400
2019-01-31,3.444730758666992,3.5208576375740934,3.444730758666992,3.5208576375740934,5595100
2019-02-04,3.476449489593506,3.5081690401327013,3.4701054584856457,3.501825009024841,1171200
2019-02-07,3.5145137310028076,3.546233290226714,3.4574186453998306,3.4574186453998306,2928400
2019-02-08,3.5018255710601807,3.565264379820309,3.4954818414342186,3.5335451266902957,4372500
2019-02-11,3.4891374111175537,3.539888452333798,3.476449650813492,3.5018251714216144,3085200
2019-02-12,3.508169651031494,3.546232936806687,3.4764500949687807,3.5145133807439737,2543800
2019-02-13,3.539889097213745,3.622359705464274,3.5272013345982884,3.5272013345982884,7299400
2019-02-14,3.539889097213745,3.552576859829202,3.5272013345982884,3.552576859829202,2805500
2019-02-15,3.539889097213745,3.603327910291028,3.5272013345982884,3.552576859829202,3801700
2019-02-18,3.520857095718384,3.5525763464230065,3.514513064077412,3.5208570957183833,2595300
2019-02-19,3.5018255710601807,3.5525766180682834,3.489137809308155,3.5525766180682834,1917300
2019-02-20,3.5272011756896973,3.552576699777384,3.5208574459178297,3.5208574459178297,5159900
2019-02-21,3.5335450172424316,3.552576508030939,3.527200985312868,3.5398887466719033,6273500
2019-02-22,3.546233654022217,3.5525773850176976,3.5272018560354415,3.5398896205265697,3245500
2019-02-25,3.546233654022217,3.558921418513345,3.5398896205265697,3.558921418513345,1947600
2019-02-26,3.546233654022217,3.558921418513345,3.5398896205265697,3.5525773850176976,3301200
2019-02-27,3.546233654022217,3.565265149508826,3.5272018560354415,3.565265149508826,2480100
2019-02-28,3.590640068054199,3.6413911173906364,3.552576781051871,3.5589208134689834,8337600
2019-03-01,3.6096718311309814,3.698486166690411,3.5906400365467617,3.5906400365467617,5930700
2019-03-04,3.6477348804473877,3.7682687649708777,3.635047119050183,3.6604226418445927,6781900
2019-03-05,3.622359275817871,3.7682686798394345,3.622359275817871,3.7175176353971664,5355400
2019-03-06,3.5145137310028076,3.571608816605785,3.444730882210295,3.4891382046237367,23262000
2019-03-07,3.476449489593506,3.5652638076031793,3.463761729877838,3.539888288171844,15967300
2019-03-08,3.5272011756896973,3.539888937733541,3.476450127514323,3.4891378895581666,16436900
2019-03-11,3.539889097213745,3.6350474680797307,3.520857604540621,3.5335453671560777,19459000
2019-03-12,3.5716073513031006,3.6287021109820055,3.552575563076791,3.5906388370293985,9199900
2019-03-13,3.673110008239746,3.6857977682725234,3.6223589681086366,3.635046728141414,7905200
2019-03-14,3.698486089706421,3.7682689317292137,3.679454598018454,3.698486089706421,11052500
2019-03-15,3.6794543266296387,3.7302053707210683,3.666766565606782,3.7238613389595976,15199700
2019-03-18,3.673110008239746,3.7302050796372743,3.6604222482069684,3.7048295595717198,4062700
2019-03-19,3.666766405105591,3.7365489364267526,3.6540786446381,3.6984856550242813,2449900
2019-03-20,3.6604228019714355,3.7111738497803812,3.647735040019199,3.679454596149843,7906700
2019-03-21,3.6287038326263428,3.6984866858980476,3.6160160686224105,3.673111157890183,7198300
2019-03-22,3.6160154342651367,3.647734989960486,3.5969839428480084,3.628703196043256,4280000
2019-03-25,3.6287038326263428,3.7302062471579562,3.5906405406145456,3.7302062471579562,5569600
2019-03-26,3.6160154342651367,3.6984860370729633,3.6033276724870174,3.647734989960486,7576700
2019-03-27,3.6096718311309814,3.6413910854378644,3.6033277987695373,3.616015560992313,6689000
2019-03-28,3.6096718311309814,3.6477351177993085,3.5906400365467617,3.6287033232150887,2888500
2019-03-29,3.6160154342651367,3.647734989960486,3.5842961810698895,3.590639910708898,6335400
2019-04-01,3.565264940261841,3.6413915227407063,3.552577176515363,3.6413915227407063,1928700
2019-04-02,3.584296226501465,3.6096717503793423,3.565264432343003,3.5716084645625257,4807500
2019-04-03,3.6477348804473877,3.69214219658765,3.5969838348585697,3.609671596255774,7631100
2019-04-04,3.6477348804473877,3.6857981646390017,3.61601532570433,3.6857981646390017,5933000
2019-04-05,3.635047197341919,3.6731104823533407,3.6033276419156843,3.6033276419156843,1671800
2019-04-08,3.603327512741089,3.647734828245853,3.584296022167682,3.6413907963879915,2310200
2019-04-09,3.590640068054199,3.6413911173906364,3.5716085758030927,3.603327830388308,2450700
2019-04-10,3.6096718311309814,3.6287033232150887,3.5906400365467617,3.6033277987695373,4936300
2019-04-11,3.603327512741089,3.6413907963879915,3.5652642290941863,3.5969837833833163,5031900
2019-04-12,3.6477348804473877,3.6604226418445927,3.5969838348585697,3.6223593576529787,4777600
2019-04-15,3.6477348804473877,3.6794544351904457,3.61601532570433,3.673110403241797,4579600
2019-04-16,3.6477348804473877,3.6857981646390017,3.641390848498739,3.6477348804473877,3662100
2019-04-17,3.673110008239746,3.7238610483708556,3.647734488174191,3.647734488174191,5858200
2019-04-18,3.6921417713165283,3.768268330931287,3.660422220227016,3.660422220227016,6304200
2019-04-19,3.6794543266296387,3.7048298486753537,3.666766565606782,3.6921420876524964,4744300
2019-04-22,3.654078483581543,3.730205043031144,3.654078483581543,3.7111732519187153,5177000
2019-04-23,3.6477348804473877,3.7175177193820597,3.6477348804473877,3.6477348804473877,5796300
2019-04-24,3.673110008239746,3.717517319604497,3.6604222482069684,3.711173288338078,3934700
2019-04-25,3.6794543266296387,3.736549099982455,3.666766565606782,3.6857980558910257,4472900
2019-04-26,3.749237298965454,3.749237298965454,3.685798486440681,3.685798486440681,3835800
2019-04-29,3.7428932189941406,3.7746124710406463,3.7175176963568997,3.7492369484034054,1650300
2019-04-30,3.780956745147705,3.8507395881202604,3.7555812208849773,3.768268983016341,6081800
2019-05-02,3.77461314201355,3.799988669161529,3.755581647902638,3.780957175050617,2903800
2019-05-03,3.7682693004608154,3.7809570636610146,3.761925267610648,3.761925267610648,2896700
2019-05-06,3.6921417713165283,3.7619242997133617,3.6857977400986024,3.7619242997133617,2014500
2019-05-07,3.6921422481536865,3.6986309136411966,3.6661869673809404,3.6921422481536865,7862400
2019-05-08,3.776496410369873,3.795962712867493,3.6726749958744698,3.6791639696478757,8021000
2019-05-09,3.731074810028076,3.8089406448482057,3.7116081966173824,3.737563784302082,7946400
2019-05-10,3.7245850563049316,3.757029302062661,3.718096392800141,3.731074029220981,4371700
2019-05-13,3.711608648300171,3.7570305455118413,3.6856533668681766,3.6856533668681766,3515900
2019-05-14,3.7375638484954834,3.7894744059338104,3.6661866773121194,3.6661866773121194,8234200
2019-05-15,3.7375638484954834,3.7700077921887734,3.7375638484954834,3.7375638484954834,5738600
2019-05-16,3.718096971511841,3.763518860760204,3.6986303591450262,3.7375635838786554,2507400
2019-05-17,3.7245850563049316,3.7635182749787104,3.711607419884092,3.731074029220981,2964500
2019-05-21,3.8154304027557373,3.87382963615952,3.6921426509300392,3.6921426509300392,5106400
2019-05-23,3.6986310482025146,3.8413854070575724,3.6791647416204207,3.821918791064114,4724300
2019-05-24,3.666187286376953,3.7570307769858826,3.666187286376953,3.6986312354601667,4245400
2019-05-27,3.6986310482025146,3.737564280189432,3.6791647416204207,3.72458632991955,1835000
2019-05-28,3.6986310482025146,3.7310753050544907,3.692142382478938,3.7310753050544907,8331100
2019-05-29,3.7245850563049316,3.757029302062661,3.6661858471167807,3.718096392800141,3076900
2019-05-30,3.7245850563049316,3.7505406385578706,3.692141119958461,3.7245850563049316,2366400
2019-05-31,3.7829859256744385,3.7829859256744385,3.724586386222625,3.731075361455657,1591000
2019-06-03,3.7440526485443115,3.8089408476832007,3.731075008716534,3.7700079281998673,4137100
2019-06-04,3.7829859256744385,3.83489648989322,3.731075361455657,3.731075361455657,2000900
2019-06-05,3.7829859256744385,3.7829859256744385,3.7829859256744385,3.7829859256744385,0
2019-06-06,3.7829859256744385,3.7829859256744385,3.7829859256744385,3.7829859256744385,0
2019-06-07,3.731074810028076,3.776496701712147,3.7116081966173824,3.7570300883014527,3052100
2019-06-10,3.7959632873535156,3.808940927453081,3.7440527269552515,3.7440527269552515,2644000
2019-06-11,3.7570300102233887,3.802451900963508,3.7245857583502584,3.802451900963508,2683000
2019-06-12,3.7051193714141846,3.7505412611326046,3.692141732839109,3.737563622557529,5008700
2019-06-13,3.6986310482025146,3.718097664195973,3.685653407343997,3.6986310482025146,4336500
2019-06-14,3.6986310482025146,3.718097664195973,3.6726757664854794,3.718097664195973,5643800
2019-06-17,3.6272547245025635,3.705120581381376,3.627254724502564,3.6986316052691026,4968300
2019-06-18,3.633742094039917,3.659697370400743,3.568853903137853,3.6207644558595042,3323800
2019-06-19,3.575343370437622,3.6596978755480905,3.568854395746093,3.640231570296191,4492000
2019-06-20,3.6272547245025635,3.6532100101288343,3.59481046276402,3.59481046276402,14077700
2019-06-21,3.6467204093933105,3.6596980499835894,3.6142764626232924,3.6272541032135712,17562500
2019-06-24,3.666187286376953,3.6791649278925145,3.63374302788236,3.63374302788236,8729700
2019-06-25,3.620765209197998,3.6661871069855994,3.594809927436901,3.6661871069855994,14670200
2019-06-26,3.6467204093933105,3.666187024984408,3.607787487622474,3.607787487622474,6548300
2019-06-27,3.6272547245025635,3.6661876529419697,3.627254724502564,3.6661876529419697,8185800
2019-06-28,3.6272547245025635,3.659698676829697,3.6207657483902906,3.640232367315699,5586800
2019-07-01,3.7505416870117188,3.7700079923791026,3.6402315918920585,3.6402315918920585,16966700
2019-07-02,3.7570300102233887,3.8219182045583326,3.7310747324894113,3.7505413454955527,81976400
2019-07-03,3.7440526485443115,3.776496902819426,3.6921420892332004,3.7635192629916485,6908000
2019-07-04,3.7440526485443115,3.7635192629916485,3.724586034096975,3.744052648544312,3485200
2019-07-05,3.7375638484954834,3.763519127214647,3.7310748741100284,3.7505414878550654,3997700
2019-07-08,3.7440526485443115,3.7570302883720896,3.731075008716534,3.731075008716534,8698600
2019-07-09,3.731074810028076,3.7570300883014527,3.7245858357540707,3.7505414234387704,7951000
2019-07-10,3.7051193714141846,3.737563622557529,3.692141732839109,3.731074648564336,2786800
2019-07-11,3.731074810028076,3.7440524491647644,3.7180971708913884,3.737563784302082,6183400
2019-07-12,3.718096971511841,3.770007525274938,3.7051193330710666,3.7570298868341636,4240000
2019-07-15,3.7375638484954834,3.74405251346961,3.692141956031283,3.724585899724573,2288200
2019-07-16,3.7245850563049316,3.744051665641821,3.705118756379301,3.744051665641821,5017800
2019-07-17,3.711608648300171,3.7505418798595236,3.6986310075841735,3.737564239143526,3000300
2019-07-18,3.711608648300171,3.737564239143526,3.7051199826478527,3.737564239143526,4882100
2019-07-19,3.672675848007202,3.7310753878724974,3.653209540993018,3.6921424644327576,3306600
2019-07-22,3.6921422481536865,3.6921422481536865,3.6402316866081943,3.6726756328684504,3617800
2019-07-23,3.6986310482025146,3.72458632991955,3.666187100761903,3.692142382478938,7053300
2019-07-24,3.6596977710723877,3.7051196643823707,3.646720131471155,3.685653050274854,4660900
2019-07-25,3.6856532096862793,3.6856532096862797,3.6337426490361184,3.672675569523739,3808500
2019-07-26,3.666187286376953,3.666187286376953,3.6402320033458304,3.6532096448613918,4184500
2019-07-29,3.529920816421509,3.6856524669905104,3.523431842942158,3.6402308902801943,4834700
2019-07-31,3.5688540935516357,3.5948093712972873,3.5039658991875053,3.5039658991875053,4639100
2019-08-01,3.614276170730591,3.6661867288993557,3.568854277627255,3.568854277627255,7948800
2019-08-02,3.5688540935516357,3.6207646490429393,3.5558764546788093,3.6207646490429393,7282300
2019-08-05,3.478010892868042,3.568854372067307,3.465033252982433,3.568854372067307,3013500
2019-08-06,3.523432970046997,3.6207654374937794,3.380678911360065,3.426100812011599,5884200
2019-08-07,3.5428998470306396,3.5623661563002393,3.5039669190800335,3.536410870999835,7927900
2019-08-08,3.620765209197998,3.633742850078546,3.5558770047952564,3.5688546456758043,4673000
2019-08-09,3.633742094039917,3.640231067835774,3.5948091794986787,3.6337420940399174,7692400
2019-08-13,3.6012983322143555,3.6467199133967867,3.588320693389187,3.6402312486898607,8097300
2019-08-14,3.6077873706817627,3.62725398564188,3.601298705302622,3.620765010851392,5701700
2019-08-15,3.581831932067871,3.6077872112602134,3.5688542924717,3.588320906571624,8640900
2019-08-16,3.5558767318725586,3.5883209862894314,3.536410117340166,3.5753433464049507,5044000
2019-08-19,3.575343370437622,3.594809675689521,3.5558767557743796,3.5558767557743796,5311000
2019-08-20,3.581831932067871,3.6077872112602134,3.5623653179679478,3.575343266975453,5838100
2019-08-21,3.523432970046997,3.5883214879524417,3.523432970046997,3.5558772289997194,2572400
2019-08-22,3.581831932067871,3.581831932067871,3.5234323991794345,3.5234323991794345,1929900
2019-08-23,3.614276170730591,3.614276170730591,3.568854277627255,3.5883208916462084,8087000
2019-08-26,3.6467204093933105,3.6532093843941293,3.536410309670261,3.5818322064419164,3880100
2019-08-27,3.711608648300171,3.71809762336385,3.672675726152179,3.6791647012158584,16941500
2019-08-28,3.6856532096862793,3.718097464798304,3.6532092639856026,3.7116084900113604,3171000
2019-08-29,3.666187286376953,3.6856535939446053,3.6207653863667986,3.672675952429044,7213300
2019-08-30,3.6986310482025146,3.72458632991955,3.6726757664854794,3.685653407343997,9478000
2019-09-03,3.6596977710723877,3.71160832947732,3.6402314663762056,3.6921420247811376,2895900
2019-09-04,3.666187286376953,3.6856535939446053,3.6532096448613918,3.6791649278925145,6117200
2019-09-05,3.672675848007202,3.6921424644327576,3.659698206860622,3.659698206860622,3801400
2019-09-06,3.672675848007202,3.6921424644327576,3.659698206860622,3.6921424644327576,2351300
2019-09-10,3.666187286376953,3.692142569408076,3.6532096448613918,3.6791649278925145,4296400
2019-09-11,3.672675848007202,3.698631130300362,3.653209540993018,3.6791648232861776,3088700
2019-09-12,3.6596977710723877,3.71160832947732,3.6532091059774388,3.698630689876087,7797000
2019-09-13,3.666187286376953,3.692142569408076,3.6596983109134826,3.692142569408076,1672900
2019-09-17,3.6856532096862793,3.7116084900113604,3.6661869041481427,3.69863084984882,6408400
2019-09-18,3.7287800312042236,3.7619543579951595,3.6823363533455056,3.7155103637626143,6024500
2019-09-19,3.715510129928589,3.7420494631415653,3.7022404633221004,3.728779796535077,3450000
2019-09-20,3.742049217224121,3.775223539747118,3.7155098857552384,3.7420492172241215,9159300
2019-09-23,3.7486846446990967,3.7685889874311234,3.7221453101405113,3.7685889874311234,4197600
2019-09-24,3.7287800312042236,3.7619543579951595,3.7155103637626143,3.7619543579951595,3027100
2019-09-25,3.695605754852295,3.728779762882211,3.6757010969353017,3.728779762882211,2137400
2019-09-26,3.7088754177093506,3.7354147506568323,3.675701093338096,3.675701093338096,4761100
2019-09-27,3.715510129928589,3.7221451214187367,3.682336121599272,3.682336121599272,5837400
2019-09-30,3.742049217224121,3.768588548693004,3.7088752110749112,3.7486842082782355,2065800
2019-10-01,3.7884931564331055,3.788493156433105,3.7221448286198897,3.7221448286198897,5979400
2019-10-02,3.742049217224121,3.795127880161887,3.722144876809353,3.795127880161887,4753000
2019-10-03,3.702240228652954,3.742049225949097,3.6823358881917763,3.715509894418335,3890600
2019-10-04,3.695605754852295,3.7221450878257496,3.6690664218788402,3.6823360883655676,1406900
2019-10-07,3.7287800312042236,3.7354150231119414,3.7022406963210055,3.7221453556703326,1826800
2019-10-08,3.7287800312042236,3.7553193660874413,3.7088756882287237,3.7553193660874413,2796000
2019-10-09,3.7287800312042236,3.7420496986458325,3.6956060207871144,3.7420496986458325,3001600
2019-10-10,3.7553186416625977,3.7553186416625977,3.7022399821353726,3.728779311898985,693300
2019-10-11,3.7287800312042236,3.7354150231119414,3.7088756882287237,3.728780031204223,801100
2019-10-14,3.775224208831787,3.801763545004248,3.7486848726593256,3.7553195485155197,2714200
2019-10-15,3.7685890197753906,3.7951283545617516,3.7685890197753906,3.781858687168571,3247800
2019-10-16,3.742049217224121,3.8017628712160008,3.72877955148968,3.768588548693004,4197700
2019-10-17,3.7553186416625977,3.78185797142621,3.728779311898985,3.728779311898985,3440100
2019-10-18,3.7553186416625977,3.78185797142621,3.7354143025267716,3.7553186416625977,7409100
2019-10-21,3.78185772895813,3.78185772895813,3.7287790728339627,3.7287790728339627,1899800
2019-10-22,3.7486846446990967,3.7619543119783887,3.7420496528725384,3.7619543119783887,3529900
2019-10-23,3.7354140281677246,3.7685880297487895,3.7221443642605494,3.735414028167724,1886800
2019-10-24,3.715510129928589,3.7420494631415653,3.7022404633221004,3.728779796535077,3666100
2019-10-25,3.7088754177093506,3.7420494257068007,3.7022404262855777,3.7155100927593185,3597700
2019-10-29,3.815032482147217,3.815032482147217,3.7088751577966437,3.7088751577966437,4597000
2019-10-30,3.8083975315093994,3.848206844936123,3.781858200140774,3.8349371792518103,2500300
2019-10-31,3.815032482147217,3.83493713864984,3.7818581601007715,3.7818581601007715,8533900
2019-11-01,3.834937810897827,3.8482074787677645,3.8150331509060034,3.8150331509060034,3143900
2019-11-04,3.815032482147217,3.8482068041936617,3.8083974911884146,3.8482068041936617,2046300
2019-11-05,3.821666955947876,3.848206283444147,3.8017623021388034,3.8150319658869387,3086100
2019-11-06,3.821666955947876,3.848206283444147,3.8017623021388034,3.848206283444147,2758100
2019-11-07,3.821666955947876,3.8614759471922824,3.8083969758260015,3.854840957131345,2636200
2019-11-08,3.8283023834228516,3.841572049783767,3.815032717061936,3.841572049783767,3053900
2019-11-11,3.775224208831787,3.8614772095792067,3.7752242088317867,3.8283028811767092,3498300
2019-11-12,3.8283023834228516,3.83493737479021,3.8017630507010205,3.8083977256945776,3800800
2019-11-13,3.841571807861328,3.848206798810849,3.8150324768108073,3.8349371332855884,3326700
2019-11-14,3.841571807861328,3.848206798810849,3.8150324768108073,3.848206798810849,2980300
2019-11-15,3.834937810897827,3.8482074787677645,3.8283028187759403,3.8482074787677645,2685600
2019-11-18,3.841571807861328,3.848206798810849,3.8283021423360677,3.848206798810849,2033600
2019-11-19,3.848207712173462,3.854842388323925,3.8216683748238953,3.841572719649142,4613400
2019-11-20,3.848207712173462,3.848207712173462,3.8283030509743585,3.848207712173462,1426600
2019-11-21,3.78185772895813,3.8482063654870853,3.76195339109844,3.8283017112536495,3801000
2019-11-22,3.78185772895813,3.8017623831915657,3.768588064927088,3.8017623831915657,4640100
2019-11-25,3.834937810897827,3.841572486645877,3.801763483036066,3.8283028187759403,1595900
2019-11-26,3.848207712173462,3.848207712173462,3.8216683748238953,3.8283030509743585,8817800
2019-11-27,3.8283023834228516,3.8548417161446826,3.8083977256945776,3.8283023834228516,2083200
2019-11-28,3.795128107070923,3.815032765049569,3.7818584405430937,3.815032765049569,2970100
2019-11-29,3.7553186416625977,3.8083973011898227,3.748683967408578,3.8083973011898227,2292000
2019-12-02,3.7486846446990967,3.775223979257681,3.7221453101405113,3.7685889874311234,3486200
2019-12-03,3.715510129928589,3.78185846296103,3.6956057882057602,3.78185846296103,4289700
2019-12-04,3.7486846446990967,3.7486846446990962,3.6956059755819264,3.6956059755819264,1989900
2019-12-05,3.7553186416625977,3.768588306544404,3.708874972763159,3.761953632290384,6084400
2019-12-06,3.742049217224121,3.7619538740126766,3.722144876809353,3.722144876809353,1343300
2019-12-09,3.7287800312042236,3.7486846905535507,3.7022406963210055,3.7486846905535507,2844600
2019-12-10,3.7221450805664062,3.7486844134881006,3.702240422688233,3.742049422070775,3619800
2019-12-11,3.7619545459747314,3.761954545974731,3.7088758735560288,3.7088758735560288,4489900
2019-12-12,3.7287800312042236,3.76858903352905,3.7022406963210055,3.7553193660874413,5129200
2019-12-13,3.7088754177093506,3.8017630830255373,3.7022404262855777,3.7420494257068007,7292500
2019-12-16,3.7619545459747314,3.781858889944823,3.715510549421445,3.7685892218401476,1848800
2019-12-17,3.7486846446990967,3.775223979257681,3.7354149774198038,3.7486846446990962,4068200
2019-12-18,3.854841709136963,3.854841709136963,3.7221450457690373,3.7752237111162077,4618500
2019-12-19,3.815032482147217,3.874746135281305,3.795127825644593,3.815032482147217,2889400
2019-12-20,3.815032482147217,3.8614764697374833,3.795127825644593,3.8614764697374833,7423500
2019-12-23,3.8283023834228516,3.8482070411511256,3.815032717061936,3.815032717061936,2573500
2019-12-24,3.8283023834228516,3.83493737479021,3.8017630507010205,3.83493737479021,3880100
2019-12-26,3.8283023834228516,3.8283023834228516,3.8083977256945776,3.8216677084292945,647900
2019-12-27,3.874746084213257,3.874746084213257,3.8083974409948227,3.8083974409948227,1555600
2019-12-30,3.848207712173462,3.8880167181978122,3.8349380434986786,3.8747470495230285,2007100
2019-12-31,3.834937810897827,3.8614771466377014,3.808398158784116,3.8283028187759403,1871600
2020-01-02,3.8083975315093994,3.8349371792518103,3.7951278658250867,3.8349371792518103,1051600
2020-01-03,3.815032482147217,3.8614764697374833,3.788493151059573,3.788493151059573,3591300
2020-01-06,3.8083975315093994,3.841571853907074,3.77522352548551,3.8150325225384485,1641100
2020-01-07,3.9344589710235596,3.967633288845553,3.7752230047749715,3.7752230047749715,3061000
2020-01-08,3.874746084213257,3.927824745688982,3.8548414279729712,3.927824745688982,2067800
2020-01-09,3.841571807861328,3.9012854609118897,3.8017628112855473,3.8747461298613692,3816400
2020-01-10,3.8813815116882324,3.8880165038467576,3.8349378320739156,3.874746835903547,1958700
2020-01-13,3.8813815116882324,3.8880165038467576,3.848207500017126,3.874746835903547,2225400
2020-01-14,3.861476182937622,3.894650186146383,3.83493685382111,3.854841192471615,4056500
2020-01-15,3.854841709136963,3.888016033165845,3.8283023764633777,3.8747463668290525,4676600
2020-01-16,3.854841709136963,3.8681113754737555,3.8283023764633777,3.8283023764633777,6104000
2020-01-17,3.874746084213257,3.888015749582188,3.8482067534753948,3.8482067534753948,5361200
2020-01-20,3.8813815116882324,3.894651179631443,3.841572507858601,3.8548421758018114,2187200
2020-01-21,3.874746084213257,3.9012854149511194,3.84157176260404,3.8548414279729712,2923900
2020-01-22,3.874746084213257,3.9477290855554896,3.8482067534753948,3.8548414279729712,5984600
2020-01-23,3.854841709136963,3.9079203744841333,3.8283023764633777,3.9079203744841333,2783300
2020-01-24,3.8813815116882324,3.9012861717899683,3.8548421758018114,3.8548421758018114,1335500
2020-01-28,3.8083975315093994,3.848206844936123,3.7619538598011975,3.8150325225384485,2193900
2020-01-29,3.815032482147217,3.8548414787786816,3.788493151059573,3.795127825644593,6405200
2020-01-30,3.801762580871582,3.821667236139999,3.775223251429534,3.801762580871582,6004900
2020-01-31,3.775224208831787,3.868111885435401,3.761954540745556,3.8150332130904787,8505200
2020-02-03,3.775224208831787,3.8283028811767092,3.7553195485155197,3.7752242088317867,5120300
2020-02-04,3.7884931564331055,3.8017628219957484,3.761953825307819,3.7951278310275356,4281300
2020-02-05,3.78185772895813,3.8017623831915657,3.76195339109844,3.795127392989172,3725200
2020-02-06,3.821666955947876,3.854840957131345,3.7818576483297304,3.8083969758260015,8834800
2020-02-07,3.815032482147217,3.8283021476910384,3.7818581601007715,3.795127825644593,2842900
2020-02-10,3.78185772895813,3.841571375284691,3.76195339109844,3.841571375284691,3866500
2020-02-11,3.795128107070923,3.8083977735987515,3.775223765466082,3.80176309852174,5660400
2020-02-12,3.7221450805664062,3.83493740367051,3.6823360811838644,3.8017630793314896,7441200
2020-02-13,3.742049217224121,3.7619538740126766,3.72877955148968,3.7420492172241215,5562800
2020-02-14,3.7884931564331055,3.788493156433105,3.715509837651677,3.7420491687769633,2006100
2020-02-17,3.7619545459747314,3.7884938821840826,3.742049885630796,3.7884938821840826,7364800
2020-02-18,3.78185772895813,3.78185772895813,3.768588064927088,3.78185772895813,7988600
2020-02-19,3.815032482147217,3.815032482147217,3.76195381997193,3.76195381997193,8326600
2020-02-20,3.7619545459747314,3.7951285580494987,3.761954545974731,3.775224214079407,5407700
2020-02-21,3.7884931564331055,3.8083974965901786,3.7354144941825327,3.748684159745176,1625500
2020-02-24,3.6491615772247314,3.7553189036862027,3.569543582378629,3.728779572070835,11068400
2020-02-25,3.6889708042144775,3.722145128985038,3.59608313778024,3.602717812910067,5698800
2020-02-26,3.702240228652954,3.7354145512533004,3.6690662224263955,3.6690662224263955,3747900
2020-02-27,3.7221450805664062,3.728779755609928,3.6757010897665388,3.688970756227386,5268800
2020-02-28,3.682335376739502,3.708874704584125,3.655796048894879,3.688970050513786,14660900
2020-03-02,3.642526626586914,3.722144938691025,3.6159872946768075,3.655796608915759,5217100
2020-03-03,3.742049217224121,3.775223539747118,3.655796548137146,3.688970554286356,3848400
2020-03-04,3.7884931564331055,3.8283021531210344,3.6956054974946033,3.6956054974946033,4656600
2020-03-05,3.7884931564331055,3.8283021531210344,3.7553188343396062,3.8283021531210344,2906100
2020-03-06,3.78185772895813,3.795127392989172,3.755318400896046,3.7884927191605238,7706100
2020-03-09,3.629256248474121,3.755318208497273,3.5960822482830155,3.742048545146085,6684900
2020-03-10,3.6757004261016846,3.7022397542315795,3.5828127776470517,3.5828127776470517,7397900
2020-03-11,3.702240228652954,3.715509894418335,3.675700897122192,3.6823358881917763,5245800
2020-03-12,3.6491615772247314,3.6823358999308358,3.543004250763261,3.602717588710944,7148400
2020-03-13,3.6491615772247314,3.649161577224732,3.649161577224732,3.649161577224732,0
2020-03-16,3.184723377227783,3.397038058127082,3.085200712369322,3.317420052789845,10095300
2020-03-17,3.11173939704895,3.144913400818339,2.998947088210748,3.0852000674839335,9725000
2020-03-18,3.0188519954681396,3.2112623090563464,2.8596156884174015,3.1250093225861044,9040200
2020-03-19,2.8397116661071777,2.9724083398802033,2.806537339477009,2.9193296703709932,8554200
2020-03-20,3.2975146770477295,3.310784341721762,2.852980752280771,2.8596154264309064,9716900
2020-03-23,3.1316442489624023,3.244436576274664,3.1051049150505543,3.1183745820064783,5165600
2020-03-24,3.3174195289611816,3.3373241853394124,3.224531870734927,3.2444362107393774,7776600
2020-03-25,3.251070976257324,3.363863283041827,3.217896656718203,3.3505936185009304,4085900
2020-03-26,3.2842462062835693,3.324055531151164,3.1648191808024153,3.2643418602236487,5314100
2020-03-27,3.2975146770477295,3.343958661593723,3.2643406735495297,3.290880002897594,5026300
2020-03-30,3.1780881881713867,3.2709758553043358,3.1780881881713867,3.2709758553043358,3475000
2020-03-31,3.11173939704895,3.237801370669661,3.098469732266442,3.197992376322136,6991300
2020-04-01,3.0188519954681396,3.1183743314543366,3.0188519954681396,3.111739656696359,5316200
2020-04-02,3.0586607456207275,3.0719304104366496,2.992312421541119,2.992312421541119,4700600
2020-04-03,3.025486707687378,3.0520260397954764,3.0122170416333285,3.0520260397954764,2499200
2020-04-06,3.0918350219726562,3.1051046879581006,3.0055823512541644,3.0254866920454346,4411500
2020-04-07,3.0520265102386475,3.131644518835362,3.0520265102386475,3.1183748507359095,6848400
2020-04-08,3.0918350219726562,3.1051046879581006,3.0188520172396087,3.0453913492104974,5409300
2020-04-09,3.1183743476867676,3.1250093388530735,3.0852003409766144,3.091835015769128,2589400
2020-04-10,3.11173939704895,3.11173939704895,3.0852000674839335,3.091834741688306,1053200
2020-04-13,3.1183743476867676,3.1250093388530735,3.0852003409766144,3.098470006935434,1953300
2020-04-14,3.125009298324585,3.15818362097829,3.1117396325378603,3.118374307244329,2162300
2020-04-15,3.1382784843444824,3.1515481481025964,3.085199829312027,3.118373830520442,7307600
2020-04-16,3.1780881881713867,3.1979928464582095,3.125009521238273,3.138279187971551,3822100
2020-04-17,3.184723377227783,3.211262712340196,3.178088385262765,3.1913580528189716,2819500
2020-04-20,3.1183743476867676,3.2444363324824512,3.1183743476867676,3.2112623257722976,5056900
2020-04-21,3.11173939704895,3.1316437360358305,3.0785650769057975,3.118374071253322,2122300
2020-04-22,3.1581838130950928,3.1780881547990947,3.085200488641535,3.1051048303455375,5368900
2020-04-23,3.125009298324585,3.1780879614714825,3.125009298324585,3.15818362097829,2170000
2020-04-24,3.1183743476867676,3.1648183367295326,3.1183743476867676,3.1250093388530735,2887200
2020-04-27,3.11173939704895,3.144913400818339,3.105104406470814,3.118374071253322,686400
2020-04-28,3.0719308853149414,3.125009552783861,3.0719308853149414,3.1051048942961095,3902600
2020-04-29,3.0719308853149414,3.098470219049401,3.0586612184477118,3.0785655605616498,3016200
2020-04-30,3.1515491008758545,3.1979930962570267,3.1051051054946823,3.1117400975664933,6784100
2020-05-04,3.065295457839966,3.1051044527812133,2.9923124586345637,3.085200113497474,7209300
2020-05-05,3.0984699726104736,3.1183743131413064,3.0852003067986558,3.0918349815176707,1348800
2020-05-06,3.065295457839966,3.1117394434583057,3.0520257928595504,3.0918347878007975,2344900
2020-05-08,3.0918350219726562,3.1250093451231633,3.0652956900017676,3.0652956900017676,4371800
2020-05-12,3.0520265102386475,3.0852008386742003,3.038756842139195,3.0520265102386475,4582600
2020-05-13,3.0719308853149414,3.111739885916631,3.05202622682719,3.05202622682719,3256300
2020-05-14,3.11173939704895,3.118374071253322,3.071930402701425,3.098469732266442,3891900
2020-05-15,3.1183743476867676,3.1316440136455874,3.091835015769128,3.1183743476867676,3309900
2020-05-18,3.1515491008758545,3.1515491008758545,3.118374773264469,3.118374773264469,1839400
2020-05-19,3.1515491008758545,3.1913581041852157,3.1449141088040435,3.1515491008758545,3818500
2020-05-20,3.1515491008758545,3.1648187686456417,3.1382794331060673,3.1515491008758545,3423300
2020-05-21,3.197993040084839,3.204627715666278,3.144914053564179,3.158184037474716,2043300
2020-05-22,3.144913911819458,3.19799289594779,3.1250095695984217,3.19799289594779,3851200
2020-05-27,3.1183743476867676,3.1847229938546584,3.1051046817279477,3.1847229938546584,4053600
2020-05-28,3.144913911819458,3.15154890347568,3.1183745779421996,3.1316442448808286,3441400
2020-05-29,3.164818286895752,3.2444362813949916,3.131643964334175,3.131643964334175,9681900
2020-06-02,3.164818286895752,3.164818286895752,3.164818286895752,3.164818286895752,0
2020-06-03,3.549638509750366,3.669065804406113,3.2975145725590687,3.3107842368126237,10166100
2020-06-04,3.6491615772247314,3.649161577224732,3.569543582378629,3.569543582378629,12205600
2020-06-05,3.5894477367401123,3.649161387964595,3.5695433972478,3.649161387964595,4510300
2020-06-09,3.5695436000823975,3.635891929449883,3.5695436000823975,3.615987272452742,12219900
2020-06-10,3.566108226776123,3.6142061430160446,3.497397151890699,3.572979170444541,6533900
2020-06-11,3.504267930984497,3.559236788311276,3.4149433740083643,3.5523658449655455,6770100
2020-06-12,3.4355573654174805,3.4561708537717095,3.3118774182129527,3.3943307163493044,7211600
2020-06-15,3.3256189823150635,3.4355566916014397,3.291263284342962,3.4355566916014397,3597400
2020-06-16,3.3393611907958984,3.39433004535382,3.3393611907958984,3.353103404435379,2837500
2020-06-17,3.3531033992767334,3.408072253750087,3.339361185658395,3.3531033992767334,2760300
2020-06-18,3.3393611907958984,3.3805878317143394,3.325618977156418,3.366845618074859,3693900
2020-06-19,3.298135280609131,3.3599750918678524,3.298135280609131,3.3531041473459013,5358100
2020-06-22,3.298135280609131,3.325619713977516,3.277521791762697,3.298135280609131,1914600
2020-06-23,3.2500369548797607,3.2843926561448895,3.2362947399017594,3.2775213848357643,4687400
2020-06-24,3.298135280609131,3.305006225131082,3.236295141710119,3.2500373583943114,4224200
2020-06-25,3.3050053119659424,3.32561879511692,3.2500364604169354,3.284392156455165,2544400
2020-06-26,3.3050053119659424,3.3050053119659424,3.270649943567913,3.284392156455165,3865100
2020-06-29,3.3187475204467773,3.3187475204467773,3.243165185847146,3.298134364963368,5818800
2020-06-30,3.2912631034851074,3.3187475292964077,3.263778677673807,3.3187475292964077,4024100
2020-07-01,3.3050053119659424,3.3187475248531944,3.277520886191439,3.284392156455165,3166200
2020-07-02,3.3462321758270264,3.353103446553184,3.2775211067665557,3.2912633205786497,4252500
2020-07-03,3.3805878162384033,3.3943300298149737,3.34623211847687,3.3668456026618334,3964900
2020-07-06,3.414943218231201,3.4286854319360267,3.3599743634118995,3.380587847789247,1737100
2020-07-07,3.4218149185180664,3.44242840548347,3.366846056797336,3.4012014315526624,6506500
2020-07-08,3.476783514022827,3.497396999409865,3.4012011711240038,3.4149433855019504,6139000
2020-07-09,3.504267930984497,3.586721216974665,3.4767835023211076,3.504267930984497,7417400
2020-07-10,3.4973974227905273,3.5592372311572444,3.4973974227905273,3.538624070915097,4570800
2020-07-13,3.469912528991699,3.5111391716305422,3.4492990438521622,3.4905256864910053,4021800
2020-07-14,3.44242787361145,3.4630410297517598,3.435556603137874,3.44242787361145,1783500
2020-07-15,3.476783514022827,3.5042679427787204,3.4355568708889876,3.4355568708889876,3191400
2020-07-16,3.44242787361145,3.476783243058703,3.4080721765239876,3.476783243058703,1150800
2020-07-17,3.4836549758911133,3.4836549758911133,3.387459142334966,3.387459142334966,2657400
2020-07-20,3.4355573654174805,3.490526230841715,3.421815149061422,3.4836552864838266,2921400
2020-07-21,3.4218149185180664,3.4699128363438354,3.4080727030878837,3.4149436469828447,4695700
2020-07-22,3.4286859035491943,3.456170662379572,3.408072743976741,3.4218149595717975,2006700
2020-07-23,3.4355573654174805,3.442428637415651,3.408072932705363,3.42868609341931,1974700
2020-07-24,3.414943218231201,3.4286854319360267,3.380587847789247,3.421814488903723,3038100
2020-07-27,3.4080727100372314,3.442428412502872,3.3737170075715905,3.3737170075715905,2321300
2020-07-28,3.44242787361145,3.449298816444817,3.4080721765239876,3.4149431193573543,3054600
2020-07-29,3.4355573654174805,3.4630417981295976,3.3737172279950753,3.4355573654174805,3227100
2020-07-30,3.4492990970611572,3.4492990970611577,3.4012011827537654,3.4080724537863514,3337900
2020-08-03,3.3805878162384033,3.4836545818827873,3.3805878162384033,3.469912368306217,1986100
2020-08-04,3.3805878162384033,3.421814456968114,3.3668456026618334,3.4012009727831507,1306400
2020-08-05,3.3256189823150635,3.3805878369582514,3.3118767686542663,3.3805878369582514,2904000
2020-08-06,3.401200771331787,3.401200771331787,3.3256187649574427,3.3256187649574427,1006300
2020-08-07,3.3737165927886963,3.4012010203260212,3.3256190084184887,3.3805878634931377,1736400
2020-08-10,3.3805878162384033,3.3805878162384033,3.353103389085263,3.3805878162384033,246400
2020-08-11,3.3393611907958984,3.3737165610744904,3.325618977156418,3.3737165610744904,2425200
2020-08-12,3.3805878162384033,3.4080722433915436,3.3324899049003003,3.3324899049003003,755000
2020-08-13,3.4355573654174805,3.4630417981295976,3.3668462836371873,3.380588499993246,2346900
2020-08-14,3.3943305015563965,3.4630415789886593,3.3874592299930395,3.4424284195791115,3305800
2020-08-17,3.4080727100372314,3.4492993564118435,3.394330494579027,3.4355571409536396,2366900
2020-08-18,3.3462321758270264,3.449298943237843,3.3393612327410898,3.414943244887497,2639400
2020-08-19,3.3531033992767334,3.387458769502471,3.3324899150291176,3.346232128647456,1771500
2020-08-21,3.298135280609131,3.3393619306617084,3.298135280609131,3.3324906584994674,3002600
2020-08-24,3.2843925952911377,3.311877024737905,3.2637791093859407,3.2981348100145214,3783100
2020-08-25,3.2843925952911377,3.3187479682794754,3.2637791093859407,3.2843925952911377,1743600
2020-08-26,3.215681552886963,3.284392961811953,3.208810608578632,3.277521689863342,4790400
2020-08-27,3.215681552886963,3.2431659854008474,3.201939336630021,3.2156815528869633,3933000
2020-08-28,3.146969795227051,3.2500365588222158,3.146969795227051,3.222552132215533,4492200
2020-09-01,3.2088098526000977,3.2225520656194475,3.1607119432122723,3.1813254265613984,3189800
2020-09-02,3.2500369548797607,3.2500369548797607,3.215681253614632,3.2225525249237577,3511900
2020-09-03,3.2294232845306396,3.2637789838376547,3.2088101270586153,3.2569077129201593,2460600
2020-09-04,3.215681552886963,3.229423769143905,3.19506839232169,3.229423769143905,1638200
2020-09-07,3.2225520610809326,3.2362942740809286,3.208809848080937,3.2156807907608336,749200
2020-09-08,3.2294232845306396,3.2294232845306396,3.1950679128638555,3.222552341253375,2102900
2020-09-09,3.201939105987549,3.2225525927082685,3.195068162174146,3.2225525927082685,1985600
2020-09-10,3.2294232845306396,3.2294232845306396,3.1950679128638555,3.222552341253375,1810700
2020-09-11,3.1813254356384277,3.2294230175232834,3.167583222579868,3.2294230175232834,2210100
2020-09-14,3.1813254356384277,3.208809861755546,3.146969739171927,3.208809861755546,2016000
2020-09-15,3.195067882537842,3.2019388257498904,3.1469699694925883,3.188196611685565,2552500
2020-09-17,3.215681552886963,3.229423769143905,3.174454904116137,3.19506839232169,3035600
2020-09-18,3.2431652545928955,3.250036524993149,3.1607119756310893,3.2156808282722933,3212100
2020-09-21,3.2569077014923096,3.263778972385695,3.2088101157995306,3.2431654873457685,3049200
2020-09-22,3.2637791633605957,3.2775213783112407,3.215681247213213,3.229423462163858,2134400
2020-09-23,3.188197135925293,3.25690821754518,3.1881971359252925,3.2362950568793543,2623300
2020-09-24,3.153841972351074,3.2019395689195442,3.153841972351074,3.19506862411275,1766100
2020-09-25,3.160712718963623,3.160712718963623,3.1400995581954967,3.146970502571444,1302800
2020-09-28,3.112614631652832,3.1744544317877623,3.112614631652832,3.16071221757553,1812100
2020-09-29,3.112614631652832,3.16071221757553,3.112614631652832,3.1263568458650646,3352600
2020-09-30,3.140099287033081,3.181325932649501,3.092001369993797,3.126357071827608,2718600
2020-10-01,3.092001438140869,3.140099356240221,3.092001438140869,3.119485869157567,2234800
2020-10-02,3.092001438140869,3.119485869157567,3.0713879510582145,3.119485869157567,1617200
2020-10-05,3.092001438140869,3.105743653649218,3.0713879510582145,3.092001438140869,1921300
2020-10-06,3.133227825164795,3.140099096170006,3.0920011820542337,3.0920011820542337,1179600
2020-10-07,3.085129737854004,3.160712076467061,3.085129737854004,3.0988722790929386,2657100
2020-10-08,3.133227825164795,3.133227825164795,3.0851299110490227,3.0920011820542337,2007100
2020-10-09,3.105743169784546,3.1332275965192595,3.0988722269209728,3.1332275965192595,3023700
2020-10-12,3.085129737854004,3.126356706290374,3.0645165812760355,3.105743222072189,2425800
2020-10-13,3.04390287399292,3.0851295117678808,3.0232897189255357,3.071387299176227,3807400
2020-10-14,2.9820632934570312,3.0507743613071483,2.954578866316984,3.043903090702029,3782800
2020-10-15,2.9820632934570312,2.9958055070270544,2.961449809281888,2.988934236421935,3846900
2020-10-16,2.9545791149139404,3.0095479738190893,2.9545791149139404,3.0095479738190893,3089900
2020-10-19,2.9683215618133545,2.9889347216949624,2.9545793460121925,2.9683215618133545,2192700
2020-10-20,2.9545791149139404,2.9683213296402275,2.9477078437306754,2.9683213296402275,1970000
2020-10-21,2.9889345169067383,3.009548003016273,2.954579143577843,2.954579143577843,4010300
2020-10-22,2.9339654445648193,2.988934300014429,2.9339654445648193,2.988934300014429,4644900
2020-10-23,2.9545791149139404,2.982063544366515,2.927094685461366,2.9408369001876533,2410000
2020-10-26,2.9889345169067383,2.9889345169067383,2.9339656574683084,2.954579143577843,737000
2020-10-27,2.9683215618133545,2.982063777614516,2.9477080742914774,2.9545793460121925,3052600
2020-10-28,2.9614500999450684,2.9751923148638757,2.947707885026261,2.9751923148638757,1790700
2020-10-30,2.9064815044403076,2.954579424847883,2.88586801636841,2.954579424847883,3698500
2020-11-02,2.9751923084259033,2.9751923084259033,2.865254589313338,2.90648123398055,4055300
2020-11-03,2.913351535797119,2.9545784990223276,2.9064805936863674,2.9545784990223276,2323800
2020-11-04,2.9202237129211426,2.9545794170704434,2.9133524410351717,2.9202237129211426,1048600
2020-11-05,2.9614500999450684,2.968321371224596,2.9339656701074537,2.947707885026261,1951700
2020-11-06,2.9889345169067383,2.9958057881566655,2.940836928718235,2.975192302047131,1788400
2020-11-09,3.0095479488372803,3.0301611069354824,2.975192248486622,3.0095479488372803,1303600
2020-11-10,3.3324902057647705,3.3805881214452587,3.0232902085565865,3.064516853008328,20068600
2020-11-11,3.3874590396881104,3.3874590396881104,3.277521321972709,3.339361452007744,7245000
2020-11-12,3.4218149185180664,3.4355571339482487,3.3874592161224797,3.3874592161224797,7959900
2020-11-13,3.3943305015563965,3.456170635065564,3.2912637215878715,3.4012014454794923,7985500
2020-11-16,3.559236764907837,3.6210768928139556,3.401201137312379,3.401201137312379,8671300
2020-11-17,3.6348187923431396,3.682916701843481,3.5798499401371506,3.6004630958942947,13340300
2020-11-18,3.559236764907837,3.655432592237407,3.497396964641949,3.6416903779960728,6177500
2020-11-19,3.469912528991699,3.5661080284823328,3.469912528991699,3.5661080284823328,4771800
2020-11-20,3.44242787361145,3.469912300225336,3.4218143898309306,3.456170086918393,6778000
2020-11-23,3.4286859035491943,3.4492993907619116,3.4149436879541373,3.4492993907619116,2388900
2020-11-24,3.4218149185180664,3.4699128363438354,3.4218149185180664,3.4286858624130274,3213600
2020-11-25,3.469912528991699,3.5386236000564373,3.4355568296392147,3.4355568296392147,5237800
2020-11-26,3.4836549758911133,3.5386238364144815,3.4492992742438817,3.5386238364144815,1402200
2020-11-27,3.538623332977295,3.552365546153043,3.4767832098663254,3.5042676362178216,5556100
2020-11-30,3.538623332977295,3.5935921856802873,3.5042676362178216,3.538623332977295,13703600
2020-12-01,3.641690492630005,3.648561436146841,3.538623718755525,3.538623718755525,8741300
2020-12-02,3.669174909591675,3.7035302823403655,3.6485614238302677,3.662303638457792,7429700
2020-12-03,3.8821792602539062,3.8821792602539062,3.6691747773822354,3.6691747773822354,9278400
2020-12-04,3.820338726043701,3.8753075767199827,3.7584986052127873,3.854694421536474,8401800
2020-12-07,3.8409523963928223,3.8615655525827193,3.7928544858827125,3.820338912562715,2479900
2020-12-08,3.8478236198425293,3.8478236198425293,3.792854762473959,3.8340814055003865,2573600
2020-12-09,3.985246181488037,4.053957254760539,3.7859839051776594,3.8478237073027906,7889000
2020-12-10,4.019600868225098,4.040214350508591,3.9027918997790727,3.971503288963924,4893700
2020-12-11,4.019600868225098,4.108925412053257,3.992116443607231,4.019600868225098,7063700
2020-12-14,4.019600868225098,4.102054142078697,3.950889806680432,3.9852455012728574,3682400
2020-12-15,3.909663677215576,3.9440190486270343,3.8134681785671734,3.9234058913082053,10551700
2020-12-16,3.916534900665283,3.916534900665283,3.792854964982467,3.882179526795738,12017800
2020-12-17,3.8134682178497314,3.9234059317232326,3.813468217849732,3.916534660786023,6275300
2020-12-18,3.7035300731658936,3.8546947531711595,3.7035300731658936,3.827210325468424,8555000
2020-12-21,3.7378857135772705,3.7584988702141557,3.682916859025287,3.703530015662172,5909300
2020-12-22,3.7104012966156006,3.779112364996586,3.6760455986049987,3.779112364996586,4656500
2020-12-23,3.7516286373138428,3.7722417978523333,3.689788500417811,3.7104019885965815,3997400
2020-12-24,3.7791130542755127,3.820339702823503,3.7447573499987152,3.7584995661813787,3647100
2020-12-28,3.8065969944000244,3.8409526942341987,3.77911256558878,3.8065969944000244,3200700
2020-12-29,3.7997264862060547,3.8203396463552286,3.7859842702265145,3.7928552143961483,2663400
2020-12-30,3.7791130542755127,3.799726542369647,3.7653708380928492,3.799726542369647,2044500
2020-12-31,3.7447566986083984,3.813468095209832,3.7378857555323877,3.7791123969091154,1716900
2021-01-04,3.7791130542755127,3.8065974866408396,3.7310151338160518,3.7516286219101858,1409600
2021-01-05,3.7653706073760986,3.7859840942071763,3.7172726898637567,3.779112822716731,3845900
2021-01-06,3.7653706073760986,3.792855038057364,3.7104017460135696,3.792855038057364,5125600
2021-01-07,3.7241439819335938,3.7447571412383205,3.662303848738895,3.7310149258217495,6998800
2021-01-08,3.7172722816467285,3.77911240770865,3.676045640152188,3.7241435523825963,4572100
2021-01-11,3.7172722816467285,3.744756709309755,3.6829169108880557,3.710401338551083,5972600
2021-01-12,3.6623032093048096,3.710401118685096,3.545494234838544,3.6966589056679,4314600
2021-01-13,3.7584991455078125,3.7791126312947627,3.655432699493785,3.655432699493785,8304900
2021-01-14,3.7516286373138428,3.806597502270191,3.7378864210747555,3.7584995816132465,9239800
2021-01-15,3.7241439819335938,3.765370628183307,3.6966595511004523,3.7584993566548914,4717900
2021-01-18,3.689788341522217,3.7241440444605938,3.682917397518701,3.7104018288132963,2680000
2021-01-19,3.668783664703369,3.7668048469687605,3.668783664703369,3.6897882991480495,4529300
2021-01-20,3.7037911415100098,3.7247957751835203,3.654780552176703,3.668783530006601,6089900
2021-01-21,3.745800256729126,3.766804891421687,3.7037913212013462,3.7107929773846475,5676000
2021-01-22,3.7387988567352295,3.7458001789157462,3.6967899220801224,3.717794222479008,3403500
2021-01-25,3.6617820262908936,3.7387985674617674,3.6617820262908936,3.7387985674617674,3566500
2021-01-26,3.6967899799346924,3.7107929583722075,3.6547807107648067,3.6757853453497495,4322900
2021-01-27,3.605769634246826,3.7247950908622047,3.605769634246826,3.6757845105331475,5119900
2021-01-29,3.570763349533081,3.6407782517087517,3.5637620262442082,3.5707633495330815,6995600
2021-02-02,3.570763349533081,3.654781232143886,3.5637620262442082,3.605770967549611,5079000
2021-02-03,3.6337764263153076,3.6757853618160388,3.5987688131360276,3.5987688131360276,5926800
2021-02-04,3.7037911415100098,3.7037911415100098,3.6267745965169063,3.633776252360519,4399100
2021-02-05,3.640777826309204,3.6967900753624874,3.6267748475102204,3.6967900753624874,3648900
2021-02-08,3.7107927799224854,3.7177941018758833,3.6337762352911605,3.6337762352911605,3846900
2021-02-09,3.7387988567352295,3.7668048131719676,3.68978826604227,3.7107929002984914,2952800
2021-02-10,3.7808077335357666,3.79481071153986,3.7387987995234875,3.773806077605055,4118500
2021-02-11,3.7247958183288574,3.780807730297252,3.717794162404143,3.780807730297252,2668700
2021-02-15,3.836819648742676,3.836819648742676,3.7387988026325143,3.766804758663989,1830900
2021-02-16,3.8508224487304688,3.857824104343308,3.794810539257014,3.836819471362105,5597800
2021-02-17,3.843820333480835,3.8578236430320243,3.7668041340929443,3.843820333480835,6186900
2021-02-18,3.787809133529663,3.8438210466982787,3.787809133529663,3.8438210466982787,7053300
2021-02-19,3.7948107719421387,3.8158150723539404,3.7528018372612,3.8158150723539404,4494300
2021-02-22,3.7668044567108154,3.8158147089084893,3.7668044567108154,3.8158147089084893,3125400
2021-02-23,3.7528016567230225,3.8088135669363434,3.7317970234643676,3.773805956124358,4384700
2021-02-24,3.7107927799224854,3.808813624271328,3.7107927799224854,3.773806012932365,5460000
2021-02-25,3.77380633354187,3.794810968901194,3.7317973966805753,3.752802032039899,9514200
2021-02-26,3.7948107719421387,3.850822684850057,3.7317972029920634,3.7317972029920634,9655700
2021-03-01,3.6967899799346924,3.7878091728498693,3.640777732327292,3.766804872122267,5476800
2021-03-02,3.7107927799224854,3.7878089906964854,3.7107927799224854,3.745800057404124,6626700
2021-03-03,3.7247958183288574,3.752801774313055,3.6967898623446604,3.710792840336759,8767100
2021-03-04,3.7247958183288574,3.780807730297252,3.682786884352562,3.717794162404143,9962400
2021-03-05,3.8508224487304688,3.857824104343308,3.745799951539084,3.7808075618886505,9050100
2021-03-08,3.8858304023742676,3.9418423167961025,3.864825767537407,3.878828746142866,7556500
2021-03-09,3.8928310871124268,3.92083703973604,3.857823813261555,3.92083703973604,6593800
2021-03-10,3.8928310871124268,3.9628459686714597,3.857823813261555,3.92083703973604,5800800
2021-03-11,3.8998332023620605,3.9418421362543707,3.8928315464513443,3.8928315464513443,4480600
2021-03-12,3.857823610305786,3.920836833465216,3.850821955589587,3.9068338578900903,2657200
2021-03-15,3.829817533493042,3.8648251412625605,3.8158145571566933,3.822816212253513,4021400
2021-03-16,3.8508224487304688,3.8858300590800354,3.8228164939937415,3.8648254260988324,2248200
2021-03-17,3.843820333480835,3.8858295944198527,3.8018114063990924,3.8018114063990924,1815000
2021-03-18,3.843820333480835,3.864824963950344,3.829817357786921,3.829817357786921,2864300
2021-03-19,3.843820333480835,3.85082198825643,3.8158143820930066,3.8158143820930066,3958800
2021-03-22,3.7808077335357666,3.850822623556232,3.7808077335357666,3.850822623556232,2395200
2021-03-23,3.7528016567230225,3.829817866337679,3.7528016567230225,3.815814888784349,2424100
2021-03-24,3.7177932262420654,3.7598021496402687,3.703790251775998,3.73879785486979,4841100
2021-03-25,3.745800256729126,3.794810848440207,3.7247959558939074,3.766804891421687,3525800
2021-03-26,3.7528016567230225,3.773805956124358,3.7177940459110372,3.773805956124358,4169500
2021-03-29,3.7528016567230225,3.759802978571028,3.724795701616362,3.7528016567230225,2603000
2021-03-30,3.7668044567108154,3.8088133873905234,3.7598028013355456,3.7738057782287813,3786300
2021-03-31,3.75980281829834,3.7808074506616105,3.717793887429104,3.7528014967487864,4871700
2021-04-01,3.75980281829834,3.7808074506616105,3.7387985197923745,3.7668044737051987,1399500
2021-04-02,3.7668044567108154,3.7668044567108154,3.7317968475490737,3.7598028013355456,243400
2021-04-05,3.77380633354187,3.77380633354187,3.7387990530861344,3.766805010993664,443200
2021-04-06,3.7528016567230225,3.773805956124358,3.7317970234643676,3.773805956124358,2507200
2021-04-07,3.7808077335357666,3.801812033613241,3.7528017775275804,3.773806077605055,2694500
2021-04-08,3.77380633354187,3.808813947854959,3.74580037563434,3.808813947854959,2213400
2021-04-09,3.7808077335357666,3.79481071153986,3.7528017775275804,3.79481071153986,754600
2021-04-12,3.745800256729126,3.808813826949467,3.731797278219866,3.808813826949467,1892300
2021-04-13,3.7107927799224854,3.7528017132148466,3.703791124111763,3.745800057404124,3276600
2021-04-14,3.6967899799346924,3.7107929583722075,3.6897883237872646,3.7107929583722075,1871900
2021-04-15,3.7037911415100098,3.7458000749997047,3.6897881636801118,3.710792797353622,2319300
2021-04-16,3.7107927799224854,3.7177941018758833,3.696789802158365,3.703791124111763,1567000
2021-04-19,3.682786703109741,3.717793979438492,3.675785047529603,3.7107926577156674,1933600
2021-04-20,3.745800256729126,3.745800256729126,3.6757853641828264,3.6757853641828264,2443000
2021-04-21,3.7177932262420654,3.745799175174201,3.68978727730993,3.7107919059376546,2258500
2021-04-22,3.7247958183288574,3.731797140396242,3.689788206419946,3.710792840336759,2337200
2021-04-23,3.682786703109741,3.7247956350186304,3.682786703109741,3.703791002135529,2631200
2021-04-26,3.6967899799346924,3.7037913022247797,3.6757853453497495,3.6827870014971773,1749000
2021-04-27,3.6967899799346924,3.7107929583722075,3.6757853453497495,3.6967899799346924,1964600
2021-04-28,3.689788341522217,3.7037913200270367,3.6757853630173964,3.6827870191984777,1731900
2021-04-30,3.6477787494659424,3.696789332340363,3.6477787494659424,3.6827863563558547,3759900
2021-05-03,3.640777826309204,3.6827870965635037,3.6197735250394034,3.6477794826373704,2950900
2021-05-04,3.6617820262908936,3.6687833479297134,3.6407773936598153,3.6407773936598153,2052400
2021-05-05,3.605769634246826,3.668782855975883,3.605769634246826,3.668782855975883,2800200
2021-05-06,3.626774787902832,3.6477794226847626,3.577764529840566,3.6337764441159233,2434200
2021-05-07,3.6337764263153076,3.6477794048155516,3.612771791636271,3.626774770136515,3140500
2021-05-10,3.61277174949646,3.6547806845071933,3.598768771159549,3.6547806845071933,1242200
2021-05-11,3.5777645111083984,3.62677476891406,3.5637615326128746,3.6057704680994456,2301600
2021-05-12,3.689788341522217,3.7247959547129383,3.5917674919884752,3.5987688143122143,3412100
2021-05-17,3.668783664703369,3.738798890280745,3.647779364116027,3.6897882991480495,3216200
2021-05-18,3.654780387878418,3.682786676136536,3.6407774106780146,3.675785020607679,3199400
2021-05-19,3.605769634246826,3.682786165090412,3.5987679796895615,3.6547798807186185,3613600
2021-05-20,3.626774787902832,3.640777766471671,3.598768830765153,3.598768830765153,2539400
2021-05-21,3.6197729110717773,3.696789448331705,3.591766958224039,3.6057699346479084,2722700
2021-05-24,3.654780387878418,3.6687833650788217,3.619773111806065,3.619773111806065,2060700
2021-05-25,3.654780387878418,3.675785020607679,3.619773111806065,3.675785020607679,2813400
2021-05-27,3.605769634246826,3.696789140347676,3.605769634246826,3.682786165090412,17860200
2021-05-28,3.75980281829834,3.75980281829834,3.6197730487342192,3.6267743702837727,6644000
2021-05-31,3.7107927799224854,3.7528017132148466,3.6897881463476425,3.6897881463476425,1879200
2021-06-01,3.7107927799224854,3.7528017132148466,3.703791124111763,3.7247957576866058,2600300
2021-06-02,3.836819648742676,3.843820970821879,3.724795824616777,3.7458001247117174,3992100
2021-06-03,3.81581449508667,3.850822102286736,3.7808072217438884,3.8438204473038087,2381300
2021-06-04,3.787809133529663,3.8158150901139707,3.766804833020101,3.7808078113122545,2259100
2021-06-08,3.829817533493042,3.836819188589862,3.7808072832444655,3.7808072832444655,3403300
2021-06-09,3.8202319145202637,3.8273325411161307,3.7705261739785687,3.8202319145202637,2591900
2021-06-10,3.806030511856079,3.8273327312948355,3.7847279538246488,3.798929546314711,2095300
2021-06-11,3.806030511856079,3.834433696836203,3.7918289193660164,3.8060305118560787,699700
2021-06-14,3.841534376144409,3.855735968828037,3.7989295980935265,3.813131190777154,3353800
2021-06-15,3.8344337940216064,3.8983407925503006,3.813131235450254,3.8983407925503006,1580300
2021-06-16,3.8202319145202637,3.8486350980890447,3.806030322735873,3.806030322735873,1075000
2021-06-17,3.8344337940216064,3.8344337940216064,3.7989296426002457,3.813131235450254,1931100
2021-06-18,3.8344337940216064,3.848635386871614,3.8060306083215907,3.8344337940216064,3378800
2021-06-21,3.8273329734802246,3.8273329734802246,3.777627565916092,3.806030752693509,1650100
2021-06-22,3.806030511856079,3.8131311388047733,3.777627326875954,3.8060305118560787,2122500
2021-06-23,3.8273329734802246,3.841534566868933,3.791829159304801,3.791829159304801,1426000
2021-06-24,3.855736017227173,3.8557360172271724,3.791829018644994,3.791829018644994,1935800
2021-06-25,3.84863543510437,3.8628370281323585,3.834433842076382,3.834433842076382,820300
2021-06-28,3.84863543510437,3.8486354351043706,3.8060306560204054,3.8202322490483938,1613600
2021-06-29,3.8131303787231445,3.8344329325082787,3.798928789063924,3.8060297531898373,1747300
2021-06-30,3.8344337940216064,3.848635386871614,3.777627422621575,3.7989296426002457,4213700
2021-07-01,3.841534376144409,3.855735968828037,3.7989295980935265,3.7989295980935265,971900
2021-07-02,3.8273329734802246,3.834433939470926,3.8202323460822174,3.834433939470926,1472800
2021-07-05,3.7989299297332764,3.820232489914732,3.7847283358098753,3.806030895991331,591500
2021-07-06,3.7989299297332764,3.813131523656678,3.7847283358098753,3.798929929733277,1059000
2021-07-07,3.77762770652771,3.834434082197002,3.7634261126103867,3.834434082197002,1999900
2021-07-08,3.727921485900879,3.7776272276062497,3.7137198937840106,3.7776272276062497,4998600
2021-07-09,3.727921485900879,3.7492240433725135,3.7137198937840106,3.7137198937840106,2334800
2021-07-12,3.7492241859436035,3.75632481297572,3.7279216276619005,3.7279216276619005,1063900
2021-07-13,3.7208211421966553,3.7563252977169608,3.7137205142482266,3.7279221087378045,1608200
2021-07-14,3.7350223064422607,3.749223898008508,3.713719749796564,3.720820376283362,1213600
2021-07-15,3.7421231269836426,3.756324719286339,3.7279215346809456,3.7279215346809456,1038800
2021-07-16,3.7350223064422607,3.7776270811410035,3.720820376283362,3.7350223064422607,754000
2021-07-19,3.727921485900879,3.7492240433725135,3.727921485900879,3.735022451255645,2653000
2021-07-21,3.6924173831939697,3.735022498678184,3.678215790896788,3.7279215332332587,3118000
2021-07-22,3.6924173831939697,3.7066189754911516,3.678215790896788,3.678215790896788,1058000
2021-07-23,3.678215980529785,3.7066191665884953,3.678215980529785,3.6924175735591405,1103700
2021-07-26,3.642712116241455,3.685316894732897,3.6427121162414546,3.685316894732897,2400400
2021-07-27,3.6214098930358887,3.671115641841581,3.621409893035889,3.642712453550532,1285100
2021-07-28,3.678215980529785,3.685316946340806,3.6214096084123657,3.6214096084123657,1729200
2021-07-29,3.671114921569824,3.6995181042881766,3.656913330210648,3.6782155479530894,2726200
2021-07-30,3.6285104751586914,3.6782158801080462,3.6285104751586914,3.6782158801080462,5656000
2021-08-02,3.6640148162841797,3.66401481628418,3.621410032210262,3.628510998852278,1162900
2021-08-03,3.7066192626953125,3.7066192626953125,3.6427122617025502,3.6427122617025502,1730300
2021-08-04,3.6995184421539307,3.7137200348100947,3.6711152568416017,3.7137200348100947,1144400
2021-08-05,3.685316562652588,3.706618780682446,3.6711149711017987,3.692417189131657,2347300
2021-08-06,3.678215980529785,3.7066191665884953,3.656913760282096,3.678215980529785,2751400
2021-08-09,3.713719606399536,3.7137196063995366,3.6924170505763905,3.6924170505763905,423600
2021-08-11,3.7421231269836426,3.749224092431325,3.706618976930566,3.720820569233263,4104800
2021-08-12,3.7421231269836426,3.7421231269836426,3.7279215346809456,3.7279215346809456,858000
2021-08-13,3.7350223064422607,3.7563245244953065,3.7279213413628116,3.749223898008508,1022300
2021-08-16,3.713719606399536,3.7350221622226822,3.6924170505763905,3.727921197417421,649100
2021-08-17,3.7421231269836426,3.749224092431325,3.699518350075552,3.699518350075552,4219200
2021-08-18,3.7634260654449463,3.7776276591842866,3.7563250992789246,3.7634260654449463,3327700
2021-08-19,3.7492241859436035,3.7705264056326295,3.7208206620371067,3.7279216276619005,2259300
2021-08-20,3.77052640914917,3.7847280018193246,3.7421232238088606,3.7421232238088606,1699400
2021-08-23,3.7918291091918945,3.8060307023929143,3.7776275159908743,3.7776275159908743,1330400
2021-08-24,3.855736017227173,3.8557360172271724,3.7989296457796,3.806030611506887,6028500
2021-08-25,3.891240358352661,3.898340985833379,3.8344339841361212,3.8557362051709743,2781100
2021-08-26,3.891240358352661,3.898340985833379,3.841534611616839,3.8486355776902563,6195900
2021-08-27,3.9125425815582275,3.933844800761398,3.869937465966547,3.869937465966547,6854500
2021-08-30,3.9693496227264404,4.0119544069365665,3.9125432437796057,3.9125432437796057,10498200
2021-09-01,3.9196431636810303,3.976449532364533,3.9196431636810303,3.9622479401936572,3951200
2021-09-02,3.841534376144409,3.919643305200701,3.8273327834607818,3.919643305200701,5194300
2021-09-03,3.898340940475464,3.898340940475464,3.8344339395217757,3.8415345669198766,3539100
2021-09-06,3.8628368377685547,3.9054416147529203,3.8486352454404322,3.9054416147529203,2794000
2021-09-07,3.884138584136963,3.884138584136963,3.8415338123389993,3.8699369935376415,1766700
2021-09-08,3.905441999435425,3.9125429655952595,3.8628372182545263,3.8699378458216582,3115500
2021-09-09,3.891240358352661,3.919643545460931,3.8699377987251093,3.919643545460931,2866100
2021-09-10,3.869936943054199,3.8912394979716023,3.86283631714348,3.8912394979716023,3332700
2021-09-13,3.884138584136963,3.891239548732938,3.8557354029383206,3.8699369935376415,2229100
2021-09-14,3.7989299297332764,3.8912404595317387,3.7492245202977257,3.8841394932736844,6917600
2021-09-15,3.8202319145202637,3.834433506304654,3.777627139167092,3.7989293575473497,5416000
2021-09-17,3.7989299297332764,3.8344340838381337,3.777627708144528,3.813131523656678,6161800
2021-09-20,3.7634260654449463,3.798929880496946,3.7563250992789246,3.7776276591842866,3593300
2021-09-21,3.806030511856079,3.8060305118560787,3.7634257343858923,3.7634257343858923,2210200
2021-09-22,3.8202319145202637,3.834433506304654,3.7705261739785687,3.806030322735873,1743600
2021-09-23,3.891240358352661,3.891240358352661,3.8344339841361212,3.8344339841361212,4318700
2021-09-24,3.869936943054199,3.8912394979716023,3.8415337622260766,3.8912394979716023,2385200
2021-09-27,3.855736017227173,3.884139202950959,3.841534424365279,3.8699376100890657,2049400
2021-09-28,3.869936943054199,3.88413853346826,3.834433136315358,3.8415337622260766,2765000
2021-09-29,3.905441999435425,3.905441999435425,3.855736252094692,3.8628372182545263,1487000
2021-09-30,3.8770384788513184,3.905441663864739,3.862836886344608,3.905441663864739,4191900
2021-10-01,3.898340940475464,3.9054419064662595,3.8486355329106723,3.8699377536976702,2023500
2021-10-04,3.926743984222412,3.926743984222412,3.8628366525144,3.905441427455524,3041900
2021-10-05,3.868354320526123,3.919445568104216,3.8318602739420378,3.919445568104216,1938300
2021-10-06,3.875652313232422,3.8902498599702233,3.8537561671422034,3.868353713880005,3415800
2021-10-07,3.868354320526123,3.9048480190771864,3.8537567714990932,3.9048480190771864,2615100
2021-10-08,3.8902499675750732,3.904847514716645,3.8683538208792045,3.882951368020776,1751900
2021-10-11,3.9486401081085205,3.9705366025710083,3.9048474672165168,3.9048474672165168,2927300
2021-10-12,4.05082368850708,4.05082368850708,3.9121468045150407,3.955939449770473,3057300
2021-10-13,4.174902439117432,4.196798934519002,4.0289269632169225,4.0289269632169225,5340700
2021-10-14,4.131109714508057,4.174902356410657,4.11651216720719,4.174902356410657,5804200
2021-10-15,4.196799278259277,4.20409822666862,4.131110134707263,4.131110134707263,5691300
2021-10-18,4.298981666564941,4.298981666564941,4.189499888197374,4.196798835837268,8508100
2021-10-20,4.218695163726807,4.298981496389638,4.2113962163758405,4.277085350402671,5138000
2021-10-21,4.196799278259277,4.262488421811292,4.18220172947361,4.2332933242399555,3762400
2021-10-22,4.160305023193359,4.225994163444022,4.1457074751413225,4.196799067339949,2921900
2021-10-25,4.160305023193359,4.218695563434503,4.1457074751413225,4.160305023193359,5201100
2021-10-26,4.160305023193359,4.189500119297432,4.1457074751413225,4.160305023193359,1926400
2021-10-27,4.138408184051514,4.196798366508977,4.101914145999129,4.196798366508977,3997500
2021-10-28,4.145707607269287,4.1603051557865625,4.123811458509879,4.1530065555444295,2105500
2021-10-29,4.072719573974609,4.116512216400542,4.050823426778135,4.0946160692040685,4616300
2021-11-01,3.8902499675750732,3.9705366508702054,3.875652420433502,3.9705366508702054,16893400
2021-11-02,3.912146806716919,3.9705370004236924,3.882951709863532,3.912146806716919,4204300
2021-11-03,3.9413411617279053,3.9705362530861685,3.8902495778344734,3.912146070369642,5868900
2021-11-05,3.9340429306030273,3.9632380272728347,3.904847833933221,3.941341878786982,6373500
2021-11-08,3.926743984222412,3.9705366253658285,3.912146437174606,3.9340425837298274,2199100
2021-11-09,3.926743984222412,3.9267439842224117,3.9048474896342165,3.9267439842224117,3434000
2021-11-10,3.9048476219177246,3.9267441172477024,3.8829514746207336,3.9267441172477024,3781200
2021-11-11,3.9048476219177246,3.9340427170023706,3.8829514746207336,3.9267441172477024,4426200
2021-11-12,3.926743984222412,3.9340425837298274,3.9048474896342165,3.9267439842224117,2283200
2021-11-15,3.912146806716919,3.9267443551436125,3.8975492582902254,3.9267443551436125,1449300
2021-11-16,3.897549629211426,3.9267447288432455,3.8683545295796056,3.9267447288432455,2303000
2021-11-17,3.8902499675750732,3.904847514716645,3.8683538208792045,3.8975489151623477,4791600
2021-11-18,3.8902499675750732,3.8975489151623477,3.875652420433502,3.8902499675750737,2867100
2021-11-19,3.897549629211426,3.9048482301028606,3.8829520793955155,3.9048482301028606,3090000
2021-11-22,3.8902499675750732,3.912146462303919,3.8683538208792045,3.8975489151623477,4266600
2021-11-23,3.8902499675750732,3.8975489151623477,3.875652420433502,3.8902499675750737,2836100
2021-11-24,3.875652313232422,3.8902498599702233,3.868353713880005,3.8902498599702233,2401700
2021-11-25,3.8902499675750732,3.8975489151623477,3.875652420433502,3.875652420433502,1755200
2021-11-26,3.839158535003662,3.8902497734329766,3.7953655477314507,3.8902497734329766,3611500
2021-11-29,3.839158535003662,3.8464571341937246,3.773469402128304,3.773469402128304,2105400
2021-11-30,3.8537561893463135,3.8829512829901294,3.8318596950969677,3.8683537361682214,10990700
2021-12-01,3.8245608806610107,3.861054923001272,3.809963333331502,3.8537563233530086,2753300
2021-12-02,3.8245608806610107,3.861054923001272,3.78806718635373,3.8245608806610107,4400800
2021-12-06,3.831859827041626,3.8683538693695008,3.8026647323925187,3.8245608793628585,4014800
2021-12-07,3.9048476219177246,3.904847621917725,3.8318598842061107,3.8464574317484335,1529600
2021-12-08,3.926743984222412,3.955939078318023,3.8902499425864105,3.912146437174606,3262600
2021-12-09,3.955939292907715,3.9632378928110423,3.9194452492920964,3.955939292907715,2646200
2021-12-10,3.9048476219177246,3.9778353596293394,3.8975490221630564,3.955939212332348,2823100
2021-12-13,3.926743984222412,3.9705366253658285,3.9267439842224117,3.9413415312702176,1332600
2021-12-14,3.912146806716919,3.9413419035703057,3.890250310060375,3.9267443551436125,1276700
2021-12-15,3.875652313232422,3.92674390083121,3.8610547664946204,3.912146354093409,2198600
2021-12-16,3.868354320526123,3.882951869553153,3.8391592224720634,3.8756529210231268,1571300
2021-12-17,3.868354320526123,3.882951869553153,3.824561325412012,3.882951869553153,7195100
2021-12-20,3.8610541820526123,3.8683531283331662,3.84645663752442,3.8683531283331662,799700
2021-12-21,3.868354320526123,3.882951869553153,3.8610553719960974,3.868354320526123,2132200
2021-12-22,3.868354320526123,3.8902504700501566,3.8537567714990932,3.8902504700501566,1603800
2021-12-23,3.868354320526123,3.882951869553153,3.8537567714990932,3.868354320526123,1559600
2021-12-24,3.8829519748687744,3.897549524291727,3.8683544254458213,3.882951974868774,491100
2021-12-27,3.9048476219177246,3.9267441172477024,3.890250074375402,3.8975490221630564,1290100
2021-12-28,3.897549629211426,3.9340433297346804,3.8902506802869503,3.9340433297346804,1822200
2021-12-29,3.919445276260376,3.9194452762603755,3.882951580426651,3.89754912836674,2143800
2021-12-30,3.897549629211426,3.9194457799187705,3.8829520793955155,3.9194457799187705,2294400
2021-12-31,3.919445276260376,3.9340428242004646,3.882951580426651,3.89754912836674,1791900
2022-01-03,3.9413411617279053,3.9559387074070367,3.912146070369642,3.9194446691927367,898300
2022-01-04,3.977834463119507,3.977834463119507,3.934041830362362,3.9632369188671253,2153400
2022-01-05,3.9705374240875244,3.992433575047422,3.948640925094583,3.977836025063142,1660200
2022-01-06,3.9486401081085205,3.9632376550725215,3.941341508643006,3.94864010810852,1617300
2022-01-07,3.963237762451172,3.999731804866418,3.941341615428409,3.9486402150916695,2221800
2022-01-10,3.9851346015930176,3.9924332018864566,3.941341955733349,3.963238104646677,5562800
2022-01-11,4.218695163726807,4.269786403051706,4.007030214977349,4.007030214977349,12381800
2022-01-12,4.182201385498047,4.218695428477182,4.145707342518912,4.21139648066816,4393800
2022-01-13,4.298981666564941,4.306280614204836,4.196798835837268,4.196798835837268,10723900
2022-01-14,4.269786357879639,4.335475491211513,4.2405912648505755,4.298981450908703,4339800
2022-01-17,4.233293056488037,4.269786752127507,4.196799012815574,4.269786752127507,5543600
2022-01-19,4.204097747802734,4.25518898871654,4.189499852646818,4.240591441593599,6434900
2022-01-20,4.218695163726807,4.240591309713773,4.153006029699976,4.189499722355909,3176600
2022-01-21,4.174902439117432,4.233292977510622,4.160304891527381,4.233292977510622,1576800
2022-01-24,4.080018520355225,4.131109762485121,4.065420972884827,4.131109762485121,2652900
2022-01-25,4.028927326202393,4.080018921387152,4.007030828828062,4.0508238235767235,5129000
2022-01-26,4.043524265289307,4.07271935869672,3.992432677809851,3.992432677809851,2776400
2022-01-27,4.043524265289307,4.087316905400426,4.036225665953936,4.043524265289307,4405500
2022-01-28,4.065421104431152,4.1019148002714925,4.043524608500552,4.0873172523287575,4726400
2022-01-31,4.058122158050537,4.101914801896087,4.050823558092777,4.101914801896087,1330200
2022-02-03,4.080018520355225,4.094616067825621,4.065420972884827,4.087317120073931,3687500
2022-02-04,4.065421104431152,4.094616200316623,4.050823556488417,4.094616200316623,1346600
2022-02-07,4.072719573974609,4.109213616679379,4.050823426778135,4.072719573974609,2791600
2022-02-08,4.065421104431152,4.1019148002714925,4.058122156443288,4.072719704386023,5422800
2022-02-09,4.123810768127441,4.204097445547871,4.087316728927351,4.101914275000797,3867000
2022-02-10,4.196799278259277,4.218695775454288,4.131110134707263,4.153006631902273,4439400
2022-02-11,4.240591049194336,4.2624875418690635,4.153005774561314,4.167603320333484,4124000
2022-02-14,4.247890949249268,4.298982196899374,4.196799353566139,4.204098302106453,6039100
2022-02-15,4.225994110107422,4.28438430157862,4.1895000664214255,4.28438430157862,5715900
2022-02-16,4.225994110107422,4.269786753710821,4.211396562239622,4.2551892058430205,5114300
2022-02-17,4.182201385498047,4.247890523647294,4.16760383791299,4.233292976062238,1890300
2022-02-18,4.138408184051514,4.167603275280245,4.131109237227861,4.167603275280245,2054500
2022-02-21,4.160305023193359,4.167603971235876,4.101914830985214,4.1384088751318036,2922800
2022-02-22,4.131109714508057,4.18220130407758,4.087317072605456,4.18220130407758,2476000
2022-02-23,4.153005599975586,4.160304198538378,4.101914017904327,4.160304198538378,2000400
2022-02-24,4.153005599975586,4.167603145134099,4.101914017904327,4.160304198538378,3063500
2022-02-25,4.182201385498047,4.182201385498047,4.131109794933855,4.131109794933855,4315800
2022-02-28,4.306280612945557,4.306280612945557,4.182201287367462,4.182201287367462,9299900
2022-03-01,4.240591049194336,4.306280179185574,4.225993503422166,4.306280179185574,7153100
2022-03-02,4.240591049194336,4.284383686510847,4.233292450324723,4.247889996096893,8054900
2022-03-03,4.306280612945557,4.328176759792879,4.24789042397539,4.24789042397539,7142700
2022-03-04,4.269786357879639,4.30628039818245,4.255188811365107,4.30628039818245,4077100
2022-03-07,4.116512298583984,4.269786724151265,4.087317203050501,4.269786724151265,5960000
2022-03-08,4.065421104431152,4.0873172523287575,4.0216284606029475,4.072719704386023,8455500
2022-03-09,4.160305023193359,4.182201519287913,4.050823586819585,4.072719734881141,3891700
2022-03-10,4.255188465118408,4.255188465118408,4.1676031931580715,4.189499337131689,5982600
2022-03-11,4.240591049194336,4.269786140738677,4.196798411877825,4.269786140738677,2552500
2022-03-14,4.233293056488037,4.269786752127507,4.204097960763264,4.269786752127507,2296200
2022-03-15,4.21139669418335,4.262488287337853,4.182201597533063,4.262488287337853,6436600
2022-03-16,4.277085781097412,4.277085781097412,4.225994188594718,4.2332931366806745,9225600
2022-03-17,4.364670753479004,4.401164795196857,4.25518897635842,4.277085470995727,12524500
2022-03-18,4.342774391174316,4.386567381783387,4.313579296123594,4.371969486225039,7894500
2022-03-21,4.342774391174316,4.379268434004213,4.313579296123594,4.35007333895349,2661800
2022-03-22,4.328177452087402,4.3427750016648305,4.306281301737777,4.3427750016648305,4050100
2022-03-23,4.393866539001465,4.452256736511168,4.3427749421639605,4.3427749421639605,6361100
2022-03-24,4.379268646240234,4.408463742705862,4.36467109800742,4.371969698107326,2473100
2022-03-25,4.371969223022461,4.4084632636553325,4.35007307706911,4.4084632636553325,1915200
2022-03-28,4.35007381439209,4.408464010875255,4.342774865815182,4.408464010875255,3386900
2022-03-29,4.328177452087402,4.35737255124226,4.313579902509974,4.35737255124226,2104800
2022-03-30,4.335475921630859,4.364671017558368,4.31357942566873,4.350073469594614,2773600
2022-03-31,4.35007381439209,4.357372414935973,4.313579767573599,4.342774865815182,5863900
2022-04-01,4.371969223022461,4.4084632636553325,4.3354755304225545,4.364670623715666,4988600
2022-04-04,4.3573713302612305,4.408462913482351,4.342773784774187,4.371968875748274,5370000
2022-04-05,4.342774391174316,4.379268434004213,4.335475791428129,4.379268434004213,5610800
2022-04-06,4.364670753479004,4.37196935300279,4.320878112237366,4.3281767117611505,4747400
2022-04-07,4.371969223022461,4.379268170362221,4.35007307706911,4.357371676375905,5314900
2022-04-08,4.386567115783691,4.401164662423863,4.357371674470383,4.371969221110555,2153600
2022-04-11,4.342774391174316,4.401164929308748,4.335475791428129,4.386567381783387,2302700
2022-04-12,4.342774391174316,4.357371938699678,4.335475791428129,4.342774391174316,3773100
2022-04-13,4.364670753479004,4.37196935300279,4.335475659317912,4.342774258841697,5660700
2022-04-14,4.335475921630859,4.371969617523746,4.328176973632485,4.364671017558368,4142400
2022-04-15,4.328177452087402,4.3427750016648305,4.320878851315205,4.3354764008926345,2453700
2022-04-18,4.291683197021484,4.328176892227996,4.2843842491603885,4.328176892227996,3597300
2022-04-20,4.291683197021484,4.32087829239989,4.269786701471185,4.298981796849591,4885100
2022-04-21,4.320878028869629,4.328176628252594,4.291682935271832,4.298981534654797,4598000
2022-04-22,4.3573713302612305,4.379267822508265,4.320877640560091,4.335475186047134,4709500
2022-04-25,4.3573713302612305,4.386566769268255,4.328176239287144,4.3573713302612305,3905400
2022-04-26,4.401164531707764,4.408463130794596,4.364670492174738,4.37196909126157,9670500
2022-04-27,4.386567115783691,4.430359755704207,4.371969221110555,4.371969221110555,4700000
2022-04-28,4.517945766448975,4.539841915935063,4.415762923436847,4.430360472438579,9915100
2022-04-29,4.561737537384033,4.561737537384033,4.48874980639248,4.52524349787178,6898200
2022-05-05,4.415762424468994,4.605530540048291,4.401164877116741,4.598231940388655,8637100
2022-05-06,4.430359840393066,4.452255986755399,4.342774210844821,4.408463345997762,5404400
2022-05-09,4.408463478088379,4.474152615209561,4.393865930731781,4.452256120158173,4928700
2022-05-10,4.415762424468994,4.437658571480884,4.401164877116741,4.408463476776376,10840000
2022-05-11,4.488750457763672,4.503348006080261,4.415762716180727,4.415762716180727,13470400
2022-05-12,4.488750457763672,4.525244154538642,4.459555361130494,4.488750457763672,6819200
2022-05-13,4.408463478088379,4.488750162566159,4.401164878426571,4.488750162566159,12223000
2022-05-17,4.454146862030029,4.484602538521219,4.408463347293244,4.476988800928573,16320200
2022-05-18,4.469374179840088,4.469374179840088,4.4236906704229115,4.454146343367696,6902200
2022-05-19,4.446533679962158,4.461761520110233,4.393236057913721,4.454147418506023,4763900
2022-05-20,4.461761474609375,4.469375213075594,4.438919533090029,4.438919533090029,6734500
2022-05-23,4.461761474609375,4.469375213075594,4.423691693097247,4.446533634616593,3799800
2022-05-24,4.461761474609375,4.469375213075594,4.43130579462381,4.461761474609375,5893200
2022-05-25,4.461761474609375,4.469375213075594,4.43130579462381,4.461761474609375,2980900
2022-05-26,4.476989269256592,4.4922171090951375,4.438919488130057,4.461761429418046,6259600
2022-05-27,4.530285835266113,4.530285835266113,4.461760747988431,4.4846023227275635,6014300
2022-05-30,4.499830722808838,4.545514241058736,4.438919365142306,4.530286401642104,5906000
2022-05-31,4.629267692565918,4.629267692565918,4.476989293360595,4.4998308717112225,46388600
2022-06-01,4.598811626434326,4.606425727285195,4.530286171017755,4.553128110510049,6990800
2022-06-02,4.553128242492676,4.591198021729934,4.545514141421095,4.553128242492676,6405000
2022-06-03,4.537900447845459,4.5835839655413135,4.515058507467369,4.553128287077411,3166800
2022-06-07,4.522672653198242,4.53790049258031,4.492216974434105,4.53790049258031,3062200
2022-06-08,4.530285835266113,4.545513672778963,4.507444260526981,4.53789993555268,2695100
2022-06-09,4.499830722808838,4.537900502880585,4.46176130579742,4.522672663463952,9087700
2022-06-10,4.49221658706665,4.51505816263994,4.461760910928731,4.499830324570981,2792800
2022-06-13,4.408463478088379,4.469374832877944,4.370393699814744,4.469374832877944,4877000
2022-06-14,4.438918590545654,4.438918590545654,4.3399374700797,4.3932350802675835,3435300
2022-06-15,4.385621547698975,4.43130506010497,4.370393347170026,4.4160772226363045,6185400
2022-06-16,4.461761474609375,4.469375213075594,4.408463853104465,4.423691693097247,4338300
2022-06-17,4.476989269256592,4.476989269256592,4.400850070063862,4.416077909902408,7591100
2022-06-20,4.3627800941467285,4.46176123020811,4.3399381538785935,4.46176123020811,5084000
2022-06-21,4.370393753051758,4.385621954994961,4.3399380752859855,4.370393753051758,7657900
2022-06-22,4.339938163757324,4.378007943270765,4.332324425690831,4.362780104077453,6354800
2022-06-23,4.286640644073486,4.370393572947741,4.256184967562794,4.370393572947741,5477500
2022-06-24,4.309482097625732,4.339937773272111,4.271412684597906,4.286640522421095,1983800
2022-06-27,4.347552299499512,4.362780138814068,4.301868781555843,4.33993819831207,1982500
2022-06-28,4.355165958404541,4.362780059453479,4.294254602254317,4.347552220415923,2293500
2022-06-29,4.339938163757324,4.355166002950636,4.309482485370701,4.317096586497519,3753400
2022-06-30,4.3627800941467285,4.393235772464028,4.309482475561294,4.355165993037242,4260700
2022-07-01,4.3627800941467285,4.385622034414864,4.3399381538785935,4.34755225498808,1436800
2022-07-04,4.347552299499512,4.378007978128624,4.324710358997514,4.355166037626626,2172200
2022-07-05,4.355165958404541,4.3780078984910356,4.339938119366985,4.370393797442097,2952700
2022-07-06,4.355165958404541,4.3780078984910356,4.339938119366985,4.355165958404541,2841500
2022-07-07,4.301868438720703,4.355165690543989,4.301868438720703,4.355165690543989,5275900
2022-07-08,4.294254779815674,4.309482619482879,4.279026940148468,4.309482619482879,3523200
2022-07-12,4.324710845947266,4.332324947992033,4.279027322859767,4.286641424904534,1842500
2022-07-13,4.301868438720703,4.332324114922666,4.279026500039081,4.317096276821684,4076300
2022-07-14,4.301868438720703,4.317096276821684,4.27141276251874,4.301868438720703,4425900
2022-07-15,4.301868438720703,4.309482176241044,4.2637986619381,4.286640600619721,4969600
2022-07-18,4.31709623336792,4.3399378087593306,4.286640557472509,4.3399378087593306,1066500
2022-07-19,4.309482097625732,4.324709935448921,4.286640522421095,4.309482097625732,3394800
2022-07-20,4.355165958404541,4.355165958404541,4.309482441291872,4.317096542340812,2397400
2022-07-21,4.393235683441162,4.431305462096516,4.370393743635887,4.370393743635887,3611200
2022-07-22,4.416077613830566,4.469374868162042,4.400849775012957,4.416077613830566,5850500
2022-07-25,4.438918590545654,4.4465326904554665,4.408462917026941,4.416077016936752,2878300
2022-07-26,4.400849342346191,4.446532854307674,4.400849342346191,4.438918754117287,1380200
2022-07-27,4.438918590545654,4.438918590545654,4.385621343418038,4.400849180177395,3282000
2022-07-28,4.484602928161621,4.484602928161621,4.438919409455668,4.438919409455668,3118100
2022-07-29,4.476989269256592,4.4922171090951375,4.454147327968603,4.4922171090951375,4692600
2022-08-01,4.476989269256592,4.484603007645695,4.454147327968603,4.476989269256592,3025400
2022-08-02,4.484602928161621,4.484602928161621,4.461761350338811,4.46937508859297,3484700
2022-08-03,4.454146862030029,4.469374700275624,4.423691185538839,4.469374700275624,5036400
2022-08-04,4.476989269256592,4.507444948933684,4.4465335895794995,4.4465335895794995,5451200
2022-08-05,4.476989269256592,4.4922171090951375,4.4465335895794995,4.4922171090951375,2800400
2022-08-08,4.49221658706665,4.51505816263994,4.454146810364103,4.461760910928731,4281100
2022-08-09,4.49221658706665,4.5302860007089,4.476988748997691,4.4846024865020215,3408300
2022-08-10,4.476989269256592,4.507444948933684,4.469375167807149,4.4922171090951375,6427200
2022-08-11,4.499830722808838,4.522672663463952,4.492216984630686,4.507444824047319,5017100
2022-08-12,4.530285835266113,4.55312777306553,4.507444260526981,4.507444260526981,3755700
2022-08-15,4.507444381713867,4.545513794989382,4.492216543791603,4.507444381713867,2506900
2022-08-16,4.507444381713867,4.5226722196361315,4.484602443300323,4.492216543791603,3345900
2022-08-17,4.461761474609375,4.530286573046724,4.461761474609375,4.507444994587722,2732800
2022-08-18,4.469374179840088,4.52267178902359,4.454146343367696,4.461760443134022,3043800
2022-08-19,4.476989269256592,4.507444948933684,4.454147327968603,4.49983084748424,1420400
2022-08-22,4.438918590545654,4.4541464273050115,4.438918590545654,4.4541464273050115,2165200
2022-08-23,4.378007888793945,4.4313055068375,4.362780049790119,4.4313055068375,3911700
2022-08-24,4.339938163757324,4.393235782464076,4.332324425690831,4.378007943270765,2389600
2022-08-25,4.385621547698975,4.4160772226363045,4.355165509701361,4.355165509701361,3838200
2022-08-26,4.408463478088379,4.416077578967231,4.385621901572448,4.393235639390988,6265800
2022-08-29,4.4236907958984375,4.446532732785054,4.370393185203178,4.385621385167769,3550300
2022-08-30,4.370393753051758,4.454147048437789,4.370393753051758,4.423691370672017,7976700
2022-09-01,4.393235683441162,4.400849784396359,4.339938065935731,4.339938065935731,3385300
2022-09-02,4.378007888793945,4.4084635668016,4.370393787761872,4.400849828829846,1567900
2022-09-05,4.400849342346191,4.408463079476299,4.347551730194322,4.37800740483531,1226400
2022-09-06,4.370393753051758,4.4389192095549035,4.370393753051758,4.400849793877847,2766200
2022-09-07,4.393235683441162,4.40846352229124,4.370393743635887,4.378007844591084,3658100
2022-09-08,4.393235683441162,4.400849784396359,4.378007844591084,4.393235683441162,3760600
2022-09-09,4.385621547698975,4.40084938516764,4.3780074474345,4.393235284903165,3819000
2022-09-12,4.408463478088379,4.42369131678577,4.393235639390988,4.393235639390988,1896400
2022-09-13,4.378007888793945,4.438919244809253,4.362780049790119,4.400849828829846,2545900
2022-09-14,4.332324028015137,4.393235379197165,4.324709927587238,4.339937765382745,3623500
2022-09-15,4.324710845947266,4.3627806300503655,4.324710845947266,4.3627806300503655,6234900
2022-09-19,4.294254779815674,4.332324560513856,4.294254779815674,4.31709672084665,4049100
2022-09-20,4.31709623336792,4.3475519092633315,4.301868395420215,4.301868395420215,2223600
2022-09-21,4.309482097625732,4.324709935448921,4.2942542598025435,4.317096198067473,5184000
2022-09-22,4.294254779815674,4.324710459150085,4.294254779815674,4.309482619482879,3781100
2022-09-23,4.31709623336792,4.362779747211037,4.294254294916215,4.30948213286392,6628600
2022-09-26,4.263798713684082,4.309482228541447,4.218115198826717,4.301868490928705,6124000
2022-09-27,4.210501670837402,4.279026765004879,4.202887569785282,4.26379892596096,9388300
2022-09-28,4.202887535095215,4.218115374013445,4.164817756269478,4.218115374013445,18243300
2022-09-29,4.233343124389648,4.263798801589117,4.195273709420467,4.256185063819405,4618000
2022-09-30,4.233343124389648,4.263798801589117,4.202887447190179,4.233343124389648,3075400
2022-10-03,4.263798713684082,4.27902655196987,4.195273622928186,4.248570875398293,5730900
2022-10-04,4.309482097625732,4.339937773272111,4.279026421979355,4.279026421979355,5474800
2022-10-05,4.339938163757324,4.3475522648841425,4.317096586497519,4.339938163757324,5461300
2022-10-06,4.324710845947266,4.378008471079532,4.324710845947266,4.355166528005598,5353700
2022-10-07,4.316889762878418,4.355992174521736,4.29342824131078,4.355992174521736,2046600
2022-10-11,4.301249027252197,4.316889917889512,4.262146614204787,4.301249027252197,3236300
2022-10-12,4.277787208557129,4.32471025012737,4.25432606068023,4.32471025012737,4554800
2022-10-13,4.29342794418335,4.309069206084809,4.269966797147579,4.285607686140829,5441800
2022-10-14,4.285608291625977,4.309069814884679,4.269967400422929,4.301249182829024,2380800
2022-10-17,4.285608291625977,4.301249182829024,4.277787659570322,4.285608291625977,3003700
2022-10-18,4.309069633483887,4.324710524028493,4.277787479486428,4.30124900175746,4009300
2022-10-19,4.379453182220459,4.387273813460696,4.316889623931459,4.324710255171695,6443400
2022-10-20,4.457657814025879,4.465478445588832,4.379453362937541,4.379453362937541,11403000
2022-10-21,4.481119155883789,4.481119155883789,4.4029147079354605,4.4029147079354605,2581300
2022-10-25,4.426375865936279,4.504580686970754,4.363812307435278,4.465478276453517,7311500
2022-10-26,4.457657814025879,4.465478445588832,4.418555774935829,4.426376033590544,3432200
2022-10-27,4.434196472167969,4.481119140778799,4.426375840945386,4.465478251241856,4006200
2022-10-28,4.449837684631348,4.457657943513228,4.41855590328733,4.434196793959339,4428100
2022-10-31,4.4732985496521,4.52022159159174,4.465478291267643,4.465478291267643,5792900
2022-11-01,4.4107346534729,4.504580357263708,4.395093764992465,4.4654779496085215,4667000
2022-11-02,4.379453182220459,4.4341964821774456,4.355992034316196,4.410734961364959,3742900
2022-11-03,4.285608291625977,4.3794536388442635,4.246505877164227,4.363812747641216,7805500
2022-11-04,4.262146472930908,4.324710406314658,4.262146472930908,4.293428253168665,6361700
2022-11-07,4.301249027252197,4.309069659024979,4.269967245977568,4.2777875048421015,6125500
2022-11-08,4.309069633483887,4.324710524028493,4.293428370031035,4.30124900175746,4310200
2022-11-09,4.340351104736328,4.348171362996258,4.301248694712022,4.309069325880171,6694600
2022-11-10,4.379453182220459,4.387273813460696,4.324710255171695,4.332530513503709,4137600
2022-11-11,4.371633052825928,4.418555722926621,4.348171531321465,4.3950942014221575,5239700
2022-11-14,4.371633052825928,4.3950942014221575,4.3403512727588,4.3950942014221575,2816800
2022-11-15,4.316889762878418,4.37945332318114,4.285607982727057,4.37945332318114,3889400
2022-11-16,4.301249027252197,4.324710549662293,4.285608136614883,4.324710549662293,8542700
2022-11-17,4.316889762878418,4.348171543029779,4.285607982727057,4.340351284446056,10145000
2022-11-21,4.269967079162598,4.293428227747888,4.2465055576690744,4.277787337721617,10448100
2022-11-22,4.277787208557129,4.316889618896256,4.262146319003122,4.269966950234236,4968300
2022-11-23,4.277787208557129,4.277787208557129,4.25432606068023,4.269966950234236,4563100
2022-11-24,4.434196472167969,4.465478251241856,4.30124872464984,4.30124872464984,12066400
2022-11-25,4.449837684631348,4.473298834185236,4.442017052841219,4.449837684631348,10104100
2022-11-29,4.434196472167969,4.4576576200192735,4.379453172334557,4.4576576200192735,7627400
2022-11-30,4.395094394683838,4.449837698662609,4.395094394683838,4.4420170668478205,18978900
2022-12-01,4.379453182220459,4.4498373717496955,4.363812292648209,4.418555592605196,3903900
2022-12-02,4.355992794036865,4.395094838333095,4.332531269132497,4.395094838333095,4145700
2022-12-05,4.379453182220459,4.387273813460696,4.309069365599445,4.363812292648209,5409800
2022-12-06,4.379453182220459,4.402914703032946,4.355992034316196,4.355992034316196,5907700
2022-12-07,4.457657814025879,4.465478445588832,4.363812472719873,4.379453362937541,6003400
2022-12-08,4.4107346534729,4.4654779496085215,4.395093764992465,4.4654779496085215,3913500
2022-12-09,4.387274265289307,4.426376306792791,4.363812742060608,4.410735415609745,3825100
2022-12-12,4.426375865936279,4.449837386828267,4.387273828327266,4.387273828327266,2084300
2022-12-13,4.457657814025879,4.465478445588832,4.395094253155209,4.418555774935829,5738900
2022-12-14,4.4889397621154785,4.5045810258255585,4.457657980511822,4.457657980511822,2813500
2022-12-15,4.4889397621154785,4.520221916627387,4.48111950316869,4.520221916627387,2226400
2022-12-16,4.5124006271362305,4.5124006271362305,4.449837073046914,4.45765733085398,3378000
2022-12-19,4.465478420257568,4.512401090644393,4.449837530128627,4.512401090644393,2670400
2022-12-20,4.465478420257568,4.488939568996863,4.434196639999684,4.457657788738979,1883900
2022-12-21,4.418555736541748,4.465478406787026,4.410735105046751,4.465478406787026,5196100
2022-12-22,4.442017078399658,4.457657969161661,4.410735296875652,4.442017078399658,2187300
2022-12-23,4.4889397621154785,4.4889397621154785,4.426376198908165,4.457657980511822,1838400
2022-12-27,4.418555736541748,4.481119296868786,4.37163306629647,4.481119296868786,5940100
2022-12-28,4.379453182220459,4.44201674050946,4.340351144743945,4.4341964821774456,6501000
2022-12-29,4.496760368347168,4.512401259059872,4.363812610835062,4.387274133358242,5983000
2022-12-30,4.528041839599609,4.5436827292409045,4.488939429042259,4.488939429042259,7363900
2023-01-03,4.442017078399658,4.520221905117925,4.426376187637655,4.520221905117925,3225300
2023-01-04,4.4107346534729,4.481118838088957,4.395093764992465,4.457657318914206,3659200
2023-01-05,4.434196472167969,4.449837361704912,4.426375840945386,4.434196472167969,3727100
2023-01-06,4.449837684631348,4.457657943513228,4.4107352714972015,4.434196793959339,905600
2023-01-09,4.504580974578857,4.512401233436678,4.449837670941124,4.457657929798944,3134400
2023-01-10,4.4732985496521,4.504580701914602,4.457657659974961,4.504580701914602,2061000
2023-01-11,4.496760368347168,4.5045810001576445,4.4576579551112845,4.4732988458239875,1586700
2023-01-12,4.4732985496521,4.49676007062192,4.465478291267643,4.4811191809447815,2897700
2023-01-13,4.5124006271362305,4.5124006271362305,4.488939107898638,4.4967597386139015,3419800
2023-01-16,4.504580974578857,4.520221865202745,4.481119452188901,4.512401233436678,1512400
2023-01-17,4.4732985496521,4.52022159159174,4.457657659974961,4.52022159159174,2895500
2023-01-18,4.4889397621154785,4.520221916627387,4.457657980511822,4.47329887131365,2543500
2023-01-19,4.442017078399658,4.496760382520795,4.434196819472782,4.488939750685668,5286500
2023-01-20,4.442017078399658,4.4732988599236645,4.410735296875652,4.449837710234785,5380200
2023-01-25,4.496760368347168,4.5045810001576445,4.442017064398581,4.442017064398581,3611100
2023-01-26,4.4732985496521,4.488939439329238,4.465478291267643,4.4732985496521,1206600
2023-01-27,4.481119155883789,4.5045806767224,4.4498373767044574,4.488939414224511,3084300
2023-01-30,4.481119155883789,4.5045806767224,4.465478266294124,4.488939414224511,2843600
2023-01-31,4.496760368347168,4.496760368347168,4.449837696209057,4.481119477634464,5214900
2023-02-02,4.449837684631348,4.496760356647374,4.41855590328733,4.496760356647374,5834700
2023-02-03,4.442017078399658,4.449837710234785,4.426376187637655,4.449837710234785,2977900
2023-02-07,4.426375865936279,4.449837386828267,4.402914717952516,4.418555607577766,4385800
2023-02-08,4.309069633483887,4.442017016658919,4.309069633483887,4.442017016658919,10601800
2023-02-09,4.285608291625977,4.309069814884679,4.269967400422929,4.309069814884679,6625800
2023-02-10,4.29342794418335,4.301248575134079,4.2777870551901,4.301248575134079,8925800
2023-02-13,4.301249027252197,4.332530808526826,4.301249027252197,4.301249027252197,2939700
2023-02-14,4.316889762878418,4.348171543029779,4.301248872802738,4.309069504294695,6373900
2023-02-15,4.324710369110107,4.332530627648153,4.309069479125784,4.324710369110107,4517700
2023-02-16,4.316889762878418,4.348171543029779,4.301248872802738,4.332530652954098,5278800
2023-02-17,4.285608291625977,4.324710706087727,4.269967400422929,4.324710706087727,6374200
2023-02-20,4.277787208557129,4.30124872934225,4.269966950234236,4.285607839788243,2486400
2023-02-21,4.29342794418335,4.309069206084809,4.285607686140829,4.285607686140829,3452800
2023-02-22,4.277787208557129,4.309069360573364,4.269966950234236,4.293428098111135,4039600
2023-02-23,4.277787208557129,4.30124872934225,4.238685171126223,4.285607839788243,4200800
2023-02-24,4.285608291625977,4.301249182829024,4.269967400422929,4.301249182829024,2094400
2023-02-27,4.387274265289307,4.410735415609745,4.293428545282771,4.293428545282771,6818800
2023-02-28,4.442017078399658,4.449837710234785,4.410735296875652,4.410735296875652,7742000
2023-03-01,4.457657814025879,4.4811193358065,4.434196665153497,4.442016923808212,3536800
2023-03-02,4.465478420257568,4.48111931038651,4.449837530128627,4.473298678867922,2288300
2023-03-03,4.4732985496521,4.488939439329238,4.4498374015905044,4.4732985496521,2526200
2023-03-06,4.418555736541748,4.473298665373789,4.410735105046751,4.473298665373789,2077000
2023-03-07,4.481119155883789,4.481119155883789,4.418555597525127,4.418555597525127,2268400
2023-03-08,4.449837684631348,4.457657943513228,4.42637616216921,4.449837684631348,1985500
2023-03-09,4.4732985496521,4.4732985496521,4.402914732559089,4.457657659974961,2710100
2023-03-10,4.418555736541748,4.449837516705267,4.410735105046751,4.449837516705267,3369400
2023-03-13,4.395094394683838,4.410735285405165,4.355992354334643,4.387274135777298,3662400
2023-03-14,4.285608291625977,4.395094530047311,4.262146768367274,4.395094530047311,6987900
2023-03-15,4.324710369110107,4.3638124076168,4.309069479125784,4.324710369110107,3179900
2023-03-16,4.29342794418335,4.324710095078059,4.269966797147579,4.324710095078059,4437200
2023-03-17,4.301249027252197,4.3403514402996075,4.301249027252197,4.301249027252197,6076200
2023-03-20,4.301249027252197,4.316889917889512,4.293428395479416,4.316889917889512,6524600
2023-03-21,4.316889762878418,4.363812433105459,4.309069504294695,4.340351284446056,5192500
2023-03-22,4.316889762878418,4.348171543029779,4.301248872802738,4.324710394370375,8695200
2023-03-23,4.301249027252197,4.332530808526826,4.2777875048421015,4.316889917889512,7192700
2023-03-24,4.254326343536377,4.3090696470692125,4.254326343536377,4.30124901531813,7076500
2023-03-27,4.262146472930908,4.277787363049787,4.254326214325586,4.254326214325586,5966100
2023-03-28,4.309069633483887,4.3168898923020675,4.262146588941822,4.285608111212854,3569700
2023-03-29,4.332530498504639,4.355992019235902,4.301248719468435,4.324710240199699,2982200
2023-03-30,4.355992794036865,4.371633686337014,4.316890376832348,4.348172161432647,2750500
2023-03-31,4.363812446594238,4.3794533367182655,4.355992187986343,4.355992187986343,4371200
2023-04-03,4.371633052825928,4.402914832893057,4.371633052825928,4.379453311388594,1425300
2023-04-04,4.379453182220459,4.418555592605196,4.371632923888446,4.410734961364959,4274600
2023-04-05,4.387274265289307,4.4029151564723525,4.379453633243653,4.395094524426699,2594800
2023-04-06,4.395094394683838,4.395094394683838,4.3638126132411825,4.395094394683838,6712200
2023-04-07,4.434196472167969,4.434196472167969,4.3872738035571395,4.410734951408443,6450200
2023-04-10,4.457657814025879,4.473298704243547,4.434196665153497,4.434196665153497,5648400
2023-04-11,4.465478420257568,4.488939568996863,4.457657788738979,4.473298678867922,3249800
2023-04-12,4.457657814025879,4.488939594461215,4.457657814025879,4.473298704243547,4372600
2023-04-13,4.496760368347168,4.5045810001576445,4.465478586921761,4.465478586921761,5291400
2023-04-14,4.488583564758301,4.537639467963787,4.464056003014122,4.504935792399173,5685100
2023-04-17,4.537639617919922,4.553991456242612,4.49675982718391,4.504935941274543,5668400
2023-04-18,4.52128791809082,4.545815481396881,4.504936079267251,4.545815481396881,3022500
2023-04-19,4.488583564758301,4.529463354143352,4.480407840796429,4.529463354143352,4032100
2023-04-20,4.504936218261719,4.521288057589805,4.480408264340288,4.488583989075031,4435300
2023-04-25,4.5131120681762695,4.529463907957906,4.496760228394634,4.504936343214758,2718300
2023-04-26,4.480408668518066,4.513112350124439,4.472232553187155,4.513112350124439,4280200
2023-04-27,4.5131120681762695,4.521288182996394,4.488584113574509,4.496760228394634,2169200
2023-04-28,4.480408668518066,4.521288465455351,4.46405682771488,4.521288465455351,3786700
2023-05-02,4.5131120681762695,4.521288182996394,4.4804083886129975,4.4804083886129975,2943600
2023-05-03,4.5131120681762695,4.529463907957906,4.464056548831362,4.496760228394634,5959200
2023-05-05,4.504936218261719,4.5376398969178915,4.488583989075031,4.513111942996461,4684600
2023-05-08,4.55399227142334,4.5621679971188795,4.5131124733696995,4.521288588923887,3655800
2023-05-09,4.537639617919922,4.553991456242612,4.5131116655065995,4.553991456242612,1620800
2023-05-10,4.496760368347168,4.562167729509383,4.488584253272578,4.553992004293418,3928500
2023-05-11,4.504936218261719,4.553991736245978,4.496760103668374,4.504936218261719,4620000
2023-05-12,4.480408668518066,4.513112350124439,4.472232553187155,4.496760509321253,9263400
2023-05-15,4.496760368347168,4.513112208637722,4.472232412982025,4.488584253272578,3346300
2023-05-16,4.504936218261719,4.529463782324547,4.496760103668374,4.496760103668374,1857000
2023-05-17,4.504936218261719,4.521288057589805,4.488583989075031,4.521288057589805,2676800
2023-05-18,4.496760368347168,4.513112208637722,4.488584253272578,4.504936483421757,1883300
2023-05-19,4.496760368347168,4.513112208637722,4.488584253272578,4.496760368347168,3467100
2023-05-22,4.496760368347168,4.513112208637722,4.488584253272578,4.504936483421757,4239700
2023-05-23,4.504936218261719,4.521288057589805,4.488583989075031,4.513111942996461,3557700
2023-05-24,4.464056491851807,4.496760170997646,4.455880377136043,4.496760170997646,5047900
2023-05-25,4.464056491851807,4.488584056281883,4.464056491851807,4.4804083314247265,1795900
2023-05-26,4.464056491851807,4.488584056281883,4.455880377136043,4.464056491851807,2955100
2023-05-29,4.447704792022705,4.496760312282755,4.4231768369633695,4.488584197310104,4017000
2023-05-30,4.431352615356445,4.447704454201139,4.423176501004804,4.447704454201139,6355800
2023-05-31,4.374120712280273,4.455879901416074,4.374120712280273,4.431352339604617,14421800
2023-06-01,4.357769012451172,4.4068245274861,4.357769012451172,4.382296964897925,4359500
2023-06-02,4.34141731262207,4.390472829222148,4.3250654737553775,4.382297104718097,4011400
2023-06-06,4.34141731262207,4.365945265851404,4.3250654737553775,4.357769151488762,3976800
2023-06-07,4.333241939544678,4.357769504904611,4.333241939544678,4.3414176647117815,6149700
2023-06-08,4.357769012451172,4.374120850796148,4.333241449862997,4.341417174106196,3268000
2023-06-09,4.325065612792969,4.38229724559551,4.325065612792969,4.357769291577677,4718700
2023-06-12,4.333241939544678,4.357769504904611,4.333241939544678,4.333241939544678,5552200
2023-06-13,4.34141731262207,4.357769151488762,4.34141731262207,4.349593426984711,2395200
2023-06-14,4.357769012451172,4.390472689141124,4.3495932882079735,4.3495932882079735,3050100
2023-06-15,4.357769012451172,4.382296964897925,4.341417174106196,4.365945126552949,2599900
2023-06-16,4.374120712280273,4.374120712280273,4.349593150468816,4.357768874453114,6434100
2023-06-19,4.374120712280273,4.398648663950296,4.357768874453114,4.382296826123136,4412000
2023-06-20,4.406825065612793,4.4395287462962605,4.365945659687772,4.390473225271059,5741000
2023-06-21,4.406825065612793,4.423176905954526,4.365945659687772,4.423176905954526,8477100
2023-06-22,4.4231767654418945,4.455880445086453,4.398649200637783,4.398649200637783,3293600
2023-06-23,4.4150004386901855,4.431352276283689,4.406824324964154,4.423176162557657,1654100
2023-06-26,4.4231767654418945,4.447704720104619,4.415001040460061,4.415001040460061,2068800
2023-06-27,4.447704792022705,4.447704792022705,4.4231768369633695,4.431352951936021,2171800
2023-06-28,4.431352615356445,4.447704454201139,4.415000776511752,4.447704454201139,4103300
2023-06-30,4.439528465270996,4.455880304577647,4.406824786657695,4.439528465270996,3424200
2023-07-03,4.455880165100098,4.455880165100098,4.431352601837181,4.4395283263052905,2260400
2023-07-04,4.464056491851807,4.464056491851807,4.415000973133047,4.447704652278887,661400
2023-07-05,4.431352615356445,4.464056293045832,4.431352615356445,4.455880178694191,2580500
2023-07-06,4.431352615356445,4.455880178694191,4.423176501004804,4.439528339849497,2164100
2023-07-07,4.4150004386901855,4.447704113877193,4.4150004386901855,4.447704113877193,9380900
2023-07-10,4.431352615356445,4.447704454201139,4.415000776511752,4.415000776511752,8174600
2023-07-11,4.447704792022705,4.447704792022705,4.431352951936021,4.431352951936021,6302200
2023-07-12,4.455880165100098,4.472232003894905,4.4477044406319886,4.455880165100098,2509100
2023-07-13,4.480408668518066,4.5049366246521645,4.455880712383968,4.455880712383968,3483500
2023-07-14,4.529463768005371,4.55399172184926,4.480408250176193,4.480408250176193,6307300
2023-07-17,4.537639617919922,4.545815342151978,4.5131116655065995,4.537639617919922,4574900
2023-07-18,4.496760368347168,4.537640164002864,4.480408528056614,4.537640164002864,3477700
2023-07-20,4.496760368347168,4.545815889218829,4.496760368347168,4.504936483421757,3530000
2023-07-21,4.55399227142334,4.55399227142334,4.4967606321199725,4.4967606321199725,1563000
2023-07-24,4.537639617919922,4.553991456242612,4.529463503829288,4.537639617919922,3974000
2023-07-25,4.619399070739746,4.643926634681415,4.545815599197539,4.545815599197539,6762400
2023-07-26,4.635750770568848,4.652102609324386,4.6193989318133095,4.6193989318133095,3426100
2023-07-27,4.643927097320557,4.660278938196879,4.619399530935393,4.627575256444234,2231400
2023-07-28,4.627574920654297,4.643926760344083,4.6112230809645105,4.627574920654297,3458800
2023-07-31,4.652102947235107,4.676630512220708,4.62757499239089,4.62757499239089,2902900
2023-08-01,4.643927097320557,4.660278938196879,4.627575256444234,4.652103212688037,2469900
2023-08-02,4.619399070739746,4.635750909987059,4.594871116939477,4.627574795434103,3132000
2023-08-03,4.578519344329834,4.6193991379723975,4.553991780031181,4.603047298487093,1454400
2023-08-04,4.603046894073486,4.6193987321221535,4.5785189420712,4.5785189420712,1201900
2023-08-07,4.619399070739746,4.619399070739746,4.553991713750495,4.578519277692164,1781000
2023-08-08,4.643927097320557,4.660278938196879,4.60304769005907,4.619399530935393,2322900
2023-08-09,4.668454647064209,4.668454647064209,4.627574853503644,4.635750968159199,3958500
2023-08-10,4.619399070739746,4.660278473928728,4.594871116939477,4.643926634681415,4079700
2023-08-11,4.619399070739746,4.652102749234372,4.570343552997808,4.619399070739746,3920800
2023-08-14,4.660278797149658,4.660278797149658,4.611223276005398,4.619399391125421,2897400
2023-08-15,4.6848063468933105,4.725686139235517,4.652102668962982,4.6602783935162675,6727600
2023-08-16,4.70115852355957,4.70115852355957,4.66845484328002,4.676630568420596,2592600
2023-08-17,4.635750770568848,4.701158125591,4.6275746562617845,4.692982011283937,4185600
2023-08-18,4.619399070739746,4.652102749234372,4.61122295618679,4.635750909987059,2613700
2023-08-21,4.652102947235107,4.69298235216398,4.619399267348562,4.619399267348562,4453600
2023-08-22,4.660278797149658,4.676630637531079,4.635751231506841,4.676630637531079,3234500
2023-08-23,4.619399070739746,4.660278473928728,4.619399070739746,4.660278473928728,2516700
2023-08-24,4.627574920654297,4.668454714808068,4.603047356048923,4.619399195738709,2421200
2023-08-25,4.611222743988037,4.652102535154417,4.5948709054932015,4.619398858164746,2403500
2023-08-28,4.619399070739746,4.635750909987059,4.594871116939477,4.61122295618679,2938900
2023-08-29,4.660278797149658,4.676630637531079,4.611223276005398,4.619399391125421,2566500
2023-08-30,4.586695671081543,4.6929824377212075,4.578519556031541,4.676630597479827,10292100
2023-09-01,4.619399070739746,4.635750909987059,4.570343552997808,4.61122295618679,7494900
2023-09-04,4.643927097320557,4.6848068944406815,4.627575256444234,4.627575256444234,4693800
2023-09-05,4.627574920654297,4.6602786000338705,4.594871241274724,4.652102875118282,3365500
2023-09-06,4.635750770568848,4.652102609324386,4.603047093057771,4.6193989318133095,2850700
2023-09-07,4.643927097320557,4.660278938196879,4.627575256444234,4.635751371811715,2716800
2023-09-08,4.627574920654297,4.652102875118282,4.603047356048923,4.643926760344083,4873400
2023-09-11,4.627574920654297,4.6602786000338705,4.619399195738709,4.6602786000338705,1498000
2023-09-12,4.643927097320557,4.652103212688037,4.59487157469159,4.635751371811715,4600100
2023-09-13,4.619399070739746,4.643926634681415,4.61122295618679,4.635750909987059,4501900
2023-09-14,4.652102947235107,4.66845478717838,4.635751107291835,4.643926832334163,2785000
2023-09-15,4.594871520996094,4.668454999008969,4.594871520996094,4.652103158323734,14620500
2023-09-18,4.627574920654297,4.652102875118282,4.6112230809645105,4.6112230809645105,2908600
2023-09-19,4.643927097320557,4.652103212688037,4.611223415567912,4.643927097320557,4119900
2023-09-20,4.643927097320557,4.660278938196879,4.627575256444234,4.643927097320557,6288900
2023-09-21,4.643927097320557,4.652103212688037,4.627575256444234,4.643927097320557,4848800
2023-09-22,4.635750770568848,4.652102609324386,4.6275746562617845,4.643926495017323,2414000
2023-09-25,4.627574920654297,4.6602786000338705,4.619399195738709,4.643926760344083,5421500
2023-09-26,4.627574920654297,4.643926760344083,4.6112230809645105,4.627574920654297,6256500
2023-09-27,4.619176864624023,4.644372551002314,4.585582883100869,4.627575560240737,3964100
2023-09-29,4.560386657714844,4.627575013291779,4.560386657714844,4.619176318667736,12899500
2023-10-02,4.535191059112549,4.577183327894468,4.526792365073101,4.568785034326794,5318900
2023-10-03,4.55198860168457,4.568785591339531,4.518394622374648,4.5351916120296085,3929100
2023-10-04,4.568785667419434,4.577183962150852,4.535191687550101,4.560386972216186,6654000
2023-10-05,4.585582733154297,4.619176713578942,4.551988752729652,4.585582733154297,7767100
2023-10-06,4.619176864624023,4.619176864624023,4.593981178245733,4.602379873862446,3367800
2023-10-09,4.619176864624023,4.619176864624023,4.585582883100869,4.61077816900731,3329600
2023-10-10,4.661169052124023,4.669567346386676,4.627575074129802,4.627575074129802,3933800
2023-10-11,4.677966594696045,4.686364889952523,4.6527709079829025,4.6695678989677125,4487500
2023-10-12,4.69476318359375,4.711560173139968,4.686364488584731,4.686364488584731,4345100
2023-10-13,4.69476318359375,4.711560173139968,4.677966194047532,4.686364488584731,5399700
2023-10-16,4.69476318359375,4.703161478130949,4.635973519946079,4.69476318359375,5735100
2023-10-17,4.69476318359375,4.703161478130949,4.669567499038513,4.69476318359375,4769900
2023-10-18,4.69476318359375,4.711560173139968,4.669567499038513,4.677966194047532,5747500
2023-10-19,4.69476318359375,4.703161478130949,4.677966194047532,4.69476318359375,3618200
2023-10-20,4.703161239624023,4.703161239624023,4.661168968123904,4.686364250929616,4200700
2023-10-23,4.677966594696045,4.7031618809373334,4.661169603711235,4.7031618809373334,2161100
2023-10-24,4.677966594696045,4.686364889952523,4.635973916998092,4.677966594696045,2965500
2023-10-25,4.686364650726318,4.703161640853688,4.67796635589855,4.686364650726318,3755900
2023-10-26,4.703161239624023,4.711559934207128,4.677965956818312,4.686364250929616,3493600
2023-10-27,4.686364650726318,4.703161640853688,4.67796635589855,4.703161640853688,3743600
2023-10-30,4.677966594696045,4.7031618809373334,4.6695678989677125,4.686364889952523,1091100
2023-10-31,4.686364650726318,4.703161640853688,4.669567660598949,4.67796635589855,2309200
2023-11-01,4.686364650726318,4.703161640853688,4.669567660598949,4.686364650726318,1281400
2023-11-02,4.69476318359375,4.703161478130949,4.677966194047532,4.686364488584731,2674000
2023-11-03,4.703161239624023,4.728356922901535,4.686364250929616,4.703161239624023,2256400
2023-11-06,4.73675537109375,4.745154065950054,4.7199583818529565,4.7199583818529565,4316800
2023-11-07,4.745153903961182,4.745153903961182,4.728356915293799,4.745153903961182,1671100
2023-11-08,4.728356838226318,4.7451538266199265,4.719958143793618,4.736755132187226,569300
2023-11-09,4.728356838226318,4.728356838226318,4.71155984983271,4.728356838226318,2720600
2023-11-10,4.73675537109375,4.73675537109375,4.711560087468466,4.728357076709259,1028600
2023-11-14,4.711560249328613,4.7451542289642825,4.711560249328613,4.736755533819452,1366400
2023-11-15,4.73675537109375,4.73675537109375,4.711560087468466,4.728357076709259,2280900
2023-11-16,4.728356838226318,4.736755132187226,4.719958143793618,4.728356838226318,1447900
2023-11-17,4.728356838226318,4.7451538266199265,4.71155984983271,4.728356838226318,1832900
2023-11-20,4.728356838226318,4.736755132187226,4.70316115540001,4.736755132187226,1433700
2023-11-21,4.728356838226318,4.7451538266199265,4.719958143793618,4.728356838226318,1848000
2023-11-22,4.703161239624023,4.728356922901535,4.703161239624023,4.728356922901535,1582300
2023-11-23,4.703161239624023,4.719958228318432,4.6947629455127196,4.711559934207128,2578500
2023-11-24,4.703161239624023,4.711559934207128,4.6947629455127196,4.703161239624023,1964900
2023-11-27,4.677966594696045,4.728357567650477,4.6695678989677125,4.719958871922144,1722000
2023-11-28,4.627575397491455,4.686364662853464,4.6023797119992835,4.677966368003963,9861700
2023-11-29,4.610777378082275,4.644371754314555,4.585582096497791,4.627574766434305,5578200
2023-11-30,4.577183723449707,4.610777701567107,4.577183723449707,4.610777701567107,11024700
2023-12-01,4.593980312347412,4.602379006381094,4.568785031189914,4.577183324751822,6676900
2023-12-04,4.577183723449707,4.610777701567107,4.551988440097562,4.602379407273661,9885900
2023-12-05,4.60237979888916,4.60237979888916,4.57718411292131,4.57718411292131,4922700
2023-12-06,4.593980312347412,4.610777299943002,4.577183324751822,4.610777299943002,2541100
2023-12-07,4.610777378082275,4.61917607225829,4.585582096497791,4.5939803902020255,3726200
2023-12-08,4.619176864624023,4.6359738553856005,4.61077816900731,4.619176864624023,2849100
2023-12-11,4.627575397491455,4.644372387662291,4.610778006848784,4.644372387662291,4180100
2023-12-12,4.619176864624023,4.6359738553856005,4.602379873862446,4.627575560240737,5309800
2023-12-13,4.610777378082275,4.627574766434305,4.6023790843780406,4.61917607225829,5145300
2023-12-14,4.619176864624023,4.627575560240737,4.602379873862446,4.619176864624023,7437900
2023-12-15,4.64437198638916,4.6527702805130495,4.619176303073893,4.619176303073893,7672200
2023-12-18,4.661169052124023,4.669567346386676,4.635973368392454,4.635973368392454,7916700
2023-12-19,4.64437198638916,4.669567269232628,4.635973291793471,4.669567269232628,2790300
2023-12-20,4.619176864624023,4.6695678369087545,4.61077816900731,4.6527708461471775,14413800
2023-12-21,4.577183723449707,4.619176396332361,4.560386734391007,4.619176396332361,6163300
2023-12-22,4.55198860168457,4.5939808755860625,4.526792916966217,4.5939808755860625,12426400
2023-12-26,4.535191059112549,4.560386340287345,4.526792365073101,4.551988046719671,21217800
2023-12-27,4.526793003082275,4.551988688279942,4.51839470833094,4.551988688279942,12601400
2023-12-28,4.585582733154297,4.585582733154297,4.52679306717525,4.535191762517329,6645100
2023-12-29,4.577183723449707,4.627575091097615,4.560386734391007,4.593980712508407,17896800
2024-01-02,4.577183723449707,4.585582418214962,4.551988440097562,4.577183723449707,1540800
2024-01-03,4.543590068817139,4.585582744689497,4.535191773925769,4.585582744689497,11529700
2024-01-04,4.585582733154297,4.59398102802454,4.543590057387572,4.551988752729652,6543300
2024-01-05,4.619176864624023,4.619176864624023,4.585582883100869,4.585582883100869,5954500
2024-01-08,4.627575397491455,4.635973692340955,4.619176702170119,4.619176702170119,4596200
2024-01-09,4.661169052124023,4.677966041121135,4.635973368392454,4.635973368392454,7901400
2024-01-10,4.6359734535217285,4.6611691377159605,4.619176464216179,4.6611691377159605,4057100
2024-01-11,4.610777378082275,4.65277004801879,4.6023790843780406,4.627574766434305,4540500
2024-01-12,4.627575397491455,4.627575397491455,4.610778006848784,4.610778006848784,2394300
2024-01-15,4.677966594696045,4.677966594696045,4.610778230284949,4.635973916998092,2050300
2024-01-16,4.661169052124023,4.686364335383787,4.644372063126913,4.677966041121135,4136100
2024-01-17,4.661169052124023,4.661169052124023,4.627575074129802,4.661169052124023,2671800
2024-01-18,4.652770519256592,4.661169214283237,4.635973529675124,4.661169214283237,2260700
2024-01-19,4.64437198638916,4.6527702805130495,4.619176303073893,4.6527702805130495,4521400
2024-01-22,4.677966594696045,4.711560576665666,4.610778230284949,4.6527709079829025,9944400
2024-01-23,4.703161239624023,4.711559934207128,4.669567262235208,4.677965956818312,6214900
2024-01-24,4.711560249328613,4.719958544001617,4.703161554183783,4.711560249328613,2979600
2024-01-26,4.711560249328613,4.7451542289642825,4.694763259510779,4.711560249328613,2579900
2024-01-29,4.745153903961182,4.753552198058973,4.703161232056826,4.703161232056826,3391200
2024-01-30,4.73675537109375,4.7535523603345435,4.728357076709259,4.7535523603345435,4035400
2024-01-31,4.703161239624023,4.736755217012839,4.686364250929616,4.736755217012839,4544200
2024-02-02,4.719958782196045,4.745154468430219,4.677966505768216,4.677966505768216,2783400
2024-02-05,4.728356838226318,4.736755132187226,4.71155984983271,4.719958143793618,2627400
2024-02-06,4.711560249328613,4.736755533819452,4.703161554183783,4.736755533819452,1699200
2024-02-07,4.703161239624023,4.719958228318432,4.6947629455127196,4.703161239624023,2746500
2024-02-08,4.686364650726318,4.728357326280659,4.67796635589855,4.71156033615329,1807400
2024-02-09,4.686364650726318,4.71156033615329,4.686364650726318,4.686364650726318,627000
2024-02-13,4.728356838226318,4.736755132187226,4.694762861439102,4.694762861439102,3685600
2024-02-14,4.73675537109375,4.745154065950054,4.7199583818529565,4.7199583818529565,4884200
2024-02-15,4.711560249328613,4.7451542289642825,4.711560249328613,4.7451542289642825,4712200
2024-02-16,4.719958782196045,4.736755772861546,4.711560487099218,4.711560487099218,4627500
2024-02-19,4.728356838226318,4.7451538266199265,4.719958143793618,4.728356838226318,4749800
2024-02-20,4.753552436828613,4.753552436828613,4.728357152797887,4.728357152797887,7382500
2024-02-21,4.753552436828613,4.753552436828613,4.728357152797887,4.736755447317522,5713400
2024-02-22,4.745153903961182,4.753552198058973,4.736755209391591,4.753552198058973,1671200
2024-02-23,4.753552436828613,4.761951131820068,4.736755447317522,4.753552436828613,3527000
2024-02-26,4.745153903961182,4.761950892628564,4.728356915293799,4.753552198058973,5457500
2024-02-27,4.770349979400635,4.787146970859121,4.736755996483662,4.745154692448838,5461800
2024-02-28,4.703161239624023,4.77874788898476,4.6947629455127196,4.77874788898476,12753100
2024-02-29,4.703161239624023,4.736755217012839,4.703161239624023,4.711559934207128,8896800
2024-03-01,4.711560249328613,4.736755533819452,4.703161554183783,4.703161554183783,3472100
2024-03-04,4.719958782196045,4.745154468430219,4.703161791530544,4.719958782196045,5516800
2024-03-05,4.703161239624023,4.736755217012839,4.686364250929616,4.736755217012839,6684200
2024-03-06,4.711560249328613,4.719958544001617,4.686364564365948,4.711560249328613,5472500
2024-03-07,4.728356838226318,4.728356838226318,4.694762861439102,4.728356838226318,6831100
2024-03-08,4.73675537109375,4.745154065950054,4.7199583818529565,4.728357076709259,4494900
2024-03-11,4.745153903961182,4.770349186726356,4.736755209391591,4.736755209391591,4233700
2024-03-12,4.753552436828613,4.761951131820068,4.728357152797887,4.745154142308977,5754500
2024-03-13,4.728356838226318,4.761950815013535,4.719958143793618,4.7451538266199265,10160100
2024-03-14,4.719958782196045,4.719958782196045,4.703161791530544,4.719958782196045,11043900
2024-03-15,4.719958782196045,4.745154468430219,4.711560487099218,4.711560487099218,17888800
2024-03-18,4.761950969696045,4.770349263929755,4.728356991817595,4.728356991817595,20342200
2024-03-19,4.761950969696045,4.770349263929755,4.728356991817595,4.761950969696045,15333900
2024-03-20,4.73675537109375,4.7871463388161315,4.73675537109375,4.761951055190847,7618100
2024-03-21,4.753552436828613,4.761951131820068,4.736755447317522,4.736755447317522,3470500
2024-03-22,4.73675537109375,4.770349349575338,4.73675537109375,4.761951055190847,4333300
2024-03-25,4.719958782196045,4.728357477764718,4.711560487099218,4.728357477764718,2520800
2024-03-26,4.73675537109375,4.745154065950054,4.711560087468466,4.73675537109375,10607200
2024-03-27,4.73675537109375,4.7535523603345435,4.7199583818529565,4.745154065950054,10430700
2024-03-29,4.761950969696045,4.770349263929755,4.74515398075682,4.75355227499053,4051900
2024-04-01,4.78714656829834,4.795545263557253,4.770349578252346,4.778748273511259,4072300
2024-04-02,4.812342166900635,4.812342166900635,4.787146482049672,4.787146482049672,12499000
2024-04-03,4.753552436828613,4.820740394872975,4.753552436828613,4.820740394872975,13296800
2024-04-04,4.778748035430908,4.795545024640065,4.761951046221752,4.761951046221752,9745200
2024-04-05,4.812342166900635,4.820740461536406,4.778748187413901,4.778748187413901,6283900
2024-04-08,4.812342166900635,4.8375378517515975,4.812342166900635,4.829139156644002,6918100
2024-04-09,4.820740699768066,4.845936385864151,4.812342404717268,4.829139395290709,4400600
2024-04-12,4.845935821533203,4.85433451607778,4.829138832915846,4.829138832915846,10963500
2024-04-15,4.820740699768066,4.854335081386794,4.812342404717268,4.837538090813353,8664100
2024-04-16,4.78714656829834,4.837537938908153,4.770349578252346,4.820740548390328,8915600
2024-04-17,4.803943157196045,4.812341851753634,4.778747874466877,4.787146168552667,4992400
2024-04-18,4.8127264976501465,4.839073724689777,4.803943949045281,4.821508627480045,8250300
2024-04-19,4.8127264976501465,4.839073724689777,4.795161819215382,4.821508627480045,10940300
2024-04-22,4.847856044769287,4.8654207238933616,4.80394413757161,4.821508816695684,4384400
2024-04-23,4.856637477874756,4.891766828051707,4.856637477874756,4.856637477874756,7021900
2024-04-24,4.847856044769287,4.882985403017435,4.830291365645213,4.87420327284289,10782200
2024-04-25,4.839073181152344,4.8566378576141975,4.839073181152344,4.847855309995811,4167800
2024-04-26,4.830290794372559,4.8566380193301075,4.8127261173258375,4.8390733422833865,3314200
2024-04-29,4.803943157196045,4.8390729270499895,4.795161028813732,4.8390729270499895,7443300
2024-04-30,4.830290794372559,4.8390733422833865,4.8127261173258375,4.8127261173258375,9594800
2024-05-02,4.803943157196045,4.847855055432301,4.803943157196045,4.830290379892778,4953800
2024-05-03,4.777596473693848,4.821507954261999,4.777596473693848,4.812725825658332,8194900
2024-05-06,4.8127264976501465,4.8127264976501465,4.786379270610516,4.786379270610516,2485300
2024-05-07,4.830290794372559,4.84785547141928,4.8039435694150106,4.8127261173258375,7961500
2024-05-08,4.8127264976501465,4.8478558545196755,4.803943949045281,4.8478558545196755,3394100
2024-05-09,4.821507930755615,4.8302904780913725,4.812725802194764,4.812725802194764,3772200
2024-05-10,4.830290794372559,4.8390733422833865,4.821508246461732,4.821508246461732,6711200
2024-05-13,4.839073181152344,4.847855309995811,4.830290633533957,4.830290633533957,3475600
2024-05-14,4.830290794372559,4.84785547141928,4.8127261173258375,4.8390733422833865,6207600
2024-05-15,4.8127264976501465,4.839073724689777,4.803943949045281,4.830291176084911,5206200
2024-05-16,4.821507930755615,4.8302904780913725,4.803943254859006,4.821507930755615,6618800
2024-05-17,4.830290794372559,4.84785547141928,4.821508246461732,4.830290794372559,5096600
2024-05-20,4.856637477874756,4.86541960603155,4.812725580766123,4.830290255854599,11459700
2024-05-21,4.821507930755615,4.8654198298845905,4.821507930755615,4.856637701323739,7648400
2024-05-23,4.847856044769287,4.8654207238933616,4.830291365645213,4.830291365645213,6639500
2024-05-24,4.830290794372559,4.8566380193301075,4.821508246461732,4.84785547141928,7457300
2024-05-27,4.839073181152344,4.847855309995811,4.830290633533957,4.830290633533957,4778500
2024-05-28,4.830290794372559,4.84785547141928,4.821508246461732,4.8390733422833865,3760700
2024-05-29,4.8127264976501465,4.8478558545196755,4.8127264976501465,4.8478558545196755,6156200
2024-05-30,4.8127264976501465,4.839073724689777,4.8127264976501465,4.821508627480045,6683200
2024-05-31,4.821507930755615,4.839073025427131,4.803943254859006,4.821507930755615,13689700
2024-06-04,4.839073181152344,4.847855309995811,4.82150808591557,4.82150808591557,5458900
2024-06-05,4.821507930755615,4.8478551539879815,4.821507930755615,4.839073025427131,4159200
2024-06-06,4.830290794372559,4.8390733422833865,4.821508246461732,4.821508246461732,3809200
2024-06-07,4.856637477874756,4.856637477874756,4.830290255854599,4.830290255854599,4492300
2024-06-10,4.856637477874756,4.86541960603155,4.83907280278628,4.856637477874756,4807000
2024-06-11,4.856637477874756,4.86541960603155,4.8478549309430745,4.856637477874756,4887500
2024-06-12,4.821507930755615,4.8654198298845905,4.821507930755615,4.8654198298845905,6138300
2024-06-13,4.856637477874756,4.856637477874756,4.821507708922917,4.830290255854599,3487100
2024-06-14,4.856637477874756,4.856637477874756,4.83907280278628,4.856637477874756,3910700
2024-06-18,4.856637477874756,4.8829842811200255,4.856637477874756,4.86541960603155,5868200
2024-06-19,4.830290794372559,4.865420148466001,4.830290794372559,4.8566380193301075,5842600
2024-06-20,4.847856044769287,4.856638593718816,4.821508816695684,4.839073914594741,5099600
2024-06-21,4.847856044769287,4.856638593718816,4.830291365645213,4.847856044769287,16261700
2024-06-24,4.847856044769287,4.856638593718816,4.830291365645213,4.847856044769287,3908200
2024-06-25,4.821507930755615,4.856637701323739,4.812725802194764,4.856637701323739,9682800
2024-06-26,4.821507930755615,4.839073025427131,4.812725802194764,4.8302904780913725,7203600
2024-06-27,4.830290794372559,4.84785547141928,4.8127261173258375,4.830290794372559,3534100
2024-06-28,4.839073181152344,4.847855309995811,4.82150808591557,4.839073181152344,7553900
2024-07-01,4.830290794372559,4.8566380193301075,4.830290794372559,4.8390733422833865,7738500
2024-07-02,4.839073181152344,4.847855309995811,4.830290633533957,4.839073181152344,9559800
2024-07-03,4.847856044769287,4.856638593718816,4.839073914594741,4.839073914594741,7423500
2024-07-04,4.847856044769287,4.8654207238933616,4.839073914594741,4.856638593718816,6591400
2024-07-05,4.839073181152344,4.8566378576141975,4.82150808591557,4.847855309995811,9670100
2024-07-09,4.865419864654541,4.865419864654541,4.839073060008798,4.847855188632409,8662600
2024-07-10,4.856637477874756,4.86541960603155,4.83907280278628,4.86541960603155,9479700
2024-07-11,4.891767501831055,4.944461534354422,4.856638146815477,4.856638146815477,9454300
2024-07-12,4.918114185333252,4.926896733254306,4.8917673791199565,4.8917673791199565,11578400
2024-07-15,4.997155666351318,5.0059377958925575,4.918114406605398,4.918114406605398,11218300
2024-07-16,4.970808506011963,5.014720410624596,4.953243827921901,4.997155732534535,5186400
2024-07-17,4.988372802734375,5.005937479481593,4.962025997001009,4.988372802734375,4561600
2024-07-18,5.005937576293945,5.005937576293945,4.970808222120123,4.988372899207034,3625600
2024-07-19,5.005937576293945,5.014720124224868,4.979590770051046,5.005937576293945,3846700
2024-07-22,4.997155666351318,5.01472034420875,4.970808440177694,5.0059377958925575,2322900
2024-07-23,4.997155666351318,5.0059377958925575,4.988373118035126,4.997155666351318,5797500
2024-07-24,4.988372802734375,5.005937479481593,4.988372802734375,4.997155350495447,7418800
2024-07-25,5.005937576293945,5.005937576293945,4.979590770051046,4.979590770051046,3063800
2024-07-26,4.997155666351318,5.01472034420875,4.988373118035126,5.0059377958925575,4312700
2024-07-29,5.005937576293945,5.014720124224868,4.988372899207034,5.005937576293945,4631200
2024-07-30,4.970808506011963,5.032285088714658,4.970808506011963,5.014720410624596,6485900
2024-07-31,5.014720439910889,5.041067247812369,4.979591083525608,4.988373213234447,6203900
2024-08-01,5.023501873016357,5.032284420282292,5.014719744525325,5.023501873016357,8507100
2024-08-02,5.014720439910889,5.032285118103529,5.014720439910889,5.023502569619728,6176500
2024-08-05,4.935678482055664,4.997155056440842,4.909331677872661,4.997155056440842,29856500
2024-08-06,4.935678482055664,4.944461029299933,4.891767002159025,4.909331677872661,12365600
2024-08-07,5.005937576293945,5.005937576293945,4.935678867946301,4.935678867946301,2435500
2024-08-08,4.988372802734375,5.005937479481593,4.979590673748229,4.997155350495447,6697200
2024-08-09,4.962026119232178,5.014720150771864,4.953243571254762,4.9971554735919685,6175300
2024-08-12,4.962026119232178,5.0059376027944475,4.953243571254762,4.962026119232178,5278000
2024-08-13,4.988372802734375,4.997155350495447,4.970808125987156,4.970808125987156,3466200
2024-08-14,4.997155666351318,5.0059377958925575,4.979590988493887,4.997155666351318,6228600
2024-08-15,5.005937576293945,5.023502253380856,4.997155447137957,5.005937576293945,13726500
2024-08-16,5.041066646575928,5.049849194012254,5.005937294380444,5.005937294380444,6705400
2024-08-19,5.199149131774902,5.225495936440535,5.032284500051225,5.041066628681466,32980400
2024-08-20,5.199149131774902,5.207931260405143,5.1464551036687265,5.199149131774902,9080400
2024-08-21,5.181584358215332,5.199149033920134,5.146455006805728,5.199149033920134,5076600
2024-08-22,5.199149131774902,5.207931260405143,5.1464551036687265,5.1728019083343595,8636600
2024-08-23,5.207931995391846,5.207931995391846,5.172802638363315,5.199149865522197,6412600
2024-08-26,5.207931995391846,5.234279222550728,5.19036731687758,5.207931995391846,3535700
2024-08-27,5.199149131774902,5.234278483845686,5.18158445573951,5.216713807810294,10224000
2024-08-28,5.409925937652588,5.445055294226308,5.19036724967935,5.199149798210262,34838700
2024-08-29,5.366014003753662,5.515313966126626,5.348449326931839,5.409925486420756,19883000
2024-08-30,5.383578300476074,5.401142976057771,5.304537050970993,5.339666402134385,17341500
2024-09-02,5.366014003753662,5.392360809598934,5.348449326931839,5.383578680575486,7052400
2024-09-03,5.33088493347168,5.383578966738086,5.313320255716211,5.383578966738086,4861400
2024-09-04,5.295755386352539,5.339666869764954,5.278190709232586,5.3221021926450005,4717500
2024-09-05,5.383578300476074,5.392360428879473,5.304537050970993,5.304537050970993,12383200
2024-09-06,5.383578300476074,5.436272327221163,5.357231077716081,5.383578300476074,10026200
2024-09-09,5.4538373947143555,5.471402071558245,5.366014010494907,5.3835786873387965,10664800
2024-09-10,5.541660308837891,5.550442855902282,5.445054385004059,5.45383693206845,15406100
2024-09-11,5.471401691436768,5.532878265506808,5.4274897929903245,5.524095718307559,10764500
2024-09-12,5.480184078216553,5.532878526346448,5.462619401764894,5.480184078216553,17428800
2024-09-13,5.532878875732422,5.532878875732422,5.480184424275018,5.480184424275018,10366400
2024-09-17,5.54187536239624,5.559868447508345,5.496892864110471,5.550872119446787,8617200
2024-09-18,5.577861309051514,5.586858065741457,5.532878812568709,5.541875140269682,4272600
2024-09-19,5.59585428237915,5.61384736641295,5.559868114311551,5.57786119834535,8720100
2024-09-20,5.622844219207764,5.631840975873201,5.5958543782004195,5.604851134865857,14953200
2024-09-23,5.631840705871582,5.649833789350864,5.59585410992407,5.622843949637467,6249300
2024-09-24,5.667827129364014,5.7128096256037155,5.631840960776665,5.640837288429018,6224200
2024-09-25,5.559868335723877,5.703813442715604,5.541875250973534,5.703813442715604,5063200
2024-09-26,5.559868335723877,5.6048512620942255,5.505889081472847,5.559868335723877,5550600
2024-09-27,5.487895965576172,5.577861388817293,5.478899637746547,5.56886506098767,3868900
2024-09-30,5.559868335723877,5.568865092593539,5.451909827221816,5.487895996722504,8827000
2024-10-01,5.59585428237915,5.59585428237915,5.532878702755333,5.5688648708229325,2756800
2024-10-02,5.49689245223999,5.568864787295676,5.487895695863552,5.568864787295676,3786800
2024-10-03,5.532878398895264,5.550871481940901,5.487895476786701,5.5058885598323375,5762500
2024-10-04,5.568864822387695,5.568864822387695,5.532878654633087,5.532878654633087,5128900
2024-10-07,5.54187536239624,5.57786153262045,5.523882277284135,5.568865204558891,6860500
2024-10-08,5.577861309051514,5.604851150132372,5.532878812568709,5.532878812568709,6163600
2024-10-09,5.577861309051514,5.595854393442429,5.577861309051514,5.577861309051514,2910600
2024-10-10,5.59585428237915,5.604851038890531,5.57786119834535,5.586857954856732,4232500
2024-10-11,5.622844219207764,5.622844219207764,5.5958543782004195,5.604851134865857,6309300
2024-10-14,5.6408371925354,5.649833949023778,5.622844108547607,5.622844108547607,2534800
2024-10-15,5.649834156036377,5.658830483865422,5.6318410713893075,5.640837399218354,5321200
2024-10-16,5.658830165863037,5.658830165863037,5.640837082227104,5.649833838539546,8393100
2024-10-17,5.8297648429870605,5.83876117056994,5.649834001439823,5.6588303290227016,25986400
2024-10-18,5.775785446166992,5.811771613577027,5.757792362461975,5.811771613577027,5695800
2024-10-21,5.766788482666016,5.793778321748492,5.721805989513806,5.7397990725724775,6849600
2024-10-22,5.766788482666016,5.775785238689821,5.748795399607344,5.766788482666016,7055300
2024-10-23,5.838761329650879,5.8747479279297705,5.748795906426092,5.775785747888016,11972100
2024-10-24,5.8027753829956055,5.838761553666199,5.793779054822454,5.838761553666199,10096400
2024-10-25,5.766788482666016,5.829764487865836,5.766788482666016,5.829764487865836,8756200
2024-10-28,5.721806526184082,5.811771949915644,5.6948166845701245,5.766789023555374,5841500
2024-10-29,5.766788482666016,5.775785238689821,5.721805989513806,5.730802316548672,8537900
2024-10-30,5.766788482666016,5.784781565724687,5.748795399607344,5.766788482666016,11584000
2024-11-01,5.748795509338379,5.7847816761426145,5.703813015327559,5.7577922655339115,6590000
2024-11-04,5.766788482666016,5.802774648783359,5.748795399607344,5.748795399607344,2388100
2024-11-05,5.8027753829956055,5.8027753829956055,5.75779288415186,5.766789212325012,6473800
2024-11-06,5.793778419494629,5.820767830043502,5.78478166331904,5.793778419494629,4513500
2024-11-07,5.838761329650879,5.8747479279297705,5.784782075716007,5.811771917177931,3488000
2024-11-08,5.8027753829956055,5.847758310828344,5.8027753829956055,5.847758310828344,4912300
2024-11-11,5.748795509338379,5.829764599142382,5.730802425936262,5.802774759544731,2771300
2024-11-12,5.739799499511719,5.784781996009828,5.730802742818715,5.748795827215752,1826200
2024-11-13,5.8027753829956055,5.8027753829956055,5.739799798816564,5.75779288415186,2520500
2024-11-14,5.7577924728393555,5.80277496846974,5.721806304739463,5.80277496846974,5826600
2024-11-15,5.8027753829956055,5.820768468330902,5.721806713481267,5.75779288415186,12785500
2024-11-18,5.8297648429870605,5.883744095451232,5.748795749796321,5.793778674677613,7381100
2024-11-19,5.838761329650879,5.865751171112803,5.811771917177931,5.829765001822889,5172900
2024-11-20,5.847757816314697,5.865750900128415,5.829764732500979,5.847757816314697,6652700
2024-11-21,5.838761329650879,5.865751171112803,5.829765001822889,5.847758086467846,3498800
2024-11-22,5.847757816314697,5.856754572716034,5.8387610599133595,5.847757816314697,3437500
2024-11-25,5.946720600128174,5.9647136857825656,5.811772243225731,5.847758414534516,12083500
2024-11-26,6.000699043273926,6.009695370386536,5.910733627203113,5.946719793631439,5741200
2024-11-27,6.099661350250244,6.144643844785303,6.009695503202223,6.009695503202223,12429200
2024-11-28,6.000699043273926,6.081668132232129,5.955716120744048,6.081668132232129,22842800
2024-11-29,6.081667900085449,6.108657309381994,5.919729728350474,5.982705731690623,17010400
2024-12-02,5.901736736297607,6.036685071815889,5.901736736297607,6.027688315919835,11914800
2024-12-03,5.865751266479492,5.910734193317716,5.829765096604506,5.901737436354478,15574600
2024-12-04,5.910734176635742,5.937723589471317,5.874748006862321,5.8927410917490315,14826600
2024-12-05,5.919730186462402,5.964713110756319,5.9017371025426275,5.910733858996995,6401100
2024-12-06,5.856754779815674,5.937723445346043,5.856754779815674,5.919730360896075,6420900
2024-12-09,5.910734176635742,5.928727261522453,5.829765080151053,5.865751249924474,4095200
2024-12-10,5.928727149963379,5.937723477742963,5.8927409808670985,5.910734065415239,8099700
2024-12-11,5.928727149963379,5.955716562291102,5.8927409808670985,5.937723477742963,4012900
2024-12-12,5.901736736297607,5.919729819100783,5.874747326587311,5.910733492193661,4554600
2024-12-13,5.8927412033081055,5.9197306166546335,5.883744446199936,5.901737531427285,5970400
2024-12-16,5.883744239807129,5.901737324403308,5.847758070614772,5.892740996599707,5376500
2024-12-17,5.811771869659424,5.883744207650789,5.7937787851615825,5.883744207650789,4264500
2024-12-18,5.8297648429870605,5.847757927141784,5.775785590522889,5.811771758832337,2827700
2024-12-19,5.7577924728393555,5.80277496846974,5.7577924728393555,5.793778640939248,4292700
2024-12-20,5.667827129364014,5.766788878484739,5.64983404507034,5.757792550832385,7712000
2024-12-23,5.721806526184082,5.739799610930395,5.667827271945145,5.667827271945145,3831200
2024-12-24,5.775785446166992,5.784781773525024,5.712809438704954,5.72180619505194,2825700
2024-12-26,5.7847819328308105,5.793778689425556,5.7577925210245064,5.775785605225031,1414500
2024-12-27,5.811771869659424,5.8477580386551065,5.775785700663741,5.784782028418175,1874600
2024-12-30,5.811771869659424,5.829764954157265,5.775785700663741,5.829764954157265,3820300
2024-12-31,5.8297648429870605,5.847757927141784,5.793778674677613,5.8207680864152165,1933200
2025-01-02,5.8027753829956055,5.838761553666199,5.75779288415186,5.829765225493047,2979100
2025-01-03,5.7847819328308105,5.811771773626081,5.766788848630286,5.802775017031336,5490500
2025-01-06,5.775785446166992,5.811771613577027,5.730802522409972,5.784781773525024,4508200
2025-01-07,5.7847819328308105,5.7847819328308105,5.748795764429761,5.748795764429761,6732700
2025-01-08,5.7847819328308105,5.802775017031336,5.775785605225031,5.793778689425556,2643600
2025-01-09,5.712809085845947,5.793778172011843,5.712809085845947,5.775785089418192,3675600
2025-01-10,5.7577924728393555,5.784781884419794,5.712809548220008,5.712809548220008,4286600
2025-01-13,5.649834156036377,5.757792663918791,5.640837399218354,5.757792663918791,7363200
2025-01-14,5.6408371925354,5.712809528486576,5.6408371925354,5.667827033011572,4628200
2025-01-15,5.730802536010742,5.730802536010742,5.658830201019862,5.6678269573882,6790600
2025-01-16,5.712809085845947,5.730802168439599,5.685819676449934,5.730802168439599,5251400
2025-01-17,5.712809085845947,5.730802168439599,5.667826593856282,5.712809085845947,3607600
2025-01-20,5.721806526184082,5.721806526184082,5.676823599823812,5.712809769316436,1865300
2025-01-21,5.730802536010742,5.748795619758462,5.712809452263023,5.73979929237908,2131700
2025-01-22,5.730802536010742,5.748795619758462,5.72180620863136,5.730802536010742,1623800
2025-01-23,5.730802536010742,5.7577923761268,5.730802536010742,5.748795619758462,2962500
2025-01-24,5.739799499511719,5.748795827215752,5.685820246320605,5.739799499511719,3202900
2025-01-27,5.739799499511719,5.748795827215752,5.712809658421676,5.739799499511719,2541400
2025-01-28,5.739799499511719,5.748795827215752,5.72180641511468,5.748795827215752,2099400
2025-01-31,5.7847819328308105,5.802775017031336,5.730802680229236,5.739799436823982,5059200
2025-02-03,5.775785446166992,5.784781773525024,5.757792362461975,5.784781773525024,4070500
2025-02-04,5.793778419494629,5.802774746681271,5.775785336132398,5.793778419494629,1800800
2025-02-05,5.8027753829956055,5.8027753829956055,5.793779054822454,5.8027753829956055,4704500
2025-02-06,5.820768356323242,5.8297651133122645,5.802775271334182,5.802775271334182,5586900
2025-02-07,5.8297648429870605,5.83876117056994,5.811771758832337,5.8207680864152165,5014200
2025-02-10,5.8297648429870605,5.83876117056994,5.811771758832337,5.8297648429870605,4809100
2025-02-12,5.919730186462402,5.937723270382177,5.820768010409161,5.829764766863528,11834200
2025-02-13,5.883744239807129,5.937723493595666,5.883744239807129,5.919730408999487,3003000
2025-02-14,5.8927412033081055,5.910734288535455,5.883744446199936,5.883744446199936,1919700
2025-02-17,5.910734176635742,5.910734176635742,5.883744334811185,5.8927410917490315,2974800
2025-02-18,5.919730186462402,5.9467200268365445,5.9017371025426275,5.919730186462402,6300900
2025-02-19,6.036685466766357,6.036685466766357,5.910733878903741,5.928726962884115,5126600
2025-02-20,5.991702556610107,6.0276887246566755,5.991702556610107,6.0276887246566755,5960700
2025-02-21,6.000699043273926,6.027688453600699,5.973709203958211,5.991702287172373,2905200
2025-02-24,6.000699043273926,6.018692126488088,5.991702287172373,6.000699043273926,2837000
2025-02-25,5.883744239807129,6.018692588772957,5.883744239807129,6.0006995041767786,2655000
2025-02-26,5.973709583282471,6.027688836352584,5.8837441614989485,5.8837441614989485,4624700
2025-02-27,6.081667900085449,6.117654065140126,5.973708975932491,6.000698814217961,4447100
2025-02-28,6.216616153717041,6.216616153717041,6.11765440875272,6.11765440875272,13433700
2025-03-03,6.216616153717041,6.252602320792967,6.198623070179078,6.198623070179078,6996300
2025-03-04,6.171634197235107,6.2166166955058415,6.153641112129016,6.2166166955058415,4407700
2025-03-05,6.243606090545654,6.297585341998395,6.171633755275335,6.171633755275335,10313200
2025-03-06,6.216616153717041,6.27059540433093,6.207619826442534,6.216616153717041,7118800
2025-03-07,6.189627170562744,6.216616583239985,6.1626373288965235,6.216616583239985,4848700
2025-03-10,6.225613117218018,6.252602528928907,6.171633864807273,6.2166163606550775,4958900
2025-03-11,6.171634197235107,6.225613452553381,6.153641112129016,6.20762036744729,12044300
2025-03-12,6.117654323577881,6.189626656727676,6.054678317577337,6.162636817302031,13490000
2025-03-13,6.144643783569336,6.189626706645205,6.10865761670422,6.153640539780089,8745200
2025-03-14,6.162636756896973,6.216616006230225,6.1176542636137325,6.1176542636137325,13806900
2025-03-17,6.297585487365723,6.297585487365723,6.198623309590208,6.198623309590208,12610300
2025-03-19,6.288588523864746,6.2975852801797,6.252602356582836,6.2975852801797,10087900
2025-03-20,6.225613117218018,6.333571622039506,6.207620033081103,6.288588697202737,10097700
2025-03-21,6.3381242752075195,6.35687610365753,6.234988995193034,6.281868342778632,16240700
2025-03-24,6.2912445068359375,6.347499992421077,6.272492678307558,6.338124301696316,6817900
2025-03-25,6.347500324249268,6.3756282920517116,6.291244835723261,6.291244835723261,11032300
2025-03-26,6.3756279945373535,6.422507342581992,6.328748199413854,6.356876165903726,12287300
2025-03-27,6.460011005401611,6.460011005401611,6.338124342717702,6.347500033503144,18048700
2025-03-28,6.413131237030029,6.497514236884382,6.328747790096846,6.460010582042707,17914400
2025-04-02,6.469387054443359,6.469387054443359,6.347499946354059,6.422507259923212,14827300
2025-04-03,6.469387054443359,6.488138882835647,6.413131569266495,6.422507259923212,4538400
2025-04-04,6.3662519454956055,6.450635399063578,6.338124425692192,6.413131741273116,7496100
2025-04-07,6.0849738121032715,6.356875990402456,5.934959187175871,6.3381241622865305,32116000
2025-04-08,6.075598239898682,6.113101896860864,6.028718445156525,6.084973930599799,15373300
2025-04-09,5.841200351715088,6.047470471764915,5.691185718951577,6.047470471764915,21192300
2025-04-10,6.0568461418151855,6.150605280047234,6.019342486522366,6.113101624754415,11881000
2025-04-11,6.075598239898682,6.084973930599799,5.944335440531043,6.019342754455408,13602500
2025-04-14,6.1787333488464355,6.1787333488464355,6.075598071519301,6.103726037000826,8035300
2025-04-15,6.225613117218018,6.244364946450525,6.141230109211168,6.178733767676185,8655300
2025-04-16,6.15060567855835,6.272492789696761,6.084974054004082,6.2349891319739985,5752500
2025-04-17,6.15060567855835,6.178733645389855,6.094350191974205,6.094350191974205,2652000
2025-04-18,6.188109397888184,6.197485535951653,6.141230048807445,6.141230048807445,2624800
2025-04-21,6.159981727600098,6.206861075537346,6.141229899009426,6.1881092469466745,1694200
2025-04-22,6.094350337982178,6.159981964108843,6.047470541166149,6.159981964108843,3519900
2025-04-23,6.094350337982178,6.150605825914086,6.0568466793609055,6.150605825914086,6015300
2025-04-24,6.1318535804748535,6.150605408512926,6.075598096360634,6.075598096360634,8109400
2025-04-25,6.113101959228516,6.169357445245724,6.094350130556113,6.169357445245724,8087600
2025-04-28,6.225613117218018,6.225613117218018,6.122478279978661,6.131853971055477,7008600
2025-04-29,6.159981727600098,6.244364732718688,6.159981727600098,6.234989041962782,4338000
2025-04-30,6.234988689422607,6.234988689422607,6.169357069526787,6.188108897057188,10088400
2025-05-02,6.225613117218018,6.2631167756830335,6.197485596908693,6.2631167756830335,3108400
2025-05-05,6.309996128082275,6.309996128082275,6.2068608510247305,6.216236988520345,3360600
2025-05-06,6.263116836547852,6.309996633624135,6.206861348303638,6.309996633624135,3339900
2025-05-07,6.3287482261657715,6.3475000548786635,6.2724927400270944,6.28186843084411,9121400
2025-05-08,6.2537407875061035,6.375627895266281,6.2537407875061035,6.347499929214373,6628900
2025-05-09,6.2537407875061035,6.300620134820812,6.24436464979585,6.300620134820812,4246700
2025-05-13,6.39438009262085,6.39438009262085,6.281868668999158,6.281868668999158,14279200
2025-05-14,6.356875896453857,6.41313137997023,6.347499758995042,6.403755242511414,3973300
2025-05-15,6.2724928855896,6.375628169443345,6.263116747476135,6.366252031329881,6738100
2025-05-16,6.2818684577941895,6.328748253316972,6.253740938143611,6.253740938143611,6632500
2025-05-19,6.234988689422607,6.300619862239595,6.22561255211799,6.281868034709193,4004500
2025-05-20,6.2912445068359375,6.300620197560699,6.234989021250799,6.234989021250799,8351100
2025-05-21,6.2912445068359375,6.328748163892697,6.281868369032319,6.300620197560699,9047900
2025-05-22,6.2912445068359375,6.309996335364318,6.2631165405039395,6.2912445068359375,8673400
2025-05-23,6.3662519454956055,6.3662519454956055,6.300620320822864,6.319372149718094,4839400
2025-05-26,6.4506354331970215,6.497514782143727,6.356876288224742,6.394379946213654,5327000
2025-05-27,6.422507286071777,6.469387080782791,6.394379766908254,6.450635252314157,9908500
2025-05-28,6.2537407875061035,6.450635208632897,6.206860993112542,6.431883380291243,9963200
2025-05-29,6.113101959228516,6.27249272648337,6.094350130556113,6.263116588607738,15500600
2025-05-30,6.0287184715271,6.159981718547761,6.0287184715271,6.122478061421531,32828300
2025-06-03,6.075598239898682,6.131853725341955,6.047470273637616,6.047470273637616,9090300
2025-06-04,6.0099663734436035,6.131853477177182,5.963087027677577,6.131853477177182,12377200
2025-06-05,6.000590801239014,6.047470147927824,5.98183897314772,6.047470147927824,8388700
2025-06-06,5.953711032867432,6.009966517381275,5.953711032867432,6.000590826835059,5824400
2025-06-09,5.96308708190918,6.009966428101553,5.96308708190918,5.972462772316118,2677100
2025-06-10,5.981839179992676,6.0005910087323855,5.963087351252966,5.981839179992676,5473900
2025-06-11,5.981839179992676,6.00996669956281,5.95371121334368,5.9724630420833895,11334700
2025-06-12,5.991215229034424,5.991215229034424,5.963087707782562,5.981839537643433,9988500
2025-06-13,5.96308708190918,5.991214600208835,5.944335254016463,5.981838909801898,5609400
2025-06-16,5.925583839416504,5.963087497817714,5.888080181015295,5.944335668617109,7009100
2025-06-17,5.89745569229126,5.934959349549164,5.859952035033355,5.925583658774118,7402200
2025-06-18,5.89745569229126,5.925583658774118,5.888080001516213,5.89745569229126,11784500
2025-06-19,5.850575923919678,5.906831857142514,5.850575923919678,5.906831857142514,4314600
2025-06-20,5.906831741333008,5.953711088661104,5.850575809213127,5.859951946926058,7881600
2025-06-23,5.906831741333008,5.944335398027026,5.850575809213127,5.888079912985998,6349800
2025-06-24,5.944335460662842,5.96308728920744,5.9068318035736445,5.916207494306515,7079400
2025-06-25,5.888079643249512,6.019342435665348,5.888079643249512,5.981838780689395,8055000
2025-06-26,5.916207790374756,5.9255839286556995,5.897455960891749,5.906832099172693,8830900
2025-06-30,5.906831741333008,5.953711088661104,5.888079912985998,5.934959260314095,6014000
2025-07-01,5.981839179992676,5.981839179992676,5.906831865033836,5.9162075558642595,2543800
2025-07-02,5.944335460662842,6.019342774841235,5.925583632118243,5.981839117752038,6683400
2025-07-03,5.972463130950928,6.000591098018456,5.94433561096227,5.94433561096227,3640600
2025-07-04,6.01934289932251,6.01934289932251,5.98183924145773,5.98183924145773,2577300
2025-07-07,5.981839179992676,6.019342837472096,5.981839179992676,6.019342837472096,4842600
2025-07-08,5.906831741333008,6.000590883068054,5.8974556036200765,5.9818390547210445,4914800
2025-07-09,5.916207790374756,5.944335758138707,5.888080269689685,5.916207790374756,5257500
2025-07-10,5.953711032867432,5.981838998663778,5.897455548353587,5.925583514149934,3328000
2025-07-11,6.0099663734436035,6.019342510844112,5.925583372233221,5.963087027677577,6745900
2025-07-14,5.916207790374756,6.009966937789792,5.916207790374756,5.991215108306784,6481200
2025-07-15,5.906831741333008,5.963087226374035,5.906831741333008,5.916207431967085,4448600
2025-07-16,5.76619291305542,5.925583680526045,5.728689255659845,5.906831851828257,14669400
2025-07-17,5.794320583343506,5.859952209033071,5.766193063104317,5.766193063104317,7188000
2025-07-18,5.813072681427002,5.859952480099354,5.79432085137384,5.79432085137384,6453400
2025-07-21,5.794320583343506,5.84120037984732,5.784944892290067,5.822448550661569,3145600
2025-07-22,5.756816864013672,5.813072350975241,5.738065035026482,5.794320521988052,8059600
2025-07-23,5.859951972961426,5.859951972961426,5.738064864624903,5.756816693055225,5705400
2025-07-24,5.859951972961426,5.869328110716015,5.79432034991587,5.859951972961426,3473200
2025-07-25,5.831823825836182,5.869327928612066,5.831823825836182,5.850575653684703,2807700
2025-07-28,5.888079643249512,5.925583298225465,5.8411998509901535,5.85995167847813,6685700
2025-07-29,5.822448253631592,5.91620739477726,5.822448253631592,5.888079875972984,4354900
2025-07-30,5.813072681427002,5.841200650046192,5.784945159886705,5.8224488199930295,5839700
2025-07-31,5.747441291809082,5.8412004386822165,5.747441291809082,5.813072471080837,18300000
2025-08-01,5.803696632385254,5.84120029018105,5.756816836601075,5.756816836601075,8720600
2025-08-04,5.803696632385254,5.84120029018105,5.784944803487356,5.803696632385254,7363400
2025-08-05,5.813072681427002,5.859952480099354,5.784945159886705,5.813072681427002,10261500
2025-08-06,5.869328498840332,5.888080328510667,5.813072562750443,5.813072562750443,12993400
2025-08-07,5.869328498840332,5.888080328510667,5.859952360465722,5.869328498840332,5081300
2025-08-08,5.944335460662842,5.944335460662842,5.869328146484448,5.869328146484448,5190000
2025-08-11,6.000590801239014,6.019342629330308,5.944335316965133,5.944335316965133,6052500
2025-08-12,5.972463130950928,6.0287186180071135,5.963087439980998,6.000591098018456,3091000
2025-08-13,6.066222190856934,6.075598328774064,5.972463047079946,5.972463047079946,10392600
2025-08-14,6.01934289932251,6.14123001092248,6.0005910703901195,6.0755983861196805,5087600
2025-08-15,6.0287184715271,6.066222128653329,6.000590952221857,6.047470300090215,5307200
2025-08-18,6.0287184715271,6.056846437911201,6.000590952221857,6.0287184715271,9686100
2025-08-19,6.066222190856934,6.084974019612331,6.028718533346138,6.038094671263269,8408700
2025-08-20,6.075598239898682,6.084973930599799,6.047470273637616,6.066222102118708,6121400
2025-08-21,6.094350337982178,6.113102167292814,6.075598508671542,6.084974199787421,6073600
2025-08-22,6.1318535804748535,6.1599815460713865,6.094349924398708,6.094349924398708,3787500
2025-08-25,6.15060567855835,6.178733645389855,6.131853849696968,6.15060567855835,6463600
2025-08-26,6.066222190856934,6.159981781712785,6.066222190856934,6.150605643795655,11004600
2025-08-27,6.0849738121032715,6.113101777816583,6.047470155871421,6.0849738121032715,1601000
2025-08-28,6.113101959228516,6.150605616573321,6.094350130556113,6.094350130556113,7468100
2025-08-29,6.1318535804748535,6.141229718033313,6.084973786840248,6.12247788999524,9549500
2025-09-02,6.188109397888184,6.225613055984322,6.141230048807445,6.141230048807445,4654500
2025-09-03,6.188109397888184,6.225613055984322,6.150605739792045,6.188109397888184,5061300
2025-09-04,6.094350337982178,6.188109484535359,6.066222370476785,6.188109484535359,13123200
2025-09-08,6.169357776641846,6.178733915021131,6.094350457923106,6.131854117282476,3750100
2025-09-09,6.234988689422607,6.234988689422607,6.169357069526787,6.178733206831405,7451600
2025-09-10,6.197485446929932,6.2349891044873615,6.178733618151217,6.2349891044873615,7256200
2025-09-11,6.188109397888184,6.2162373649997225,6.178733706903584,6.197485535951653,8793400
2025-09-12,6.284049034118652,6.284049034118652,6.168921073897115,6.236079012570009,7147500
2025-09-17,6.284049034118652,6.322424868367155,6.236079012570009,6.274454846818512,4528800
2025-09-18,6.236079216003418,6.293642969254016,6.226485028390296,6.284049239116939,4664300
2025-09-19,6.245673179626465,6.284049013750582,6.207296888026319,6.264861096688524,9901600
2025-09-22,6.284049034118652,6.303236951242903,6.236079012570009,6.24567319987015,4238000
2025-09-23,6.303236961364746,6.312830691204263,6.284049044209683,6.284049044209683,3779900
2025-09-24,6.2744550704956055,6.312830906112162,6.264861340329489,6.3032371759460455,5878900
2025-09-25,6.245673179626465,6.274454826481539,6.236078992357421,6.274454826481539,3784700
2025-09-26,6.303236961364746,6.303236961364746,6.2360790225840095,6.245673209899556,14466800
2025-09-29,6.360800743103027,6.360800743103027,6.293642804002664,6.303236991363873,5080400
2025-09-30,6.332018852233887,6.3703946880220395,6.332018852233887,6.360800957813026,9851700
2025-10-01,6.389582633972168,6.4087705519504965,6.3320188800371815,6.3320188800371815,5001400
2025-10-02,6.523898124694824,6.5430860415184435,6.379988519779669,6.3895822494534675,8668200
2025-10-03,6.523898124694824,6.552679771192242,6.495116020721384,6.523898124694824,3756000
2025-10-06,6.552680015563965,6.571867933103167,6.50471045045398,6.523898367993183,3290400
2025-10-07,6.514304161071777,6.552679996035814,6.495116243589759,6.552679996035814,11407100
2025-10-08,6.5047101974487305,6.523898114241605,6.475928093521408,6.514303927107156,5077000
2025-10-09,6.495116233825684,6.523898338743462,6.485522503837116,6.504710421290289,6686500
2025-10-10,6.456740379333496,6.5143041315184025,6.456740379333496,6.495116214123434,7447000
2025-10-13,6.437552452087402,6.447146182032188,6.3608007826249775,6.379988699990584,6554300
2025-10-14,6.466333866119385,6.475928053194087,6.437552219847315,6.437552219847315,6693400
2025-10-15,6.466333866119385,6.504710156942176,6.437552219847315,6.466333866119385,10849000
2025-10-16,6.47592830657959,6.5047104114538445,6.456740389155433,6.466334119129493,3251700
2025-10-17,6.456740379333496,6.5143041315184025,6.4471461918979935,6.4759282967284655,6016000
2025-10-21,6.427958011627197,6.504710135544277,6.4183642820600735,6.47592803189087,4533900
2025-10-22,6.399176597595215,6.504710371518174,6.389582410204021,6.4759282668206275,5412600
2025-10-23,6.485522270202637,6.5047101869645845,6.3991764160358615,6.418364332797809,5171700
2025-10-24,6.466333866119385,6.514303886540859,6.466333866119385,6.504710156942176,2486300
2025-10-27,6.495116233825684,6.543086256196635,6.47592831637251,6.504710421290289,10492600
2025-10-28,6.5047101974487305,6.54308603103448,6.495116010314282,6.495116010314282,8474200
2025-10-29,6.514304161071777,6.543086266032825,6.495116243589759,6.514304161071777,6447900
2025-10-30,6.543086051940918,6.543086051940918,6.495116031067447,6.514303947921631,13207700
2025-10-31,6.495116233825684,6.543086256196635,6.495116233825684,6.543086256196635,5369700
2025-11-03,6.562273979187012,6.562273979187012,6.485522311648735,6.495116041353008,7982100
2025-11-04,6.639025688171387,6.734965273193165,6.562274020153965,6.562274020153965,9096400
2025-11-05,6.591055870056152,6.66780754043903,6.562274222400594,6.639025892783471,3555300
2025-11-06,6.543086051940918,6.619837719357652,6.543086051940918,6.619837719357652,3987700
2025-11-07,6.495116233825684,6.571867903638377,6.485522503837116,6.543086256196635,6189700
2025-11-10,6.591055870056152,6.600650057592032,6.504710469613436,6.504710469613436,3113200
2025-11-11,6.533492088317871,6.629431675871341,6.533492088317871,6.591055840849953,2855200
2025-11-12,6.610243797302246,6.686995467797175,6.543086314357205,6.543086314357205,10751200
2025-11-13,6.619837760925293,6.648619407649284,6.600649843950624,6.629431490674614,5813600
2025-11-14,6.600649833679199,6.61983775062401,6.57186772952397,6.610243563413592,4446600
2025-11-17,6.639025688171387,6.658213605175742,6.600649854162676,6.600649854162676,5861500
2025-11-18,6.610243797302246,6.667807550173443,6.591055879678515,6.639025902475866,2662900
2025-11-19,6.610243797302246,6.6486196325497104,6.600650067228401,6.6486196325497104,3756900
2025-11-20,6.62943172454834,6.6678075598515045,6.610243806896757,6.610243806896757,3949300
2025-11-21,6.639025688171387,6.639025688171387,6.61024358392684,6.6294315009311955,5418800
2025-11-24,6.686995506286621,6.686995506286621,6.61024383534992,6.61983802295503,5622400
2025-11-25,6.667807579040527,6.696589684338753,6.629431743626922,6.6774017666319505,2621300
2025-11-26,6.706183433532715,6.715777621151433,6.667807598009933,6.686995515771324,4815100
2025-11-27,6.706183433532715,6.715777621151433,6.696589703390042,6.715777621151433,3418600
2025-11-28,6.667807579040527,6.715777602045556,6.648619661333725,6.706183414454133,4541500
2025-12-01,6.754153251647949,6.821311190512221,6.667807395604746,6.667807395604746,9549900
2025-12-02,6.955626487731934,6.955626487731934,6.773341049018388,6.773341049018388,9027500
2025-12-03,6.965220928192139,6.994002575760117,6.907656718104103,6.9460325531787666,3339500
2025-12-04,6.984408855438232,7.041972608130246,6.965220937874228,6.965220937874228,12998400
2025-12-05,7.013190269470215,7.013190269470215,6.946032331494891,6.984408622820808,5176600
2025-12-08,6.955626487731934,7.013190238250523,6.926844383734627,7.013190238250523,2898700
2025-12-09,7.099536418914795,7.099536418914795,6.936438889548178,6.955626807269189,6238700
2025-12-10,7.051566123962402,7.0611603111909735,7.022784477228742,7.0611603111909735,1685900
2025-12-11,7.185881614685059,7.185881614685059,7.032378277301184,7.0515661944741685,6678400
2025-12-12,7.195476055145264,7.214663972993276,7.1091301960911855,7.185881867483234,6423600
2025-12-15,7.224257946014404,7.233851675915346,7.166693736704619,7.185881653982536,5409100
2025-12-16,7.339385509490967,7.377761344359528,7.2146638174301225,7.224258004885282,8360800
2025-12-17,7.291415214538574,7.339385235068678,7.2050698180508155,7.339385235068678,4928900
2025-12-18,7.233851909637451,7.27222774543319,7.214663991739582,7.2434460973244095,3299700
2025-12-19,7.396949291229248,7.435325126250522,7.224258033633513,7.2338517636508115,7925600
2025-12-22,7.416137218475342,7.435325136011167,7.329791360826105,7.396949300939515,3530300
2025-12-23,7.4257307052612305,7.435324892452887,7.358573224823731,7.416136975545598,3292200
2025-12-24,7.4257307052612305,7.4257307052612305,7.387354871446652,7.4257307052612305,1132800
2025-12-26,7.48329496383667,7.48329496383667,7.358573274361652,7.425730755251256,2060200
2025-12-29,7.4257307052612305,7.473700726267465,7.348979037632074,7.473700726267465,7571200
2025-12-30,7.5120768547058105,7.5120768547058105,7.406543078838672,7.406543078838672,6025200
2025-12-31,7.396949291229248,7.512076796293071,7.368167186225272,7.512076796293071,9360100
2026-01-02,7.4353251457214355,7.45451306328232,7.348979287959435,7.396949310599666,2236500
2026-01-05,7.416137218475342,7.464107241052926,7.416137218475342,7.435325136011167,3856100
2026-01-06,7.492888927459717,7.492888927459717,7.406543069362887,7.416137256918553,7966900
2026-01-07,7.531264781951904,7.531264781951904,7.464107298795006,7.492888946583379,7642300
2026-01-08,7.492888927459717,7.540858950285965,7.464107279744801,7.531264762730298,4839000
2026-01-09,7.531264781951904,7.540858969532057,7.483295216479268,7.483295216479268,4126200
2026-01-12,7.579234600067139,7.598422517232836,7.531264578414879,7.531264578414879,8133800
2026-01-13,7.723144054412842,7.751925700852689,7.598422366570781,7.598422366570781,7989400
2026-01-14,7.799895763397217,7.857459056585715,7.732738283026619,7.751925742438769,4877800
2026-01-15,7.847866058349609,7.847866058349609,7.751926013083142,7.799896035716375,10779200
2026-01-16,7.886241912841797,7.915023560511619,7.8478660776313385,7.857459350219891,7158600
2026-01-19,7.886241912841797,7.886241912841797,7.886241912841797,7.886241912841797,0
2026-01-20,7.684768199920654,7.771114053957162,7.617610262617145,7.771114053957162,8765300
2026-01-21,7.6655802726745605,7.742331944081778,7.646392354822757,7.6655802726745605,8952300
2026-01-22,7.799895763397217,7.828677409991466,7.675174074886073,7.675174074886073,9910900
2026-01-23,7.819083213806152,7.857459047538313,7.761519920683934,7.799895754416095,3957600
2026-01-26,7.953399181365967,7.972587555930081,7.819083304273339,7.828677491555396,9564900
2026-01-27,8.068527221679688,8.15487308306923,7.962993899399201,7.962993899399201,9567800
2026-01-28,7.982181072235107,8.087715305659271,7.97258779961189,8.068526930508664,7112800
2026-01-29,7.771114349365234,7.982180983975613,7.732738514440432,7.982180983975613,13502100
2026-01-30,8.106903076171875,8.106903076171875,7.761520544809263,7.761520544809263,8679100
2026-02-03,7.819083213806152,8.05893240337017,7.819083213806152,8.05893240337017,11204500
2026-02-04,7.828677654266357,7.8670534892401305,7.819083466784894,7.819083466784894,7705200
2026-02-05,7.828677654266357,7.886241864203056,7.819083466784894,7.847866029229283,7064700
2026-02-06,7.809490203857422,7.83827185138512,7.742331806356688,7.799896016364163,9639700
2026-02-09,7.924617767333984,7.924617767333984,7.828677721598362,7.847866096726321,5261600
2026-02-10,7.867053508758545,7.9821810139655,7.847866048700093,7.915023531332796,7303300
2026-02-11,7.876647472381592,7.905429119127234,7.857459097916461,7.886241659614157,8698100
2026-02-12,7.867053508758545,7.934211906343328,7.857459321253279,7.876647696263811,4591600
2026-02-13,7.847866058349609,7.905429353547825,7.828677683315483,7.857459330914591,4760000
2026-02-16,7.751925945281982,7.8766476370566965,7.751925945281982,7.847865989709323,5560400
2026-02-19,7.838271617889404,7.886241638974632,7.771114137341316,7.771114137341316,1986000
2026-02-20,7.847866058349609,7.88624189346578,7.838271870832546,7.838271870832546,5726400
2026-02-23,7.819083213806152,7.905429068441526,7.819083213806152,7.867053234709365,9512100
2026-02-24,7.94380521774292,7.94380521774292,7.790301876716326,7.819083524420791,4633400
2026-02-25,7.972587585449219,7.991775045132318,7.915023376495796,7.943805023496477,3621500
2026-02-26,7.962993621826172,8.058932752840892,7.847866115637255,8.058932752840892,4895600
2026-02-27,8.058932304382324,8.058932304382324,7.847865678923994,7.962993178706366,24752000
2026-03-02,8.116497039794922,8.116497039794922,7.886242025250181,7.9629936967650945,9191900
2026-03-03,8.250812530517578,8.298781636721847,8.116496654270287,8.126090841491962,10389600
2026-03-04,8.15487289428711,8.26040621412454,8.126091246140918,8.250812941377209,12934500
2026-03-05,8.15487289428711,8.23162456597835,8.135684518888251,8.174061269685968,12476500
2026-03-06,8.1356840133667,8.154872387573263,8.106902367008894,8.1356840133667,8325900
2026-03-09,7.962993621826172,8.097308588237198,7.857459388272266,8.097308588237198,15723700
2026-03-10,8.15487289428711,8.212437105531588,8.02055701135139,8.02055701135139,9615600
2026-03-11,8.260405540466309,8.279593914300305,8.135683855401407,8.1644664161524,8234000
2026-03-12,8.270000457763672,8.289188833292325,8.241218809422797,8.270000457763672,13991600
2026-03-13,8.289999961853027,8.300000190734863,8.170000076293945,8.260000228881836,15214400
2026-03-16,8.25,8.289999961853027,8.15999984741211,8.289999961853027,7190200
2026-03-17,8.350000381469727,8.399999618530273,8.260000228881836,8.260000228881836,5472800
2026-03-18,8.5,8.529999732971191,8.350000381469727,8.350000381469727,6874800
2026-03-19,8.529999732971191,8.619999885559082,8.40999984741211,8.460000038146973,9723300
2026-03-20,8.529999732971191,8.529999732971191,8.529999732971191,8.529999732971191,0
2026-03-24,8.449999809265137,8.600000381469727,8.40999984741211,8.579999923706055,12941200
2026-03-25,8.529999732971191,8.600000381469727,8.430000305175781,8.489999771118164,7550000
2026-03-26,8.5600004196167,8.59000015258789,8.529999732971191,8.550000190734863,3802200
2026-03-27,8.4399995803833,8.5600004196167,8.390000343322754,8.5600004196167,3931200
2026-03-30,8.270000457763672,8.369999885559082,8.170000076293945,8.359999656677246,10702700
2026-03-31,8.4399995803833,8.4399995803833,8.210000038146973,8.289999961853027,13021500
2026-04-01,8.630000114440918,8.630000114440918,8.489999771118164,8.5,8047300
2026-04-02,8.539999961853027,8.619999885559082,8.5,8.59000015258789,12385700
2026-04-03,8.319999694824219,8.579999923706055,8.3100004196167,8.539999961853027,8174000
2026-04-06,8.140000343322754,8.350000381469727,8.130000114440918,8.300000190734863,6220100
2026-04-07,8.140000343322754,8.229999542236328,8.119999885559082,8.15999984741211,4671600
2026-04-08,8.270000457763672,8.329999923706055,8.229999542236328,8.319999694824219,8624200
2026-04-09,8.0,8.25,8.0,8.25,10534700
2026-04-10,8.149999618530273,8.170000076293945,8.050000190734863,8.050000190734863,14023600
2026-04-13,8.010000228881836,8.119999885559082,7.989999771118164,8.119999885559082,7692300
2026-04-14,8.100000381469727,8.199999809265137,8.050000190734863,8.050000190734863,10848200
2026-04-15,8.050000190734863,8.15999984741211,8.029999732971191,8.140000343322754,6790800
2026-04-16,8.100000381469727,8.140000343322754,8.029999732971191,8.079999923706055,7267700
2026-04-17,8.180000305175781,8.220000267028809,8.100000381469727,8.130000114440918,6427000
2026-04-20,8.180000305175781,8.220000267028809,8.130000114440918,8.170000076293945,3514100
2026-04-21,8.260000228881836,8.3100004196167,8.15999984741211,8.180000305175781,7868400
2026-04-22,8.270000457763672,8.300000190734863,8.1899995803833,8.260000228881836,8218000
2026-04-23,8.229999542236328,8.300000190734863,8.199999809265137,8.289999961853027,12140400
2026-04-24,8.25,8.279999732971191,8.199999809265137,8.229999542236328,4411800
2026-04-27,8.199999809265137,8.260000228881836,8.180000305175781,8.25,6230400
2026-04-28,8.229999542236328,8.229999542236328,8.170000076293945,8.199999809265137,5167000
2026-04-29,8.210000038146973,8.220000267028809,8.1899995803833,8.220000267028809,6687700
2026-04-30,8.140000343322754,8.239999771118164,8.109999656677246,8.199999809265137,6173000
2026-05-04,8.199999809265137,8.220000267028809,8.149999618530273,8.180000305175781,4027900
2026-05-05,8.180000305175781,8.239999771118164,8.15999984741211,8.210000038146973,2167200
2026-05-06,8.270000457763672,8.3100004196167,8.180000305175781,8.199999809265137,7183400
2026-05-07,8.329999923706055,8.399999618530273,8.289999961853027,8.3100004196167,9080900
2026-05-08,8.300000190734863,8.399999618530273,8.289999961853027,8.380000114440918,5051800
2026-05-11,8.279999732971191,8.329999923706055,8.270000457763672,8.300000190734863,2911100
2026-05-12,8.350000381469727,8.359999656677246,8.279999732971191,8.279999732971191,4310000
2026-05-13,8.350000381469727,8.369999885559082,8.3100004196167,8.359999656677246,3215300
2026-05-14,8.3100004196167,8.350000381469727,8.279999732971191,8.350000381469727,1981100
2026-05-15,8.270000457763672,8.350000381469727,8.25,8.350000381469727,6409500
2026-05-18,8.220000267028809,8.300000190734863,8.220000267028809,8.270000457763672,3627400
2026-05-19,8.25,8.270000457763672,8.220000267028809,8.220000267028809,5242700
2026-05-20,8.3100004196167,8.319999694824219,8.220000267028809,8.25,7737400
2026-05-21,8.25,8.319999694824219,8.239999771118164,8.3100004196167,8895100
2026-05-22,8.25,8.300000190734863,8.220000267028809,8.25,12817100
2026-05-25,8.239999771118164,8.289999961853027,8.229999542236328,8.25,2067900
2026-05-26,8.289999961853027,8.289999961853027,8.220000267028809,8.239999771118164,4744800
2026-05-27,8.289999961853027,8.289999961853027,8.289999961853027,8.289999961853027,0
2026-05-28,8.199999809265137,8.359999656677246,8.079999923706055,8.289999961853027,9980200
2026-05-29,8.210000038146973,8.239999771118164,8.140000343322754,8.199999809265137,36688000
2026-06-02,8.210000038146973,8.210000038146973,8.210000038146973,8.210000038146973,0
2026-06-03,8.399999618530273,8.600000381469727,8.239999771118164,8.600000381469727,12093600
2026-06-04,8.489999771118164,8.579999923706055,8.380000114440918,8.390000343322754,15735600
2026-06-05,8.479999542236328,8.579999923706055,8.470000267028809,8.5,3519700
2026-06-08,8.390000343322754,8.449999809265137,8.380000114440918,8.420000076293945,5399700
2026-06-09,8.390000343322754,8.4399995803833,8.319999694824219,8.390000343322754,3231800
2026-06-10,8.4399995803833,8.470000267028809,8.350000381469727,8.430000305175781,5962100
2026-06-11,8.369999885559082,8.4399995803833,8.34000015258789,8.420000076293945,3946800
2026-06-12,8.369999885559082,8.430000305175781,8.359999656677246,8.369999885559082,2388400
2026-06-15,8.40999984741211,8.449999809265137,8.380000114440918,8.399999618530273,4664400
2026-06-16,8.390000343322754,8.5,8.369999885559082,8.40999984741211,9128700
2026-06-18,8.449999809265137,8.579999923706055,8.420000076293945,8.430000305175781,5070500
2026-06-19,8.449999809265137,8.470000267028809,8.369999885559082,8.460000038146973,11764700
2026-06-22,8.369999885559082,8.449999809265137,8.359999656677246,8.449999809265137,2697200
2026-06-23,8.350000381469727,8.40999984741211,8.300000190734863,8.40999984741211,4294500
2026-06-24,8.289999961853027,8.390000343322754,8.289999961853027,8.350000381469727,3716700
2026-06-25,8.15999984741211,8.3100004196167,8.149999618530273,8.300000190734863,5631000
2026-06-26,8.220000267028809,8.25,8.170000076293945,8.170000076293945,2252500
2026-06-29,8.319999694824219,8.34000015258789,8.149999618530273,8.220000267028809,4001500
2026-06-30,8.279999732971191,8.350000381469727,8.239999771118164,8.319999694824219,6525800
2026-07-01,8.199999809265137,8.34000015258789,8.199999809265137,8.319999694824219,4173900
2026-07-02,8.229999542236328,8.25,8.199999809265137,8.199999809265137,1222200
2026-07-03,8.25,8.300000190734863,8.229999542236328,8.25,6145800
2026-07-06,8.25,8.260000228881836,8.229999542236328,8.25,2997100
2026-07-07,8.25,8.279999732971191,8.239999771118164,8.279999732971191,3538700
2026-07-08,8.25,8.3100004196167,8.25,8.25,4268200
2026-07-09,8.3100004196167,8.329999923706055,8.220000267028809,8.25,10097800
2026-07-10,8.289999961853027,8.350000381469727,8.279999732971191,8.329999923706055,6102000
2026-07-13,8.390000343322754,8.430000305175781,8.279999732971191,8.300000190734863,2723200
2026-07-14,8.4399995803833,8.4399995803833,8.350000381469727,8.399999618530273,2812300
2026-07-15,8.4399995803833,8.4399995803833,8.350000381469727,8.4399995803833,4082500
2026-07-16,8.470000267028809,8.5,8.40999984741211,8.4399995803833,3046600
2026-07-17,8.529999732971191,8.539999961853027,8.399999618530273,8.470000267028809,4318800
2026-07-20,8.369999885559082,8.529999732971191,8.359999656677246,8.529999732971191,4515300
2026-07-21,8.489999771118164,8.5,8.369999885559082,8.380000114440918,4724500
2026-07-22,8.470000267028809,8.489999771118164,8.40999984741211,8.479999542236328,3946000
2026-07-23,8.460000038146973,8.5,8.430000305175781,8.470000267028809,2274700
2026-07-24,8.449999809265137,8.479999542236328,8.380000114440918,8.460000038146973,3459000
2026-07-27,8.380000114440918,8.460000038146973,8.359999656677246,8.449999809265137,6244200
2026-07-28,8.4399995803833,8.449999809265137,8.350000381469727,8.380000114440918,4446800
2026-07-29,8.489999771118164,8.510000228881836,8.40999984741211,8.4399995803833,3303400
2026-07-30,8.5,8.5,8.420000076293945,8.479999542236328,5959200
2026-07-31,8.550000190734863,8.59000015258789,8.390000343322754,8.5,16145700
2026-08-03,8.65999984741211,8.65999984741211,8.520000457763672,8.550000190734863,7300000
2026-08-04,8.739999771118164,8.770000457763672,8.619999885559082,8.65999984741211,7366300
2026-08-05,8.850000381469727,8.850000381469727,8.699999809265137,8.739999771118164,6283200
2026-08-06,8.859999656677246,8.899999618530273,8.779999732971191,8.850000381469727,6045900
2026-08-07,8.829999923706055,8.869999885559082,8.720000267028809,8.859999656677246,5822000
2026-08-10,8.880000114440918,8.9399995803833,8.75,8.829999923706055,2692100
2026-08-11,8.729999542236328,8.899999618530273,8.720000267028809,8.880000114440918,3792000
2026-08-12,8.699999809265137,8.779999732971191,8.670000076293945,8.729999542236328,4844100
2026-08-13,8.6899995803833,8.710000038146973,8.670000076293945,8.699999809265137,2765300
2026-08-14,8.649999618530273,8.699999809265137,8.649999618530273,8.6899995803833,2052700
2026-08-17,8.59000015258789,8.649999618530273,8.550000190734863,8.649999618530273,4669300
2026-08-18,8.680000305175781,8.75,8.59000015258789,8.59000015258789,3760900
2026-08-19,8.600000381469727,8.699999809265137,8.59000015258789,8.680000305175781,3963100
2026-08-20,8.5600004196167,8.640000343322754,8.510000228881836,8.640000343322754,6113700
2026-08-21,8.600000381469727,8.609999656677246,8.539999961853027,8.550000190734863,3798800
2026-08-24,8.619999885559082,8.619999885559082,8.579999923706055,8.600000381469727,2417700
2026-08-25,8.619999885559082,8.619999885559082,8.619999885559082,8.619999885559082,0
2026-08-26,8.600000381469727,8.649999618530273,8.59000015258789,8.619999885559082,3114000
2026-08-27,8.600000381469727,8.649999618530273,8.579999923706055,8.600000381469727,4826100
2026-08-28,8.680000305175781,8.680000305175781,8.289999961853027,8.609999656677246,17118400
2026-08-31,8.680000305175781,8.680000305175781,8.680000305175781,8.680000305175781,0
2026-09-01,8.34000015258789,8.609999656677246,8.25,8.5,28141100
2026-09-02,8.300000190734863,8.350000381469727,8.25,8.34000015258789,20847000
2026-09-03,8.3100004196167,8.34000015258789,8.260000228881836,8.300000190734863,15260400
