Date,Close,High,Low,Open,Volume
2015-01-02,3.578500509262085,3.6083213172149295,3.4815827056693034,3.5710451295278376,4389300
2015-01-05,3.5188584327697754,3.5934108059173715,3.496493005219146,3.5934108059173715,5379600
2015-01-06,3.496493339538574,3.5412245544088985,3.354844314703167,3.5412245544088985,6635900
2015-01-07,3.5039479732513428,3.5635899419148513,3.436851336179487,3.436851336179487,7025700
2015-01-08,3.533768653869629,3.541224032996328,3.466672019189551,3.503947848346918,2893400
2015-01-09,3.533768653869629,3.563589814884383,3.474127042824207,3.541224032996328,2398200
2015-01-12,3.5188584327697754,3.5337688363008826,3.4443064151142413,3.459216818645348,1238000
2015-01-13,3.5412240028381348,3.5785001871700888,3.466671989666266,3.533768623774928,5670900
2015-01-14,3.563589334487915,3.5784997352392454,3.489036975239268,3.489036975239268,4787800
2015-01-15,3.5263137817382812,3.5635899679892122,3.503947998889311,3.503947998889311,7008300
2015-01-16,3.5114033222198486,3.526313725383523,3.4890375397283107,3.4890375397283107,3419400
2015-01-19,3.5039479732513428,3.5337687798370694,3.496492949350939,3.496492949350939,2900400
2015-01-20,3.5039479732513428,3.5188583765442063,3.4592167633727535,3.4890375699584797,4084200
2015-01-21,3.5039479732513428,3.5188583765442063,3.481582546058076,3.5188583765442063,8554800
2015-01-22,3.533768653869629,3.563589814884383,3.503947848346918,3.5114032274736173,3216200
2015-01-23,3.533768653869629,3.548679412123027,3.496492824712262,3.5188582511082735,7710100
2015-01-26,3.533768653869629,3.5561344357576834,3.503947848346918,3.5561344357576834,2689500
2015-01-27,3.55613374710083,3.5784995246576794,3.503947169796165,3.503947169796165,4984700
2015-01-28,3.578500509262085,3.5785005092620845,3.5263139175985705,3.54867970130924,4575400
2015-01-29,3.533768653869629,3.5785002176457383,3.5263136302349727,3.5785002176457383,3538900
2015-01-30,3.5114033222198486,3.5785003142024103,3.5114033222198486,3.5710449348745468,6868900
2015-02-04,3.5412240028381348,3.7201488344506193,3.526313600203761,3.5785001871700888,4210000
2015-02-05,3.5412240028381348,3.5785001871700888,3.533768623774928,3.5785001871700888,4260300
2015-02-06,3.5710456371307373,3.5785010179247227,3.518859038049208,3.518859038049208,4832700
2015-02-09,3.5710456371307373,3.5934114240205703,3.5337694441450562,3.5710456371307373,2647100
2015-02-10,3.5486791133880615,3.585954939407474,3.548679113388061,3.5784999164003968,2156100
2015-02-11,3.55613374710083,3.5784995246576794,3.5412233472269223,3.5710441469747383,3341900
2015-02-12,3.5486791133880615,3.5710445379013063,3.526313333382803,3.526313333382803,3116200
2015-02-13,3.585956335067749,3.5859563350677495,3.5561355204491023,3.5635909018498397,2629600
2015-02-16,3.533768653869629,3.5561344357576834,3.5114032274736173,3.541224032996328,7400200
2015-02-17,3.5263137817382812,3.5486795645872515,3.503947998889311,3.503947998889311,4635300
2015-02-18,3.5114033222198486,3.563589911038736,3.5114033222198486,3.5114033222198486,1169000
2015-02-23,3.5188584327697754,3.5412242158124667,3.5039480292386687,3.511403408750253,4115800
2015-02-24,3.5188584327697754,3.5412242158124667,3.5039480292386687,3.5039480292386687,4999400
2015-02-25,3.5114033222198486,3.5337687492193344,3.4815825158925,3.5337687492193344,3313000
2015-02-26,3.533768653869629,3.533768653869629,3.481582421950906,3.481582421950906,2289100
2015-02-27,3.5114033222198486,3.5486795078750615,3.4815825158925,3.4815825158925,4387600
2015-03-02,3.5188584327697754,3.5412242158124667,3.481582601688039,3.5337688363008826,2697000
2015-03-03,3.522622585296631,3.575311515791003,3.4925147275609825,3.560257586923179,2301800
2015-03-04,3.530148983001709,3.5527296920734566,3.5150950573159108,3.530148983001709,3750000
2015-03-05,3.507568597793579,3.5527303836420923,3.500041812942478,3.5150957415586492,3473000
2015-03-06,3.515094518661499,3.515094518661499,3.4925134541361826,3.4925134541361826,1388800
2015-03-09,3.492514133453369,3.515095202370853,3.4322984282252977,3.492514133453369,3805100
2015-03-10,3.424771785736084,3.492514277453809,3.424771785736084,3.4473524966706828,8004400
2015-03-11,3.4172446727752686,3.4624064539543418,3.394663961642698,3.447352526894651,4450600
2015-03-12,3.424771785736084,3.4624064235983916,3.402190715887556,3.402190715887556,3946700
2015-03-13,3.3871359825134277,3.43982489367262,3.3871359825134277,3.4322977525439455,2442600
2015-03-16,3.424771785736084,3.4548796395915016,3.3645557191113196,3.3645557191113196,2363000
2015-03-17,3.3946638107299805,3.4322984472491616,3.372082741687339,3.3946638107299805,4515600
2015-03-18,3.4097177982330322,3.4548795782138373,3.379609585998573,3.417244582106205,2198700
2015-03-19,3.4548799991607666,3.462406783951012,3.409718213677393,3.4172449984676385,2464800
2015-03-20,3.4398257732391357,3.492514338956998,3.4097179188535187,3.4473525573785726,7119700
2015-03-23,3.4548799991607666,3.4849878561496825,3.4322989269620967,3.462406783951012,1666000
2015-03-24,3.4699337482452393,3.4925144603624263,3.4247719650969173,3.4247719650969173,3508900
2015-03-25,3.507568597793579,3.507568597793579,3.4021910974803817,3.469933955710136,4209800
2015-03-26,3.484988212585449,3.507568928179651,3.439826422483042,3.507568928179651,1794200
2015-03-27,3.4398257732391357,3.492514338956998,3.4398257732391357,3.4473525573785726,2395600
2015-03-30,3.447352886199951,3.500041815857416,3.432298957571243,3.432298957571243,2492900
2015-03-31,3.4548799991607666,3.492514640939928,3.4247721421718507,3.4849878561496825,5071400
2015-04-01,3.4624059200286865,3.4774598447669636,3.424771287639931,3.4774598447669636,2076700
2015-04-02,3.4548799991607666,3.4849878561496825,3.4322989269620967,3.4322989269620967,5705300
2015-04-03,3.4699337482452393,3.4925144603624263,3.4398258928130248,3.4699337482452393,1220900
2015-04-06,3.4624059200286865,3.4774598447669636,3.447351995290409,3.4774598447669636,1569500
2015-04-07,3.4624059200286865,3.4849869865930407,3.4398252123782087,3.4624059200286865,3971800
2015-04-08,3.4172446727752686,3.4849875240008448,3.3871368186558866,3.447352526894651,3459900
2015-04-09,3.500041961669922,3.500041961669922,3.40219124204985,3.4398262446464885,2153700
2015-04-10,3.447352886199951,3.4925146720860765,3.424772172713874,3.4925146720860765,2225200
2015-04-13,3.4548799991607666,3.4774607124454704,3.4322989269620967,3.4473528554565545,1875500
2015-04-14,3.4548799991607666,3.4699339276552243,3.4322989269620967,3.462406783951012,3966200
2015-04-15,3.432297945022583,3.469932934948789,3.4021900966471637,3.4398250865733697,3207500
2015-04-16,3.4699337482452393,3.4699337482452393,3.4021908940657823,3.4322987494979973,2305900
2015-04-17,3.3871359825134277,3.4699327403596323,3.3720820591699217,3.4699327403596323,5371000
2015-04-20,3.3796091079711914,3.409717315947008,3.364555183440219,3.3871362496936137,4542900
2015-04-21,3.326920986175537,3.4172445451606124,3.3193938434698214,3.3796095494598717,5843300
2015-04-22,3.28175950050354,3.3495019963504675,3.28175950050354,3.3269212840394755,4309600
2015-04-23,3.2968130111694336,3.3193937206230584,3.266705159288664,3.281759085229049,5477900
2015-04-24,3.3118672370910645,3.334447948589997,3.29681330978713,3.3118672370910645,2570400
2015-04-27,3.3118672370910645,3.326921164394999,3.289286166678193,3.3118672370910645,7568600
2015-04-28,3.3118672370910645,3.3193940212860626,3.289286166678193,3.3193940212860626,3638100
2015-04-29,3.3118672370910645,3.326921164394999,3.2742322393742587,3.3193940212860626,4236700
2015-04-30,3.266705274581909,3.311867053996978,3.266705274581909,3.311867053996978,5968600
2015-05-05,3.236597776412964,3.2968134889001703,3.214016704773283,3.266705632656567,3464200
2015-05-06,3.2215428352355957,3.244123540860526,3.191434629545947,3.2365967586234974,4182500
2015-05-07,3.1763808727264404,3.214015862626684,3.16885409009471,3.2064890799949537,5456200
2015-05-08,3.161327362060547,3.2064894994137325,3.1538005784442897,3.18390843073714,5551300
2015-05-11,3.1086392402648926,3.1613278097824242,3.1086392402648926,3.1613278097824242,3187700
2015-05-12,3.1312198638916016,3.1462737917405437,3.078531295877279,3.1161659360426595,4110600
2015-05-13,3.236597776412964,3.357029201387377,3.1613277768899986,3.1763817050118,13043100
2015-05-14,3.168854236602783,3.2742317107160543,3.168854236602783,3.2591777858427298,3003800
2015-05-15,3.198962450027466,3.198962450027466,3.1312196009391355,3.13874674368847,2374100
2015-05-18,3.2215428352355957,3.281758528787203,3.1613267827701437,3.1989617706968203,3293000
2015-05-19,3.1538002490997314,3.2215430891413606,3.131219182781231,3.2215430891413606,3169000
2015-05-20,3.1312198638916016,3.161327719589486,3.101112008193717,3.1312198638916016,3286600
2015-05-21,3.07853102684021,3.161327443316724,3.063477100306851,3.161327443316724,4685600
2015-05-22,3.0333690643310547,3.086057624563784,3.0333690643310547,3.086057624563784,6872300
2015-05-25,3.0333690643310547,3.048422989956677,3.018315138705432,3.048422989956677,1205400
2015-05-26,3.0484232902526855,3.1236929257955066,3.018315436035557,3.0408961472414364,4138100
2015-05-27,3.0032615661621094,3.055950315194573,2.9882076378671196,3.055950315194573,6731900
2015-05-28,3.0484232902526855,3.0634772173612497,2.988207402361462,3.010788293024308,8312700
2015-05-29,3.0032615661621094,3.0484235305040586,2.9656267454246352,3.0484235305040586,14048700
2015-06-01,3.018314838409424,3.0333687625373122,2.965625924504884,3.0333687625373122,4717700
2015-06-02,3.04089617729187,3.063477247634831,2.958099577376563,3.0107883227772128,5583300
2015-06-03,3.0860581398010254,3.1011120679399977,3.025842427245135,3.040896355384108,7379600
2015-06-04,3.0107882022857666,3.0559499822503824,2.9957342756308947,3.0559499822503824,6660500
2015-06-05,3.0484232902526855,3.071004001458565,3.003261329470026,3.018315436035557,3585000
2015-06-08,3.0333690643310547,3.048422989956677,3.0032610336228607,3.010787996435672,2244000
2015-06-09,3.018314838409424,3.040895545144325,3.0032607348246048,3.0333687625373122,4702100
2015-06-10,3.0333690643310547,3.048422989956677,3.010787996435672,3.010787996435672,5732000
2015-06-11,3.0258421897888184,3.055950043704016,3.0183154057669834,3.048423259682181,4555700
2015-06-12,3.04089617729187,3.063477247634831,3.0183154658628455,3.0183154658628455,2885600
2015-06-15,3.0258421897888184,3.055950043704016,3.0107882628312193,3.055950043704016,5308800
2015-06-16,3.018314838409424,3.0484226866652007,3.018314838409424,3.0484226866652007,4573300
2015-06-17,3.018314838409424,3.0333687625373122,2.9957337727606603,3.0107876968885487,1891300
2015-06-18,3.0107882022857666,3.0484231983799077,2.9806803489760227,3.0107882022857666,2529700
2015-06-19,3.0333690643310547,3.0333690643310547,2.9656262195588043,2.9882071079972383,9790100
2015-06-22,3.018314838409424,3.040895545144325,3.0032607348246048,3.040895545144325,2096500
2015-06-23,3.0032615661621094,3.071004243489562,3.0032615661621094,3.0258424586045938,4609500
2015-06-24,3.0484232902526855,3.055950074350001,3.003261329470026,3.018315436035557,6583700
2015-06-25,2.9882068634033203,3.071003447567089,2.9882068634033203,3.0183148916470794,9265700
2015-06-26,2.9882068634033203,3.0258416743868515,2.9882068634033203,3.003260787796733,9108500
2015-06-29,3.0032615661621094,3.010788530309604,2.943045852982151,2.9882076378671196,2452400
2015-06-30,3.0559496879577637,3.0559496879577637,2.9882070245345616,3.0032609497397176,9314200
2015-07-01,3.11616587638855,3.1387469471866596,3.048423381822109,3.055950166145516,6616700
2015-07-02,3.1763808727264404,3.1763808727264404,3.0860573276624916,3.1236923175627354,5613500
2015-07-03,3.183908224105835,3.2064892913169474,3.153800373766943,3.168854298936389,4239700
2015-07-06,3.161327362060547,3.176381288206972,3.071003805181997,3.0860577313284216,3619000
2015-07-07,3.1914358139038086,3.244124744771514,3.1538011709245715,3.1688550998990617,7076200
2015-07-08,3.0860581398010254,3.198962780300298,3.0559502835230803,3.191435636773833,8002600
2015-07-09,3.146273612976074,3.1914353939569065,3.0860579050016317,3.0860579050016317,2825400
2015-07-10,3.198962450027466,3.2215435193615494,3.176381380693382,3.176381380693382,4396100
2015-07-13,3.198962450027466,3.2064895927768005,3.176381380693382,3.198962450027466,3014500
2015-07-14,3.1914358139038086,3.206490101792277,3.1613279559548277,3.206490101792277,1770800
2015-07-15,3.2215428352355957,3.2365967586234974,3.191434629545947,3.2064889118476936,4574900
2015-07-16,3.244124174118042,3.244124174118042,3.214016321465144,3.2215434640853258,1600500
2015-07-20,3.2215428352355957,3.244123540860526,3.1989617706968203,3.244123540860526,1289400
2015-07-21,3.244124174118042,3.244124174118042,3.214016321465144,3.2215434640853258,1519600
2015-07-22,3.236597776412964,3.244124561016886,3.2064899201693606,3.2064899201693606,1709700
2015-07-23,3.198962450027466,3.251651372531047,3.198962450027466,3.2290703031969636,2227300
2015-07-24,3.1763808727264404,3.1989619384493593,3.16885409009471,3.1763808727264404,1928300
2015-07-27,3.1763808727264404,3.183908014272035,3.1086383933854105,3.1613269485491156,1817100
2015-07-28,3.168854236602783,3.198962086349432,3.1538003117294586,3.1763810195825055,2943400
2015-07-29,3.183908224105835,3.183908224105835,3.153800373766943,3.153800373766943,2449600
2015-07-30,3.146273612976074,3.1914353939569065,3.146273612976074,3.1688546829234556,2838100
2015-07-31,3.1914358139038086,3.1989629578480425,3.1161661690313562,3.1161661690313562,4802600
2015-08-03,3.2140161991119385,3.2140161991119385,3.138746570345105,3.1538004960984716,1644800
2015-08-04,3.1914358139038086,3.206490101792277,3.176381884929318,3.1839090288735523,1115900
2015-08-05,3.2215428352355957,3.2215428352355957,3.1839078473089186,3.2064889118476936,1880600
2015-08-06,3.1086392402648926,3.221543881810114,3.1086392402648926,3.221543881810114,5433000
2015-08-07,3.0559496879577637,3.1011114635732313,3.0183150544018176,3.0710036131629193,3630100
2015-08-10,3.0484232902526855,3.055950074350001,3.018315436035557,3.018315436035557,4286000
2015-08-11,3.0484232902526855,3.055950074350001,3.010788293024308,3.018315436035557,3314300
2015-08-12,3.0333690643310547,3.0333690643310547,2.9957340708100495,2.9957340708100495,6657800
2015-08-13,3.0258421897888184,3.048423259682181,3.00326129935242,3.0107882628312193,4985400
2015-08-14,3.018314838409424,3.0484226866652007,2.9355180762491075,3.018314838409424,8005600
2015-08-17,2.9656264781951904,2.9957343320721828,2.943045587787446,2.958099514725942,16837700
2015-08-18,2.9656264781951904,2.9957343320721828,2.92799166084895,2.9806804051336866,5588100
2015-08-19,2.9731531143188477,3.003260964880951,2.958099189037796,3.003260964880951,2448300
2015-08-20,2.9731531143188477,2.9882070395998994,2.95057222639727,2.958099189037796,1918200
2015-08-21,3.0107882022857666,3.0258421289406385,2.935518569011407,2.950572495666279,4324900
2015-08-24,2.958099365234375,2.965626328323238,2.90541044415538,2.9430454390566494,9566100
2015-08-25,2.9731531143188477,2.9731531143188477,2.7849788688487553,2.86777545789454,6726700
2015-08-26,2.980679988861084,2.9957339136971957,2.830140561043031,2.9656260640249728,6509700
2015-08-27,3.0032615661621094,3.010788530309604,2.943045852982151,2.943045852982151,4657800
2015-08-28,3.0107882022857666,3.0785310516896516,2.950572495666279,3.0484231983799077,10163600
2015-09-01,2.9656264781951904,3.0559500398261674,2.9656264781951904,3.025842185949175,11225700
2015-09-02,2.9279916286468506,2.9656264455791828,2.8753027054846227,2.9656264455791828,7443800
2015-09-03,2.9430456161499023,2.958099543233475,2.897883655442218,2.9505725796916886,3476400
2015-09-04,2.935518741607666,2.950572669147646,2.920464814067686,2.950572669147646,2907400
2015-09-07,2.9279916286468506,2.9279916286468506,2.8828296688710893,2.897883595644022,4325200
2015-09-08,2.9394142627716064,2.985104779138384,2.9013389837636683,2.9546445559320333,3109900
2015-09-09,2.969874620437622,3.0307950658842198,2.9546445090759725,2.9546445090759725,4218100
2015-09-10,3.0612549781799316,3.0688702146457794,2.9165687533589684,2.954644209459286,7476900
2015-09-11,3.046024799346924,3.0536400356402282,2.9851043614582977,2.9851043614582977,4734800
2015-09-14,3.0612549781799316,3.076485087997167,3.0003345389109914,3.0688702146457794,2558300
2015-09-15,3.091715097427368,3.106945206750086,3.061254878781932,3.0841002243232336,4327500
2015-09-17,3.1374049186706543,3.259246136688172,3.0993298330706223,3.2135554529851094,6301600
2015-09-18,3.0764853954315186,3.137405840788262,3.0460251727531467,3.10694561810989,7361600
2015-09-21,2.908954381942749,3.0764858108530073,2.908954381942749,3.0764858108530073,4060600
2015-09-22,3.0079493522644043,3.0079493522644043,2.9013384105479854,2.939413682033415,6964100
2015-09-23,2.969874620437622,2.9851047317992716,2.9165690491146004,2.947029271837899,7625800
2015-09-25,2.9546444416046143,2.985104663632333,2.908953927005792,2.9165689825127217,5870700
2015-09-28,2.9546444416046143,2.977489608125403,2.9165689825127217,2.962259497111544,3436000
2015-09-29,2.977489471435547,2.977489471435547,2.8784935728328964,2.9546443059635283,10594200
2015-09-30,3.0993309020996094,3.1145610142157087,2.9470294178241,2.969874767555507,12844900
2015-10-01,3.3506274223327637,3.3506274223327637,3.07648508295718,3.099330429202837,12663800
2015-10-02,3.1983256340026855,3.23640108614427,3.1374052010676894,3.228785850470184,8301200
2015-10-05,3.175481081008911,3.2668617427221744,3.160250970723367,3.198326064879991,4936000
2015-10-06,3.2135558128356934,3.2744766102234935,3.1983257042673507,3.2135558128356934,5689100
2015-10-07,3.274477243423462,3.3125523406498503,3.160251225515294,3.160251225515294,7735900
2015-10-08,3.3049371242523193,3.343012217536357,3.251631557917311,3.251631557917311,8007400
2015-10-09,3.3810880184173584,3.396318129905587,3.304937460976213,3.335397683952671,9184700
2015-10-12,3.3506274223327637,3.396317751709618,3.282091746710253,3.373472405463961,5255700
2015-10-13,3.3201675415039062,3.350627764196323,3.2897073188114896,3.350627764196323,5021300
2015-10-15,3.2897069454193115,3.3582422571410255,3.2820917090533124,3.3506273838894822,5982400
2015-10-16,3.3506274223327637,3.3506274223327637,3.2744768733713405,3.335397312540479,6113800
2015-10-19,3.3506274223327637,3.3887025152562456,3.282091746710253,3.282091746710253,3576800
2015-10-20,3.3201675415039062,3.38108798688874,3.297322192927345,3.38108798688874,3345800
2015-10-21,3.3201675415039062,3.3658578755425315,3.2897073188114896,3.335397652850115,5187800
2015-10-22,3.3049371242523193,3.36585756399835,3.297321887726834,3.3353973441253344,5259800
2015-10-23,3.3049371242523193,3.358242327472864,3.2897070143158116,3.358242327472864,5566500
2015-10-26,3.3963191509246826,3.3963191509246826,3.2820930988664854,3.3277834470668424,5342600
2015-10-27,3.3125529289245605,3.373473385797218,3.2897079391545967,3.343013157360889,3579500
2015-10-28,3.2973222732543945,3.3353977341047316,3.2440170638013295,3.2897073989530305,4617700
2015-10-29,3.2440168857574463,3.3506276619268807,3.2440168857574463,3.327782314047616,6791600
2015-10-30,3.2440168857574463,3.2973220922849205,3.1830960791175693,3.2973220922849205,6812700
2015-11-02,3.2820918560028076,3.29732196630225,3.244016761811438,3.2744769824103224,2339800
2015-11-03,3.2973222732543945,3.3353977341047316,3.2440170638013295,3.2897073989530305,5309700
2015-11-04,3.3125529289245605,3.343013157360889,3.297322814706396,3.3353982818090895,7308300
2015-11-05,3.3049371242523193,3.3125519976633413,3.2820917777903262,3.2820917777903262,2142500
2015-11-06,3.2973222732543945,3.320167622387498,3.274477287235797,3.312552384971628,1526500
2015-11-09,3.3049371242523193,3.3125519976633413,3.2744769043793043,3.3125519976633413,1533000
2015-11-11,3.259246349334717,3.297321437418923,3.183095446937476,3.274476457191282,3437000
2015-11-12,3.1450209617614746,3.244016863364113,3.1450209617614746,3.2135562786971996,1798700
2015-11-13,3.1526358127593994,3.1830960340912213,3.1221755914275775,3.1297908283177733,4095500
2015-11-16,3.175481081008911,3.190711191294455,3.1221755134522717,3.1221755134522717,1247200
2015-11-17,3.1602513790130615,3.259247290216141,3.106945804569591,3.1526361413292006,2885100
2015-11-18,3.5790789127349854,3.5790789127349854,3.5790789127349854,3.5790789127349854,0
2015-11-19,3.114560604095459,3.198326028146654,3.0917152573722904,3.175481044537953,2661600
2015-11-20,3.114560604095459,3.1374055877041607,3.0917152573722904,3.099330493984836,1393600
2015-11-23,3.1297905445098877,3.1754808723644437,3.1145604352250356,3.152635526879942,1346800
2015-11-24,3.1526358127593994,3.1830960340912213,3.1221755914275775,3.1221755914275775,3357800
2015-11-25,3.167865753173828,3.1907110995021513,3.1450207699599666,3.1526356433264335,3116500
2015-11-26,3.167865753173828,3.1907110995021513,3.1221754236316435,3.1221754236316435,1123000
2015-11-27,3.3201675415039062,3.396318098234948,3.1297909681190528,3.1297909681190528,13795000
2015-11-30,3.3125529289245605,3.3125529289245605,3.2135570049492093,3.3125529289245605,9904800
2015-12-01,3.2897069454193115,3.3125519282883977,3.2440166165666837,3.3125519282883977,6274100
2015-12-02,3.2211713790893555,3.3125520398727986,3.2211713790893555,3.3125520398727986,1455400
2015-12-03,3.2211713790893555,3.2440167258424504,3.167865812075113,3.1983260323362606,1885700
2015-12-04,3.1983256340026855,3.2211709779105204,3.1830955257689366,3.1830955257689366,1763600
2015-12-07,3.2059412002563477,3.251631529668938,3.190711090452151,3.221171310060545,5621500
2015-12-08,3.2135558128356934,3.2364011572454223,3.1983257042673507,3.2364011572454223,2500500
2015-12-09,3.2135558128356934,3.2287859214040355,3.190710831540395,3.2211710486770797,1529100
2015-12-10,3.2059412002563477,3.251631529668938,3.1830958539928225,3.228786183405413,3422600
2015-12-11,3.175481081008911,3.2287862854510787,3.1526357340233595,3.175481081008911,2737700
2015-12-14,3.1602513790130615,3.213556590342013,3.129791154506655,3.145021266759858,4002000
2015-12-15,3.1374049186706543,3.198325346122218,3.1374049186706543,3.198325346122218,2186700
2015-12-16,3.1374049186706543,3.2135554529851094,3.1374049186706543,3.1907104742479677,4164200
2015-12-17,3.259246349334717,3.259246349334717,3.152635231224345,3.152635231224345,5880800
2015-12-18,3.2059412002563477,3.282091749277332,3.1830958539928225,3.198325963797019,8911800
2015-12-21,3.183096170425415,3.221171630278231,3.1069456138342804,3.183096170425415,2600800
2015-12-22,3.175481081008911,3.198326064879991,3.1297907501522793,3.1374056237378154,2416700
2015-12-23,3.274477243423462,3.282092117622939,3.160251225515294,3.160251225515294,2210100
2015-12-28,3.259246349334717,3.2897065650478474,3.236401005992662,3.259246349334717,2606300
2015-12-29,3.2973222732543945,3.312552384971628,3.259247175518563,3.266862049819927,8630200
2015-12-30,3.3506274223327637,3.4343932077475596,3.2973218565025375,3.2973218565025375,5114300
2015-12-31,3.3963191509246826,3.411549266991468,3.33539868665754,3.4039340274007706,1754600
2016-01-04,3.2135558128356934,3.396317478770233,3.2135558128356934,3.2820914829504493,3513000
2016-01-05,3.388702154159546,3.388702154159546,3.2135557286544696,3.2820913969738887,2407100
2016-01-06,3.4267771244049072,3.4343923589762606,3.320166382206556,3.388701677776883,8124100
2016-01-07,3.3658576011657715,3.4191628049749383,3.2744769405376566,3.3658576011657715,6180900
2016-01-08,3.3430120944976807,3.3734723132496156,3.297321766369778,3.3506273307428893,3683300
2016-01-11,3.2973222732543945,3.3430126084060956,3.2440170638013295,3.3430126084060956,2328700
2016-01-12,3.3049371242523193,3.373472437409372,3.2364014479808034,3.2364014479808034,5875500
2016-01-13,3.3049371242523193,3.350627454061842,3.2820917777903262,3.350627454061842,2048000
2016-01-14,3.2897069454193115,3.3277820379059406,3.2820917090533124,3.2820917090533124,2528300
2016-01-15,3.2897069454193115,3.3506273838894822,3.2820917090533124,3.2897069454193115,3205500
2016-01-18,3.3049371242523193,3.327782107599849,3.251631557917311,3.327782107599849,2258000
2016-01-19,3.3125529289245605,3.343013157360889,3.274477824936432,3.3125529289245605,3163400
2016-01-20,3.274477243423462,3.335397689477284,3.274477243423462,3.3125523406498503,4469500
2016-01-21,3.2973222732543945,3.312552384971628,3.274477287235797,3.312552384971628,3938900
2016-01-22,3.3049371242523193,3.350627454061842,3.2592467944427965,3.2592467944427965,5750900
2016-01-26,3.3430120944976807,3.358242203873648,3.304937002614987,3.304937002614987,4373700
2016-01-27,3.3506274223327637,3.3887025152562456,3.335397312540479,3.3887025152562456,3713600
2016-01-28,3.3734724521636963,3.381087688722488,3.289707028703777,3.3353973587131325,7620600
2016-01-29,3.693305015563965,3.693305015563965,3.3810875882231444,3.3810875882231444,18772900
2016-02-02,3.5181591510772705,3.647615285041006,3.449623828419333,3.6400004105743524,7405900
2016-02-03,3.5410046577453613,3.647615446808163,3.4496239814058174,3.4496239814058174,4774000
2016-02-04,3.5790789127349854,3.617154367108218,3.571464039729005,3.5790789127349854,9778500
2016-02-05,3.624770402908325,3.6400005153947244,3.5714648276486645,3.6095399273074014,5641300
2016-02-08,3.624770402908325,3.624770402908325,3.624770402908325,3.624770402908325,0
2016-02-09,3.624770402908325,3.624770402908325,3.624770402908325,3.624770402908325,0
2016-02-10,3.4572384357452393,3.6552302401826027,3.4876986574872206,3.6552302401826027,1985700
2016-02-11,3.5105438232421875,3.533388806806352,3.4724683664826252,3.495313713161256,5129900
2016-02-12,3.5562336444854736,3.594308732680927,3.5029280852745406,3.5333883010766693,5801100
2016-02-15,3.5562336444854736,3.639999419498535,3.518158193175605,3.518158193175605,6354700
2016-02-16,3.5790789127349854,3.6095391309877938,3.548618694482177,3.5790789127349854,5979500
2016-02-17,3.7009191513061523,3.7313793613486435,3.5714630770683913,3.579077948021841,11016200
2016-02-18,3.7313807010650635,3.7999160167104433,3.685690369596652,3.72376546426309,16975200
2016-02-19,3.617154598236084,3.79230104593841,3.617154598236084,3.7694556992318167,5382900
2016-02-22,3.5866940021514893,3.7161501059880986,3.5714638936480307,3.6247694549673493,10670100
2016-02-23,3.5943093299865723,3.6552301348291203,3.5790792195545538,3.6476148980558736,6826100
2016-02-24,3.6095399856567383,3.655230686969065,3.594309872924139,3.6019251108477035,5099700
2016-02-25,3.655230760574341,3.6856909866529155,3.579079832263367,3.579079832263367,12296600
2016-02-26,3.6323845386505127,3.67807486681483,3.541003882321878,3.6628447574267247,5065200
2016-02-29,3.5790789127349854,3.6552298214814507,3.548618694482177,3.6552298214814507,7354400
2016-03-01,3.5866940021514893,3.6171542191584054,3.5714638936480307,3.5790787663425454,4622900
2016-03-02,3.640000104904175,3.6476149787313665,3.5866945356558966,3.5866945356558966,6910800
2016-03-03,3.6628453731536865,3.678075485101985,3.632385149257089,3.632385149257089,9859900
2016-03-04,3.651339292526245,3.7050352219141636,3.628326490091361,3.659009982820482,10065300
2016-03-07,3.682023286819458,3.682023286819458,3.6359976756800965,3.6590104812497772,9908100
2016-03-08,3.6590094566345215,3.7433892323933646,3.6513387674433724,3.6896929449511857,4289200
2016-03-09,3.6590094566345215,3.6820222557600366,3.635996657509007,3.6743512007928536,6721000
2016-03-10,3.697364330291748,3.705035020168302,3.6666808392333987,3.6666808392333987,10596700
2016-03-11,3.8047566413879395,3.820098387289662,3.6973644200758815,3.7050351101387053,13226800
2016-03-14,3.835439682006836,3.843110736943345,3.812426882973341,3.82009793790985,13532700
2016-03-15,3.7970852851867676,3.8354398297951375,3.7740728510425825,3.8354398297951375,7268400
2016-03-16,3.7970852851867676,3.827768774563045,3.7280476169781664,3.7280476169781664,8386100
2016-03-17,3.8124265670776367,3.8507811070300804,3.7970848242518596,3.827768309903414,13736600
2016-03-18,3.8124265670776367,3.8661228498558575,3.7970848242518596,3.835439364204303,13060600
2016-03-21,3.781743049621582,3.8200975892514637,3.6973636476774403,3.766401306924829,13677900
2016-03-22,3.8047566413879395,3.820098387289662,3.7357186019421507,3.7817438396473184,10276500
2016-03-23,3.6896934509277344,3.804756730782146,3.6820227606846845,3.758731491995598,10792800
2016-03-24,3.7050352096557617,3.728048012014505,3.674351717028159,3.7203769559695625,7489900
2016-03-25,3.5669593811035156,3.6820226577409336,3.436554358632847,3.6820226577409336,26031900
2016-03-28,3.5516178607940674,3.5746302981171714,3.482579817272563,3.566959607601502,4657500
2016-03-29,3.5746302604675293,3.6283265566160448,3.5286050205299837,3.5592885138216808,15893300
2016-03-30,3.5899715423583984,3.605313287018116,3.5362756189374083,3.5746297976986803,11248600
2016-03-31,3.505592107772827,3.6053132645515573,3.474908618644596,3.6053132645515573,17434100
2016-04-01,3.482579231262207,3.536275518940853,3.4365539985845257,3.4979209754881007,11511300
2016-04-04,3.505592107772827,3.5209338523369427,3.4365540743462857,3.4595668740804806,5004900
2016-04-05,3.4902501106262207,3.5132625429190085,3.4749083671723566,3.505591854080085,4331400
2016-04-06,3.51326322555542,3.51326322555542,3.467237986251001,3.5055925352260604,5357800
2016-04-07,3.4442243576049805,3.520933437156236,3.4288826148499294,3.5132623828907104,9453500
2016-04-08,3.459566831588745,3.459566831588745,3.4058705433858374,3.428882977061342,6055000
2016-04-11,3.459566831588745,3.459566831588745,3.4058705433858374,3.444224721437024,2111900
2016-04-12,3.4288830757141113,3.4672376206448394,3.421212386193595,3.4672376206448394,2865700
2016-04-13,3.4749088287353516,3.4825795185931527,3.4288832264842832,3.4288832264842832,5949300
2016-04-14,3.451895236968994,3.5132622048798416,3.451895236968994,3.4749080328235524,7114400
2016-04-15,3.4672372341156006,3.5055917747705463,3.4442244365674313,3.4595665454502162,4673100
2016-04-18,3.4442243576049805,3.467237154625557,3.4365536691154546,3.4595664661360312,3398700
2016-04-19,3.4288830757141113,3.4749086759414047,3.41354133089703,3.444224820531193,7175600
2016-04-20,3.390528678894043,3.428882855586458,3.32149064876126,3.4135411117542866,10250200
2016-04-21,3.421213150024414,3.4365548982667424,3.367516848288199,3.367516848288199,6088000
2016-04-22,3.413540840148926,3.4365536369541347,3.3828573549259775,3.421211894342661,916000
2016-04-25,3.3981995582580566,3.4212123581832916,3.3828578135665817,3.3828578135665817,2513600
2016-04-26,3.3521745204925537,3.4212125585351956,3.3291620849957178,3.4135415028522056,4480600
2016-04-27,3.3828582763671875,3.413541769947871,3.352174782786504,3.352174782786504,6098200
2016-04-28,3.390528678894043,3.4135411117542866,3.352174136425602,3.3751869350618717,5394200
2016-04-29,3.390528678894043,3.4135411117542866,3.3598451912297005,3.3598451912297005,5406200
2016-05-03,3.375187397003174,3.436554380730783,3.352174595217283,3.3751873970031743,4425900
2016-05-04,3.36751651763916,3.382858264375116,3.336833024167248,3.352174770903204,5961700
2016-05-05,3.275465726852417,3.3521744532635624,3.2677950370993325,3.344503763510478,8742000
2016-05-06,3.298478603363037,3.306149293292162,3.2294405651205706,3.2677951120944004,6191700
2016-05-09,3.1910860538482666,3.306149330281003,3.1910860538482666,3.298478640266059,7237100
2016-05-10,3.206428050994873,3.221769798003419,3.1373903723444676,3.191086303986327,6874900
2016-05-11,3.2140986919403076,3.237111126590542,3.1834152018892925,3.1987569469148003,8741500
2016-05-12,3.244781970977783,3.2601237150055917,3.2064274280202465,3.2064274280202465,7546500
2016-05-13,3.168074131011963,3.2447828724626855,3.129719577398536,3.237111815429547,26536700
2016-05-16,3.160402297973633,3.175744042496765,3.1220481195538223,3.1680733531232197,13115200
2016-05-17,3.206428050994873,3.206428050994873,3.14506106296069,3.1604028099692356,11423200
2016-05-18,3.206428050994873,3.260124348412834,3.1604028099692356,3.183415613370105,13759800
2016-05-19,3.2677950859069824,3.3061492667973815,3.214098793729145,3.2371112291081716,12866100
2016-05-20,3.206428050994873,3.2754660954213795,3.206428050994873,3.2754660954213795,8228200
2016-05-23,3.252453088760376,3.252453088760376,3.191086104561286,3.2064278506110586,8394500
2016-05-24,3.221769332885742,3.2524528224731455,3.191085843298339,3.221769332885742,9470800
2016-05-25,3.2371110916137695,3.244782146931665,3.1987569123524415,3.244782146931665,7902900
2016-05-26,3.252453088760376,3.2677952005862263,3.2294406525737562,3.2294406525737562,4506200
2016-05-27,3.252453088760376,3.2677952005862263,3.2371113427106035,3.260124144673301,6091000
2016-05-30,3.206428050994873,3.2371115450119645,3.14506106296069,3.2371115450119645,7560800
2016-05-31,3.1757442951202393,3.267795135357518,3.1757442951202393,3.2064277866073088,72512000
2016-06-01,3.183415412902832,3.206427849078452,3.145060864908695,3.145060864908695,11381300
2016-06-02,3.198756694793701,3.206427383813836,3.1604021523649513,3.1757438961812463,8092600
2016-06-03,3.229440450668335,3.237111140325609,3.175744159963198,3.175744159963198,9160700
2016-06-06,3.275465726852417,3.2831367823815616,3.2217694354765856,3.2294404910057297,6077700
2016-06-07,3.375187397003174,3.3828580870810874,3.2831369214117605,3.2831369214117605,19212000
2016-06-08,3.34450364112854,3.390528875291074,3.3368325858800945,3.3368325858800945,10855200
2016-06-09,3.34450364112854,3.3675160753217837,3.3368325858800945,3.3675160753217837,9383800
2016-06-10,3.321491241455078,3.3751875373373688,3.3138205510582313,3.3291622976280157,8529800
2016-06-13,3.321491241455078,3.3368329880248626,3.237111452433219,3.3061494948852936,6207000
2016-06-14,3.2908074855804443,3.321490976270271,3.2371111939852164,3.321490976270271,6945600
2016-06-15,3.321491241455078,3.3291622976280157,3.2447825086061566,3.2447825086061566,9522500
2016-06-16,3.298478603363037,3.3291620946316733,3.2601240563892073,3.283136857728719,7361700
2016-06-17,3.306149482727051,3.3214912292404164,3.244782496673588,3.2601242431869535,9712500
2016-06-20,3.3521745204925537,3.3521745204925537,3.275465792542989,3.3368327749026405,5965900
2016-06-21,3.3368332386016846,3.367516734045406,3.3061497431579636,3.3598460430725345,3934000
2016-06-23,3.3368332386016846,3.3598460430725345,3.3061497431579636,3.313820799906953,7629500
2016-06-24,3.3291618824005127,3.344503627056808,3.2831366484316264,3.321490827184342,7228900
2016-06-27,3.34450364112854,3.3521743306009393,3.275465606996716,3.3291618964076957,3115700
2016-06-28,3.3368332386016846,3.3445042953506743,3.3061497431579636,3.3061497431579636,3687200
2016-06-29,3.3521745204925537,3.3675162660824665,3.313820339405805,3.3598455761755437,4803100
2016-06-30,3.3291618824005127,3.375187116369399,3.321490827184342,3.3291618824005127,6150800
2016-07-01,3.3368332386016846,3.3598460430725345,3.3061497431579636,3.3214914908798243,1835800
2016-07-04,3.3598456382751465,3.375187384148619,3.3291621465282013,3.3291621465282013,4157700
2016-07-05,3.3521745204925537,3.375187321765457,3.3368327749026405,3.3368327749026405,1391200
2016-07-06,3.3521745204925537,3.3521745204925537,3.3521745204925537,3.3521745204925537,0
2016-07-07,3.3521745204925537,3.3521745204925537,3.3521745204925537,3.3521745204925537,0
2016-07-08,3.2831363677978516,3.3905285712123194,3.2831363677978516,3.3905285712123194,3128100
2016-07-11,3.3598456382751465,3.375187384148619,3.283136908907784,3.283136908907784,4325500
2016-07-12,3.34450364112854,3.3751871305702292,3.2984784069660065,3.3751871305702292,7004200
2016-07-13,3.306149482727051,3.3675164687805133,3.290807736213685,3.3214912292404164,6494900
2016-07-14,3.3138203620910645,3.359845599175876,3.3138203620910645,3.321491052050498,5051200
2016-07-15,3.2831363677978516,3.3751868278673953,3.2754653132373828,3.3291615978326234,6263700
2016-07-18,3.3138203620910645,3.3291621077860016,3.2908075606606237,3.2908075606606237,4859100
2016-07-19,3.3368332386016846,3.3445042953506743,3.298479052185092,3.298479052185092,8553200
2016-07-20,3.298478603363037,3.3214910389264802,3.2677951120944004,3.306149293292162,6072000
2016-07-21,3.298478603363037,3.3214910389264802,3.2754658020235254,3.3214910389264802,6326500
2016-07-22,3.2908074855804443,3.2984785411409314,3.2677950504511046,3.2831367957960182,1784300
2016-07-25,3.2831363677978516,3.290807056582307,3.25245251533199,3.2831363677978516,2647000
2016-07-26,3.252453088760376,3.2677952005862263,3.2294406525737562,3.252453088760376,4758800
2016-07-27,3.2601242065429688,3.2754659528838923,3.237111404143541,3.2524531504844645,4445300
2016-07-28,3.2601242065429688,3.2754659528838923,3.237111404143541,3.2524531504844645,5315300
2016-07-29,3.244781970977783,3.28313651393532,3.244781970977783,3.244781970977783,4522600
2016-08-01,3.2831363677978516,3.290807056582307,3.25245251533199,3.2754653132373828,3922800
2016-08-02,3.2601242065429688,3.29847875528332,3.244782460202045,3.29847875528332,4364800
2016-08-03,3.252453088760376,3.367516367021708,3.2371113427106035,3.2371113427106035,3127100
2016-08-04,3.244781970977783,3.2754654590334007,3.244781970977783,3.2601237150055917,2182000
2016-08-05,3.413540840148926,3.421211894342661,3.244781671422712,3.244781671422712,16850000
2016-08-08,3.375187397003174,3.436554380730783,3.3291621592074674,3.436554380730783,7734300
2016-08-09,3.36751651763916,3.4135417578470286,3.3598458271592295,3.3751875738951855,7515600
2016-08-10,3.34450364112854,3.3751871305702292,3.32149084115925,3.3675160753217837,2770600
2016-08-11,3.3598456382751465,3.375187384148619,3.3061493448299557,3.375187384148619,7217300
2016-08-12,3.36751651763916,3.4058710673670975,3.352174770903204,3.3598458271592295,4867400
2016-08-15,3.375187397003174,3.3828580870810874,3.3368328492853805,3.3368328492853805,3584200
2016-08-16,3.375187397003174,3.3828580870810874,3.3368328492853805,3.3368328492853805,7831600
2016-08-17,3.375187397003174,3.413541578944892,3.352174595217283,3.352174595217283,4713100
2016-08-18,3.375187397003174,3.3981998330129897,3.359845651071272,3.3981998330129897,5048100
2016-08-19,3.4058711528778076,3.4212128999989466,3.375187658635529,3.375187658635529,7170200
2016-08-22,3.4058711528778076,3.428883590671464,3.375187658635529,3.375187658635529,1031800
2016-08-23,3.3981995582580566,3.444224792332481,3.3751871241088676,3.3751871241088676,1693700
2016-08-24,3.390528678894043,3.3981993679221154,3.3598451912297005,3.3751869350618717,4875300
2016-08-25,3.390528678894043,3.421212166558385,3.3751869350618717,3.3981993679221154,4422300
2016-08-26,3.390528678894043,3.421212166558385,3.3598451912297005,3.3598451912297005,2125100
2016-08-29,3.36751651763916,3.421212814103054,3.3598458271592295,3.3598458271592295,2683200
2016-08-30,3.36751651763916,3.4135417578470286,3.352174770903204,3.3982000111110726,6442300
2016-09-01,3.375187397003174,3.3981998330129897,3.3291621592074674,3.390529142935076,4209700
2016-09-02,3.3828582763671875,3.405871079440748,3.3445040922793807,3.3445040922793807,2485600
2016-09-05,3.4442243576049805,3.467237154625557,3.3828573865847757,3.3828573865847757,5515400
2016-09-06,3.4979207515716553,3.5055918060815636,3.405870292108825,3.405870292108825,6531800
2016-09-07,3.4475631713867188,3.525036799938758,3.432068519560639,3.4553106820105786,8698000
2016-09-08,3.4708058834075928,3.486300537687112,3.408827266289516,3.432069062997946,7606400
2016-09-09,3.486299514770508,3.486299514770508,3.439815565570825,3.447562705726644,4255200
2016-09-13,3.4708058834075928,3.5947631176437467,3.4398165748485545,3.4785530258365034,9074000
2016-09-14,3.4708058834075928,3.4785530258365034,3.4165744087184264,3.4553112291280734,6234800
2016-09-15,3.4088268280029297,3.4553107848648583,3.4088268280029297,3.4320686217230687,8223500
2016-09-19,3.4243216514587402,3.447563446340646,3.4088269983969135,3.416574140216992,3457700
2016-09-20,3.4320688247680664,3.4475634779720563,3.416574171564076,3.4243216828769074,4025600
2016-09-21,3.416574478149414,3.4708059539406624,3.4088273355630676,3.4320691327438126,4800500
2016-09-22,3.385585069656372,3.5172898145565177,3.424321889717013,3.447563686216042,3717200
2016-09-23,3.4708058834075928,3.5172898462461504,3.424321920569035,3.4785530258365034,2140700
2016-09-26,3.4708058834075928,3.4785530258365034,3.424321920569035,3.4785530258365034,1782100
2016-09-27,3.4785518646240234,3.4785518646240234,3.447562566409853,3.470804724781268,3514300
2016-09-28,3.4940478801727295,3.5017950222261174,3.447563550165682,3.4863003686976617,1795100
2016-09-29,3.5017943382263184,3.5095418481880776,3.4708050372224966,3.5017943382263184,4773500
2016-09-30,3.4475631713867188,3.5017946374888185,3.4475631713867188,3.4553106820105786,5647500
2016-10-04,3.5017943382263184,3.517288988728229,3.4320682262569155,3.4320682262569155,7309300
2016-10-05,3.4243216514587402,3.486300263706047,3.4243216514587402,3.486300263706047,5299500
2016-10-06,3.370090961456299,3.4475642447062156,3.370090961456299,3.4475642447062156,5734000
2016-10-07,3.4243216514587402,3.447563446340646,3.370090181031512,3.3933323453350863,7582000
2016-10-10,3.4475631713867188,3.4708053338366582,3.4243213783584188,3.432068519560639,964800
2016-10-11,3.486299514770508,3.4940470243479163,3.447562705726644,3.478552005193099,1833300
2016-10-12,3.486299514770508,3.5017941645037354,3.439815565570825,3.439815565570825,1727400
2016-10-13,3.4553120136260986,3.5017959870184314,3.4243226980312103,3.486301329220987,4909200
2016-10-14,3.4475631713867188,3.4553106820105786,3.4243213783584188,3.4553106820105786,1893700
2016-10-17,3.4475631713867188,3.4708053338366582,3.4088267265323386,3.4708053338366582,2549500
2016-10-18,3.4785518646240234,3.4785518646240234,3.424320777460012,3.455310075674183,2438700
2016-10-19,3.486299514770508,3.509541674081144,3.4553102153040527,3.478552005193099,2060700
2016-10-20,3.4785518646240234,3.486299373888353,3.455310075674183,3.486299373888353,1271400
2016-10-21,3.4940478801727295,3.5017950222261174,3.4320688966372264,3.463058203694138,4186200
2016-10-24,3.486299514770508,3.509541674081144,3.4630573554598714,3.4940470243479163,4032900
2016-10-25,3.4940478801727295,3.509542533701185,3.463058203694138,3.5017950222261174,3406700
2016-10-26,3.486299514770508,3.5017941645037354,3.4630573554598714,3.4708048650372803,2544500
2016-10-27,3.4940478801727295,3.525037187229641,3.4398164081122946,3.4940478801727295,7385900
2016-10-28,3.517289161682129,3.517289161682129,3.4553105566268427,3.486299859154486,2045500
2016-10-31,3.486299514770508,3.5327834639701905,3.4630573554598714,3.5250363238143714,4459700
2016-11-01,3.4630582332611084,3.494047910004284,3.43981643748083,3.470805744802323,1609500
2016-11-02,3.4088268280029297,3.4630579262976875,3.3313535665663827,3.4630579262976875,6457800
2016-11-03,3.370090961456299,3.424322444442118,3.370090961456299,3.370090961456299,4599700
2016-11-04,3.385585069656372,3.4010797237962893,3.354595761376537,3.354595761376537,3820600
2016-11-07,3.385585069656372,3.4088272355770957,3.385585069656372,3.385585069656372,1841000
2016-11-08,3.4475631713867188,3.4475631713867188,3.401079215908479,3.4088267265323386,4998600
2016-11-09,3.377837657928467,3.470805575354159,3.3700901467654933,3.4630580641911854,9447200
2016-11-10,3.4010794162750244,3.4630580272306672,3.385584763536114,3.3933322746164,7448000
2016-11-11,3.377837657928467,3.408826963737031,3.3623430050241847,3.385584799669775,6710900
2016-11-14,3.377837657928467,3.393332310832749,3.3468483521199026,3.3545954938612113,3311100
2016-11-15,3.3933327198028564,3.4243220293463033,3.362343410259409,3.362343410259409,2705800
2016-11-16,3.416574478149414,3.424321990157466,3.37783802637427,3.37783802637427,2772600
2016-11-17,3.3933327198028564,3.40882737457458,3.3778380650311326,3.3933327198028564,5484900
2016-11-18,3.385585069656372,3.4010797237962893,3.3700904155164544,3.393332581437178,4246100
2016-11-21,3.377837657928467,3.393332310832749,3.3700901467654933,3.393332310832749,4762000
2016-11-22,3.377837657928467,3.401079452574057,3.3700901467654933,3.401079452574057,3787300
2016-11-23,3.4088268280029297,3.4243214802902395,3.3855846648611405,3.4088268280029297,4875400
2016-11-24,3.3933327198028564,3.4243220293463033,3.3778380650311326,3.3778380650311326,1902900
2016-11-25,3.377837657928467,3.416574105478339,3.3700901467654933,3.377837657928467,1320600
2016-11-28,3.377837657928467,3.401079452574057,3.3700901467654933,3.377837657928467,3135100
2016-11-29,3.377837657928467,3.393332310832749,3.3623430050241847,3.393332310832749,8081600
2016-11-30,3.370090961456299,3.393333131142151,3.370090961456299,3.370090961456299,7518900
2016-12-01,3.377837657928467,3.470805575354159,3.3700901467654933,3.3700901467654933,3078100
2016-12-02,3.3933327198028564,3.401079862477863,3.370090552934416,3.3778380650311326,1896200
2016-12-05,3.385585069656372,3.4088272355770957,3.3700904155164544,3.3700904155164544,4898800
2016-12-06,3.3933327198028564,3.401079862477863,3.3778380650311326,3.3855852077061397,2129700
2016-12-07,3.3933327198028564,3.401079862477863,3.3778380650311326,3.401079862477863,4993600
2016-12-08,3.4088268280029297,3.4165739694357593,3.377837523428311,3.4088268280029297,2802200
2016-12-09,3.4010794162750244,3.4088269273553107,3.377837621877489,3.385584763536114,2319100
2016-12-13,3.4088268280029297,3.447563274010378,3.3933321757156203,3.4088268280029297,4999500
2016-12-14,3.4088268280029297,3.447563274010378,3.40107931714845,3.447563274010378,4173000
2016-12-15,3.4088268280029297,3.4165739694357593,3.377837523428311,3.3933321757156203,3190800
2016-12-16,3.4320688247680664,3.470805642488878,3.3933323764689267,3.416574171564076,8217600
2016-12-19,3.3933327198028564,3.416574517249587,3.3778380650311326,3.416574517249587,2653100
2016-12-20,3.4010794162750244,3.439816232833132,3.377837621877489,3.385584763536114,3574500
2016-12-21,3.3933327198028564,3.416574517249587,3.3933327198028564,3.416574517249587,3784600
2016-12-22,3.4010794162750244,3.4165740690139352,3.385584763536114,3.385584763536114,2404400
2016-12-23,3.377837657928467,3.4398162695455947,3.3700901467654933,3.393332310832749,1016100
2016-12-27,3.4010794162750244,3.4088269273553107,3.370090110797203,3.385584763536114,1624800
2016-12-28,3.370090961456299,3.432069588056232,3.370090961456299,3.432069588056232,5133600
2016-12-29,3.4243216514587402,3.432068793278819,3.370090181031512,3.370090181031512,2051300
2016-12-30,3.4088268280029297,3.494047600293957,3.4088268280029297,3.4243214802902395,2298700
2017-01-02,3.4088268280029297,3.4088268280029297,3.4088268280029297,3.4088268280029297,0
2017-01-03,3.4320688247680664,3.4320688247680664,3.3933323764689267,3.408827029672917,2963400
2017-01-04,3.416574478149414,3.4630584419326103,3.4088273355630676,3.4630584419326103,2370800
2017-01-05,3.43981671333313,3.447563856073935,3.401079891363966,3.416574546267289,4623000
2017-01-06,3.486299514770508,3.509541674081144,3.439815565570825,3.4553102153040527,8513000
2017-01-09,3.486299514770508,3.517288814236963,3.4553102153040527,3.4940470243479163,5009000
2017-01-10,3.486299514770508,3.4940470243479163,3.4630573554598714,3.486299514770508,5570800
2017-01-11,3.486299514770508,3.486299514770508,3.439815565570825,3.478552005193099,4802300
2017-01-12,3.4708058834075928,3.5172898462461504,3.4553112291280734,3.486300537687112,5041900
2017-01-13,3.4785518646240234,3.5017940229954383,3.470804724781268,3.486299373888353,1995900
2017-01-16,3.4553120136260986,3.4940488428306002,3.4553120136260986,3.4940488428306002,1111200
2017-01-17,3.4785518646240234,3.486299373888353,3.463057215516938,3.4785518646240234,1568700
2017-01-18,3.4785518646240234,3.4785518646240234,3.4785518646240234,3.4785518646240234,0
2017-01-19,3.4785518646240234,3.4785518646240234,3.4785518646240234,3.4785518646240234,0
2017-01-20,3.4785518646240234,3.4785518646240234,3.4785518646240234,3.4785518646240234,0
2017-01-23,3.4785518646240234,3.4785518646240234,3.4785518646240234,3.4785518646240234,0
2017-01-24,3.4785518646240234,3.4785518646240234,3.4785518646240234,3.4785518646240234,0
2017-01-25,3.4785518646240234,3.4785518646240234,3.4785518646240234,3.4785518646240234,0
2017-01-26,3.4785518646240234,3.4785518646240234,3.4785518646240234,3.4785518646240234,0
2017-01-27,3.4785518646240234,3.4785518646240234,3.4785518646240234,3.4785518646240234,0
2017-01-31,3.4785518646240234,3.4785518646240234,3.4785518646240234,3.4785518646240234,0
2017-02-02,3.4785518646240234,3.4785518646240234,3.4785518646240234,3.4785518646240234,0
2017-02-03,3.4785518646240234,3.4785518646240234,3.4785518646240234,3.4785518646240234,0
2017-02-06,3.4785518646240234,3.4785518646240234,3.4785518646240234,3.4785518646240234,0
2017-02-07,3.4785518646240234,3.4785518646240234,3.4785518646240234,3.4785518646240234,0
2017-02-08,3.4785518646240234,3.4785518646240234,3.4785518646240234,3.4785518646240234,0
2017-02-10,3.4785518646240234,3.4785518646240234,3.4785518646240234,3.4785518646240234,0
2017-02-13,3.4785518646240234,3.4785518646240234,3.4785518646240234,3.4785518646240234,0
2017-02-14,3.4785518646240234,3.4785518646240234,3.4785518646240234,3.4785518646240234,0
2017-02-15,3.4785518646240234,3.4785518646240234,3.4785518646240234,3.4785518646240234,0
2017-02-16,3.4785518646240234,3.4785518646240234,3.4785518646240234,3.4785518646240234,0
2017-02-17,3.4785518646240234,3.4785518646240234,3.4785518646240234,3.4785518646240234,0
2017-02-20,3.4785518646240234,3.4785518646240234,3.4785518646240234,3.4785518646240234,0
2017-02-21,3.4785518646240234,3.4785518646240234,3.4785518646240234,3.4785518646240234,0
2017-02-22,3.4785518646240234,3.4785518646240234,3.4785518646240234,3.4785518646240234,0
2017-02-23,3.4785518646240234,3.4785518646240234,3.4785518646240234,3.4785518646240234,0
2017-02-24,3.4785518646240234,3.4785518646240234,3.4785518646240234,3.4785518646240234,0
2017-02-27,3.4785518646240234,3.4785518646240234,3.4785518646240234,3.4785518646240234,0
2017-02-28,3.4785518646240234,3.4785518646240234,3.4785518646240234,3.4785518646240234,0
2017-03-01,3.4785518646240234,3.4785518646240234,3.4785518646240234,3.4785518646240234,0
2017-03-02,3.4785518646240234,3.4785518646240234,3.4785518646240234,3.4785518646240234,0
2017-03-03,3.513768434524536,3.513768434524536,3.513768434524536,3.513768434524536,0
2017-03-06,3.513768434524536,3.513768434524536,3.513768434524536,3.513768434524536,0
2017-03-07,3.513768434524536,3.513768434524536,3.513768434524536,3.513768434524536,0
2017-03-08,3.513768434524536,3.513768434524536,3.513768434524536,3.513768434524536,0
2017-03-09,3.513768434524536,3.513768434524536,3.513768434524536,3.513768434524536,0
2017-03-10,3.513768434524536,3.513768434524536,3.513768434524536,3.513768434524536,0
2017-03-13,3.513768434524536,3.513768434524536,3.513768434524536,3.513768434524536,0
2017-03-14,3.513768434524536,3.513768434524536,3.513768434524536,3.513768434524536,0
2017-03-15,3.513768434524536,3.513768434524536,3.513768434524536,3.513768434524536,0
2017-03-16,3.513768434524536,3.513768434524536,3.513768434524536,3.513768434524536,0
2017-03-17,3.513768434524536,3.513768434524536,3.513768434524536,3.513768434524536,0
2017-03-20,3.513768434524536,3.513768434524536,3.513768434524536,3.513768434524536,0
2017-03-21,3.513768434524536,3.513768434524536,3.513768434524536,3.513768434524536,0
2017-03-22,3.513768434524536,3.513768434524536,3.513768434524536,3.513768434524536,0
2017-03-23,3.513768434524536,3.513768434524536,3.513768434524536,3.513768434524536,0
2017-03-24,3.513768434524536,3.513768434524536,3.513768434524536,3.513768434524536,0
2017-03-27,3.513768434524536,3.513768434524536,3.513768434524536,3.513768434524536,0
2017-03-28,3.513768434524536,3.513768434524536,3.513768434524536,3.513768434524536,0
2017-03-29,3.513768434524536,3.513768434524536,3.513768434524536,3.513768434524536,0
2017-03-30,3.513768434524536,3.513768434524536,3.513768434524536,3.513768434524536,0
2017-03-31,3.513768434524536,3.513768434524536,3.513768434524536,3.513768434524536,0
2017-04-03,3.513768434524536,3.513768434524536,3.513768434524536,3.513768434524536,0
2017-04-04,3.513768434524536,3.513768434524536,3.513768434524536,3.513768434524536,0
2017-04-05,3.513768434524536,3.513768434524536,3.513768434524536,3.513768434524536,0
2017-04-06,3.513768434524536,3.513768434524536,3.513768434524536,3.513768434524536,0
2017-04-07,3.513768434524536,3.513768434524536,3.513768434524536,3.513768434524536,0
2017-04-10,3.513768434524536,3.513768434524536,3.513768434524536,3.513768434524536,0
2017-04-11,3.513768434524536,3.513768434524536,3.513768434524536,3.513768434524536,0
2017-04-12,3.513768434524536,3.513768434524536,3.513768434524536,3.513768434524536,0
2017-04-13,3.513768434524536,3.513768434524536,3.513768434524536,3.513768434524536,0
2017-04-14,3.513768434524536,3.513768434524536,3.513768434524536,3.513768434524536,0
2017-04-17,3.513768434524536,3.513768434524536,3.513768434524536,3.513768434524536,0
2017-04-18,3.513768434524536,3.513768434524536,3.513768434524536,3.513768434524536,0
2017-04-19,3.513768434524536,3.513768434524536,3.513768434524536,3.513768434524536,0
2017-04-20,3.513768434524536,3.513768434524536,3.513768434524536,3.513768434524536,0
2017-04-21,3.5528979301452637,3.57637539363152,3.5372464122083005,3.5528979301452637,3581700
2017-04-24,3.5528979301452637,3.5528979301452637,3.5528979301452637,3.5528979301452637,0
2017-04-25,3.560723304748535,3.592026335603161,3.5528973604540974,3.5685488758814103,6107000
2017-04-26,3.5998518466949463,3.5998518466949463,3.545071730193797,3.584200331528681,5530800
2017-04-27,3.607678174972534,3.6155037468080864,3.568549196309986,3.6155037468080864,2961700
2017-04-28,3.592026710510254,3.623329744632041,3.5137687520441854,3.5607236763884673,4443700
2017-05-02,3.592026710510254,3.607678227571147,3.5528977312772194,3.607678227571147,3417400
2017-05-03,3.529420852661133,3.599852497052896,3.5137689615056034,3.5528979430711796,5280100
2017-05-04,3.560723304748535,3.576374820175848,3.5294202738939093,3.5450717893212222,3797900
2017-05-05,3.576375722885132,3.5920272422630286,3.560724203507235,3.560724203507235,3011300
2017-05-08,3.5998518466949463,3.5998518466949463,3.568548816362416,3.568548816362416,5469400
2017-05-09,3.592026710510254,3.607678227571147,3.568549248338113,3.607678227571147,3623000
2017-05-11,3.615504741668701,3.6233306888192764,3.592027646540372,3.6155047416687007,9730000
2017-05-12,3.6311557292938232,3.6311557292938232,3.5998526916141764,3.615504210454,3857800
2017-05-15,3.6311557292938232,3.6311557292938232,3.592027118775087,3.6311557292938232,2526300
2017-05-16,3.6311557292938232,3.6546331941343806,3.56072408109544,3.615504210454,4866100
2017-05-17,3.5998518466949463,3.615503361861211,3.568548816362416,3.615503361861211,839900
2017-05-18,3.560723304748535,3.576374820175848,3.5372458450267845,3.560723304748535,2543600
2017-05-19,3.545072317123413,3.560723834880976,3.5294207993658504,3.560723834880976,2654100
2017-05-22,3.5528979301452637,3.57637539363152,3.5294208398206304,3.5450723577575936,3893900
2017-05-23,3.529420852661133,3.560723888648944,3.5215949070833683,3.560723888648944,3211900
2017-05-24,3.545072317123413,3.560723834880976,3.5294207993658504,3.5450723171234135,2813100
2017-05-25,3.576375722885132,3.576375722885132,3.5528982572374583,3.560724203507235,1500200
2017-05-26,3.584200620651245,3.599852137080053,3.576375049017635,3.576375049017635,2404700
2017-05-29,3.5685489177703857,3.584200433381422,3.521594370937277,3.5528974021593496,1483000
2017-05-31,3.560723304748535,3.592026335603161,3.5372458450267845,3.592026335603161,6130100
2017-06-01,3.4824652671813965,3.545071700483322,3.4511622371112107,3.529420185448229,5468000
2017-06-02,3.513768434524536,3.513768434524536,3.4668138875848764,3.498116918877983,2211200
2017-06-05,3.5372462272644043,3.560723689523148,3.466814213649776,3.466814213649776,3795000
2017-06-06,3.560723304748535,3.560723304748535,3.5215943295994716,3.5215943295994716,2691100
2017-06-07,3.5528979301452637,3.5607238756945567,3.5294208398206304,3.5294208398206304,2162500
2017-06-08,3.545072317123413,3.560723834880976,3.5372463716638225,3.5528978894213856,2730700
2017-06-09,3.5528979301452637,3.5528979301452637,3.5294208398206304,3.5294208398206304,2095800
2017-06-13,3.5372462272644043,3.560723689523148,3.498117247887032,3.498117247887032,6288000
2017-06-14,3.513768434524536,3.5685489258682566,3.474639831988937,3.5685489258682566,4482400
2017-06-15,3.4981167316436768,3.5215941904376757,3.498116731643677,3.5137682464524937,2990400
2017-06-16,3.584200620651245,3.584200620651245,3.513768610140817,3.5215945549360144,5195800
2017-06-19,3.521594524383545,3.5998521058486403,3.521594524383545,3.5842005895556213,355100
2017-06-20,3.521594524383545,3.529420469110846,3.5137685796562437,3.521594524383545,1478300
2017-06-21,3.513768434524536,3.58420044151481,3.4824654032314295,3.5059428632820437,2377200
2017-06-22,3.505943775177002,3.513769348454924,3.4824663090199057,3.513769348454924,1206800
2017-06-23,3.505943775177002,3.513769348454924,3.490292255459493,3.490292255459493,1093800
2017-06-26,3.513768434524536,3.513768434524536,3.513768434524536,3.513768434524536,0
2017-06-27,3.513768434524536,3.513768434524536,3.513768434524536,3.513768434524536,0
2017-06-28,3.4824652671813965,3.5137682972515827,3.4668137521463036,3.49029121127972,1699700
2017-06-29,3.521594524383545,3.529420469110846,3.4824655470702055,3.505943008090526,951300
2017-06-30,3.4824652671813965,3.5137682972515827,3.4589881812095338,3.5137682972515827,5548400
2017-07-03,3.505943775177002,3.545072761051607,3.490292255459493,3.498117828737415,3157500
2017-07-04,3.4902918338775635,3.5059433517045724,3.4902918338775635,3.4981174062102576,929100
2017-07-05,3.4902918338775635,3.5059433517045724,3.4824658883832487,3.4902918338775635,665700
2017-07-06,3.607678174972534,3.6076781749725346,3.4824656671493375,3.4902916121464855,572000
2017-07-07,3.4981167316436768,3.6076777084669414,3.4902911608200426,3.6076777084669414,1972100
2017-07-10,3.513768434524536,3.521594378928597,3.4824654032314295,3.49029134763549,2682800
2017-07-11,3.505943775177002,3.53724681461202,3.490292255459493,3.490292255459493,1111000
2017-07-12,3.513768434524536,3.513768434524536,3.5059428632820437,3.513768434524536,2542900
2017-07-13,3.529420852661133,3.529420852661133,3.5137689615056034,3.5215949070833683,3556500
2017-07-14,3.513768434524536,3.5294203233326575,3.498116918877983,3.5294203233326575,1248400
2017-07-17,3.521594524383545,3.529420469110846,3.5137685796562437,3.529420469110846,1369100
2017-07-18,3.513768434524536,3.521594378928597,3.5059428632820437,3.513768434524536,1545900
2017-07-19,3.513768434524536,3.521594378928597,3.49029134763549,3.521594378928597,2537700
2017-07-20,3.513768434524536,3.521594378928597,3.5059428632820437,3.513768434524536,2817600
2017-07-21,3.505943775177002,3.513769348454924,3.490292255459493,3.505943775177002,2163500
2017-07-24,3.505943775177002,3.513769348454924,3.490292255459493,3.490292255459493,2827000
2017-07-25,3.505943775177002,3.521595294894511,3.490292255459493,3.505943775177002,3482300
2017-07-26,3.529420852661133,3.529420852661133,3.466814407523887,3.5059433890894627,2495300
2017-07-27,3.505943775177002,3.505943775177002,3.490292255459493,3.490292255459493,1879800
2017-07-28,3.4981167316436768,3.5215941904376757,3.498116731643677,3.505942675628859,2668300
2017-07-31,3.4981167316436768,3.505942675628859,3.4589881312024096,3.498116731643677,5170300
2017-08-01,3.4981167316436768,3.498116731643677,3.48246521683486,3.48246521683486,2524500
2017-08-02,3.4824652671813965,3.49811678221649,3.4824652671813965,3.49811678221649,2337200
2017-08-03,3.4902918338775635,3.4981174062102576,3.4824658883832487,3.4824658883832487,1848800
2017-08-04,3.4902918338775635,3.4902918338775635,3.4824658883832487,3.4824658883832487,980400
2017-08-07,3.529420852661133,3.529420852661133,3.4824659255177925,3.490291871095557,679600
2017-08-08,3.521594524383545,3.537246040676564,3.521594524383545,3.529420469110846,2153500
2017-08-09,3.505943775177002,3.53724681461202,3.498117828737415,3.498117828737415,1124200
2017-08-10,3.513768434524536,3.521594378928597,3.49029134763549,3.498116918877983,1275400
2017-08-11,3.4746408462524414,3.5137694602098617,3.4746408462524414,3.505943886683048,2206900
2017-08-14,3.4902918338775635,3.5059433517045724,3.4824658883832487,3.4824658883832487,1510800
2017-08-15,3.4902918338775635,3.5215948695315813,3.4824658883832487,3.4824658883832487,2596200
2017-08-16,3.505943775177002,3.545072761051607,3.4824663090199057,3.490292255459493,1230300
2017-08-17,3.4981167316436768,3.5372457052464927,3.474639646011226,3.529420134422858,2283700
2017-08-18,3.5685489177703857,3.5685489177703857,3.466813879717866,3.4824653953289024,1939200
2017-08-21,3.521594524383545,3.5450719854038653,3.4981170633632246,3.521594524383545,2793400
2017-08-22,3.521594524383545,3.5450719854038653,3.5137685796562437,3.521594524383545,6210800
2017-08-23,3.521594524383545,3.537246040676564,3.5137685796562437,3.529420469110846,3985600
2017-08-24,3.632387161254883,3.640300662286542,3.5453363857796867,3.592818524033114,2776300
2017-08-25,3.600731611251831,3.6086451105447037,3.5690768593715236,3.5690768593715236,670400
2017-08-28,3.5849051475524902,3.6007325275201927,3.5769912688913865,3.5849051475524902,1051000
2017-08-29,3.569077730178833,3.600732489782479,3.5611638516006714,3.5769912314024945,1693200
2017-08-30,3.592817783355713,3.6007316601103776,3.5453356548909642,3.5453356548909642,3092400
2017-08-31,3.592817783355713,3.592817783355713,3.592817783355713,3.592817783355713,0
2017-09-01,3.592817783355713,3.592817783355713,3.592817783355713,3.592817783355713,0
2017-09-04,3.592817783355713,3.592817783355713,3.592817783355713,3.592817783355713,0
2017-09-05,3.5849051475524902,3.6323872874555985,3.55325001026258,3.6086460288267923,3072100
2017-09-06,3.5849051475524902,3.5849051475524902,3.5690777675847873,3.5769912688913865,2270400
2017-09-07,3.608644962310791,3.608644962310791,3.57699021173078,3.584904088052979,3573500
2017-09-08,3.600731611251831,3.6165589871919845,3.584904235311677,3.6086451105447037,3252400
2017-09-11,3.5849051475524902,3.6165599074878956,3.5769912688913865,3.6165599074878956,1505500
2017-09-12,3.600731611251831,3.6086451105447037,3.5690768593715236,3.5690768593715236,1291500
2017-09-13,3.67195463180542,3.7590053885683425,3.6561272557898348,3.6877820078210046,17650600
2017-09-14,3.592817783355713,3.679868540884959,3.592817783355713,3.679868540884959,6423000
2017-09-15,3.6877822875976562,3.6877822875976562,3.600731901584994,3.6086454015159455,15578000
2017-09-18,3.7036101818084717,3.7115240601985766,3.616559783644268,3.664041921921422,6122900
2017-09-19,3.6798691749572754,3.695696553839382,3.61655965942885,3.6798691749572754,5249400
2017-09-20,3.6640419960021973,3.6877828769435297,3.6482146162564764,3.6798693757479186,2650400
2017-09-21,3.6403000354766846,3.6719547888617874,3.61655915911507,3.624472658784133,1174800
2017-09-22,3.6403000354766846,3.6403000354766846,3.6403000354766846,3.6403000354766846,0
2017-09-25,3.600731611251831,3.671954614305318,3.6007316112518306,3.671954614305318,989900
2017-09-26,3.5849051475524902,3.624473408794495,3.5769912688913865,3.624473408794495,1330300
2017-09-27,3.569077730178833,3.616559869584302,3.569077730178833,3.616559869584302,1777500
2017-09-28,3.6244726181030273,3.6323864950376907,3.569076988978071,3.569076988978071,6125800
2017-09-29,3.592817783355713,3.6402999118204615,3.592817783355713,3.6244725356655456,14596800
2017-10-02,3.5849051475524902,3.6086460288267923,3.5611638889236836,3.5928186488590894,10978300
2017-10-03,3.592817783355713,3.656127287975378,3.569076907800545,3.5849042839554612,10958600
2017-10-04,3.5849051475524902,3.624473408794495,3.5690777675847873,3.624473408794495,7452600
2017-10-05,3.5849051475524902,3.6007325275201927,3.5769912688913865,3.6007325275201927,8659200
2017-10-06,3.592817783355713,3.6007316601103776,3.5849042839554612,3.6007316601103776,5311000
2017-10-09,3.5849051475524902,3.5928186488590894,3.5769912688913865,3.5928186488590894,10313900
2017-10-10,3.576990842819214,3.5928182209016435,3.569077342455229,3.5928182209016435,11299500
2017-10-11,3.569077730178833,3.616559869584302,3.5611638516006714,3.5928186112043172,12127100
2017-10-12,3.569077730178833,3.632387249386125,3.569077730178833,3.600732489782479,9786000
2017-10-13,3.5849051475524902,3.5928186488590894,3.5690777675847873,3.5928186488590894,7368000
2017-10-16,3.5849051475524902,3.6086460288267923,3.5690777675847873,3.6086460288267923,2465000
2017-10-17,3.592817783355713,3.6086451595106293,3.569076907800545,3.6086451595106293,1688100
2017-10-18,3.592817783355713,3.592817783355713,3.592817783355713,3.592817783355713,0
2017-10-19,3.5532491207122803,3.632386378093411,3.55324912071228,3.60864512540819,2972400
2017-10-20,3.529508590698242,3.569077223260087,3.5136812131443937,3.5532494683517917,4075500
2017-10-23,3.505767583847046,3.5532497198696285,3.4978540831871854,3.5532497198696285,324900
2017-10-24,3.5611631870269775,3.5611631870269775,3.505767179381185,3.505767179381185,1814300
2017-10-25,3.529508590698242,3.5611633458059395,3.5136812131443937,3.5611633458059395,4125700
2017-10-26,3.545336961746216,3.5849056053962065,3.52950957975713,3.5374230820743966,2922300
2017-10-27,3.5532491207122803,3.55324912071228,3.5215943687015914,3.545335621386813,3785700
2017-10-30,3.576990842819214,3.600732098620088,3.5532495870183403,3.5532495870183403,1881300
2017-10-31,3.529508590698242,3.600731978367784,3.5057673356902463,3.600731978367784,4717300
2017-11-01,3.545336961746216,3.5611643437353013,3.513682197768044,3.5453369617462154,551200
2017-11-02,3.5611631870269775,3.5690770641282747,3.52159455622935,3.5453358101788126,2093300
2017-11-03,3.545336961746216,3.5769917257243873,3.5374230820743966,3.5769917257243873,2005900
2017-11-06,3.632387161254883,3.632387161254883,3.5215951279757274,3.5611637651974957,691000
2017-11-07,3.569077730178833,3.6086459910061404,3.5453364717988483,3.6086459910061404,2682700
2017-11-08,3.529508590698242,3.608645478467485,3.521594713244095,3.600731978367784,2243100
2017-11-09,3.537421941757202,3.569077072885633,3.521594564870202,3.5295084419909175,1812200
2017-11-10,3.5611631870269775,3.5690770641282747,3.52159455622935,3.52159455622935,2465800
2017-11-13,3.4978535175323486,3.5453356458763663,3.4978535175323486,3.5295082697616937,2430400
2017-11-14,3.4503719806671143,3.49785411715074,3.4108033449201876,3.49785411715074,7384900
2017-11-15,3.505767583847046,3.5136814618613794,3.450371947164603,3.450371947164603,3743700
2017-11-16,3.513681411743164,3.5453361686400373,3.474112776944838,3.474112776944838,3419600
2017-11-17,3.513681411743164,3.5453361686400373,3.489940155393275,3.489940155393275,1541000
2017-11-20,3.513681411743164,3.5295087901916005,3.4582853984964013,3.5295087901916005,3417000
2017-11-21,3.545336961746216,3.5611643437353013,3.513682197768044,3.513682197768044,1284600
2017-11-22,3.600731611251831,3.6007316112518306,3.5215943541966546,3.561162982724243,2003600
2017-11-23,3.576990842819214,3.5928182209016435,3.5611634647367847,3.5928182209016435,1186400
2017-11-24,3.521594524383545,3.5769905315283905,3.505767147678507,3.5769905315283905,2566900
2017-11-27,3.521594524383545,3.545335778118315,3.474112394268431,3.505767147678507,1625600
2017-11-28,3.4978535175323486,3.5453356458763663,3.4978535175323486,3.5057670169124786,2790200
2017-11-29,3.513681411743164,3.521594912290148,3.4661992763978535,3.489940155393275,1588700
2017-11-30,3.529508590698242,3.6244728560213333,3.4899399581363975,3.529508590698242,11028300
2017-12-01,3.529508590698242,3.529508590698242,3.529508590698242,3.529508590698242,0
2017-12-04,3.529508590698242,3.600731978367784,3.5057673356902463,3.5453359682520906,1523400
2017-12-05,3.5611631870269775,3.5690770641282747,3.52159455622935,3.537421933077515,1009600
2017-12-06,3.529508590698242,3.5928181009136364,3.5057673356902463,3.569077223260087,2918000
2017-12-07,3.5611631870269775,3.5690770641282747,3.52159455622935,3.55324930992568,13041900
2017-12-08,3.5532491207122803,3.5928177494028457,3.5215943687015914,3.55324912071228,9462900
2017-12-11,3.537421941757202,3.5532493186442022,3.5057671879832015,3.5532493186442022,10621600
2017-12-12,3.537421941757202,3.5453358188779176,3.521594564870202,3.521594564870202,9658800
2017-12-13,3.529508590698242,3.5453359682520906,3.5057673356902463,3.5453359682520906,9820000
2017-12-14,3.537421941757202,3.5453358188779176,3.513681065103917,3.5295084419909175,12112100
2017-12-15,3.4899392127990723,3.545335211083985,3.4582844644517983,3.545335211083985,22089000
2017-12-18,3.4899392127990723,3.529507836910348,3.482025714389437,3.482025714389437,12825000
2017-12-19,3.434544324874878,3.49785383508105,3.4187169473233348,3.466199079977964,20213300
2017-12-20,3.4899392127990723,3.5215939611463467,3.4266297161045243,3.4424570902781615,8257800
2017-12-21,3.529508590698242,3.5374220907979432,3.4899399581363975,3.4899399581363975,2401000
2017-12-22,3.600731611251831,3.6007316112518306,3.5295082308439354,3.537421730136808,1256800
2017-12-25,3.600731611251831,3.6007316112518306,3.6007316112518306,3.6007316112518306,0
2017-12-26,3.600731611251831,3.6165589871919845,3.5690768593715236,3.59281773460455,978600
2017-12-27,3.5849051475524902,3.6007325275201927,3.537422630294877,3.5928186488590894,719100
2017-12-28,3.5611631870269775,3.5928179407233074,3.537421933077515,3.5611631870269775,532300
2017-12-29,3.592817783355713,3.592817783355713,3.5532491542912155,3.56116303104588,1013400
2018-01-02,3.592817783355713,3.6086451595106293,3.56116303104588,3.5849042839554612,1908700
2018-01-03,3.5849051475524902,3.6165599074878956,3.5769912688913865,3.5928186488590894,2878600
2018-01-04,3.6403000354766846,3.656127412169236,3.5769905287064785,3.59281790539903,2628600
2018-01-05,3.6403000354766846,3.664041289192725,3.600731782422519,3.6323865358076217,2234600
2018-01-08,3.67195463180542,3.7036093838365898,3.600731628412492,3.648213756459247,3437500
2018-01-09,3.6956958770751953,3.7036093763898714,3.6719546244223484,3.6798685010914336,4294400
2018-01-10,3.6877822875976562,3.7036096648139982,3.6640414104503622,3.695696164883046,6606000
2018-01-11,3.6956958770751953,3.6956958770751953,3.6402998724548254,3.6956958770751953,5361100
2018-01-12,3.67195463180542,3.719436759852175,3.6402998797742496,3.711523260521587,3699700
2018-01-15,3.67195463180542,3.6877820078210046,3.664041132474832,3.6719546318054195,6535400
2018-01-16,3.6640419960021973,3.69569675549364,3.6165598567650337,3.671955497197809,9546200
2018-01-17,3.6877822875976562,3.6877822875976562,3.6640414104503622,3.6640414104503622,9702600
2018-01-18,3.6877822875976562,3.7036096648139982,3.6640414104503622,3.7036096648139982,7893700
2018-01-19,3.6877822875976562,3.695696164883046,3.6086454015159455,3.6877822875976562,7642300
2018-01-22,3.6956958770751953,3.6956958770751953,3.6719546244223484,3.68778200040611,4175200
2018-01-23,3.6956958770751953,3.7036093763898714,3.6719546244223484,3.6956958770751953,3235700
2018-01-24,3.6877822875976562,3.695696164883046,3.632386656017678,3.695696164883046,9112200
2018-01-25,3.6956958770751953,3.6956958770751953,3.6719546244223484,3.6956958770751953,4701800
2018-01-26,3.71943736076355,3.71943736076355,3.679869103009154,3.687782603618245,4918400
2018-01-29,3.6877822875976562,3.71943704203034,3.64030015594863,3.71943704203034,9702800
2018-01-30,3.7115232944488525,3.7115232944488525,3.6640411659680603,3.6798685421283244,6298700
2018-02-02,3.71943736076355,3.7273512387271115,3.6956964815818067,3.7115238601544593,5881000
2018-02-05,3.6798691749572754,3.703610054603196,3.632387038310956,3.6877826757210896,4172100
2018-02-06,3.6482138633728027,3.695695992811056,3.6244726099764657,3.632386486893385,10137100
2018-02-07,3.7036101818084717,3.727351439624295,3.67986930134714,3.687782802382754,6119300
2018-02-08,3.7036101818084717,3.7115240601985766,3.6719554229570357,3.67986930134714,3113400
2018-02-09,3.7036101818084717,3.7036101818084717,3.6403006641055993,3.6403006641055993,3508100
2018-02-12,3.7036101818084717,3.71943756123419,3.664041921921422,3.6956966807728584,5339400
2018-02-13,3.71943736076355,3.7273512387271115,3.6956964815818067,3.6956964815818067,4246300
2018-02-14,3.727351427078247,3.7352649280872243,3.711524047705803,3.71943754871478,3173400
2018-02-15,3.727351427078247,3.743178806450691,3.6877827899698916,3.727351427078247,2270200
2018-02-19,3.743178367614746,3.7827470000842256,3.7352644901790715,3.743178367614746,2207600
2018-02-20,3.7590057849884033,3.774833162673124,3.719437152099377,3.735264529784098,1552900
2018-02-21,3.766918659210205,3.766918659210205,3.7510909083866677,3.7590047837984364,3678500
2018-02-22,3.782747268676758,3.782747268676758,3.7590060120384416,3.7748333906791616,1521000
2018-02-23,3.7906601428985596,3.8064875189237437,3.7431780148230063,3.7985740195883566,7168100
2018-02-26,3.7906601428985596,3.814401395613541,3.766919267537988,3.7985740195883566,5719600
2018-02-27,3.7906601428985596,3.7985740195883566,3.774832766873375,3.7985740195883566,4616500
2018-02-28,3.7115232944488525,3.782746675847248,3.68778204153125,3.782746675847248,4176200
2018-03-01,3.7352638244628906,3.7352638244628906,3.7115229510959686,3.7115229510959686,1353300
2018-03-02,3.7906601428985596,3.7985740195883566,3.727350638797822,3.7352641381332092,3369500
2018-03-05,3.782747268676758,3.7985746473174777,3.743178633397722,3.782747268676758,5386200
2018-03-06,3.806487560272217,3.8144014370479793,3.7827466846537567,3.7985740608508682,6167900
2018-03-07,3.7906601428985596,3.814401395613541,3.7827466435631725,3.8064875189237437,3184600
2018-03-08,3.822314977645874,3.853969730381103,3.7906602249106447,3.7906602249106447,3689400
2018-03-09,3.830230236053467,3.838143738414429,3.806488974261471,3.838143738414429,6733300
2018-03-12,3.8381433486938477,3.8618846080751834,3.7906612072856913,3.8381433486938477,1615700
2018-03-13,3.8539702892303467,3.8539702892303467,3.8302294099135614,3.8381429105676657,3522900
2018-03-14,3.8460559844970703,3.8539694834967313,3.8302286091433535,3.8539694834967313,3994000
2018-03-15,3.798574447631836,3.8539700812850493,3.711523681006775,3.846056581057927,11979800
2018-03-16,3.7494542598724365,3.847693144062117,3.741267881373276,3.847693144062117,9539400
2018-03-19,3.7740139961242676,3.782200374233028,3.7248945563718836,3.7412677029560117,2397400
2018-03-20,3.8149471282958984,3.8231338977603326,3.70852185782483,3.774014452073689,2233700
2018-03-21,3.8231334686279297,3.83131984680682,3.782200406633649,3.8067603219035395,2470400
2018-03-22,3.8886265754699707,3.921372873297227,3.814947210175313,3.823133979815458,3268900
2018-03-23,3.913186550140381,3.913186550140381,3.8313204140315853,3.8558803329375575,2141800
2018-03-26,3.921372652053833,3.921372652053833,3.8640664389060135,3.921372652053833,2333200
2018-03-27,3.9295597076416016,3.9295597076416016,3.9131865584583725,3.9295597076416016,2050200
2018-03-28,3.9295597076416016,3.9377460870498817,3.82313404276728,3.9295597076416016,4519500
2018-03-29,3.913186550140381,3.937746078679685,3.8886266312344087,3.9295596992888067,4022800
2018-03-30,3.921372652053833,3.93774580004369,3.896813125252368,3.929559421232082,1752000
2018-04-02,3.913186550140381,3.9295596992888067,3.913186550140381,3.9295596992888067,1987900
2018-04-03,3.913186550140381,3.9295596992888067,3.913186550140381,3.913186550140381,2240900
2018-04-04,3.8231334686279297,3.9295591175197715,3.8231334686279297,3.9295591175197715,3612000
2018-04-05,3.8558804988861084,3.8968135687021745,3.814947429070042,3.814947429070042,1069400
2018-04-06,3.847693681716919,3.896813521042111,3.7903878531153277,3.8886267510323522,968800
2018-04-09,3.8395066261291504,3.880439297871712,3.7985735640199776,3.7985735640199776,2548100
2018-04-10,3.880439519882202,3.880439519882202,3.8067605503835726,3.8313200767609046,3421900
2018-04-11,3.8886265754699707,3.9131864940237437,3.855880277642714,3.855880277642714,593900
2018-04-12,3.9049997329711914,3.9049997329711914,3.8722534350719218,3.9049997329711914,2467300
2018-04-13,3.921372652053833,3.929559421232082,3.8640664389060135,3.8640664389060135,2555600
2018-04-16,3.921372652053833,3.929559421232082,3.888626356074119,3.929559421232082,2611800
2018-04-17,3.9049997329711914,3.929559651578975,3.8968133536797054,3.921372881920826,3342200
2018-04-18,3.921372652053833,3.929559421232082,3.872253208084262,3.929559421232082,2144600
2018-04-19,3.921372652053833,3.93774580004369,3.904999504063976,3.929559421232082,3501800
2018-04-20,3.913186550140381,3.9295596992888067,3.880439861476862,3.9295596992888067,3115900
2018-04-23,3.913186550140381,3.9295596992888067,3.8640667123284365,3.8640667123284365,4361300
2018-04-24,3.913186550140381,3.92137292953126,3.8640667123284365,3.8722534820859833,2631700
2018-04-25,3.8886265754699707,3.9049997243835985,3.864066656916197,3.864066656916197,4508200
2018-04-26,3.9049997329711914,3.929559651578975,3.9049997329711914,3.91318650262934,2176900
2018-04-27,3.921372652053833,3.929559421232082,3.904999504063976,3.929559421232082,4077800
2018-04-30,3.921372652053833,3.929559421232082,3.872253208084262,3.913186273242225,5191800
2018-05-02,3.921372652053833,3.921372652053833,3.8313201429262995,3.888626356074119,6284800
2018-05-03,3.9049997329711914,3.921372881920826,3.8558802861222867,3.8722534350719218,3417700
2018-05-04,3.880439519882202,3.9131862056630338,3.823133698090672,3.823133698090672,1572700
2018-05-07,3.8395066261291504,3.904999213210538,3.782200417249631,3.8067603325884565,2099000
2018-05-08,3.8231334686279297,3.9049992022498814,3.8067603219035395,3.8067603219035395,3054700
2018-05-14,3.8231334686279297,3.9377454956986617,3.724894588281588,3.724894588281588,7562900
2018-05-15,3.8886265754699707,3.9049997243835985,3.7658277634344284,3.7658277634344284,6046800
2018-05-16,3.8886265754699707,3.921372873297227,3.847693508002569,3.847693508002569,3713800
2018-05-17,3.8886265754699707,3.929559642937372,3.8804398058298255,3.929559642937372,5606700
2018-05-18,3.8886265754699707,3.8968133451101155,3.847693508002569,3.8886265754699707,5319900
2018-05-21,3.921372652053833,3.93774580004369,3.896813125252368,3.921372652053833,5255600
2018-05-22,3.8968122005462646,3.9295584887553465,3.8476923778660934,3.9295584887553465,5924400
2018-05-23,3.864065647125244,3.896812326761518,3.855879269991096,3.896812326761518,5873100
2018-05-24,3.872252941131592,3.888626087992686,3.847693025656644,3.872252941131592,2183200
2018-05-25,3.8886265754699707,3.8886265754699707,3.831320359088941,3.8722534265563424,4778800
2018-05-28,3.8558804988861084,3.8886267985922878,3.823134199179929,3.8886267985922878,862000
2018-05-30,3.8558804988861084,3.8558804988861084,3.8558804988861084,3.8558804988861084,0
2018-05-31,3.847693681716919,3.847693681716919,3.847693681716919,3.847693681716919,0
2018-06-01,3.7822012901306152,3.888626963882784,3.7330818384834688,3.888626963882784,4149400
2018-06-04,3.7658274173736572,3.8313200070097273,3.7330811225556224,3.7658274173736572,5519100
2018-06-05,3.7903878688812256,3.8395073180440473,3.782201098837415,3.798574248558355,3523000
2018-06-06,3.847693681716919,3.847693681716919,3.7658279334527314,3.7740147034624902,5511400
2018-06-07,3.8149471282958984,3.880439722544757,3.806760749198118,3.8640665739825426,2552100
2018-06-08,3.7903878688812256,3.8313205480002366,3.741268419718404,3.8313205480002366,3485200
2018-06-11,3.8231334686279297,3.84769299353121,3.7903871751791494,3.83131984680682,3422700
2018-06-12,3.806760787963867,3.839507085421765,3.782200869687115,3.823133936692816,4099400
2018-06-13,3.7658274173736572,3.7985737121916925,3.74945426996464,3.7985737121916925,4074700
2018-06-14,3.847693681716919,3.847693681716919,3.7330816341470565,3.7740147034624902,13950100
2018-06-18,3.7740139961242676,3.855879729044908,3.733080934480644,3.7658272276489004,4546500
2018-06-19,3.8149471282958984,3.855880194884762,3.74945453404704,3.7985739797336837,4619900
2018-06-20,3.7412686347961426,3.814947617592686,3.733081864281691,3.765828165606089,2040900
2018-06-21,3.7740139961242676,3.8640661071536684,3.7248945563718836,3.7412677029560117,5304900
2018-06-22,3.757641553878784,3.7658279335220133,3.7003353349094588,3.741268404225645,3694700
2018-06-25,3.7494542598724365,3.7494542598724365,3.700334817777596,3.724894734008329,3629400
2018-06-26,3.7494542598724365,3.765827407237383,3.7167079651425428,3.765827407237383,2927200
2018-06-27,3.6675896644592285,3.774015350636041,3.6675896644592285,3.765828579222403,3492400
2018-06-28,3.683961868286133,3.692148637591648,3.634842423552982,3.634842423552982,5357000
2018-06-29,3.716708183288574,3.7330813316145157,3.561163079008805,3.692148655982986,7570000
2018-07-02,3.7494542598724365,3.7494542598724365,3.6512153756827557,3.708521586643382,2829400
2018-07-03,3.683961868286133,3.7494544612636673,3.6512155717973656,3.7494544612636673,2467600
2018-07-04,3.6512157917022705,3.7003352393937803,3.643029021903684,3.7003352393937803,587600
2018-07-05,3.6594018936157227,3.675775041604534,3.610282449649289,3.6675886627934484,1740400
2018-07-06,3.5857231616973877,3.6757752864509756,3.5857231616973877,3.6512157580151485,4512300
2018-07-09,3.6512157917022705,3.6512157917022705,3.544790126520664,3.585723194780257,2724900
2018-07-10,3.7248947620391846,3.7248947620391846,3.651215403159154,3.651215403159154,2816600
2018-07-11,3.6675896644592285,3.7085227407939247,3.659402893045591,3.7085227407939247,1563400
2018-07-12,3.683961868286133,3.7167081647749,3.6184692753085983,3.667588720041749,4705400
2018-07-13,3.716708183288574,3.724894952634869,3.6184692933329248,3.683961886636691,2945700
2018-07-16,3.683961868286133,3.692148637591648,3.6512155717973656,3.6512155717973656,1641200
2018-07-17,3.6020960807800293,3.7085217381843574,3.6020960807800293,3.7085217381843574,1844600
2018-07-18,3.6675896644592285,3.6675896644592285,3.5939102832034746,3.6184702070776416,2113600
2018-07-19,3.683961868286133,3.7003350165305164,3.683961868286133,3.7003350165305164,949500
2018-07-20,3.7003352642059326,3.7003352642059326,3.6184695175044754,3.643029046331576,1621800
2018-07-23,3.733081102371216,3.7412678712147724,3.6430285969252116,3.659401744245701,3841800
2018-07-24,3.7412686347961426,3.7412686347961426,3.6839624122950942,3.700335562957293,5273300
2018-07-25,3.7412686347961426,3.74945501494389,3.7248954841339437,3.7412686347961426,5090800
2018-07-26,3.733081102371216,3.7412678712147724,3.6839616604097474,3.7412678712147724,4388900
2018-07-27,3.733081102371216,3.7412678712147724,3.6839616604097474,3.6839616604097474,4185700
2018-07-30,3.716708183288574,3.7330813316145157,3.7003350349626327,3.7330813316145157,5336500
2018-07-31,3.7822012901306152,3.7822012901306152,3.651216085738224,3.7330818384834688,7912100
2018-08-01,3.716708183288574,3.765827628266399,3.683961886636691,3.683961886636691,3293300
2018-08-02,3.708522319793701,3.741268620997322,3.6839623987076346,3.6839623987076346,2311800
2018-08-03,3.7494542598724365,3.7576410287382225,3.6594017541819164,3.724894734008329,3911700
2018-08-06,3.7658274173736572,3.7658274173736572,3.7330811225556224,3.7576410388524617,4882000
2018-08-07,3.847693681716919,3.847693681716919,3.724895254503978,3.782201083105569,6191000
2018-08-08,3.8395066261291504,3.880439297871712,3.7985735640199776,3.7985735640199776,1830000
2018-08-09,3.806760787963867,3.847693464602911,3.7903876392349183,3.839507085421765,2087900
2018-08-10,3.7985734939575195,3.8067602623749988,3.7412676765015833,3.7412676765015833,800300
2018-08-13,3.733081102371216,3.7576410185352622,3.7003348077302367,3.7412678712147724,3316500
2018-08-14,3.7248947620391846,3.757641057015503,3.7085216145510254,3.7085216145510254,1762000
2018-08-15,3.757641553878784,3.7658279335220133,3.7248952545725067,3.7658279335220133,636500
2018-08-16,3.708522319793701,3.7658281517166863,3.6921491691918913,3.7658281517166863,2668500
2018-08-17,3.7412686347961426,3.74945501494389,3.7085223334717448,3.733081864281691,4232800
2018-08-20,3.6921489238739014,3.7330816024753797,3.6839621539336,3.716708452961453,1442000
2018-08-21,3.6921489238739014,3.708522073387828,3.6921489238739014,3.6921489238739014,1403700
2018-08-23,3.757641553878784,3.757641553878784,3.6839621852563202,3.6839621852563202,2892500
2018-08-24,3.7494542598724365,3.7576410287382225,3.700334817777596,3.7576410287382225,1074500
2018-08-27,3.733081102371216,3.749454249691705,3.7167079550507265,3.7167079550507265,1712500
2018-08-28,3.7248947620391846,3.757641057015503,3.700334845623632,3.757641057015503,2534400
2018-08-29,3.6757748126983643,3.741267790941722,3.651215287427894,3.7330810222738213,1400700
2018-08-30,3.7003352642059326,3.7494547122268074,3.6594021956718676,3.7167084135462245,6257600
2018-09-03,3.683961868286133,3.7167081647749,3.667588720041749,3.675775098980618,1349200
2018-09-04,3.7294437885284424,3.7459823253026556,3.688097249437998,3.7211743229864256,874700
2018-09-05,3.7046358585357666,3.7211743956328527,3.663289318638137,3.6963663928323096,5396800
2018-09-06,3.7046358585357666,3.737712932729939,3.671558784341594,3.737712932729939,1757100
2018-09-07,3.6632888317108154,3.7294433656156736,3.6467502968120447,3.688096831213859,2199300
2018-09-12,3.6798267364501953,3.737711795838136,3.580595544050617,3.737711795838136,6312100
2018-09-13,3.6963653564453125,3.7211733522901893,3.638480689990128,3.704634819830177,1654200
2018-09-14,3.7542505264282227,3.770789059369371,3.671557861722481,3.671557861722481,2826000
2018-09-18,3.7542505264282227,3.770789059369371,3.6632883980970425,3.7542505264282227,1826700
2018-09-19,3.779059410095215,3.787328481352015,3.721174334058327,3.721174334058327,2652600
2018-09-20,3.7955973148345947,3.8038663847143397,3.7707893165758484,3.779058780765349,2357100
2018-09-21,3.7046358585357666,3.803867081118284,3.7046358585357666,3.787328544021198,9493400
2018-09-24,3.7211732864379883,3.7377118186053244,3.6798267588647935,3.7211732864379883,1191000
2018-09-25,3.7542505264282227,3.770789059369371,3.712903996920488,3.721173460545926,1384300
2018-09-26,3.7542505264282227,3.770789059369371,3.696365463979339,3.7542505264282227,2990000
2018-09-27,3.770789384841919,3.7790588491811294,3.7046352473672863,3.7046352473672863,1220800
2018-09-28,3.7542505264282227,3.770789059369371,3.704634927604778,3.7542505264282227,4267700
2018-10-01,3.770789384841919,3.7873279192105773,3.7294432460751548,3.7294432460751548,673500
2018-10-02,3.770789384841919,3.770789384841919,3.745981780443813,3.754250850473261,1906700
2018-10-03,3.7459819316864014,3.7873280721225,3.7459819316864014,3.7459819316864014,1573200
2018-10-04,3.7459819316864014,3.7625204667227963,3.704635396940524,3.729443396650006,1914500
2018-10-05,3.712904214859009,3.7625202109045217,3.6963656809470886,3.7625202109045217,1797100
2018-10-08,3.779059410095215,3.787328481352015,3.721174334058327,3.7294437996249488,995300
2018-10-09,3.7625200748443604,3.7790586081582145,3.7211735444048557,3.7211735444048557,791700
2018-10-10,3.7377119064331055,3.7955969675338044,3.7211733738771513,3.7955969675338044,1964500
2018-10-11,3.7294437885284424,3.7459823253026556,3.6302121735733412,3.679827783895982,4537400
2018-10-12,3.7211732864379883,3.7377118186053244,3.696365291032129,3.696365291032129,2326300
2018-10-15,3.712904214859009,3.729443143080681,3.7046351450579245,3.7046351450579245,2610900
2018-10-16,3.7459819316864014,3.7459819316864014,3.721173931976919,3.729443396650006,1608400
2018-10-17,3.787327289581299,3.787327289581299,3.7377116947237354,3.7377116947237354,2217200
2018-10-18,3.787327289581299,3.7955967525457415,3.7459811576881776,3.7955967525457415,837400
2018-10-19,3.7459819316864014,3.7542510020497097,3.663288862194647,3.729443396650006,1667100
2018-10-22,3.7625200748443604,3.7707891443464185,3.7211735444048557,3.7459815415305058,1173000
2018-10-23,3.7459819316864014,3.7625204667227963,3.721173931976919,3.721173931976919,2214400
2018-10-24,3.7459819316864014,3.7625204667227963,3.7377124670133144,3.7459819316864014,624900
2018-10-25,3.7294437885284424,3.7459823253026556,3.6550201758895713,3.7459823253026556,5115300
2018-10-26,3.712904214859009,3.721173678969845,3.679827147035168,3.721173678969845,1654900
2018-10-29,3.6632888317108154,3.7459819005144444,3.6632888317108154,3.7046353661126297,741000
2018-10-30,3.7211732864379883,3.7542503507726606,3.6550191577686446,3.6632882266974574,1059100
2018-10-31,3.7211732864379883,3.7377118186053244,3.6880962221033164,3.7129038231994653,3367500
2018-11-01,3.7046358585357666,3.745982398433396,3.7046358585357666,3.7294438613363097,273600
2018-11-02,3.7542505264282227,3.762519990053661,3.696365463979339,3.696365463979339,809600
2018-11-05,3.779059410095215,3.7955979469186367,3.7377128708817495,3.779059410095215,3545800
2018-11-07,3.7955973148345947,3.7955973148345947,3.729443178557611,3.729443178557611,7739300
2018-11-08,3.7955973148345947,3.8038663847143397,3.762520246696103,3.7955973148345947,4769400
2018-11-09,3.770789384841919,3.7955973835497874,3.745981780443813,3.7955973835497874,1481800
2018-11-12,3.712904214859009,3.779058744816442,3.712904214859009,3.770789280705606,1035800
2018-11-13,3.597134828567505,3.6550199000638717,3.5061726860188696,3.6550199000638717,3554600
2018-11-14,3.6219425201416016,3.630211590044609,3.5971345218130675,3.5971345218130675,1244800
2018-11-15,3.597134828567505,3.6632889706720437,3.5805962930413706,3.6302118996197743,2006000
2018-11-16,3.630211591720581,3.6715581241839748,3.597134523473769,3.646750125843987,2124500
2018-11-19,3.5805962085723877,3.6715583489751573,3.506172603305596,3.663288884252278,2889900
2018-11-21,3.5061724185943604,3.6219425527570164,3.4813648143521916,3.6219425527570164,1818000
2018-11-22,3.530980348587036,3.547518882530615,3.489633816573212,3.4979032806998775,483400
2018-11-23,3.5640575885772705,3.588865587845457,3.4896339850824827,3.4896339850824827,1300600
2018-11-26,3.4979031085968018,3.5392496385763024,3.4730951117471545,3.5392496385763024,2929600
2018-11-27,3.473095178604126,3.497903175931326,3.448287575586666,3.497903175931326,2144000
2018-11-28,3.5061724185943604,3.5061724185943604,3.4565568158002624,3.4813648143521916,1681200
2018-11-29,3.6384809017181396,3.7129041049641205,3.5061722400291093,3.5061722400291093,3882800
2018-11-30,3.514441728591919,3.646749996900968,3.481364661514657,3.646749996900968,7256000
2018-12-03,3.555788516998291,3.555788516998291,3.497903448267888,3.51444198300375,1305500
2018-12-04,3.630211591720581,3.6384810559371625,3.539249851196726,3.572326919443538,2562600
2018-12-05,3.6219425201416016,3.6467501241603797,3.5557883836785185,3.630211590044609,1410600
2018-12-06,3.588865280151367,3.6384808801241375,3.52271114685434,3.5309802163615993,983100
2018-12-07,3.597134828567505,3.646750435145909,3.547519221989101,3.646750435145909,315200
2018-12-10,3.530980348587036,3.5392498127137015,3.4979032806998775,3.5227112787701227,793100
2018-12-11,3.514441728591919,3.5475187956691814,3.4648261279760257,3.506172264667732,2121200
2018-12-12,3.5475189685821533,3.5475189685821538,3.4979033655478995,3.5475189685821538,2160200
2018-12-13,3.5805962085723877,3.621942743567223,3.539250067887333,3.5475191383004314,1786100
2018-12-14,3.5392494201660156,3.5971340853935225,3.52271088805677,3.5971340853935225,2470600
2018-12-17,3.456556797027588,3.5227113280368583,3.456556797027588,3.489633865377344,1490900
2018-12-18,3.5227115154266357,3.5805961909629915,3.3904028406797257,3.4234799107890086,2965200
2018-12-19,3.5392494201660156,3.605403548603,3.489633429528569,3.5475184890657845,2487500
2018-12-20,3.4648258686065674,3.564057062410119,3.4152102717047916,3.4813644009071596,3936600
2018-12-21,3.555788516998291,3.555788516998291,3.464826378796164,3.4896339837450716,7307500
2018-12-24,3.630211591720581,3.630211591720581,3.4730953203933446,3.506172388640157,1655000
2018-12-26,3.630211591720581,3.6384810559371625,3.5144418528567383,3.5144418528567383,635900
2018-12-27,3.6384809017181396,3.6632885046968866,3.6136729044296527,3.6219423682957284,2136100
2018-12-28,3.6963653564453125,3.7211733522901893,3.605403625070104,3.6302112266052635,3168200
2018-12-31,3.6798267364501953,3.712903800583388,3.6715576675717507,3.6963652685167916,1397200
2019-01-02,3.6384809017181396,3.7129041049641205,3.6384809017181396,3.7129041049641205,1356400
2019-01-03,3.688096523284912,3.7046350568028372,3.621942389213213,3.7046350568028372,2104000
2019-01-04,3.597134828567505,3.6798275061981784,3.5805962930413706,3.6798275061981784,834800
2019-01-07,3.597134828567505,3.6880969711161407,3.522711615854794,3.6054042934854675,2954100
2019-01-08,3.64674973487854,3.663288267228862,3.6054036011575925,3.630211202528218,2549600
2019-01-09,3.64674973487854,3.6798267995791836,3.6219421335079143,3.6798267995791836,2458300
2019-01-10,3.712904214859009,3.721173678969845,3.6384810094102433,3.679827147035168,6831200
2019-01-11,3.7377119064331055,3.7459813698659423,3.6550192436533346,3.7211733738771513,2749400
2019-01-14,3.7625200748443604,3.7707891443464185,3.688096477777147,3.7211735444048557,1514300
2019-01-15,3.803865432739258,3.803865432739258,3.7542498429485747,3.762519305068517,4019500
2019-01-16,3.8204052448272705,3.8452132452031984,3.745982032319064,3.745982032319064,7922000
2019-01-17,3.8617515563964844,3.8700206265016734,3.8286744873561958,3.84521302187634,3110300
2019-01-18,3.8369431495666504,3.861751145864481,3.812135547578544,3.8452126131025017,2811300
2019-01-22,3.845212936401367,3.8617514705538776,3.803866403865212,3.8452129364013667,5835100
2019-01-23,3.845212936401367,3.8617514705538776,3.762520265638815,3.8617514705538776,4062200
2019-01-24,3.853482246398926,3.8782902463281355,3.8369437112160463,3.845213175962377,2960000
2019-01-25,3.8617515563964844,3.8700206265016734,3.853482091981529,3.8617515563964844,2961400
2019-01-28,3.845212936401367,3.8865590746277645,3.8204049380177225,3.8865590746277645,3945600
2019-01-29,3.828674793243408,3.8534823998507144,3.7625206498775277,3.8369438640092444,5747000
2019-01-30,3.812135696411133,3.8534818327754454,3.787327699144754,3.8534818327754454,1864900
2019-01-31,3.845212936401367,3.870020540475254,3.812135868096346,3.870020540475254,7649400
2019-02-04,3.845212936401367,3.870020540475254,3.803866403865212,3.870020540475254,2763900
2019-02-07,3.845212936401367,3.870020540475254,3.812135868096346,3.8204049380177225,3208300
2019-02-08,3.779059410095215,3.8121364837420586,3.762520873271793,3.803867018175437,1439300
2019-02-11,3.7459819316864014,3.7707895370861046,3.7377124670133144,3.7377124670133144,2018700
2019-02-12,3.8204052448272705,3.8369437803079594,3.770789638385203,3.779059103280442,2475100
2019-02-13,3.7542505264282227,3.836943191133964,3.7377119934870744,3.836943191133964,2696000
2019-02-14,3.7542505264282227,3.770789059369371,3.721173460545926,3.7377119934870744,3017300
2019-02-15,3.803865432739258,3.8286734247894274,3.7707883728788025,3.7707883728788025,2789100
2019-02-18,3.779059410095215,3.803867018175437,3.762520873271793,3.803867018175437,431600
2019-02-19,3.870021343231201,3.8865598808142896,3.7707901177326715,3.7790595836791354,4834200
2019-02-20,3.911367177963257,3.9196362481065132,3.8534821097213894,3.8865591789139513,6203300
2019-02-21,3.787327289581299,3.8865584792964265,3.7294426260689897,3.8865584792964265,7440400
2019-02-22,3.779059410095215,3.779059410095215,3.7377128708817495,3.7707899445285933,1118300
2019-02-25,3.803865432739258,3.803865432739258,3.7459807751382894,3.7459807751382894,2258500
2019-02-26,3.770789384841919,3.820404987947893,3.762520314812471,3.7955973835497874,2787300
2019-02-27,3.712904214859009,3.828674346552203,3.6880966111460043,3.828674346552203,2195800
2019-02-28,3.712904214859009,3.7542507467936854,3.6880966111460043,3.712904214859009,5148000
2019-03-01,3.7377119064331055,3.7459813698659423,3.688096308765243,3.7129039104443144,1104000
2019-03-04,3.7377119064331055,3.7459813698659423,3.688096308765243,3.704634841321197,2064200
2019-03-05,3.7377119064331055,3.762519902421896,3.6963653778883603,3.704634841321197,1761800
2019-03-06,3.7459819316864014,3.7459819316864014,3.721173931976919,3.729443396650006,1556200
2019-03-07,3.7459819316864014,3.7459819316864014,3.7129044673038325,3.7129044673038325,957900
2019-03-08,3.7584824562072754,3.7834832243538172,3.7084801251541015,3.766815913129441,2024800
2019-03-11,3.7584824562072754,3.7834832243538172,3.741814747602854,3.7834832243538172,1966100
2019-03-12,3.7584824562072754,3.791817078656028,3.7334812906806887,3.791817078656028,487900
2019-03-13,3.741814136505127,3.783482606450967,3.733480680943947,3.733480680943947,659100
2019-03-14,3.716813564300537,3.7418143296545763,3.6668116362124583,3.7418143296545763,2775200
2019-03-15,3.7834830284118652,3.7918168822824754,3.683479166244685,3.683479166244685,7732000
2019-03-18,3.8251514434814453,3.8251514434814453,3.750148349333176,3.750148349333176,1076200
2019-03-19,3.791816473007202,3.8501518542848636,3.7668153114739322,3.7668153114739322,607300
2019-03-20,3.791816473007202,3.791816473007202,3.7168133857873733,3.7168133857873733,1513400
2019-03-21,3.741814136505127,3.8168172234556463,3.7084795195004476,3.8168172234556463,3128500
2019-03-22,3.741814136505127,3.8001499149533067,3.7084795195004476,3.7418141365051274,2501500
2019-03-25,3.741814136505127,3.7501479894462872,3.7084795195004476,3.7168133724416075,2406900
2019-03-26,3.741814136505127,3.758481842387447,3.7168133724416075,3.7168133724416075,487700
2019-03-27,3.766815423965454,3.800150042085326,3.7001461877257102,3.7001461877257102,604200
2019-03-28,3.716813564300537,3.7584820363972695,3.6918124015664975,3.73348087366323,3446300
2019-03-29,3.716813564300537,3.750148183025923,3.6918124015664975,3.7418143296545763,1742600
2019-04-01,3.725146770477295,3.7501479315347153,3.7084794622323396,3.7084794622323396,490800
2019-04-02,3.725146770477295,3.7501479315347153,3.7001460067998493,3.7251467704772954,3102400
2019-04-03,3.7751498222351074,3.7834832792782493,3.7334813448792477,3.7334813448792477,426000
2019-04-04,3.750147819519043,3.7751489798296864,3.7251466592083995,3.7751489798296864,1032800
2019-04-05,3.7334816455841064,3.7918174391048254,3.7334816455841064,3.7501489583928715,458500
2019-04-08,3.7751498222351074,3.7918171337014415,3.7334813448792477,3.7501486563455813,1012800
2019-04-09,3.766815423965454,3.7918165862453543,3.7334808058455824,3.7751492771854185,1047300
2019-04-10,3.766815423965454,3.7751492771854185,3.7418142616855534,3.7418142616855534,2397400
2019-04-11,3.7334816455841064,3.7584828134872956,3.6918131648721526,3.7584828134872956,1712800
2019-04-12,3.766815423965454,3.78348273302539,3.7251469526256176,3.78348273302539,476000
2019-04-15,3.7751498222351074,3.7918171337014415,3.7501486563455813,3.7918171337014415,691800
2019-04-16,3.7334816455841064,3.7668162712016366,3.7084804776809177,3.7501489583928715,493200
2019-04-17,3.750147819519043,3.750147819519043,3.716813204024826,3.716813204024826,1058100
2019-04-18,3.716813564300537,3.7751493457599627,3.700146254937844,3.7751493457599627,2273600
2019-04-19,3.725146770477295,3.73348062328976,3.7001460067998493,3.7001460067998493,1595600
2019-04-22,3.708479404449463,3.7334805651173326,3.708479404449463,3.7334805651173326,757100
2019-04-23,3.683479070663452,3.7334810004495607,3.683479070663452,3.7084798368664997,2177700
2019-04-24,3.741814136505127,3.7418141365051274,3.6834787554369277,3.6918122109981075,1423400
2019-04-25,3.7584824562072754,3.7584824562072754,3.716813979456312,3.741814747602854,2945300
2019-04-26,3.750147819519043,3.7751489798296864,3.7334805117719343,3.766815127266151,2254900
2019-04-29,3.7334816455841064,3.7501489583928715,3.6918131648721526,3.741815103298448,494000
2019-04-30,3.7584824562072754,3.7584824562072754,3.7084801251541015,3.7334812906806887,2459100
2019-05-02,3.716813564300537,3.750148183025923,3.700146254937844,3.700146254937844,1533500
2019-05-03,3.716813564300537,3.750148183025923,3.6418104734784182,3.7084797109291903,1871700
2019-05-06,3.708479404449463,3.7168132571320753,3.666811333176304,3.708479404449463,1957800
2019-05-07,3.683479070663452,3.7334810004495607,3.675145217009094,3.7334810004495607,1584500
2019-05-08,3.675144672393799,3.6918119798525932,3.64181005747621,3.64181005747621,1724100
2019-05-09,3.6251440048217773,3.7001471130378443,3.6251440048217773,3.7001471130378443,2901500
2019-05-10,3.533473014831543,3.6668118965810557,3.533473014831543,3.6668118965810557,1671300
2019-05-13,3.550140857696533,3.5751416257760615,3.533473149136789,3.533473149136789,4087400
2019-05-14,3.533473014831543,3.5834753438501283,3.425135694971352,3.483471083192987,4833900
2019-05-15,3.558474063873291,3.650144467592748,3.516805590169897,3.516805590169897,1509600
2019-05-16,3.5001380443573,3.583474986149608,3.5001380443573,3.5751411330183815,1828200
2019-05-17,3.508471965789795,3.541806584203665,3.500138112496329,3.5251392749967296,3034400
2019-05-21,3.516805410385132,3.6001423535316004,3.5001381012318373,3.5001381012318373,1109900
2019-05-23,3.491804599761963,3.5418065265691046,3.491804599761963,3.5251392176333907,1880300
2019-05-24,3.550140857696533,3.5668081688762334,3.4334692820585877,3.4918050698775605,2135000
2019-05-27,3.516805410385132,3.5668077352250114,3.4918046453451876,3.5668077352250114,574700
2019-05-28,3.508471965789795,3.5334727309101988,3.4751373473759246,3.508471965789795,7909100
2019-05-29,3.516805410385132,3.5334727195384263,3.433468864618659,3.516805410385132,1584600
2019-05-30,3.516805410385132,3.5334727195384263,3.475137336191893,3.516805410385132,1073900
2019-05-31,3.591808557510376,3.6084758669293104,3.5001381570162358,3.5334727758541047,2705200
2019-06-03,3.641810655593872,3.7251472065747344,3.566807958401106,3.5918087250053543,1488000
2019-06-04,3.541806697845459,3.708479795262653,3.541806697845459,3.708479795262653,277100
2019-06-05,3.541806697845459,3.541806697845459,3.541806697845459,3.541806697845459,0
2019-06-06,3.541806697845459,3.541806697845459,3.541806697845459,3.541806697845459,0
2019-06-07,3.600142240524292,3.600142240524292,3.550140314633952,3.550140314633952,1584500
2019-06-10,3.58347487449646,3.6334767995859014,3.5751410216248978,3.600142182859607,1081900
2019-06-11,3.591808557510376,3.6084758669293104,3.5668077920719754,3.6084758669293104,854700
2019-06-12,3.58347487449646,3.5918083299880452,3.5418064048986033,3.5668075661333125,1127900
2019-06-13,3.533473014831543,3.5668080333039427,3.525139558248465,3.558474179340836,1201400
2019-06-14,3.475137233734131,3.5418064683816946,3.4501360720513023,3.5418064683816946,1711200
2019-06-17,3.483470916748047,3.533472845997444,3.475137460563152,3.475137460563152,1381500
2019-06-18,3.525139093399048,3.566807562959831,3.466803315489947,3.466803315489947,3345600
2019-06-19,3.641810655593872,3.7251472065747344,3.5084721740244915,3.5084721740244915,1269300
2019-06-20,3.608476161956787,3.658478094301727,3.5668080836926874,3.608476161956787,1414200
2019-06-21,3.541806697845459,3.683479029340079,3.541806697845459,3.5584740075871784,8321700
2019-06-24,3.5001380443573,3.583474986149608,3.4918045886060627,3.5584738241359175,2134400
2019-06-25,3.550140857696533,3.5584743145963613,3.4918050698775605,3.5084723810572607,2000300
2019-06-26,3.575141668319702,3.583475522698746,3.500138568428504,3.5334731911845814,593100
2019-06-27,3.575141668319702,3.591808979697741,3.5418070455636252,3.5418070455636252,1746900
2019-06-28,3.541806697845459,3.6251432465540563,3.541806697845459,3.5751413173288977,3699900
2019-07-01,3.533473014831543,3.558474179340836,3.5168057042853578,3.5418068687946502,1049300
2019-07-02,3.533473014831543,3.608476110979392,3.5168057042853578,3.5168057042853578,2935300
2019-07-03,3.541806697845459,3.541806697845459,3.516805534542875,3.541806697845459,1370100
2019-07-04,3.541806697845459,3.566807861148043,3.5334728442845944,3.5334728442845944,2462500
2019-07-05,3.575141668319702,3.583475522698746,3.5501408999426687,3.5501408999426687,1662100
2019-07-08,3.533473014831543,3.575141489887021,3.533473014831543,3.5501407227577575,493200
2019-07-09,3.541806697845459,3.566807861148043,3.5251393881037396,3.5334728442845944,1098800
2019-07-10,3.558474063873291,3.5668079175659764,3.533472900175252,3.550140607560622,1104800
2019-07-11,3.558474063873291,3.558474063873291,3.533472900175252,3.558474063873291,347700
2019-07-12,3.541806697845459,3.566807861148043,3.541806697845459,3.5501405514063236,676200
2019-07-15,3.516805410385132,3.550140426071717,3.5001381012318373,3.5418065728050716,1177100
2019-07-16,3.516805410385132,3.5418065728050716,3.508471954498482,3.525139263651777,1074300
2019-07-17,3.533473014831543,3.5668080333039427,3.525139558248465,3.533473014831543,977500
2019-07-18,3.533473014831543,3.5501407227577575,3.525139558248465,3.525139558248465,652000
2019-07-19,3.525139093399048,3.558473710095684,3.5084717850507303,3.558473710095684,1638700
2019-07-22,3.533473014831543,3.533473014831543,3.4751376266099085,3.525139558248465,1173400
2019-07-23,3.508471965789795,3.550140437497131,3.508471965789795,3.541806584203665,2273900
2019-07-24,3.5001380443573,3.566807677267144,3.483470735474836,3.4918045886060627,1698500
2019-07-25,3.541806697845459,3.5584740075871784,3.5001382248011557,3.516805534542875,1565200
2019-07-26,3.483470916748047,3.541806699562348,3.483470916748047,3.541806699562348,2115800
2019-07-29,3.5001380443573,3.5084718974885263,3.4668034265923726,3.475137279723599,1104700
2019-07-31,3.491804599761963,3.5251392176333907,3.475137290826249,3.491804599761963,2443000
2019-08-01,3.5001380443573,3.5334726621222274,3.4668034265923726,3.4668034265923726,1706200
2019-08-02,3.475137233734131,3.5084718510579127,3.4584699250722397,3.4584699250722397,3346000
2019-08-05,3.475137233734131,3.4834706893750846,3.441802616410349,3.475137233734131,2566600
2019-08-06,3.475137233734131,3.5001379980369753,3.4168014547275205,3.4501360720513023,4995700
2019-08-07,3.491804599761963,3.5168053644755384,3.483470746604111,3.5168053644755384,2258200
2019-08-08,3.566807508468628,3.6334767408433737,3.500137878713912,3.500137878713912,1154800
2019-08-09,3.516805410385132,3.5668077352250114,3.516805410385132,3.525139263651777,1311900
2019-08-13,3.5001380443573,3.516805353239764,3.4668034265923726,3.5084718974885263,5075200
2019-08-14,3.5001380443573,3.541806515253454,3.5001380443573,3.5084718974885263,1371100
2019-08-15,3.525139093399048,3.525139093399048,3.4418025516574584,3.4418025516574584,3100100
2019-08-16,3.525139093399048,3.558473710095684,3.483470623838265,3.500137932186583,1856900
2019-08-19,3.516805410385132,3.5418065728050716,3.5001381012318373,3.5001381012318373,2323200
2019-08-20,3.566807508468628,3.608475580012859,3.500137878713912,3.5168051868075985,1089000
2019-08-21,3.541806697845459,3.5834751708897623,3.516805534542875,3.5501405514063236,1339900
2019-08-22,3.600142240524292,3.62514300477947,3.516805299993743,3.516805299993743,2246900
2019-08-23,3.650144100189209,3.650144100189209,3.550140250222923,3.550140250222923,1675700
2019-08-26,3.608476161956787,3.6501446376009206,3.5418069188302006,3.6001427052559807,3311100
2019-08-27,3.541806697845459,3.633477100114921,3.466803605317717,3.5918086270706175,11049800
2019-08-28,3.516805410385132,3.575141191111661,3.4918046453451876,3.575141191111661,851300
2019-08-29,3.633477210998535,3.6918125981847822,3.5168056418659983,3.5334729521163575,1548700
2019-08-30,3.675144672393799,3.6918119798525932,3.575140827641032,3.666811217354379,2983200
2019-09-03,3.6251440048217773,3.7251478841898047,3.6168105468978213,3.6918132577337954,2093700
2019-09-04,3.66681170463562,3.6834790143093272,3.616809775614499,3.6834790143093272,2349700
2019-09-05,3.675144672393799,3.6918119798525932,3.64181005747621,3.675144672393799,2503600
2019-09-06,3.66681170463562,3.6834790143093272,3.6251432317613483,3.6584778511087626,2082400
2019-09-10,3.675144672393799,3.6918119798525932,3.6584773649350044,3.666811217354379,2968000
2019-09-11,3.66681170463562,3.6751451607824697,3.5834751562670846,3.6251432317613483,2420400
2019-09-12,3.650144100189209,3.7001460251723515,3.650144100189209,3.666811408516923,2667100
2019-09-13,3.675144672393799,3.683478524813174,3.6251427500174156,3.666811217354379,1383800
2019-09-17,3.683479070663452,3.683479070663452,3.616809830948641,3.683479070663452,2041300
2019-09-18,3.683479070663452,3.7001463805921553,3.6334771408773436,3.6668117607347495,1949200
2019-09-19,3.66681170463562,3.733480943330448,3.566807846593378,3.566807846593378,2433300
2019-09-20,3.66681170463562,3.6834790143093272,3.650144394961913,3.66681170463562,9281600
2019-09-23,3.650144100189209,3.666811408516923,3.6251429390076497,3.6251429390076497,1530500
2019-09-24,3.6251440048217773,3.6834797998098394,3.600143233669817,3.6334778601258257,2783300
2019-09-25,3.66681170463562,3.66681170463562,3.5834751562670846,3.5834751562670846,2279700
2019-09-26,3.683479070663452,3.683479070663452,3.6251432872229854,3.6584779070803912,1930200
2019-09-27,3.658477783203125,3.700146255303981,3.641810473838783,3.641810473838783,756500
2019-09-30,3.691812753677368,3.691812753677368,3.6418108208202975,3.6418108208202975,2551200
2019-10-01,3.691812753677368,3.700146607843566,3.6751454427250114,3.683479296891209,338700
2019-10-02,3.575141668319702,3.691812847965973,3.5418070455636252,3.691812847965973,4161300
2019-10-03,3.566807508468628,3.5918082719191724,3.541806347638113,3.5501402003749414,1294200
2019-10-04,3.58347487449646,3.6084756383511922,3.550140257770165,3.5834748744964595,242100
2019-10-07,3.558474063873291,3.5834752275713306,3.550140607560622,3.5668079175659764,417500
2019-10-08,3.558474063873291,3.6084759938893542,3.5418067538679368,3.558474063873291,1395200
2019-10-09,3.525139093399048,3.558473710095684,3.516805240534901,3.550140254611513,1397100
2019-10-10,3.516805410385132,3.5334727195384263,3.5001381012318373,3.5334727195384263,1748400
2019-10-11,3.508471965789795,3.516805421703264,3.508471965789795,3.516805421703264,351500
2019-10-14,3.5001380443573,3.541806515253454,3.483470735474836,3.541806515253454,1847900
2019-10-15,3.516805410385132,3.516805410385132,3.483470792078543,3.5001381012318373,1194700
2019-10-16,3.608476161956787,3.666811948382567,3.5168057539677133,3.5168057539677133,1865600
2019-10-17,3.66681170463562,3.6918124704561763,3.5418066833928132,3.5418066833928132,1125900
2019-10-18,3.541806697845459,3.6418105562957757,3.541806697845459,3.566807861148043,1119500
2019-10-21,3.541806697845459,3.5584740075871784,3.516805534542875,3.541806697845459,1692700
2019-10-22,3.575141668319702,3.583475522698746,3.5418070455636252,3.566808211320707,3127300
2019-10-23,3.566807508468628,3.5751409638254863,3.541806347638113,3.5584736557317997,917200
2019-10-24,3.541806697845459,3.5584740075871784,3.5001382248011557,3.541806697845459,3003700
2019-10-25,3.566807508468628,3.5751409638254863,3.541806347638113,3.566807508468628,2243200
2019-10-29,3.608476161956787,3.6168100160376273,3.575141540393494,3.583475394474334,2993400
2019-10-30,3.6251440048217773,3.658478631277786,3.6084766915937725,3.6334778601258257,1126100
2019-10-31,3.641810655593872,3.650144509381968,3.566807958401106,3.566807958401106,3083500
2019-11-01,3.650144100189209,3.658477555663078,3.5834748668783516,3.5834748668783516,1255300
2019-11-04,3.683479070663452,3.683479070663452,3.6334771408773436,3.6668117607347495,2937200
2019-11-05,3.716813564300537,3.716813564300537,3.6584777828411115,3.683478945575151,4697500
2019-11-06,3.691812753677368,3.708480064629725,3.6751454427250114,3.708480064629725,1566600
2019-11-07,3.658477783203125,3.675145092567467,3.633477017846612,3.675145092567467,1588400
2019-11-08,3.6542680263519287,3.6711079545219376,3.6458478615191456,3.6458478615191456,2337400
2019-11-11,3.7047877311706543,3.713207494326768,3.637428019939551,3.637428019939551,3461700
2019-11-12,3.746886968612671,3.746886968612671,3.6963671903308617,3.704787354125584,6588800
2019-11-13,3.7047877311706543,3.7384675867862063,3.6711078755551028,3.7384675867862063,3254700
2019-11-14,3.7047877311706543,3.730047422134544,3.6542679477473268,3.7047877311706547,1545700
2019-11-15,3.7047877311706543,3.730047422134544,3.679527638711216,3.7047877311706547,3934700
2019-11-18,3.7216272354125977,3.7468869235016315,3.7047873095214072,3.7047873095214072,1589800
2019-11-19,3.7300477027893066,3.746887631864146,3.671108151775159,3.671108151775159,1158200
2019-11-20,3.746886968612671,3.763726894706607,3.730047042518734,3.746886968612671,4981200
2019-11-21,3.780567169189453,3.797407498330777,3.6711078402396637,3.730047386252117,4003700
2019-11-22,3.780567169189453,3.780567169189453,3.7047876955312216,3.780567169189453,2569300
2019-11-25,3.746886968612671,3.780566820800544,3.7216272802195203,3.780566820800544,350600
2019-11-26,3.746886968612671,3.763726894706607,3.704787354125584,3.704787354125584,6227400
2019-11-27,3.7300477027893066,3.7889876552990334,3.7216279389996765,3.7889876552990334,1740000
2019-11-28,3.7384681701660156,3.755308100601626,3.7300480042004045,3.7300480042004045,1828800
2019-11-29,3.6626884937286377,3.7300482193565134,3.6458485623216688,3.7300482193565134,3406100
2019-12-02,3.6963677406311035,3.7047879056793858,3.5869084054724087,3.5869084054724087,4539400
2019-12-03,3.6963677406311035,3.7384677628813794,3.6711080484773926,3.6963677406311035,2753800
2019-12-04,3.7047877311706543,3.763727277750096,3.629007855287888,3.637428019939551,4968900
2019-12-05,3.7300477027893066,3.738467868074516,3.6963678446396284,3.7216279389996765,2397900
2019-12-06,3.772148370742798,3.7889883026949494,3.6963684762102913,3.704788642934191,4702100
2019-12-09,3.8142480850219727,3.856347710662837,3.772148057885494,3.7889879884409625,5812200
2019-12-10,3.8395071029663086,3.856347030551863,3.8058272477951998,3.8142474123357486,4119100
2019-12-11,3.8142480850219727,3.856347710662837,3.7553081273300255,3.7553081273300255,6664900
2019-12-12,3.856346845626831,3.8900266991828754,3.7889871385147416,3.7889871385147416,5159000
2019-12-13,3.856346845626831,3.8900266991828754,3.856346845626831,3.8900266991828754,3019900
2019-12-16,3.831087350845337,3.873186969181495,3.7889873310136344,3.7889873310136344,2340400
2019-12-17,3.8900277614593506,3.8900277614593506,3.763728075386902,3.873187830082733,4571700
2019-12-18,3.9068665504455566,3.9068665504455566,3.8310870821569503,3.8900266239930312,8648300
2019-12-19,3.8731868267059326,3.90686668073416,3.839506972677705,3.856346899691819,2871000
2019-12-20,4.058426380157471,4.058426380157471,3.8310871672510776,3.8310871672510776,7838000
2019-12-23,3.8731868267059326,4.016326407073665,3.839506972677705,4.016326407073665,5810100
2019-12-24,3.8395071029663086,3.8731869581374174,3.7805671556690963,3.864767195092412,3128000
2019-12-26,3.9068665504455566,3.9573863298031333,3.814247155704425,3.847927008609476,1402900
2019-12-27,3.974226236343384,4.007906490575201,3.8900266045026264,3.8900266045026264,2716500
2019-12-30,3.9573874473571777,3.982647544917098,3.9321277512928874,3.9405475161491075,7264300
2019-12-31,3.8816075325012207,3.9910668726163583,3.856347437708136,3.9658071793188596,2510400
2020-01-02,3.9152867794036865,3.9321267061357132,3.881606925939633,3.9321267061357132,5297500
2020-01-03,3.9910669326782227,4.024747193407721,3.9489673093836357,3.957387073444316,12359100
2020-01-06,3.974226236343384,3.9910661627115354,3.957386309975232,3.9910661627115354,3692600
2020-01-07,3.974226236343384,4.007906490575201,3.957386309975232,3.982646400275217,5077700
2020-01-08,3.932126522064209,3.9742261361757385,3.8984466701767837,3.957386210232026,4219500
2020-01-09,3.9573874473571777,3.9910673097733183,3.923707584941037,3.923707584941037,4901900
2020-01-10,3.9573874473571777,3.965807613709028,3.9405475161491075,3.9573874473571777,5701200
2020-01-13,3.9237070083618164,4.007907053524805,3.9237070083618164,3.9826469596767944,4877900
2020-01-14,3.9573874473571777,3.9573874473571777,3.915287820084817,3.923707584941037,7709900
2020-01-15,3.9405477046966553,3.9573876367104837,3.9237077726828273,3.9573876367104837,5912400
2020-01-16,3.8816075325012207,3.915287391228276,3.873187367071664,3.873187367071664,6087300
2020-01-17,3.8984477519989014,3.9152876826157073,3.8647678907652896,3.8731876553258844,6819000
2020-01-20,3.8731868267059326,3.8900267537200466,3.856346899691819,3.8900267537200466,4425400
2020-01-21,3.932126522064209,3.932126522064209,3.873186580513462,3.873186580513462,4166300
2020-01-22,3.8731868267059326,3.90686668073416,3.856346899691819,3.90686668073416,618900
2020-01-23,3.8647677898406982,3.873187554181419,3.839507693827324,3.839507693827324,2265700
2020-01-24,3.856346845626831,3.856346845626831,3.847927082985582,3.847927082985582,1900
2020-01-28,3.780567169189453,3.8142474259765553,3.7132074586063384,3.8142474259765553,1180600
2020-01-29,3.8058273792266846,3.8647673285593456,3.7721475228924666,3.7721475228924666,3591700
2020-01-30,3.797407865524292,3.805827629413565,3.7216279830429166,3.805827629413565,3294800
2020-01-31,3.8226675987243652,3.85634745762537,3.755307880922355,3.85634745762537,5214100
2020-02-03,3.780567169189453,3.8058272614058937,3.7553074784685574,3.7553074784685574,4222500
2020-02-04,3.780567169189453,3.85634704434323,3.780567169189453,3.7889873337601148,3318300
2020-02-05,3.746886968612671,3.7889869845952657,3.746886968612671,3.7553071324073932,7832000
2020-02-06,3.780567169189453,3.8142474259765553,3.7553074784685574,3.763727241543674,4489400
2020-02-07,3.788987159729004,3.8058270866013117,3.755307305984388,3.7805669955450867,1941700
2020-02-10,3.797407865524292,3.856347417235954,3.7721477708653057,3.856347417235954,2029500
2020-02-11,3.8226675987243652,3.85634745762537,3.7721478103728576,3.8058276692738624,1516600
2020-02-12,3.831087350845337,3.847927278478909,3.822667186280779,3.822667186280779,4021800
2020-02-13,3.8226675987243652,3.8395075281748676,3.797407905296405,3.797407905296405,843100
2020-02-14,3.831087350845337,3.8395071139143506,3.7637272388155036,3.772147403380062,1054700
2020-02-17,3.788987159729004,3.873186794090543,3.7805669955450867,3.8395069403459274,826200
2020-02-18,3.788987159729004,3.797407323912921,3.772147232856696,3.7805669955450867,662600
2020-02-19,3.8058273792266846,3.8647673285593456,3.738467666558248,3.822667307393794,1040900
2020-02-20,3.755307912826538,3.7974079375582597,3.7047881240458267,3.7974079375582597,1230200
2020-02-21,3.746886968612671,3.763726894706607,3.713207116424798,3.713207116424798,3728000
2020-02-24,3.6205883026123047,3.654268160185813,3.5953282086843874,3.629008066257896,2467000
2020-02-25,3.5784881114959717,3.6290078954788014,3.5027082347739507,3.5700679467510565,4200800
2020-02-26,3.603747844696045,3.6458474597337607,3.5363877379437763,3.5363877379437763,4335200
2020-02-27,3.5784881114959717,3.687947844206546,3.561648183501695,3.603748204235163,2726000
2020-02-28,3.5111281871795654,3.6037479862945796,3.4353483150404145,3.5027080229438687,6435500
2020-03-02,3.527968168258667,3.5784879499610054,3.4521882949573923,3.536387931127956,5612700
2020-03-03,3.578975200653076,3.6129796828863032,3.4939639950700085,3.5619729595364626,1650800
2020-03-04,3.5874757766723633,3.6894896190163853,3.502464579190149,3.502464579190149,2739500
2020-03-05,3.5704734325408936,3.604477910537256,3.553471193542712,3.5874756715390745,1696500
2020-03-06,3.5364694595336914,3.6129797486334487,3.5194672181076796,3.5534717009597028,2189900
2020-03-09,3.34944486618042,3.5279686071585568,3.272934575656813,3.5279686071585568,14375100
2020-03-10,3.3409435749053955,3.48546262234483,3.332442454467782,3.3834491770934645,6416700
2020-03-11,3.40045166015625,3.4514583864147426,3.298438207639265,3.3409438128546753,4676200
2020-03-12,3.33244252204895,3.4004514869290667,3.2219277514360583,3.4004514869290667,8376000
2020-03-13,3.33244252204895,3.33244252204895,3.33244252204895,3.33244252204895,0
2020-03-16,3.153918504714966,3.2304285833679907,3.0093992645765675,3.085909545912277,10350300
2020-03-17,3.102912187576294,3.1624200342375253,2.898885082055076,3.0604063801355608,14585100
2020-03-18,3.0179004669189453,3.145417470842253,2.9498915062572824,3.0349027070843606,10577900
2020-03-19,3.0179004669189453,3.094410750346006,2.9583926263399904,3.085909630263298,11240800
2020-03-20,3.128415584564209,3.128415584564209,3.01790080830485,3.0519052924822794,16382600
2020-03-23,3.111412763595581,3.1284150025210207,2.975394649509389,2.992396888434828,9438100
2020-03-24,3.111412763595581,3.1369161219837407,3.051904724673867,3.051904724673867,5748700
2020-03-25,3.1879231929779053,3.2304287950144044,3.1369164705341066,3.1369164705341066,1857900
2020-03-26,3.230428695678711,3.3919501811333195,3.1454174942198074,3.2219275755328205,3543700
2020-03-27,3.3154399394989014,3.408952459264496,3.1964240605288765,3.1964240605288765,3718700
2020-03-30,3.2899365425109863,3.383449066963644,3.213426461062833,3.3154401056763967,1984700
2020-03-31,3.40045166015625,3.40045166015625,3.2899368839134695,3.3494449338977574,6760100
2020-04-01,3.306939125061035,3.40895277397935,3.2134265966623548,3.366446968698477,5986900
2020-04-02,3.2984375953674316,3.400451028948193,3.264432914824502,3.2729340342895656,4728200
2020-04-03,3.2984375953674316,3.3579454316228756,3.247430675894375,3.2984375953674316,2425600
2020-04-06,3.2899365425109863,3.3069389855154907,3.238929821545551,3.2984378653545847,4567500
2020-04-07,3.3409435749053955,3.3834491770934645,3.255932167846559,3.315440213592554,1891800
2020-04-08,3.2984375953674316,3.340943192692749,3.264432914824502,3.340943192692749,3089700
2020-04-09,3.3154399394989014,3.3494444184381424,3.2814352578769785,3.289936377611789,2235800
2020-04-10,3.281435489654541,3.3154401736783163,3.264433248984002,3.3154401736783163,1422600
2020-04-13,3.281435489654541,3.2899366099898106,3.255932128648732,3.264433248984002,1763400
2020-04-14,3.2729339599609375,3.357945355363631,3.2559317214169328,3.357945355363631,2528600
2020-04-15,3.323941230773926,3.340943471120989,3.272934307050044,3.2814354272235753,3326100
2020-04-16,3.3154399394989014,3.3239410592337117,3.272934138142168,3.3069388197640914,4613900
2020-04-17,3.40045166015625,3.4429574680543737,3.3324426918115932,3.3409438128546753,1848200
2020-04-20,3.3919503688812256,3.4344559719634056,3.3579458864154814,3.4004514894976614,2038000
2020-04-21,3.281435489654541,3.4854625803837096,3.281435489654541,3.3919502566957433,3166200
2020-04-22,3.213426113128662,3.2644328285713384,3.1539182784455395,3.2474305900904463,5864800
2020-04-23,3.255932331085205,3.264433451949029,3.204925605902261,3.2219278476299094,5113900
2020-04-24,3.255932331085205,3.255932331085205,3.187923364174613,3.247431210221381,4811500
2020-04-27,3.230428695678711,3.2729342964081627,3.230428695678711,3.247430935970492,926000
2020-04-28,3.281435489654541,3.3154401736783163,3.2134265269723836,3.238929887978193,1124000
2020-04-29,3.383448839187622,3.4089524006361156,3.2559318426758694,3.2559318426758694,2670500
2020-04-30,3.451458215713501,3.4599595390188407,3.357945888864504,3.357945888864504,8266000
2020-05-04,3.3154399394989014,3.374947777642573,3.3154399394989014,3.3154399394989014,2154200
2020-05-05,3.357945680618286,3.374947920809148,3.3239412002365625,3.340943440427424,1405600
2020-05-06,3.33244252204895,3.3834492457090377,3.323941401438936,3.323941401438936,1910400
2020-05-08,3.2984375953674316,3.340943192692749,3.281435153754629,3.3154398342975586,3956500
2020-05-12,3.2729339599609375,3.2814350792329394,3.230428363600926,3.2729339599609375,3677400
2020-05-13,3.3919503688812256,3.536469419360638,3.332442524566173,3.332442524566173,7503800
2020-05-14,3.357945680618286,3.383449040904579,3.3154400801411312,3.383449040904579,4168800
2020-05-15,3.3919503688812256,3.4429572952625445,3.332442524566173,3.4429572952625445,6332300
2020-05-18,3.527968406677246,3.536469324382672,3.4259549620197602,3.4259549620197602,4108900
2020-05-19,3.595977306365967,3.595977306365967,3.5449705849367446,3.5704737429686615,3658400
2020-05-20,3.6384828090667725,3.6469837259186244,3.510965813366154,3.6214805699977135,2098900
2020-05-21,3.825507402420044,3.825507402420044,3.6044778912604065,3.646983691211214,3820300
2020-05-22,3.7404963970184326,3.7830017937531344,3.69799059491836,3.7830017937531344,3732000
2020-05-27,3.825507402420044,3.825507402420044,3.536468935631395,3.6554850133475156,6612500
2020-05-28,3.825507402420044,3.825507402420044,3.6979904079329726,3.6979904079329726,9125000
2020-05-29,3.868013381958008,3.9105187785169386,3.7064919021571847,3.7064919021571847,89680800
2020-06-02,3.868013381958008,3.868013381958008,3.868013381958008,3.868013381958008,0
2020-06-03,3.7404963970184326,3.774500876552343,3.689489677717568,3.774500876552343,2844200
2020-06-04,3.7404963970184326,3.7830017937531344,3.69799059491836,3.69799059491836,3547200
2020-06-05,3.7404963970184326,3.774500876552343,3.706491917484523,3.7404963970184326,4395700
2020-06-09,3.7319953441619873,3.783002067149086,3.638483221368339,3.783002067149086,3410500
2020-06-10,3.723494291305542,3.7404965316846153,3.6809884876751653,3.689489810547395,1840400
2020-06-11,3.7404963970184326,3.8340089184193706,3.680988355151405,3.69799059491836,3758700
2020-06-12,3.7404963970184326,3.8255075958532077,3.69799059491836,3.69799059491836,2003900
2020-06-15,3.6639862060546875,3.7659996471808763,3.6384830484558313,3.74049648958202,2914400
2020-06-16,3.6809890270233154,3.8085060512331865,3.6639867841530287,3.6639867841530287,885800
2020-06-17,3.7319953441619873,3.740496667342537,3.6894899443554383,3.740496667342537,2654200
2020-06-18,3.7064921855926514,3.7745011495798817,3.689489944595844,3.7745011495798817,1233700
2020-06-19,3.7404963970184326,3.791503116319298,3.69799059491836,3.69799059491836,7933100
2020-06-22,3.6809890270233154,3.7149935127638885,3.6384836225303214,3.7064925940114675,2115600
2020-06-23,3.6894898414611816,3.7064920819827147,3.6044782334881273,3.6979907590392536,1769900
2020-06-24,3.7404963970184326,3.7404963970184326,3.655485198183658,3.706491917484523,1582100
2020-06-25,3.6809890270233154,3.7404970797520405,3.646984541282742,3.7404970797520405,1002900
2020-06-26,3.6639862060546875,3.6979906864300838,3.6129794854915933,3.6129794854915933,1854500
2020-06-29,3.7149932384490967,3.7489977216787813,3.646984271989727,3.6639865136045695,1611600
2020-06-30,3.6894898414611816,3.748997480603853,3.6129795564315885,3.6129795564315885,4586400
2020-07-01,3.7404963970184326,3.7404963970184326,3.655485198183658,3.7234941572514777,1505000
2020-07-02,3.8085062503814697,3.8085062503814697,3.680989219503683,3.6979914632630235,2101700
2020-07-03,3.7404963970184326,3.8000040335200893,3.7234941572514777,3.7404963970184326,504800
2020-07-06,3.825507402420044,3.825507402420044,3.706491730069274,3.783001602469237,641100
2020-07-07,3.7489969730377197,3.834008569501294,3.7404960566105627,3.825507247708803,1317600
2020-07-08,3.800004005432129,3.817006245073411,3.7404963693703266,3.7489972865082835,904000
2020-07-09,3.825507402420044,3.825507402420044,3.748997124654731,3.8000038413764896,2959700
2020-07-10,3.825507402420044,3.825507402420044,3.68098816902572,3.748997124654731,3159300
2020-07-13,3.8085062503814697,3.8340098187032137,3.740497275344108,3.8000049258190662,4356400
2020-07-14,3.8085062503814697,3.82550849414081,3.7915040066221293,3.817007169578407,2296600
2020-07-15,3.8510119915008545,3.8510119915008545,3.7830026123512193,3.825508423649059,1863200
2020-07-16,3.8425099849700928,3.8680135482944786,3.834009067438889,3.851011307866684,741500
2020-07-17,3.8425099849700928,3.8595122253978875,3.7489974599345284,3.851011307866684,1693700
2020-07-20,3.8170058727264404,3.825507194400466,3.7915027184350216,3.808504956417744,988700
2020-07-21,3.800004005432129,3.825507567576736,3.7404963693703266,3.7404963693703266,1619800
2020-07-22,3.8425099849700928,3.851011307866684,3.825507744542298,3.825507744542298,4508900
2020-07-23,3.8425099849700928,3.8680135482944786,3.834009067438889,3.851011307866684,1371600
2020-07-24,3.800004005432129,3.825507567576736,3.7574986090116083,3.825507567576736,1920900
2020-07-27,3.825507402420044,3.8935163580490553,3.808505163512791,3.8510109634635987,2370300
2020-07-28,3.876514434814453,3.9105189153980144,3.8340090367676933,3.876514434814453,2859000
2020-07-29,3.868013381958008,3.876514299123646,3.7830017781094076,3.876514299123646,1507700
2020-07-30,3.8935165405273438,3.8935165405273438,3.7489973003598047,3.834008904245677,4076100
2020-08-03,3.8170058727264404,3.842509432383188,3.783001396760996,3.842509432383188,3021200
2020-08-04,3.7745015621185303,3.791503804973618,3.7064925906981783,3.7404970764083543,1435700
2020-08-05,3.7319953441619873,3.7659998261533865,3.6979908621705877,3.748997585157687,4003100
2020-08-06,3.8425099849700928,3.8425099849700928,3.7319952195067336,3.757498782831119,1409800
2020-08-07,3.7659997940063477,3.825507839666029,3.7404966354131965,3.825507839666029,1747800
2020-08-10,3.8170058727264404,3.8170058727264404,3.7234937665041326,3.7404960044868547,482200
2020-08-11,3.7574987411499023,3.8255077021066706,3.74049650091071,3.774500981389094,1341600
2020-08-12,3.7574987411499023,3.7915032216282865,3.7319951781084226,3.748997418347615,679500
2020-08-13,3.825507402420044,3.825507402420044,3.7574984467910326,3.7574984467910326,948700
2020-08-14,3.825507402420044,3.8765141191418024,3.765999363561984,3.783001602469237,2408100
2020-08-17,3.876514434814453,3.9360224785183777,3.8085054736473305,3.8255077139391114,2054400
2020-08-18,3.868013381958008,3.9020178613513004,3.7830017781094076,3.8595120594270003,1916000
2020-08-19,3.8510119915008545,3.8765151539871914,3.8510119915008545,3.868014234946899,1499200
2020-08-21,3.783001661300659,3.8850155016959973,3.783001661300659,3.808505222740833,1412700
2020-08-24,3.825507402420044,3.8680132023708516,3.783001602469237,3.808505163512791,1438500
2020-08-25,3.868013381958008,3.9105187785169386,3.8255075800337077,3.851011142261362,1348900
2020-08-26,3.8085062503814697,3.910519712937513,3.8000049258190662,3.910519712937513,3621700
2020-08-27,3.8170058727264404,3.8510107540572136,3.8000036347437183,3.825507194400466,2614300
2020-08-28,3.791503429412842,3.8340092350229455,3.791503429412842,3.8085056705838025,6199400
2020-09-01,3.8170058727264404,3.8510107540572136,3.7064915285214104,3.8170058727264404,6110000
2020-09-02,3.8425099849700928,3.8680135482944786,3.7915032636867085,3.8595122253978875,1792900
2020-09-03,3.791503429412842,3.8425101529257235,3.7404967058999605,3.8170065884865805,2890100
2020-09-04,3.7404963970184326,3.791503116319298,3.7404963970184326,3.7830017937531344,1221500
2020-09-07,3.783001661300659,3.8000039004723227,3.765999422128996,3.774500744397506,868100
2020-09-08,3.8170058727264404,3.825507194400466,3.765999158778274,3.7915027184350216,1319500
2020-09-09,3.799851655960083,3.8598946082201344,3.7741192542837396,3.7741192542837396,1081300
2020-09-10,3.842740297317505,3.8513176299026983,3.7998524073638444,3.8170074815434623,2185300
2020-09-11,3.8170061111450195,3.8598939857008854,3.7826959751039606,3.8170061111450195,3944500
2020-09-14,3.8170061111450195,3.8255838496598265,3.7912737136187675,3.8170061111450195,380200
2020-09-15,3.8255844116210938,3.8598945527021593,3.78269653076519,3.825584411621094,1183400
2020-09-17,3.7655413150787354,3.8598944039193195,3.7483862451994594,3.799851454837288,850500
2020-09-18,3.842740297317505,3.8598953714971227,3.791275074778651,3.791275074778651,10033800
2020-09-21,3.8341612815856934,3.8942042257659875,3.8341612815856934,3.859894088808418,1065500
2020-09-22,3.8255844116210938,3.8856273630175306,3.825584411621094,3.8513168129273208,1057400
2020-09-23,3.859894037246704,3.859894037246704,3.808428832497839,3.8255839007474606,1292900
2020-09-24,3.842740297317505,3.868473113091547,3.7998524073638444,3.8170074815434623,1114500
2020-09-25,3.8170061111450195,3.8684717242156923,3.774118645598238,3.834161179165549,1751900
2020-09-28,3.8255844116210938,3.8598945527021593,3.8084293410805614,3.825584411621094,747400
2020-09-29,3.842740297317505,3.8598953714971227,3.808430148958269,3.808430148958269,1976600
2020-09-30,3.8255844116210938,3.8598945527021593,3.7655414602246573,3.8427394821616265,1510300
2020-10-01,3.7655413150787354,3.842739334040043,3.7140761054409066,3.7912741244022143,931800
2020-10-02,3.774118661880493,3.79985105951776,3.705498389502335,3.739808525691414,1940700
2020-10-05,3.859894037246704,3.859894037246704,3.7569636277489735,3.7569636277489735,646600
2020-10-06,3.7655413150787354,3.8598944039193195,3.7655413150787354,3.8598944039193195,706300
2020-10-07,3.6626107692718506,3.7912739934260933,3.6540334391330958,3.782696254278224,3514100
2020-10-08,3.799851655960083,3.799851655960083,3.6883439003473444,3.6883439003473444,1460600
2020-10-09,3.808429718017578,3.834162121870654,3.7826969051553174,3.799851977393763,1429200
2020-10-12,3.774118661880493,3.8255838661641124,3.739808525691414,3.808428798069573,811200
2020-10-13,3.842740297317505,3.8598953714971227,3.7312321106453723,3.7312321106453723,955800
2020-10-14,3.8170061111450195,3.842738917680356,3.7912737136187675,3.842738917680356,1791300
2020-10-15,3.705498456954956,3.7655409918742793,3.705498456954956,3.7483859234674592,787600
2020-10-16,3.602567672729492,3.739808630335036,3.5939903429467632,3.7054984931859245,2508800
2020-10-19,3.6711881160736084,3.6883431835268423,3.5854123697983704,3.6197225047048374,1191100
2020-10-20,3.6711881160736084,3.67976544529569,3.6197225047048374,3.671188116073609,2521000
2020-10-21,3.6797664165496826,3.6969214885309025,3.6368785320920436,3.6368785320920436,747900
2020-10-22,3.7655413150787354,3.7655413150787354,3.6283007560445255,3.6969210355616307,962800
2020-10-23,3.705498456954956,3.774118730582236,3.662610581433359,3.7655409918742793,606600
2020-10-26,3.7569639682769775,3.7569639682769775,3.688343689058807,3.70549875886335,819900
2020-10-27,3.782696008682251,3.782696008682251,3.739808542754765,3.7569636109275772,1966600
2020-10-28,3.739809036254883,3.7912742475645977,3.7140762260954547,3.7912742475645977,841300
2020-10-30,3.6883437633514404,3.765541374522275,3.6540336230512613,3.765541374522275,2708600
2020-11-02,3.72265362739563,3.7655410950836314,3.602567736247374,3.636877874001417,680800
2020-11-03,3.72265362739563,3.7398086962726516,3.705498558518608,3.72265362739563,2246700
2020-11-04,3.791274070739746,3.8170064706898748,3.654033513648067,3.731231122507575,415300
2020-11-05,3.8170061111450195,3.8170061111450195,3.748385839062902,3.7912737136187675,873600
2020-11-06,3.8170061111450195,3.8255838496598265,3.774118645598238,3.774118645598238,1768500
2020-11-09,3.8341612815856934,3.8427390203296334,3.8170062131069087,3.8255839518508488,1601500
2020-11-10,3.877049446105957,3.902782255245634,3.791274097322244,3.842739306592472,1749100
2020-11-11,3.859894037246704,3.859894037246704,3.748385889119618,3.8255839007474606,1078100
2020-11-12,3.9113593101501465,3.9370921174775124,3.7998511600800553,3.7998511600800553,3544400
2020-11-13,3.9027819633483887,3.9199370318220677,3.8427390191859643,3.9113592930806806,594500
2020-11-16,3.8684725761413574,3.9113600511329367,3.825584692140604,3.9113600511329367,769200
2020-11-17,3.877049446105957,3.979979864646413,3.8598943763492146,3.8942045158627,1237400
2020-11-18,3.9113593101501465,3.928514378698692,3.8856269118318774,3.9027819803804227,2606600
2020-11-19,3.877049446105957,3.9199373250023766,3.8513166369662803,3.9199373250023766,3862200
2020-11-20,3.9027819633483887,3.9027819633483887,3.8770491561333227,3.8942042246070017,2609100
2020-11-23,3.8856277465820312,3.9027828188160036,3.8427398614925075,3.9027828188160036,1289200
2020-11-24,3.842740297317505,3.8770504456767405,3.791275074778651,3.8770504456767405,503200
2020-11-25,3.859894037246704,3.8856268441256816,3.8427389689970823,3.8427389689970823,645400
2020-11-26,3.851316213607788,3.868471690487829,3.817006077865867,3.817006077865867,1278100
2020-11-27,3.774118661880493,3.8513162638013787,3.774118661880493,3.8255838661641124,1882800
2020-11-30,3.7483863830566406,3.9027824266575935,3.7483863830566406,3.817006665097445,6385300
2020-12-01,3.8170061111450195,3.842738917680356,3.7569635775777086,3.7569635775777086,1218400
2020-12-02,3.851316213607788,3.877049019918769,3.7741186126930066,3.7741186126930066,2556200
2020-12-03,3.8341612815856934,3.859894088808418,3.799851144628124,3.859894088808418,2126800
2020-12-04,3.842740297317505,3.8598953714971227,3.8170074815434623,3.83416255572308,699700
2020-12-07,3.774118661880493,3.842738934258652,3.774118661880493,3.8170061276122995,1768500
2020-12-08,3.774118661880493,3.808428798069573,3.774118661880493,3.79985105951776,2105900
2020-12-09,3.8170061111450195,3.834161179165549,3.748385839062902,3.774118645598238,1353900
2020-12-10,3.8170061111450195,3.8513162471860785,3.774118645598238,3.8513162471860785,729600
2020-12-11,3.842740297317505,3.8598953714971227,3.791275074778651,3.8598953714971227,831000
2020-12-14,3.808429718017578,3.8427398624944695,3.774119573540687,3.8427398624944695,1507200
2020-12-15,3.8341612815856934,3.8341612815856934,3.7826960761493393,3.8341612815856934,1213100
2020-12-16,3.774118661880493,3.842738934258652,3.7569635937859536,3.842738934258652,2128100
2020-12-17,3.8170061111450195,3.842738917680356,3.7826959751039606,3.7912737136187675,3505400
2020-12-18,3.774118661880493,3.8513162638013787,3.7655409233286807,3.8513162638013787,5648900
2020-12-21,3.7655413150787354,3.7912741244022143,3.7483862451994594,3.7912741244022143,824200
2020-12-22,3.7655413150787354,3.774119054522938,3.7483862451994594,3.7483862451994594,341700
2020-12-23,3.7655413150787354,3.8084291942814907,3.7569639846436615,3.774119054522938,860600
2020-12-24,3.808429718017578,3.834162121870654,3.774119573540687,3.791274645779133,775800
2020-12-28,3.8341612815856934,3.859894088808418,3.8084288833720636,3.8341612815856934,571100
2020-12-29,3.8170061111450195,3.8684717242156923,3.8170061111450195,3.834161179165549,823800
2020-12-30,3.774118661880493,3.8598940023531916,3.7655409233286807,3.842738934258652,2533000
2020-12-31,3.7483863830566406,3.791274263836715,3.7483863830566406,3.7655414535668417,2343200
2021-01-04,3.799851655960083,3.8255844666455765,3.7398091127091813,3.7483864435982457,689800
2021-01-05,3.8341612815856934,3.8427390203296334,3.7483859391917695,3.7741187464144943,1015100
2021-01-06,3.842740297317505,3.8598953714971227,3.791275074778651,3.8255852231378866,1799800
2021-01-07,3.859894037246704,3.86847177587606,3.799851093868483,3.799851093868483,4660800
2021-01-08,3.8684725761413574,3.9027827197382905,3.8427397639390706,3.8427397639390706,8477900
2021-01-11,3.859894037246704,3.9113592419955694,3.799851093868483,3.9027819123753034,4147900
2021-01-12,3.859894037246704,3.859894037246704,3.808428832497839,3.8255839007474606,2110300
2021-01-13,3.859894037246704,3.86847177587606,3.799851093868483,3.859894037246704,5634800
2021-01-14,3.859894037246704,3.86847177587606,3.8341612303677266,3.859894037246704,2894300
2021-01-15,3.8170061111450195,3.8598939857008854,3.8170061111450195,3.8598939857008854,1869500
2021-01-18,3.8170061111450195,3.834161179165549,3.8170061111450195,3.834161179165549,2033700
2021-01-19,3.8170061111450195,3.8598939857008854,3.8170061111450195,3.8513162471860785,3086800
2021-01-20,3.739809036254883,3.851316789588027,3.739809036254883,3.8341617191514556,1695800
2021-01-21,3.7483863830566406,3.791274263836715,3.7483863830566406,3.7655414535668417,1417100
2021-01-22,3.739809036254883,3.7569641066914543,3.7312312965320262,3.7569641066914543,2468500
2021-01-25,3.714076519012451,3.774119474780413,3.7054991876222703,3.774119474780413,4244300
2021-01-26,3.731231689453125,3.756964502322373,3.6711891411068542,3.756964502322373,3053600
2021-01-27,3.731231689453125,3.7483867616962288,3.6711891411068542,3.731231689453125,6116600
2021-01-29,3.619722843170166,3.7054985974659407,3.619722843170166,3.6883435284086077,6534700
2021-02-02,3.645456075668335,3.6711888867547287,3.585413122472854,3.628301004613791,3802100
2021-02-03,3.619722843170166,3.662610720318053,3.619722843170166,3.662610720318053,4393400
2021-02-04,3.6797664165496826,3.6797664165496826,3.5939910566435835,3.6197234601108237,5252000
2021-02-05,3.63687801361084,3.7054987007621842,3.611145613812066,3.6969209614898464,2468900
2021-02-08,3.619722843170166,3.64545565126072,3.5939904440887207,3.636877912227499,2585300
2021-02-09,3.645456075668335,3.6797662177774217,3.6197232645819413,3.6197232645819413,801500
2021-02-10,3.714076519012451,3.714076519012451,3.6454562318543084,3.6626113036438444,1203300
2021-02-11,3.6626107692718506,3.7226537162795945,3.6540334391330958,3.7226537162795945,156500
2021-02-15,3.7483863830566406,3.7655414535668417,3.645455959995435,3.645455959995435,829200
2021-02-16,3.63687801361084,3.7741189789044087,3.6283006833476223,3.7655412396320704,2023700
2021-02-17,3.602567672729492,3.6454555486704305,3.5939903429467632,3.6454555486704305,3462700
2021-02-18,3.63687801361084,3.6540334921555164,3.602567874539728,3.611145613812066,4082300
2021-02-19,3.654033660888672,3.6711887312164015,3.6197231112240735,3.6454559212202375,5546300
2021-02-22,3.63687801361084,3.6626108224187344,3.6283006833476223,3.6540334921555164,795800
2021-02-23,3.63687801361084,3.6540334921555164,3.619722944075284,3.645455752883178,2088500
2021-02-24,3.628300905227661,3.6797661169815608,3.628300905227661,3.6540337156091836,6244100
2021-02-25,3.6883437633514404,3.6883437633514404,3.6368781438920372,3.6454558834716493,2662200
2021-02-26,3.6711881160736084,3.6883431835268423,3.602567437251604,3.6883431835268423,5531100
2021-03-01,3.6711881160736084,3.6883431835268423,3.6283002429359894,3.671188116073609,1327900
2021-03-02,3.6626107692718506,3.6969209078451,3.6540334391330958,3.688343577706345,1614600
2021-03-03,3.696920871734619,3.705498610798704,3.645455664377443,3.705498610798704,2348100
2021-03-04,3.6711881160736084,3.6969205127489237,3.636877572158071,3.6969205127489237,1975600
2021-03-05,3.6626107692718506,3.6797658385584753,3.6368779608373565,3.6797658385584753,1754400
2021-03-08,3.63687801361084,3.671188561691072,3.63687801361084,3.6540334921555164,1154800
2021-03-09,3.7105696201324463,3.7192389599284597,3.649882587974008,3.675891020758635,1602900
2021-03-10,3.7279088497161865,3.7279088497161865,3.6932306624683093,3.710569756092248,1535100
2021-03-11,3.701900005340576,3.7279088524941657,3.684560911703717,3.7105697588573063,1082600
2021-03-12,3.6672215461730957,3.727908576100969,3.6672215461730957,3.727908576100969,972400
2021-03-15,3.675891399383545,3.684561153469148,3.658552304608967,3.6672220586945703,1477100
2021-03-16,3.7105696201324463,3.7279087131210593,3.675891020758635,3.675891020758635,514600
2021-03-17,3.675891399383545,3.727909097103907,3.675891399383545,3.684561153469148,1531300
2021-03-18,3.6585512161254883,3.6932298087537796,3.6585512161254883,3.6845600572475807,1594700
2021-03-19,3.675891399383545,3.675891399383545,3.649882963919992,3.649882963919992,4911400
2021-03-22,3.701900005340576,3.7279088524941657,3.6585520645501273,3.6585520645501273,865900
2021-03-23,3.675891399383545,3.710570002329329,3.6672220586945703,3.710570002329329,726900
2021-03-24,3.7279088497161865,3.7279088497161865,3.667221815334101,3.68456090895804,1283700
2021-03-25,3.6498820781707764,3.727908192419403,3.6498820781707764,3.719238440437765,988800
2021-03-26,3.6412124633789062,3.658551554598937,3.632543124467162,3.6498822156871933,1762700
2021-03-29,3.6672215461730957,3.6672215461730957,3.6065345162452225,3.658551793299155,1958900
2021-03-30,3.6672215461730957,3.710569483749658,3.641212700947844,3.6758908856504657,1814200
2021-03-31,3.6325433254241943,3.693230354749861,3.58919538827778,3.6845606019619517,3997500
2021-04-01,3.6498820781707764,3.6672211687375236,3.6238732356223915,3.6498820781707764,898400
2021-04-02,3.6585512161254883,3.6758903057413814,3.641212126509595,3.6758903057413814,314800
2021-04-05,3.6498820781707764,3.684560259304271,3.6238732356223915,3.6498820781707764,540800
2021-04-06,3.606534719467163,3.675891092780517,3.5631871928446133,3.649882659486306,3305600
2021-04-07,3.7105696201324463,3.7105696201324463,3.6065346488041827,3.6065346488041827,1994600
2021-04-08,3.6238739490509033,3.68456098468018,3.589195761090348,3.68456098468018,3626500
2021-04-09,3.6412124633789062,3.6498822156871933,3.5978649420271,3.6498822156871933,2060400
2021-04-12,3.6238739490509033,3.641213043031181,3.5978655147787912,3.641213043031181,1381600
2021-04-13,3.580526828765869,3.6238743619573026,3.580526828765869,3.6238743619573026,1206200
2021-04-14,3.615204095840454,3.6152040958404545,3.571856160341582,3.5805259127999767,3310800
2021-04-15,3.580526828765869,3.6238743619573026,3.5545179781336844,3.6152050206776782,2989000
2021-04-16,3.5285089015960693,3.571856426933714,3.4678218700474694,3.571856426933714,5372600
2021-04-19,3.502500295639038,3.5285091433408047,3.4764918613338813,3.5285091433408047,2080100
2021-04-20,3.519839286804199,3.5285090402503587,3.493830853258916,3.511169946754637,1452000
2021-04-21,3.476491928100586,3.528509211106511,3.4678221742346227,3.528509211106511,3231300
2021-04-22,3.502500295639038,3.502500295639038,3.4764918613338813,3.4764918613338813,2578500
2021-04-23,3.502500295639038,3.5111700493384967,3.4851612016367306,3.502500295639038,1796700
2021-04-26,3.5285089015960693,3.5285089015960693,3.4851609628618436,3.502500055676218,1277200
2021-04-27,3.511169910430908,3.537178343707129,3.493830817114563,3.5285090037472533,1142900
2021-04-28,3.519839286804199,3.5285090402503587,3.493830853258916,3.511169946754637,433400
2021-04-30,3.5458481311798096,3.5458481311798096,3.493830850730293,3.5198392842567525,1993800
2021-05-03,3.5285089015960693,3.5458479944104435,3.5198391484905915,3.5371782413049657,732100
2021-05-04,3.5285089015960693,3.5631870872248177,3.5285089015960693,3.5458479944104435,859400
2021-05-05,3.502500295639038,3.5371784836436535,3.4764918613338813,3.5371784836436535,3506700
2021-05-06,3.5371782779693604,3.5371782779693604,3.467821905992955,3.4938307521824,1239200
2021-05-07,3.554517984390259,3.571857080376683,3.511170451122526,3.545848643095375,3696000
2021-05-10,3.554517984390259,3.597865931054648,3.537178888403834,3.5631877390817994,3477100
2021-05-11,3.5718560218811035,3.5891951127292048,3.5198387493368,3.545847592307219,1259000
2021-05-12,3.5718560218811035,3.580525774003421,3.5371778401849014,3.5371778401849014,1774300
2021-05-17,3.5285089015960693,3.632543458482314,3.5285089015960693,3.5631870872248177,2329300
2021-05-18,3.5458481311798096,3.554517471223097,3.5025001907735804,3.5285090376966375,1729600
2021-05-19,3.5458481311798096,3.5458481311798096,3.5025001907735804,3.5025001907735804,1179100
2021-05-20,3.5285089015960693,3.55451733411934,3.5198391484905915,3.55451733411934,1737200
2021-05-21,3.554517984390259,3.5545179843902583,3.5198397924174096,3.5285095471089503,1444200
2021-05-24,3.56318736076355,3.5891957952834352,3.5285091724726265,3.5545176069925124,3019900
2021-05-25,3.580526828765869,3.580526828765869,3.54584863685406,3.580526828765869,1713000
2021-05-27,3.6325433254241943,3.6325433254241943,3.545847864527932,3.580526048886437,9822300
2021-05-28,3.56318736076355,3.5891957952834352,3.537178512847051,3.571856701137974,1949900
2021-05-31,3.5458481311798096,3.554517471223097,3.5111699442134654,3.537178377739925,1141500
2021-06-01,3.502500295639038,3.5371784836436535,3.502500295639038,3.519839389641346,587500
2021-06-02,3.511169910430908,3.511169910430908,3.485161063758094,3.502500157074439,1873500
2021-06-03,3.5458481311798096,3.5458481311798096,3.5025001907735804,3.5025001907735804,1346100
2021-06-04,3.493830680847168,3.5198391131090006,3.4678218351887584,3.5198391131090006,3286700
2021-06-08,3.511169910430908,3.5285090037472533,3.485161063758094,3.502500157074439,1760600
2021-06-09,3.4851608276367188,3.511169672547421,3.4851608276367188,3.511169672547421,1556900
2021-06-10,3.4851608276367188,3.511169672547421,3.467821735495106,3.511169672547421,1211800
2021-06-11,3.4678220748901367,3.5111700161849058,3.4244743402936706,3.5111700161849058,2611000
2021-06-14,3.4504828453063965,3.485161031619298,3.4504828453063965,3.4678219384628473,1383200
2021-06-15,3.3724570274353027,3.450482948983792,3.3637874805965815,3.450482948983792,2742900
2021-06-16,3.3377785682678223,3.389796054983678,3.294430834919856,3.3724569616444917,3782200
2021-06-17,3.3377785682678223,3.3377785682678223,3.2684221949110768,3.3031003815894495,3164300
2021-06-18,3.3551180362701416,3.398465981157032,3.320439845719285,3.3377789409947134,8320200
2021-06-21,3.3637874126434326,3.3897960526341855,3.3377785659543835,3.355117659281552,1299500
2021-06-22,3.311769723892212,3.3811262996673115,3.311769723892212,3.355117454565222,1220800
2021-06-23,3.3031005859375,3.337778774761257,3.268422397113743,3.337778774761257,2469800
2021-06-24,3.320439338684082,3.346447977625673,3.285761153428628,3.2944306997424913,2684900
2021-06-25,3.311769723892212,3.3464479084306196,3.285761085488406,3.3031001777576097,2093500
2021-06-28,3.2510831356048584,3.3204395096876396,3.20773540180312,3.3204395096876396,3069800
2021-06-29,3.3031005859375,3.3031005859375,3.2510833027018644,3.2510833027018644,1558300
2021-06-30,3.2597525119781494,3.3117697898212954,3.164387502599048,3.3031002435141046,5008700
2021-07-01,3.2857613563537598,3.2857613563537598,3.2077354347101896,3.233744075258046,1574200
2021-07-02,3.311769723892212,3.311769723892212,3.225074262546192,3.285761085488406,2554500
2021-07-05,3.23374342918396,3.311769335238626,3.199065248715219,3.303099790121441,2997300
2021-07-06,3.2684223651885986,3.2684223651885986,3.207735535339798,3.2510832709460837,1539600
2021-07-07,3.2510831356048584,3.2684222291255534,3.20773540180312,3.2684222291255534,2506100
2021-07-08,3.1817264556884766,3.2424132771775773,3.1643873638344475,3.2424132771775773,4929600
2021-07-09,3.225074291229248,3.225074291229248,3.1643874677472996,3.1903961063824204,3979900
2021-07-12,3.207735300064087,3.225074393034842,3.164387567637199,3.216404846549464,1850100
2021-07-13,3.190396308898926,3.2164049491849944,3.1730572153748797,3.1817267621369028,2155000
2021-07-14,3.1817264556884766,3.2077350934695197,3.1643873638344475,3.1817264556884766,2987400
2021-07-15,3.199065685272217,3.2250743241730127,3.1557179537708904,3.1643875000711557,2094700
2021-07-16,3.23374342918396,3.23374342918396,3.181726158480849,3.181726158480849,2567400
2021-07-19,3.216404914855957,3.2770917415424003,3.216404914855957,3.233744008194941,2540600
2021-07-21,3.1817264556884766,3.2424132771775773,3.1817264556884766,3.216404639396534,1748900
2021-07-22,3.190396308898926,3.2077354024229714,3.1383788216284887,3.2077354024229714,4329800
2021-07-23,3.216404914855957,3.216404914855957,3.173057181508497,3.190396274847481,772100
2021-07-26,3.1730568408966064,3.2164045695909027,3.1730568408966064,3.2077350238520435,995000
2021-07-27,3.225074291229248,3.225074291229248,3.1643874677472996,3.1903961063824204,842600
2021-07-28,3.199065685272217,3.2250743241730127,3.1817265926716862,3.1817265926716862,830800
2021-07-29,3.207735300064087,3.207735300064087,3.1730571141225763,3.1903962070933316,1236400
2021-07-30,3.1643874645233154,3.190396103131938,3.1383786192164074,3.190396103131938,4196300
2021-08-02,3.1643874645233154,3.1730570107261897,3.069022249593415,3.1730570107261897,1610300
2021-08-03,3.1643874645233154,3.1817265569290636,3.1297090730135335,3.1730570107261897,2066000
2021-08-04,3.1643874645233154,3.1730570107261897,3.1210395268106597,3.1643874645233154,725600
2021-08-05,3.207735300064087,3.207735300064087,3.138378721482774,3.138378721482774,697400
2021-08-06,3.216404914855957,3.216404914855957,3.1643876348390054,3.207735368186465,1045100
2021-08-09,3.1730568408966064,3.2164045695909027,3.164387295157747,3.2077350238520435,548900
2021-08-11,3.216404914855957,3.2250744615254487,3.173057181508497,3.1817267281779893,850800
2021-08-12,3.216404914855957,3.216404914855957,3.1817267281779893,3.207735368186465,745800
2021-08-13,3.24241304397583,3.24241304397583,3.1643871362445015,3.2337434986723492,2195700
2021-08-16,3.2770917415618896,3.2770917415618896,3.1990658215359984,3.233744008214172,1024700
2021-08-17,3.3464484214782715,3.3464484214782715,3.251083399377135,3.277092041768354,2882100
2021-08-18,3.29443097114563,3.34644825331412,3.259752783033303,3.34644825331412,1826300
2021-08-19,3.2770917415618896,3.320439474909607,3.2597526482228028,3.2944308349009765,865200
2021-08-20,3.2597525119781494,3.3117697898212954,3.2337438730565764,3.2770916045925316,2218500
2021-08-23,3.2510831356048584,3.2944308694065967,3.2424135888445105,3.2684222291255534,710200
2021-08-24,3.3724570274353027,3.3724570274353027,3.251083164994907,3.251083164994907,2090300
2021-08-25,3.4678220748901367,3.476491828507733,3.407135246455084,3.407135246455084,4496000
2021-08-26,3.5371782779693604,3.6152044031411092,3.467821905992955,3.467821905992955,4796900
2021-08-27,3.5371782779693604,3.554517370963462,3.4938307521824,3.5371782779693604,2739400
2021-08-30,3.5718560218811035,3.580525774003421,3.528508501459118,3.545847592307219,5297200
2021-09-01,3.5285089015960693,3.580526180039192,3.5285089015960693,3.571856426933714,3519700
2021-09-02,3.493830680847168,3.554517298389162,3.493830680847168,3.54584795876741,1531400
2021-09-03,3.511169910430908,3.519839250390784,3.4418133304672316,3.493830817114563,2508300
2021-09-06,3.4678220748901367,3.519839356405896,3.4158047933743774,3.5111700161849058,1090200
2021-09-07,3.407135009765625,3.4851609266189,3.407135009765625,3.467821833984839,1745800
2021-09-08,3.511169910430908,3.511169910430908,3.4071351438345414,3.4071351438345414,3184600
2021-09-09,3.4504828453063965,3.5025001247757483,3.4418132987281713,3.4764916917393673,1823800
2021-09-10,3.441680431365967,3.4856916471405635,3.4152737019012087,3.4856916471405635,907200
2021-09-13,3.4504828453063965,3.4504828453063965,3.380064686719585,3.432878358125204,1602500
2021-09-14,3.4328787326812744,3.4504832217832657,3.3624605664112464,3.4504832217832657,2564000
2021-09-15,3.441680431365967,3.441680431365967,3.3712622762645807,3.4328781882110473,1569000
2021-09-17,3.318449020385742,3.459285129344023,3.300844532998713,3.4064714573208907,9672200
2021-09-20,3.300844430923462,3.327251161187405,3.25683321381689,3.3184489177660907,2474700
2021-09-21,3.3096466064453125,3.3096466064453125,3.256833147000927,3.256833147000927,1016800
2021-09-22,3.300844430923462,3.300844430923462,3.239228726974261,3.283239944080833,3277000
2021-09-23,3.318449020385742,3.344855751466287,3.274437801918168,3.300844532998713,2510700
2021-09-24,3.300844430923462,3.327251161187405,3.2744377006595187,3.327251161187405,2181800
2021-09-27,3.3096466064453125,3.336053336167505,3.2744376334823886,3.3008443632045816,1879400
2021-09-28,3.344855785369873,3.371262516718077,3.3008445664561994,3.3272512978044038,1444300
2021-09-29,3.362460136413574,3.362460136413574,3.2920421890107887,3.353657892988226,1131700
2021-09-30,3.318449020385742,3.380064726240346,3.300844532998713,3.371262482546831,2515300
2021-10-01,3.300844430923462,3.3360534046087196,3.300844430923462,3.3096466743447763,2276500
2021-10-04,3.2920422554016113,3.3360534734159293,3.26563552459302,3.3096467426073386,2218900
2021-10-05,3.318449020385742,3.318449020385742,3.2656355582246532,3.292042289305198,1631500
2021-10-06,3.5913186073303223,3.5913186073303223,3.3272510997081572,3.3272510997081572,4990500
2021-10-07,3.5649125576019287,3.6089235698379776,3.4944943923828924,3.6001215352804166,5439000
2021-10-08,3.573714256286621,3.5913187434713203,3.5297032481869137,3.5473077353716134,3285700
2021-10-11,3.582516670227051,3.6177256442081065,3.582516670227051,3.591318703860276,2885300
2021-10-12,3.5649125576019287,3.6001215352804166,3.529703579923441,3.582517046441173,3255900
2021-10-13,3.600121021270752,3.6177255075965036,3.529703075967745,3.5649120486192487,5307300
2021-10-14,3.529703378677368,3.600121330019464,3.5120986809797956,3.600121330019464,1029500
2021-10-15,3.5649125576019287,3.5649125576019287,3.4944943923828924,3.538505614481002,3209300
2021-10-18,3.5473079681396484,3.608923467467154,3.5209010257677815,3.5649124564795227,694200
2021-10-20,3.5209007263183594,3.5649121532869685,3.512098482897045,3.5649121532869685,1921900
2021-10-21,3.5649125576019287,3.5737145921594897,3.529703579923441,3.538505614481002,2387400
2021-10-22,3.5649125576019287,3.5737145921594897,3.529703579923441,3.5649125576019287,2314500
2021-10-25,3.5649125576019287,3.5649125576019287,3.529703579923441,3.529703579923441,873800
2021-10-26,3.5649125576019287,3.5649125576019287,3.529703579923441,3.556110103320246,1444400
2021-10-27,3.5385053157806396,3.564912256672444,3.520900828427466,3.5385053157806396,716700
2021-10-28,3.4944941997528076,3.5561099072936644,3.4944941997528076,3.5473078732213055,827300
2021-10-29,3.459285020828247,3.503296237915215,3.432878290576067,3.4856917510804277,1725600
2021-11-01,3.4064717292785645,3.450483161121861,3.344856018504834,3.450483161121861,2719100
2021-11-02,3.459285020828247,3.459285020828247,3.3624601333748814,3.406471350461849,2099000
2021-11-03,3.4064717292785645,3.459285405518108,3.380064996089823,3.459285405518108,1763700
2021-11-05,3.388867139816284,3.432878570352176,3.362460407411982,3.406471628085819,1625100
2021-11-08,3.441680431365967,3.450482674520886,3.3976690057293393,3.3976690057293393,1643200
2021-11-09,3.3536579608917236,3.4416806067894896,3.3096467428738614,3.432878363185917,3743800
2021-11-10,3.344855785369873,3.371262516718077,3.309646810238934,3.344855785369873,1035300
2021-11-11,3.362460136413574,3.3976691101149674,3.3360534061375295,3.344855649562878,1152600
2021-11-12,3.4240760803222656,3.4240760803222656,3.327251191931111,3.327251191931111,1045200
2021-11-15,3.318449020385742,3.424076154569964,3.318449020385742,3.424076154569964,1206800
2021-11-16,3.3096466064453125,3.3624600658896977,3.3096466064453125,3.3272510929267742,1236500
2021-11-17,3.327251434326172,3.327251434326172,3.2832402136066565,3.318449190182269,1527600
2021-11-18,3.3536579608917236,3.3536579608917236,3.300844499270289,3.327251230081006,1052400
2021-11-19,3.362460136413574,3.380064623264271,3.3272511627121815,3.362460136413574,553200
2021-11-22,3.397669553756714,3.397669553756714,3.336053841733967,3.336053841733967,846300
2021-11-23,3.3096466064453125,3.415273735196116,3.3096466064453125,3.3888667956118903,1476000
2021-11-24,3.318449020385742,3.353657995159802,3.3096467766922273,3.318449020385742,1040300
2021-11-25,3.327251434326172,3.327251434326172,3.2832402136066565,3.318449190182269,1342700
2021-11-26,3.300844430923462,3.300844430923462,3.221624240131632,3.2920421875021475,3006900
2021-11-29,3.204019784927368,3.2744377329932317,3.204019784927368,3.265635489484999,2392700
2021-11-30,3.2392287254333496,3.2480309688504767,3.1864150550685495,3.221624238599095,6681200
2021-12-01,3.256833553314209,3.256833553314209,3.195217842942092,3.239229064636461,2683700
2021-12-02,3.2920422554016113,3.318448986210202,3.212822062975839,3.256833280990157,1895600
2021-12-06,3.212822198867798,3.309646882594668,3.212822198867798,3.2568334187436476,2036900
2021-12-07,3.2392287254333496,3.265635455684731,3.212821995181968,3.212821995181968,715000
2021-12-08,3.230426549911499,3.2480310371157546,3.2128220627072435,3.239228793513627,1375300
2021-12-09,3.2480311393737793,3.2480311393737793,3.204019919977532,3.221624407736031,1097100
2021-12-10,3.274437665939331,3.274437665939331,3.221624205971447,3.2480309359553887,801200
2021-12-13,3.2832396030426025,3.327250815577621,3.248030633014588,3.2568328755215914,1431500
2021-12-14,3.186415195465088,3.265635599571797,3.186415195465088,3.2568333557668345,2748900
2021-12-15,3.1776132583618164,3.2216246914966375,3.1600087690527148,3.2128224468420865,3362000
2021-12-16,3.1952178478240967,3.2040200921764197,3.1424041718481,3.177613149257392,4202200
2021-12-17,3.256833553314209,3.256833553314209,3.1688109000634115,3.1688109000634115,4835000
2021-12-20,3.212822198867798,3.239228930793308,3.1688107691298977,3.212822198867798,1426900
2021-12-21,3.1776132583618164,3.2128224468420865,3.1512065243981637,3.204020202187536,2901700
2021-12-22,3.186415195465088,3.2216243805469844,3.1776129516601253,3.1776129516601253,776400
2021-12-23,3.327251434326172,3.327251434326172,3.195217772167626,3.195217772167626,1335100
2021-12-24,3.2832396030426025,3.327250815577621,3.274437360535599,3.327250815577621,263100
2021-12-27,3.3096466064453125,3.3096466064453125,3.248030903760196,3.2832398767231195,862500
2021-12-28,3.362460136413574,3.362460136413574,3.2920421890107887,3.3096466758614853,690600
2021-12-29,3.300844430923462,3.362460134872663,3.2920421875021475,3.362460134872663,887500
2021-12-30,3.3360538482666016,3.344856092858516,3.2920426253070287,3.3096471144908577,774400
2021-12-31,3.2832396030426025,3.327250815577621,3.274437360535599,3.327250815577621,1366300
2022-01-03,3.4240760803222656,3.4240760803222656,3.2744377309152295,3.2744377309152295,1758300
2022-01-04,3.344855785369873,3.432878433059266,3.3272512978044038,3.424076189276531,1232400
2022-01-05,3.388867139816284,3.388867139816284,3.3184491867381447,3.353658163277214,962700
2022-01-06,3.300844430923462,3.388866865136606,3.300844430923462,3.388866865136606,1679400
2022-01-07,3.415274143218994,3.424076387511329,3.3008447575565785,3.3008447575565785,1816500
2022-01-10,3.415274143218994,3.4416808760959996,3.3712627118952603,3.415274143218994,990600
2022-01-11,3.503296375274658,3.5120986190371757,3.3888669964998868,3.4152739376494843,2702200
2022-01-12,3.485692024230957,3.5120987565524575,3.459285291909456,3.503296512445291,1512300
2022-01-13,3.4768898487091064,3.53850555867471,3.4064716846006453,3.503296581551508,2115900
2022-01-14,3.441680431365967,3.4768894039856444,3.4152737019012087,3.468087160830725,1189500
2022-01-17,3.4328787326812744,3.44168097723227,3.3624605664112464,3.4328787326812744,1411600
2022-01-19,3.388867139816284,3.432878570352176,3.344855919142447,3.388867139816284,1252900
2022-01-20,3.4064717292785645,3.450483161121861,3.38886724048607,3.38886724048607,1366600
2022-01-21,3.4328787326812744,3.44168097723227,3.3976695446152285,3.4064717891662237,749600
2022-01-24,3.459285020828247,3.459285020828247,3.3976691070444556,3.3976691070444556,786400
2022-01-25,3.3800642490386963,3.4328779136055303,3.3624597641370895,3.424075671154727,1024600
2022-01-26,3.344855785369873,3.3888670042835467,3.3360535415871384,3.3800647605008116,1034400
2022-01-27,3.4064717292785645,3.415274183536872,3.344856018504834,3.3536582629010816,858600
2022-01-28,3.371262550354004,3.4064715258362313,3.362460306483447,3.362460306483447,806500
2022-01-31,3.3360538482666016,3.415274259455898,3.3360538482666016,3.37126282663426,1020000
2022-02-03,3.4240760803222656,3.4328783238249123,3.327251191931111,3.3448556789364043,1672200
2022-02-04,3.2920422554016113,3.4152738757037433,3.2832400117987475,3.3976691786359745,2212800
2022-02-07,3.371262550354004,3.3800647942245607,3.292042355518992,3.3008445993895488,1330800
2022-02-08,3.362460136413574,3.388866866689619,3.344855649562878,3.362460136413574,1621400
2022-02-09,3.388867139816284,3.4680875468912453,3.3360536750076797,3.344855919142447,5054100
2022-02-10,3.4680874347686768,3.529703351582073,3.37126254255451,3.37126254255451,5337800
2022-02-11,3.5385053157806396,3.5561098031338134,3.4416806353381832,3.4416806353381832,6460900
2022-02-14,3.644132375717163,3.652934829583862,3.503296471642792,3.556109935670681,7848600
2022-02-15,3.7585620880126953,3.8025735217665386,3.6353306611157277,3.644132696032013,14717300
2022-02-16,3.8201775550842285,3.828979588949298,3.696945723180545,3.749759605267317,7864100
2022-02-17,3.811375141143799,3.8817930916932495,3.784968619549802,3.8289796287811617,5230400
2022-02-18,4.057837963104248,4.093046934694059,3.811374742251518,3.811374742251518,27653000
2022-02-21,3.8905951976776123,4.093046997276531,3.8553862255494575,4.013826600126155,7805300
2022-02-22,3.8729913234710693,3.961013767697296,3.8465843803411404,3.8905958123163145,7882000
2022-02-23,3.8905951976776123,4.005024566956144,3.8641882587194685,3.9081996837416897,8136700
2022-02-24,3.961013078689575,4.049035507604534,3.872990649774617,3.872990649774617,9969200
2022-02-25,4.049036026000977,4.12825643202902,3.9258046097427663,3.961013585816541,6304100
2022-02-28,4.049036026000977,4.12825643202902,4.013827049927202,4.049036026000977,9959500
2022-03-01,4.049036026000977,4.101849490111638,4.013827049927202,4.049036026000977,5077200
2022-03-02,4.057837963104248,4.119453453524393,4.022628991514436,4.066639996139676,17489600
2022-03-03,4.075442790985107,4.110651765530302,4.040233816439913,4.093047278257705,12159000
2022-03-04,4.040234088897705,4.0930475542770335,3.9522112268747116,4.075443065817257,8058000
2022-03-07,3.961013078689575,4.0402334745750625,3.917001654370072,4.0402334745750625,5847000
2022-03-08,3.8465840816497803,3.9610134601203724,3.820177560294468,3.952211006519209,6502000
2022-03-09,3.855509042739868,3.9179822940499522,3.7305616889854867,3.9179822940499522,11310100
2022-03-10,3.8376595973968506,3.8822832888841368,3.7662609249963768,3.8376595973968506,7619300
2022-03-11,3.748411178588867,3.8376594083000635,3.730561617760048,3.8376594083000635,1818500
2022-03-14,3.703787326812744,3.810884687087228,3.6948623340063307,3.7573360069499864,4381800
2022-03-15,3.6770129203796387,3.712712041892676,3.650238792028409,3.6859379135414465,4399000
2022-03-16,3.6770129203796387,3.721637035054484,3.6591633596231197,3.6680883527849275,5702600
2022-03-17,3.6948628425598145,3.775186086604747,3.6591637175547644,3.7037878365946466,6662300
2022-03-18,3.6591639518737793,3.7394872010623086,3.6591639518737793,3.685938510125678,14540200
2022-03-21,3.6413137912750244,3.6770129127136344,3.623464230555719,3.6770129127136344,2755400
2022-03-22,3.748411178588867,3.8019602866424247,3.632389245985091,3.641313813615951,6854900
2022-03-23,3.730562210083008,3.7841109010717013,3.7127126464201097,3.7484117737459055,3822900
2022-03-24,3.703787326812744,3.7484110141435725,3.6502386466755024,3.7484110141435725,3084800
2022-03-25,3.6948628425598145,3.730561967564865,3.650239149087071,3.7216373990971716,3996400
2022-03-28,3.668088674545288,3.70378779918981,3.6323895499007657,3.6948628052451125,2965900
2022-03-29,3.6770129203796387,3.6770129203796387,3.6145396705153714,3.641313798866601,3525400
2022-03-30,3.6770129203796387,3.6948624811361572,3.641313798866601,3.6770129203796387,1823400
2022-03-31,3.6770129203796387,3.703787474297965,3.623464238110082,3.703787474297965,5303900
2022-04-01,3.7841105461120605,3.7841105461120605,3.632389481992851,3.6948627361692528,3229200
2022-04-04,3.730562210083008,3.7751863320238357,3.685938513709346,3.7751863320238357,5431300
2022-04-05,3.7930357456207275,3.7930357456207275,3.7127124995319774,3.7305620624886826,3456900
2022-04-06,3.8019604682922363,3.819810029973871,3.775185912986225,3.7930354746678594,2762900
2022-04-07,3.873358726501465,3.8912082882360153,3.7484113687924934,3.8198100412978144,5307300
2022-04-08,3.8822832107543945,3.900132772103516,3.855509081514268,3.891208204212511,2866000
2022-04-11,3.900132894515991,3.9536815802440746,3.8644337706972687,3.9001328945159908,4812200
2022-04-12,3.8822832107543945,3.935831894801759,3.855509081514268,3.917982333452638,5854800
2022-04-13,3.926907777786255,3.9447573411848085,3.8912086509891473,3.9358323467019516,3949400
2022-04-14,3.8822832107543945,3.926907326910754,3.8733586428633893,3.9090577655616325,2571200
2022-04-15,3.846583843231201,3.9001325238703335,3.8465838432312016,3.8644334034442456,682300
2022-04-18,3.828734874725342,3.8733589949378744,3.8198103060231254,3.8733589949378744,659700
2022-04-20,3.864433765411377,3.944757006677196,3.83765963536752,3.83765963536752,6377000
2022-04-21,3.917982339859009,3.9358319012373166,3.8733586491967955,3.917982339859009,4502300
2022-04-22,3.9536821842193604,3.9715317488554702,3.8822839256749226,3.935832619583251,3755200
2022-04-25,4.221425533294678,4.248200089569198,3.9715312351453167,4.00723035979992,28825400
2022-04-26,4.1768012046813965,4.23034988897085,4.150027075320226,4.194650766111215,12074900
2022-04-27,4.096478462219238,4.176801277265709,4.042929776999217,4.176801277265709,4110500
2022-04-28,4.1768012046813965,4.20357575960968,4.150027075320226,4.1768012046813965,17208400
2022-04-29,4.167876720428467,4.18572628221665,4.132177596852101,4.176801288538997,6529300
2022-05-05,4.212500095367432,4.248199641826586,4.167876407035895,4.176800974475367,8471000
2022-05-06,4.069704055786133,4.158951867752841,4.069704055786133,4.069704055786133,9540700
2022-05-09,3.917982339859009,4.069703824358181,3.8822832171023935,4.069703824358181,4165700
2022-05-10,3.917982339859009,3.9447568947100264,3.8822832171023935,3.917982339859009,3946200
2022-05-11,3.8912086486816406,3.9358323443679826,3.8912086486816406,3.917982780980014,2521500
2022-05-12,3.757336378097534,3.9269074280658054,3.757336378097534,3.9179824343777856,3371600
2022-05-13,3.855509042739868,3.9179822940499522,3.775185804693067,3.775185804693067,5980700
2022-05-17,3.909057855606079,3.935831985462943,3.837659608564947,3.8822833001820936,4227500
2022-05-18,3.873358726501465,3.9447569734396657,3.873358726501465,3.9447569734396657,3493500
2022-05-19,3.917982339859009,3.9447568947100264,3.8019604036835646,3.819809965061872,4910400
2022-05-20,3.926907777786255,3.9358323467019516,3.846584529709183,3.900133219904844,4639000
2022-05-23,3.6413137912750244,3.926907188351003,3.5699155483978036,3.926907188351003,8863000
2022-05-24,3.6770129203796387,3.712712041892676,3.641313798866601,3.6591633596231197,9136100
2022-05-25,3.7841105461120605,3.7930355398899045,3.6770131741806913,3.6859381679585352,5732000
2022-05-26,3.7662606239318848,3.8287342977006564,3.721636936011693,3.8287342977006564,3976700
2022-05-27,3.8019604682922363,3.810885036349494,3.730561795998579,3.810885036349494,1852600
2022-05-30,3.7751858234405518,3.810884945957054,3.7394867009240493,3.7394867009240493,2694000
2022-05-31,3.8376595973968506,3.8644337271757982,3.739486795217429,3.739486795217429,9315800
2022-06-01,3.8019604682922363,3.8644337213943976,3.766260919361848,3.8376595916555054,1974700
2022-06-02,3.810885429382324,3.8555095509722457,3.775186302337252,3.775186302337252,2466700
2022-06-03,3.7751858234405518,3.8555090618862367,3.7662608300278717,3.7751858234405518,3072500
2022-06-07,3.748411178588867,3.819809847471244,3.7127120569312284,3.775185732615646,2468200
2022-06-08,3.748411178588867,3.8108848542732847,3.7127120569312284,3.7127120569312284,3781300
2022-06-09,3.6770129203796387,3.77518571732404,3.6680883527849275,3.7394865958110026,2511600
2022-06-10,3.6502387523651123,3.694862440987982,3.6145396312399796,3.6591633198628495,5917600
2022-06-13,3.623464345932007,3.668088461934713,3.5877652233566852,3.605614784644346,7576500
2022-06-14,3.668088674545288,3.7305619298896344,3.623464555956068,3.623464555956068,4832300
2022-06-15,3.6413137912750244,3.66808834513753,3.6145396629796145,3.66808834513753,3945400
2022-06-16,3.5966904163360596,3.6680886654480283,3.5431415167185163,3.6591636715254654,2912400
2022-06-17,3.6056149005889893,3.6056149005889893,3.4806679675574843,3.525291872211593,19382600
2022-06-20,3.560991048812866,3.623464516256302,3.4895928003060828,3.623464516256302,1973700
2022-06-21,3.5074422359466553,3.5431413589126577,3.480667893722153,3.5252917974296563,1882500
2022-06-22,3.328946113586426,3.5163667053471768,3.311096553683834,3.4806675855419935,5736900
2022-06-23,3.409269332885742,3.462818228514306,3.3467958695665607,3.3557206500407295,4027400
2022-06-24,3.4271185398101807,3.4895922094593366,3.391419421601251,3.409268980705716,2008100
2022-06-27,3.373570442199707,3.453893471972236,3.346796098942197,3.4003447854572166,3060500
2022-06-28,3.471743106842041,3.5163670104706415,3.3824950868012826,3.3824950868012826,2754900
2022-06-29,3.480668306350708,3.55206656074688,3.3914202755719103,3.4895930881502295,2558300
2022-06-30,3.4271185398101807,3.498516989011569,3.409268980705716,3.498516989011569,3050300
2022-07-01,3.480668306350708,3.4895930881502295,3.4092698391709533,3.4360441845695178,869500
2022-07-04,3.4003446102142334,3.4895926292566046,3.373570268336588,3.4806678486307225,1655800
2022-07-05,3.3914198875427246,3.43604379143469,3.3646455452075457,3.4092694490995106,1656500
2022-07-06,3.3557205200195312,3.4181939809181077,3.2396983783507465,3.3914196405330035,3780700
2022-07-07,3.328946113586426,3.382494793294201,3.257547873976059,3.257547873976059,2045900
2022-07-08,3.3914198875427246,3.453893352991476,3.3289464220939733,3.3289464220939733,2049500
2022-07-12,3.471743106842041,3.5163670104706415,3.391419867527003,3.391419867527003,2040700
2022-07-13,3.4628186225891113,3.507442530038234,3.418194502356414,3.471743404078936,2100600
2022-07-14,3.471743106842041,3.4985174490192015,3.4360437711556036,3.480667887567761,1769900
2022-07-15,3.471743106842041,3.525291791196362,3.462818326116321,3.4985174490192015,1599500
2022-07-18,3.5520660877227783,3.5609908683337985,3.444968507606986,3.4985174040566593,939200
2022-07-19,3.4985175132751465,3.552066198612976,3.4628183897165936,3.552066198612976,1304000
2022-07-20,3.516367197036743,3.5877654466306446,3.5074424158375055,3.543141540634456,1922100
2022-07-21,3.569915533065796,3.596690086813311,3.525291631459183,3.569915533065796,2643200
2022-07-22,3.5520660877227783,3.6056147713888977,3.5520660877227783,3.5520660877227783,1345900
2022-07-25,3.569915533065796,3.6056146543510863,3.543141192101828,3.5609907527444733,610800
2022-07-26,3.5966904163360596,3.6145399786140517,3.5431415167185163,3.5699158601355045,1916300
2022-07-27,3.5966904163360596,3.605614984691489,3.5431415167185163,3.605614984691489,1400300
2022-07-28,3.6056149005889893,3.6145398943033724,3.5788407705800855,3.596690332441729,1207500
2022-07-29,3.5966904163360596,3.623464546969481,3.5788408540580674,3.605614984691489,1858900
2022-08-01,3.685938596725464,3.7216377248552894,3.614540340465813,3.614540340465813,5608200
2022-08-02,3.668088674545288,3.7216373615120713,3.668088674545288,3.685938236867549,2572500
2022-08-03,3.668088674545288,3.685938236867549,3.605614993633807,3.65916368060059,2307000
2022-08-04,3.685938596725464,3.6948631659743323,3.605615345649769,3.605615345649769,1759500
2022-08-05,3.6770129203796387,3.6948624811361572,3.641313798866601,3.6859379135414465,1135600
2022-08-08,3.685938596725464,3.685938596725464,3.641314473779594,3.6502394685956387,461000
2022-08-09,3.668088674545288,3.6948628052451125,3.6323895499007657,3.6948628052451125,617500
2022-08-10,3.668088674545288,3.6770132429228513,3.6323895499007657,3.6323895499007657,2730900
2022-08-11,3.668088674545288,3.6948628052451125,3.65916368060059,3.685938236867549,3059100
2022-08-12,3.685938596725464,3.739487288920202,3.6591640378445067,3.6770136019094197,3155100
2022-08-15,3.712712287902832,3.739486843595283,3.6680885958382476,3.6680885958382476,4004900
2022-08-16,3.7662606239318848,3.8108847374191623,3.7305615033688975,3.748411063650391,4426800
2022-08-17,3.7841105461120605,3.8108851018784664,3.766260984123499,3.7930355398899045,2793000
2022-08-18,3.7841105461120605,3.8108851018784664,3.766260984123499,3.801960533667749,2411200
2022-08-19,3.7751858234405518,3.8019603781114832,3.712712146253118,3.8019603781114832,2938400
2022-08-22,3.7394869327545166,3.7841106258830473,3.7127123764236893,3.7751860574841953,1119900
2022-08-23,3.7394869327545166,3.7573364951193557,3.69486281405885,3.7037878080248374,1324100
2022-08-24,3.480668306350708,3.7751863185185,3.4271194027699963,3.739487191320414,5351300
2022-08-25,3.623464345932007,3.650238900647053,3.4449685202718445,3.480667855630721,3898600
2022-08-26,3.721637010574341,3.721637010574341,3.6234642142756988,3.6680883286570163,1251200
2022-08-29,3.721637010574341,3.739486571213449,3.6323892073788002,3.6502387680179083,1409900
2022-08-30,3.7751858234405518,3.7841103912861227,3.6680884558910445,3.7216371396657983,3272300
2022-09-01,3.668088674545288,3.7662610545341564,3.668088674545288,3.668088674545288,2777600
2022-09-02,3.6591639518737793,3.7037880737712214,3.623464824582692,3.6680889464801343,1013200
2022-09-05,3.668088674545288,3.685938236867549,3.6413141182783293,3.650239112223027,1752200
2022-09-06,3.685938596725464,3.7037881607903764,3.6591640378445067,3.6948631659743323,2196300
2022-09-07,3.668088674545288,3.6770132429228513,3.6413141182783293,3.6770132429228513,344400
2022-09-08,3.668088674545288,3.6948628052451125,3.6413141182783293,3.65916368060059,1431200
2022-09-09,3.6413137912750244,3.6859379058568353,3.6413137912750244,3.650238784418225,1213200
2022-09-12,3.6959338188171387,3.741450419430136,3.604901051669618,3.6868307591416234,2225400
2022-09-13,3.7505528926849365,3.768759443267741,3.7141397915193277,3.7414498344327374,2865900
2022-09-14,3.7141404151916504,3.732346968831669,3.70503735541088,3.7141404151916504,3148400
2022-09-15,3.5320746898651123,3.695933663860665,3.5320746898651123,3.695933663860665,12089700
2022-09-19,3.5684878826141357,3.595797712282399,3.4956614531262007,3.5502813295019604,3531900
2022-09-20,3.5775911808013916,3.5957977340236496,3.559384627579134,3.568487904190263,1470800
2022-09-21,3.541177988052368,3.5775910936094344,3.5047646654560727,3.568487817220168,2628400
2022-09-22,3.541177988052368,3.5593845408309015,3.5047646654560727,3.5047646654560727,2644900
2022-09-23,3.4683516025543213,3.5229712615616573,3.4683516025543213,3.5229712615616573,2996000
2022-09-26,3.404628276824951,3.477454480487771,3.404628276824951,3.4592479295720664,2248400
2022-09-27,3.4592485427856445,3.5047649281434996,3.404628880356219,3.404628880356219,3203900
2022-09-28,3.431938409805298,3.4956613437032242,3.3955253047207683,3.4592482386186947,3380800
2022-09-29,3.4410417079925537,3.4501449843216654,3.422835155334331,3.4319384316634425,1300700
2022-09-30,3.431938409805298,3.4683515148898274,3.4046285809919006,3.4046285809919006,1400600
2022-10-03,3.431938409805298,3.4501449623475624,3.413731857263033,3.431938409805298,2303000
2022-10-04,3.4137322902679443,3.477455232248621,3.4137322902679443,3.477455232248621,2554000
2022-10-05,3.495661497116089,3.5411780975085483,3.4319385604215764,3.450145113762866,1951300
2022-10-06,3.4501450061798096,3.4865581117269477,3.4501450061798096,3.468351558953379,2263400
2022-10-07,3.4137322902679443,3.431938845119566,3.404629012842133,3.431938845119566,1397800
2022-10-11,3.350008964538574,3.395525346453658,3.304492582623491,3.3773187936876243,3247600
2022-10-12,3.350008964538574,3.350008964538574,3.268079260052195,3.3226991353895245,3622600
2022-10-13,3.3318023681640625,3.3591121969556665,3.268079217277761,3.3591121969556665,2144500
2022-10-14,3.3864221572875977,3.4046287105225392,3.331802497582774,3.3500090508177154,1863300
2022-10-17,3.359112501144409,3.38642233240909,3.3226993927915016,3.38642233240909,1266000
2022-10-18,3.5957977771759033,3.5957977771759033,3.377318918847667,3.3864221955680422,1674900
2022-10-19,3.486558198928833,3.5684879054982575,3.4683516456999017,3.559384628883792,1006700
2022-10-20,3.6413140296936035,3.6413140296936035,3.495661390371737,3.495661390371737,3136300
2022-10-21,3.5866944789886475,3.62310758565221,3.5411780956591947,3.5502813723250854,3460500
2022-10-25,3.559384346008301,3.641313829027297,3.5138677495140858,3.595797449572299,1646300
2022-10-26,3.677726984024048,3.677726984024048,3.559384395786041,3.559384395786041,1741400
2022-10-27,3.677726984024048,3.705037029118193,3.6231073279141985,3.66862392504496,2652200
2022-10-28,3.677726984024048,3.6868304770815765,3.650417373008344,3.677726984024048,1726400
2022-10-31,3.7141404151916504,3.7141404151916504,3.6413142006315753,3.6413142006315753,4616300
2022-11-01,3.623107433319092,3.686830584340329,3.623107433319092,3.686830584340329,2018400
2022-11-02,3.6322102546691895,3.6504170219943135,3.6231069795262267,3.6413135298121517,1953200
2022-11-03,3.550281524658203,3.6322110181665943,3.5138681993930065,3.6231077411101067,2984900
2022-11-04,3.6413140296936035,3.6413140296936035,3.5229712195497314,3.5229712195497314,1603300
2022-11-07,3.6322102546691895,3.6504170219943135,3.5502807783825276,3.5502807783825276,2539200
2022-11-08,3.659520387649536,3.6777269394655665,3.6231072840174763,3.6777269394655665,1744100
2022-11-09,3.6413140296936035,3.6686240759108273,3.6322107533009387,3.6686240759108273,1476800
2022-11-10,3.6322102546691895,3.6595200800980767,3.6231069795262267,3.6231069795262267,1452700
2022-11-11,3.6504178047180176,3.6777274189634412,3.632211033488992,3.6777274189634412,1777100
2022-11-14,3.66862416267395,3.66862416267395,3.6140042859869697,3.6504176094580347,1308300
2022-11-15,3.66862416267395,3.66862416267395,3.6140042859869697,3.6504176094580347,926800
2022-11-16,3.659520387649536,3.659520387649536,3.604900732201446,3.614004008109461,1452700
2022-11-17,3.732347249984741,3.732347249984741,3.6049013649042703,3.641314474927262,1253500
2022-11-21,3.659520387649536,3.7323465949136567,3.559384352661371,3.7323465949136567,2235700
2022-11-22,3.659520387649536,3.668623880596769,3.614004008109461,3.668623880596769,941200
2022-11-23,3.659520387649536,3.659520387649536,3.5957974562934307,3.614004008109461,1109200
2022-11-24,3.6413140296936035,3.659520582478933,3.6413140296936035,3.6504175231254976,3547400
2022-11-25,3.623107433319092,3.6595205384516696,3.5502812230539367,3.6322107096022362,3723400
2022-11-29,3.5320746898651123,3.632210729529061,3.486558091160453,3.5502812425312844,3903300
2022-11-30,3.477454900741577,3.5684878833607336,3.4592483476255924,3.5229712835315388,7668700
2022-12-01,3.5047647953033447,3.5502813959752415,3.4865582418502807,3.4865582418502807,3482700
2022-12-02,3.5229713916778564,3.568487992904296,3.4774550074906565,3.4956615611655364,3179200
2022-12-05,3.4592485427856445,3.5229714822866414,3.4592485427856445,3.4956616510719285,2414000
2022-12-06,3.4592485427856445,3.4865583740003574,3.422835434499361,3.450145265714074,2993400
2022-12-07,3.4410417079925537,3.477454813309,3.4410417079925537,3.4592482606507766,3379700
2022-12-08,3.4592485427856445,3.4865583740003574,3.41373215742779,3.4410419886425028,3335800
2022-12-09,3.477454900741577,3.4865581772995693,3.4410417945096077,3.4592483476255924,2132000
2022-12-12,3.4592485427856445,3.4683518198572156,3.41373215742779,3.450145265714074,4356800
2022-12-13,3.404628276824951,3.468351205029919,3.3955250013670986,3.441041378656361,5835600
2022-12-14,3.422835111618042,3.4501449402565765,3.404628559192352,3.404628559192352,8792700
2022-12-15,3.359112501144409,3.4410419949384514,3.3226993927915016,3.4228354407619976,14615000
2022-12-16,3.623107433319092,3.623107433319092,3.3500089277855336,3.359112204068678,14987000
2022-12-19,3.5957977771759033,3.632210884057403,3.5684879470147783,3.6049010538962785,2858600
2022-12-20,3.559384346008301,3.6504173219575136,3.5502810701173013,3.595797449572299,1989600
2022-12-21,3.495661497116089,3.5593846508498377,3.4774549437748,3.5411780975085483,1164100
2022-12-22,3.5866944789886475,3.595797755654538,3.486558218624616,3.486558218624616,850800
2022-12-23,3.550281524658203,3.595797909940643,3.5229714764494946,3.577591355827667,570300
2022-12-27,3.677726984024048,3.677726984024048,3.5138677986552795,3.550281119767733,2826700
2022-12-28,3.686830759048462,3.686830759048462,3.5866944981494826,3.659520711865659,3760400
2022-12-29,3.686830759048462,3.695933818723747,3.6140043282930487,3.686830759048462,1997500
2022-12-30,3.686830759048462,3.7141403721527912,3.641314158436615,3.7141403721527912,4721000
2023-01-03,3.60490083694458,3.686830539536463,3.586694284599545,3.686830539536463,1468500
2023-01-04,3.5866944789886475,3.650417632689117,3.577591202322757,3.577591202322757,1110800
2023-01-05,3.6413140296936035,3.659520582478933,3.5775910949449496,3.5866943713376145,1460300
2023-01-06,3.559384346008301,3.6504173219575136,3.5502810701173013,3.6504173219575136,2369500
2023-01-09,3.6504178047180176,3.6595208647736612,3.568488093824763,3.5957979251094323,2743800
2023-01-10,3.60490083694458,3.641313941634651,3.5775910084270275,3.641313941634651,2035500
2023-01-11,3.614004373550415,3.641314204035976,3.5775912662363334,3.641314204035976,1359800
2023-01-12,3.5866944789886475,3.641314138983991,3.5684879256568665,3.641314138983991,1210500
2023-01-13,3.6322102546691895,3.6413135298121517,3.577590603811415,3.59579715409734,1735700
2023-01-16,3.5957977771759033,3.641314160777778,3.5593846702944036,3.632210884057403,999000
2023-01-17,3.5684878826141357,3.604900988838487,3.5502813295019604,3.5775911591702236,2210900
2023-01-18,3.5866944789886475,3.5866944789886475,3.5229713252881782,3.5502813723250854,2254500
2023-01-19,3.5320746898651123,3.604900900529802,3.5320746898651123,3.5866943478636295,2141600
2023-01-20,3.550281524658203,3.577591355827667,3.5229714764494946,3.5229714764494946,2573200
2023-01-25,3.5047647953033447,3.5502813959752415,3.4956615185768127,3.5320748425221775,1352500
2023-01-26,3.5047647953033447,3.5320748425221775,3.4865582418502807,3.4865582418502807,1532600
2023-01-27,3.541177988052368,3.541177988052368,3.495661389066806,3.5320747116631015,1271800
2023-01-30,3.495661497116089,3.550281374179193,3.486558220445444,3.550281374179193,2977100
2023-01-31,3.477454900741577,3.5229712835315388,3.477454900741577,3.4865581772995693,6349800
2023-02-02,3.477454900741577,3.5138680069735466,3.4501450710676,3.495661453857562,5659600
2023-02-03,3.5138680934906006,3.5138680934906006,3.477454986362082,3.477454986362082,2283700
2023-02-07,3.4683516025543213,3.513867985060435,3.450145049551876,3.513867985060435,3375500
2023-02-08,3.486558198928833,3.495661475543298,3.459248369085436,3.4683516456999017,3117100
2023-02-09,3.477454900741577,3.4865581772995693,3.4592483476255924,3.477454900741577,2401000
2023-02-10,3.4683516025543213,3.4956614320579895,3.4683516025543213,3.4774548790555437,983100
2023-02-13,3.422835111618042,3.4683514926822663,3.3955252829795075,3.4683514926822663,2001500
2023-02-14,3.5047647953033447,3.5320748425221775,3.4228353047645577,3.431938581491089,2125700
2023-02-15,3.495661497116089,3.522971327128023,3.4592483904335105,3.486558220445444,1098900
2023-02-16,3.5047647953033447,3.5593846727017735,3.468351688397217,3.4865582418502807,3123300
2023-02-17,3.4683516025543213,3.513867985060435,3.4592483260530984,3.504764708559212,1369200
2023-02-20,3.4501450061798096,3.4592482825665942,3.413731900632671,3.4592482825665942,6526800
2023-02-21,3.4683516025543213,3.504764708559212,3.450145049551876,3.450145049551876,3120300
2023-02-22,3.4592485427856445,3.4774550969287867,3.4410419886425028,3.450145265714074,3060400
2023-02-23,3.431938409805298,3.4683515148898274,3.386422028449636,3.4501449623475624,6124500
2023-02-24,3.431938409805298,3.4501449623475624,3.431938409805298,3.431938409805298,2092800
2023-02-27,3.404628276824951,3.4228348277406564,3.386421725909246,3.4228348277406564,3662900
2023-02-28,3.486558198928833,3.486558198928833,3.4046287093986427,3.4046287093986427,6943600
2023-03-01,3.4501450061798096,3.477454835340163,3.4046286242458863,3.477454835340163,4361100
2023-03-02,3.477454900741577,3.5411780536867568,3.4592483476255924,3.4592483476255924,3704100
2023-03-03,3.5229713916778564,3.5411781623919762,3.450145176978337,3.4774550074906565,3070900
2023-03-06,3.550281524658203,3.577591355827667,3.5138681993930065,3.5411782476017155,1572300
2023-03-07,3.623107433319092,3.6413139858853807,3.5411779467707922,3.5502812230539367,3304000
2023-03-08,3.60490083694458,3.6231073892896157,3.5775910084270275,3.5957975607720627,2466300
2023-03-09,3.541177988052368,3.5957976463879677,3.522971218234606,3.5957976463879677,2751600
2023-03-10,3.4592485427856445,3.5229714822866414,3.450145265714074,3.5229714822866414,3047600
2023-03-13,3.550281524658203,3.550281524658203,3.4137321517716397,3.4410419829411034,4056100
2023-03-14,3.467071771621704,3.541035898878545,3.457826255714599,3.4948083193430195,4412600
2023-03-15,3.5132992267608643,3.5132992267608643,3.4670716488621314,3.476317164441878,2763900
2023-03-16,3.4578256607055664,3.4855622036540863,3.4393346320732197,3.4670711750217396,3225400
2023-03-17,3.615000009536743,3.615000009536743,3.457826028991089,3.457826028991089,18764900
2023-03-20,3.568772315979004,3.5780178315477134,3.5132992225667476,3.5132992225667476,1592500
2023-03-21,3.531790018081665,3.5780175928411504,3.5040534732259734,3.5780175928411504,2264200
2023-03-22,3.531790018081665,3.5595265629373563,3.5040534732259734,3.550281047985459,2093400
2023-03-23,3.587263345718384,3.587263345718384,3.476316945324075,3.513299005312023,2240800
2023-03-24,3.4948081970214844,3.568772321689512,3.467071650270974,3.5595268061060086,4430700
2023-03-27,3.448580265045166,3.5132988674851613,3.4300892357765957,3.485562323582306,4932600
2023-03-28,3.448580265045166,3.4763168089480208,3.420843721142311,3.457825779679451,2270500
2023-03-29,3.4393351078033447,3.4855626857784276,3.4208440766133115,3.448580623398361,3862900
2023-03-30,3.4948081970214844,3.4948081970214844,3.4300895879369606,3.439335103520464,1787600
2023-03-31,3.5225446224212646,3.5225446224212646,3.4670715308312774,3.5040535918912687,2392700
2023-04-03,3.5132992267608643,3.5502812890798503,3.457826133282385,3.5132992267608643,2784200
2023-04-04,3.4763166904449463,3.5317897763596515,3.4763166904449463,3.5317897763596515,1325000
2023-04-05,3.5040533542633057,3.5132988689013174,3.47631681034927,3.485562324987282,298000
2023-04-06,3.4578256607055664,3.504053232286433,3.4578256607055664,3.504053232286433,4004000
2023-04-07,3.4578256607055664,3.476316689337913,3.4578256607055664,3.4578256607055664,527200
2023-04-10,3.5132992267608643,3.5132992267608643,3.4670716488621314,3.4670716488621314,505300
2023-04-11,3.4948081970214844,3.522544743771995,3.4948081970214844,3.513299228188491,1272800
2023-04-12,3.5132992267608643,3.5225447423406107,3.4855626800216246,3.504053711181118,898300
2023-04-13,3.568772315979004,3.568772315979004,3.4763171602919103,3.522544738135457,2049700
2023-04-14,3.5595266819000244,3.5595266819000244,3.5225446208564613,3.531790136117352,613400
2023-04-17,3.5410358905792236,3.559526922350095,3.513299342922916,3.559526922350095,848000
2023-04-18,3.5780177116394043,3.5780177116394043,3.5132991048273206,3.541035650603928,879100
2023-04-19,3.5595266819000244,3.5595266819000244,3.5132991055955705,3.5595266819000244,1125300
2023-04-20,3.5225446224212646,3.578017714011252,3.5225446224212646,3.578017714011252,569700
2023-04-25,3.5780177116394043,3.5780177116394043,3.5317901353450587,3.541035650603928,1332100
2023-04-26,3.5132992267608643,3.57801783581909,3.4855626800216246,3.57801783581909,2314200
2023-04-27,3.550281047821045,3.550281047821045,3.5040534730637,3.513298988015169,665900
2023-04-28,3.531790018081665,3.5595265629373563,3.5132989881778705,3.550281047985459,1455500
2023-05-02,3.5595266819000244,3.5595266819000244,3.5225446208564613,3.5225446208564613,1310800
2023-05-03,3.5595266819000244,3.568772197160915,3.5225446208564613,3.5595266819000244,1322500
2023-05-05,3.5595266819000244,3.5595266819000244,3.5225446208564613,3.5225446208564613,655000
2023-05-08,3.531790018081665,3.5872633282235116,3.531790018081665,3.5595265629373563,1343300
2023-05-09,3.531790018081665,3.550281047985459,3.5040534732259734,3.522544503129768,2164100
2023-05-10,3.5225446224212646,3.559526683481256,3.513299107156267,3.5410356529512605,1409600
2023-05-11,3.587263345718384,3.5965088607153706,3.52254452030901,3.52254452030901,2222000
2023-05-12,3.6242454051971436,3.651981950184208,3.5687720947925508,3.5687720947925508,1310500
2023-05-15,3.5595266819000244,3.624245509156731,3.5502811666391336,3.624245509156731,1607600
2023-05-16,3.6057546138763428,3.6242456450916696,3.5502812997998836,3.5595268154075472,875700
2023-05-17,3.6612277030944824,3.6797187342874462,3.5965090939191096,3.5965090939191096,3345000
2023-05-18,3.698209762573242,3.71670079375167,3.6334911534487446,3.6334911534487446,1856300
2023-05-19,3.698209762573242,3.71670079375167,3.6704732158056004,3.698209762573242,1843400
2023-05-22,3.698209762573242,3.71670079375167,3.6150001222703168,3.6519821846271725,3223800
2023-05-23,3.6612277030944824,3.688964249883928,3.642736671901519,3.642736671901519,1165800
2023-05-24,3.679718494415283,3.716700554390437,3.63349091944634,3.661227464427706,2322200
2023-05-25,3.615000009536743,3.6797186166429947,3.596508978934957,3.633491040138529,1378800
2023-05-26,3.615000009536743,3.6519820707403157,3.5780177279026986,3.596508978934957,889900
2023-05-29,3.651982069015503,3.670473099608556,3.5965089772363443,3.5965089772363443,971300
2023-05-30,3.615000009536743,3.642736555439422,3.587263463634064,3.642736555439422,1888900
2023-05-31,3.4115984439849854,3.587263454694672,3.4115984439849854,3.587263454694672,8226800
2023-06-01,3.4300894737243652,3.4578260195513244,3.3746163820704465,3.439334989000018,3045800
2023-06-02,3.467071771621704,3.476317287528809,3.3931076443648633,3.4300897079932837,2604500
2023-06-06,3.5225446224212646,3.5225446224212646,3.41159843924129,3.4670715308312774,2707200
2023-06-07,3.4948081970214844,3.5317902593554984,3.4763171658544776,3.522544743771995,1240100
2023-06-08,3.4763166904449463,3.4855622047640638,3.430089118849358,3.4670711761258284,1615900
2023-06-09,3.485562324523926,3.4948078391607087,3.4393347513400125,3.485562324523926,1821900
2023-06-12,3.531790018081665,3.5595265629373563,3.457825898466488,3.4855624433221792,1994000
2023-06-13,3.485562324523926,3.541035412344622,3.4670712952503604,3.5317898977078395,1497400
2023-06-14,3.4763166904449463,3.494807719083181,3.4670711761258284,3.4855622047640638,1498100
2023-06-15,3.4763166904449463,3.494807719083181,3.457825661806711,3.4763166904449463,854800
2023-06-16,3.4763166904449463,3.5317897763596515,3.411598090211123,3.4763166904449463,7975200
2023-06-19,3.4578256607055664,3.476316689337913,3.430089117757046,3.476316689337913,1538400
2023-06-20,3.4763166904449463,3.4763166904449463,3.4485801474875935,3.457825661806711,705000
2023-06-21,3.467071771621704,3.476317287528809,3.448580739807494,3.476317287528809,987000
2023-06-22,3.467071771621704,3.4948083193430195,3.457826255714599,3.467071771621704,1270800
2023-06-23,3.4578256607055664,3.476316689337913,3.430089117757046,3.476316689337913,2087300
2023-06-26,3.4763166904449463,3.5132987477214166,3.457825661806711,3.4670711761258284,1086300
2023-06-27,3.448580265045166,3.485562323582306,3.4300892357765957,3.485562323582306,862300
2023-06-28,3.4578256607055664,3.4578256607055664,3.430089117757046,3.4393346320732197,317800
2023-06-30,3.448580265045166,3.485562323582306,3.420843721142311,3.448580265045166,3675200
2023-07-03,3.5132992267608643,3.541035773500104,3.4485806177026386,3.4485806177026386,1522600
2023-07-04,3.5225446224212646,3.5410356529512605,3.494808076626271,3.5225446224212646,1810600
2023-07-05,3.550281047821045,3.568772077723983,3.541035532869576,3.550281047821045,1326300
2023-07-06,3.550281047821045,3.559526562772514,3.541035532869576,3.550281047821045,1581900
2023-07-07,3.467071771621704,3.5225448670643345,3.467071771621704,3.5225448670643345,1212400
2023-07-10,3.485562324523926,3.5317898977078395,3.4670712952503604,3.4670712952503604,857200
2023-07-11,3.587263345718384,3.5965088607153706,3.494807975318049,3.494807975318049,1234500
2023-07-12,3.615000009536743,3.633491040138529,3.5595266973009125,3.587263463634064,1766800
2023-07-13,3.6057546138763428,3.6242456450916696,3.5872635826610164,3.6242456450916696,314500
2023-07-14,3.5780177116394043,3.614999993105352,3.541035650603928,3.614999993105352,2140300
2023-07-17,3.5595266819000244,3.587263448113168,3.5502811666391336,3.568772197160915,5341800
2023-07-18,3.587263345718384,3.6149998907093446,3.550281065299971,3.568772095293945,2214100
2023-07-20,3.6889636516571045,3.6982091657542724,3.587262996588257,3.587262996588257,2585100
2023-07-21,3.7629287242889404,3.790665051600252,3.688964376546991,3.688964376546991,3839200
2023-07-24,3.7629287242889404,3.781419756116806,3.735191956116655,3.7721740197723865,1069400
2023-07-25,3.799910545349121,3.901610993479091,3.7721737789476184,3.7721737789476184,5604900
2023-07-26,3.8276467323303223,3.8646287922862923,3.8276467323303223,3.8368924677497795,2762800
2023-07-27,3.8553836345672607,3.8738746652015497,3.827646868185355,3.827646868185355,4972500
2023-07-28,3.81840181350708,3.8553838771021294,3.8091560771778314,3.8368928453046047,1347800
2023-07-31,3.8553836345672607,3.8646289294539327,3.818401573298683,3.818401573298683,4956600
2023-08-01,3.8276467323303223,3.8646287922862923,3.7999104077938095,3.8461377623083073,1338400
2023-08-02,3.8276467323303223,3.8553834977277646,3.7999104077938095,3.8461377623083073,2500000
2023-08-03,3.799910545349121,3.827646870889678,3.707455392112355,3.8184015759964742,3377000
2023-08-04,3.7721738815307617,3.818401679836769,3.7351918192303395,3.790664912680973,1259400
2023-08-07,3.781419277191162,3.781419277191162,3.762928247705229,3.7721735420177365,762200
2023-08-08,3.7906651496887207,3.827647214301412,3.762928821659695,3.762928821659695,2589400
2023-08-09,3.8553836345672607,3.8646289294539327,3.7629284813958166,3.790664806916777,4251700
2023-08-10,3.781419277191162,3.8553833951348953,3.753682512531803,3.8553833951348953,2265700
2023-08-11,3.7721738815307617,3.790664912680973,3.753682850380551,3.7814196175363466,1474300
2023-08-14,3.7629287242889404,3.790665051600252,3.725946660633209,3.7629287242889404,1508900
2023-08-15,3.7074553966522217,3.79066481423673,3.6982096608867505,3.79066481423673,750600
2023-08-16,3.716700315475464,3.716700315475464,3.651981714679151,3.6982092866765175,3080800
2023-08-17,3.596508741378784,3.7167004323515065,3.596508741378784,3.7167004323515065,4923600
2023-08-18,3.679718494415283,3.69820952440286,3.5965088594711863,3.5965088594711863,2744700
2023-08-21,3.753682851791382,3.7814196189576026,3.6704732115841567,3.6982097583198983,5255700
2023-08-22,3.7444374561309814,3.762928486791786,3.725946425470177,3.735191720370106,3719100
2023-08-23,3.670473337173462,3.707455621183653,3.615000241803905,3.6612278212785356,6994300
2023-08-24,3.7074553966522217,3.7167006915567464,3.6797186302167546,3.688964145551753,4084700
2023-08-25,3.716700315475464,3.7444370791043347,3.670472743478098,3.6982092866765175,3577200
2023-08-28,3.716700315475464,3.716700315475464,3.679718257877571,3.716700315475464,1176800
2023-08-29,3.716700315475464,3.753682373073357,3.670472743478098,3.679718257877571,2739200
2023-08-30,3.7259464263916016,3.753682751959195,3.6982096599630623,3.7167006906284397,4857900
2023-09-01,3.7444374561309814,3.7536827510309108,3.6797186283876924,3.725946425470177,2995600
2023-09-04,3.7259464263916016,3.753682751959195,3.7167006906284397,3.744437457056979,1148000
2023-09-05,3.716700315475464,3.7351913442744107,3.6889637722770443,3.7259460503053883,1424100
2023-09-06,3.735424280166626,3.763510150158056,3.7073384101751965,3.716700366839006,1925800
2023-09-07,3.7915966510772705,3.8196823008821763,3.735424681847426,3.744786639517954,1738900
2023-09-08,3.7915966510772705,3.8196823008821763,3.754148820395159,3.7915966510772705,1904600
2023-09-11,3.7728726863861084,3.819682250919789,3.7541487712899664,3.7915966014822504,1177300
2023-09-12,3.7822344303131104,3.8196822606003016,3.754148780804392,3.7822344303131104,1788700
2023-09-13,3.8290443420410156,3.8571299908211016,3.791596512725342,3.8009582468475913,1482400
2023-09-14,3.8196823596954346,3.8758541065835015,3.791596709458082,3.83840627532479,2622500
2023-09-15,3.52009916305542,3.8196820088114856,3.52009916305542,3.8196820088114856,16297400
2023-09-18,3.735424280166626,3.763510150158056,3.6043566636666333,3.6043566636666333,8032300
2023-09-19,3.726062536239624,3.7541486310412626,3.7073386218429762,3.7354244934379484,3190100
2023-09-20,3.7447867393493652,3.772872836316367,3.707338907668941,3.726062823509153,2469400
2023-09-21,3.735424280166626,3.763510150158056,3.716700366839006,3.7541484167008994,1396900
2023-09-22,3.7447867393493652,3.7822345710297895,3.697976949748835,3.697976949748835,1317800
2023-09-25,3.726062536239624,3.7447864506362722,3.697976664644652,3.7354244934379484,2524700
2023-09-26,3.726062536239624,3.7541486310412626,3.7167005790413,3.7447864506362722,888300
2023-09-27,3.735424280166626,3.744786236830436,3.7073384101751965,3.735424280166626,1601200
2023-09-29,3.726062536239624,3.7447864506362722,3.679252750248004,3.697976664644652,2865700
2023-10-02,3.69797682762146,3.7260627004542295,3.6698909547886904,3.7260627004542295,1543200
2023-10-03,3.69797682762146,3.7260627004542295,3.688614870010537,3.7260627004542295,1737600
2023-10-04,3.669890880584717,3.7073387102712267,3.6605289231630893,3.6979767528495993,2867200
2023-10-05,3.679252862930298,3.6979767779003923,3.6511669904751565,3.669890905445251,2101000
2023-10-06,3.679252862930298,3.6979767779003923,3.679252862930298,3.6886148204153453,357700
2023-10-09,3.679252862930298,3.6979767779003923,3.669890905445251,3.6886148204153453,1004200
2023-10-10,3.69797682762146,3.7167007428433063,3.688614870010537,3.69797682762146,799700
2023-10-11,3.679252862930298,3.7167006928704867,3.679252862930298,3.6979767779003923,2416700
2023-10-12,3.669890880584717,3.7073387102712267,3.6605289231630893,3.6792528380063443,2914600
2023-10-13,3.6605288982391357,3.688614770312786,3.6511669408812524,3.6511669408812524,1220000
2023-10-16,3.651167154312134,3.669891070122417,3.6324432385018506,3.669891070122417,1969800
2023-10-17,3.679252862930298,3.6886148204153453,3.6418050329901095,3.6418050329901095,1536400
2023-10-18,3.707338809967041,3.707338809967041,3.679252936946888,3.679252936946888,434200
2023-10-19,3.69797682762146,3.707338785232383,3.6698909547886904,3.6698909547886904,3005000
2023-10-20,3.688615083694458,3.707339000000993,3.6698911673879224,3.707339000000993,1785800
2023-10-23,3.669890880584717,3.6886147954279718,3.651166965741462,3.669890880584717,1161400
2023-10-24,3.6230809688568115,3.6886148957981053,3.6137190111804376,3.6886148957981053,1978700
2023-10-25,3.651167154312134,3.6605291122172754,3.6324432385018506,3.6324432385018506,632800
2023-10-26,3.6418049335479736,3.6511668907773855,3.6324429763185613,3.6511668907773855,959100
2023-10-27,3.669890880584717,3.6886147954279718,3.6418050083198343,3.6605289231630893,1922600
2023-10-30,3.651167154312134,3.669891070122417,3.641805196406992,3.641805196406992,1442100
2023-10-31,3.679252862930298,3.679252862930298,3.6511669904751565,3.6511669904751565,615500
2023-11-01,3.6605288982391357,3.688614770312786,3.6324430261654856,3.6792528129549025,1991900
2023-11-02,3.679252862930298,3.6979767779003923,3.660528947960204,3.679252862930298,1785500
2023-11-03,3.707338809967041,3.707338809967041,3.679252936946888,3.6979768522936567,1975800
2023-11-06,3.7541487216949463,3.7635104559126678,3.697976753941918,3.697976753941918,2318200
2023-11-07,3.716701030731201,3.7635108224116056,3.6979771140590394,3.716701030731201,1349000
2023-11-08,3.716701030731201,3.735424947403363,3.7073390723951203,3.716701030731201,781100
2023-11-09,3.707338809967041,3.7260627253138097,3.679252936946888,3.7167007676404253,928700
2023-11-10,3.688615083694458,3.6979770418477256,3.6698911673879224,3.6979770418477256,727500
2023-11-14,3.679252862930298,3.7073387353854392,3.669890905445251,3.679252862930298,1143000
2023-11-15,3.763510227203369,3.763510227203369,3.6792526155041863,3.6792526155041863,1689900
2023-11-16,3.763510227203369,3.772872407265492,3.716700442926045,3.763510227203369,1584600
2023-11-17,3.7447867393493652,3.7541489204761547,3.697976949748835,3.716700865589047,1936400
2023-11-20,3.69797682762146,3.754148796493675,3.69797682762146,3.754148796493675,978000
2023-11-21,3.763510227203369,3.763510227203369,3.6979765292151154,3.6979765292151154,1163700
2023-11-22,3.726062536239624,3.7447864506362722,3.7167005790413,3.7354244934379484,379500
2023-11-23,3.726062536239624,3.7541486310412626,3.726062536239624,3.726062536239624,892000
2023-11-24,3.7447867393493652,3.7541489204761547,3.707338907668941,3.7541489204761547,434700
2023-11-27,3.69797682762146,3.744786615676076,3.69797682762146,3.744786615676076,1079300
2023-11-28,3.735424280166626,3.735424280166626,3.6979764535113864,3.716700366839006,1421100
2023-11-29,3.735424280166626,3.744786236830436,3.6886144968475763,3.744786236830436,954100
2023-11-30,3.763510227203369,3.763510227203369,3.6886145723596506,3.7073384860705803,4672700
2023-12-01,3.726062536239624,3.7447864506362722,3.697976664644652,3.7447864506362722,1432200
2023-12-04,3.735424280166626,3.735424280166626,3.7073384101751965,3.7073384101751965,1013000
2023-12-05,3.7447867393493652,3.7447867393493652,3.6792530339086227,3.716700865589047,1171200
2023-12-06,3.716701030731201,3.744786905739444,3.7073390723951203,3.744786905739444,1722000
2023-12-07,3.679252862930298,3.7167006928704867,3.679252862930298,3.7073387353854392,2169000
2023-12-08,3.707338809967041,3.7167007676404253,3.6886148946202724,3.6886148946202724,652800
2023-12-11,3.716701030731201,3.716701030731201,3.6792531973868776,3.6886151557229585,1189300
2023-12-12,3.707338809967041,3.707338809967041,3.6979768522936567,3.6979768522936567,392600
2023-12-13,3.716701030731201,3.716701030731201,3.6979771140590394,3.716701030731201,753600
2023-12-14,3.726062536239624,3.726062536239624,3.7073386218429762,3.726062536239624,625400
2023-12-15,3.8009583950042725,3.8009583950042725,3.7167007757597483,3.7260627334535843,2405000
2023-12-18,3.7541487216949463,3.800958285610239,3.7354245836394893,3.800958285610239,315700
2023-12-19,3.716701030731201,3.744786905739444,3.7073390723951203,3.716701030731201,449800
2023-12-20,3.688615083694458,3.7447868326140634,3.688615083694458,3.7447868326140634,1287400
2023-12-21,3.679252862930298,3.6979767779003923,3.669890905445251,3.6886148204153453,1670000
2023-12-22,3.69797682762146,3.7167007428433063,3.6792529123996136,3.6792529123996136,838400
2023-12-26,3.688615083694458,3.6979770418477256,3.67925312554119,3.67925312554119,224600
2023-12-27,3.688615083694458,3.707339000000993,3.6698911673879224,3.688615083694458,1039700
2023-12-28,3.688615083694458,3.688615083694458,3.6698911673879224,3.6698911673879224,1712100
2023-12-29,3.679252862930298,3.744786565325628,3.679252862930298,3.6886148204153453,2928500
2024-01-02,3.69797682762146,3.707338785232383,3.6605289971777677,3.6792529123996136,1196900
2024-01-03,3.7447867393493652,3.7541489204761547,3.6792530339086227,3.697976949748835,960100
2024-01-04,3.7447867393493652,3.7541489204761547,3.707338907668941,3.726062823509153,1068000
2024-01-05,3.726062536239624,3.7541486310412626,3.7167005790413,3.7167005790413,525800
2024-01-08,3.735424280166626,3.7541484167008994,3.716700366839006,3.735424280166626,615400
2024-01-09,3.735424280166626,3.7541484167008994,3.716700366839006,3.7260623235028163,817600
2024-01-10,3.707338809967041,3.735424682987194,3.707338809967041,3.7260627253138097,560600
2024-01-11,3.716701030731201,3.735424947403363,3.7073390723951203,3.716701030731201,767000
2024-01-12,3.726062536239624,3.7354244934379484,3.7167005790413,3.726062536239624,277800
2024-01-15,3.726062536239624,3.7447864506362722,3.7167005790413,3.726062536239624,329600
2024-01-16,3.707338809967041,3.735424682987194,3.6979768522936567,3.735424682987194,1209200
2024-01-17,3.707338809967041,3.7260627253138097,3.6979768522936567,3.707338809967041,1176000
2024-01-18,3.716701030731201,3.735424947403363,3.6979771140590394,3.716701030731201,992200
2024-01-19,3.707338809967041,3.735424682987194,3.707338809967041,3.7167007676404253,1395300
2024-01-22,3.707338809967041,3.735424682987194,3.6979768522936567,3.707338809967041,2195800
2024-01-23,3.726062536239624,3.7447864506362722,3.7073386218429762,3.7073386218429762,2093200
2024-01-24,3.7541487216949463,3.7635104559126678,3.7167006687907036,3.744786541063882,3060100
2024-01-26,3.716701030731201,3.754149087282218,3.716701030731201,3.754149087282218,1448600
2024-01-29,3.7447867393493652,3.7635106551895774,3.726062823509153,3.735424781429259,2059600
2024-01-30,3.726062536239624,3.7635103650329205,3.7167005790413,3.7635103650329205,1412800
2024-01-31,3.735424280166626,3.7541484167008994,3.716700366839006,3.7260623235028163,2714400
2024-02-02,3.716701030731201,3.744786905739444,3.7073390723951203,3.735424947403363,2032200
2024-02-05,3.716701030731201,3.754149087282218,3.716701030731201,3.716701030731201,2011800
2024-02-06,3.726062536239624,3.7354244934379484,3.7167005790413,3.726062536239624,886000
2024-02-07,3.726062536239624,3.7354244934379484,3.726062536239624,3.7354244934379484,733300
2024-02-08,3.735424280166626,3.744786236830436,3.7260623235028163,3.7260623235028163,1119400
2024-02-09,3.726062536239624,3.7447864506362722,3.726062536239624,3.7447864506362722,434300
2024-02-13,3.7822344303131104,3.7915966110915833,3.7260626848823235,3.7354246424541215,2467800
2024-02-14,3.763510227203369,3.791596320976421,3.7447863134924395,3.791596320976421,2563500
2024-02-15,3.726062536239624,3.7728725454379104,3.726062536239624,3.7728725454379104,2029600
2024-02-16,3.735424280166626,3.744786236830436,3.6979764535113864,3.735424280166626,3268800
2024-02-19,3.726062536239624,3.7447864506362722,3.726062536239624,3.726062536239624,1156800
2024-02-20,3.7728726863861084,3.7915966014822504,3.7354246329871494,3.7354246329871494,6258500
2024-02-21,3.763510227203369,3.772872407265492,3.7354243566369747,3.763510227203369,1283500
2024-02-22,3.7728726863861084,3.782234420727505,3.7541487712899664,3.7728726863861084,1098500
2024-02-23,3.735424280166626,3.7915962433561394,3.735424280166626,3.772872330028519,1076700
2024-02-26,3.7447867393493652,3.7635106551895774,3.735424781429259,3.735424781429259,1073400
2024-02-27,3.763510227203369,3.7822341409142988,3.7447863134924395,3.772872407265492,2368500
2024-02-28,3.7447867393493652,3.7822345710297895,3.7447867393493652,3.772872836316367,1224300
2024-02-29,3.726062536239624,3.7915964598345586,3.726062536239624,3.7728725454379104,5002400
2024-03-01,3.7447867393493652,3.772872836316367,3.735424781429259,3.735424781429259,2042700
2024-03-04,3.8103208541870117,3.8103208541870117,3.744786922337289,3.744786922337289,2590200
2024-03-05,3.707338809967041,3.7915966522341775,3.707338809967041,3.7915966522341775,5519600
2024-03-06,3.7447867393493652,3.7541489204761547,3.6792530339086227,3.697976949748835,2451700
2024-03-07,3.7447867393493652,3.7635106551895774,3.707338907668941,3.7447867393493652,3078600
2024-03-08,3.7873947620391846,3.7873947620391846,3.758989328413449,3.758989328413449,2624000
2024-03-11,3.7684578895568848,3.796863549556594,3.7684578895568848,3.787394845725808,1340200
2024-03-12,3.8063316345214844,3.8252685898577052,3.7684577238490418,3.7779262015171526,2821300
2024-03-13,3.7211155891418457,3.8252688505902075,3.7021786325148707,3.8252688505902075,2632100
2024-03-14,3.777926206588745,3.777926206588745,3.721115340503817,3.721115340503817,2628000
2024-03-15,3.7873947620391846,3.806331717789675,3.749520850538204,3.7779262841639394,4630100
2024-03-18,3.7684578895568848,3.787394845725808,3.7589894114724234,3.7589894114724234,1964300
2024-03-19,3.7684578895568848,3.7779263676413466,3.749520933387962,3.7684578895568848,3487400
2024-03-20,3.7684578895568848,3.787394845725808,3.7589894114724234,3.7589894114724234,1206400
2024-03-21,3.8252687454223633,3.8252687454223633,3.740052442943822,3.758989399050164,3453100
2024-03-22,3.8252687454223633,3.834737449221858,3.8158004931155154,3.8252687454223633,2819000
2024-03-25,3.7589895725250244,3.83473762619244,3.7495210940348893,3.83473762619244,1158300
2024-03-26,3.796863555908203,3.796863555908203,3.758989417760674,3.758989417760674,2437200
2024-03-27,3.7400524616241455,3.7968635559732493,3.7400524616241455,3.7968635559732493,4132000
2024-03-29,3.7684578895568848,3.7779263676413466,3.7400524553035,3.7400524553035,2764000
2024-04-01,3.7684578895568848,3.787394845725808,3.7684578895568848,3.787394845725808,374900
2024-04-02,3.7684578895568848,3.7779263676413466,3.7400524553035,3.7779263676413466,4678900
2024-04-03,3.7589895725250244,3.777926529505295,3.7589895725250244,3.76845805101516,1885500
2024-04-04,3.7873947620391846,3.8158004214112395,3.758989328413449,3.758989328413449,2509800
2024-04-05,3.834737777709961,3.834737777709961,3.7684581999138524,3.7779266787781047,1194100
2024-04-08,3.815800428390503,3.8347373841756296,3.796863472605376,3.8347373841756296,2067400
2024-04-09,3.815800428390503,3.8252686805367464,3.796863472605376,3.815800428390503,1363700
2024-04-12,3.834737777709961,3.834737777709961,3.7968638622529522,3.8158008199814564,3499400
2024-04-15,3.834737777709961,3.8442060308278703,3.7968638622529522,3.834737777709961,4021100
2024-04-16,3.815800428390503,3.8252686805367464,3.796863472605376,3.796863472605376,2738900
2024-04-17,3.7684578895568848,3.806331801894731,3.730583977219039,3.806331801894731,3332200
2024-04-18,3.7684578895568848,3.7779263676413466,3.749520933387962,3.7684578895568848,1545000
2024-04-19,3.777926206588745,3.806331639631209,3.7589892512271024,3.777926206588745,2294500
2024-04-22,3.8063316345214844,3.8252685898577052,3.787394679185263,3.787394679185263,2602200
2024-04-23,3.796863555908203,3.834737468309407,3.796863555908203,3.825268764462781,3946700
2024-04-24,3.834737777709961,3.8442060308278703,3.7968638622529522,3.8252690730993657,3052500
2024-04-25,3.815800428390503,3.8347373841756296,3.815800428390503,3.815800428390503,733100
2024-04-26,3.834737777709961,3.834737777709961,3.7968638622529522,3.8158008199814564,1968500
2024-04-29,3.882080078125,3.882080078125,3.834737907942285,3.834737907942285,2406800
2024-04-30,3.8536746501922607,3.8820798604103293,3.834737692882656,3.8820798604103293,1237300
2024-05-02,3.8915483951568604,3.8915483951568604,3.834737525704754,3.8442057782004437,791900
2024-05-03,3.8726112842559814,3.891548239984923,3.8442056249162495,3.891548239984923,981500
2024-05-06,3.815800428390503,3.882079547892127,3.796863472605376,3.882079547892127,1272800
2024-05-07,3.863142728805542,3.8820796852607593,3.8347375198690443,3.8347375198690443,1014600
2024-05-08,3.863142728805542,3.9199535981711935,3.825268815895108,3.8820796852607593,3373800
2024-05-09,3.8252687454223633,3.8915483175408854,3.8063317893160207,3.8820796137413907,1816300
2024-05-10,3.8252687454223633,3.8536744053282006,3.8158004931155154,3.8252687454223633,1827600
2024-05-13,3.8252687454223633,3.834737449221858,3.8158004931155154,3.8158004931155154,937700
2024-05-14,3.8726112842559814,3.8726112842559814,3.8063317134583663,3.8063317134583663,694300
2024-05-15,3.844205617904663,3.853674321498183,3.825268662210261,3.825268662210261,1685800
2024-05-16,3.8536746501922607,3.863142903100725,3.8442059457911206,3.863142903100725,1698700
2024-05-17,3.815800428390503,3.863142592107,3.8063317247516193,3.844205636321873,3939900
2024-05-20,3.815800428390503,3.844205636321873,3.796863472605376,3.8252686805367464,3130200
2024-05-21,3.7116470336914062,3.8252687710919226,3.6927100774579866,3.815800518721538,6072100
2024-05-23,3.7684578895568848,3.7684578895568848,3.7116470210501156,3.7116470210501156,2584000
2024-05-24,3.7684578895568848,3.7684578895568848,3.730583977219039,3.749520933387962,2001200
2024-05-27,3.7400524616241455,3.758989417825072,3.721115505423219,3.758989417825072,3303200
2024-05-28,3.7211155891418457,3.7400525457688207,3.711647110828358,3.7400525457688207,3075000
2024-05-29,3.664304494857788,3.7211155905058675,3.664304494857788,3.7116471121889094,4600200
2024-05-30,3.664304494857788,3.6737731989210762,3.65483601654083,3.664304494857788,2769000
2024-05-31,3.616962194442749,3.6737732915228185,3.616962194442749,3.6643045872208604,7899700
2024-06-04,3.645367383956909,3.68324152136829,3.6169619502081134,3.6169619502081134,5107200
2024-06-05,3.645367383956909,3.6927099992845553,3.6264304281243787,3.6548358618731744,3455900
2024-06-06,3.6737730503082275,3.683241528242163,3.6548358686940348,3.6548358686940348,2344700
2024-06-07,3.6927101612091064,3.7021786395405623,3.68324168287765,3.68324168287765,1175100
2024-06-10,3.6548359394073486,3.6927100776221966,3.645367461290218,3.683241599505066,1857200
2024-06-11,3.6358988285064697,3.66430426164953,3.6358988285064697,3.66430426164953,3912000
2024-06-12,3.6074936389923096,3.645367552407505,3.579088203930913,3.645367552407505,3469300
2024-06-13,3.5885565280914307,3.616961961932301,3.5885565280914307,3.607493483985344,2593100
2024-06-14,3.569619655609131,3.5980250901137536,3.550682699272716,3.588556611945546,6194700
2024-06-18,3.6074936389923096,3.635899074053706,3.5696197255771143,3.5696197255771143,2002200
2024-06-19,3.550682783126831,3.6169621318695593,3.550682783126831,3.6169621318695593,5693000
2024-06-20,3.550682783126831,3.569619739910468,3.5033403911677397,3.550682783126831,4324500
2024-06-21,3.531745433807373,3.569619343165151,3.5222769564679286,3.5222769564679286,12769600
2024-06-24,3.550682783126831,3.569619739910468,3.5317458263431947,3.550682783126831,3019400
2024-06-25,3.531745433807373,3.5885562978440393,3.5222769564679286,3.5790878205045953,2760100
2024-06-26,3.503340482711792,3.550682875907964,3.4938720040725575,3.5412143972687296,5325200
2024-06-27,3.4938719272613525,3.531745840985649,3.4938719272613525,3.5033404056924264,3147300
2024-06-28,3.503340482711792,3.531745918629495,3.4938720040725575,3.4938720040725575,2371400
2024-07-01,3.531745433807373,3.5412139111468175,3.5033400017890397,3.512808479128484,1474300
2024-07-02,3.4749348163604736,3.531745684428577,3.4749348163604736,3.531745684428577,5709900
2024-07-03,3.5128090381622314,3.5412144747010488,3.484403601623414,3.484403601623414,3218000
2024-07-04,3.503340482711792,3.531745918629495,3.4938720040725575,3.5128089613510265,2225200
2024-07-05,3.5222771167755127,3.531745594545891,3.503340161234756,3.503340161234756,1114400
2024-07-09,3.503340482711792,3.531745918629495,3.4938720040725575,3.5222774399902606,2984100
2024-07-10,3.484403371810913,3.5128088064762606,3.484403371810913,3.5033403282544784,2131300
2024-07-11,3.4938719272613525,3.5033404056924264,3.484403448830278,3.4938719272613525,2563900
2024-07-12,3.4938719272613525,3.5033404056924264,3.484403448830278,3.5033404056924264,1280100
2024-07-15,3.5222771167755127,3.5412140723162695,3.4938716834643775,3.4938716834643775,711300
2024-07-16,3.503340482711792,3.5222774399902606,3.4938720040725575,3.5222774399902606,2996500
2024-07-17,3.5885565280914307,3.607493483985344,3.50334022656882,3.5128087045157765,2608300
2024-07-18,3.6264305114746094,3.6264305114746094,3.579088120805161,3.5980250770729403,3069400
2024-07-19,3.645367383956909,3.645367383956909,3.598024994375583,3.6264304281243787,4266200
2024-07-22,3.6548359394073486,3.673773121387935,3.6169620269388254,3.645367461290218,2110000
2024-07-23,3.6737730503082275,3.6737730503082275,3.635898912826163,3.6643043466279708,1717600
2024-07-24,3.6074936389923096,3.673773213215232,3.6074936389923096,3.673773213215232,977200
2024-07-25,3.6074936389923096,3.635899074053706,3.588556682284712,3.6074936389923096,1443900
2024-07-26,3.579087972640991,3.6169618836086763,3.579087972640991,3.607493405866755,1262000
2024-07-29,3.59802508354187,3.6074935616927832,3.5696196490891308,3.588556605390957,1141900
2024-07-30,3.6074936389923096,3.6169621173461084,3.5980251606385107,3.5980251606385107,244600
2024-07-31,3.616962194442749,3.6264306729983713,3.588556758775882,3.588556758775882,1554900
2024-08-01,3.5885565280914307,3.6264304398792575,3.5790880501444735,3.6264304398792575,1012500
2024-08-02,3.5885565280914307,3.616961961932301,3.569619572197517,3.5790880501444735,1322900
2024-08-05,3.503340482711792,3.579088311825667,3.4938720040725575,3.579088311825667,1457800
2024-08-06,3.5412139892578125,3.588556376999298,3.503340079064624,3.588556376999298,2907000
2024-08-07,3.5412139892578125,3.579087899451001,3.522277034161218,3.531745511709515,3084800
2024-08-08,3.5412139892578125,3.5412139892578125,3.512808556612921,3.522277034161218,667500
2024-08-09,3.531745433807373,3.550682388486262,3.512808479128484,3.5412139111468175,1216800
2024-08-12,3.579087972640991,3.579087972640991,3.541214061673306,3.5506825394152273,746700
2024-08-13,3.579087972640991,3.5885564503829124,3.5506825394152273,3.5506825394152273,414100
2024-08-14,3.579087972640991,3.598024928124834,3.541214061673306,3.5885564503829124,1343400
2024-08-15,3.6264305114746094,3.6264305114746094,3.579088120805161,3.579088120805161,724000
2024-08-16,3.645367383956909,3.645367383956909,3.6169619502081134,3.645367383956909,922000
2024-08-19,3.5885565280914307,3.635898917826214,3.5790880501444735,3.635898917826214,1971300
2024-08-20,3.579087972640991,3.635898839092519,3.5506825394152273,3.6169618836086763,2080900
2024-08-21,3.569619655609131,3.588556611945546,3.550682699272716,3.5790881337773386,615500
2024-08-22,3.616962194442749,3.616962194442749,3.5601513231090154,3.5696198016646377,1121900
2024-08-23,3.5885565280914307,3.6264304398792575,3.5885565280914307,3.6264304398792575,415400
2024-08-26,3.5885565280914307,3.616961961932301,3.56015109425056,3.616961961932301,1271000
2024-08-27,3.6358988285064697,3.6548357839351766,3.5885564399347025,3.6264303507921163,2389200
2024-08-28,3.7400524616241455,3.7400524616241455,3.6169620205718,3.6548359329736524,3886500
2024-08-29,3.730584144592285,3.7684580586293506,3.702178709064486,3.7400526231015516,3061700
2024-08-30,3.8063316345214844,3.8063316345214844,3.6832414248360466,3.7305838131765996,4851300
2024-09-02,3.7873947620391846,3.7873947620391846,3.711646939037223,3.7779262841639394,786600
2024-09-03,3.702178478240967,3.7873947795112954,3.6832415224031156,3.7873947795112954,2367200
2024-09-04,3.6737730503082275,3.692710006176099,3.6737730503082275,3.692710006176099,892800
2024-09-05,3.7116470336914062,3.7684579023916642,3.6832415993412773,3.6927100774579866,1693700
2024-09-06,3.749521017074585,3.7589894953703764,3.7305840604830025,3.740052538778794,1106900
2024-09-09,3.6264305114746094,3.7495209529615,3.6264305114746094,3.7495209529615,1099700
2024-09-10,3.6737730503082275,3.6737730503082275,3.6264304348922276,3.645367390760099,1117600
2024-09-11,3.6548359394073486,3.6927100776221966,3.635898983173087,3.645367461290218,1646400
2024-09-12,3.645367383956909,3.6643043397894393,3.6264304281243787,3.635898906040644,1288600
2024-09-13,3.6548359394073486,3.6927100776221966,3.6548359394073486,3.6548359394073486,828600
2024-09-17,3.7315778732299805,3.7315778732299805,3.664428494142668,3.664428494142668,770700
2024-09-18,3.6740214824676514,3.70279969175095,3.6740214824676514,3.70279969175095,255100
2024-09-19,3.6836140155792236,3.7027994873758185,3.6644285437826283,3.6644285437826283,1600400
2024-09-20,3.6740214824676514,3.7123924281787164,3.616465063901053,3.6836142188954177,5427300
2024-09-23,3.6644287109375,3.6740214472733754,3.6164650292581233,3.6740214472733754,3273400
2024-09-24,3.6644287109375,3.6932069199451263,3.6548359746016246,3.6740214472733754,1208100
2024-09-25,3.693206787109375,3.693206787109375,3.6548358431459844,3.664428579136832,594900
2024-09-26,3.6452431678771973,3.7123923209316945,3.6260576955759123,3.702799584781052,6215800
2024-09-27,3.616464853286743,3.654835796763176,3.5876866456794185,3.645243060894068,3109900
2024-09-30,3.606872081756592,3.626057553305122,3.5876866102080616,3.616464817530857,5422000
2024-10-01,3.587686538696289,3.616464745445461,3.558908331947117,3.616464745445461,2045300
2024-10-02,3.587686538696289,3.6068720098624034,3.558908331947117,3.587686538696289,3913800
2024-10-03,3.587686538696289,3.6356502166115754,3.5780938031132314,3.6068720098624034,2755500
2024-10-04,3.5685012340545654,3.5876867061159716,3.5589084980238623,3.5876867061159716,6089000
2024-10-07,3.587686538696289,3.6068720098624034,3.5780938031132314,3.5780938031132314,4427100
2024-10-08,3.5685012340545654,3.5972794421466747,3.5685012340545654,3.5972794421466747,3786500
2024-10-09,3.5780937671661377,3.606871973626191,3.5780937671661377,3.5780937671661377,2071700
2024-10-10,3.587686538696289,3.6068720098624034,3.5780938031132314,3.5780938031132314,1092400
2024-10-11,3.616464853286743,3.6260575891558515,3.597279381548527,3.597279381548527,1136200
2024-10-14,3.616464853286743,3.6356503250249594,3.597279381548527,3.6356503250249594,2181400
2024-10-15,3.616464853286743,3.6260575891558515,3.597279381548527,3.606872117417635,2653600
2024-10-16,3.606872081756592,3.616464817530857,3.5972793459823267,3.616464817530857,715700
2024-10-17,3.616464853286743,3.6356503250249594,3.606872117417635,3.606872117417635,1870200
2024-10-18,3.6260576248168945,3.6452430967437937,3.6260576248168945,3.635650360780344,1611500
2024-10-21,3.6260576248168945,3.635650360780344,3.6068721528899954,3.6260576248168945,1409200
2024-10-22,3.6260576248168945,3.635650360780344,3.6068721528899954,3.616464888853445,1955800
2024-10-23,3.606872081756592,3.6644284964021825,3.606872081756592,3.626057553305122,1585800
2024-10-24,3.606872081756592,3.626057553305122,3.5972793459823267,3.606872081756592,1416900
2024-10-25,3.606872081756592,3.626057553305122,3.606872081756592,3.606872081756592,832800
2024-10-28,3.6260576248168945,3.635650360780344,3.6068721528899954,3.6068721528899954,740900
2024-10-29,3.6548359394073486,3.674021411894353,3.6164649944333407,3.626057730676843,2052800
2024-10-30,3.616464853286743,3.645243060894068,3.597279381548527,3.645243060894068,3144800
2024-11-01,3.6836140155792236,3.693206751477521,3.606872128392843,3.626057600189438,1389000
2024-11-04,3.8083200454711914,3.827505518449172,3.6740215059164494,3.7027997153834202,4508700
2024-11-05,3.7891345024108887,3.8083199750340224,3.7507635571646216,3.7987272387224555,1994600
2024-11-06,3.7891345024108887,3.8083199750340224,3.7699490297877554,3.7891345024108887,964300
2024-11-07,3.7315778732299805,3.7891342878400813,3.7315778732299805,3.760356080535031,2718900
2024-11-08,3.769948959350586,3.7795416954829233,3.7315780148212356,3.750763487085911,925100
2024-11-11,3.7891345024108887,3.8083199750340224,3.7603562934761885,3.7891345024108887,2441900
2024-11-12,3.8850622177124023,3.913840198852865,3.7795418862225936,3.7891346228390415,8007600
2024-11-13,3.8370981216430664,3.913840010889089,3.8275053854873136,3.875469066266078,2220400
2024-11-14,3.79872727394104,3.8562836923440558,3.79872727394104,3.827505483142548,1726700
2024-11-15,3.769948959350586,3.8179126400122736,3.760356223218248,3.7987271677475984,2179600
2024-11-18,3.827505111694336,3.8370978471638915,3.7411704924683358,3.7507632279378913,979900
2024-11-19,3.7795417308807373,3.8275054119916354,3.7699489946585576,3.8275054119916354,1884400
2024-11-20,3.7795417308807373,3.7795417308807373,3.7315780497698388,3.7795417308807373,1529500
2024-11-21,3.7027995586395264,3.8083198842604973,3.7027995586395264,3.779541676011742,1172500
2024-11-22,3.6548359394073486,3.7219853218207355,3.6548359394073486,3.7219853218207355,1136100
2024-11-25,3.635650396347046,3.6932068126908035,3.61646492423246,3.6740213405762177,5016700
2024-11-26,3.6452431678771973,3.6548359040278395,3.6260576955759123,3.6356504317265546,1393000
2024-11-27,3.693206787109375,3.7411706957724804,3.6740213151276797,3.6836140511185276,1500000
2024-11-28,3.6836140155792236,3.7315779237795756,3.6836140155792236,3.712392223274116,1464100
2024-11-29,3.6452431678771973,3.6932068486304095,3.6356504317265546,3.683614112479767,3035000
2024-12-02,3.7027995586395264,3.73157799559715,3.645243142142016,3.6644286143078526,2088500
2024-12-03,3.721985101699829,3.74117057305219,3.6836139302862474,3.7027994016386088,2004900
2024-12-04,3.7891345024108887,3.8083199750340224,3.7411708208530547,3.7411708208530547,1583900
2024-12-05,3.79872727394104,3.808320010341543,3.7699490647395324,3.7891345375405376,938900
2024-12-06,3.7315778732299805,3.7891342878400813,3.7315778732299805,3.7891342878400813,1109200
2024-12-09,3.750763416290283,3.7891343600953826,3.721985208436459,3.731577944387734,2841800
2024-12-10,3.741170883178711,3.779541829064215,3.7027997085843287,3.750763619650087,723100
2024-12-11,3.7027995586395264,3.750763467762987,3.7027995586395264,3.7411707316800684,617800
2024-12-12,3.7027995586395264,3.721985259514232,3.7027995586395264,3.7027995586395264,1082500
2024-12-13,3.7027995586395264,3.7123922947224446,3.6932068225566077,3.7123922947224446,268600
2024-12-16,3.7027995586395264,3.7411707316800684,3.7027995586395264,3.7027995586395264,876800
2024-12-17,3.7027995586395264,3.73157799559715,3.6932068225566077,3.7123922947224446,1008700
2024-12-18,3.7027995586395264,3.721985259514232,3.6836140864736895,3.7123922947224446,2465500
2024-12-19,3.6452431678771973,3.702799584781052,3.6068722232746273,3.6932068486304095,2035200
2024-12-20,3.606872081756592,3.6452430248536523,3.5972793459823267,3.6452430248536523,3117300
2024-12-23,3.6452431678771973,3.683614112479767,3.6164649594252696,3.6164649594252696,1093500
2024-12-24,3.6836140155792236,3.693206751477521,3.635650336087736,3.635650336087736,705400
2024-12-26,3.7027995586395264,3.721985259514232,3.6836140864736895,3.6836140864736895,1943800
2024-12-27,3.7027995586395264,3.73157799559715,3.6932068225566077,3.7027995586395264,597000
2024-12-30,3.7027995586395264,3.7123922947224446,3.6836140864736895,3.7123922947224446,1758100
2024-12-31,3.721985101699829,3.7315778373760096,3.7027994016386088,3.7027994016386088,1346400
2025-01-02,3.7123923301696777,3.731578031227575,3.7123923301696777,3.7123923301696777,600800
2025-01-03,3.693206787109375,3.7123922590910707,3.693206787109375,3.702799523100223,2165300
2025-01-06,3.7027995586395264,3.7123922947224446,3.7027995586395264,3.7027995586395264,991900
2025-01-07,3.7027995586395264,3.721985259514232,3.6932068225566077,3.7027995586395264,2608100
2025-01-08,3.7027995586395264,3.7123922947224446,3.6836140864736895,3.7027995586395264,3295300
2025-01-09,3.693206787109375,3.702799523100223,3.6740213151276797,3.6836140511185276,2748000
2025-01-10,3.6740214824676514,3.6932069553231837,3.6548360096121186,3.6740214824676514,1594500
2025-01-13,3.6260576248168945,3.6452430967437937,3.578093944999647,3.6452430967437937,1758100
2025-01-14,3.5972795486450195,3.664428702847909,3.5972795486450195,3.6452432302185116,2753700
2025-01-15,3.5972795486450195,3.626057757589115,3.5685013397009246,3.5972795486450195,3578500
2025-01-16,3.587686538696289,3.6356502166115754,3.587686538696289,3.616464745445461,5118400
2025-01-17,3.558908700942993,3.5972796472536106,3.5397232277876842,3.5972796472536106,9189000
2025-01-20,3.5972795486450195,3.626057757589115,3.5493158670715275,3.5493158670715275,2681500
2025-01-21,3.5685012340545654,3.626057650238784,3.5685012340545654,3.5972794421466747,3718100
2025-01-22,3.5972795486450195,3.626057757589115,3.5685013397009246,3.5685013397009246,5704900
2025-01-23,3.5972795486450195,3.65483596653321,3.5876868123303214,3.5972795486450195,3392200
2025-01-24,3.5972795486450195,3.6356504939038135,3.558908603386226,3.5972795486450195,3081100
2025-01-27,3.5972795486450195,3.6164650212744167,3.5876868123303214,3.5972795486450195,620200
2025-01-28,3.5780937671661377,3.606871973626191,3.568501031679453,3.5972792381395067,476600
2025-01-31,3.5685012340545654,3.616464914208081,3.5685012340545654,3.616464914208081,1487000
2025-02-03,3.5685012340545654,3.5780939700852685,3.539723025962456,3.5589084980238623,1682100
2025-02-04,3.5685012340545654,3.5876867061159716,3.539723025962456,3.5589084980238623,1167800
2025-02-05,3.6452431678771973,3.6452431678771973,3.5685012786720574,3.5685012786720574,937200
2025-02-06,3.606872081756592,3.6452430248536523,3.606872081756592,3.616464817530857,762400
2025-02-07,3.606872081756592,3.6452430248536523,3.606872081756592,3.616464817530857,448400
2025-02-10,3.5972795486450195,3.6452432302185116,3.5972795486450195,3.6164650212744167,683000
2025-02-12,3.635650396347046,3.645243132404339,3.597279452117874,3.597279452117874,1681400
2025-02-13,3.6452431678771973,3.6548359040278395,3.6164649594252696,3.6452431678771973,1568000
2025-02-14,3.6260576248168945,3.635650360780344,3.597279416926546,3.6260576248168945,901000
2025-02-17,3.587686538696289,3.626057481028518,3.5685010675301743,3.626057481028518,1090000
2025-02-18,3.5972795486450195,3.6164650212744167,3.578094076015623,3.5876868123303214,2401500
2025-02-19,3.5972795486450195,3.606872284959718,3.5685013397009246,3.578094076015623,1710700
2025-02-20,3.5972795486450195,3.5972795486450195,3.5493158670715275,3.578094076015623,1765500
2025-02-21,3.6260576248168945,3.6260576248168945,3.5685012090361976,3.5876866809630967,1491100
2025-02-24,3.6836140155792236,3.6836140155792236,3.5876866565962477,3.626057600189438,1248700
2025-02-25,3.6644287109375,3.7027996562810013,3.6452432382657496,3.6452432382657496,2433200
2025-02-26,3.7027995586395264,3.7027995586395264,3.6260576699761793,3.6260576699761793,2416100
2025-02-27,3.606872081756592,3.6740212321764476,3.5876866102080616,3.6740212321764476,1574500
2025-02-28,3.7315778732299805,3.7315778732299805,3.587686607995867,3.6164648153009176,8497100
2025-03-03,3.616464853286743,3.712392211977825,3.597279381548527,3.712392211977825,919700
2025-03-04,3.6836140155792236,3.693206751477521,3.5780939206979503,3.6164648642911406,2143100
2025-03-05,3.635650396347046,3.6836140766335106,3.626057660289753,3.6740213405762177,1077500
2025-03-06,3.6740214824676514,3.6740214824676514,3.6260578003288195,3.6548360096121186,1276600
2025-03-07,3.5780937671661377,3.645242915572929,3.568501031679453,3.645242915572929,2708800
2025-03-10,3.558908700942993,3.606872383831265,3.558908700942993,3.5780941740983017,3537600
2025-03-11,3.5978035926818848,3.6075273767769724,3.5102893039927974,3.568632240396622,2062100
2025-03-12,3.5686323642730713,3.5783561487056965,3.4908418569787614,3.5783561487056965,2937400
2025-03-13,3.5686323642730713,3.5978037175709465,3.5394610109751956,3.549184795407821,2110000
2025-03-14,3.5880799293518066,3.607527498196534,3.5394610072399884,3.5589085760847157,1879900
2025-03-17,3.5978035926818848,3.6075273767769724,3.5491846722064473,3.588079808586797,1092500
2025-03-19,3.6366989612579346,3.6464227459738656,3.558908683530486,3.5978038223942104,1820100
2025-03-20,3.5978035926818848,3.6269749449671473,3.5978035926818848,3.6172511608720597,750000
2025-03-21,3.5880799293518066,3.636698851463625,3.5880799293518066,3.5978037137741703,4182500
2025-03-24,3.607527494430542,3.6172512788427547,3.568632356781691,3.5978037100183293,1315800
2025-03-25,3.558908700942993,3.597803839997018,3.549184916179487,3.597803839997018,2520300
2025-03-26,3.5978035926818848,3.6172511608720597,3.5589084563015345,3.5589084563015345,3186300
2025-03-27,3.607527494430542,3.6269750632549673,3.5783561411939036,3.5880799256061167,1866400
2025-03-28,3.549184799194336,3.6172512902953304,3.529737230308337,3.5880799369663325,3174100
2025-04-02,3.607527494430542,3.607527494430542,3.52001320288732,3.5491847879572656,2292100
2025-04-03,3.607527494430542,3.6172512788427547,3.568632356781691,3.568632356781691,1194200
2025-04-04,3.5978035926818848,3.6172511608720597,3.568632240396622,3.6075273767769724,1672000
2025-04-07,3.510289430618286,3.5491848002349955,3.451946723943184,3.5394610157891453,2591000
2025-04-08,3.3644325733184814,3.510289336077972,3.3644325733184814,3.510289336077972,3045600
2025-04-09,3.3644325733184814,3.422775278422278,3.325537436582617,3.3644325733184814,6676500
2025-04-10,3.490841865539551,3.5005656499960223,3.4033278054313083,3.4227753743442513,4957300
2025-04-11,3.45194673538208,3.4908418732943702,3.4033278129917175,3.4033278129917175,1203400
2025-04-14,3.5783562660217285,3.5783562660217285,3.4811181866742285,3.4811181866742285,1606400
2025-04-15,3.549184799194336,3.5880799369663325,3.539461014751337,3.5783561525233334,1192400
2025-04-16,3.490841865539551,3.549184804111688,3.4616705121701368,3.549184804111688,2178100
2025-04-17,3.490841865539551,3.5394610196552163,3.4713942966266083,3.490841865539551,2430600
2025-04-18,3.558908700942993,3.5686324857064995,3.5102895452921468,3.5200133300556526,517000
2025-04-21,3.549184799194336,3.5783561525233334,3.5005656451460316,3.5783561525233334,1034000
2025-04-22,3.5394608974456787,3.54918468156641,3.490841745008722,3.54918468156641,1107700
2025-04-23,3.549184799194336,3.5783561525233334,3.529737230308337,3.539461014751337,614300
2025-04-24,3.549184799194336,3.5686323680803342,3.4908418607030325,3.529737230308337,1449400
2025-04-25,3.5783562660217285,3.5783562660217285,3.5297373422646365,3.5686324812703103,627600
2025-04-28,3.549184799194336,3.5880799369663325,3.549184799194336,3.5880799369663325,385900
2025-04-29,3.5297372341156006,3.5686323719295507,3.510289433375317,3.5686323719295507,1008000
2025-04-30,3.558908700942993,3.558908700942993,3.5200133300556526,3.5297373466524746,2120300
2025-05-02,3.61725115776062,3.61725115776062,3.5102893009733624,3.5394608850668328,1443300
2025-05-05,3.5783562660217285,3.6172514050274027,3.5686324812703103,3.5978038355245654,851000
2025-05-06,3.607527494430542,3.607527494430542,3.568632356781691,3.568632356781691,962500
2025-05-07,3.607527494430542,3.607527494430542,3.5491847879572656,3.607527494430542,815600
2025-05-08,3.4811182022094727,3.607527636375358,3.4811182022094727,3.597803851580545,1494600
2025-05-09,3.5394608974456787,3.54918468156641,3.490841745008722,3.490841745008722,768200
2025-05-13,3.5978035926818848,3.6172511608720597,3.5491846722064473,3.5491846722064473,2995400
2025-05-14,3.5978035926818848,3.6172511608720597,3.568632240396622,3.588079808586797,2915300
2025-05-15,3.6464226245880127,3.665870193372484,3.588079918234598,3.597803702626834,3252100
2025-05-16,3.65614652633667,3.6658703110410236,3.6366989569279626,3.6464227416323163,3825100
2025-05-19,3.607527494430542,3.646422632079393,3.5978037100183293,3.646422632079393,1201000
2025-05-20,3.5200130939483643,3.626974951005708,3.5102893098370878,3.597803598671878,1977100
2025-05-21,3.5686323642730713,3.617251286436197,3.549184795407821,3.549184795407821,1052800
2025-05-22,3.5783562660217285,3.607527620275984,3.5491849117674734,3.5686324812703103,1326900
2025-05-23,3.5686323642730713,3.5783561487056965,3.558908579840446,3.5686323642730713,677200
2025-05-26,3.5783562660217285,3.5783562660217285,3.5297373422646365,3.5491849117674734,408400
2025-05-27,3.61725115776062,3.61725115776062,3.5589084532402797,3.568632237327003,1738300
2025-05-28,3.5200130939483643,3.6172511668944316,3.5200130939483643,3.6172511668944316,1661400
2025-05-29,3.5394608974456787,3.558908465687141,3.5102893132501842,3.520013097370916,1480500
2025-05-30,3.500565767288208,3.549184923032938,3.500565767288208,3.549184923032938,5004200
2025-06-03,3.5297372341156006,3.5491848030225754,3.490841864468342,3.490841864468342,2260200
2025-06-04,3.500565767288208,3.539461138250655,3.461670628159077,3.5297373534683723,2877400
2025-06-05,3.5297372341156006,3.5394610185690882,3.5005656489218295,3.510289433375317,696300
2025-06-06,3.5394608974456787,3.54918468156641,3.500565529129453,3.5102893132501842,754800
2025-06-09,3.549184799194336,3.558908583637335,3.52001321403203,3.539461014751337,260500
2025-06-10,3.490841865539551,3.578356157481102,3.4811180810830793,3.549184804111688,1572000
2025-06-11,3.500565767288208,3.5200133368527733,3.4811181977236427,3.510289552070491,2381600
2025-06-12,3.500565767288208,3.539461138250655,3.490841982505925,3.500565767288208,694200
2025-06-13,3.510289430618286,3.5394610157891453,3.500565646172436,3.500565646172436,730200
2025-06-16,3.61725115776062,3.6464225100207908,3.500565516886639,3.520013085060086,2313900
2025-06-17,3.5297372341156006,3.6172512941969885,3.520013217828805,3.6172512941969885,1073400
2025-06-18,3.5394608974456787,3.5394608974456787,3.490841745008722,3.5297371133249476,1363900
2025-06-19,3.5394608974456787,3.558908465687141,3.5102893132501842,3.558908465687141,907200
2025-06-20,3.5880799293518066,3.5880799293518066,3.5200132065619534,3.5394610072399884,7982800
2025-06-23,3.549184799194336,3.5686323680803342,3.529737230308337,3.5686323680803342,736200
2025-06-24,3.5783562660217285,3.5783562660217285,3.520013325679902,3.5491849117674734,1064500
2025-06-25,3.558908700942993,3.597803839997018,3.5297373466524746,3.5783562704700054,1433900
2025-06-26,3.607527494430542,3.607527494430542,3.539461003545053,3.558908572369478,892800
2025-06-30,3.6366989612579346,3.6366989612579346,3.568632468246417,3.6075276071101414,2742200
2025-07-01,3.65614652633667,3.65614652633667,3.626975172223609,3.6366989569279626,1399800
2025-07-02,3.6464226245880127,3.67559397776472,3.6464226245880127,3.6561464089802485,1165900
2025-07-03,3.6853177547454834,3.6853177547454834,3.6464226172547614,3.656146401627442,870200
2025-07-04,3.6366989612579346,3.6755941001216588,3.5978038223942104,3.6755941001216588,519300
2025-07-07,3.6755940914154053,3.6755940914154053,3.6172513832580133,3.6172513832580133,1279800
2025-07-08,3.6853177547454834,3.6853177547454834,3.6464226172547614,3.6755939703728027,822700
2025-07-09,3.7922794818878174,3.7922794818878174,3.6853176257004026,3.6853176257004026,1946400
2025-07-10,3.7436604499816895,3.782555819191433,3.695041528261143,3.782555819191433,1117400
2025-07-11,3.6950414180755615,3.7339365542921517,3.6950414180755615,3.7339365542921517,626900
2025-07-14,3.6755940914154053,3.7242130148798984,3.6561465220296077,3.6853178761083036,508400
2025-07-15,3.6755940914154053,3.6755940914154053,3.5978038138722157,3.6755940914154053,1088200
2025-07-16,3.6366989612579346,3.6561465306897967,3.5978038223942104,3.6464227459738656,771600
2025-07-17,3.7339367866516113,3.7339367866516113,3.607527586081364,3.607527586081364,991100
2025-07-18,3.6950414180755615,3.7339365542921517,3.665870065913119,3.7339365542921517,1523600
2025-07-21,3.665870189666748,3.7144891115787795,3.6561464052843418,3.6853177584315606,435800
2025-07-22,3.6464226245880127,3.665870193372484,3.6464226245880127,3.665870193372484,250000
2025-07-23,3.724212884902954,3.724212884902954,3.636698825721152,3.6658701787817525,382500
2025-07-24,3.7533843517303467,3.7533843517303467,3.704765428489017,3.724212997785549,522700
2025-07-25,3.6755940914154053,3.7533843689585944,3.6464227373367093,3.7533843689585944,506800
2025-07-28,3.7533843517303467,3.7533843517303467,3.6561465052476874,3.675594074544219,965000
2025-07-29,3.6464226245880127,3.7436604685103703,3.6464226245880127,3.7436604685103703,1714800
2025-07-30,3.65614652633667,3.675594095745377,3.6366989569279626,3.6464227416323163,601500
2025-07-31,3.665870189666748,3.704765327196373,3.6464226209019355,3.665870189666748,4008400
2025-08-01,3.6464226245880127,3.6853177621569557,3.6464226245880127,3.67559397776472,375500
2025-08-04,3.6366989612579346,3.6561465306897967,3.6075276071101414,3.6464227459738656,1280700
2025-08-05,3.6366989612579346,3.6658703154057277,3.6366989612579346,3.6366989612579346,475700
2025-08-06,3.61725115776062,3.6464225100207908,3.61725115776062,3.636698725934067,475700
2025-08-07,3.6269750595092773,3.6464226283136187,3.597803706302765,3.6172512751071064,1009500
2025-08-08,3.6755940914154053,3.6755940914154053,3.6172513832580133,3.6269751679509117,965600
2025-08-11,3.6366989612579346,3.6658703154057277,3.6366989612579346,3.6464227459738656,201100
2025-08-12,3.724212884902954,3.724212884902954,3.6464226100746853,3.6464226100746853,903200
2025-08-13,3.7436604499816895,3.7436604499816895,3.7047653126052524,3.724212881293471,1993300
2025-08-14,3.7436604499816895,3.753384234325799,3.6853177439170337,3.7436604499816895,1154400
2025-08-15,3.714488983154297,3.7339365512467304,3.6950414150618633,3.7339365512467304,1272400
2025-08-18,3.714488983154297,3.7339365512467304,3.6853176310156464,3.7339365512467304,1573200
2025-08-19,3.772831916809082,3.772831916809082,3.7144889807364594,3.7144889807364594,1619000
2025-08-20,3.7533843517303467,3.7728321528601914,3.714489213137283,3.7728321528601914,516100
2025-08-21,3.7533843517303467,3.7631081363786127,3.7436605670820806,3.7533843517303467,4351000
2025-08-22,3.7533843517303467,3.7728321528601914,3.733936782433815,3.733936782433815,969700
2025-08-25,3.7436604499816895,3.782555819191433,3.7436604499816895,3.763108018669908,1029100
2025-08-26,3.7436604499816895,3.7728320348473234,3.7436604499816895,3.763108018669908,3250200
2025-08-27,3.7533843517303467,3.7533843517303467,3.733936782433815,3.7533843517303467,894500
2025-08-28,3.772831916809082,3.7825557008489694,3.7436603328561215,3.753384116896009,3256000
2025-08-29,3.7533843517303467,3.8311748607497873,3.7436605670820806,3.7922797221567235,3748600
2025-09-02,3.7533843517303467,3.7728321528601914,3.7436605670820806,3.7533843517303467,525200
2025-09-03,3.772831916809082,3.772831916809082,3.7436603328561215,3.753384116896009,2038100
2025-09-04,3.7533843517303467,3.7631081363786127,3.7436605670820806,3.7533843517303467,447700
2025-09-08,3.7533843517303467,3.7728321528601914,3.7533843517303467,3.7533843517303467,748400
2025-09-09,3.8408985137939453,3.8408985137939453,3.76310800743991,3.76310800743991,1863700
2025-09-10,3.82145094871521,3.8408985173634664,3.802003380066954,3.831174733039338,2720500
2025-09-11,3.82145094871521,3.8506223016875945,3.811727164391082,3.811727164391082,3987900
2025-09-12,3.8756909370422363,3.885552736469872,3.826381939904059,3.826381939904059,1972800
2025-09-17,3.924999952316284,3.924999952316284,3.836243757057458,3.8756909549502696,2632200
2025-09-18,3.8559675216674805,3.9052765211519533,3.846105721770586,3.8756911214612697,2453000
2025-09-19,3.8658292293548584,3.8954146283398576,3.8263820307081926,3.855967429693192,4703800
2025-09-22,3.8559675216674805,3.8559675216674805,3.816520086956046,3.8559675216674805,1905200
2025-09-23,3.8559675216674805,3.8658293215643753,3.846105721770586,3.846105721770586,714500
2025-09-24,3.8461055755615234,3.8559673750835235,3.8066581423496766,3.8263819765175238,2264600
2025-09-25,3.8756909370422363,3.885552736469872,3.8066581059249436,3.8559673381869657,2149900
2025-09-26,3.8756909370422363,3.895414535897507,3.865829137614601,3.885552736469872,2492000
2025-09-29,3.8954145908355713,3.8954145908355713,3.8756909917021334,3.8756909917021334,2114100
2025-09-30,3.8954145908355713,3.9052763904022902,3.8954145908355713,3.8954145908355713,5592400
2025-10-01,3.905276298522949,3.9151380978576498,3.8855526998535477,3.905276298522949,2568800
2025-10-02,3.8954145908355713,3.9052763904022902,3.8954145908355713,3.8954145908355713,1822500
2025-10-03,3.905276298522949,3.9249998971923503,3.875690900518847,3.905276298522949,1180100
2025-10-06,3.9151382446289062,3.94472364374211,3.895414645220104,3.9151382446289062,922900
2025-10-07,3.9151382446289062,3.9348618440377088,3.895414645220104,3.9250000443333075,1242100
2025-10-08,3.8954145908355713,3.924999989535728,3.8954145908355713,3.8954145908355713,1760200
2025-10-09,3.944723606109619,3.944723606109619,3.905276407668339,3.905276407668339,1193200
2025-10-10,3.905276298522949,3.9249998971923503,3.8954144991882487,3.9249998971923503,1366500
2025-10-13,3.8954145908355713,3.915138189969009,3.796796360044533,3.826381993868538,954200
2025-10-14,3.905276298522949,3.9249998971923503,3.8954144991882487,3.8954144991882487,1749900
2025-10-15,3.8756909370422363,3.915138134752778,3.8756909370422363,3.9052763353251425,2486400
2025-10-16,3.8954145908355713,3.924999989535728,3.8855527912688523,3.8954145908355713,3230800
2025-10-17,3.944723606109619,3.944723606109619,3.8954146080580188,3.8954146080580188,1398300
2025-10-21,3.9151382446289062,3.9644472431509126,3.905276444924505,3.9348618440377088,2038700
2025-10-22,3.905276298522949,3.9249998971923503,3.905276298522949,3.9151380978576498,1984100
2025-10-23,3.924999952316284,3.934861751789487,3.8954145538966753,3.8954145538966753,2928300
2025-10-24,3.964447259902954,3.964447259902954,3.9052764614265167,3.9052764614265167,3640100
2025-10-27,3.964447259902954,3.9940328942650254,3.9447236604108085,3.964447259902954,1477300
2025-10-28,3.964447259902954,3.9841708593951,3.954585695280734,3.964447259902954,1349600
2025-10-29,3.964447259902954,3.9841708593951,3.9447236604108085,3.9841708593951,4425300
2025-10-30,4.003894329071045,4.003894329071045,3.9545855670632455,3.9644471313657292,2495100
2025-10-31,3.964447259902954,3.9841708593951,3.954585695280734,3.9743092947728798,2582100
2025-11-03,4.013756275177002,4.013756275177002,3.9644470440080553,3.9644470440080553,2486400
2025-11-04,3.984170913696289,4.01375654846159,3.9743093489396633,4.003894513457253,2154900
2025-11-05,4.023618221282959,4.023618221282959,3.994033055970783,3.994033055970783,3432700
2025-11-06,3.994032859802246,4.013756459124205,3.994032859802246,4.003894424339375,3125800
2025-11-07,4.023618221282959,4.033480256552167,3.994033055970783,3.994033055970783,1926800
2025-11-10,4.013756275177002,4.07292707043113,4.013756275177002,4.023617839262184,4049300
2025-11-11,4.043341636657715,4.072927270864562,4.003894437880387,4.01375647269857,60115300
2025-11-12,4.043341636657715,4.053203671475898,4.01375647269857,4.033480072087234,27864900
2025-11-13,4.043341636657715,4.053203671475898,4.043341636657715,4.043341636657715,1267500
2025-11-14,4.043341636657715,4.053203671475898,3.9644472391030594,4.043341636657715,936300
2025-11-17,4.053203582763672,4.063065147118313,4.033479983806697,4.043341548161338,4293200
2025-11-18,4.003894329071045,4.063065125629018,3.9841707302183873,4.063065125629018,3436500
2025-11-19,4.043341636657715,4.053203671475898,3.9841708384917234,3.9841708384917234,13622400
2025-11-20,4.013756275177002,4.07292707043113,3.9940326767589593,4.043341437680227,3902800
2025-11-21,4.003894329071045,4.023617927923703,3.9940327647685607,3.9940327647685607,3622400
2025-11-24,4.033480167388916,4.043341732192403,3.9940329676795434,3.9940329676795434,7942700
2025-11-25,4.023618221282959,4.033480256552167,4.013756656261475,4.033480256552167,5091000
2025-11-26,4.013756275177002,4.033479873595045,3.9940326767589593,4.023617839262184,2463400
2025-11-27,3.984170913696289,4.0433417129791795,3.964447313935326,3.9940329487006268,3278900
2025-11-28,3.934861898422241,3.994032932590315,3.915138298740835,3.984170897625757,2813100
2025-12-01,3.974309206008911,3.984170770410879,3.924999973255988,3.934861772781803,2252000
2025-12-02,4.053203582763672,4.053203582763672,3.96444715233344,3.9743091869357734,4480600
2025-12-03,4.043341636657715,4.053203671475898,4.033480072087234,4.053203671475898,2363800
2025-12-04,4.033480167388916,4.043341732192403,4.00389453248303,4.033480167388916,2791900
2025-12-05,4.053203582763672,4.053203582763672,4.033479983806697,4.033479983806697,1921800
2025-12-08,3.964447259902954,4.053203692741463,3.964447259902954,4.053203692741463,5837200
2025-12-09,4.013756275177002,4.013756275177002,3.9644470440080553,3.9940326767589593,4424300
2025-12-10,3.994032859802246,4.023618023661335,3.984170825017416,3.994032859802246,10771800
2025-12-11,4.043341636657715,4.043341636657715,3.9743092739212424,3.9940328733099064,2965300
2025-12-12,4.072926998138428,4.082788562048571,4.013756203934555,4.0433413659126565,1337800
2025-12-15,4.003894329071045,4.082788724481676,3.9841707302183873,4.072927160179192,2343500
2025-12-16,4.043341636657715,4.063065236046379,3.9940328733099064,3.9940328733099064,2896500
2025-12-17,4.043341636657715,4.072927270864562,4.01375647269857,4.01375647269857,5299700
2025-12-18,4.043341636657715,4.053203671475898,4.033480072087234,4.043341636657715,5775300
2025-12-19,4.023618221282959,4.043341821573651,3.994033055970783,4.033480256552167,8435200
2025-12-22,3.984170913696289,4.01375654846159,3.9151383145329173,4.01375654846159,1605800
2025-12-23,3.984170913696289,4.01375654846159,3.9447237141743625,3.9545857491786998,1449500
2025-12-24,3.994032859802246,3.994032859802246,3.954585661158327,3.9644472256954564,1522400
2025-12-26,3.964447259902954,3.9940328942650254,3.954585695280734,3.964447259902954,265000
2025-12-29,4.003894329071045,4.013756363621218,3.9545855670632455,3.9545855670632455,1189800
2025-12-30,3.934861898422241,4.013756532271722,3.934861898422241,3.994032932590315,1231100
2025-12-31,3.944723606109619,3.9644472053302593,3.934861806499299,3.944723606109619,2884500
2026-01-02,3.944723606109619,3.9743092400644286,3.944723606109619,3.9545856408437885,1031200
2026-01-05,3.974309206008911,3.984170770410879,3.9151381737301727,3.984170770410879,2744500
2026-01-06,3.974309206008911,3.9940328050605416,3.934861772781803,3.974309206008911,2681900
2026-01-07,4.023618221282959,4.053203856842859,3.934862019974845,3.954585855389399,2161800
2026-01-08,3.964447259902954,4.003894458887246,3.954585695280734,4.003894458887246,3290800
2026-01-09,3.964447259902954,4.003894458887246,3.9348618606647356,3.9743092947728798,1519800
2026-01-12,4.033480167388916,4.033480167388916,3.974309367824857,3.974309367824857,3748200
2026-01-13,3.984170913696289,4.023618113218216,3.964447313935326,4.003894513457253,4299100
2026-01-14,4.013756275177002,4.023617839262184,3.984170642426098,3.984170642426098,2622200
2026-01-15,4.003894329071045,4.013756363621218,3.9841707302183873,4.013756363621218,6526600
2026-01-16,4.003894329071045,4.003894329071045,3.974309165915903,4.003894329071045,1563600
2026-01-19,4.003894329071045,4.003894329071045,4.003894329071045,4.003894329071045,0
2026-01-20,3.944723606109619,4.00389440377154,3.944723606109619,3.944723606109619,1534800
2026-01-21,3.964447259902954,3.964447259902954,3.9348618606647356,3.9447236604108085,1661800
2026-01-22,3.984170913696289,3.9940329487006268,3.964447313935326,3.984170913696289,2350900
2026-01-23,3.974309206008911,3.9940328050605416,3.964447171359249,3.984170770410879,1087100
2026-01-26,3.994032859802246,3.994032859802246,3.9644472256954564,3.9743092604802865,1745300
2026-01-27,4.013756275177002,4.033479873595045,3.9348616463809907,3.9940326767589593,4262700
2026-01-28,4.053203582763672,4.053203582763672,3.994032785892748,3.994032785892748,3465000
2026-01-29,3.934861898422241,4.053203731634534,3.9250000985815383,4.053203731634534,3140200
2026-01-30,3.934861898422241,3.9743093329089088,3.905276498900132,3.9447236982629446,2141100
2026-02-03,3.954585552215576,3.9841707152596393,3.934861718313128,3.934861718313128,977100
2026-02-04,3.974309206008911,3.984170770410879,3.934861772781803,3.9545856069572807,1064600
2026-02-05,3.974309206008911,4.003894369462509,3.964447171359249,3.974309206008911,4259900
2026-02-06,3.974309206008911,4.003894369462509,3.964447171359249,3.974309206008911,826800
2026-02-09,3.974309206008911,4.003894369462509,3.9545856069572807,3.974309206008911,2011900
2026-02-10,3.974309206008911,3.9940328050605416,3.974309206008911,3.9940328050605416,2171700
2026-02-11,3.974309206008911,3.9940328050605416,3.964447171359249,3.984170770410879,2958500
2026-02-12,3.964447259902954,3.9743092947728798,3.954585695280734,3.9743092947728798,1129000
2026-02-13,3.924999952316284,3.9743091848061445,3.924999952316284,3.94472355126269,1511800
2026-02-16,3.9151382446289062,3.9250000443333075,3.8658292461069004,3.9250000443333075,1195400
2026-02-19,3.9151382446289062,3.9250000443333075,3.895414645220104,3.9151382446289062,1591900
2026-02-20,3.944723606109619,3.9545856408437885,3.915138207278659,3.915138207278659,1906300
2026-02-23,4.033480167388916,4.033480167388916,3.9447237329189706,3.984170932628343,1990200
2026-02-24,3.954585552215576,4.003894314038244,3.94472351770243,4.003894314038244,2272000
2026-02-25,3.984170913696289,4.023618113218216,3.964447313935326,3.9743093489396633,2127600
2026-02-26,3.954585552215576,3.9841707152596393,3.915138119534523,3.9644471164810344,3329800
2026-02-27,3.905276298522949,3.954585530320295,3.8855526998535477,3.944723495861752,6173900
2026-03-02,3.8855528831481934,3.9052764827480235,3.747487450825529,3.8461056839485335,2754400
2026-03-03,3.8461055755615234,3.875690974127523,3.8362437760395234,3.8559673750835235,5990900
2026-03-04,3.8658292293548584,3.905276428001524,3.8461056300315253,3.855967429693192,6286900
2026-03-05,3.8756909370422363,3.915138134752778,3.8559673381869657,3.895414535897507,3241300
2026-03-06,3.8559675216674805,3.8756911214612697,3.846105721770586,3.8756911214612697,8716900
2026-03-09,3.924999952316284,3.9545855858597387,3.767210925621192,3.767210925621192,4708300
2026-03-10,3.950000047683716,4.0,3.890000104904175,3.950000047683716,1885500
2026-03-11,3.9800000190734863,4.0,3.9200000762939453,3.950000047683716,1540200
2026-03-12,4.019999980926514,4.019999980926514,3.940000057220459,3.9800000190734863,3151800
2026-03-13,3.990000009536743,4.019999980926514,3.9700000286102295,4.019999980926514,4199400
2026-03-16,3.990000009536743,4.019999980926514,3.9600000381469727,3.990000009536743,2799300
2026-03-17,4.010000228881836,4.039999961853027,3.9800000190734863,4.0,1840200
2026-03-18,4.059999942779541,4.059999942779541,3.990000009536743,3.990000009536743,2541400
2026-03-19,4.090000152587891,4.150000095367432,4.019999980926514,4.059999942779541,6985000
2026-03-20,4.090000152587891,4.090000152587891,4.090000152587891,4.090000152587891,0
2026-03-24,4.150000095367432,4.179999828338623,4.059999942779541,4.090000152587891,6503800
2026-03-25,4.110000133514404,4.179999828338623,4.079999923706055,4.179999828338623,5454400
2026-03-26,4.110000133514404,4.150000095367432,4.079999923706055,4.099999904632568,6529500
2026-03-27,4.170000076293945,4.170000076293945,4.110000133514404,4.110000133514404,13259200
2026-03-30,4.25,4.25,4.119999885559082,4.119999885559082,22534600
2026-03-31,4.21999979019165,4.28000020980835,4.199999809265137,4.28000020980835,9045100
2026-04-01,4.21999979019165,4.289999961853027,4.190000057220459,4.289999961853027,9317200
2026-04-02,4.28000020980835,4.300000190734863,4.190000057220459,4.239999771118164,8888700
2026-04-03,4.239999771118164,4.309999942779541,4.239999771118164,4.289999961853027,12313400
2026-04-06,4.239999771118164,4.260000228881836,4.190000057220459,4.25,14495700
2026-04-07,4.260000228881836,4.289999961853027,4.210000038146973,4.289999961853027,16356400
2026-04-08,4.199999809265137,4.269999980926514,4.179999828338623,4.25,5556300
2026-04-09,4.28000020980835,4.309999942779541,4.179999828338623,4.190000057220459,26579200
2026-04-10,4.25,4.289999961853027,4.230000019073486,4.289999961853027,9899800
2026-04-13,4.269999980926514,4.320000171661377,4.25,4.260000228881836,9670100
2026-04-14,4.320000171661377,4.320000171661377,4.260000228881836,4.269999980926514,9231600
2026-04-15,4.269999980926514,4.28000020980835,4.239999771118164,4.269999980926514,5500600
2026-04-16,4.28000020980835,4.28000020980835,4.239999771118164,4.269999980926514,4975600
2026-04-17,4.28000020980835,4.300000190734863,4.21999979019165,4.300000190734863,6345800
2026-04-20,4.25,4.28000020980835,4.239999771118164,4.28000020980835,3436500
2026-04-21,4.260000228881836,4.269999980926514,4.230000019073486,4.25,3296300
2026-04-22,4.28000020980835,4.289999961853027,4.25,4.260000228881836,2908100
2026-04-23,4.28000020980835,4.289999961853027,4.269999980926514,4.28000020980835,3451900
2026-04-24,4.28000020980835,4.300000190734863,4.269999980926514,4.28000020980835,4135000
2026-04-27,4.300000190734863,4.300000190734863,4.28000020980835,4.28000020980835,4716900
2026-04-28,4.289999961853027,4.300000190734863,4.25,4.300000190734863,2494500
2026-04-29,4.260000228881836,4.289999961853027,4.25,4.289999961853027,1777700
2026-04-30,4.320000171661377,4.320000171661377,4.25,4.25,11164200
2026-05-04,4.389999866485596,4.449999809265137,4.329999923706055,4.329999923706055,8206900
2026-05-05,4.400000095367432,4.400000095367432,4.380000114440918,4.400000095367432,10958500
2026-05-06,4.349999904632568,4.400000095367432,4.349999904632568,4.400000095367432,5741200
2026-05-07,4.349999904632568,4.400000095367432,4.329999923706055,4.329999923706055,7082300
2026-05-08,4.28000020980835,4.380000114440918,4.28000020980835,4.349999904632568,3019700
2026-05-11,4.28000020980835,4.320000171661377,4.260000228881836,4.28000020980835,3179100
2026-05-12,4.260000228881836,4.289999961853027,4.25,4.269999980926514,3447700
2026-05-13,4.199999809265137,4.260000228881836,4.170000076293945,4.260000228881836,3199800
2026-05-14,4.110000133514404,4.190000057220459,4.070000171661377,4.170000076293945,4502900
2026-05-15,4.039999961853027,4.110000133514404,4.010000228881836,4.110000133514404,3324900
2026-05-18,4.059999942779541,4.079999923706055,4.010000228881836,4.03000020980835,1551200
2026-05-19,4.050000190734863,4.110000133514404,3.9800000190734863,4.03000020980835,5827100
2026-05-20,4.099999904632568,4.119999885559082,4.039999961853027,4.050000190734863,2661600
2026-05-21,4.039999961853027,4.099999904632568,4.039999961853027,4.099999904632568,3222700
2026-05-22,4.090000152587891,4.090000152587891,4.03000020980835,4.039999961853027,3041100
2026-05-25,4.010000228881836,4.090000152587891,4.010000228881836,4.090000152587891,4036900
2026-05-26,4.039999961853027,4.050000190734863,3.9800000190734863,4.0,5808500
2026-05-27,4.039999961853027,4.039999961853027,4.039999961853027,4.039999961853027,0
2026-05-28,4.019999980926514,4.059999942779541,3.9600000381469727,4.050000190734863,9621200
2026-05-29,3.990000009536743,4.070000171661377,3.930000066757202,4.050000190734863,14275400
2026-06-02,3.990000009536743,3.990000009536743,3.990000009536743,3.990000009536743,0
2026-06-03,4.050000190734863,4.110000133514404,3.9200000762939453,4.0,5162400
2026-06-04,4.179999828338623,4.239999771118164,4.039999961853027,4.059999942779541,12608400
2026-06-05,4.170000076293945,4.21999979019165,4.139999866485596,4.21999979019165,8329100
2026-06-08,4.199999809265137,4.269999980926514,4.150000095367432,4.159999847412109,3179900
2026-06-09,4.21999979019165,4.25,4.159999847412109,4.159999847412109,8465300
2026-06-10,4.28000020980835,4.329999923706055,4.21999979019165,4.21999979019165,8579300
2026-06-11,4.230000019073486,4.289999961853027,4.21999979019165,4.289999961853027,3752500
2026-06-12,4.199999809265137,4.25,4.150000095367432,4.210000038146973,1794700
2026-06-15,4.179999828338623,4.230000019073486,4.130000114440918,4.199999809265137,2573700
2026-06-16,4.230000019073486,4.239999771118164,4.139999866485596,4.179999828338623,1764300
2026-06-18,4.239999771118164,4.269999980926514,4.210000038146973,4.230000019073486,4296700
2026-06-19,4.329999923706055,4.329999923706055,4.239999771118164,4.239999771118164,5029900
2026-06-22,4.269999980926514,4.329999923706055,4.239999771118164,4.329999923706055,2081400
2026-06-23,4.300000190734863,4.380000114440918,4.269999980926514,4.269999980926514,6702000
2026-06-24,4.269999980926514,4.349999904632568,4.239999771118164,4.349999904632568,2108700
2026-06-25,4.25,4.269999980926514,4.190000057220459,4.25,3097500
2026-06-26,4.269999980926514,4.28000020980835,4.199999809265137,4.239999771118164,2133800
2026-06-29,4.239999771118164,4.300000190734863,4.210000038146973,4.300000190734863,2651000
2026-06-30,4.21999979019165,4.25,4.199999809265137,4.239999771118164,3684600
2026-07-01,4.230000019073486,4.25,4.199999809265137,4.199999809265137,2102000
2026-07-02,4.239999771118164,4.260000228881836,4.199999809265137,4.25,1866000
2026-07-03,4.289999961853027,4.300000190734863,4.199999809265137,4.199999809265137,1291600
2026-07-06,4.289999961853027,4.329999923706055,4.25,4.289999961853027,1658900
2026-07-07,4.349999904632568,4.349999904632568,4.260000228881836,4.289999961853027,3156900
2026-07-08,4.329999923706055,4.349999904632568,4.289999961853027,4.349999904632568,3006500
2026-07-09,4.360000133514404,4.389999866485596,4.289999961853027,4.320000171661377,3504700
2026-07-10,4.510000228881836,4.550000190734863,4.360000133514404,4.360000133514404,4298400
2026-07-13,4.599999904632568,4.690000057220459,4.46999979019165,4.5,5863700
2026-07-14,4.510000228881836,4.650000095367432,4.489999771118164,4.579999923706055,2955500
2026-07-15,4.570000171661377,4.599999904632568,4.53000020980835,4.550000190734863,2359000
2026-07-16,4.559999942779541,4.619999885559082,4.519999980926514,4.590000152587891,2304800
2026-07-17,4.579999923706055,4.599999904632568,4.519999980926514,4.599999904632568,4230700
2026-07-20,4.590000152587891,4.599999904632568,4.550000190734863,4.599999904632568,1556700
2026-07-21,4.5,4.599999904632568,4.480000019073486,4.590000152587891,1707700
2026-07-22,4.5,4.559999942779541,4.46999979019165,4.480000019073486,5492400
2026-07-23,4.460000038146973,4.550000190734863,4.409999847412109,4.489999771118164,2423500
2026-07-24,4.429999828338623,4.5,4.409999847412109,4.409999847412109,5045100
2026-07-27,4.449999809265137,4.519999980926514,4.409999847412109,4.429999828338623,1945800
2026-07-28,4.369999885559082,4.460000038146973,4.369999885559082,4.449999809265137,2429700
2026-07-29,4.449999809265137,4.460000038146973,4.369999885559082,4.369999885559082,4579500
2026-07-30,4.46999979019165,4.489999771118164,4.420000076293945,4.449999809265137,4444000
2026-07-31,4.429999828338623,4.5,4.420000076293945,4.46999979019165,4093500
2026-08-03,4.389999866485596,4.440000057220459,4.380000114440918,4.429999828338623,2534700
2026-08-04,4.429999828338623,4.460000038146973,4.369999885559082,4.400000095367432,3410000
2026-08-05,4.550000190734863,4.579999923706055,4.420000076293945,4.420000076293945,7825100
2026-08-06,4.489999771118164,4.559999942779541,4.489999771118164,4.559999942779541,10214000
2026-08-07,4.5,4.519999980926514,4.460000038146973,4.480000019073486,5406200
2026-08-10,4.570000171661377,4.630000114440918,4.489999771118164,4.5,5557500
2026-08-11,4.5,4.590000152587891,4.46999979019165,4.590000152587891,3639900
2026-08-12,4.550000190734863,4.570000171661377,4.46999979019165,4.489999771118164,6566200
2026-08-13,4.460000038146973,4.550000190734863,4.449999809265137,4.550000190734863,4966100
2026-08-14,4.5,4.550000190734863,4.420000076293945,4.460000038146973,6499900
2026-08-17,4.5,4.559999942779541,4.429999828338623,4.429999828338623,1433500
2026-08-18,4.53000020980835,4.559999942779541,4.46999979019165,4.5,6723200
2026-08-19,4.550000190734863,4.570000171661377,4.5,4.510000228881836,9683200
2026-08-20,4.599999904632568,4.619999885559082,4.550000190734863,4.550000190734863,5365500
2026-08-21,4.699999809265137,4.730000019073486,4.570000171661377,4.590000152587891,6217900
2026-08-24,4.809999942779541,4.869999885559082,4.670000076293945,4.699999809265137,5042100
2026-08-25,4.809999942779541,4.809999942779541,4.809999942779541,4.809999942779541,0
2026-08-26,4.789999961853027,4.860000133514404,4.699999809265137,4.809999942779541,12282600
2026-08-27,4.690000057220459,4.789999961853027,4.659999847412109,4.789999961853027,5978700
2026-08-28,4.679999828338623,4.75,4.610000133514404,4.690000057220459,9809400
2026-08-31,4.679999828338623,4.679999828338623,4.679999828338623,4.679999828338623,0
2026-09-01,4.699999809265137,4.75,4.579999923706055,4.579999923706055,5186700
2026-09-02,4.800000190734863,4.820000171661377,4.619999885559082,4.699999809265137,4317900
2026-09-03,4.789999961853027,4.860000133514404,4.760000228881836,4.800000190734863,5163900
