Date,Open,High,Low,Close,Volume
2015-01-02,9.065058488565242,9.065058488565242,8.846777695789765,8.988018035888672,195960
2015-01-05,8.885296267872725,9.142096504463474,8.859616611569685,9.065056800842285,287160
2015-01-06,8.94949693805826,9.167777709577797,8.898137620891472,9.039377212524414,431640
2015-01-07,8.949497294187791,9.14209768007599,8.859617750857174,8.92381763458252,833040
2015-01-08,9.02653624345357,9.039376071123984,8.85961627960205,8.85961627960205,269280
2015-01-09,8.885295999166361,9.16777661822953,8.885295999166361,9.154936790466309,705840
2015-01-12,9.052217931848338,9.154938037368685,8.98801731486401,9.142097473144531,183960
2015-01-13,8.94949630537421,9.23197693809442,8.94949630537421,9.167777061462402,503760
2015-01-14,9.167778602325862,9.167778602325862,8.975178205346646,8.988018035888672,528960
2015-01-15,9.142097907654028,9.142097907654028,8.92381785672682,9.000858306884766,1044240
2015-01-16,8.949494877512196,9.244816026210973,8.910974663793922,9.180615425109863,752640
2015-01-19,9.065058488565242,9.142098206529603,8.975178205346646,8.988018035888672,412560
2015-01-20,8.975178205346646,9.039378092768983,8.936658713720568,8.988018035888672,289800
2015-01-21,9.0650570574153,9.758418083190918,8.988016616901525,9.758418083190918,319440
2015-01-22,9.501617431640625,9.66853813402095,9.37321694786438,9.501617431640625,544440
2015-01-23,9.63001823425293,9.642858062642045,9.501617746225529,9.63001823425293,522840
2015-01-26,9.630017127124358,9.630017127124358,9.475937000032767,9.604336738586426,118080
2015-01-27,9.424576824095654,9.719897270202637,9.424576824095654,9.719897270202637,896400
2015-01-28,9.68137799218441,9.694218555874992,9.552978232975548,9.642858505249023,252480
2015-01-29,9.591495356297377,9.630015565501761,9.437415254191725,9.565814971923828,294120
2015-01-30,9.565817049080271,9.565817049080271,9.34753704071045,9.34753704071045,473400
2015-02-04,9.63001791541687,9.63001791541687,9.360377119900374,9.501617431640625,625200
2015-02-05,9.501617431640625,9.63001791541687,9.424576994432467,9.501617431640625,240600
2015-02-06,9.501618594405459,9.501618594405459,9.309018212527564,9.36037826538086,705360
2015-02-09,9.309016518637012,9.347536734945793,9.24481664793039,9.296175956726074,386160
2015-02-10,9.257656250916396,9.373216162331952,9.180615820164693,9.283336639404297,451320
2015-02-11,9.309016293180198,9.360376335444002,9.231975862428495,9.283336639404297,87120
2015-02-12,9.193458632600672,9.360378627147082,9.193458632600672,9.244818687438965,422640
2015-02-13,9.309019667063192,9.424579620361328,9.193459713765055,9.424579620361328,222240
2015-02-16,9.424578594838257,9.591499325563712,9.424578594838257,9.514459609985352,480000
2015-02-17,9.501619266420327,9.552979322906133,9.488778701264724,9.527298927307129,147720
2015-02-18,9.37321609430175,9.617176476962163,9.37321609430175,9.552976608276367,94800
2015-02-23,9.552979246595743,9.591499472330444,9.39889907836914,9.39889907836914,162480
2015-02-24,9.501618594405459,9.501618594405459,9.321858776775,9.36037826538086,427560
2015-02-25,9.437419304103841,9.437419304103841,9.257658740483373,9.39889907836914,559800
2015-02-26,9.270496077804347,9.321856854780147,9.270496077804347,9.283336639404297,461880
2015-02-27,9.283338553456991,9.411738318234155,9.193458277285687,9.36037826538086,454320
2015-03-02,9.34753733244607,9.373216988485371,9.244817238864737,9.334696769714355,769920
2015-03-03,9.334699330146215,9.463099849698128,9.321860233316968,9.424579620361328,71040
2015-03-04,9.424576222956905,9.630017127124358,9.321856872941177,9.604336738586426,865560
2015-03-05,9.501618594405459,9.60433870011205,9.296177648280128,9.36037826538086,449880
2015-03-06,9.373216988485371,9.450257426027402,9.29617655094334,9.334696769714355,284520
2015-03-09,9.283337885405919,9.373217420397127,9.180617052379212,9.27049732208252,381600
2015-03-10,9.219137145215713,9.55297782746966,9.219137145215713,9.38605785369873,816480
2015-03-11,9.450256593083655,9.450256593083655,9.244816424028445,9.283336639404297,590760
2015-03-12,9.39889736319775,9.501617456603794,9.257657051086426,9.257657051086426,871680
2015-03-13,9.283337552978475,9.334696865584554,9.065056800842285,9.065056800842285,512760
2015-03-16,9.07789642129334,9.206296904006974,9.000856719434804,9.129257202148438,391440
2015-03-17,9.180617636649858,9.321858699211397,9.167777807221407,9.3090181350708,731160
2015-03-18,9.33469445140941,9.565814971923828,9.219134558508141,9.565814971923828,477000
2015-03-19,9.552979897097773,9.784100532531738,9.552979897097773,9.784100532531738,719760
2015-03-20,9.56581791342832,9.75841828396328,9.514458598311911,9.617177963256836,816720
2015-03-23,9.617177267519695,9.745577750158139,9.450257301330566,9.450257301330566,312360
2015-03-24,9.552977888103637,9.758418083190918,9.527297496361681,9.758418083190918,782400
2015-03-25,9.745580673217773,9.771261071332784,9.668540948297291,9.745580673217773,395400
2015-03-26,9.74557766037857,9.758417488110513,9.719897270202637,9.719897270202637,101280
2015-03-27,9.71989786293403,9.809778131962739,9.694218205904166,9.758418083190918,398880
2015-03-30,9.784100532531738,9.82262076088944,9.745580304174036,9.784100532531738,404280
2015-03-31,9.796938904280704,9.886819178821648,9.745578852359042,9.873978614807129,1076040
2015-04-01,9.886818965300817,9.938179016113281,9.681378027338841,9.938179016113281,106920
2015-04-02,9.938178146431039,10.002378020650506,9.873977537499513,9.989538192749023,562200
2015-04-03,9.989538192749023,10.053738801680549,9.938178146431039,9.989538192749023,255360
2015-04-06,10.002376737557439,10.143617030491777,9.989536911303034,10.105096817016602,259920
2015-04-07,10.105099391559426,10.233499890952801,10.092260296745883,10.194979667663574,327480
2015-04-08,10.194978782493159,10.194978782493159,10.092259420493988,10.169299125671387,117600
2015-04-09,10.194975976480649,10.194975976480649,9.809775352478027,9.809775352478027,388920
2015-04-10,9.938176871573454,10.105096817016602,9.78409675238471,10.105096817016602,311280
2015-04-13,10.092257725474159,10.182137243966954,10.053737511998982,10.105096817016602,294840
2015-04-14,10.09225927079746,10.1436185836792,10.07941870786495,10.1436185836792,135360
2015-04-15,10.143617954244164,10.272018432617188,10.092258644549387,10.272018432617188,560160
2015-04-16,10.272016869052432,10.40041732788086,10.169296795874457,10.40041732788086,243600
2015-04-17,10.220658388210383,10.272018432617188,10.156458516379885,10.272018432617188,276480
2015-04-20,10.143617954244164,10.284858994752911,10.143617954244164,10.272018432617188,341160
2015-04-21,10.33622051944531,10.33622051944531,10.117940467618135,10.259180068969727,305280
2015-04-22,10.143618734137531,10.272019222382642,10.117939077315759,10.169299125671387,817080
2015-04-23,10.24633772453153,10.272017376739264,9.976696968078613,9.976696968078613,105480
2015-04-24,9.989538440897757,10.207819194205523,9.976698612677323,10.1436185836792,185760
2015-04-27,10.1436185836792,10.207819194205523,10.028058660271137,10.1436185836792,198000
2015-04-28,10.233498850646392,10.259178507087261,9.963858784456887,10.1436185836792,169440
2015-04-29,10.028057124778211,10.143617030491777,9.963857258794226,10.105096817016602,478680
2015-04-30,10.105097330846457,10.156458107899622,9.694216992117127,9.848297119140625,676800
2015-05-05,9.848299546687185,10.053740501403809,9.848299546687185,10.053740501403809,287760
2015-05-06,9.886818249648199,10.015218734741211,9.835458202553406,10.015218734741211,406920
2015-05-07,9.861138985065136,10.002378569150707,9.732738494873047,9.732738494873047,162000
2015-05-08,9.822618695189762,9.873978009249491,9.694218205904166,9.758418083190918,896640
2015-05-11,9.848297629391386,9.848297629391386,9.681376932100257,9.835457801818848,290640
2015-05-12,9.707058789816545,9.925338813883902,9.707058789816545,9.899659156799316,307200
2015-05-13,9.886819626552853,10.079420013659158,9.681378674850539,10.028059959411621,421080
2015-05-14,10.066977933964592,10.170760369832857,9.976166725158691,9.976166725158691,489720
2015-05-15,9.937248658563997,10.105896138696531,9.937248658563997,10.041031837463379,180120
2015-05-18,10.144815406712175,10.41724681854248,10.092923815265813,10.41724681854248,178800
2015-05-19,10.222652962328889,10.248598386379644,9.989140434292775,10.11886978149414,133680
2015-05-20,10.118869259818501,10.27454402304485,10.015085342018443,10.222652435302734,315480
2015-05-21,10.157787565195543,10.235624571275286,10.015084779031815,10.183732986450195,404520
2015-05-22,10.248599625526538,10.248599625526538,10.028060525166525,10.06697940826416,204720
2015-05-25,10.028057270579456,10.041029979963083,9.859409079329472,9.911300659179688,35520
2015-05-26,9.91130351961793,10.248599257146962,9.690764427185059,9.690764427185059,606120
2015-05-27,9.846437855386903,9.846437855386903,9.690763092351045,9.729681968688965,447240
2015-05-28,9.72967960183057,9.859408168311214,9.599950293034281,9.781570434570312,425880
2015-05-29,9.885356070654764,9.89832878112793,9.599951986350463,9.89832878112793,692280
2015-06-01,9.89832930118901,9.89832930118901,9.61292594420531,9.794546127319336,485640
2015-06-02,9.794546060642531,9.989139695902422,9.716708309612253,9.924275398254395,674520
2015-06-03,10.01508511803531,10.01508511803531,9.78157260726028,9.924275398254395,186720
2015-06-04,9.872383739236769,9.924275325437613,9.742654402576761,9.859410285949707,538560
2015-06-05,9.898332636002818,9.898332636002818,9.664820044966204,9.677793502807617,296160
2015-06-08,9.664815902709961,9.846436811487967,9.535087318424882,9.664815902709961,461880
2015-06-09,9.6648157117789,9.794545035816887,9.509140968322754,9.509140968322754,358680
2015-06-10,9.535088192645146,9.89832930118901,9.522114739174578,9.794546127319336,514920
2015-06-11,9.872383811672812,9.97616624252017,9.612925878764894,9.924275398254395,981120
2015-06-12,9.859410358290559,9.97616624252017,9.833464936157672,9.924275398254395,127080
2015-06-15,9.716711649383667,9.963197698261695,9.677793502807617,9.677793502807617,369000
2015-06-16,9.664816927353822,9.846437855386903,9.651844216013124,9.729681968688965,323520
2015-06-17,9.768603996117193,9.794549427167894,9.638874613915505,9.677793502807617,209520
2015-06-18,9.638873416666813,9.924277576670715,9.638873416666813,9.87238597869873,601920
2015-06-19,9.898329161179289,9.924275325437613,9.70373552734718,9.859410285949707,1034400
2015-06-22,9.729683898696779,9.950223004498723,9.729683898696779,9.87238597869873,320280
2015-06-23,9.898329443065522,9.898329443065522,9.729681968688965,9.729681968688965,258240
2015-06-24,9.820491410720123,9.872383739236769,9.69076281637592,9.859410285949707,350400
2015-06-25,9.88535432699673,9.88535432699673,9.703733443145055,9.781570434570312,366360
2015-06-26,9.76860278275476,9.898331406526736,9.76860278275476,9.87238597869873,437280
2015-06-29,9.872383298948435,9.911301430126544,9.664816221086333,9.755626678466797,267720
2015-06-30,9.67779056983411,9.898329636192235,9.67779056983411,9.807519912719727,597720
2015-07-01,9.820491549628848,9.89832930118901,9.794546127319336,9.794546127319336,372120
2015-07-02,9.820492808033231,9.937249450334749,9.703736908047622,9.885357856750488,304800
2015-07-03,9.911301872150549,9.911301872150549,9.742654402576761,9.859410285949707,154800
2015-07-06,9.703736424791858,9.794546894620838,9.638872121620816,9.71670913696289,227880
2015-07-07,9.703735664604416,9.85941042540893,9.677790242294904,9.794546127319336,399240
2015-07-08,9.67779056983411,9.859410759094967,9.67779056983411,9.807519912719727,843960
2015-07-09,9.807519912719727,9.924275801695693,9.70373599302173,9.807519912719727,601560
2015-07-10,9.885356385165936,10.028058431858275,9.885356385165936,9.989139556884766,405480
2015-07-13,9.989138858537792,10.002112310832514,9.833464111842869,9.937247276306152,109680
2015-07-14,9.937248756089803,10.01508576987032,9.833465576171875,9.833465576171875,144600
2015-07-15,9.924275589752922,10.002113342285156,9.846437837220687,10.002113342285156,422400
2015-07-16,10.01508459789971,10.041030761000886,9.755626678466797,9.755626678466797,283560
2015-07-20,9.781572099252204,9.820490972746082,9.716707804972916,9.755626678466797,353280
2015-07-21,9.703735598545808,9.97616624252017,9.703735598545808,9.924275398254395,141840
2015-07-22,9.78157260726028,10.01508511803531,9.768600638509644,9.924275398254395,169680
2015-07-23,9.80751900466915,9.976165724405831,9.755626678466797,9.755626678466797,338280
2015-07-24,9.75562765709642,10.002113633178485,9.729682233708314,9.976166725158691,810000
2015-07-27,9.781572673848766,9.846437714254174,9.651844077669578,9.794546127319336,323280
2015-07-28,9.703735803691742,9.742654680029665,9.651844216013124,9.729681968688965,806760
2015-07-29,9.664817115924462,9.924275801695693,9.664817115924462,9.807519912719727,1233000
2015-07-30,9.76860192194696,9.89833053428727,9.729683041318506,9.742655754089355,458040
2015-07-31,9.781573638614983,10.01508617401123,9.781573638614983,10.01508617401123,679200
2015-08-03,9.833465779216233,10.131842613220215,9.833465779216233,10.131842613220215,216000
2015-08-04,9.885356590034254,10.07995022661885,9.781572673848766,9.794546127319336,395640
2015-08-05,9.84643840789795,9.911302710556985,9.781573362923048,9.84643840789795,66600
2015-08-06,9.820491410720123,9.898329161179289,9.729681691605501,9.859410285949707,546000
2015-08-07,9.729681318029447,9.98913923907164,9.729681318029447,9.89832878112793,351240
2015-08-10,9.794545988777605,9.911301872150549,9.781572535490541,9.859410285949707,470520
2015-08-11,9.755627185127393,9.937248109320839,9.703735598545808,9.924275398254395,1522440
2015-08-12,9.78157300490043,9.924275801695693,9.75562758171281,9.807519912719727,1633200
2015-08-13,9.898329636192235,9.976166648070933,9.75562758171281,9.807519912719727,920040
2015-08-14,9.781573275024119,9.781573275024119,9.535088778671566,9.561034202575684,310440
2015-08-17,9.522113678031833,9.586977968892961,9.405357806018657,9.509140968322754,219240
2015-08-18,9.50914190412332,9.690762827186783,9.405358731605856,9.586978912353516,634560
2015-08-19,9.703735803691742,9.742654680029665,9.599952628334504,9.729681968688965,1404720
2015-08-20,9.768600670192786,9.768600670192786,9.574007034301758,9.574007034301758,598680
2015-08-21,9.535088659060285,9.664817261585233,9.405359314219488,9.54806137084961,719040
2015-08-24,9.561033648804493,9.561033648804493,9.288603002011035,9.4442777633667,560400
2015-08-25,9.366439486483213,9.651843570794478,9.366439486483213,9.625897407531738,885600
2015-08-26,9.444278906464376,9.859411653658816,9.444278906464376,9.742655754089355,1093320
2015-08-27,9.742654028502614,9.937247654863201,9.70373515476734,9.89832878112793,459840
2015-08-28,9.89832852516566,10.015084401036496,9.781571906979067,9.950220108032227,692160
2015-09-01,9.989140346048767,9.989140346048767,9.768601274302133,9.833465576171875,914040
2015-09-02,9.846437574978447,10.041031208810557,9.71670823831844,9.859410285949707,690000
2015-09-03,9.76860139317028,10.015085891737787,9.76860139317028,9.84643840789795,126840
2015-09-04,9.794548210582768,9.885358692612733,9.794548210582768,9.87238597869873,479040
2015-09-07,9.937249414915726,9.937249414915726,9.703736873460901,9.742655754089355,374040
2015-09-08,9.781783103942871,9.83395181778702,9.729613643807896,9.781783103942871,441720
2015-09-09,9.82091004400965,9.912206036352126,9.742655483383757,9.846994400024414,563160
2015-09-10,9.886121270009271,9.977418004853233,9.755697256476358,9.873078346252441,827040
2015-09-11,9.781781364889707,9.990459168329835,9.781781364889707,9.9774169921875,896040
2015-09-14,10.0165433883667,10.0165433883667,9.925246670796492,10.0165433883667,348120
2015-09-15,10.016547802797414,10.081759452819824,10.016547802797414,10.081759452819824,445680
2015-09-17,10.146970605539915,10.39477575902931,10.01654731188713,10.212182998657227,1204080
2015-09-18,10.094798237050782,10.381730594673103,10.094798237050782,10.173052787780762,1044720
2015-09-21,10.225221883809835,10.225221883809835,10.003501892089844,10.003501892089844,274920
2015-09-22,10.003503876356488,10.146970089105512,9.899164948228266,9.925250053405762,487560
2015-09-23,9.860036037212115,9.977417116537453,9.794823663106305,9.91220474243164,963600
2015-09-25,9.79482297468746,10.238263654502981,9.79482297468746,10.146966934204102,931200
2015-09-28,10.055672710478145,10.173053801984734,9.96437522799745,10.068714141845703,307680
2015-09-29,9.977417116537453,10.016544391742798,9.82090876200677,9.91220474243164,1055880
2015-09-30,9.912204767022113,10.17305277151107,9.873077491719698,10.055671691894531,1176000
2015-10-01,10.173051727219645,10.173051727219645,9.938288845794913,10.0165433883667,255120
2015-10-02,10.120883796231398,10.120883796231398,9.964374687655322,10.04262924194336,478800
2015-10-05,10.068714070982601,10.30347699863431,10.003502436859096,10.029586791992188,508800
2015-10-06,10.10783863067627,10.199135341662226,10.029584093748143,10.10783863067627,638760
2015-10-07,10.120883620599251,10.564324345857854,9.97741743775464,10.303476333618164,1104600
2015-10-08,10.225222512618082,10.433901086605365,10.068714141845703,10.068714141845703,612600
2015-10-09,10.303476185717887,10.433900189965573,10.146967828395093,10.225221633911133,579360
2015-10-12,10.238264083862305,10.407815356182263,10.186094633830935,10.238264083862305,465840
2015-10-13,10.251307006088156,10.303475709828845,10.042628459672,10.238264083862305,647400
2015-10-15,10.238264630501613,10.368688635688947,10.133925724868035,10.264348983764648,1465320
2015-10-16,10.264351719085605,10.264351719085605,10.173055712045024,10.212182998657227,260520
2015-10-19,10.212180350254071,10.329561433358423,10.173053073789045,10.303476333618164,170520
2015-10-20,10.303479005697808,10.303479005697808,10.029588745703306,10.212182998657227,414960
2015-10-21,10.290433533893673,10.316518632054697,10.16000953566991,10.238264083862305,1043040
2015-10-22,10.238265380701847,10.3295621163936,10.238265380701847,10.290434837341309,46560
2015-10-23,10.39477198043199,10.433899252821062,10.23826363716635,10.368687629699707,1203720
2015-10-26,10.407815100452254,10.407815100452254,10.238263832298331,10.342602729797363,584640
2015-10-27,10.342602729797363,10.407815100452254,10.225220910392956,10.342602729797363,1281480
2015-10-28,10.381730886548215,10.420857416722516,10.27739198016863,10.303476333618164,680760
2015-10-29,10.316521995739432,10.316521995739432,10.081759020908857,10.251310348510742,584400
2015-10-30,10.225224933610937,10.290437329924304,10.081759452819824,10.081759452819824,922200
2015-11-02,10.042628134218393,10.055671056021561,9.938289237536988,9.964373588562012,320160
2015-11-03,9.977417902567087,10.316519737243652,9.96437497894397,10.316519737243652,325560
2015-11-04,10.355646276499378,10.49911246612813,10.303476820842628,10.433900833129883,1177080
2015-11-05,10.251307613855388,10.34260359710492,10.186095237731934,10.186095237731934,218400
2015-11-06,10.160013345149284,10.290437392275317,10.12088680267334,10.12088680267334,124440
2015-11-09,10.042628785327697,10.173052787780762,10.042628785327697,10.173052787780762,126600
2015-11-11,10.173053001053306,10.264348983764648,9.964374443495428,10.264348983764648,691080
2015-11-12,10.14696876762257,10.18609604714766,9.990460395812988,9.990460395812988,276240
2015-11-13,10.003499745632483,10.160008073198163,9.964372477168421,10.10783863067627,516720
2015-11-16,9.990459317626941,10.16000984888313,9.977417141289704,10.055671691894531,306120
2015-11-17,10.146966934204102,10.30347527773476,10.09479748636055,10.146966934204102,697560
2015-11-18,10.04262924194336,10.238264881372716,10.00350196479934,10.04262924194336,146760
2015-11-19,9.990459543049184,10.290434083318402,9.990459543049184,10.264348983764648,405240
2015-11-20,10.068716032315509,10.355648472417107,10.068716032315509,10.212182998657227,142680
2015-11-23,10.2252229287402,10.303477490456398,10.160011291503906,10.160011291503906,126720
2015-11-24,10.081756060692687,10.238264415861943,10.081756060692687,10.173052787780762,690600
2015-11-25,10.094798508191678,10.290434143980592,10.094798508191678,10.186095237731934,291840
2015-11-26,10.094798508191678,10.277391967272191,10.094798508191678,10.186095237731934,219120
2015-11-27,10.107841966757743,10.355647087097168,10.107841966757743,10.355647087097168,295320
2015-11-30,10.329561433358423,10.394773063272982,10.173053073789045,10.303476333618164,1561560
2015-12-01,10.355645159860213,10.355645159860213,10.186094633830935,10.238264083862305,462360
2015-12-02,10.303476185717887,10.407815836890466,10.199137280836025,10.225221633911133,269040
2015-12-03,10.225223274302618,10.290435660033578,10.094799995422363,10.094799995422363,519960
2015-12-04,10.173053250326511,10.173053250326511,10.04262924194336,10.04262924194336,326520
2015-12-07,10.107840413408878,10.342603319308113,9.990459333604612,10.173052787780762,294600
2015-12-08,10.238264690856264,10.238264690856264,10.10784068490008,10.186095237731934,183480
2015-12-09,10.199137140496953,10.329561142950018,10.173052787780762,10.173052787780762,335280
2015-12-10,10.238265853220106,10.238265853220106,10.14696911331481,10.160011291503906,812520
2015-12-11,10.238264399487958,10.238264399487958,10.003501493964178,10.055671691894531,475560
2015-12-14,10.00350046707765,10.173051727219645,10.00350046707765,10.0165433883667,278400
2015-12-15,10.003502436859096,10.160010806529975,9.977418081726002,10.029586791992188,330360
2015-12-16,10.00350196479934,10.107840872989566,9.990459787848248,10.04262924194336,391680
2015-12-17,10.016545376556826,10.394773750620233,9.990460275091708,10.290434837341309,1122240
2015-12-18,10.290433533893673,10.290433533893673,10.120883007864395,10.238264083862305,1169520
2015-12-21,10.14697116432397,10.17305627226556,10.055675152255803,10.12088680267334,182160
2015-12-22,10.042632225139528,10.212183561032466,10.029589298023252,10.12088680267334,360480
2015-12-23,10.199136809766108,10.251307006088156,10.173052457895764,10.238264083862305,539880
2015-12-28,10.199137280836025,10.303476185717887,10.173052927760917,10.225221633911133,320160
2015-12-29,10.27739464548362,10.355648472417107,10.212182998657227,10.212182998657227,839040
2015-12-30,10.329562730372396,10.49911328795587,10.329562730372396,10.355647087097168,486000
2015-12-31,10.407814902088779,10.420856331164273,10.25130655882314,10.368687629699707,244080
2016-01-04,10.251307613855388,10.433900326645178,10.186095237731934,10.186095237731934,254160
2016-01-05,10.303477627356806,10.420858725199917,10.212181632529287,10.355647087097168,790440
2016-01-06,10.407817840576172,10.51215676554509,10.212182169686736,10.407817840576172,522600
2016-01-07,10.433901101188912,10.538240015183,10.25130837484465,10.329562187194824,623040
2016-01-08,10.264349806230435,10.47302838050939,10.264349806230435,10.329562187194824,203640
2016-01-11,10.446946036487734,10.446946036487734,10.212183061657159,10.251310348510742,523680
2016-01-12,10.173054017263249,10.420858383178711,10.133926737169462,10.420858383178711,629760
2016-01-13,10.26435000909436,10.420858383178711,10.26435000909436,10.420858383178711,264720
2016-01-14,10.264351782407372,10.355648536302091,10.251310348510742,10.251310348510742,219360
2016-01-15,10.303479069260955,10.407818749634151,10.251310348510742,10.251310348510742,712680
2016-01-18,10.329561359503675,10.329561359503675,10.16001007813107,10.264348983764648,491400
2016-01-19,10.303477085550913,10.407816745835781,10.199138171556825,10.329562187194824,421320
2016-01-20,10.290435312267302,10.316520414936305,10.120884756936617,10.160011291503906,534120
2016-01-21,10.120883607899204,10.251307613855388,10.120883607899204,10.186095237731934,370680
2016-01-22,10.355645003543769,10.564323546809963,10.199136655812126,10.49911117553711,626280
2016-01-26,10.44694504974185,10.551283227678137,10.225223529750178,10.486071586608887,375000
2016-01-27,10.499113561518183,10.564325947610907,10.486071382815974,10.51215648651123,616320
2016-01-28,10.48606897680471,10.759959144452495,10.394772254255447,10.720831871032715,822960
2016-01-29,10.707792746341715,10.89038549717653,10.603453818352998,10.81213092803955,1585320
2016-02-02,10.694748333802057,10.7860450696725,10.525197785964647,10.66866397857666,694560
2016-02-03,10.681704316230986,10.681704316230986,10.368687629699707,10.368687629699707,332640
2016-02-04,10.368688416479577,10.668662950406892,10.355645493833086,10.629535675048828,574920
2016-02-05,10.407816478446888,10.707791035045892,10.407816478446888,10.433900833129883,783000
2016-02-08,10.433900833129883,10.433900833129883,10.433900833129883,10.433900833129883,0
2016-02-09,10.433900833129883,10.433900833129883,10.433900833129883,10.433900833129883,0
2016-02-10,10.681705275632677,10.681705275632677,10.26434890981451,10.225221633911133,128280
2016-02-11,10.225221161636451,10.355645159860213,10.199136809766108,10.238264083862305,374640
2016-02-12,10.303479005697808,10.355648472417107,10.173055712045024,10.212182998657227,487200
2016-02-15,10.199140135178682,10.420860183530781,10.199140135178682,10.251310348510742,664560
2016-02-16,10.238264690856264,10.368688696812448,10.173053061023534,10.186095237731934,355800
2016-02-17,10.173053547715462,10.342604091908363,10.173053547715462,10.316519737243652,353640
2016-02-18,10.316519744474887,10.433900833129883,10.316519744474887,10.433900833129883,603720
2016-02-19,10.303478169316396,10.55128330269029,10.303478169316396,10.407817840576172,424080
2016-02-22,10.407816072029073,10.616493140216619,10.407816072029073,10.45998477935791,905160
2016-02-23,10.56432324535442,10.629534868475773,10.368687629699707,10.368687629699707,375720
2016-02-24,10.368690483426064,10.499113765564566,10.30347809606596,10.486071586608887,142080
2016-02-25,10.499112458768911,10.56432483801221,10.316519737243652,10.316519737243652,1004400
2016-02-26,10.316520754366744,10.512156418803167,10.277393472221293,10.473029136657715,806520
2016-02-29,10.368689200131636,10.616493554783128,10.34260409915788,10.433900833129883,919200
2016-03-01,10.577365722548265,10.590407898286568,10.420856628525954,10.49911117553711,1347360
2016-03-02,10.564327717216901,10.6164964407644,10.45998803124901,10.551284790039062,1134960
2016-03-03,10.486070909818455,10.759961127955462,10.486070909818455,10.642580032348633,642720
2016-03-04,10.72083206932291,10.786043695368237,10.564323719039718,10.694746971130371,1603320
2016-03-07,10.707790720436606,10.87734125976673,10.707790720436606,10.759960174560547,1106400
2016-03-08,10.825171805642789,10.87734125976673,10.707790720436606,10.759960174560547,541080
2016-03-09,10.642579697592554,10.864299703718226,10.642579697592554,10.825172424316406,689400
2016-03-10,10.877340419606103,10.877340419606103,10.616492422843434,10.694746971130371,749880
2016-03-11,10.786043397486175,10.903425216674805,10.642577973406729,10.903425216674805,897720
2016-03-14,10.759958570329978,10.98167853072723,10.759958570329978,10.890381813049316,447840
2016-03-15,10.707792269502212,11.072978501200247,10.707792269502212,10.942554473876953,770040
2016-03-16,10.75996132942116,11.020808628037459,10.75996132942116,10.85125732421875,386880
2016-03-17,10.786045144914588,10.942553516231081,10.786045144914588,10.825172424316406,714960
2016-03-18,10.890381891289676,10.929509162902832,10.799085919246487,10.929509162902832,1500240
2016-03-21,10.786042997848346,11.020805881236654,10.786042997848346,10.929509162902832,633120
2016-03-22,10.929511682870231,10.955596785390203,10.681706567239125,10.877342224121094,752640
2016-03-23,10.759959465108858,10.994722366333008,10.759959465108858,10.994722366333008,587160
2016-03-24,10.851257121601122,10.916469504755648,10.707791669759096,10.877342224121094,862080
2016-03-25,10.786043397486175,10.95559466532842,10.786043397486175,10.903425216674805,30960
2016-03-28,10.79908840914279,10.929511682870231,10.79908840914279,10.877342224121094,99360
2016-03-29,10.81212727038521,10.968636355713421,10.81212727038521,10.890381813049316,469560
2016-03-30,10.955594180699613,11.072975248405143,10.877339638035508,10.890381813049316,1096200
2016-03-31,10.994721452031666,10.994721452031666,10.838213112994083,10.890381813049316,958680
2016-04-01,10.838215348310868,10.9816807956329,10.759960789507229,10.825172424316406,467760
2016-04-04,10.825170191689647,11.020805802059282,10.825170191689647,10.890381813049316,533640
2016-04-05,10.864298042711459,10.968636940970425,10.720831871032715,10.720831871032715,408120
2016-04-06,10.70778989337198,10.838213891753316,10.668662619228513,10.694746971130371,823800
2016-04-07,10.681704795179442,10.75995934346638,10.668662619228513,10.694746971130371,524280
2016-04-08,10.642578070483825,10.799086417872273,10.629535148483454,10.720831871032715,640560
2016-04-11,10.64258064151152,10.746918818685765,10.5773682546277,10.707792282104492,407520
2016-04-12,10.62953602143959,10.812128735242966,10.62953602143959,10.681705474853516,433680
2016-04-13,10.681705620229266,10.851256159559389,10.681705620229266,10.759960174560547,525720
2016-04-14,10.759961193040338,10.864300111164379,10.590409891370665,10.655621528625488,769560
2016-04-15,10.681705474853516,10.786044381681368,10.616493098368062,10.681705474853516,247320
2016-04-18,10.616495251487986,10.81213092803955,10.603453818352998,10.81213092803955,181320
2016-04-19,10.825171658314495,10.825171658314495,10.642578944511119,10.681705474853516,384600
2016-04-20,10.64257859769532,10.746916754832315,10.590408399690764,10.629535675048828,575640
2016-04-21,10.629536699447788,10.746917790543627,10.616493775544313,10.66866397857666,579120
2016-04-22,10.746917790543627,10.746917790543627,10.616493775544313,10.66866397857666,245160
2016-04-25,10.629535345085044,10.733874245273839,10.616492422843434,10.694746971130371,290880
2016-04-26,10.642582295120079,10.694751018667578,10.551284790039062,10.551284790039062,193680
2016-04-27,10.499113561518183,10.616494662419745,10.499113561518183,10.51215648651123,910200
2016-04-28,10.603452202598898,10.68170601352068,10.512155467947847,10.590409278869629,1056000
2016-04-29,10.642582295120079,10.65562372971599,10.446946596653099,10.551284790039062,425160
2016-05-03,10.616494248190081,10.629537172674226,10.486070973675105,10.538240432739258,589680
2016-05-04,10.486068999798807,10.49911117553711,10.394772277049347,10.49911117553711,1774080
2016-05-05,10.590410950263971,10.590410950263971,10.133927951256661,10.199139595031738,562080
2016-05-06,10.173052457895764,10.303475709828845,10.042628459672,10.238264083862305,609480
2016-05-09,10.238264083862305,10.277391357958502,10.068712811542346,10.238264083862305,344040
2016-05-10,10.173052787780762,10.251307338510742,10.081756060692687,10.173052787780762,726720
2016-05-11,10.351065542649437,10.364252167034355,10.047786008518008,10.27194881439209,1346160
2016-05-12,10.153276400401053,10.377439248750376,10.153276400401053,10.311509132385254,1483080
2016-05-13,10.33787891826452,10.377437282393194,10.219204580391539,10.27194881439209,623040
2016-05-16,10.192833550405467,10.403810501098633,10.192833550405467,10.403810501098633,1419840
2016-05-17,10.390624031331093,10.548856735229492,10.351065666728232,10.548856735229492,769680
2016-05-18,10.45655436767661,10.535670344122234,10.351065896073735,10.416996002197266,999120
2016-05-19,10.443368265963892,10.548856735229492,10.232391327432696,10.548856735229492,825480
2016-05-20,10.548856968957393,10.548856968957393,10.416996002197266,10.416996002197266,528600
2016-05-23,10.548856968957393,10.548856968957393,10.31150753059439,10.416996002197266,457920
2016-05-24,10.403810925061729,10.733462235325065,10.311508316743796,10.627974510192871,975000
2016-05-25,10.733461164156244,10.733461164156244,10.548856720456497,10.7070894241333,589200
2016-05-26,10.601601871127908,10.944439802643037,10.601601871127908,10.865323066711426,590640
2016-05-27,10.86532287047011,11.036742210388184,10.746648523229211,11.036742210388184,692280
2016-05-30,10.865322346310451,10.997183312616018,10.66753127410863,10.733461380004883,336720
2016-05-31,10.614787643857664,10.799392856311009,10.588415901800388,10.759835243225098,1530840
2016-06-01,10.654345189574366,10.865322127810105,10.627973449551423,10.7070894241333,433440
2016-06-02,10.667531059585839,10.838950387787161,10.654345189574366,10.7070894241333,472440
2016-06-03,10.812577627085776,10.812577627085776,10.641159057617188,10.641159057617188,782760
2016-06-06,10.733458072090462,10.786203045967813,10.62797038787425,10.68071460723877,849480
2016-06-07,10.68071789889833,10.812578110690836,10.68071789889833,10.733461380004883,753000
2016-06-08,10.773019790649414,10.865322392000147,10.759834674830394,10.773019790649414,455280
2016-06-09,10.852137033974921,10.852137033974921,10.522485733032227,10.522485733032227,452280
2016-06-10,10.614787056511215,10.667531292220382,10.482926844494832,10.575228691101074,407880
2016-06-13,10.575229216850481,10.575229216850481,10.364253018038161,10.522485733032227,418920
2016-06-14,10.443368887333886,10.601601600646973,10.443368887333886,10.601601600646973,649080
2016-06-15,10.548857362875943,10.627974096789034,10.535670737548367,10.601601600646973,1178760
2016-06-16,10.482926799486892,10.61478701093714,10.482926799486892,10.535670280456543,468000
2016-06-17,10.562043557382463,10.733461380004883,10.548856932592763,10.733461380004883,1105680
2016-06-20,10.627971608853505,10.812576020580929,10.627971608853505,10.7466459274292,534840
2016-06-21,10.641159455495904,10.825764656066895,10.641159455495904,10.825764656066895,323640
2016-06-23,10.799391160706381,10.825763653136036,10.707088568972072,10.786205291748047,540360
2016-06-24,10.74664857453195,10.799392812947818,10.443369015012426,10.720276832580566,690480
2016-06-27,10.614787601235726,10.733461949043155,10.509299124403988,10.720276832580566,265320
2016-06-28,10.562042714309184,10.852135609805016,10.562042714309184,10.812577247619629,627120
2016-06-29,10.812578031373926,10.838950526246805,10.667531195855727,10.825764656066895,612120
2016-06-30,10.680715630271218,10.878506660461426,10.680715630271218,10.878506660461426,806280
2016-07-01,10.852135021396373,10.852135021396373,10.733459941274841,10.79939079284668,226440
2016-07-04,10.812577295902129,10.99718248391627,10.79939142661912,10.85213565826416,431880
2016-07-05,10.865320038472618,10.95762337434267,10.838948303520803,10.878506660461426,172680
2016-07-06,10.878506660461426,10.878506660461426,10.878506660461426,10.878506660461426,0
2016-07-07,10.878506660461426,10.878506660461426,10.878506660461426,10.878506660461426,0
2016-07-08,10.91806651986295,10.91806651986295,10.641158737685565,10.693902969360352,1084800
2016-07-11,10.759834184267008,10.90488026033313,10.733460935779117,10.838950157165527,1013040
2016-07-12,10.838949740580889,10.852135609805016,10.759833770723116,10.812577247619629,599280
2016-07-13,10.878507566205238,10.99718189239502,10.773018354076255,10.99718189239502,702240
2016-07-14,10.983995109294483,10.99718097677039,10.838948303520803,10.878506660461426,661320
2016-07-15,10.95762337434267,11.063111068662826,10.825762436044897,10.878506660461426,702480
2016-07-18,10.812578700621161,11.023556409123549,10.812578700621161,10.918067932128906,361200
2016-07-19,10.891694699394124,11.010369039362969,10.865322204671573,10.944438934326172,597360
2016-07-20,10.825765309412304,10.825765309412304,10.667531839651595,10.720276832580566,1033920
2016-07-21,10.56204272502555,10.627972825726088,10.430181769111474,10.496111869812012,1675200
2016-07-22,10.54885738753178,10.627974121629789,10.443368911743164,10.443368911743164,1276920
2016-07-25,10.45655418146213,10.614786886048572,10.45655418146213,10.588415145874023,1843800
2016-07-26,10.575228428958855,10.575228428958855,10.469739960155406,10.509298324584961,1011120
2016-07-27,10.482927365655435,10.562044100409018,10.482927365655435,10.522485733032227,930480
2016-07-28,10.509298370626631,10.562043359772478,10.496112500596693,10.548856735229492,2076960
2016-07-29,10.562043359772478,10.61478683989223,10.443368265963892,10.548856735229492,824160
2016-08-01,10.496113125104914,10.601601600646973,10.469740628962853,10.601601600646973,834360
2016-08-02,10.509298416324276,10.614786886048572,10.496112546237002,10.588415145874023,1030560
2016-08-03,10.601599093206035,10.601599093206035,10.2983196091246,10.430180549621582,968160
2016-08-04,10.416994563508164,10.496111283540058,10.416994563508164,10.482925415039062,837840
2016-08-05,10.548858561001976,10.667532920837402,10.430184201166552,10.667532920837402,394560
2016-08-08,10.614785615666268,10.79939079284668,10.588413878647902,10.79939079284668,383880
2016-08-09,10.799392304770905,10.799392304770905,10.548856995456456,10.614787101745605,807840
2016-08-10,10.548856905212016,10.654345376177439,10.522485164727192,10.535670280456543,325320
2016-08-11,10.627973510648896,10.627973510648896,10.509298416324276,10.588415145874023,527880
2016-08-12,10.522485776137914,10.641160124241342,10.522485776137914,10.562044143676758,1115640
2016-08-15,10.496112500596693,10.65434520449509,10.496112500596693,10.548856735229492,344040
2016-08-16,10.548856995456456,10.641159596969105,10.535670370588173,10.614787101745605,342840
2016-08-17,10.535670415152016,10.654345512390137,10.469740308583994,10.654345512390137,366720
2016-08-18,10.535670415152016,10.654345512390137,10.509298674330035,10.654345512390137,854160
2016-08-19,10.667531074525028,10.667531074525028,10.509298370626631,10.548856735229492,593040
2016-08-22,10.54885678109915,10.601601015961297,10.469740051549403,10.588415145874023,216240
2016-08-23,10.482926676149729,10.601601015961297,10.482926676149729,10.588415145874023,868440
2016-08-24,10.496112546237002,10.667531120910718,10.496112546237002,10.588415145874023,666120
2016-08-25,10.575228200156706,10.641159057617188,10.56204308498285,10.641159057617188,821280
2016-08-26,10.49611327960765,10.667531866258502,10.430183170051647,10.562044143676758,526200
2016-08-29,10.469740006023768,10.601600969862291,10.469740006023768,10.548856735229492,290520
2016-08-30,10.588415729832489,10.641159967603517,10.548857362875943,10.601601600646973,2123400
2016-09-01,10.614787471461456,10.614787471461456,10.416996391191825,10.601601600646973,604200
2016-09-02,10.54885678109915,10.627973510648896,10.469740051549403,10.588415145874023,285840
2016-09-05,10.641160381520255,10.707090492670297,10.548857773202322,10.627974510192871,164280
2016-09-06,10.562040302296804,10.720272960390368,10.562040302296804,10.68071460723877,324360
2016-09-07,10.587956028646389,10.720471385747508,10.587956028646389,10.707220077514648,755040
2016-09-08,10.667465581600817,10.733723640441895,10.640962964670406,10.733723640441895,401040
2016-09-09,10.680717648323547,10.7469749489071,10.627710897947678,10.733723640441895,492240
2016-09-13,10.760226660470446,10.760226660470446,10.601208678158294,10.627711296081543,1302960
2016-09-14,10.720472158645695,10.720472158645695,10.601208859436593,10.667466163635254,1275720
2016-09-15,10.707219905855466,10.707219905855466,10.534950626817608,10.614459991455078,1138440
2016-09-19,10.601208686828613,10.62771130477354,10.53495138370875,10.601208686828613,1051440
2016-09-20,10.601211391066206,10.601211391066206,10.415690743355057,10.534954071044922,867720
2016-09-21,10.521698729224585,10.707220077514648,10.508447420991725,10.707220077514648,715320
2016-09-22,10.574704908515573,10.773477554321289,10.574704908515573,10.773477554321289,1277760
2016-09-23,10.68071763311949,10.786728858947754,10.667465566415625,10.786728858947754,849480
2016-09-26,10.68071746104893,10.707220077514648,10.667465394558562,10.707220077514648,362160
2016-09-27,10.66746539097,10.773478131569737,10.640962774513197,10.720471382141113,1082280
2016-09-28,10.66746539097,10.773478131569737,10.66746539097,10.720471382141113,203640
2016-09-29,10.667464819401767,10.773477554321289,10.667464819401767,10.773477554321289,712200
2016-09-30,10.68071745745591,10.773478131569737,10.68071745745591,10.720471382141113,813240
2016-10-04,10.78673061270004,10.78673061270004,10.667467300777577,10.693970680236816,833400
2016-10-05,10.68071936963602,10.707221990837613,10.61446205837439,10.693970680236816,563760
2016-10-06,10.733724226091478,10.733724226091478,10.627711477813031,10.667466163635254,238320
2016-10-07,10.601208678158294,10.69396935740477,10.601208678158294,10.627711296081543,622560
2016-10-10,10.667465216731927,10.733723273306719,10.614459984684089,10.640962600708008,223680
2016-10-11,10.601208859436593,10.707220849457475,10.574706241060154,10.667466163635254,394080
2016-10-12,10.746974760470735,10.760226068703595,10.627710711602475,10.707220077514648,536520
2016-10-13,10.64096294952294,10.813232992355482,10.614460332630253,10.786728858947754,509160
2016-10-14,10.826483187647934,10.826483187647934,10.640962600708008,10.640962600708008,423000
2016-10-17,10.746975360298357,10.746975360298357,10.574706068883689,10.601208686828613,426960
2016-10-18,10.574706241060154,10.733724226091478,10.574706241060154,10.667466163635254,608400
2016-10-19,10.733724042547195,10.786729278393695,10.627711296081543,10.627711296081543,585960
2016-10-20,10.69396935740477,10.720471975328019,10.627711296081543,10.627711296081543,157800
2016-10-21,10.614460931427109,10.680718235654139,10.601208863975652,10.654214859008789,560040
2016-10-24,10.614459984684089,10.733723273306719,10.614459984684089,10.640962600708008,320400
2016-10-25,10.627710155730272,10.693968209944023,10.508446871357474,10.587955474853516,171000
2016-10-26,10.54820155223423,10.601207540650748,10.534950244694468,10.587955474853516,570240
2016-10-27,10.614460754058628,10.614460754058628,10.481945389561346,10.601208686828613,295080
2016-10-28,10.654214680976017,10.654214680976017,10.561454001653674,10.601208686828613,689040
2016-10-31,10.654212190904898,10.680715560913086,10.495194245627898,10.680715560913086,488640
2016-11-01,10.561453635517948,10.640963003111462,10.521698951721191,10.521698951721191,204000
2016-11-02,10.561454001653674,10.601208686828613,10.508448007506273,10.601208686828613,454080
2016-11-03,10.601207540650748,10.61445960644798,10.54820155223423,10.587955474853516,575280
2016-11-04,10.534951559748622,10.654214859008789,10.495196873909379,10.654214859008789,507840
2016-11-07,10.548202692681212,10.640963372003554,10.508448007506273,10.601208686828613,301680
2016-11-08,10.667466163635254,10.707220849457475,10.574706241060154,10.667466163635254,212640
2016-11-09,10.707220675123418,10.707220675123418,10.362681334036528,10.601208686828613,505200
2016-11-10,10.667464836607028,10.707219517483784,10.534950244694468,10.587955474853516,482400
2016-11-11,10.574706068883689,10.640963372003554,10.402436019211468,10.601208686828613,1361760
2016-11-14,10.707221531991356,10.707221531991356,10.322927474975586,10.322927474975586,855240
2016-11-15,10.322928180890646,10.508449567068618,10.322928180890646,10.48194694519043,384000
2016-11-16,10.415686960321668,10.587955474853516,10.402434894524438,10.587955474853516,681840
2016-11-17,10.601208503763344,10.667465805739056,10.52169913478646,10.561453819274902,474600
2016-11-18,10.521698955612704,10.667465624083043,10.48194503005877,10.508447647094727,558480
2016-11-21,10.481944849752132,10.548202149459815,10.428938100076971,10.45544147491455,402720
2016-11-22,10.442189992081627,10.534950665076382,10.36268062715541,10.375932693481445,264360
2016-11-23,10.362682696830579,10.548204079873138,10.362682696830579,10.442192077636719,374880
2016-11-24,10.45544225176474,10.54820293320222,10.402436256408691,10.402436256408691,159240
2016-11-25,10.415687546399427,10.508447462654717,10.40243547985652,10.468692779541016,231840
2016-11-28,10.481944256277949,10.667464836607028,10.481944256277949,10.587955474853516,427440
2016-11-29,10.667465451841531,10.680717518403062,10.415687561035156,10.415687561035156,469200
2016-11-30,10.521697435521007,10.601206791657045,10.150655542820136,10.362679481506348,1882200
2016-12-01,10.349430025064066,10.601208686828613,10.349430025064066,10.601208686828613,231960
2016-12-02,10.574706068883689,10.72047198409588,10.561454001653674,10.601208686828613,321240
2016-12-05,10.534950665076382,10.548201973144918,10.375932693481445,10.375932693481445,645480
2016-12-06,10.389183951981453,10.601208686828613,10.389183951981453,10.601208686828613,188640
2016-12-07,10.601211391066206,10.601211391066206,10.481948063376343,10.534954071044922,257760
2016-12-08,10.601208686828613,10.654214680976017,10.548202692681212,10.601208686828613,403920
2016-12-09,10.587956252544103,10.587956252544103,10.468692959411356,10.521698951721191,228360
2016-12-13,10.574705886276075,10.667465805739056,10.534951201787633,10.561453819274902,646920
2016-12-14,10.614459826831698,10.640962442461486,10.389183044433594,10.389183044433594,656880
2016-12-15,10.389183595660343,10.508447647094727,10.389183595660343,10.508447647094727,470160
2016-12-16,10.455441300150163,10.627710579813636,10.375932693481445,10.375932693481445,1211040
2016-12-19,10.481946768039789,10.508449389470067,10.389185318260857,10.442192077636719,441480
2016-12-20,10.481944846083923,10.521698770940114,10.428938096427313,10.468692779541016,450360
2016-12-21,10.508447462654717,10.54820214576842,10.442190162970222,10.468692779541016,389040
2016-12-22,10.521698770940114,10.521698770940114,10.415687546399427,10.468692779541016,202200
2016-12-23,10.442190933181998,10.508448237753607,10.428938865661621,10.428938865661621,1073160
2016-12-27,10.50844956074802,10.50844956074802,10.375934934921455,10.495198249816895,117600
2016-12-28,10.495196334695036,10.534951018491794,10.468692959411356,10.521698951721191,342120
2016-12-29,10.53495138370875,10.601208686828613,10.468693322331333,10.601208686828613,240600
2016-12-30,10.614460390011129,10.667465624083043,10.468692963283265,10.508447647094727,222360
2017-01-02,10.508447647094727,10.508447647094727,10.508447647094727,10.508447647094727,0
2017-01-03,10.508447826042826,10.601208503763344,10.455441832810749,10.561453819274902,162360
2017-01-04,10.627710164536042,10.640962230344254,10.508446880064426,10.548201560974121,75360
2017-01-05,10.640963372003554,10.640963372003554,10.53495138370875,10.601208686828613,347880
2017-01-06,10.521699487792148,10.667466163635254,10.521699487792148,10.667466163635254,395880
2017-01-09,10.667466168202681,10.786729467462848,10.587956796524194,10.654214859008789,475320
2017-01-10,10.693969307853381,10.852987289428711,10.64096331399494,10.852987289428711,484680
2017-01-11,10.773479451219726,10.813234139032016,10.680718765743586,10.799982070922852,651120
2017-01-12,10.826484690625975,10.879491446547428,10.720472695298273,10.799982070922852,792600
2017-01-13,10.813234139032016,10.826484690625975,10.733724763407437,10.799982070922852,256680
2017-01-16,10.667464628536544,10.799979976121843,10.667464628536544,10.760225296020508,321960
2017-01-17,10.81323204166059,10.82648259068443,10.680716694075292,10.760225296020508,359160
2017-01-18,10.78672810358221,10.839734850170704,10.707219500214403,10.773477554321289,181560
2017-01-19,10.83973621611236,10.83973621611236,10.56145417361437,10.667466163635254,323880
2017-01-20,10.667466163635254,10.667466163635254,10.574706241060154,10.667466163635254,186480
2017-01-23,10.77347621855568,10.826481442057306,10.574703597395086,10.680715560913086,209520
2017-01-24,10.69396931206967,10.839735984802246,10.680718003164221,10.839735984802246,386520
2017-01-25,10.852987285160165,10.866238594055176,10.78672922417001,10.866238594055176,424680
2017-01-26,10.879490661207734,10.972251339987913,10.852987285160165,10.866238594055176,644520
2017-01-27,10.932495926516104,10.932495926516104,10.601207918414632,10.640962600708008,180960
2017-01-31,10.640962204364989,10.972250200127004,10.62771013858913,10.773477554321289,673680
2017-02-02,10.786729462844356,10.905993520311021,10.667466163635254,10.667466163635254,560160
2017-02-03,10.733723992811601,10.852987289428711,10.707220616753606,10.852987289428711,447480
2017-02-06,10.852989364962172,10.90599536895752,10.799983360966822,10.90599536895752,625680
2017-02-07,10.905993278997759,10.972251339987913,10.839735976265152,10.866238594055176,1610160
2017-02-08,10.866239378438264,10.866239378438264,10.773479451219726,10.799982070922852,1366800
2017-02-10,10.905993278997759,10.905993278997759,10.78672922417001,10.866238594055176,418560
2017-02-13,10.932498750084042,10.95900137295287,10.866240676396584,10.90599536895752,1436280
2017-02-14,10.879490661207734,10.892741970102747,10.852987285160165,10.866238594055176,1952040
2017-02-15,10.879490661207734,10.998753957777938,10.852987285160165,10.866238594055176,433080
2017-02-16,10.919244596492485,10.932496663655481,10.839735984802246,10.839735984802246,1495200
2017-02-17,10.839735984802246,10.866238602613143,10.799981299828353,10.839735984802246,96600
2017-02-20,10.866238594055176,10.866238594055176,10.852987285160165,10.866238594055176,144480
2017-02-21,10.90599309504554,10.95899908798908,10.826483726501465,10.826483726501465,1135560
2017-02-22,10.839735793430501,10.892741786374039,10.813233176087497,10.826483726501465,146760
2017-02-23,10.892741786374039,10.972251154918116,10.813233176087497,10.826483726501465,910320
2017-02-24,10.919245376102115,10.919245376102115,10.733724763407437,10.799982070922852,340440
2017-02-27,10.919244952230699,10.972251706094495,10.87949102421921,10.945748329162598,537000
2017-02-28,10.852987642622184,10.985502252451997,10.826484265701676,10.958999633789062,1894080
2017-03-01,10.932494351547755,10.998751640319824,10.892739674981557,10.998751640319824,226800
2017-03-02,10.985503904704403,11.131271362304688,10.985503904704403,11.131271362304688,862560
2017-03-03,11.104766311207916,11.118017620539383,10.93249701512613,10.958999633789062,965760
2017-03-06,10.94574944190663,11.06501275458054,10.94574944190663,11.02525806427002,916560
2017-03-07,11.131269263739066,11.263783868516645,11.091514579002775,11.118017196655273,2029200
2017-03-08,11.118017568914881,11.171024322509766,11.065011573577564,11.171024322509766,1096200
2017-03-09,11.091515361062333,11.171024736141097,10.958999988683589,11.05176067352295,1280040
2017-03-10,11.065013885498047,11.13127196220681,11.038511261420723,11.065013885498047,423360
2017-03-13,10.99875656704701,11.184277210361458,10.99875656704701,11.065013885498047,223800
2017-03-14,11.13127196220681,11.184277210361458,11.051762573459385,11.065013885498047,1815120
2017-03-15,11.065014065658714,11.19752946297613,11.012008816641034,11.091517448425293,1364640
2017-03-16,11.171023948475357,11.184274499044063,11.104765887829025,11.118017196655273,1110840
2017-03-17,11.171025091879617,11.171025091879617,11.104767024451474,11.144521713256836,1450920
2017-03-20,11.14452345570071,11.14452345570071,10.972254121620034,11.091517448425293,416880
2017-03-21,11.13127214344629,11.19752946297613,11.078266136170873,11.091517448425293,2213880
2017-03-22,11.14452098791367,11.14452098791367,10.985502243041992,10.985502243041992,1091160
2017-03-23,11.091512299555154,11.091512299555154,10.958996963753627,10.998751640319824,1600080
2017-03-24,10.95899962440176,11.118017611015867,10.95899962440176,10.985502243041992,815160
2017-03-27,10.985500715124683,11.06501007650197,10.985500715124683,11.038507461547852,1512480
2017-03-28,11.118019891910421,11.13127196220681,11.0120086373434,11.065013885498047,556200
2017-03-29,11.144523274245472,11.144523274245472,11.051762573459385,11.065013885498047,1700040
2017-03-30,11.065011144199337,11.383047103881836,11.051759835443619,11.383047103881836,1671120
2017-03-31,11.369799555314545,11.369799555314545,10.998756746128874,11.091517448425293,877920
2017-04-03,11.091517267833098,11.091517267833098,11.0120086373434,11.065013885498047,902160
2017-04-04,11.065013885498047,11.065013885498047,11.025259191124334,11.065013885498047,404400
2017-04-05,11.065011983283545,11.065011983283545,11.038509363762355,11.05176067352295,795120
2017-04-06,11.104767648062676,11.104767648062676,11.012007713317871,11.012007713317871,236280
2017-04-07,11.184276067254451,11.184276067254451,10.99875544290144,11.02525806427002,552960
2017-04-10,11.13127082451729,11.17102551482781,11.012007511843379,11.02525806427002,84600
2017-04-11,10.998754320041037,11.02525693870397,10.879491019542689,10.958999633789062,530160
2017-04-12,11.038507461547852,11.118016064667673,11.025255395813327,11.038507461547852,1178760
2017-04-13,11.078264051301737,11.078264051301737,11.025257295744163,11.05176067352295,3144000
2017-04-14,11.065008929091894,11.065008929091894,10.972249028113952,10.998751640319824,1759920
2017-04-17,11.051759894266484,11.131269263739066,11.051759894266484,11.118017196655273,560520
2017-04-18,11.144522821107394,11.330044215136239,11.131271509607533,11.224031448364258,1753920
2017-04-19,11.237279514044065,11.237279514044065,11.118015478268495,11.157770156860352,2351400
2017-04-20,11.25053292705605,11.25053292705605,11.157772245728287,11.197526931762695,2646600
2017-04-21,11.21077899927921,11.237281617797104,11.197526931762695,11.197526931762695,2577360
2017-04-24,11.21077823638916,11.21077823638916,11.21077823638916,11.21077823638916,0
2017-04-25,11.277035875578543,11.449305164175511,11.263783808565284,11.383047103881836,2224080
2017-04-26,11.436054056128675,11.436054056128675,11.343293376695561,11.369796752929688,1186800
2017-04-27,11.396300742852068,11.396300742852068,11.250534051660104,11.263785362243652,880680
2017-04-28,11.224029550280589,11.330042299124864,11.171024313244802,11.197526931762695,1069920
2017-05-02,11.369796985159272,11.369796985159272,11.157772245728287,11.197526931762695,531840
2017-05-03,11.383049461135684,11.396301530893242,11.210780895122094,11.224031448364258,230040
2017-05-04,11.263785362243652,11.34329474226023,11.210780119909458,11.263785362243652,584760
2017-05-05,11.26378345861257,11.29028683355812,11.197526158634973,11.250532150268555,1111560
2017-05-08,11.356544486370398,11.383047103881836,11.224029124040587,11.383047103881836,701040
2017-05-09,11.369797335935777,11.369797335935777,11.210779345149753,11.316790580749512,914640
2017-05-11,11.430558750638934,11.47071309343662,11.256557619689477,11.377019882202148,1799160
2017-05-12,11.43056077465217,11.457330596550896,11.350252840717031,11.417176246643066,1676640
2017-05-15,11.417175111792428,11.577791729578166,11.417175111792428,11.443944931030273,598560
2017-05-16,11.564407202899467,11.564407202899467,11.430559638471127,11.443944931030273,917040
2017-05-17,11.443946068541795,11.443946068541795,11.189636206966235,11.417176246643066,478320
2017-05-18,11.537638530486035,11.537638530486035,11.296713196919576,11.417176246643066,630120
2017-05-19,11.430560374100915,11.497483777681811,11.350252442979938,11.36363697052002,831000
2017-05-22,11.363637078729203,11.43056048294737,11.363637078729203,11.403791427612305,611280
2017-05-23,11.377019882202148,11.403789699360734,11.336865539404464,11.377019882202148,615120
2017-05-24,11.403791319020755,11.403791319020755,11.296712801058627,11.36363697052002,1084440
2017-05-25,11.403791877198817,11.403791877198817,11.26994429760513,11.310098648071289,1049040
2017-05-26,11.296713353995548,11.377022054927865,11.26994429760513,11.310098648071289,894000
2017-05-29,11.256561091942263,11.31009997689391,11.243176562174508,11.283330917358398,378840
2017-05-31,11.37702135843665,11.37702135843665,11.203020204909535,11.24317455291748,2128200
2017-06-01,11.12271092846106,11.336865638193961,11.055786767921612,11.189634323120117,615240
2017-06-02,11.39040697524357,11.39040697524357,11.203020523137337,11.336867332458496,651960
2017-06-05,11.243173094050379,11.377019882202148,11.243173094050379,11.377019882202148,1236360
2017-06-06,11.283329039399042,11.377021498060099,11.283329039399042,11.36363697052002,359880
2017-06-07,11.363637153851032,11.377021681607047,11.310098276946468,11.336867332458496,798480
2017-06-08,11.336867149559364,11.36363697052002,11.310098094479203,11.36363697052002,309120
2017-06-09,11.296712983309945,11.377021681607047,11.296712983309945,11.336867332458496,418080
2017-06-13,11.256559769409922,11.336867704461707,11.256559769409922,11.310098648071289,1437360
2017-06-14,11.37702253582019,11.37702253582019,11.243175716449501,11.323484420776367,1341840
2017-06-15,11.296713831493324,11.37702253582019,11.256560245210459,11.323484420776367,415920
2017-06-16,11.377019568493983,11.51086711883545,11.323481467413837,11.51086711883545,1950120
2017-06-19,11.403791877198817,11.430560933589234,11.310098648071289,11.310098648071289,627000
2017-06-20,11.310098094479203,11.377021498060099,11.310098094479203,11.36363697052002,819480
2017-06-21,11.36363697052002,11.377021498060099,11.13609617293618,11.36363697052002,1651080
2017-06-22,11.363638004591905,11.363638004591905,11.283330066163042,11.296713829040527,786720
2017-06-23,11.22978984089275,11.336867597202412,11.22978984089275,11.269944190979004,768480
2017-06-26,11.283330917358398,11.283330917358398,11.283330917358398,11.283330917358398,0
2017-06-27,11.283330917358398,11.283330917358398,11.283330917358398,11.283330917358398,0
2017-06-28,11.37702135843665,11.37702135843665,11.189635677533715,11.24317455291748,885360
2017-06-29,11.296712983309945,11.350252626095019,11.296712983309945,11.336867332458496,264120
2017-06-30,11.336866529709734,11.484099388122559,11.203019729866092,11.484099388122559,1890600
2017-07-03,11.336865539404464,11.377019882202148,11.336865539404464,11.377019882202148,391320
2017-07-04,11.310098276946468,11.350252626095019,11.296712983309945,11.336867332458496,987120
2017-07-05,11.269943927797916,11.336867332458496,11.243174872285888,11.336867332458496,1041360
2017-07-06,11.336868181195241,11.363638004591905,11.296713829040527,11.296713829040527,812040
2017-07-07,11.256559263517499,11.296712846298542,11.189635859668595,11.216404914855957,987240
2017-07-10,11.243174735923818,11.243174735923818,11.216404914855957,11.216404914855957,479280
2017-07-11,11.176248957986845,11.243173118086188,11.176248957986845,11.229787826538086,652200
2017-07-12,11.17625038427741,11.24317455291748,11.17625038427741,11.24317455291748,208200
2017-07-13,11.256557717779174,11.256557717779174,11.136094688336401,11.189634323120117,616680
2017-07-14,11.229788375256655,11.229788375256655,11.109326106600337,11.176249504089355,598800
2017-07-17,11.216405890611664,11.363638004591905,11.136097186302235,11.296713829040527,957120
2017-07-18,11.377021947288666,11.377021947288666,11.18963625668702,11.269944190979004,1324920
2017-07-19,11.189634323120117,11.269942243534906,11.189634323120117,11.189634323120117,380400
2017-07-20,11.20301884887585,11.243173192023441,11.17624903148399,11.189634323120117,745680
2017-07-21,11.189635677533715,11.24317455291748,11.109326981517825,11.24317455291748,234360
2017-07-24,11.24317455291748,11.24317455291748,11.16286585690159,11.24317455291748,118800
2017-07-25,11.229787826538086,11.243173118086188,11.176248957986845,11.229787826538086,343560
2017-07-26,11.296711220757041,11.296711220757041,11.20301877520266,11.229787826538086,1649280
2017-07-27,11.16286585690159,11.29671266242076,11.16286585690159,11.24317455291748,960840
2017-07-28,11.162866434669342,11.283329484928107,11.162866434669342,11.269944190979004,188640
2017-07-31,11.26994562171002,11.31009997689391,11.26994562171002,11.283330917358398,536520
2017-08-01,11.229787826538086,11.283327460969716,11.176248957986845,11.229787826538086,444960
2017-08-02,11.336867704461707,11.336867704461707,11.216405418943763,11.310098648071289,521040
2017-08-03,11.283330068612935,11.336868183656758,11.256560245210459,11.323484420776367,536520
2017-08-04,11.323484420776367,11.336868183656758,11.22979042180798,11.323484420776367,864240
2017-08-07,11.32348357058299,11.336867332458496,11.296712983309945,11.336867332458496,504240
2017-08-08,11.377022054927865,11.377022054927865,11.296713353995548,11.310098648071289,611520
2017-08-09,11.243176562174508,11.377023391613312,11.229791266526128,11.283330917358398,680400
2017-08-10,11.26994562171002,11.29671468124553,11.26994562171002,11.283330917358398,476280
2017-08-11,11.229789706708853,11.31009840592176,11.149481773376465,11.149481773376465,279600
2017-08-14,11.203020542499225,11.203020542499225,11.095942022624524,11.10932731628418,316440
2017-08-15,11.109326836660873,11.122712129742647,10.975479267006486,11.095941543579102,527880
2017-08-16,11.069172275015047,11.082557567837847,11.042403221130371,11.042403221130371,1093800
2017-08-17,11.109327364470875,11.149481713862993,10.9353254390652,10.962095260620117,1052040
2017-08-18,10.988866328561105,11.002250857916415,10.962096503969885,10.975481033325195,131280
2017-08-21,10.988865140831168,11.229789706708853,10.988865140831168,11.149481773376465,252240
2017-08-22,11.122714042663574,11.149483101669997,11.109328747279754,11.122714042663574,214920
2017-08-23,11.28333060833401,11.28333060833401,11.082559603793834,11.162867546081543,308040
2017-08-24,11.0825570539569,11.229788375256655,11.0825570539569,11.176249504089355,1433400
2017-08-25,11.095940814398194,11.176249504089355,11.095940814398194,11.176249504089355,749640
2017-08-28,11.055787235433039,11.243173667458798,11.055787235433039,11.176249504089355,762480
2017-08-29,11.243175000498017,11.243175000498017,11.069173074163558,11.149481773376465,1739040
2017-08-30,11.109328662596203,11.203021900165698,11.109328662596203,11.162867546081543,1335120
2017-08-31,11.162867546081543,11.162867546081543,11.162867546081543,11.162867546081543,0
2017-09-01,11.162867546081543,11.162867546081543,11.162867546081543,11.162867546081543,0
2017-09-04,11.162867546081543,11.162867546081543,11.162867546081543,11.162867546081543,0
2017-09-05,11.095941688261519,11.37702135843665,11.095941688261519,11.24317455291748,355080
2017-09-06,11.243173667458798,11.243173667458798,11.149480451445918,11.176249504089355,494640
2017-09-07,11.230048836468438,11.35109097672016,11.216599880788726,11.25694751739502,1698240
2017-09-08,11.377988685473689,11.377988685473689,11.256945794184029,11.310742378234863,336360
2017-09-11,11.23004711737509,11.324191331855813,11.23004711737509,11.310742378234863,349080
2017-09-12,11.203148974270535,11.351089000120432,11.203148974270535,11.324191093444824,1054560
2017-09-13,11.364538723025262,11.364538723025262,11.27039451052658,11.324191093444824,781440
2017-09-14,11.216597266504877,11.324190425999847,11.216597266504877,11.24349594116211,541560
2017-09-15,11.243495467624626,11.297292045106383,11.20314784212157,11.270393371582031,2337240
2017-09-18,11.256946858979752,11.256946858979752,11.17625236005412,11.230048179626465,115200
2017-09-19,11.23004937441477,11.283845969277762,11.189701735875728,11.21660041809082,577440
2017-09-20,11.32419252677937,11.32419252677937,11.256946982011868,11.297294616699219,355920
2017-09-21,11.364541536687112,11.364541536687112,11.297295983782242,11.33764362335205,262200
2017-09-22,11.33764362335205,11.33764362335205,11.33764362335205,11.33764362335205,0
2017-09-25,11.364538723025262,11.364538723025262,11.203148974270535,11.324191093444824,272520
2017-09-26,11.297294616699219,11.310743571739295,11.28384489209202,11.297294616699219,231840
2017-09-27,11.36454051712612,11.404888153076172,11.297294970254132,11.404888153076172,162600
2017-09-28,11.283843463864386,11.351089000120432,11.27039451052658,11.324191093444824,387960
2017-09-29,11.33764362335205,11.33764362335205,11.256948344212434,11.33764362335205,416280
2017-10-02,11.324192465628185,11.364540100097656,11.283844831158714,11.364540100097656,496560
2017-10-03,11.310742378234863,11.3645389622857,11.189699486945203,11.310742378234863,1601880
2017-10-04,11.337642245747116,11.351090431213379,11.230048296778659,11.351090431213379,1235280
2017-10-05,11.351089239097709,11.351089239097709,11.270394747804977,11.310742378234863,802440
2017-10-06,11.324191331855813,11.324191331855813,11.283843701425926,11.310742378234863,982680
2017-10-09,11.310742378234863,11.324191331855813,11.23004711737509,11.310742378234863,1323360
2017-10-10,11.270394087633143,11.351088574199133,11.270394087633143,11.283843040466309,1867200
2017-10-11,11.351088574199133,11.351088574199133,11.256945134799976,11.283843040466309,1323120
2017-10-12,11.337640390932965,11.337640390932965,11.216597506733482,11.283843040466309,471000
2017-10-13,11.337640816349653,11.337640816349653,11.230046880946144,11.324191093444824,140640
2017-10-16,11.33764225138657,11.36454016146672,11.203150392284442,11.297294616699219,557520
2017-10-17,11.297293424613915,11.310742378234863,11.203149210133194,11.310742378234863,195720
2017-10-18,11.310742378234863,11.310742378234863,11.310742378234863,11.310742378234863,0
2017-10-19,11.337640148111953,11.337640148111953,11.230046219050003,11.24349594116211,348480
2017-10-20,11.283844405471793,11.283844405471793,11.122454643249512,11.122454643249512,66120
2017-10-23,11.176250408869498,11.256944893707235,11.176250408869498,11.24349594116211,91920
2017-10-24,11.297295695168906,11.297295695168906,11.149354097336685,11.21660041809082,213480
2017-10-25,11.16280382322783,11.23004937441477,11.109007228364838,11.21660041809082,216600
2017-10-26,11.13590520229666,11.230048660143638,10.98796361387405,11.203150749206543,481560
2017-10-27,11.203150392284442,11.310743571739295,11.082107488222391,11.297294616699219,665760
2017-10-30,11.243495467624626,11.297292045106383,11.12245259111546,11.270393371582031,647880
2017-10-31,11.283843040466309,11.297292762866471,11.162800925833823,11.283843040466309,571800
2017-11-01,11.310742378234863,11.310742378234863,11.270394747804977,11.310742378234863,209640
2017-11-02,11.310743571739295,11.310743571739295,11.203150392284442,11.297294616699219,225120
2017-11-03,11.297293186769215,11.324191093444824,11.283843463864386,11.324191093444824,172680
2017-11-06,11.337640816349653,11.351089000120432,11.297293186769215,11.324191093444824,275400
2017-11-07,11.283843040466309,11.337640390932965,11.24349618196681,11.283843040466309,116640
2017-11-08,11.283843040466309,11.337640390932965,11.270394087633143,11.283843040466309,711600
2017-11-09,11.17625236005412,11.297294493226126,11.149352911133718,11.230048179626465,141720
2017-11-10,11.122453059555033,11.324190425999847,11.122453059555033,11.24349594116211,358200
2017-11-13,11.24349594116211,11.270393846252361,11.162800686757391,11.24349594116211,401040
2017-11-14,11.230046219050003,11.256944893707235,11.109004107009907,11.24349594116211,321480
2017-11-15,11.162802635593918,11.243497904086665,11.068658412208086,11.230048179626465,599880
2017-11-16,11.109006521792418,11.21659970467509,11.09555756632387,11.203150749206543,700440
2017-11-17,11.13590288354307,11.20314841645087,11.041758675731954,11.162800788879395,473400
2017-11-20,11.082106955425667,11.18970012970774,11.082106955425667,11.135904312133789,295800
2017-11-21,11.149353027444096,11.351090431213379,10.974515072875832,11.351090431213379,396120
2017-11-22,11.25694734064788,11.391438434467647,11.162803113233753,11.203150749206543,532320
2017-11-23,11.109003639136757,11.297292045106383,11.109003639136757,11.270393371582031,74040
2017-11-24,11.324190529598312,11.324190529598312,11.109004208639757,11.162800788879395,143400
2017-11-27,11.176251941825225,11.270395392120982,11.095556676352192,11.18970012664795,145680
2017-11-28,11.256946437731171,11.256946437731171,11.122454585131813,11.18970012664795,655440
2017-11-29,11.283843811017583,11.283843811017583,11.095556149794483,11.176251411437988,280560
2017-11-30,11.243498385179333,11.25694734064788,11.109006521792418,11.203150749206543,2235000
2017-12-01,11.203150749206543,11.203150749206543,11.203150749206543,11.203150749206543,0
2017-12-04,11.203150925109016,11.337642790607608,11.203150925109016,11.25694751739502,775440
2017-12-05,11.32419252677937,11.32419252677937,11.230048302364594,11.297294616699219,204600
2017-12-06,11.337640390932965,11.351088574199133,11.270394087633143,11.283843040466309,540360
2017-12-07,11.283843701425926,11.324191331855813,11.283843701425926,11.310742378234863,1098960
2017-12-08,11.310743571739295,11.310743571739295,11.270395937051944,11.297294616699219,834360
2017-12-11,11.297293424613915,11.351089239097709,11.149351856515317,11.310742378234863,443160
2017-12-12,11.283843463864386,11.351089000120432,11.203148974270535,11.324191093444824,629760
2017-12-13,11.324193897117304,11.33764362335205,11.310744940449773,11.33764362335205,478800
2017-12-14,11.351090375563086,11.404887734567126,11.310743510660734,11.364540100097656,712680
2017-12-15,11.18970060725232,11.377989824632225,11.18970060725232,11.364540100097656,2632080
2017-12-18,11.256945504955223,11.418335252961082,11.256945504955223,11.391436576843262,310320
2017-12-19,11.36454051712612,11.41833710853714,11.36454051712612,11.404888153076172,1139400
2017-12-20,11.364538379644726,11.4183349609375,11.364538379644726,11.4183349609375,197760
2017-12-21,11.391436576843262,11.418335252961082,11.391436576843262,11.391436576843262,121560
2017-12-22,11.24349796625636,11.364540100097656,11.24349796625636,11.364540100097656,198120
2017-12-25,11.364540100097656,11.364540100097656,11.364540100097656,11.364540100097656,0
2017-12-26,11.364540274029551,11.835260631198675,11.364540274029551,11.82181167602539,315240
2017-12-27,11.82181185823193,11.82181185823193,11.539379947404258,11.673871040344238,150840
2017-12-28,11.646970906127114,11.768013020579074,11.552825927734375,11.552825927734375,84600
2017-12-29,11.687319154408469,11.741116511192407,11.566277025562325,11.593174934387207,209040
2018-01-02,11.593175531661418,11.593175531661418,11.458684441473922,11.48558235168457,308280
2018-01-03,11.620071025230803,11.620071025230803,11.485579202353666,11.51247787475586,669360
2018-01-04,11.59317445801259,11.673869720305566,11.49903101142686,11.566276550292969,626520
2018-01-05,11.66041975497046,11.673868707663651,11.59317345237053,11.63352108001709,522360
2018-01-08,11.687320172214575,11.754565719700038,11.552828307676497,11.727667808532715,516000
2018-01-09,11.768014010050797,11.768014010050797,11.633522161910465,11.70076847076416,1736040
2018-01-10,11.768014065054665,11.768014065054665,11.660420893866332,11.687318801879883,1075200
2018-01-11,11.714217424708076,11.714217424708076,11.566276622623828,11.70076847076416,1964280
2018-01-12,11.7142174794605,11.727666433467274,11.633522216285716,11.687318801879883,601800
2018-01-15,11.70076847076416,11.70076847076416,11.67386979330927,11.70076847076416,801000
2018-01-16,11.687318509067422,11.714217185974121,11.673869555397594,11.714217185974121,1176360
2018-01-17,11.70076847076416,11.714217424708076,11.687318747253185,11.70076847076416,2403120
2018-01-18,11.687318747253185,11.714217424708076,11.687318747253185,11.70076847076416,1601880
2018-01-19,11.76801526714251,11.76801526714251,11.633523404635387,11.673871040344238,2141280
2018-01-22,11.74111735638137,11.74111735638137,11.646973129583099,11.673871040344238,1922400
2018-01-23,11.7142174794605,11.7142174794605,11.633522216285716,11.687318801879883,1843080
2018-01-24,11.714217424708076,11.741116102162966,11.67386979330927,11.70076847076416,1667640
2018-01-25,11.754564341480826,11.754564341480826,11.660420893866332,11.687318801879883,509640
2018-01-26,11.687319583674968,11.781464576721191,11.660421673862146,11.781464576721191,993120
2018-01-29,11.781463146918314,11.821810006741037,11.76801342407705,11.808361053466797,879480
2018-01-30,11.821810059641923,11.821810059641923,11.72766584716691,11.74111557006836,1177920
2018-02-02,11.700767466970552,11.889055114733592,11.700767466970552,11.768013000488281,2102520
2018-02-05,11.646973305463591,11.754565719700038,11.646973305463591,11.727667808532715,1604760
2018-02-06,11.593175768926535,11.76801526714251,11.593175768926535,11.673871040344238,1574400
2018-02-07,11.700768232304293,11.727666139643949,11.59317429424454,11.714217185974121,3008760
2018-02-08,11.71421837385179,11.835260508288577,11.700769418818174,11.754565238952637,2062560
2018-02-09,11.633522161910465,11.875607180736239,11.593174530511659,11.70076847076416,960240
2018-02-12,11.768013000488281,11.821809581215863,11.754563278131139,11.768013000488281,1451160
2018-02-13,11.700769897365392,11.835260992336316,11.700769897365392,11.727667808532715,1480440
2018-02-14,11.633521163885828,11.794910906068575,11.633521163885828,11.768013000488281,485880
2018-02-15,11.83525853400601,11.902504837090733,11.754563278131139,11.768013000488281,111120
2018-02-16,11.768013000488281,11.768013000488281,11.768013000488281,11.768013000488281,0
2018-02-19,11.835260631198675,11.862159311112373,11.794912996111691,11.82181167602539,532200
2018-02-20,11.821809005085088,11.875605583190918,11.821809005085088,11.875605583190918,530520
2018-02-21,11.633522588587635,11.942853927612305,11.633522588587635,11.942853927612305,770040
2018-02-22,11.781463803987974,11.942853560980877,11.727666448756608,11.889056205749512,550560
2018-02-23,11.929403837389504,11.929403837389504,11.875607251725203,11.889056205749512,1818480
2018-02-26,11.929404498287457,11.96975213216274,11.889056864412177,11.915955543518066,838320
2018-02-27,11.88905536268128,12.574962743221377,11.88905536268128,12.225284576416016,818640
2018-02-28,12.225285387136017,12.23873434109851,11.902505874633789,11.902505874633789,2436120
2018-03-01,11.889055645974747,12.332878033983954,11.889055645974747,12.144590377807617,413280
2018-03-02,12.158038561631678,12.158038561631678,12.036996441977816,12.144590377807617,333120
2018-03-05,12.14459281384463,12.184940451678104,12.010100944255445,12.158041000366211,356760
2018-03-06,12.104245176011156,12.184940451678104,12.010100944255445,12.158041000366211,331680
2018-03-07,11.929403617624828,12.063895464091493,11.808361494501767,12.050446510314941,475800
2018-03-08,12.05044669301454,12.17148881797275,12.036996969467024,12.104243278503418,556680
2018-03-09,12.117694075579175,12.238736218947835,12.09079539395993,12.171490669250488,699240
2018-03-12,12.171488179272698,12.427022139327462,12.171488179272698,12.279081344604492,1466040
2018-03-13,12.440471520351394,12.440471520351394,12.27908176680453,12.319429397583008,1514760
2018-03-14,12.440472607981846,12.440472607981846,12.37322706385002,12.386676788330078,797880
2018-03-15,12.359777334265681,12.776701862498745,12.359777334265681,12.440472602844238,2212920
2018-03-16,12.440471356576937,12.46737003326416,12.332878188962122,12.46737003326416,3895440
2018-03-19,12.427022403016846,12.588412924006107,12.427022403016846,12.46737003326416,2008440
2018-03-20,12.467369557590148,12.574962721099906,12.467369557590148,12.494267463684082,1989960
2018-03-21,12.494269431154791,12.682557881730126,12.373227295537578,12.628761291503906,1813200
2018-03-22,12.696006479856354,12.776701747709929,12.682557525069795,12.722905158996582,2047560
2018-03-23,12.642209891143008,12.843947291209833,12.45392221542985,12.722905158996582,927360
2018-03-26,12.709455910097727,12.74980354309082,12.615311689636206,12.74980354309082,1398240
2018-03-27,12.776701099029781,13.032235074836352,12.776701099029781,12.897743225097656,2955960
2018-03-28,12.77670133592863,12.951540051220338,12.77670133592863,12.884294509887695,2508600
2018-03-29,12.776701573322562,12.897743703883728,12.776701573322562,12.870845794677734,763800
2018-03-30,12.790151297492658,12.870845794677734,12.74980366411657,12.870845794677734,739440
2018-04-02,12.870845669098044,12.870845669098044,12.763251724622561,12.80359935760498,1161600
2018-04-03,12.776701871585267,12.870846095138168,12.776701871585267,12.790151596069336,843000
2018-04-04,12.897743098389496,12.897743098389496,12.749803065567493,12.776700973510742,1422600
2018-04-05,12.655659971400581,12.749804196688249,12.373227295537578,12.628761291503906,1461840
2018-04-06,12.749802511518341,12.749802511518341,12.561513316262479,12.615310668945312,215280
2018-04-09,12.76325214329515,12.76325214329515,12.359777339369963,12.386676788330078,951000
2018-04-10,12.440471356576937,12.480818986824254,12.359776096082307,12.46737003326416,1202640
2018-04-11,12.494268474200519,12.494268474200519,12.386676071555868,12.427022933959961,1527120
2018-04-12,12.46737128222613,12.494269192040907,12.346329148925408,12.440472602844238,1379760
2018-04-13,12.373227058740184,12.453922327318741,12.373227058740184,12.440472602844238,1199520
2018-04-16,12.373224350555661,12.507716178894043,12.35977462902496,12.507716178894043,917520
2018-04-17,12.669108324292463,12.669108324292463,12.386676431423034,12.534616470336914,1209480
2018-04-18,12.69600647600045,12.776701743829516,12.48082012121242,12.521167755126953,1066440
2018-04-19,12.696003769786286,12.843944549560547,12.507716134264726,12.843944549560547,1347360
2018-04-20,12.843947415737146,12.843947415737146,12.709456327433388,12.790151596069336,508320
2018-04-23,12.897741126790557,12.897741126790557,12.642207192556278,12.843944549560547,730560
2018-04-24,12.911190848273266,12.911190848273266,12.83049559764478,12.843944549560547,2061480
2018-04-25,12.938090856975972,12.938090856975972,12.843946639115593,12.897743225097656,1407480
2018-04-26,12.911191940307617,12.924640893360902,12.897742217687323,12.911191940307617,1231920
2018-04-27,12.911193368993219,12.938091278076172,12.911193368993219,12.938091278076172,808680
2018-04-30,12.964989187159123,13.032235499000693,12.911193368993219,12.938091278076172,897960
2018-05-02,12.749804194829533,12.93809187581029,12.669108924718403,12.830498695373535,1042440
2018-05-03,12.843944549560547,12.897741126790557,12.749801116583239,12.843944549560547,1763640
2018-05-04,12.857394271043256,12.857394271043256,12.73635139510053,12.843944549560547,429000
2018-05-07,12.722904806457766,12.843946935317062,12.68255717364897,12.817049026489258,619680
2018-05-08,12.870845555534583,12.911193188161002,12.790151059848826,12.884294509887695,635880
2018-05-14,13.220522669396836,14.148514295718957,13.220522669396836,13.435708999633789,1675680
2018-05-15,13.839185597629694,13.839185597629694,13.435710789890436,13.516406059265137,2247720
2018-05-16,13.62518978521235,13.774766983941486,13.081269020712087,13.462013244628906,1260600
2018-05-17,13.597992657670561,13.597992657670561,13.40762054571215,13.462013244628906,941160
2018-05-18,13.584394454956055,13.733971649093325,13.339631207761693,13.584394454956055,406200
2018-05-21,13.76116847537105,13.76116847537105,13.530001462326721,13.597991943359375,1038840
2018-05-22,13.611590621611638,13.611590621611638,13.421220063327011,13.557199478149414,860760
2018-05-23,13.55719590001673,13.638782593676998,13.380421618086617,13.529998779296875,646080
2018-05-24,13.516402539993527,13.58439301530501,13.448413620848651,13.50280475616455,977760
2018-05-25,13.597991943359375,13.611589728332559,13.489208107407173,13.597991943359375,1656000
2018-05-28,13.258042650529582,13.597991943359375,13.258042650529582,13.597991943359375,540240
2018-05-30,13.597991943359375,13.597991943359375,13.597991943359375,13.597991943359375,0
2018-05-31,13.529998779296875,13.529998779296875,13.529998779296875,13.529998779296875,0
2018-06-01,13.366825947789767,13.502805348208277,13.366825947789767,13.47560977935791,2434320
2018-06-04,13.570797086295594,13.570797086295594,13.271641132670497,13.462013244628906,1163520
2018-06-05,13.339631617274735,13.502806601691356,13.339631617274735,13.462013244628906,1838520
2018-06-06,13.462013010114092,13.62518954785492,13.462013010114092,13.516404151916504,1388760
2018-06-07,13.516402539993527,13.5300003238225,13.475609188506601,13.50280475616455,1331520
2018-06-08,13.462015506514133,13.502808870430677,13.353231646569602,13.489211082458496,1493160
2018-06-11,13.380423145537167,13.516402539993527,13.339629794050241,13.50280475616455,1178640
2018-06-12,13.50280475616455,13.5300003238225,13.448413620848651,13.50280475616455,1762560
2018-06-13,13.475610795564695,13.530001937367107,13.380424741243678,13.516404151916504,1794840
2018-06-14,13.3396303789394,13.57079582650087,13.32603103834754,13.47560977935791,3145920
2018-06-18,13.339632279037488,13.530002844273126,13.312435150146484,13.312435150146484,1086960
2018-06-19,13.122060775756836,13.203649036087787,12.890896113041318,13.122060775756836,1822680
2018-06-20,12.93169111993809,13.122061665394707,12.93169111993809,13.081268310546875,1618320
2018-06-21,12.958886115442592,13.448414132752246,12.83650372207351,13.271639823913574,994080
2018-06-22,13.33963041229247,13.33963041229247,12.98608179168702,13.162856101989746,1806360
2018-06-25,13.298835873510921,13.394021923545598,13.013278501490253,13.353228569030762,1077360
2018-06-26,13.19005156166752,13.285237608260138,13.108463299421468,13.271639823913574,1806720
2018-06-27,13.353228569030762,13.36682635386904,13.230845393152803,13.353228569030762,875520
2018-06-28,13.190048922936976,13.380420978037398,13.190048922936976,13.366823196411133,710760
2018-06-29,13.244445091295509,13.380424499511719,13.244445091295509,13.380424499511719,1235280
2018-07-02,13.380423317111653,13.475609361301638,13.366825533108317,13.434814453125,798840
2018-07-03,13.35322774910498,13.489207145304976,13.35322774910498,13.434814453125,778080
2018-07-04,13.339633858597422,13.489211082458496,13.339633858597422,13.489211082458496,157920
2018-07-05,13.489208581015298,13.516404151916504,13.489208581015298,13.516404151916504,451320
2018-07-06,13.448414917917805,13.448414917917805,13.244445028477529,13.339631080627441,1322760
2018-07-09,13.285238446910341,13.448414981703207,13.285238446910341,13.380424499511719,167760
2018-07-10,13.462013128439974,13.462013128439974,13.366827073282307,13.407620429992676,640320
2018-07-11,13.43481600113292,13.462013128439974,13.38042485885243,13.407620429992676,414240
2018-07-12,13.448413793294966,13.448413793294966,13.27163948891833,13.434814453125,588240
2018-07-13,13.462012587575073,13.462012587575073,13.421219232503665,13.44841480255127,396720
2018-07-16,13.366825947789767,13.489207563783093,13.366825947789767,13.47560977935791,270360
2018-07-17,13.543600257650503,13.543600257650503,13.434814869915684,13.47560977935791,588000
2018-07-18,13.394021516640134,13.47560977935791,13.394021516640134,13.47560977935791,986040
2018-07-19,13.543600257650503,13.57079582650087,13.448414210507543,13.47560977935791,545640
2018-07-20,13.448415458941422,13.530002173066322,13.434816117087118,13.462013244628906,382560
2018-07-23,13.47560977935791,13.47560977935791,13.434814869915684,13.47560977935791,589248
2018-07-24,13.60887003812007,14.098398039609991,13.527281778510647,13.690458297729492,552200
2018-07-25,13.690459133849437,13.706775541834523,13.543600568816679,13.641505241394043,409000
2018-07-26,13.690461891827132,13.690461891827132,13.543603297209344,13.559921264648438,407400
2018-07-27,13.543603297209344,13.559921264648438,13.380426735152462,13.559921264648438,369800
2018-07-30,13.625187983808555,13.625187983808555,13.510963798035144,13.527281761169434,527700
2018-07-31,13.462013244628906,13.527283549628919,13.396742939628894,13.462013244628906,901400
2018-08-01,13.396740326772523,13.462010619042431,13.380422364663415,13.429374694824219,619400
2018-08-02,13.429374694824219,13.462010619042431,13.396740326772523,13.429374694824219,857200
2018-08-03,13.396742699581532,13.494648933410645,13.396742699581532,13.494648933410645,208400
2018-08-06,13.494647161877996,13.592551826687716,13.494647161877996,13.576233863830566,716300
2018-08-07,13.690459491778915,13.690459491778915,13.576235295896712,13.65782356262207,641500
2018-08-08,13.413060202935135,13.83731638514795,13.413060202935135,13.755729675292969,1333000
2018-08-09,13.755731227692827,13.804683570363668,13.70677732885507,13.739413261413574,603900
2018-08-10,13.7394106310285,13.772045001172298,13.690458297729492,13.690458297729492,1856200
2018-08-13,13.657824986184227,13.788365604084415,13.657824986184227,13.739413261413574,155200
2018-08-14,13.755729680894767,13.7883640536167,13.739411716450428,13.772046089172363,1162500
2018-08-15,13.788365364074707,13.821001296065129,13.739413022255963,13.788365364074707,330200
2018-08-16,13.73941278479049,13.853635432449018,13.73941278479049,13.83731746673584,75700
2018-08-17,13.755730988251175,13.837317705893451,13.755730988251175,13.788365364074707,799700
2018-08-20,13.804683570363668,13.804683570363668,13.739413261413574,13.739413261413574,703300
2018-08-21,13.706773389840363,13.739409313020047,13.625186694224093,13.674139022827148,480200
2018-08-23,13.837315297626512,13.837315297626512,13.674140334574284,13.690458297729492,806700
2018-08-24,13.723091351430206,13.723091351430206,13.625186694224093,13.674139022827148,504100
2018-08-27,13.67414319565984,13.723095539201305,13.65782522909037,13.706777572631836,587700
2018-08-28,13.706775900190584,13.706775900190584,13.592553260475134,13.65782356262207,351100
2018-08-29,13.62518931050566,13.72309398651123,13.62518931050566,13.72309398651123,662500
2018-08-30,13.755731472340244,13.77204788274277,13.67414319565984,13.706777572631836,1423200
2018-09-03,13.755729680894767,13.967858550170929,13.641505485951145,13.772046089172363,603200
2018-09-04,13.772047160049986,13.853635432449018,13.772047160049986,13.83731746673584,410800
2018-09-05,13.837316390782972,13.837316390782972,13.608871113229212,13.772046089172363,1884700
2018-09-06,13.772047398079497,13.853635671888663,13.739413022255963,13.788365364074707,883100
2018-09-07,13.723093752006092,13.804682018061037,13.625189077673548,13.772046089172363,842500
2018-09-12,13.625187752402015,13.674140084806874,13.462011236163697,13.576233863830566,1019600
2018-09-13,13.609028816223145,13.609028816223145,13.527046404067661,13.609028816223145,635600
2018-09-14,13.57623522588717,13.691011228378628,13.543443199235648,13.609028816223145,2001000
2018-09-18,13.559839110789632,13.658216748017963,13.559839110789632,13.641819953918457,478600
2018-09-19,13.641821992856698,13.707407615372949,13.625426759991074,13.691012382507324,676000
2018-09-20,13.772990700766757,13.772990700766757,13.658216273427062,13.707405090332031,855700
2018-09-21,13.70740672471783,13.740200315687444,13.691011492917506,13.723803520202637,2341600
2018-09-24,13.707405090332031,13.740198677391543,13.691009860486572,13.707405090332031,252400
2018-09-25,13.576233333915004,13.75659492825892,13.576233333915004,13.740198135375977,1086800
2018-09-26,13.740198135375977,13.77299015745763,13.707404549610088,13.740198135375977,1311500
2018-09-27,13.740201675487699,13.772993706018095,13.72380487838018,13.756598472595215,744800
2018-09-28,13.772993706018095,13.854976127871046,13.510651207036362,13.756598472595215,1526900
2018-10-01,13.691010067643415,13.789387702941895,13.691010067643415,13.789387702941895,742100
2018-10-02,13.789390015952337,13.822183609008789,13.772993219424112,13.822183609008789,1859600
2018-10-03,13.822183609008789,13.838578841852433,13.805786812480564,13.822183609008789,148000
2018-10-04,13.707407596995791,13.838578841852433,13.707407596995791,13.822183609008789,1142100
2018-10-05,13.772991589961494,13.838577204630477,13.772991589961494,13.805785179138184,1120100
2018-10-08,13.805786812480564,13.838578841852433,13.805786812480564,13.822183609008789,395800
2018-10-09,13.772994502990226,13.838580131530762,13.772994502990226,13.838580131530762,552800
2018-10-10,13.854976929587076,13.871373727643393,13.822184897159174,13.838580131530762,946400
2018-10-11,13.691009320411379,13.822180536106462,13.47785570398581,13.740198135375977,623600
2018-10-12,13.740202961517582,13.805788592401576,13.69101412927578,13.772994995117188,1303300
2018-10-15,13.822181768025503,13.871370587374114,13.822181768025503,13.854973793029785,504400
2018-10-16,13.887765884399416,13.920557905868204,13.838575506669924,13.887765884399414,872300
2018-10-17,13.936955927959488,13.936955927959488,13.80578470314403,13.871370315551758,817500
2018-10-18,13.854976929587076,13.854976929587076,13.625428011537567,13.838580131530762,405600
2018-10-19,13.641820157606636,13.936956201067055,13.641820157606636,13.854973793029785,219400
2018-10-22,13.772993219424112,13.871372434908885,13.772993219424112,13.822183609008789,182300
2018-10-23,13.822183609008789,13.838578841852433,13.543444322767279,13.822183609008789,949500
2018-10-24,13.85497399921882,13.90416281929946,13.78938838454984,13.805785179138184,639600
2018-10-25,13.707409364233191,13.772994995117188,13.527049270223403,13.772994995117188,386100
2018-10-26,13.854972558188116,13.854972558188116,13.707404549610088,13.740198135375977,579400
2018-10-29,13.740201675487699,13.789390503125613,13.740201675487699,13.756598472595215,203000
2018-10-30,13.543444801251399,13.854976127871046,13.543444801251399,13.756598472595215,533500
2018-10-31,13.822180536106462,13.83857576530517,13.723801342493031,13.740198135375977,1040000
2018-11-01,13.691009854806943,13.691009854806943,13.559838633991907,13.576233863830566,335200
2018-11-02,13.691011228378628,13.854974489005139,13.57623522588717,13.609028816223145,1968300
2018-11-05,13.805784973681174,13.854973793029785,13.723802565643904,13.854973793029785,1197500
2018-11-07,13.854975663198147,14.117318153381348,13.805786837209943,14.117318153381348,1717300
2018-11-08,14.084524358446103,14.16650676727295,13.92055954079241,14.16650676727295,1970400
2018-11-09,14.10092246573954,14.182903318514388,13.822183187988362,13.920560836791992,976200
2018-11-12,13.854976929587076,13.920562558127612,13.822184897159174,13.838580131530762,186200
2018-11-13,13.772991384992517,14.150109836490206,13.772991384992517,13.854973793029785,561100
2018-11-14,13.936955451965332,14.084523465763864,13.887766635260585,13.936955451965332,900900
2018-11-15,14.068127428452936,14.068127428452936,13.838576998685458,13.854973793029785,1039200
2018-11-16,14.00254106213309,14.117315489005598,13.920558658502319,13.936955451965332,1191100
2018-11-19,13.986146926879883,14.117318172145835,13.838578885034542,13.986146926879883,613800
2018-11-21,13.98614426867008,14.00254106213309,13.85497304833456,13.936955451965332,1247800
2018-11-22,14.018940457852299,14.035337254358955,13.920561242496941,13.953354835510254,1101800
2018-11-23,14.018939225870596,14.035336020936304,13.953353609292202,13.96975040435791,842200
2018-11-26,14.084525946765433,14.084525946765433,13.887769081603262,13.90416431427002,1240200
2018-11-27,14.018937855596104,14.018937855596104,13.85497304833456,13.936955451965332,1017000
2018-11-28,14.018937855596104,14.018937855596104,13.85497304833456,13.936955451965332,974000
2018-11-29,14.05173284801414,15.494618140275435,14.018940817843344,14.674797058105469,2935900
2018-11-30,14.838761662138364,14.838761662138364,14.346868707984822,14.428851127624512,7939400
2018-12-03,14.264883502804128,14.3468659064349,13.822181025092826,13.936955451965332,572100
2018-12-04,13.822181025092826,14.035334649059116,13.822181025092826,13.936955451965332,1487900
2018-12-05,13.936955451965332,14.084523465763864,13.822181025092826,13.936955451965332,727000
2018-12-06,13.936955451965332,14.084523465763864,13.920558658502319,13.936955451965332,1297500
2018-12-07,14.19929789263637,14.19929789263637,13.920558658502319,13.936955451965332,767300
2018-12-10,13.7893874381668,14.182901099173357,13.772990644703789,13.936955451965332,268100
2018-12-11,13.936955451965332,13.936955451965332,13.85497304833456,13.936955451965332,1053200
2018-12-12,14.018940049280157,14.018940049280157,13.854975216361394,13.920560836791992,748100
2018-12-13,14.035334649059116,14.182901099173357,13.920558658502319,13.936955451965332,720700
2018-12-14,14.002541814759995,14.002541814759995,13.772991384992517,13.854973793029785,816100
2018-12-17,13.789391301046543,14.018941782780779,13.772994502990226,13.838580131530762,573800
2018-12-18,13.838580626001182,13.936959854169565,13.69101412927578,13.772994995117188,896900
2018-12-19,13.936956201067055,13.986145020415668,13.805784973681174,13.854973793029785,821400
2018-12-20,13.789389595930794,13.936957632820777,13.723803975500196,13.920560836791992,1548300
2018-12-21,13.920560836791992,14.10092246573954,13.920560836791992,13.920560836791992,2835500
2018-12-24,13.920558658502319,13.936955451965332,13.822181025092826,13.936955451965332,163800
2018-12-26,13.822183652139739,14.08452614267164,13.822183652139739,13.986146926879883,837400
2018-12-27,14.01894111551332,14.166509163626827,13.920561895542765,14.100923538208008,746000
2018-12-28,13.953356072728422,14.510834693908693,13.953356072728422,14.510834693908691,460100
2018-12-31,14.510831902910212,14.510831902910212,14.182902261512137,14.412452697753906,410500
2019-01-02,14.41245222154143,14.510831423447117,14.084524154663086,14.084524154663086,418700
2019-01-03,14.232091969031925,14.24848719937451,14.06812715613131,14.133712768554688,1223400
2019-01-04,14.002541747022407,14.117316179508737,14.002541747022407,14.084524154663086,531500
2019-01-07,14.035335335552425,14.264884200525083,14.035335335552425,14.084524154663086,1070200
2019-01-08,14.035335335552425,14.117316179508737,14.035335335552425,14.084524154663086,1035300
2019-01-09,14.248487612415406,14.248487612415406,14.10092115294835,14.16650676727295,1038700
2019-01-10,14.24848719937451,14.264883993401442,14.10092074418517,14.133712768554688,2007000
2019-01-11,14.248489106183548,14.379661912268892,14.166508252446468,14.264885902404785,944900
2019-01-14,14.248489028299892,14.510833075352028,14.215696999721214,14.363265037536621,877400
2019-01-15,14.34686824140501,14.379661833668232,14.297679416694724,14.363265037536621,1263200
2019-01-16,14.248485709488559,14.37965848430364,14.248485709488559,14.297676086425781,1006600
2019-01-17,14.478039483088807,14.478039483088807,14.34686824140501,14.363265037536621,982700
2019-01-18,14.363263877017962,14.478038313296638,14.346867082211174,14.412452697753906,1075300
2019-01-22,14.51083264098633,14.674795906340744,14.494435845345539,14.592813491821289,1166900
2019-01-23,14.592813011514878,14.691192218437081,14.49443536827712,14.658398628234863,1250000
2019-01-24,14.658397609606657,14.773173603654058,14.642002379329318,14.756776809692383,1048300
2019-01-25,14.83876255845851,14.96993381233144,14.740383336211469,14.822365760803223,1206500
2019-01-28,14.937140189679413,14.969933784929964,14.871554562862999,14.953536987304688,998400
2019-01-29,14.986328405800505,14.986328405800505,14.642003524106128,14.838760375976562,707100
2019-01-30,14.920742514584614,14.93713774584281,14.723984102641952,14.855156898498535,787700
2019-01-31,14.937136310920996,15.051912300809109,14.87155070113534,14.920741081237793,2163600
2019-02-04,14.920741081237793,14.920741081237793,14.887947494502823,14.920741081237793,165800
2019-02-07,14.937136310920996,14.969929897655966,14.83875867808465,14.920741081237793,547200
2019-02-08,14.969929281796981,15.002721303498616,14.87155008932365,14.937135696411133,416600
2019-02-11,14.937138768052122,14.937138768052122,14.822364322968111,14.88794994354248,389100
2019-02-12,14.937137538134971,15.06830876848313,14.887948717675515,14.904345512390137,523000
2019-02-13,14.92074278851036,14.969931610556854,14.822363580732912,14.838760375976562,659400
2019-02-14,14.838761119032839,14.920743535671933,14.756778702393744,14.88794994354248,1028200
2019-02-15,15.002721920706655,15.035515507441623,14.756776274931509,14.920741081237793,980500
2019-02-18,14.920741081237793,14.969929897655966,14.904344287870309,14.920741081237793,227200
2019-02-19,14.9207444685482,15.035518920808151,14.9207444685482,15.019122123718262,329300
2019-02-20,15.068312656291704,15.560205678853901,15.05191742103132,15.511016845703125,3350900
2019-02-21,15.461821161165698,15.57659557555402,15.44542436948619,15.560198783874512,658800
2019-02-22,15.560199997785073,15.560199997785073,15.330651151100449,15.41263198852539,304600
2019-02-25,15.29786035584216,15.347049180007074,15.084706699548162,15.248671531677246,395900
2019-02-26,15.10110492511221,15.248672975261675,15.035519298788524,15.183087348937988,548800
2019-02-27,15.396240336444789,15.412635569528534,15.101104249352904,15.1666898727417,435400
2019-02-28,15.314256687594826,15.314256687594826,14.986328596961158,15.05191421508789,1878300
2019-03-01,15.084707452584553,15.1666898727417,14.969933002575312,15.1666898727417,352900
2019-03-04,15.01912163757979,15.150292882683882,15.01912163757979,15.084707260131836,414100
2019-03-05,14.953533854958435,15.117498669495783,14.953533854958435,15.101101875305176,468700
2019-03-06,14.98632960814606,15.084707260131836,14.98632960814606,15.084707260131836,766200
2019-03-07,15.101101875305176,15.150290694192636,14.969930649149042,15.101101875305176,716000
2019-03-08,14.969933002575312,15.1666898727417,14.937139409038611,15.1666898727417,1497600
2019-03-11,15.166688035267896,15.166688035267896,14.986327983720829,15.06830883026123,655100
2019-03-12,15.117501558372899,15.117501558372899,14.887951086891567,14.96993350982666,309800
2019-03-13,15.019119948023672,15.019119948023672,14.789571076756602,14.904345512390137,966500
2019-03-14,14.822364595606103,14.887950217386832,14.822364595606103,14.871553421020508,1372300
2019-03-15,14.85515932892241,14.969933784929964,14.756780106855445,14.953536987304688,1811400
2019-03-18,15.084705559338474,15.117499148759327,14.92074230328743,15.035516738891602,324400
2019-03-19,15.08470774839318,15.08470774839318,14.953536499043341,15.019122123718262,627000
2019-03-20,14.937139701953454,15.019122123718262,14.937139701953454,15.019122123718262,1208700
2019-03-21,15.084705148531105,15.084705148531105,14.543623447297763,14.609209060668945,1070200
2019-03-22,14.740382703974198,14.740382703974198,14.510833801384615,14.543625831604004,1145900
2019-03-25,14.740382406807184,14.822364826229817,14.494436712223877,14.691193580627441,387100
2019-03-26,14.54362553840362,14.789572796671518,14.527228741782176,14.691193580627441,448500
2019-03-27,14.642005677649117,14.95353701467615,14.642005677649117,14.822365760803223,161200
2019-03-28,14.740383336211469,14.920744983050264,14.723986538556181,14.822365760803223,1148800
2019-03-29,14.904347671458313,15.08470774839318,14.773176422108472,15.019122123718262,725100
2019-04-01,15.051915230698105,15.101104056690994,15.051915230698105,15.084707260131836,495600
2019-04-02,15.084706098145285,15.16668851094132,15.01912048064535,15.133894920349121,649700
2019-04-03,15.15029307597335,15.1994834662784,15.133896279204999,15.1666898727417,800800
2019-04-04,15.019122501286432,15.37984422790905,15.019122501286432,15.183087348937988,785400
2019-04-05,15.1666898727417,15.18308666951005,15.101104249352904,15.1666898727417,773700
2019-04-08,15.248670302740058,15.527409556684331,15.232273508111712,15.396238327026367,808700
2019-04-09,15.396238189230917,15.412633420028126,15.26506696074693,15.347047805786133,672200
2019-04-10,15.314254358141763,15.41263198852539,15.314254358141763,15.41263198852539,1243000
2019-04-11,15.412635273114038,15.412635273114038,15.232275203184669,15.314257621765137,434000
2019-04-12,15.248672043374018,15.47822093963623,15.215878450373943,15.47822093963623,234900
2019-04-15,15.494618819258331,15.740566092897641,15.494618819258331,15.527412414550781,592000
2019-04-16,15.56020308331408,15.592996675734295,15.412635044792218,15.494617462158203,1023200
2019-04-17,15.412633557970313,15.46182394185535,14.789570998937187,15.396238327026367,410500
2019-04-18,15.084703947772896,15.429028781484076,15.084703947772896,15.41263198852539,940300
2019-04-19,15.49461596742764,15.527409556684331,15.363444737769676,15.396238327026367,1134800
2019-04-22,15.363447128636828,15.37984392581685,14.904347753388686,15.330655097961426,648200
2019-04-23,15.265067166174433,15.330652781299037,15.117499141222973,15.297859191894531,444000
2019-04-24,15.330652574988923,15.347047805786133,15.18308455202334,15.347047805786133,504200
2019-04-25,15.396237916690794,15.396237916690794,15.314255509418434,15.363444328308105,274800
2019-04-26,15.265067097368403,15.412633557970313,15.265067097368403,15.396238327026367,747700
2019-04-29,15.41263198852539,15.41263198852539,15.314254358141763,15.41263198852539,214800
2019-04-30,15.297860342187347,15.42903158229972,15.297860342187347,15.379842758178711,768100
2019-05-02,15.314258300781402,15.347050331456805,15.314258300781402,15.330655097961426,266200
2019-05-03,15.41263198852539,15.41263198852539,15.23227195703258,15.41263198852539,709700
2019-05-06,15.429032069567047,15.429032069567047,15.166689581057211,15.314257621765137,758300
2019-05-07,15.396237916690794,15.396237916690794,15.183084283256404,15.363444328308105,504500
2019-05-08,15.215876577302144,15.363444600267727,15.18308455202334,15.347047805786133,546200
2019-05-09,15.215875766028512,15.396237368340843,15.215875766028512,15.265066146850586,1121600
2019-05-10,15.3798427719067,15.3798427719067,15.133895523713075,15.248671531677246,898600
2019-05-13,15.133893361676025,15.379840574733485,15.019118933793127,15.265066146850586,660300
2019-05-14,15.019122501286432,15.248672975261675,14.92074484364324,15.183087348937988,1077600
2019-05-15,15.068307611874552,15.248669212522435,15.068307611874552,15.215875625610352,632000
2019-05-16,15.314254822662313,15.314254822662313,14.96992997850688,15.215875625610352,491400
2019-05-17,15.084704405330594,15.248669212522435,15.084704405330594,15.215875625610352,951900
2019-05-21,15.330651757595714,15.363443781126126,15.150290155283383,15.265066146850586,982100
2019-05-23,15.397663554751018,15.397663554751018,15.165620692223017,15.28164291381836,850000
2019-05-24,15.165620398827409,15.331365523235558,15.09932266519668,15.298215866088867,879800
2019-05-27,15.331364401741483,15.480534686664432,15.298214747019701,15.381087303161621,286100
2019-05-28,15.463960880778814,15.463960880778814,15.347940242913877,15.414237976074219,2755400
2019-05-29,15.314785884412636,15.430808067321777,15.298211061045308,15.430808067321777,733800
2019-05-30,15.546829920457203,16.24295675127337,15.414234484174342,15.579977989196777,245600
2019-05-31,15.596556929109356,15.64627983566944,15.447386628766408,15.563408851623535,874100
2019-06-03,15.530259132385254,15.629706525776934,15.447386568002635,15.530259132385254,339000
2019-06-04,15.530259132385254,15.596556867758808,15.414238490647206,15.530259132385254,161800
2019-06-05,15.530259132385254,15.530259132385254,15.530259132385254,15.530259132385254,0
2019-06-06,15.530259132385254,15.530259132385254,15.530259132385254,15.530259132385254,0
2019-06-07,15.546832641099327,15.894896117417318,15.463960083754555,15.679428100585938,549900
2019-06-10,15.67942830004469,15.67942830004469,15.579980913833378,15.613130569458008,406000
2019-06-11,15.49711033544158,15.629705800031791,15.39766294666761,15.480535507202148,289800
2019-06-12,15.64627907929036,15.64627907929036,15.3313652454166,15.497110366821289,342200
2019-06-13,15.331364205572896,15.497109315735988,15.331364205572896,15.44738483428955,290900
2019-06-14,15.497110366821289,15.546833270977647,15.347940073689594,15.497110366821289,384400
2019-06-17,15.39765842058712,15.463956133394277,15.248488171605478,15.430808067321777,474800
2019-06-18,15.347940042611937,15.49711033544158,15.28164231031683,15.480535507202148,434000
2019-06-19,15.34794075527365,15.662854603132365,15.34794075527365,15.530259132385254,480900
2019-06-20,15.38108811842818,15.530258411257822,15.38108811842818,15.480535507202148,456400
2019-06-21,15.397662977845952,15.613131003406997,15.381088149572959,15.497110366821289,2588100
2019-06-24,15.430812804529964,15.447386052323068,15.281642509753537,15.414237976074219,701700
2019-06-25,15.414238899578178,15.414238899578178,15.331366332996998,15.397664070129395,605500
2019-06-26,15.38108924068061,15.43081372902696,15.364515991894564,15.397664070129395,300000
2019-06-27,15.347939229102375,15.397662130522512,15.347939229102375,15.381087303161621,978900
2019-06-28,15.414237806118946,15.497110366821289,15.414237806118946,15.497110366821289,486100
2019-07-01,15.497110537690304,15.497110537690304,15.331365414458132,15.414237976074219,426100
2019-07-02,15.381087303161621,15.463959859303541,15.347939229102375,15.381087303161621,468400
2019-07-03,15.381087303161621,15.397662130522512,15.298214747019701,15.381087303161621,217300
2019-07-04,15.381087303161621,15.414236957883404,15.364514056463266,15.381087303161621,668200
2019-07-05,15.38108924068061,15.414238899578178,15.347941162445782,15.397664070129395,502900
2019-07-08,15.314791503548214,15.43081372902696,15.215345688180989,15.397664070129395,979900
2019-07-09,15.414238460233344,15.56340875969519,15.414238460233344,15.513684272766113,159000
2019-07-10,15.44738653752337,15.530259101742471,15.44738653752337,15.513684272766113,447800
2019-07-11,15.447386628766408,15.579982100035096,15.447386628766408,15.563408851623535,165200
2019-07-12,15.48053622602076,15.579982038749746,15.463961397011698,15.530259132385254,1582200
2019-07-15,15.497107027016702,15.579977989196777,15.480532202315773,15.579977989196777,206900
2019-07-16,15.46396145784067,15.579982100035096,15.46396145784067,15.563408851623535,243300
2019-07-17,15.563403492936091,15.563403492936091,15.430808067321777,15.430808067321777,203500
2019-07-18,15.44738581937721,15.480535475788805,15.430812571834029,15.463960647583008,324500
2019-07-19,15.480534488587177,15.480534488587177,15.430811587803255,15.44738483428955,536600
2019-07-22,15.381088087216636,15.463960647583008,15.265067451101286,15.463960647583008,482500
2019-07-23,15.414237743628231,15.497110303994603,15.414237743628231,15.463960647583008,790300
2019-07-24,15.430812571834029,15.497110303994603,15.430812571834029,15.463960647583008,304700
2019-07-25,15.414238460233344,15.54683393071883,15.414238460233344,15.513684272766113,436900
2019-07-26,15.364514901962588,15.546833270977647,15.364514901962588,15.497110366821289,564100
2019-07-29,15.497111024452446,15.530259101742471,15.480536195476088,15.513684272766113,405900
2019-07-31,15.64627907929036,15.64627907929036,15.381088149572959,15.497110366821289,1033600
2019-08-01,15.182195596552397,15.530259101742471,15.182195596552397,15.513684272766113,279200
2019-08-02,15.265066477640163,15.513682562222286,15.265066477640163,15.44738483428955,423700
2019-08-05,15.265066477640163,15.480534488587177,15.265066477640163,15.44738483428955,760400
2019-08-06,15.331366332996998,15.497111466159357,15.0164524767838,15.397664070129395,826100
2019-08-07,15.53025758808457,15.53025758808457,15.381087303161621,15.381087303161621,879600
2019-08-08,15.447387545990924,15.579983025132776,15.430814296595289,15.546834945678711,340400
2019-08-09,15.381089806419999,15.56340977573714,15.381089806419999,15.546834945678711,695200
2019-08-13,15.347941726965933,15.56340977573714,15.331366896907502,15.546834945678711,422700
2019-08-14,15.463960678962717,15.579981315313498,15.463960678962717,15.480535507202148,376700
2019-08-15,15.331365214372505,15.480535507202148,15.331365214372505,15.480535507202148,485200
2019-08-16,15.381088893132064,15.579982100035096,15.381088893132064,15.563408851623535,488000
2019-08-19,15.414234484174342,15.596552813897706,15.414234484174342,15.579977989196777,686500
2019-08-20,15.579977989196777,15.596552813897706,15.546829920457203,15.579977989196777,360900
2019-08-21,15.563404745158131,15.596552813897706,15.546829920457203,15.579977989196777,323300
2019-08-22,15.530255095756274,15.596552813897706,15.530255095756274,15.579977989196777,588400
2019-08-23,15.364511590733839,15.579977989196777,15.364511590733839,15.579977989196777,546700
2019-08-26,15.497107027016702,15.579977989196777,15.497107027016702,15.579977989196777,426000
2019-08-27,15.579982038749746,15.629706525776934,15.497111055029823,15.530259132385254,1466900
2019-08-28,15.613127638598634,15.613127638598634,15.463957377614843,15.579977989196777,354300
2019-08-29,15.447382552913915,15.613127638598634,15.447382552913915,15.579977989196777,580700
2019-08-30,15.596556111904155,15.662853844064728,15.364514839673456,15.463960647583008,975400
2019-09-03,15.530258613939154,15.579981518643748,15.414237976074219,15.414237976074219,462500
2019-09-04,15.397661933505631,15.463959661438365,15.331364205572896,15.44738483428955,998000
2019-09-05,15.23191701823867,15.44738503194265,15.23191701823867,15.381087303161621,606100
2019-09-06,15.381087533818622,15.381087533818622,15.265066901877592,15.331364631652832,164400
2019-09-10,15.331363644902044,15.480533922461138,15.215343020428286,15.314788818359375,1085800
2019-09-11,15.331363743917368,15.397661469853755,15.331363743917368,15.364513397216797,531000
2019-09-12,15.430811785244295,15.430811785244295,15.314789574380592,15.381087303161621,477400
2019-09-13,15.381090957467238,15.46432228870466,15.381090957467238,15.447675704956055,385300
2019-09-17,15.480966719123186,15.480966719123186,15.281212504441612,15.414381980895996,1330800
2019-09-18,15.314505132208701,15.34779829736288,15.098104321223014,15.164689064025879,826900
2019-09-19,15.031519578420147,15.197982229180058,15.031519578420147,15.164689064025879,737800
2019-09-20,15.148044068954281,15.18133564660297,14.898350092814415,15.164689064025879,2665600
2019-09-23,15.148044626023683,15.214629371275205,15.048166714393629,15.197982788085938,1328500
2019-09-24,15.081459326151416,15.16468906402588,14.865058515165726,15.164689064025879,1519200
2019-09-25,15.18133564660297,15.18133564660297,15.031519578420147,15.164689064025879,1466200
2019-09-26,15.197977257979225,15.214623835111283,15.098099382691855,15.181330680847168,496200
2019-09-27,15.18133388530375,15.18133388530375,15.0315178345022,15.098102569580078,709000
2019-09-30,15.214627046595343,15.214627046595343,14.931641525638039,15.098102569580078,1177300
2019-10-01,15.098102569580078,15.114749150225874,15.0315178345022,15.098102569580078,602300
2019-10-02,15.098101370336268,15.098101370336268,14.981578490081736,15.064809799194336,577300
2019-10-03,14.898346707338463,14.981578013805073,14.748530673199593,14.914993286132812,552100
2019-10-04,14.91499252521071,14.91499252521071,14.73188493032992,14.898345947265625,208900
2019-10-07,14.898346707338463,14.964931435010726,14.76517725199394,14.914993286132812,442600
2019-10-08,14.964933591385913,14.964933591385913,14.831764116852305,14.948287010192871,769800
2019-10-09,14.7318871550401,14.914994777572566,14.7318871550401,14.815116882324219,965300
2019-10-10,14.73188493032992,14.898345947265625,14.73188493032992,14.898345947265625,802500
2019-10-11,14.815114645045249,14.94828409359583,14.815114645045249,14.898345947265625,411400
2019-10-14,14.931639671325684,14.948284662399084,14.815115208781217,14.931639671325684,313200
2019-10-15,14.948287010192873,14.964933591385913,14.831764116852305,14.948287010192871,330100
2019-10-16,14.948287010192873,14.948287010192873,14.831764116852305,14.948287010192871,752600
2019-10-17,14.831761787359728,14.948284662399084,14.831761787359728,14.931639671325684,385500
2019-10-18,14.931639671325684,14.948284662399084,14.898346514168662,14.931639671325684,455700
2019-10-21,14.948288719637677,14.964935302734375,14.865058979165271,14.964935302734375,299600
2019-10-22,14.898348464296557,14.981579780578613,14.898348464296557,14.981579780578613,807400
2019-10-23,14.981580172578953,14.981580172578953,14.848410698045347,14.948287010192871,592200
2019-10-24,14.881701883539083,15.014872942093563,14.881701883539083,14.981579780578613,501500
2019-10-25,15.031520606720585,15.031520606720585,14.93164427943653,14.998229026794434,717700
2019-10-29,14.981578490081736,15.131394528983382,14.948285331434622,15.064809799194336,684000
2019-10-30,15.214627265930176,15.31450357623416,15.114749368120862,15.214627265930176,497100
2019-10-31,14.981578490081736,15.18133267944887,14.948285331434622,15.064809799194336,757400
2019-11-01,14.948284576932245,15.064809038810482,14.931639585954011,15.048162460327148,454300
2019-11-04,15.231273806828746,15.231273806828746,14.98158141819437,15.164689064025879,429300
2019-11-05,15.281211190159649,15.297856182655835,15.081456992658214,15.148041725158691,811400
2019-11-06,15.31450357623416,15.31450357623416,15.164687523272853,15.214627265930176,345500
2019-11-07,15.148042017173298,15.26456490441908,15.148042017173298,15.231271743774414,737300
2019-11-08,15.064807815932713,15.214623835111283,15.064807815932713,15.181330680847168,512300
2019-11-11,15.014871648728848,15.18133267944887,14.981578490081736,15.064809799194336,675600
2019-11-12,15.148041108306938,15.148041108306938,14.981578490081736,15.064809799194336,511900
2019-11-13,14.998225456806747,15.081456768069199,14.93164072529783,15.031517028808594,589500
2019-11-14,15.031518498514448,15.0481650798956,14.964933760495212,15.014873504638672,571500
2019-11-15,15.231274848794294,15.231274848794294,14.981582443078558,14.998229026794434,311100
2019-11-18,14.981581969142107,15.197982788085938,14.981581969142107,15.197982788085938,209400
2019-11-19,15.031517640125564,15.131395535203485,15.031517640125564,15.11474895477295,543400
2019-11-20,14.931640947655826,15.19797987765774,14.931640947655826,15.148041725158691,478100
2019-11-21,15.064807815932713,15.214623835111283,15.064807815932713,15.181330680847168,703300
2019-11-22,15.148044626023683,15.24792095014819,15.148044626023683,15.197982788085938,423400
2019-11-25,15.214626750957356,15.281211484741414,15.197980170635022,15.231271743774414,890700
2019-11-26,15.36443826678488,15.397731421048993,15.13139253695597,15.181330680847168,3058900
2019-11-27,15.148044068954281,15.197982229180058,15.131397486377193,15.164689064025879,869100
2019-11-28,15.16468410371511,15.231268824738368,15.081454393064769,15.181330680847168,123600
2019-11-29,15.314502762657266,15.314502762657266,14.898347787652964,15.148041725158691,518600
2019-12-02,15.281214116526725,15.281214116526725,15.081459880772163,15.197982788085938,243700
2019-12-03,15.18133564660297,15.214628811757148,15.148044068954281,15.164689064025879,418600
2019-12-04,14.9815765177774,15.197977257979225,14.9815765177774,15.181330680847168,876000
2019-12-05,14.964929940645343,15.297853545761624,14.964929940645343,15.181330680847168,424100
2019-12-06,15.164687764394666,15.264565663792059,15.164687764394666,15.247919082641602,171800
2019-12-09,15.214625463915466,15.314501762390137,15.197978885001307,15.314501762390137,337500
2019-12-10,15.397733264441863,15.397733264441863,15.21462565658279,15.297855377197266,302300
2019-12-11,15.381087398426876,15.381087398426876,15.148041629893436,15.264564514160156,285600
2019-12-12,15.164685727172989,15.41437964836995,15.164685727172989,15.314501762390137,741200
2019-12-13,15.480964572561499,15.547549301556177,15.297855377197266,15.297855377197266,388100
2019-12-16,15.480967312308884,15.497613894379876,15.31450466660985,15.364442825317383,450200
2019-12-17,15.331149246241887,15.4310271381171,15.098101890203212,15.264564514160156,702700
2019-12-18,15.231273356026318,15.5475520656081,15.231273356026318,15.497613906860352,1019200
2019-12-19,15.497613346512624,15.980353096967615,15.480966765030118,15.81389045715332,531800
2019-12-20,15.431026921347536,16.612905502319336,15.431026921347536,16.612905502319336,2073000
2019-12-23,16.396507357684406,16.6129065570197,16.246691306217425,16.496383666992188,797800
2019-12-24,16.396510284853786,16.41315528103974,16.180109459380454,16.196754455566406,149900
2019-12-26,16.163463657444503,16.463095828361865,16.163463657444503,16.39651107788086,225500
2019-12-27,16.23004279661708,16.479735127716832,16.23004279661708,16.446443557739258,333100
2019-12-30,16.196749009066313,16.413149761770303,16.046934568737452,16.063579559326172,1131800
2019-12-31,15.980350489713516,16.04693521727461,15.564195545580404,15.680718421936035,436200
2020-01-02,15.664073944091797,15.68072052509105,15.614135788599372,15.664073944091797,345000
2020-01-03,15.797246178024858,15.930415674282797,15.747308013804536,15.780599594116211,644500
2020-01-06,15.91376764996113,15.91376764996113,15.31450344331702,15.630782127380371,182800
2020-01-07,15.797243981116743,16.546322690270365,15.797243981116743,16.046937942504883,604100
2020-01-08,15.647429227997085,15.813891882818439,15.564199488091939,15.614137649536133,399500
2020-01-09,15.56419582680904,15.597487397438567,15.530902668674358,15.5475492477417,515400
2020-01-10,15.630780555573248,15.630780555573248,15.530902668674358,15.5475492477417,213500
2020-01-13,15.46431793991015,15.614133976505908,15.048162988257555,15.5475492477417,490000
2020-01-14,15.56419582680904,15.714010275899643,15.46431793991015,15.5475492477417,426000
2020-01-15,15.5475520656081,15.5475520656081,15.447674160607157,15.497613906860352,559600
2020-01-16,15.264564785498616,15.43102741241455,15.264564785498616,15.43102741241455,461700
2020-01-17,15.431025891784637,15.431025891784637,15.364439577575713,15.397732734680176,1026800
2020-01-20,15.547550298752547,15.547550298752547,15.397734252029258,15.43102741241455,73700
2020-01-21,15.414384124964448,15.630784951179505,15.381090957467238,15.447675704956055,297900
2020-01-22,15.447674160607157,15.497613906860352,15.447674160607157,15.497613906860352,165600
2020-01-23,15.564197540283203,15.580842533677847,15.514257797583276,15.564197540283203,331000
2020-01-24,15.431029166028203,15.5475520656081,15.431029166028203,15.497613906860352,65800
2020-01-28,15.630783388524646,15.630783388524646,15.397736001859409,15.497613906860352,515800
2020-01-29,15.264563753617523,15.647425547135434,15.247917174550182,15.5475492477417,539900
2020-01-30,15.397731512363933,15.564194109661752,15.314500213715023,15.530900955200195,747400
2020-01-31,15.33115126102726,15.6474283831036,15.33115126102726,15.497613906860352,1340600
2020-02-03,15.331152793727025,15.46432228870466,15.331152793727025,15.447675704956055,718500
2020-02-04,15.714013972424521,15.714013972424521,15.480968160681261,15.614137649536133,1979300
2020-02-05,15.480968160681261,15.697368976946809,15.480968160681261,15.614137649536133,554600
2020-02-06,15.514257797583276,15.614135695477799,15.480966223288656,15.564197540283203,527600
2020-02-07,15.48096451897749,15.56419582680904,15.414379790213282,15.5475492477417,434400
2020-02-10,15.297855324247049,15.56419582680904,15.297855324247049,15.5475492477417,821300
2020-02-11,15.397734906294108,16.230044901228926,15.34779675109951,15.564197540283203,617400
2020-02-12,15.480966463894458,15.597489356994629,15.480966463894458,15.597489356994629,352000
2020-02-13,15.547552263346471,15.547552263346471,15.381089615396261,15.48096752166748,1001800
2020-02-14,15.414381726765022,15.614135938153327,15.414381726765022,15.597489356994629,409600
2020-02-17,15.597485676618327,15.597485676618327,15.447669656551286,15.530900955200195,62400
2020-02-18,15.414381487194083,15.564197540283203,15.414381487194083,15.564197540283203,60100
2020-02-19,15.397731512363933,15.530900955200195,15.34779336817658,15.530900955200195,224100
2020-02-20,15.297857238587621,15.43102830028593,14.948286971954774,15.247919082641602,370600
2020-02-21,15.031515944056622,15.564195345192275,15.031515944056622,15.397732734680176,564600
2020-02-24,15.064809124943551,15.064809124943551,14.815115208781217,14.931639671325684,449700
2020-02-25,14.931639103155796,14.981577249486001,14.815114645045249,14.898345947265625,837300
2020-02-26,14.765180041123658,15.114750324312839,14.582072402312347,14.865057945251465,872100
2020-02-27,15.064810703066906,15.231271743774412,14.831763341070065,15.231271743774414,549700
2020-02-28,14.665301420460068,15.164686100125314,14.665301420460068,15.064809799194336,2013500
2020-03-02,14.981579896045329,15.364441731386151,14.981579896045329,15.214627265930176,1160000
2020-03-03,15.264566268870102,15.381089166531495,15.164688365513609,15.331151008605957,690300
2020-03-04,15.364442584721177,15.447673906267351,15.164688365513609,15.331151008605957,491500
2020-03-05,15.148042115634018,15.314503157423506,14.981579486339246,15.11474895477295,483200
2020-03-06,15.114750883899726,15.114750883899726,14.715242427608528,14.765180587768555,630500
2020-03-09,14.64865460227873,14.79847063873751,14.415607258064503,14.73188591003418,927900
2020-03-10,14.582072465156028,14.765180104756471,14.215855598449707,14.215855598449707,769500
2020-03-11,14.232500760894876,14.81511678560666,14.232500760894876,14.715240478515625,876700
2020-03-12,14.315731476645169,14.648655132205594,14.299084896990845,14.63200855255127,1332900
2020-03-13,14.63200855255127,14.63200855255127,14.63200855255127,14.63200855255127,0
2020-03-16,13.316959381103516,13.466775428141773,12.950743347374328,13.316959381103516,1580900
2020-03-17,12.900804085603845,13.583297983228501,12.884157505782456,13.100558280944824,1340900
2020-03-18,13.033975999433206,13.583300536765217,12.884159927887106,13.067268371582031,1429000
2020-03-19,12.950743347374328,13.333605961331159,12.484649419784546,13.316959381103516,978600
2020-03-20,13.23372985032668,13.483423824864456,13.01732983448221,13.433484077453613,2201300
2020-03-23,13.3169601289339,13.433483022060358,13.050621180356078,13.267021179199219,1209500
2020-03-24,13.06726449725282,13.616589665467503,13.06726449725282,13.250372886657715,682100
2020-03-25,13.566649074319209,14.798468782037414,13.566649074319209,14.066035270690918,458600
2020-03-26,14.548778675112196,14.548778675112196,13.599945766410862,13.783053398132324,676000
2020-03-27,13.783054111902535,13.832993858371692,13.51671514742217,13.749762535095215,837300
2020-03-30,13.749761165749645,14.132622992184407,13.433482486298473,13.649883270263672,491900
2020-03-31,13.699821228472574,13.932868589605883,13.583298341658555,13.666529655456543,1124300
2020-04-01,13.533360723640884,13.699821770315301,13.483422568389091,13.566652297973633,854300
2020-04-02,13.566651243229387,13.566651243229387,13.333605478502365,13.466774940490723,321000
2020-04-03,13.366898748360386,13.566652966719442,13.333607172386582,13.483423233032227,602900
2020-04-06,13.400192939848408,13.932870896337462,13.267022656973378,13.583300590515137,550000
2020-04-07,13.733114704834373,13.932868910040417,13.483422345203143,13.882930755615234,642300
2020-04-08,13.59994425787409,13.91622132985724,13.48342137674954,13.53335952758789,1070300
2020-04-09,13.533360381784448,13.68317643126076,13.516713801285903,13.649883270263672,376400
2020-04-10,13.566653306385875,13.783054111902535,13.566653306385875,13.749762535095215,315400
2020-04-13,13.73311524175472,13.882931298392903,13.716468660460395,13.783053398132324,116700
2020-04-14,13.899576432228814,13.982806155022416,13.81634512193001,13.932868003845215,176500
2020-04-15,13.93286786088757,14.066037320997197,13.76640682950313,13.999452590942383,647400
2020-04-16,13.816344368073143,14.066036697840472,13.816344368073143,13.916220664978027,851400
2020-04-17,13.899576432228814,14.04939088576042,13.899576432228814,13.932868003845215,592400
2020-04-20,13.932871619854248,13.982809783991941,13.832995291578863,13.949518203735352,870700
2020-04-21,13.949517927224598,13.949517927224598,13.533362863479852,13.73311710357666,255900
2020-04-22,13.616592866562437,13.649884442914287,13.283668371764092,13.416838645935059,664900
2020-04-23,13.550008126353312,13.550008126353312,13.40019206400642,13.416838645935059,721700
2020-04-24,13.383545482077782,13.483423386144185,13.333607323797294,13.416838645935059,591300
2020-04-27,13.416837934385905,13.533360826695839,13.400191353340102,13.450129508972168,899600
2020-04-28,13.566653098644615,13.6498844206466,13.416838624047552,13.633237838745117,862100
2020-04-29,13.649881417606947,13.733112721297646,13.583296692155404,13.699819564819336,649400
2020-04-30,13.649881417606947,13.733112721297646,13.59994327039456,13.699819564819336,1050300
2020-05-04,13.433483487813405,13.51671480900603,13.333607172386582,13.483423233032227,657400
2020-05-05,13.56665320834648,13.699822689624314,13.500068467707564,13.516715049743652,229900
2020-05-06,13.666531113057577,13.666531113057577,13.483423473176915,13.516715049743652,579300
2020-05-08,13.483423473176915,13.533361631779742,13.450130309104736,13.516715049743652,941300
2020-05-12,13.55000681668,14.132622840320856,13.366897608174217,13.71646785736084,786900
2020-05-13,14.082684838194067,14.082684838194067,13.566651955276242,13.649883270263672,979600
2020-05-14,13.666530760957139,13.666530760957139,13.350253647947113,13.599946022033691,900000
2020-05-15,13.507083020631192,14.047365826202114,13.47331534528301,13.962947845458984,752500
2020-05-18,13.996716150251794,14.081135749816895,13.8447611930686,14.081135749816895,870000
2020-05-19,14.08113661285183,14.182438850402832,13.844762041616105,14.182438850402832,472800
2020-05-20,13.844758544347172,14.28373908996582,13.827874305630386,14.28373908996582,370600
2020-05-21,14.266857056710663,14.283741298037523,13.946064522349731,14.131786346435547,175000
2020-05-22,14.266855629408212,14.283739869045917,14.013598475521503,14.249971389770508,376500
2020-05-27,14.114901251134029,14.26685619354248,14.098018620998474,14.26685619354248,747700
2020-05-28,14.114899923137223,14.28373908996582,14.114899923137223,14.28373908996582,1009000
2020-05-29,14.351277681824374,14.655187606811523,14.148671601889605,14.655187606811523,5005400
2020-06-02,14.655187606811523,14.655187606811523,14.655187606811523,14.655187606811523,0
2020-06-03,14.79025908332561,14.79025908332561,14.41881377935988,14.553884506225586,1004000
2020-06-04,14.53699951922208,14.756489841693911,14.503232644317949,14.655187606811523,821300
2020-06-05,14.688952004590377,14.688952004590377,14.503230198512547,14.638300895690918,642500
2020-06-09,14.655186013111688,14.942211664348747,14.621417531709767,14.739603996276855,708500
2020-06-10,14.73960394830043,14.773372429592438,14.570766372349834,14.67206859588623,678800
2020-06-11,14.874676879295498,14.874676879295498,14.587651217106252,14.756488800048828,662200
2020-06-12,14.604533461505447,14.773372650146484,14.587650830777212,14.773372650146484,364000
2020-06-15,14.773373345760868,14.773373345760868,14.503231919351283,14.604534149169922,663300
2020-06-16,14.60453246775606,15.026628800467735,14.587649838176587,14.705836296081543,351200
2020-06-17,14.705836244280103,14.840906941458472,14.452579089613089,14.638300895690918,777700
2020-06-18,14.452578598712067,14.638300398481608,14.452578598712067,14.520113945007324,455600
2020-06-19,14.452580804441965,14.756489104067791,14.452580804441965,14.604534149169922,3687100
2020-06-22,14.60453381016551,15.077282905578613,14.452580468964735,15.077282905578613,177800
2020-06-23,14.70583566906562,15.2630026756754,14.70583566906562,15.111047744750977,1918000
2020-06-24,15.195470248436939,15.212354490709329,15.094166404972574,15.17858600616455,1637900
2020-06-25,15.178585614425577,15.246120971602169,14.908444185719215,15.195469856262207,835800
2020-06-26,15.195468681344646,15.195468681344646,15.009746866011563,15.094164848327637,561800
2020-06-29,14.824023295860012,15.00974671955066,14.773372184930649,14.891558647155762,368200
2020-06-30,14.638303178608162,15.161701809258572,14.638303178608162,15.009748458862305,1033900
2020-07-01,15.178583843344649,15.178583843344649,14.722720638136577,14.840907096862793,509600
2020-07-02,14.773372834645501,15.060398492817917,14.70583748037963,15.043514251708984,1177100
2020-07-03,15.161700891744642,15.161700891744642,14.840908357872062,15.077282905578613,158300
2020-07-06,15.077282390195071,15.127933502197266,15.026629668023055,15.127933502197266,424300
2020-07-07,15.12793520083474,15.12793520083474,14.92532911990655,15.026631355285645,380700
2020-07-08,15.026627387981154,15.195466549263019,15.026627387981154,15.144815444946289,650500
2020-07-09,15.043514251708984,15.161700719131796,14.857792430020304,15.043514251708984,580100
2020-07-10,15.043514900072397,15.195469856262207,15.026630658235767,15.195469856262207,435500
2020-07-13,15.178585784055873,15.330540741943874,15.111050426124532,15.229238510131836,872800
2020-07-14,15.195467665510227,15.39807370783,15.195467665510227,15.34742259979248,887000
2020-07-15,15.448727508202415,15.718870555211124,15.36430951681779,15.701986312866211,1456700
2020-07-16,15.701985174890064,15.71886941601132,15.414959516508139,15.431843757629395,430300
2020-07-17,15.95524337757578,15.95524337757578,15.364309391840356,15.735753059387207,662900
2020-07-20,15.701983995048309,15.938356912305485,15.617564405955145,15.88770580291748,569700
2020-07-21,15.88770883166745,15.972128436853927,15.550032021091582,15.921477317810059,1107100
2020-07-22,15.972126397898332,15.972126397898332,15.786404578332828,15.955242156982422,438300
2020-07-23,15.887706462825392,16.09031251896254,15.887706462825392,16.039661407470703,234300
2020-07-24,15.837055351333555,16.039661407470703,15.516261221489051,16.039661407470703,367300
2020-07-27,15.955242933024596,16.140966371793283,15.786405346162963,16.07343101501465,1485700
2020-07-28,16.03966335496428,16.10719871520996,16.02277911236036,16.10719871520996,1851900
2020-07-29,16.09031428515188,16.461759567260742,16.09031428515188,16.461759567260742,1163900
2020-07-30,16.461760759624315,16.630599975585938,16.377341151643506,16.630599975585938,1733900
2020-08-03,16.647483188606156,16.66436743282414,15.448729222021878,15.668219566345215,1058000
2020-08-04,15.68510274532193,16.056548042040404,15.465612415905104,15.921477317810059,383000
2020-08-05,15.634450949285458,16.056547346770465,15.364309512522249,15.938359260559082,592800
2020-08-06,16.03966175139214,16.03966175139214,15.820171449994811,15.955242156982422,510600
2020-08-07,15.95524195734285,16.27603609005187,15.95524195734285,16.242267608642578,594500
2020-08-10,16.24226598119157,16.27603445921731,16.03965994354608,16.09031105041504,74700
2020-08-11,15.718867453149809,16.12407952844078,15.718867453149809,16.09031105041504,475200
2020-08-12,16.107199595980298,16.191619203446113,15.837058140225757,15.972128868103027,110300
2020-08-13,15.972129495284943,16.174735595056635,15.921478372884556,16.12408447265625,349200
2020-08-14,16.276039088233876,16.292921721878628,16.191619479329663,16.20850372314453,479900
2020-08-17,16.208500924855795,16.52929345110499,16.208500924855795,16.512409210205078,434300
2020-08-18,16.461753524823997,16.563057331912827,15.887702375049185,16.546173095703125,536700
2020-08-19,16.529292962387526,16.529292962387526,16.36045377872008,16.394222259521484,473200
2020-08-21,16.292919933407315,16.546178732319778,16.292919933407315,16.411108016967773,428000
2020-08-24,16.529296446415543,16.529296446415543,16.377341471119884,16.47864532470703,207400
2020-08-25,16.54617720278823,16.630596794621955,16.394222259521484,16.394222259521484,486900
2020-08-26,16.377339533044804,16.546178732319778,16.12408234430228,16.411108016967773,511800
2020-08-27,16.259153366088867,16.377339841706835,16.0903141636318,16.259153366088867,766200
2020-08-28,16.276037181257582,16.292919812924286,15.195469856262207,15.195469856262207,2114800
2020-09-01,15.46561072125328,15.837055977270461,15.229237784835874,15.566914558410645,1305200
2020-09-02,15.566914322498063,16.039661798338376,15.566914322498063,16.022777557373047,558400
2020-09-03,15.701985448985004,16.02277798503936,15.701985448985004,15.837056159973145,403000
2020-09-04,15.75263742973098,15.803288546595748,15.600682468966697,15.701986312866211,233000
2020-09-07,15.769522574317303,15.870824813842773,15.6513360914809,15.870824813842773,158500
2020-09-08,15.735747904436897,15.78640061446605,15.617561468041075,15.752632141113281,334600
2020-09-09,15.465613466239862,15.735754933046998,15.465613466239862,15.668219566345215,236900
2020-09-10,15.973441092241563,15.973441092241563,15.685172920016003,15.854743003845215,300800
2020-09-11,15.600388357738774,15.803871494305863,15.600388357738774,15.78691577911377,420100
2020-09-14,15.685176796383535,15.769961859251561,15.651262124380098,15.702134132385254,108700
2020-09-15,15.837785672034261,15.871698718516003,15.61734520991235,15.854743003845215,1849800
2020-09-17,16.02431378752628,16.668677935251136,15.939528733352413,16.193883895874023,613400
2020-09-18,16.109099986900972,16.346497832036416,15.888659477233887,15.888659477233887,2125800
2020-09-21,15.939528230040137,16.176926050802738,15.837787461956419,16.14301300048828,1258800
2020-09-22,16.143013119583625,16.22779655456543,16.143013119583625,16.22779655456543,821200
2020-09-23,16.193882892008066,16.210840225219727,15.973442411677365,16.210840225219727,329500
2020-09-24,16.22779520667977,16.22779520667977,15.871699311056378,16.007354736328125,384400
2020-09-25,16.041270450122425,16.075183500087753,15.600389480590822,15.60038948059082,248600
2020-09-28,15.702132078683308,16.51606469462369,15.600389693120581,16.499107360839844,409900
2020-09-29,16.49910355229892,16.49910355229892,15.854741188656522,15.95648193359375,559500
2020-09-30,16.04127071625197,16.126055768282402,15.922572613693582,16.109098434448242,337500
2020-10-01,15.871698718516003,16.007354138723304,15.753000630119654,15.854743003845215,164900
2020-10-02,15.685172920016003,15.939526428619654,15.685172920016003,15.854743003845215,206800
2020-10-05,15.685177297333757,15.93953087692076,15.685177297333757,15.871703147888184,85600
2020-10-06,15.786916366349754,16.14301227287314,15.769959033386668,15.93952751159668,378800
2020-10-07,15.78691636899758,15.905614465478525,15.685173988342285,15.685173988342285,592600
2020-10-08,15.803871598420505,16.02431206877215,15.769958550672683,16.007354736328125,781600
2020-10-09,16.024313299575628,16.312581504704596,15.990400249222995,16.26171112060547,1703900
2020-10-12,16.10909924470984,16.312582409533533,16.10909924470984,16.278669357299805,1782000
2020-10-13,16.109097864710357,16.346495678571333,16.109097864710357,16.329538345336914,1564300
2020-10-14,16.32954165294362,16.516067504882812,16.27867126007669,16.516067504882812,1206900
2020-10-15,16.44823687562166,16.600849644458393,16.363451824363437,16.533021926879883,1223100
2020-10-16,16.38040880756141,16.397366140878294,16.109097943052447,16.176925659179688,870100
2020-10-19,16.516066807701364,16.516066807701364,16.075185775756836,16.075185775756836,152100
2020-10-20,16.092137338270042,16.109094668139576,15.939524603724218,15.95648193359375,278600
2020-10-21,15.956486141141186,16.092141581588304,15.888658420917626,15.92257308959961,804700
2020-10-22,15.92257301622996,16.193883895874023,15.871701013441395,16.193883895874023,419500
2020-10-23,15.922572613693582,16.176926152644516,15.85474489549731,16.109098434448242,127200
2020-10-26,16.109098841700153,16.278668950047894,15.939528733352413,16.193883895874023,182100
2020-10-27,16.210840325813464,16.22779604199004,16.058227560242095,16.176925659179688,384200
2020-10-28,16.19388430100482,16.278669357299805,15.871701410511978,16.278669357299805,381900
2020-10-30,16.27866770229726,16.27866770229726,15.905614462810789,15.93952751159668,756800
2020-11-02,15.82082941778916,15.939527514270102,15.685173988342285,15.685173988342285,227200
2020-11-03,15.6851730035795,15.820828424509514,15.566474914550781,15.566474914550781,354600
2020-11-04,15.702132759981982,15.71909009450159,15.295166434353957,15.498649597167969,192600
2020-11-05,15.583431607686991,15.854744083721016,15.362992747691031,15.685173988342285,450800
2020-11-06,15.685175187971202,16.227796947259332,15.685175187971202,16.193883895874023,341700
2020-11-09,16.19388551028994,16.36345401840206,15.956487658364296,16.075185775756836,352100
2020-11-10,16.075183176666734,16.26171060771441,16.007355460960387,16.210840225219727,504800
2020-11-11,16.19388215893195,16.19388215893195,15.685173505592784,16.007354736328125,197600
2020-11-12,16.007356453263426,16.244754281522187,15.973443401878122,16.193883895874023,721000
2020-11-13,16.14301250951338,16.210840225219727,16.007355460960387,16.210840225219727,212800
2020-11-16,16.397365296839567,16.397365296839567,15.888656643500404,16.007354736328125,216200
2020-11-17,16.363451870383123,16.363451870383123,16.0073559478094,16.14301300048828,435000
2020-11-18,15.939528330387379,16.51606474362588,15.939528330387379,16.109098434448242,304100
2020-11-19,16.05822727908048,16.126054994020134,15.668216705322266,15.668216705322266,320000
2020-11-20,15.719088283969326,15.769958664528447,15.278207340082968,15.32907772064209,395200
2020-11-23,15.49864759802534,15.939526918683923,15.464732933360715,15.78691577911377,531000
2020-11-24,15.905614462810789,16.024312559271824,15.600388938036378,15.93952751159668,400700
2020-11-25,16.02431150235612,16.04126883420075,15.905613413724055,15.973441123962402,364900
2020-11-26,15.87169979688462,16.17692532165903,15.87169979688462,15.93952751159668,290100
2020-11-27,15.854744083721016,15.99039951316789,15.447776178240119,15.685173988342285,479800
2020-11-30,15.719090017273912,15.820830789610854,15.261251690336419,15.769960403442383,2578300
2020-12-01,15.515605238319191,15.803873455174557,15.515605238319191,15.769960403442383,196400
2020-12-02,15.583432147037989,15.769959581838465,15.532561763519832,15.60038948059082,528700
2020-12-03,15.600390133797331,16.193883895874023,15.498649362501009,16.193883895874023,704200
2020-12-04,16.19388307275108,16.19388307275108,15.820829823632307,16.02431297302246,170700
2020-12-07,16.024314043245706,16.024314043245706,15.617347717285156,15.617347717285156,318400
2020-12-08,15.854744962079199,15.871700678844201,15.566476754249368,15.837787628173828,174500
2020-12-09,16.024313861364746,16.092141581588304,15.685175260246947,15.92257308959961,533900
2020-12-10,15.99040187290351,15.99040187290351,15.786918698704781,15.888659477233887,205600
2020-12-11,15.973443696869387,15.973443696869387,15.210381429493422,15.48169231414795,775000
2020-12-14,15.566476430625494,15.753002248285634,15.362993279412523,15.60038948059082,351500
2020-12-15,15.60038894065292,15.753001703065722,15.515603892963554,15.685173988342285,586100
2020-12-16,15.803875418855608,15.92257515751808,15.685177297333757,15.871703147888184,657100
2020-12-17,15.93952792315815,16.041270306423385,15.769959440569849,16.02431297302246,481800
2020-12-18,16.075182343061982,16.075182343061982,15.685173402260116,15.78691577911377,1039300
2020-12-21,15.78691577911377,15.837786158970486,15.668216069927803,15.78691577911377,148100
2020-12-22,15.769958446781457,15.78691577911377,15.65125873759549,15.78691577911377,327800
2020-12-23,15.820828371641078,16.04126883420075,15.685172951164384,15.973441123962402,82600
2020-12-24,15.956485256559077,16.02431297302246,15.820829823632307,16.02431297302246,157000
2020-12-28,15.769958550672683,16.109097113852048,15.769958550672683,16.007354736328125,86500
2020-12-29,15.803871494305863,16.109097007726604,15.769958446781457,15.78691577911377,117800
2020-12-30,15.75300343185041,16.07518470785886,15.75300343185041,15.990401268005371,264500
2020-12-31,15.820832250116148,16.007358094713346,15.702134132385254,15.702134132385254,174400
2021-01-04,15.702134132385254,15.888659976982455,15.600391733515512,15.702134132385254,383200
2021-01-05,15.702131318674608,15.93952751159668,15.600388938036378,15.93952751159668,250500
2021-01-06,15.88865851021562,15.922573179088214,15.68517534840132,15.769960403442383,396300
2021-01-07,15.685175187971202,16.227796947259332,15.685175187971202,16.193883895874023,860000
2021-01-08,16.193883808767268,16.533022406498123,16.176926474595625,16.34649658203125,1031700
2021-01-11,16.34649528833898,16.36345100402832,16.126054812974896,16.36345100402832,704600
2021-01-12,15.871702595737952,16.2617132369629,15.871702595737952,16.075185775756836,596000
2021-01-13,16.02431427958167,16.227797445563034,15.973443892371442,16.126056671142578,1304400
2021-01-14,16.278669357299805,16.346497078907703,16.22779735323855,16.278669357299805,1254100
2021-01-15,16.278667061192287,16.34649477323308,16.210839349151495,16.312580108642578,392400
2021-01-18,16.109097455760164,16.278667549519007,15.99039936041313,16.244752883911133,148600
2021-01-19,16.278668041940705,16.31258109143417,16.07518327641867,16.176925659179688,276700
2021-01-20,16.109097943052447,16.278668041940705,16.041270226925207,16.176925659179688,195900
2021-01-21,16.126051998009107,16.312577775154015,15.939524603724218,15.95648193359375,167300
2021-01-22,16.092139212594468,16.092139212594468,15.939526460273143,15.973441123962402,254800
2021-01-25,15.973441092241563,16.193881554363475,15.753000630119654,15.854743003845215,565900
2021-01-26,16.10909651244887,16.10909651244887,15.786915293741565,15.854743003845215,1031900
2021-01-27,16.09214163351112,16.09214163351112,15.820830751741472,15.90561580657959,769100
2021-01-29,15.78691636899758,16.092140276682905,15.430820462414468,15.685173988342285,1378500
2021-02-02,15.685176401492788,15.905616912543604,15.668219065917988,15.73604679107666,556400
2021-02-03,15.88865851021562,15.905615844651917,15.702132682837615,15.769960403442383,1150700
2021-02-04,15.803873366353073,15.92257308959961,15.668217925905955,15.92257308959961,347500
2021-02-05,15.854747428485505,16.007358605953335,15.78691969945293,15.871703147888184,29700
2021-02-08,16.02431147053426,16.02431147053426,15.753000630119654,15.854743003845215,142900
2021-02-09,15.820831350845953,15.990401466943487,15.719090574899816,15.803874015808105,78600
2021-02-10,15.922571203491827,15.939526918683923,15.769958446781457,15.78691577911377,326200
2021-02-11,15.939526428619654,15.939526428619654,15.719087583637913,15.854743003845215,57600
2021-02-15,15.769960314811499,15.939528806800192,15.769960314811499,15.92257308959961,188500
2021-02-16,15.922572246604187,15.922572246604187,15.617346713187647,15.63430404663086,192200
2021-02-17,15.600389480590822,15.685174531214644,15.515604429966999,15.60038948059082,806100
2021-02-18,15.600388522776745,15.651258903171625,15.26124995824382,15.34603500366211,758100
2021-02-19,15.481689890035941,15.53256026865831,15.362991800870358,15.430819511413574,822900
2021-02-22,15.430819511413574,15.51560293673746,15.346034468949508,15.430819511413574,812100
2021-02-23,15.515603016502716,15.685173102302604,15.430819590742962,15.532560348510742,764600
2021-02-24,15.685173102302604,15.70213043431063,15.515603016502716,15.532560348510742,849400
2021-02-25,15.600388990382612,15.685174038342248,15.515603942422976,15.668216705322266,931000
2021-02-26,15.668215619319755,15.973441123962402,15.51560286699843,15.973441123962402,3347100
2021-03-01,15.956484844559764,15.956484844559764,15.786916366349754,15.93952751159668,553600
2021-03-02,15.93952751159668,15.956484844559764,15.922571795773873,15.93952751159668,477900
2021-03-03,16.007356985691793,16.10909937751262,15.668218374856462,15.990401268005371,717600
2021-03-04,15.939528896384092,15.939528896384092,15.702132682837615,15.769960403442383,566900
2021-03-05,15.76996236290963,15.93953087692076,15.719091970420354,15.871703147888184,416700
2021-03-08,15.769958446781457,15.922571203491827,15.753001114449145,15.78691577911377,605500
2021-03-09,15.73604669229971,15.9225741481706,15.73604669229971,15.888659477233887,725600
2021-03-10,15.922568890994668,16.024309635931896,15.888654231255604,15.95648193359375,586100
2021-03-11,16.024314926699706,16.024314926699706,15.888659477233887,15.888659477233887,318400
2021-03-12,15.854743003845217,15.939526428619654,15.80387100841235,15.854743003845215,269900
2021-03-15,15.803872082172559,15.956484844559764,15.786916366349754,15.93952751159668,755800
2021-03-16,15.92257308959961,16.007356527023752,15.905615755258617,15.92257308959961,375800
2021-03-17,15.939528896384092,15.939528896384092,15.702132682837615,15.769960403442383,544300
2021-03-18,15.71908997964806,15.939528858230588,15.71908997964806,15.90561580657959,339900
2021-03-19,15.78691773787868,15.871701175779323,15.68517534840132,15.769960403442383,1775900
2021-03-22,15.769959892577173,15.85474494487164,15.634304455762173,15.71908950805664,308800
2021-03-23,15.753004523249842,15.753004523249842,15.685176796383535,15.702134132385254,305500
2021-03-24,15.769960314811499,15.92257308959961,15.668217925905955,15.92257308959961,364200
2021-03-25,15.922572663279139,15.922572663279139,15.651260172508774,15.71908950805664,426600
2021-03-26,15.769961859251561,15.854746922119585,15.634306405518949,15.702134132385254,1169000
2021-03-29,15.837787628173828,15.871700678844201,15.668217523400855,15.837787628173828,350000
2021-03-30,15.854743003845217,15.854743003845217,15.753000630119654,15.854743003845215,224000
2021-03-31,15.888657132512595,15.888657132512595,15.61734627361885,15.685173988342285,1318600
2021-04-01,15.685176401492788,15.786918797801059,15.617348676334116,15.73604679107666,398300
2021-04-02,15.719088654274143,15.76995903603165,15.668216655376357,15.685173988342285,557300
2021-04-05,15.803874516235332,15.837789187384931,15.685176401492788,15.73604679107666,85500
2021-04-06,15.719087583637913,15.854743003845217,15.685172920016003,15.854743003845215,376500
2021-04-07,15.871700678844201,15.871700678844201,15.685174857306226,15.837787628173828,565000
2021-04-08,15.837786750755088,15.854744083721016,15.515603892963554,15.685173988342285,426100
2021-04-09,15.820830277097706,15.820830277097706,15.651260172508774,15.71908950805664,414600
2021-04-12,15.685175904824119,15.803874015808105,15.685175904824119,15.803874015808105,226600
2021-04-13,15.803874914114429,15.803874914114429,15.685176796383535,15.702134132385254,271800
2021-04-14,15.702134635277183,15.786919700860619,15.583434896604128,15.753005027770996,604900
2021-04-15,15.786914439484212,15.837784815024223,15.600387033937364,15.82082748413086,573000
2021-04-16,15.820832756809619,15.83779009335443,15.702134635277183,15.753005027770996,270500
2021-04-19,15.854744083721016,15.854744083721016,15.685173988342285,15.685173988342285,193400
2021-04-20,15.837788124047151,15.837788124047151,15.68517534840132,15.769960403442383,290300
2021-04-21,15.685173988342285,15.736044370099794,15.668216655376357,15.685173988342285,335500
2021-04-22,15.837784815024223,15.837784815024223,15.651257409477376,15.82082748413086,916200
2021-04-23,15.685174857306226,15.837787628173828,15.685174857306226,15.837787628173828,227200
2021-04-26,15.854744083721016,15.871699799546667,15.685173988342285,15.685173988342285,613600
2021-04-27,15.78691636899758,15.80387208482323,15.634303606584778,15.685173988342285,560200
2021-04-28,15.668214740370741,15.82082748413086,15.634301695724094,15.82082748413086,280300
2021-04-30,15.60038894065292,15.82082941778916,15.60038894065292,15.685173988342285,822100
2021-05-03,15.753001703065722,15.753001703065722,15.651259322410429,15.685173988342285,352600
2021-05-04,15.76996146222626,15.820831851810132,15.719091072642387,15.73604679107666,174600
2021-05-05,15.702131321308215,15.753001703065722,15.685173988342285,15.685173988342285,376800
2021-05-06,15.719090574899816,15.803874015808105,15.634305516851049,15.803874015808105,306000
2021-05-07,15.820828340223306,15.854743003845217,15.76995796193061,15.854743003845215,138500
2021-05-10,15.854747428485505,15.888660484431483,15.820832755398907,15.871703147888184,804600
2021-05-11,15.905617820974781,15.905617820974781,15.736047689823033,15.871703147888184,250400
2021-05-12,15.958239597091145,16.148630142211914,15.473606417543635,16.148630142211914,308600
2021-05-17,15.802465030692819,16.44287140304978,15.802465030692819,16.010164260864258,646800
2021-05-18,16.01016876872797,16.235176744095867,16.01016876872797,16.183252334594727,378300
2021-05-19,16.23517623981878,16.23517623981878,15.992859585261305,16.165943145751953,210900
2021-05-20,16.252486179959543,16.2697932168262,16.11401998114252,16.21786880493164,676300
2021-05-21,16.217863491035697,16.26978788591687,15.85438942557399,16.010164260864258,362100
2021-05-24,16.148634459573454,16.26979196152861,16.0447856437968,16.165943145751953,299700
2021-05-25,16.165943647878606,16.20055937066363,16.165943647878606,16.183252334594727,403700
2021-05-27,16.010164260864258,16.44287140304978,16.010164260864258,16.010164260864258,2005500
2021-05-28,16.010168923268967,16.183252490806442,16.010168923268967,16.1140193939209,272100
2021-05-31,16.010164767316862,16.183248289924954,16.010164767316862,16.02747344970703,86600
2021-06-01,16.02747761015216,16.16594380392325,16.02747761015216,16.1140193939209,86000
2021-06-02,16.165943145751953,16.183251831930452,16.0274769576183,16.165943145751953,267800
2021-06-03,16.079400512653024,16.21786669344241,16.027476107518773,16.062091827392578,143000
2021-06-04,16.0274729427069,16.04478162454954,15.81977371253546,16.010164260864258,556700
2021-06-08,16.010169011268946,16.200559616088867,16.010169011268946,16.200559616088867,446700
2021-06-09,16.09670904851388,16.200557857818524,16.01016727366197,16.131324768066406,294300
2021-06-10,16.044784792779215,16.114017883173908,15.992858736997885,16.062091827392578,264800
2021-06-11,16.062094235728292,16.11402029929537,15.940936722033102,16.079402923583984,365700
2021-06-14,16.010168424008103,16.148634613461265,15.992859737664665,16.096710205078125,257500
2021-06-15,16.010164260864258,16.148630414311885,15.958239865983085,16.010164260864258,411200
2021-06-16,16.010167175910208,16.14863335456902,15.992858490916095,16.044784545898438,881300
2021-06-17,15.958242866310245,16.010167270953783,15.906316811019645,15.940934181213379,529400
2021-06-18,16.01016777633876,16.114018239551097,15.94093468441291,15.958243370056152,3608300
2021-06-21,15.958242361469214,16.044784133568726,15.837083220271094,15.923624992370605,228200
2021-06-22,15.923624992370605,16.010166764470117,15.802467501819496,15.923624992370605,303700
2021-06-23,15.871701091472975,15.992858585856915,15.871701091472975,15.940934181213379,123900
2021-06-24,15.923624992370605,15.975549395371507,15.889009273919006,15.923624992370605,452500
2021-06-25,15.923622502297803,16.010164260864258,15.889006789259273,16.010164260864258,473600
2021-06-28,16.010167270953783,16.044784641147515,15.871701091472975,15.940934181213379,566000
2021-06-29,15.923624992370605,15.992858079920811,15.923624992370605,15.923624992370605,173500
2021-06-30,15.837084770202637,15.92362655077175,15.837084770202637,15.837084770202637,693600
2021-07-01,15.837081800707157,15.975547963396094,15.750541687011719,15.750541687011719,524200
2021-07-02,15.802467795894358,15.837083514990136,15.750543391927174,15.78515911102295,337800
2021-07-05,15.75054324473291,15.906316455178711,15.69861719060395,15.854392051696777,198300
2021-07-06,15.889010828932408,15.92362655077175,15.837084770202637,15.837084770202637,102400
2021-07-07,15.837082130440068,15.992856979370117,15.733233331584632,15.992856979370117,217000
2021-07-08,15.767852832189227,15.889011994129886,15.664004008408424,15.802470207214355,391400
2021-07-09,15.837083870020694,15.94093433093019,15.802468150148913,15.87170124053955,180900
2021-07-12,15.767848212404806,15.837081291523337,15.68130810149175,15.733232498168945,193000
2021-07-13,15.837086433470862,15.906319535067832,15.733237606399083,15.819779396057129,90900
2021-07-14,15.733234204190785,15.837083008805944,15.733234204190785,15.767849922180176,150600
2021-07-15,15.802466085358354,15.906314882051625,15.750541687011719,15.750541687011719,105700
2021-07-16,15.750543098818595,15.923624992370605,15.629383957620474,15.923624992370605,223500
2021-07-19,15.73323441426929,16.044784133568726,15.73323441426929,15.923624992370605,602300
2021-07-21,15.785161519701791,15.923627718507722,15.73323710781139,15.802470207214355,471100
2021-07-22,15.85438942557399,16.010164260864258,15.85438942557399,16.010164260864258,526000
2021-07-23,15.785156175416978,15.992855403306404,15.785156175416978,15.889006614685059,184000
2021-07-26,15.785157402360522,15.837081800707157,15.69861563801822,15.750541687011719,282100
2021-07-27,15.837083220271094,15.923624992370605,15.664001326719083,15.923624992370605,307000
2021-07-28,15.733234911992167,15.992858585856915,15.715926226895299,15.940934181213379,319700
2021-07-29,15.785161519701791,15.923627718507722,15.767852832189227,15.802470207214355,234100
2021-07-30,15.750543237706383,15.923625132784625,15.66400146484375,15.66400146484375,533500
2021-08-02,15.819778044282328,15.819778044282328,15.594770070656915,15.69861888885498,306700
2021-08-03,15.698617485314532,15.819776629909603,15.612077361435697,15.715926170349121,748400
2021-08-04,15.80246935770025,15.80246935770025,15.62938579317387,15.69861888885498,600400
2021-08-05,15.681311852920107,15.750544948601217,15.664003166338027,15.69861888885498,271100
2021-08-06,15.66400146484375,15.698617183600588,15.61207706138498,15.66400146484375,529700
2021-08-09,15.69861888885498,15.71592757543706,15.664003166338027,15.69861888885498,215600
2021-08-11,15.698615133286276,15.85438997396467,15.68130810149175,15.733232498168945,436100
2021-08-12,15.68130810149175,15.871698656406005,15.68130810149175,15.733232498168945,230700
2021-08-13,15.923624779749904,15.923624779749904,15.733234204190785,15.767849922180176,397700
2021-08-16,15.767849922180176,15.837083008805944,15.750542888508974,15.767849922180176,206200
2021-08-17,15.889007849700654,15.906314882051625,15.750541687011719,15.750541687011719,716200
2021-08-18,15.733233004013886,15.76784871936269,15.646691239671584,15.750541687011719,332400
2021-08-19,15.68130860566725,15.750541687011719,15.646691239671584,15.750541687011719,181800
2021-08-20,15.698615133286276,15.837081291523337,15.68130810149175,15.733232498168945,176900
2021-08-23,15.75054118061028,15.767848212404806,15.68130810149175,15.733232498168945,267400
2021-08-24,15.750542888508974,15.871700377442323,15.715925519872595,15.767849922180176,476900
2021-08-25,15.785156175416978,15.940931008995731,15.767847493764508,15.889006614685059,448300
2021-08-26,15.940934331863636,16.16594228830816,15.854392556208499,16.062091827392578,823700
2021-08-27,15.889009926729385,16.096709197913466,15.871701241468942,16.062091827392578,686100
2021-08-30,16.131322242754443,16.131322242754443,15.923623006012814,16.02747344970703,1543600
2021-09-01,15.940931184140444,16.183247777997167,15.906313820455162,16.010164260864258,637100
2021-09-02,16.010166764470117,16.079399852020323,15.906316307821301,15.923624992370605,549900
2021-09-03,15.92362448752838,16.010166256884172,15.819775684818996,15.906315803527832,541400
2021-09-06,15.837084770202637,15.87170214268915,15.785160362120036,15.837084770202637,1636000
2021-09-07,15.837083366987125,15.889009421116084,15.802467648214844,15.854392051696777,1279600
2021-09-08,15.837082130440068,15.992856979370117,15.802466414370555,15.992856979370117,1445400
2021-09-09,15.923249244689941,15.992859013970582,15.871042332636414,15.923249244689941,1808200
2021-09-10,15.923249244689941,16.184287124213203,15.90584804709064,15.923249244689941,611500
2021-09-13,16.149480988158913,16.149480988158913,15.905847631850897,15.958054542541504,425000
2021-09-14,16.097273951488937,16.097273951488937,15.923248704378496,16.027664184570312,441600
2021-09-15,16.027664310004905,16.0450671667777,15.92324882899592,15.958054542541504,372100
2021-09-17,15.940652101917054,16.062468783251223,15.871042332636414,15.923249244689941,983400
2021-09-20,15.923249244689941,16.04506758565192,15.90584804709064,15.923249244689941,606700
2021-09-21,15.958054542541504,16.062468363922722,15.92324882899592,15.958054542541504,261900
2021-09-22,15.923248083982855,16.01026070414792,15.905846887651993,15.940650939941406,326600
2021-09-23,16.04506758565192,16.04506758565192,15.90584804709064,15.923249244689941,525100
2021-09-24,15.90584804709064,15.97545781637128,15.766628508529358,15.923249244689941,527400
2021-09-27,15.923248083982855,16.06246761239589,15.784028555569822,15.940650939941406,295400
2021-09-28,15.940654688668673,16.062471389770508,15.83624084761798,16.062471389770508,517900
2021-09-29,16.097273079693117,16.097273079693117,15.7666271196437,16.079870223999023,246700
2021-09-30,15.923245770155175,16.02766123110605,15.836234822261472,15.975454330444336,748400
2021-10-01,15.923249244689941,15.992859013970582,15.888445189863527,15.923249244689941,536500
2021-10-04,15.97545781637128,15.992859013970582,15.8536394754093,15.923249244689941,505600
2021-10-05,15.923248910960444,16.01026153564453,15.836237945904132,16.01026153564453,365000
2021-10-06,16.079871256511062,16.2887005593664,16.02766434570417,16.271299362182617,827100
2021-10-07,16.271298738649296,16.271298738649296,16.06246778416881,16.18428611755371,598800
2021-10-08,16.166885375976562,16.18428823439745,16.09727560192094,16.166885375976562,108100
2021-10-11,16.14947977970882,16.184285490649927,16.07987001745425,16.097272872924805,120800
2021-10-12,16.062471389770508,16.07987424982165,15.940654688668673,16.062471389770508,207200
2021-10-13,16.062467161983697,16.11467572839536,15.97545620388622,16.097272872924805,377900
2021-10-14,16.027664392506907,16.09727416032862,15.99285867878216,16.01026153564453,208800
2021-10-15,15.975460408770957,16.097277109872792,15.975460408770957,16.062471389770508,304500
2021-10-18,16.097272872924805,16.14947977970882,15.958053348415666,16.097272872924805,277900
2021-10-20,16.01026446924516,16.114679969923934,15.99286160919402,16.062471389770508,240100
2021-10-21,16.149480988158913,16.149480988158913,15.92324882899592,15.958054542541504,327300
2021-10-22,15.923248704378496,16.097273951488937,15.905847507369655,16.027664184570312,155000
2021-10-25,15.94065069770162,16.114675935387208,15.94065069770162,16.079870223999023,237300
2021-10-26,15.940651767822816,16.062468446603873,15.940651767822816,16.01026153564453,488500
2021-10-27,16.097273951488937,16.097273951488937,16.010261327933716,16.027664184570312,424100
2021-10-28,16.097277109872792,16.097277109872792,15.940654688668673,16.062471389770508,207000
2021-10-29,15.958052871483593,15.99285692175688,15.818833351135254,15.818833351135254,711500
2021-11-01,15.662213743700757,15.679616601726673,15.488188482697373,15.627408027648926,218000
2021-11-02,15.853636240150008,15.853636240150008,15.41857485602224,15.575197219848633,613000
2021-11-03,15.62740636639465,15.644809222570576,15.435979927342613,15.488186836242676,475500
2021-11-05,15.575201912245392,15.818836958223635,15.401178301942053,15.522994995117188,454300
2021-11-08,15.488184611097584,15.610002927200041,15.488184611097584,15.575197219848633,416400
2021-11-09,15.575199915536295,15.575199915536295,15.435980381290097,15.470786094665527,499300
2021-11-10,15.818835486817736,15.818835486817736,15.26195733024091,15.366371154785156,301700
2021-11-11,15.47078663895722,15.47078663895722,15.296761385213054,15.366371154785156,170500
2021-11-12,15.45338481849774,15.488188875805053,15.36637218578757,15.4185791015625,197400
2021-11-15,15.418574710753878,15.418574710753878,14.739880020070563,14.96611213684082,436800
2021-11-16,15.035724062629146,15.296760264492708,14.983515494554277,15.122735023498535,340400
2021-11-17,15.227150958508576,15.227150958508576,15.053125712274522,15.105334281921387,186700
2021-11-18,15.140138626098635,15.227151250886397,15.03572480405554,15.140138626098633,346000
2021-11-19,15.227150365576993,15.227150365576993,14.861698690418038,14.896504402160645,902600
2021-11-22,14.84429699245161,15.000919388255046,14.70507745387696,14.87910270690918,755400
2021-11-23,14.87910270690918,14.96611533342529,14.7572843659355,14.87910270690918,613800
2021-11-24,15.018321122241598,15.140137794476617,14.87910159407938,15.070528030395508,447900
2021-11-25,14.861700541546337,15.122736773619037,14.861700541546337,15.018322944641113,190100
2021-11-26,15.053125460302288,15.053125460302288,14.73988234580317,14.809492111206055,1160300
2021-11-29,14.983516870930329,14.983516870930329,14.60066396097885,14.79209041595459,953700
2021-11-30,15.018321136149453,15.505589485168457,14.809491843712737,15.505589485168457,4727100
2021-12-01,15.48818820794316,15.48818820794316,14.774687637816688,14.844297409057617,893500
2021-12-02,14.826894246677071,15.227149963378906,14.670271867227608,15.227149963378906,815900
2021-12-06,15.22715083107591,15.22715083107591,14.687673899967304,14.739882469177246,518500
2021-12-07,14.792090240411227,14.983516693115234,14.722480470370874,14.983516693115234,401500
2021-12-08,14.809493353251082,14.966115753450133,14.739883582010155,14.844297409057617,278200
2021-12-09,14.93130642981734,15.018319037748586,14.844293821886094,14.96611213684082,511200
2021-12-10,15.018321069869017,15.018321069869017,14.705076302782544,14.757283210754395,1176500
2021-12-13,14.722479612773933,14.879102001148294,14.61806413398178,14.739882469177246,192300
2021-12-14,14.687675608126467,14.722481324980958,14.60066463524609,14.61806583404541,630100
2021-12-15,14.722478780103625,14.722478780103625,14.531052349377019,14.670271873474121,495400
2021-12-16,14.670273035019607,14.670273035019607,14.513650643102594,14.652870178222656,493000
2021-12-17,14.548454697068724,14.705077088985737,14.531053499899544,14.652870178222656,1121400
2021-12-20,14.65286880234315,14.65286880234315,14.461442374434622,14.548453330993652,124400
2021-12-21,14.444041589841644,14.444041589841644,13.991577248511902,14.35702896118164,699900
2021-12-22,14.461442826218065,14.531052589416504,14.235210680916216,14.531052589416504,293700
2021-12-23,14.531052589416504,14.531052589416504,14.322221640193517,14.531052589416504,314700
2021-12-24,14.531053003970962,14.531053003970962,14.444040382583623,14.496247291564941,12600
2021-12-27,14.426637114805011,14.722479023305299,14.426637114805011,14.531052589416504,131400
2021-12-28,14.757285382207524,14.757285382207524,14.478846285883295,14.61806583404541,175200
2021-12-29,14.652870386341002,14.792089923438436,14.618064672252748,14.635467529296875,748100
2021-12-30,14.792088542152177,14.792088542152177,14.531052349377019,14.670271873474121,127700
2021-12-31,14.7572843659355,14.87910270690918,14.600663629759877,14.87910270690918,391400
2022-01-03,14.861698690418038,15.087930837861933,14.861698690418038,14.896504402160645,173600
2022-01-04,14.896505110488315,15.00091893142564,14.478844847855738,14.600663185119629,173200
2022-01-05,14.496247011267455,14.757283210754395,14.39183319532375,14.757283210754395,202100
2022-01-06,14.548455000841225,14.548455000841225,14.252613067626953,14.252613067626953,422400
2022-01-07,14.357028550961086,14.444041177134897,14.11339352959998,14.252613067626953,218800
2022-01-10,14.252611856898456,14.252611856898456,14.095991134643555,14.095991134643555,203400
2022-01-11,14.113393932859196,14.426638732184072,14.095992734829478,14.35702896118164,404700
2022-01-12,14.357027761196285,14.531053003970962,14.20040537462462,14.496247291564941,234200
2022-01-13,14.461445087083975,14.61806583404541,14.391835313002918,14.61806583404541,621500
2022-01-14,14.531053706287699,14.652870386341002,14.478845135155316,14.635467529296875,507000
2022-01-17,14.513650480595157,14.513650480595157,14.374430947033916,14.409235000610352,446900
2022-01-19,14.357027677581335,14.444040298461914,14.357027677581335,14.444040298461914,256500
2022-01-20,14.444040505887706,14.461443362239278,14.426637649536133,14.426637649536133,375900
2022-01-21,14.513650063240837,14.513650063240837,14.374430533682991,14.444040298461914,428500
2022-01-24,14.391833389784649,14.513650063240837,14.391833389784649,14.444040298461914,178700
2022-01-25,14.444040799113475,14.513650566305174,14.026382195963281,14.16560173034668,309200
2022-01-26,14.18300370386163,14.35702896118164,14.043784161856763,14.35702896118164,393900
2022-01-27,14.165600656784955,14.322221376375715,13.852355898348163,14.235210418701172,160800
2022-01-28,14.33962657477839,14.33962657477839,14.165602971367159,14.200407028198242,721700
2022-01-31,14.04378293392418,14.095991502331986,13.817551612854004,13.817551612854004,288000
2022-02-03,13.921968140489456,14.252614153589791,13.869760394844477,14.183004379272461,320900
2022-02-04,14.183004169968747,14.200407028198242,13.956773651496938,14.200407028198242,206800
2022-02-07,14.183003472829286,14.200406330203375,13.991577020597775,14.061186790466309,292200
2022-02-08,14.165601398787626,14.217808308052508,13.974173298770184,14.11339282989502,170200
2022-02-09,14.026383424787012,14.235212744657233,14.026383424787012,14.200407028198242,529700
2022-02-10,14.217807649466192,14.513649554309636,14.148197887128182,14.2874174118042,752800
2022-02-11,14.270015261627432,14.51365027166627,14.183002639497294,14.426637649536133,1003100
2022-02-14,14.426637442360258,14.444040298461914,14.374430533682991,14.444040298461914,380600
2022-02-15,14.513650193336868,14.861699020351288,14.513650193336868,14.809492111206055,1579100
2022-02-16,14.879102625579328,14.896505482712989,14.68767451636468,14.826895713806152,453100
2022-02-17,14.879103607000332,15.174945559274974,14.861700748718784,15.000920295715332,1399000
2022-02-18,15.070530284423656,15.488188931377547,15.070530284423656,15.296762466430664,1243000
2022-02-21,15.401175198240006,15.401175198240006,15.087930439341083,15.227149963378906,475400
2022-02-22,15.227149963378906,15.29675972539782,14.948710915303257,15.227149963378906,1371100
2022-02-23,15.3663679546226,15.784026485074664,15.3663679546226,15.575197219848633,1872100
2022-02-24,15.575197219848633,15.592600073524336,15.401173661974008,15.575197219848633,801800
2022-02-25,15.31416105322296,15.888441947501416,15.31416105322296,15.575197219848633,722900
2022-02-28,15.575198714357658,15.731821093212659,15.366369429093535,15.610004425048828,3144000
2022-03-01,15.610002702609236,15.801429111405394,15.610002702609236,15.71441650390625,600000
2022-03-02,15.836240630837816,16.288703368577252,15.784032051399064,15.905850410461426,1484200
2022-03-03,15.975457274288281,16.079871094852344,15.80143202717784,16.027664184570312,1321900
2022-03-04,16.027665464105556,16.097275236581336,15.366371795771736,15.627408027648926,587100
2022-03-07,15.401175829002003,15.5577965552383,15.192344874764864,15.314163208007812,663800
2022-03-08,15.366370786695708,15.366370786695708,15.000919090289322,15.140138626098633,1231900
2022-03-09,15.366369980786969,15.366369980786969,14.391833281232607,14.948711395263672,604900
2022-03-10,14.948711395263672,15.087930923771438,14.583259718023863,14.948711395263672,757600
2022-03-11,14.879103731570318,14.896506589997564,14.60066463524609,14.61806583404541,764500
2022-03-14,14.757282168260868,14.844294781818942,14.583258600772288,14.70507526397705,447700
2022-03-15,14.757285091832632,14.757285091832632,14.531054575241614,14.583261489868164,362600
2022-03-16,14.461445087083975,14.705078466553713,14.461445087083975,14.61806583404541,701300
2022-03-17,14.82689626095311,15.053126773527906,14.687675058374051,14.722480773925781,668000
2022-03-18,14.705077787464582,15.018322586177472,14.670273731845286,14.79209041595459,1882500
2022-03-21,14.826895134399637,15.035724432959496,14.79208942149246,14.91390609741211,1336400
2022-03-22,14.652869685461392,14.9487116025496,14.652869685461392,14.93130874633789,320200
2022-03-23,14.931308953865699,14.931308953865699,14.84429633122549,14.91390609741211,221200
2022-03-24,14.844297409057617,14.879103124492008,14.757284780099493,14.844297409057617,338900
2022-03-25,15.053126511299642,15.053126511299642,14.792090287720415,14.861700057983398,272300
2022-03-28,14.792089999538835,14.879102625579328,14.757284285271515,14.826895713806152,332900
2022-03-29,15.053124058581776,15.053124058581776,14.583258600772288,14.70507526397705,366500
2022-03-30,15.018322666973864,15.018322666973864,14.705077866575762,14.844297409057617,277500
2022-03-31,14.84429699245161,14.87910270690918,14.670273399047202,14.87910270690918,649400
2022-04-01,14.966115251619824,14.966115251619824,14.68767451636468,14.826895713806152,356500
2022-04-04,14.705077373498339,14.86169976844567,14.68767451636468,14.826895713806152,207400
2022-04-05,14.94870928332908,15.087928792168091,14.722477166558823,14.96611213684082,289800
2022-04-06,15.000920086602163,15.035725802680064,14.809493627057376,15.018322944641113,370800
2022-04-07,14.809491778353928,14.879101542192291,14.722479158649055,14.757283210754395,395400
2022-04-08,14.983513330725104,15.000916184236845,14.739880020070563,14.96611213684082,574100
2022-04-11,15.035725593566895,15.12273656329574,15.01832273576998,15.035725593566895,149800
2022-04-12,15.05312517446831,15.087930886322708,15.000918266314399,15.070528030395508,805000
2022-04-13,15.070528276776141,15.070528276776141,14.861698981118765,14.93130874633789,192700
2022-04-14,14.96611213684082,14.983513330725104,14.94870928332908,14.96611213684082,625100
2022-04-15,14.966114666772876,14.98351586359873,14.896504900586256,14.91390609741211,174000
2022-04-18,14.966113104651269,14.966113104651269,14.70507526397705,14.70507526397705,171100
2022-04-20,14.774687558331019,14.948712815311035,14.687674929841009,14.79209041595459,650000
2022-04-21,14.87910270690918,14.96611533342529,14.809492937621854,14.87910270690918,220800
2022-04-22,14.84429699245161,14.93130961896772,14.826895794850637,14.87910270690918,422100
2022-04-25,15.070529320572632,15.122736233195939,14.809493097828272,14.983516693115234,350500
2022-04-26,15.122736984430334,15.122736984430334,14.879103607000332,15.000920295715332,248900
2022-04-27,14.809493833502057,15.122736984430334,14.809493833502057,15.000920295715332,727800
2022-04-28,14.948711395263672,14.966114251234066,14.913905683322884,14.948711395263672,427500
2022-04-29,15.122734976084534,15.122734976084534,14.879101631009789,14.948711395263672,511800
2022-05-05,14.948712895732937,15.418578436702234,14.670273810769226,14.844297409057617,764000
2022-05-06,14.618063212156612,15.000917730747785,14.357027021078954,14.478843688964844,803400
2022-05-09,14.513650946148385,14.705077396028521,14.20040615577379,14.252613067626953,480500
2022-05-10,14.339624904993274,14.652869678136607,14.304820852214966,14.496247291564941,909900
2022-05-11,14.47884600098717,14.705078177206081,14.47884600098717,14.583261489868164,404900
2022-05-12,14.49624720713918,14.635466736697026,14.444040298461914,14.444040298461914,525400
2022-05-13,14.664898348179563,14.664898348179563,14.27618973632299,14.576555252075195,407500
2022-05-17,14.629559016023839,14.841581415096156,14.505879704482716,14.611891746520996,381700
2022-05-18,14.735571286604154,15.37163849368622,14.57655406358257,14.947593688964844,753300
2022-05-19,15.177285155612658,15.459981694133266,14.823914482461896,15.124279975891113,699900
2022-05-20,15.283296317305007,15.35397045564498,15.03593767561729,15.247960090637207,672300
2022-05-23,15.000600582079642,15.247960922262791,14.682567784706407,15.018269538879395,582100
2022-05-24,15.194954000887781,15.194954000887781,14.664897152483926,14.947593688964844,952500
2022-05-25,15.000598828858427,15.000598828858427,14.700233338386225,14.894588470458984,235400
2022-05-26,14.912256669769063,15.247960090637207,14.735572166421317,15.247960090637207,439200
2022-05-27,14.82391522547452,15.194954872131348,14.806246269680297,15.194954872131348,321900
2022-05-30,15.124281400738603,15.124281400738603,14.682567596435547,14.682567596435547,362800
2022-05-31,14.753241737723858,15.159617628880538,14.629560726715983,14.682567596435547,2542400
2022-06-01,14.700233189133142,14.91225558878361,14.50587974403794,14.664896965026855,477700
2022-06-02,14.664896852286445,14.664896852286445,14.329193458334162,14.488210678100586,337500
2022-06-03,14.629559136350853,14.629559136350853,14.399867780882255,14.417536735534668,466200
2022-06-07,14.417537110575255,14.629559516906738,14.311526749911664,14.629559516906738,495900
2022-06-08,14.629558940201377,14.629558940201377,14.046496924523353,14.13484001159668,584400
2022-06-09,14.258520681617302,14.258520681617302,13.958156010441927,13.99349308013916,529300
2022-06-10,14.04649673258261,14.099502752602719,13.746132094142343,14.028828620910645,661100
2022-06-13,13.975822400426248,14.046496531104598,13.746131896972656,13.746131896972656,553200
2022-06-14,13.74613368532548,14.17017936706543,13.710796615389002,14.17017936706543,994800
2022-06-15,14.187845033684384,14.187845033684384,13.816806262565656,13.90514850616455,1025700
2022-06-16,13.95815658569336,13.95815658569336,13.799139344251206,13.95815658569336,459100
2022-06-17,13.781469423759317,13.940485801858932,13.481103937068088,13.534109115600586,1968500
2022-06-20,13.693126721278182,13.763800856310413,13.516441383697602,13.569446563720703,47400
2022-06-21,13.534110331572942,13.99349308013916,13.534110331572942,13.99349308013916,335600
2022-06-22,13.799137876926721,13.958155101459857,13.799137876926721,13.86981201171875,503500
2022-06-23,13.781470168295632,13.834475349691706,13.375093460083008,13.375093460083008,367800
2022-06-24,13.428098688107639,13.428098688107639,13.251413345336914,13.251413345336914,251500
2022-06-27,13.269082300865072,13.35742455099935,13.163070252700466,13.251413345336914,276800
2022-06-28,13.339756098052494,14.382200857589666,13.233744052589264,14.223183631896973,851000
2022-06-29,13.86981201171875,14.134840438439927,13.8168068318758,13.86981201171875,598700
2022-06-30,13.940487661725502,14.134841974779343,13.887482476121331,14.011161804199219,456100
2022-07-01,14.011161804199219,14.134841974779343,13.958156618595048,14.011161804199219,64800
2022-07-04,14.011161646984046,14.011161646984046,13.657790938580526,13.72846508026123,67000
2022-07-05,13.958154337250862,14.170177572520817,13.834474186885231,13.975822448730469,160600
2022-07-06,13.799138120575472,14.134840688016114,13.481104508395887,13.498772621154785,491100
2022-07-07,13.60478335959308,14.011160049165452,13.445766980196677,13.710795402526855,244600
2022-07-08,13.622451182728364,13.905147693731143,13.622451182728364,13.781468391418457,208900
2022-07-12,13.763800393892097,14.13484001159668,13.746132281978703,14.13484001159668,183300
2022-07-13,13.975821634643633,14.01115869804657,13.728462190823068,13.852142333984375,183700
2022-07-14,13.887480357526494,14.028828620910645,13.834474337506384,14.028828620910645,403700
2022-07-15,13.799139344251206,14.081835913479715,13.799139344251206,13.95815658569336,222000
2022-07-18,13.869812730836149,14.54121704617116,13.869812730836149,14.470542907714844,456400
2022-07-19,14.470543763044155,14.470543763044155,13.993493721517488,14.311528205871582,344500
2022-07-20,14.134841258788505,14.329194719495268,14.081835233367084,14.240853309631348,190500
2022-07-21,14.240853309631348,14.293858492550576,14.028830050447855,14.240853309631348,418400
2022-07-22,14.293859248962027,14.311528205871582,14.240854063237837,14.311528205871582,847200
2022-07-25,14.311528205871582,14.382202348505329,14.13484200678498,14.311528205871582,269200
2022-07-26,14.311528205871582,14.311528205871582,14.152510963694535,14.311528205871582,49900
2022-07-27,14.311528205871582,14.311528205871582,14.223185106328282,14.311528205871582,452700
2022-07-28,14.276189607398692,14.470543069069622,14.276189607398692,14.346863746643066,440700
2022-07-29,14.399868465250993,14.47054260221525,14.311527057798926,14.382201194763184,451700
2022-08-01,14.311527057798926,14.47054260221525,14.311527057798926,14.382201194763184,240200
2022-08-02,14.311528205871582,14.311528205871582,14.011161835924806,14.311528205871582,245800
2022-08-03,14.028830792834361,14.346864434686218,14.028830792834361,14.311528205871582,609600
2022-08-04,14.258519396396224,14.700233149047945,14.258519396396224,14.611891746520996,631700
2022-08-05,14.311526259917486,14.717902103555033,14.311526259917486,14.611891746520996,339700
2022-08-08,14.611893164518706,14.611893164518706,14.27618973632299,14.576555252075195,236500
2022-08-09,14.576553765193516,14.576553765193516,14.470541723681153,14.488210678100586,186800
2022-08-10,14.470541723681153,14.523548586939452,14.452874454265956,14.488210678100586,326900
2022-08-11,14.382200392941591,14.611891746520996,14.364531438434504,14.611891746520996,473900
2022-08-12,14.611893488654358,14.82391591300549,14.541217662199536,14.735572814941406,418700
2022-08-15,14.85925121682665,14.85925121682665,14.717902942719247,14.78857707977295,271600
2022-08-16,14.806244745001365,15.018267137685838,14.770906837051855,14.982929229736328,480900
2022-08-17,15.035938495679147,15.265629879062544,14.929926439885094,15.018269538879395,718400
2022-08-18,15.018268427837231,15.247959794228203,15.018268427837231,15.141947746276855,468100
2022-08-19,15.141947096727199,15.265628094865571,14.894588470458984,14.894588470458984,155500
2022-08-22,15.247958910301989,15.247958910301989,14.541215896606445,14.541215896606445,279900
2022-08-23,14.57655380554313,14.629558983943918,14.382200361404081,14.541215896606445,418200
2022-08-24,14.399867587812423,14.417536542227936,14.08183399085226,14.13484001159668,409200
2022-08-25,14.134839540040282,14.82391357421875,14.134839540040282,14.82391357421875,978300
2022-08-26,14.753239443918716,14.82391357421875,14.647227405966575,14.82391357421875,296600
2022-08-29,14.80624711229575,15.336304021257092,14.80624711229575,15.018269538879395,736700
2022-08-30,14.947592688952186,15.548323631286621,14.947592688952186,15.548323631286621,1564700
2022-09-01,15.283296317305007,15.442313549821037,15.018268719781206,15.247960090637207,623100
2022-09-02,15.459980923233266,15.477649877260825,15.212620621860022,15.406975746154785,239400
2022-09-05,15.406975935563755,15.406975935563755,15.265627671613979,15.336301803588867,122600
2022-09-06,15.24796083088992,15.318634972660956,14.841583251953125,14.841583251953125,448900
2022-09-07,14.753241894258997,15.088943647689234,14.682567752220816,14.965264320373535,533800
2022-09-08,14.858494847586515,15.107618214619274,14.858494847586515,14.929673194885254,408300
2022-09-09,14.858494847586515,15.000851542183995,14.822904825424313,14.929673194885254,135600
2022-09-12,15.000851542183995,15.036439867320533,14.769521489206674,14.929673194885254,969200
2022-09-13,14.947467950175252,14.983057975769041,14.80511124185174,14.983057975769043,909100
2022-09-14,14.787316891482952,14.822905217560972,14.64495849609375,14.64495849609375,762300
2022-09-15,14.787316368547348,15.161003112792969,14.698343010960173,15.161003112792969,1773900
2022-09-19,15.1254145915204,15.1254145915204,14.538192749023438,14.538192749023438,943100
2022-09-20,14.52039767268464,14.644959366902878,14.52039767268464,14.57378101348877,768600
2022-09-21,14.520397653477657,14.591576006797613,14.395835959424183,14.46701431274414,710800
2022-09-22,14.591575053083186,14.591575053083186,14.075531600985968,14.128915786743164,1015600
2022-09-23,14.075532384389033,14.128916573117438,13.897586502815846,13.986559867858887,481900
2022-09-26,14.128915830438899,14.200094179326724,13.986559132663249,14.164505004882812,1009500
2022-09-27,14.23568341255513,14.733931856827361,14.23568341255513,14.64495849609375,802800
2022-09-28,14.502601445886379,14.911878216521348,14.200093893459437,14.360244750976562,1666400
2022-09-29,14.57378146660058,14.57378146660058,14.360246399719259,14.413631439208984,611800
2022-09-30,14.360245767920413,14.484809157556906,14.200094899061945,14.324657440185547,863000
2022-10-03,14.235683675001535,14.39583538786942,14.11112113738064,14.342452049255371,511300
2022-10-04,14.34245198714071,14.502602002289274,14.34245198714071,14.378040313720703,864600
2022-10-05,14.378040227198799,14.378040227198799,14.235683527684015,14.306861877441406,580000
2022-10-06,14.23568344116211,14.306861790486892,14.164505091837327,14.23568344116211,354400
2022-10-07,14.146710080249704,14.36024512822405,14.111120905587313,14.23568344116211,254100
2022-10-11,14.200096130371094,14.360247013116457,14.146711937113997,14.200096130371094,1004600
2022-10-12,14.324658127966,14.324658127966,14.111122211713898,14.182300567626953,374000
2022-10-13,14.217888529502408,14.271273564640484,13.968764305114746,13.968764305114746,1500000
2022-10-14,13.968764979811153,14.271274253948201,13.968764979811153,14.093327522277832,709200
2022-10-17,14.146709531852416,14.253477900213568,14.11112035856964,14.217887878417969,858700
2022-10-18,14.306863235430756,14.395836605329164,14.182300687275571,14.289068222045898,756000
2022-10-19,14.378040795569001,14.858495948193283,14.378040795569001,14.698344230651855,711300
2022-10-20,14.787318724883596,15.125415501159281,14.716140366876823,14.947468757629395,1831000
2022-10-21,15.036442129394338,15.036442129394338,14.876290399622624,14.947468757629395,330500
2022-10-25,15.107618443798284,15.107618443798284,14.680548353527291,14.769521713256836,708100
2022-10-26,14.947467378812181,14.965262390928865,14.662753973048256,14.858495712280273,429700
2022-10-27,14.858495564345336,14.876288879259107,14.733932177794482,14.822905540466309,368400
2022-10-28,14.929674236616014,14.929674236616014,14.68054915517468,14.733932495117188,647400
2022-10-31,14.983057403045551,15.018645730253162,14.733932324489237,14.858495712280273,1541300
2022-11-01,15.018645968708924,15.018645968708924,14.680549218252633,14.698344230651855,393500
2022-11-02,14.929674710938178,14.929674710938178,14.484809570890238,14.680549621582031,699700
2022-11-03,14.698343174156625,14.698343174156625,14.324656425761942,14.360244750976562,390300
2022-11-04,14.413631439208984,14.502603110973473,14.324658070418636,14.413631439208984,1005000
2022-11-07,14.680548839001684,15.01864558072373,14.66275382706217,14.822905540466309,806900
2022-11-08,14.947467600264876,14.947467600264876,14.217889062929379,14.324657440185547,836400
2022-11-09,14.23568494411421,14.413631684725994,14.23568494411421,14.253479957580566,520600
2022-11-10,14.164505742949009,14.449219153335797,14.164505742949009,14.431424140930176,950000
2022-11-11,14.680548986122062,14.680548986122062,14.395835580339574,14.591575622558594,651500
2022-11-14,14.520397186279297,14.538192198293176,14.449218835249525,14.520397186279297,316900
2022-11-15,14.431424140930176,14.484809178147039,14.413630825550342,14.431424140930176,263600
2022-11-16,14.431424140930176,14.431424140930176,14.413630825550342,14.431424140930176,659200
2022-11-17,14.50260066986084,14.520395680028782,14.413629013072274,14.50260066986084,615600
2022-11-21,14.502602886752523,14.716139647358267,14.449219545114003,14.680549621582031,494600
2022-11-22,14.484809178147039,14.644959198720267,14.36024578833348,14.431424140930176,209400
2022-11-23,14.271274120356948,14.467014165741418,14.271274120356948,14.431424140930176,281300
2022-11-24,14.431424073733343,14.929674236616014,14.431424073733343,14.733932495117188,583300
2022-11-25,14.538193137299958,14.555988150463198,14.395836426045744,14.413631439208984,739400
2022-11-29,14.662754211125888,14.662754211125888,14.271274120356948,14.431424140930176,535200
2022-11-30,14.644959062354856,15.392332606173957,14.591575722660854,15.303360939025879,3139800
2022-12-01,15.08982355654639,15.552483673324407,15.08982355654639,15.214386940002441,467100
2022-12-02,14.947467956853043,15.481306461817615,14.947467956853043,15.356744766235352,476300
2022-12-05,15.10762093999105,15.427924409130044,15.08982592569978,15.267772674560547,1052300
2022-12-06,15.089824439347586,15.285566183219004,15.089824439347586,15.24997615814209,508300
2022-12-07,15.125415802001953,15.37454090849368,15.107620787889841,15.125415802001953,446000
2022-12-08,15.161004318331939,15.374539375305176,15.161004318331939,15.374539375305176,697700
2022-12-09,15.214386434724604,15.57027816772461,15.161003099031015,15.57027816772461,685400
2022-12-12,15.57027758345132,15.85499095916748,15.57027758345132,15.85499095916748,783600
2022-12-13,15.588074620529296,15.78381466752886,15.374539560977281,15.623662948608398,737700
2022-12-14,15.481304591263617,15.748224660007761,15.481304591263617,15.730429649353027,249100
2022-12-15,15.730429871831022,15.730429871831022,15.374538138831019,15.57027816772461,278100
2022-12-16,15.570281867422594,15.872790336608888,15.427925140396814,15.872790336608887,1186300
2022-12-19,15.57027992909819,15.641458283750177,15.463511548607292,15.534689903259277,472700
2022-12-20,15.463510401195038,15.605868796961673,15.267770364682695,15.285565376281738,476700
2022-12-21,15.623665115460582,15.623665115460582,15.249978285161333,15.463513374328613,510800
2022-12-22,15.26777091454603,15.463510958107882,15.26777091454603,15.303360939025879,524500
2022-12-23,15.303359487168203,15.65925121307373,15.285564476616523,15.65925121307373,381200
2022-12-27,15.659253524530934,15.659253524530934,15.499101799977101,15.641458511352539,52700
2022-12-28,15.641459795850462,15.641459795850462,15.356746349718533,15.552486419677734,178500
2022-12-29,15.65925514550148,15.65925514550148,15.232184967166921,15.463513374328613,289800
2022-12-30,15.321153562440205,15.659251991629437,15.321153562440205,15.516895294189453,939600
2023-01-03,15.32115602040839,15.481307754977887,15.232184343003974,15.267772674560547,164900
2023-01-04,15.37453867532919,15.445717024412975,15.161003628077829,15.32115364074707,375100
2023-01-05,15.303361207793277,15.766019654976407,15.303361207793277,15.623662948608398,385800
2023-01-06,15.659251525231022,15.659251525231022,15.392331452711785,15.57027816772461,331200
2023-01-09,15.748226081510365,15.748226081510365,15.623662692709225,15.677047729492188,497100
2023-01-10,15.552485610389851,15.623663968219002,15.410128894731548,15.588075637817383,262700
2023-01-11,15.481304810218198,15.57027816772461,15.392331452711785,15.57027816772461,858200
2023-01-12,15.427922648915677,15.677047729492188,15.303360957140308,15.677047729492188,896800
2023-01-13,15.516897279988232,15.588075637817383,15.463512238846933,15.588075637817383,545100
2023-01-16,15.570280624103617,15.605870651531148,15.570280624103617,15.588075637817383,167000
2023-01-17,15.570280624103617,15.605870651531148,15.570280624103617,15.588075637817383,411000
2023-01-18,15.410128894731548,15.605870651531148,15.410128894731548,15.588075637817383,352400
2023-01-19,15.588075637817383,15.641458981932768,15.570280624103617,15.588075637817383,377900
2023-01-20,15.410128894731548,15.659253995646534,15.410128894731548,15.588075637817383,357100
2023-01-25,15.410128894731548,15.659253995646534,15.410128894731548,15.588075637817383,193300
2023-01-26,15.516897279988232,15.588075637817383,15.499102266274466,15.588075637817383,214300
2023-01-27,15.605871351080527,15.908378112645165,15.588076336569081,15.748228073120117,359500
2023-01-30,15.623664668565985,15.819406434139912,15.623664668565985,15.748228073120117,862700
2023-01-31,15.712634547703157,15.712634547703157,15.51689452271152,15.65925121307373,1448900
2023-02-02,15.659254697588876,15.766021390605575,15.64145968307743,15.748228073120117,1159600
2023-02-03,15.6592527172312,16.015144477322092,15.6592527172312,15.677047729492188,474700
2023-02-07,15.837197748763758,15.890582785546723,15.60586937747401,15.677047729492188,871500
2023-02-08,15.588072867892624,15.712634547703157,15.570277857340946,15.65925121307373,380900
2023-02-09,15.570280624103617,15.659253995646534,15.552485610389851,15.588075637817383,561600
2023-02-10,15.588075637817383,15.659253995646534,15.570280624103617,15.588075637817383,302300
2023-02-13,15.588074620529296,15.694841301792403,15.588074620529296,15.623662948608398,357400
2023-02-14,15.570281322057635,15.908378112645165,15.570281322057635,15.748228073120117,312200
2023-02-15,15.60586760392863,15.943964313335176,15.60586760392863,15.85499095916748,318800
2023-02-16,15.89058097964479,16.015142657264214,15.78381261523844,15.85499095916748,367900
2023-02-17,15.979552636786904,15.979552636786904,15.766017604999785,15.85499095916748,463400
2023-02-20,15.85499095916748,15.872785969406134,15.801607625477095,15.85499095916748,220200
2023-02-21,15.783815383911133,15.801610397271249,15.748227054216779,15.783815383911133,204100
2023-02-22,15.819403229337436,15.819403229337436,15.57027816772461,15.57027816772461,186800
2023-02-23,15.57027816772461,15.641456514324611,15.481304810218198,15.57027816772461,430800
2023-02-24,15.570280624103617,15.659253995646534,15.552485610389851,15.588075637817383,406200
2023-02-27,15.499102266274466,15.605870651531148,15.463512238846933,15.588075637817383,656000
2023-02-28,15.641456514324611,15.641456514324611,15.49909982112461,15.57027816772461,1791100
2023-03-01,15.552483156818198,15.58807317863102,15.481304810218198,15.57027816772461,1278600
2023-03-02,15.801607903435942,15.801607903435942,15.534687836237588,15.65925121307373,594200
2023-03-03,15.57027816772461,15.641456514324611,15.57027816772461,15.57027816772461,478000
2023-03-06,15.659251525231022,15.659251525231022,15.57027816772461,15.57027816772461,155500
2023-03-07,15.58807317863102,15.58807317863102,15.410126463618196,15.57027816772461,758200
2023-03-08,15.481306038243526,15.694841094981793,15.000852584838867,15.000852584838867,692600
2023-03-09,15.089825225791923,15.1254152527237,15.072031909351924,15.107620239257812,1058700
2023-03-10,14.947468026800463,15.161004787406208,14.591576254167277,14.680549621582031,416500
2023-03-13,14.502602886752523,14.733932963220552,14.502602886752523,14.680549621582031,1149500
2023-03-14,14.680548519197478,14.69834353074934,14.627165181567593,14.64495849609375,1057100
2023-03-15,14.662753507645615,14.69834353074934,14.573780146912004,14.64495849609375,865700
2023-03-16,14.64495849609375,14.911878578294584,14.627165181567593,14.64495849609375,527900
2023-03-17,14.929673828498728,14.929673828498728,14.62716541538425,14.751727104187012,3264200
2023-03-20,14.733932495117188,14.751727507439949,14.627165815232171,14.733932495117188,297200
2023-03-21,14.733932177794482,15.054235604602757,14.733932177794482,14.822905540466309,144500
2023-03-22,14.733932558424513,14.733932558424513,14.680549218252633,14.698344230651855,430700
2023-03-23,14.716139179820203,14.733932495117188,14.69834416749744,14.733932495117188,730000
2023-03-24,14.733932495117188,14.787317532085474,14.716139179820203,14.733932495117188,766100
2023-03-27,14.73393215460745,14.75172716651896,14.46701376403777,14.71613883972168,243400
2023-03-28,14.68055033936048,15.000853798903911,14.68055033936048,14.947468757629395,213500
2023-03-29,15.018645916657333,15.570279419940865,14.85849589669674,15.374539375305176,428400
2023-03-30,15.374539205826158,15.374539205826158,15.000852435985829,15.232182502746582,471000
2023-03-31,15.089824256443539,15.17879762103157,14.68054915517468,14.733932495117188,611900
2023-04-03,14.805110038933243,14.94746673569024,14.680548353527291,14.769521713256836,394900
2023-04-04,14.769521713256836,14.840700061635335,14.716138376229384,14.769521713256836,739200
2023-04-05,14.769521713256836,14.769521713256836,14.609370005148792,14.769521713256836,169400
2023-04-06,14.769522988996787,14.769522988996787,14.627166279943513,14.680549621582031,287600
2023-04-07,14.609370005148792,15.036440095419785,14.609370005148792,14.769521713256836,204600
2023-04-10,14.787318229675293,14.858496585298392,14.751728203350813,14.787318229675293,184100
2023-04-11,15.018645730253162,15.018645730253162,14.787317360839292,14.858495712280273,196200
2023-04-12,14.805111317747189,14.805111317747189,14.538192912528757,14.680549621582031,576700
2023-04-13,14.680549621582031,14.680549621582031,14.591576254167277,14.680549621582031,410800
2023-04-14,14.644959595805798,14.680549621582031,14.609371267055394,14.680549621582031,133400
2023-04-17,14.769523216513052,14.787318229675293,14.680549847727713,14.787318229675293,256900
2023-04-18,14.69834463447015,14.69834463447015,14.627166279943513,14.680549621582031,122100
2023-04-19,14.68054737748912,14.68054737748912,14.50260066986084,14.50260066986084,163700
2023-04-20,14.627165387883577,14.627165387883577,14.324656975337847,14.378040313720703,164100
2023-04-25,14.502601634068201,14.82290505028429,14.484808319742841,14.769521713256836,293800
2023-04-26,14.911878410013834,14.911878410013834,14.680548353527291,14.769521713256836,293300
2023-04-27,14.680549456475681,14.698344469163667,14.538192749023438,14.538192749023438,162700
2023-04-28,14.538192666064097,14.538192666064097,14.378040946837743,14.46701431274414,330600
2023-05-02,14.555987295348663,14.60937063467644,14.41363059245742,14.591575622558594,889700
2023-05-03,14.591575706980455,14.680549071058692,14.573780694759654,14.66275405883789,211300
2023-05-05,14.680549621582031,14.69834463447015,14.591576254167277,14.680549621582031,351100
2023-05-08,14.716139243051078,14.769522583222958,14.698344230651855,14.698344230651855,554400
2023-05-09,14.680548815898662,14.75172716651896,14.680548815898662,14.71613883972168,240900
2023-05-10,14.680548815898662,14.75172716651896,14.680548815898662,14.71613883972168,512400
2023-05-11,14.680549071058692,14.698344083279492,14.591575706980455,14.66275405883789,435600
2023-05-12,14.609370870934812,14.680549223531509,14.431424140930176,14.431424140930176,240300
2023-05-15,14.57378061044075,14.662753974004216,14.502602258995127,14.591575622558594,302300
2023-05-16,14.6983439123666,14.6983439123666,14.502602174265416,14.520397186279297,266600
2023-05-17,14.627167405875666,14.644960723107598,14.306863937337392,14.449220657348633,475500
2023-05-18,14.485432595770728,14.811355381750971,14.485432595770728,14.793248176574707,309200
2023-05-19,14.79324841358271,14.86567550865002,14.666501428914458,14.829461097717285,1633400
2023-05-22,14.684606612037353,14.70271381713929,14.503539741412347,14.575966835021973,305300
2023-05-23,14.539752424818099,14.59407404012391,14.539752424818099,14.575966835021973,281600
2023-05-24,14.521646737890858,14.557859420776367,14.503539533049057,14.557859420776367,421100
2023-05-25,14.503539830029467,14.5940741292942,14.394898325552163,14.485432624816895,437700
2023-05-26,14.431111216173038,14.449218420561998,14.250043489278582,14.413004875183105,282600
2023-05-29,14.26815048565868,14.449218209913433,14.250043281533697,14.3948974609375,286500
2023-05-30,14.26815048565868,14.4673245506394,14.26815048565868,14.3948974609375,427900
2023-05-31,14.394897655478637,14.720820426940918,13.887908020713576,14.720820426940918,2508300
2023-06-01,14.413004665062482,14.485431754764383,13.887907833024194,14.3948974609375,480100
2023-06-02,14.394898054394242,14.394898054394242,14.105189683642866,14.250043869018555,1401900
2023-06-06,14.213830203727309,14.30436450052901,14.12329677032465,14.231937408447266,615100
2023-06-07,14.231938062669936,14.358685047939852,14.195724514964379,14.304365158081055,411500
2023-06-08,14.304365158081055,14.358685047939852,14.15951096725882,14.304365158081055,447600
2023-06-09,14.177617309412058,14.41300580119773,14.177617309412058,14.304365158081055,398500
2023-06-12,14.485432477209711,14.757033645438147,14.413005383895587,14.684606552124023,966500
2023-06-13,14.757033582594037,14.757033582594037,14.431111664068446,14.467325210571289,486300
2023-06-14,14.413005322516552,14.485432415522238,14.413005322516552,14.467325210571289,574400
2023-06-15,14.467325419604322,14.575966924081627,14.431111872578242,14.485432624816895,368400
2023-06-16,14.449219077790815,14.557859718869054,14.431111872578242,14.485432624816895,1775600
2023-06-19,14.46732604627212,14.485433252269026,14.322471851893287,14.449219703674316,825000
2023-06-20,14.394898741356583,14.46732583750084,14.358685193284456,14.431112289428711,275400
2023-06-21,14.485433043236448,14.485433043236448,14.358685193284456,14.431112289428711,530100
2023-06-22,14.467325419604322,14.575966924081627,14.449219077790815,14.485432624816895,1372500
2023-06-23,14.485433252269026,14.557860349458442,14.304365509295483,14.449219703674316,662200
2023-06-26,14.485432624816895,14.666501223346359,14.376791983738656,14.485432624816895,327200
2023-06-27,14.485432564516127,14.485432564516127,14.213830531251638,14.26815128326416,872500
2023-06-28,14.340578705786614,14.39489859564541,14.304365158081055,14.304365158081055,122000
2023-06-30,14.431111600738165,14.467325147082086,14.213830322674632,14.250043869018555,966100
2023-07-03,14.304363911268064,14.557858723111577,14.26815036671899,14.376791000366211,115800
2023-07-04,14.322470251843097,14.594073131059657,14.322470251843097,14.376791000366211,154300
2023-07-05,14.449218089464358,14.449218089464358,14.340577455817137,14.376791000366211,413300
2023-07-06,14.376791000366211,14.413004544915283,14.213829618195877,14.376791000366211,585000
2023-07-07,14.358683796392171,14.413004544915283,14.340577455817137,14.376791000366211,548100
2023-07-10,14.376791120211532,14.4673245506394,14.3224703712356,14.3948974609375,175200
2023-07-11,14.35868391608655,14.449218209913433,14.35868391608655,14.3948974609375,362700
2023-07-12,14.413005945703102,14.612180028381061,14.413005945703102,14.521647453308105,297600
2023-07-13,14.594074549445379,14.594074549445379,14.521647453308105,14.521647453308105,361300
2023-07-14,14.630286663837959,14.738928167208202,14.539752365495776,14.684606552124023,425700
2023-07-17,14.738928167208202,14.738928167208202,14.666501073894079,14.684606552124023,430300
2023-07-18,14.7389275051955,14.7389275051955,14.594073325073513,14.612178802490234,84400
2023-07-20,14.612178802490234,14.7389275051955,14.594073325073513,14.612178802490234,272800
2023-07-21,14.738928287844042,14.84756806530537,14.702713877491513,14.793248176574707,304200
2023-07-24,14.79324802931993,15.028636513873879,14.775140824323909,14.992422103881836,506800
2023-07-25,15.028636513873879,15.064849197067812,14.992422103881836,14.992422103881836,399800
2023-07-26,15.082957475721878,15.173491780348428,14.99242317109533,15.101064682006836,217800
2023-07-27,15.119171470870745,15.372665444668552,14.847568564489709,15.064849853515625,321500
2023-07-28,14.99242174115593,15.06484883258961,14.829460353730637,14.847567558288574,158900
2023-07-31,14.938102542255765,15.245918126724886,14.901888131472033,15.119171142578125,644300
2023-08-01,15.082957059300664,15.372665444668552,15.028637168743733,15.064849853515625,149800
2023-08-02,15.282132082788115,15.282132082788115,14.84756947799944,15.046745300292969,2044200
2023-08-03,14.956209333450282,15.209703294723544,14.956209333450282,15.082956314086914,212300
2023-08-04,14.938102215691881,15.082956402063832,14.938102215691881,14.992422103881836,34500
2023-08-07,14.992422459665626,15.209703744379834,14.992422459665626,15.137276649475098,81400
2023-08-08,15.119170550629798,15.26402473449707,15.046743458696163,15.26402473449707,639400
2023-08-09,15.2640269748048,15.336454077368593,15.119172769677213,15.209705352783203,723900
2023-08-10,15.209705352783203,15.209705352783203,15.08295835499615,15.209705352783203,460400
2023-08-11,15.101063607059855,15.101063607059855,14.757033619327887,14.992422103881836,218200
2023-08-14,14.974316622909953,14.974316622909953,14.557859542069158,14.66650104522705,433900
2023-08-15,14.648393421210542,14.720820512311292,14.485432034534341,14.63028621673584,543200
2023-08-16,14.720821535986065,14.720821535986065,14.503540247574241,14.521647453308105,621900
2023-08-17,14.521646761696543,14.521646761696543,14.250043869018555,14.250043869018555,536300
2023-08-18,14.394899479550032,14.64839519245368,14.250045279833168,14.503540992736816,2110100
2023-08-21,14.394897340941244,14.557858723111577,14.322470251843097,14.376791000366211,387100
2023-08-22,14.43111100578845,14.43111100578845,14.30436403050963,14.3948974609375,723200
2023-08-23,14.4492190176408,14.4492190176408,14.213830531251638,14.26815128326416,437700
2023-08-24,14.358685193284456,14.503540248972056,14.358685193284456,14.431112289428711,219100
2023-08-25,14.304365484366352,14.485433227024336,14.268151935834755,14.34057903289795,141200
2023-08-28,14.467325359378933,14.467325359378933,14.231937736388833,14.26815128326416,105400
2023-08-29,14.231937736388833,14.485432564516127,14.177616984376309,14.26815128326416,814900
2023-08-30,14.25004374976818,14.25004374976818,14.159510316365523,14.231937408447266,1434600
2023-09-01,14.358684718752949,14.358684718752949,14.159510642638176,14.26815128326416,1941700
2023-09-04,14.2319371986547,14.26815074416175,14.141402903187563,14.21382999420166,380000
2023-09-05,14.21382999420166,14.286257085215759,14.17761644869461,14.21382999420166,403100
2023-09-06,14.304363208264009,14.304363208264009,14.195722579956055,14.195722579956055,363800
2023-09-07,14.177617749323172,14.449219797241826,14.177617749323172,14.358685493469238,295900
2023-09-08,14.358684387890795,14.376791592610752,14.177616657686437,14.231937408447266,408800
2023-09-11,14.449218684692497,14.449218684692497,14.068976019563822,14.231937408447266,249600
2023-09-12,14.268429586810294,14.41439803352294,14.268429586810294,14.396151542663574,424300
2023-09-13,14.323166058330385,14.487380981445312,14.323166058330385,14.487380981445312,239700
2023-09-14,14.35965816679587,14.505626600657807,14.35965816679587,14.487380981445312,622600
2023-09-15,14.396150749830573,14.542119188504362,14.323166530493678,14.414397239685059,1230800
2023-09-18,14.41439841505121,14.633351960956134,14.41439841505121,14.596858978271484,442600
2023-09-19,14.43264285949902,14.57861129817281,14.359658640162126,14.414397239685059,168200
2023-09-20,14.396152675744789,14.396152675744789,14.231938595288513,14.268430709838867,437400
2023-09-21,14.286675140687745,14.286675140687745,14.140706694659045,14.231937408447266,476500
2023-09-22,14.213690917673395,14.231937408447266,14.140706694659045,14.231937408447266,335400
2023-09-25,14.231936772025472,14.231936772025472,14.049475352608315,14.140706062316895,295100
2023-09-26,14.177199597880733,14.396152279151023,14.104215370790637,14.213691711425781,270600
2023-09-27,14.195445459184498,14.195445459184498,14.067722632429316,14.12246036529541,751600
2023-09-29,14.067722632429316,14.12246036529541,13.88526207280804,14.12246036529541,561800
2023-10-02,14.122460137055747,14.122460137055747,13.867015357714322,13.9399995803833,1243400
2023-10-03,13.94000006382312,13.94000006382312,13.812278104743287,13.867015838623047,444100
2023-10-04,13.830523404923976,13.97649185193522,13.794031293171166,13.958246231079102,318000
2023-10-05,13.867016057653,14.067723115143675,13.867016057653,14.049476623535156,583100
2023-10-06,14.067722177601874,14.067722177601874,13.611570358276367,13.611570358276367,406200
2023-10-09,13.666308562686512,13.757539277727481,13.629816450678238,13.684555053710938,3827900
2023-10-10,13.721045971847987,13.848768787784042,13.702800352451696,13.79403018951416,1959100
2023-10-11,13.794032744165131,13.830524859756547,13.684556397390883,13.73929500579834,760900
2023-10-12,13.739293264916531,13.739293264916531,13.483847618103027,13.483847618103027,674900
2023-10-13,13.502094504478627,13.62981646158954,13.465602392441141,13.538586616516113,242600
2023-10-16,13.520340147840011,13.611570863104914,13.246649742126465,13.246649742126465,556200
2023-10-17,13.264894639625954,13.593323630592513,13.264894639625954,13.575078010559082,545400
2023-10-18,13.575079378275747,14.085968971252441,13.50209515070765,14.085968971252441,1542300
2023-10-19,14.04947638838352,14.104214992252288,13.83052371298963,14.012984275817871,719400
2023-10-20,14.10421458315187,14.250183029180569,13.994738248630345,14.231937408447266,486700
2023-10-23,14.158953185432916,14.286675140687745,14.158953185432916,14.231937408447266,346400
2023-10-24,14.140706304339052,14.231937015609068,13.775785199340067,14.031229972839355,717100
2023-10-25,13.95824575183956,14.17719841483895,13.939999261569339,14.031229972839355,244400
2023-10-26,13.95824679118635,13.976492412774617,13.81227833831778,13.903508186340332,603300
2023-10-27,14.067723349380728,14.158954068861162,13.958247008028579,14.085968971252441,239600
2023-10-30,14.049474951345765,14.049474951345765,13.739292461284784,13.79403018951416,521400
2023-10-31,13.848769187927246,13.885261297814727,13.775784968152283,13.848769187927246,269500
2023-11-01,13.812278104743287,14.012984289023196,13.812278104743287,13.867015838623047,306400
2023-11-02,13.812277880760181,13.848769992768453,13.666308562686512,13.684555053710938,769400
2023-11-03,13.794032004296499,13.940000458832872,13.794032004296499,13.921754837036133,673700
2023-11-06,13.9217544425434,13.94000006382312,13.848770217343326,13.867015838623047,946700
2023-11-07,13.88526234330673,13.94000007723917,13.684555288793065,13.721047401428223,520300
2023-11-08,13.684554180282205,13.830522618998732,13.392617302849153,13.410862922668457,1073100
2023-11-09,13.465601281449976,13.483846900943059,13.210155648222758,13.228402137756348,1115900
2023-11-10,13.319634293160524,13.319634293160524,13.137172858153463,13.15541934967041,766600
2023-11-14,13.22840356095974,13.301387786865234,13.137172843557568,13.301387786865234,1544400
2023-11-15,13.28314183225371,13.5750787285536,13.28314183225371,13.538586616516113,1644100
2023-11-16,13.538586692436828,13.556832313537598,13.447355976811226,13.556832313537598,517300
2023-11-17,13.556832000879318,13.70280131652194,13.374371443876745,13.502094268798828,563000
2023-11-20,13.465602730172899,13.502094843125647,13.301387786865234,13.301387786865234,466200
2023-11-21,13.319633567249394,13.319633567249394,13.118926521704386,13.191910743713379,1079800
2023-11-22,13.191910827891054,13.191910827891054,13.027695892302686,13.064188003540039,584500
2023-11-23,13.045942146130498,13.064187766397698,12.954711434672864,13.027695655822754,989700
2023-11-24,13.064189211572037,13.064189211572037,12.936467245451267,12.954712867736816,529800
2023-11-27,12.972958328751742,13.210156619851182,12.881727614454638,12.936466217041016,660100
2023-11-28,12.954710159636146,13.009448755131318,12.699265410753082,12.826988220214844,1385900
2023-11-29,12.808743079710519,12.936465902613985,12.75400447845459,12.75400447845459,970000
2023-11-30,12.79049824912648,12.863482475280762,12.681021039854455,12.863482475280762,3403300
2023-12-01,12.91821892953258,12.91821892953258,12.626282053849748,12.68101978302002,925100
2023-12-04,12.68101978302002,12.754004001940727,12.589789944389393,12.68101978302002,496300
2023-12-05,12.699266272770455,12.73575838223081,12.626282053849748,12.68101978302002,185800
2023-12-06,12.681020971531094,12.735759575872184,12.644528858650567,12.717513084411621,1169800
2023-12-07,12.735758541163401,12.936465580720277,12.699266431247652,12.845234870910645,791300
2023-12-08,12.790497770198106,13.00945044046247,12.790497770198106,12.936466217041016,816700
2023-12-11,12.99120299406272,13.246648627289938,12.972957374569637,13.228402137756348,992300
2023-12-12,13.045942996196,13.301387786865234,13.045942996196,13.301387786865234,338000
2023-12-13,13.30138699347839,13.337879104254496,13.30138699347839,13.319633483886719,740800
2023-12-14,13.319632845343284,13.337878464836367,13.118925810676329,13.228402137756348,296700
2023-12-15,13.228402861636463,13.319633574215695,13.027695815986485,13.045942306518555,2329300
2023-12-18,13.064188617652073,13.301387786865234,13.064188617652073,13.301387786865234,217200
2023-12-19,13.301387786865234,13.319634278361908,13.19191144800699,13.301387786865234,436800
2023-12-20,13.137173074789393,13.447356475367691,13.137173074789393,13.33788013458252,521700
2023-12-21,13.337879416993736,13.41086364025724,13.337879416993736,13.374371528625488,280900
2023-12-22,13.337878703310194,13.410862922668457,13.31963308349089,13.410862922668457,271100
2023-12-26,13.337879587350786,13.337879587350786,13.228403251057252,13.246649742126465,84600
2023-12-27,13.246649977098599,13.392618428079201,13.210156994312852,13.28314208984375,104900
2023-12-28,13.319634278361908,13.356126391314657,13.246650052456413,13.301387786865234,807300
2023-12-29,13.246649421991355,13.283141533207285,13.137172218303002,13.210156440734863,641800
2024-01-02,13.264894809580165,13.264894809580165,13.027695655822754,13.027695655822754,278000
2024-01-03,12.972958696489671,13.392618428079201,12.972958696489671,13.28314208984375,202600
2024-01-04,13.392618190517844,13.392618190517844,13.118926914763716,13.246649742126465,528700
2024-01-05,13.22840333897425,13.22840333897425,13.06418839842227,13.118927001953125,276200
2024-01-08,13.210156759988038,13.301387475252941,13.210156759988038,13.246649742126465,433600
2024-01-09,13.228403485705726,13.337879823941178,13.228403485705726,13.28314208984375,309900
2024-01-10,13.283141373110613,13.356125594662824,13.283141373110613,13.319633483886719,440300
2024-01-11,13.31963308349089,13.429109412528284,13.301386593631062,13.410862922668457,513900
2024-01-12,13.410862922668457,13.429109412528284,13.410862922668457,13.410862922668457,259800
2024-01-15,13.429110617220152,13.465602730172899,13.264895673912486,13.301387786865234,142700
2024-01-16,13.301387786865234,13.410864125723476,13.301387786865234,13.301387786865234,238500
2024-01-17,13.374371215030601,13.39261770543893,13.30138699347839,13.319633483886719,479500
2024-01-18,13.356125193170021,13.429109412528284,13.283140973811758,13.410862922668457,1132800
2024-01-19,13.392618179321289,13.447355912402003,13.319633955186616,13.392618179321289,221600
2024-01-22,13.39261770543893,13.39261770543893,13.283141373110613,13.319633483886719,515400
2024-01-23,13.319633483886719,13.410863325806707,13.319633483886719,13.319633483886719,327200
2024-01-24,13.392618414330885,13.465602639746264,13.374371922956742,13.429110527038574,255500
2024-01-26,13.42910997807101,13.575078422934734,13.210156440734863,13.210156440734863,547500
2024-01-29,13.392618414330885,13.48384826107981,13.356126301623195,13.429110527038574,366100
2024-01-30,13.502094037767245,13.53858614854335,13.319633483886719,13.319633483886719,227700
2024-01-31,13.410863409740356,13.410863409740356,13.118926521704386,13.191910743713379,1161500
2024-02-02,13.19191144800699,13.392618504267404,13.100680730604822,13.301387786865234,466500
2024-02-05,13.30138699347839,13.39261770543893,13.283141373110613,13.319633483886719,323900
2024-02-06,13.337878703310194,13.447355032347588,13.31963308349089,13.410862922668457,255300
2024-02-07,13.374371752326978,13.629816538021847,13.374371752326978,13.556832313537598,275400
2024-02-08,13.575078717686118,13.757539277727481,13.575078717686118,13.684555053710938,341400
2024-02-09,13.648062941702664,13.702801544735362,13.593324338669966,13.684555053710938,74000
2024-02-13,13.648062941702664,13.775785768751907,13.447355890636874,13.684555053710938,314300
2024-02-14,13.61157067066255,13.666308403015137,13.556832068269394,13.666308403015137,223900
2024-02-15,13.702801544735362,13.702801544735362,13.611570829694392,13.684555053710938,394100
2024-02-16,13.684555213169697,13.721047325603191,13.556832384632166,13.702801704406738,567200
2024-02-19,13.684554967638379,13.812277793884277,13.593324253171227,13.812277793884277,220200
2024-02-20,13.867014803231687,14.140706062316895,13.812277073438963,14.140706062316895,791600
2024-02-21,14.08596746248364,14.140706062316895,13.976491132857664,14.140706062316895,718800
2024-02-22,14.012984289023196,14.122460626823308,13.812278104743287,13.867015838623047,782100
2024-02-23,14.031230780343511,14.122460626823308,13.794031613422971,13.867015838623047,965300
2024-02-26,13.81227762573287,13.958246071070826,13.81227762573287,13.9399995803833,783900
2024-02-27,13.93999974018241,14.104214678090345,13.848769895820668,13.958246231079102,679600
2024-02-28,13.958246307145036,14.140706866903416,13.958246307145036,13.976491928100586,675800
2024-02-29,13.976492538362661,14.505628619786167,13.940000424817613,14.213691711425781,1623000
2024-03-01,14.140706789843156,14.286675236854402,13.867015516676787,13.958246231079102,745000
2024-03-04,14.104214516408783,14.104214516408783,13.903507469048812,13.9399995803833,496100
2024-03-05,13.867015516676787,13.994738342831912,13.812277784067858,13.958246231079102,754700
2024-03-06,14.049476623535156,14.067723115143675,13.994738888790813,14.049476623535156,698100
2024-03-07,14.067723644791599,14.268430709838867,14.031231530241243,14.268430709838867,350800
2024-03-08,14.250183918300975,14.250183918300975,14.049476857468392,14.085968971252441,320800
2024-03-11,14.085968913369245,14.140707518840692,13.88526272340204,13.921754837036133,370700
2024-03-12,13.939999022982338,14.140706062316895,13.92175340306494,14.140706062316895,877200
2024-03-13,14.140705658448733,14.140705658448733,13.739292461284784,13.79403018951416,839900
2024-03-14,13.867015516676787,13.994738342831912,13.830523404923976,13.958246231079102,838400
2024-03-15,13.8670152744025,14.104214431671888,13.830523163287252,14.06772232055664,1826800
2024-03-18,14.049475352608315,14.15895255227482,13.976491132857664,14.140706062316895,651800
2024-03-19,14.067722471644695,14.286675140687745,14.067722471644695,14.231937408447266,945600
2024-03-20,14.195445840755571,14.341414292376198,14.195445840755571,14.32316780090332,343700
2024-03-21,14.414397239685059,14.469134969167468,14.26842880101127,14.414397239685059,1420200
2024-03-22,14.414396764514343,14.487380981445312,14.377904656048859,14.487380981445312,1196100
2024-03-25,14.396151937039592,14.45089054107666,14.304922090365274,14.45089054107666,741500
2024-03-26,14.469135698223619,14.469135698223619,14.213690917673395,14.231937408447266,1819300
2024-03-27,14.231937408447266,14.34141374296879,14.158953185432916,14.231937408447266,1572500
2024-03-29,14.231937015609068,14.41439756810856,13.994737862339457,14.031229972839355,504400
2024-04-01,14.15895363965389,14.45089054107666,14.15895363965389,14.45089054107666,1528200
2024-04-02,14.34141420304312,14.505628275073132,14.34141420304312,14.45089054107666,1719600
2024-04-03,14.432643410020297,14.505627632141113,14.286674965778662,14.505627632141113,1033000
2024-04-04,14.505627632141113,14.542119743201523,14.414397789510371,14.505627632141113,384500
2024-04-05,14.48738249381361,14.542120227205778,14.34141404471372,14.43264389038086,242400
2024-04-08,14.487382011631189,14.523874122691597,14.377905678449961,14.505627632141113,815200
2024-04-09,14.542119743201523,14.596858344812414,14.414397789510371,14.505627632141113,695000
2024-04-12,14.505627078835914,14.57861129817281,14.377905130016611,14.414397239685059,1348700
2024-04-15,14.341413020348163,14.505627078835914,14.323166530493678,14.414397239685059,778300
2024-04-16,14.396151542663574,14.432643654341735,14.377905921844778,14.396151542663574,767200
2024-04-17,14.377905452735872,14.396151072959364,14.04947558830755,14.17719841003418,619400
2024-04-18,14.231937408447266,14.377905854475966,14.213690917673395,14.231937408447266,554700
2024-04-19,14.231938186384323,14.377906640391855,14.231938186384323,14.359660148620605,852900
2024-04-22,14.359659665830913,14.57861233948075,14.359659665830913,14.43264389038086,616900
2024-04-23,14.432642380372751,14.542118705743762,14.341412544250488,14.341412544250488,1251500
2024-04-24,14.450888872979828,14.560365198376282,14.450888872979828,14.487380981445312,1316800
2024-04-25,14.578610817588777,14.578610817588777,14.469134492192323,14.487380981445312,1261100
2024-04-26,14.450889900570779,14.560366233752006,14.341413567389553,14.505627632141113,615500
2024-04-29,14.505627632141113,14.542119743201523,14.487382011631189,14.505627632141113,1311100
2024-04-30,14.39615226212249,14.523875094399388,14.323168035118723,14.359660148620605,2153700
2024-05-02,14.469136238098145,14.48738272955283,14.450890616684058,14.469136238098145,1096400
2024-05-03,14.487380981445312,14.578610817588777,14.469134492192323,14.487380981445312,1446900
2024-05-06,14.505628275073132,14.505628275073132,14.396151937039592,14.45089054107666,452500
2024-05-07,14.450889900570779,14.578611854261931,14.450889900570779,14.505627632141113,802100
2024-05-08,14.523874594228216,14.688089534351787,14.523874594228216,14.578612327575684,1058100
2024-05-09,14.487381459021954,14.505627078835914,14.341413020348163,14.414397239685059,592200
2024-05-10,14.396151639747613,14.414398130730028,14.104214744353571,14.12246036529541,607500
2024-05-13,14.268429596340303,14.323167328873819,14.10421465865861,14.25018310546875,933600
2024-05-14,14.231937408447266,14.41439796598314,14.195445296940091,14.231937408447266,824600
2024-05-15,14.23193750424547,14.23193750424547,13.958246231079102,13.958246231079102,433100
2024-05-16,14.049476141446899,14.158953347260242,13.95824629665655,14.12246036529541,876900
2024-05-17,14.122460052209233,14.213690765017631,14.06772232055664,14.06772232055664,638800
2024-05-20,14.142154767975725,14.365451738371933,14.030506282777623,14.253803253173828,993100
2024-05-21,14.30962729475252,14.30962729475252,13.956073330568397,13.974681854248047,1132000
2024-05-23,13.956073710075595,14.030506032211736,13.844425226871383,13.881641387939453,1784800
2024-05-24,13.974681245919319,13.974681245919319,13.714167249564081,13.8444242477417,1721200
2024-05-27,13.937464200180106,13.937464200180106,13.8444242477417,13.8444242477417,415300
2024-05-28,13.881641819441839,13.881641819441839,13.825817132452823,13.863033294677734,1408700
2024-05-29,13.863032786871697,13.863032786871697,13.76999282836914,13.76999282836914,797300
2024-05-30,13.769993235177365,13.788600872506297,13.676952386622826,13.714168548583984,871200
2024-05-31,13.65834432026144,13.769992802637836,13.528087313837345,13.732776641845703,5565900
2024-06-04,13.732776667507464,13.956073632677521,13.583912024060758,13.76999282836914,1273200
2024-06-05,13.639736075661796,13.825816883434841,13.49087142944336,13.49087142944336,800800
2024-06-06,13.676953293640656,13.676953293640656,13.565304800352965,13.639737129211426,327600
2024-06-07,13.751384759537112,13.78860092163086,13.69556096004814,13.78860092163086,463900
2024-06-10,13.788600387428872,13.788600387428872,13.639735744821243,13.658344268798828,382000
2024-06-11,13.658345128355478,13.658345128355478,13.490871951230726,13.509480476379395,935700
2024-06-12,13.509480476379395,13.732777454343521,13.509480476379395,13.509480476379395,585200
2024-06-13,13.676951298291334,13.788599775290473,13.509479026444234,13.52808666229248,670500
2024-06-14,13.546695536621638,13.583911696586124,13.379222373129828,13.39783000946045,684300
2024-06-18,13.49087142944336,13.621128438536132,13.49087142944336,13.49087142944336,476600
2024-06-19,13.602518924635358,13.639735083482798,13.379221971550729,13.453654289245605,807100
2024-06-20,13.472263812511386,13.472263812511386,13.360615320326874,13.4164400100708,1041800
2024-06-21,13.379222819236961,13.565303625263937,13.304790496826172,13.304790496826172,3571100
2024-06-24,13.304790222725465,13.63973566667359,13.267574062286785,13.546695709228516,759600
2024-06-25,13.435047648449881,13.546697027937737,13.286182992203864,13.4164400100708,1084100
2024-06-26,13.490870853023287,13.490870853023287,13.304790053200856,13.39783000946045,590800
2024-06-27,13.342007114979545,13.379223277459548,13.267574790019536,13.32339859008789,405900
2024-06-28,13.397830456188021,13.416438980442356,13.211749650161048,13.304790496826172,1239700
2024-07-01,13.360615320326874,13.472263812511386,13.323399156265369,13.4164400100708,212200
2024-07-02,13.323397500985497,13.379222183793845,13.100100544358565,13.137316703796387,590800
2024-07-03,13.174532970666231,13.36061376937274,13.174532970666231,13.286181449890137,286400
2024-07-04,13.286181896082072,13.360614218064347,13.174533413108657,13.19314193725586,285700
2024-07-05,13.248965811366443,13.360614294982627,13.23035817441538,13.304790496826172,291600
2024-07-09,13.323399457277738,13.360615622180058,13.155927158868977,13.174534797668457,928100
2024-07-10,13.323397609631439,13.342006133153708,13.211749130407533,13.286181449890137,636000
2024-07-11,13.28618235507122,13.28618235507122,13.118710068477176,13.211750030517578,357400
2024-07-12,13.155925334447199,13.323397609631439,13.155925334447199,13.286181449890137,649400
2024-07-15,13.211749209638018,13.39783000946045,13.211749209638018,13.39783000946045,423200
2024-07-16,13.435046169424936,13.546695536621638,13.304790053200856,13.39783000946045,514800
2024-07-17,13.416438755427052,13.62112808227539,13.397830231484813,13.62112808227539,276800
2024-07-18,13.546696913444066,13.956074714660645,13.528088387918919,13.956074714660645,690300
2024-07-19,13.863032939409027,13.993289947509766,13.732776818611562,13.993289947509766,177900
2024-07-22,13.7699938050655,13.844426132068287,13.118710500139452,13.807209968566895,294800
2024-07-23,13.844424568884653,13.863032204882686,13.658343772388198,13.67695140838623,329300
2024-07-24,13.695561774894223,13.695561774894223,13.52808859185655,13.56530475616455,108000
2024-07-25,13.509479953872304,13.639736075661796,13.45365526788875,13.49087142944336,359100
2024-07-26,13.435046817444048,13.751384636051878,13.416439180215916,13.602519989013672,515800
2024-07-29,13.602520111162127,13.825817083724605,13.602520111162127,13.78860092163086,275700
2024-07-30,13.621128056262098,13.76999269830268,13.583911895751953,13.583911895751953,124700
2024-07-31,13.602520111162127,13.825817083724605,13.546696311673154,13.78860092163086,865700
2024-08-01,13.65834531456132,13.807209968566895,13.65834531456132,13.807209968566895,327200
2024-08-02,13.695560506645787,13.918857471815844,13.658344345784112,13.76999282836914,313400
2024-08-05,13.621128702865906,13.658344865142727,13.137317705963937,13.211750030517578,509400
2024-08-06,13.490871302853146,13.583912149518271,13.211749650161048,13.304790496826172,744000
2024-08-07,13.304790105658455,13.509479429921791,13.304790105658455,13.472262382507324,561600
2024-08-08,13.397829662141874,13.63973513929162,13.397829662141874,13.52808666229248,331500
2024-08-09,13.509479702337407,13.76999282836914,13.509479702337407,13.76999282836914,324900
2024-08-12,13.788599886284103,13.807208409585362,13.490870611889775,13.67695140838623,257100
2024-08-13,13.546695294490325,13.788599886284103,13.546695294490325,13.67695140838623,294400
2024-08-14,13.658344600090741,13.658344600090741,13.45365526788875,13.49087142944336,311300
2024-08-15,13.490871837329575,13.490871837329575,13.360614824298581,13.435047149658203,162900
2024-08-16,13.676952312532775,13.676952312532775,13.490871503735018,13.602519989013672,340000
2024-08-19,13.583911750144233,13.67695170677066,13.453654746103338,13.472262382507324,473700
2024-08-20,13.621128438536132,13.769993084754569,13.397830581905197,13.49087142944336,511100
2024-08-21,13.41644031318522,13.63973730259914,13.137318632766137,13.174534797668457,764200
2024-08-22,13.360614420350586,13.528087590997968,13.360614420350586,13.49087142944336,696400
2024-08-23,13.583912175295358,13.583912175295358,13.24896583650793,13.34200668334961,304400
2024-08-26,13.41643895484024,13.435046591755793,13.100101141546403,13.267574310302734,804900
2024-08-27,13.360614493924945,13.602519989013672,13.304790694937262,13.602519989013672,398800
2024-08-28,13.602519914107187,13.602519914107187,13.323398258795978,13.49087142944336,830700
2024-08-29,13.583912175295358,13.639735973557746,13.286181997783947,13.34200668334961,445800
2024-08-30,13.49087105082496,13.695560377282389,13.397830205897968,13.583911895751953,4346200
2024-09-02,13.583911453789616,13.67695140838623,13.583911453789616,13.67695140838623,191400
2024-09-03,13.565304666316818,13.58391319199924,13.360615320326874,13.4164400100708,537200
2024-09-04,13.397830430621417,13.397830430621417,13.230358149168357,13.267574310302734,392900
2024-09-05,13.379222844625627,13.528087489729694,13.304790522073592,13.34200668334961,361000
2024-09-06,13.490871277108994,13.509479801327819,13.267574310302734,13.267574310302734,678500
2024-09-09,13.304790496826172,13.435046617393416,13.23035817441538,13.304790496826172,655600
2024-09-10,13.286181997783947,13.453655167177661,13.286181997783947,13.34200668334961,239700
2024-09-11,13.304791818478257,13.360615622180058,13.137318632766137,13.174534797668457,577900
2024-09-12,13.249602583261362,13.249602583261362,13.024397086578494,13.080698013305664,784400
2024-09-13,13.324671745300293,13.324671745300293,13.17453474003967,13.324671745300293,385700
2024-09-17,13.324670722470051,13.587410461507677,13.324670722470051,13.54987621307373,348200
2024-09-18,13.474808229049492,13.474808229049492,13.305904552111889,13.437273979187012,166100
2024-09-19,13.437273953421911,13.531110025341736,13.324671204050382,13.51234245300293,503000
2024-09-20,13.549875998582866,13.587410246422655,13.324670511544127,13.568643569946289,2161000
2024-09-23,13.437273763985345,13.531109834582285,13.362205265462629,13.45604133605957,443600
2024-09-24,13.54987624861211,13.643712317386623,13.512342000079718,13.624945640563965,434600
2024-09-25,13.662479359951808,13.812616348266602,13.549875723828674,13.812616348266602,252900
2024-09-26,13.75631550555142,13.793849755291362,13.587410934278134,13.737548828125,845800
2024-09-27,13.775082708528632,14.056589126586914,13.643712390517576,14.056589126586914,1113600
2024-09-30,14.075356363226978,14.075356363226978,13.531109322106499,13.568643569946289,673300
2024-10-01,13.70001457838506,13.793849755291362,13.587410934278134,13.737548828125,207800
2024-10-02,13.737547833987634,13.88768482208252,13.531109027913645,13.88768482208252,492300
2024-10-03,13.887685827084765,13.887685827084765,13.681247006071537,13.737548828125,718400
2024-10-04,13.700014596842582,13.700014596842582,13.493575775551227,13.51234245300293,508700
2024-10-07,13.681246016008531,13.943985745174583,13.568643274937367,13.88768482208252,1137700
2024-10-08,13.906452530633432,13.906452530633432,13.643712781960307,13.662480354309082,1041700
2024-10-09,13.58741169386359,13.700015344265468,13.531110763549805,13.531110763549805,283100
2024-10-10,13.624946840588985,13.68124777090277,13.531110763549805,13.531110763549805,432300
2024-10-11,13.700013393696155,13.718780069499754,13.587409759326466,13.60617733001709,333500
2024-10-14,13.606179267226288,13.624946840588985,13.456042259873321,13.531110763549805,668900
2024-10-15,13.587410786118744,13.587410786118744,13.362205290134776,13.380972862243652,503400
2024-10-16,13.380973569716597,13.399740247930604,13.268370815771128,13.324671745300293,1155500
2024-10-17,13.305905067086284,13.493576323662063,13.305905067086284,13.324671745300293,509500
2024-10-18,13.324670554965664,13.512341794776184,13.324670554965664,13.418506622314453,364000
2024-10-21,13.437273953421911,13.531110025341736,13.418507275970208,13.51234245300293,223300
2024-10-22,13.51234226250806,13.587410761030776,13.437273763985345,13.45604133605957,475800
2024-10-23,13.3997397036314,13.531110025341736,13.3997397036314,13.51234245300293,370700
2024-10-24,13.512343001876072,13.549877253191228,13.324671745300293,13.324671745300293,587300
2024-10-25,13.305904604003159,13.418507354029732,13.287137031555176,13.287137031555176,254000
2024-10-28,13.324671204050382,13.51234245300293,13.30590452659868,13.51234245300293,571100
2024-10-29,13.512342505112123,13.512342505112123,13.362205505371094,13.362205505371094,615900
2024-10-30,13.324670863159755,13.36220511199001,13.099465370178223,13.099465370178223,1103400
2024-11-01,13.061931583606174,13.268370406921933,12.949328833130428,13.13700008392334,561200
2024-11-04,13.230836564455974,13.418507821031753,13.193302313140817,13.324671745300293,418400
2024-11-05,13.399739219337944,13.54987621307373,13.399739219337944,13.54987621307373,590000
2024-11-06,13.418506826192278,13.624945640563965,13.418506826192278,13.624945640563965,185300
2024-11-07,13.624945699648723,13.624945699648723,13.249602317810059,13.249602317810059,638400
2024-11-08,13.324671255435836,13.399739755306351,13.324671255435836,13.362205505371094,68100
2024-11-11,13.399739755306351,13.418507327717533,13.212068505630064,13.362205505371094,334900
2024-11-12,13.418506622314453,13.493575118238661,13.38097237435235,13.418506622314453,480100
2024-11-13,13.324671255435836,13.380973077782276,13.230836078041246,13.362205505371094,296400
2024-11-14,13.34343931840144,13.34343931840144,13.287137493985137,13.324671745300293,304300
2024-11-15,13.287137493985137,13.380973569716597,13.268370815771128,13.324671745300293,358900
2024-11-18,13.268370164083445,13.343438663026701,13.193301665140188,13.230835914611816,270500
2024-11-19,13.193301906604768,13.32467133471625,13.118232511400493,13.13700008392334,323800
2024-11-20,13.155767239316594,13.21206816532578,12.949328422546387,12.949328422546387,624000
2024-11-21,13.00562916646777,13.00562916646777,12.667820930480957,12.667820930480957,716900
2024-11-22,12.686588941131166,12.79919169035642,12.630287119074989,12.780424118041992,630100
2024-11-25,12.78042404586813,12.83672586760636,12.19864273071289,12.19864273071289,3032500
2024-11-26,12.3675469885238,12.592752480011782,12.273710919626938,12.517683982849121,791000
2024-11-27,12.480149483588677,12.573984655713671,12.330012492279042,12.461381912231445,578800
2024-11-28,12.517683731416087,12.536450407886262,12.40508098793386,12.461381912231445,257000
2024-11-29,12.386313460520753,12.480149527865716,12.31124496459961,12.31124496459961,658000
2024-12-02,12.367547250476438,12.386313927721055,12.217410252971119,12.348779678344727,327900
2024-12-03,12.386314448273042,12.442616272147246,12.236177444458008,12.236177444458008,649900
2024-12-04,12.330011818034142,12.442614555358887,12.254943326484312,12.442614555358887,225000
2024-12-05,12.386313952886574,12.442615774509006,12.19864270562363,12.273711204528809,305800
2024-12-06,12.31124475404615,12.330012325148994,12.104805946350098,12.104805946350098,288800
2024-12-09,12.104806435113483,12.104806435113483,11.898368513969,12.067272186279297,302500
2024-12-10,12.067271699031455,12.179874440987382,12.067271699031455,12.104805946350098,262100
2024-12-11,12.104806242484624,12.104806242484624,11.99220349777396,12.010971069335938,338300
2024-12-12,12.048505557536535,12.048505557536535,11.785765814645472,11.917135238647461,786100
2024-12-13,11.917134793836807,11.917134793836807,11.729463555919505,11.804532051086426,410000
2024-12-16,11.766998110616901,11.766998110616901,11.466724122112188,11.485490798950195,1021300
2024-12-17,11.485491073037805,11.61686139358715,11.372888324661407,11.466724395751953,688300
2024-12-18,11.410422815315682,11.429190387885342,11.335354314811273,11.372888565063477,674700
2024-12-19,11.37288767380599,11.37288767380599,10.90370913497792,11.147682189941406,1399200
2024-12-20,11.185216165622304,11.391654968261719,11.016311609382145,11.391654968261719,2663000
2024-12-23,11.391655456197869,11.485490628771716,11.354121208190918,11.354121208190918,252400
2024-12-24,11.39165638461517,11.48549156483656,11.354122133549184,11.429190635681152,397900
2024-12-26,11.485491508663396,11.654396085077812,11.485491508663396,11.579327583312988,227200
2024-12-27,11.523024345312148,11.673161330415313,11.523024345312148,11.541791915893555,504000
2024-12-30,11.635628700256348,11.748232349610692,11.579327770466321,11.635628700256348,560700
2024-12-31,11.635628700256348,11.766999027911654,11.635628700256348,11.635628700256348,526800
2025-01-02,11.616862021955386,11.654396273444453,11.485491694300082,11.635628700256348,439800
2025-01-03,11.635628484289143,11.691930307921305,11.57932755554411,11.654396057128906,438300
2025-01-06,11.654394617369892,11.804531601991885,11.616860371214395,11.69192886352539,363100
2025-01-07,11.635627046848635,11.710695539159632,11.52302430838214,11.69192886352539,534100
2025-01-08,11.710697013957862,11.710697013957862,11.523025759545806,11.579327583312988,800300
2025-01-09,11.673162951745415,11.729464776422587,11.59809444876728,11.635628700256348,307800
2025-01-10,11.729464362558215,11.729464362558215,11.447957038879395,11.447957038879395,214200
2025-01-13,11.391655456197869,11.485490628771716,11.335353636743912,11.354121208190918,527600
2025-01-14,11.429190635681152,11.48549156483656,11.410423062704593,11.429190635681152,373800
2025-01-15,11.598093616668166,11.598093616668166,11.260285377502441,11.260285377502441,330700
2025-01-16,11.297819867852954,11.35412168969455,11.166449546813965,11.166449546813965,252000
2025-01-17,11.166449546813965,11.24151804601136,11.053846798017874,11.166449546813965,668500
2025-01-20,11.166449848891448,11.18521742164205,11.072614669799805,11.072614669799805,275900
2025-01-21,11.072614395599302,11.185217144653073,11.072614395599302,11.091381072998047,344000
2025-01-22,11.29781939666214,11.391655464188872,11.128914833068848,11.128914833068848,344400
2025-01-23,11.147682894968483,11.241518071736408,11.053846823313457,11.091381072998047,313100
2025-01-24,11.2602856262386,11.335354125489223,11.147682877362666,11.316587448120117,223200
2025-01-27,11.316586968122312,11.316586968122312,11.128914833068848,11.128914833068848,92700
2025-01-28,11.110148478726355,11.110148478726355,10.96001148223877,10.96001148223877,258800
2025-01-31,11.11014886613947,11.316587690952007,11.035080365278025,11.22275161743164,479300
2025-02-03,11.128914660950782,11.128914660950782,10.941243423686874,10.99754524230957,371700
2025-02-04,11.016312133622433,11.053846381807855,10.903709389066169,10.978777885437012,331900
2025-02-05,10.941243592902445,11.166449081102128,10.941243592902445,11.128914833068848,343900
2025-02-06,11.072613908462458,11.147682404529018,11.053846337002287,11.128914833068848,235600
2025-02-07,11.091380607361764,11.1289148554706,11.05384635925293,11.05384635925293,203300
2025-02-10,11.053846187388519,11.07261375859467,10.922476768493652,10.922476768493652,162800
2025-02-12,10.941244345206954,11.110148920413886,10.922477667343474,11.072614669799805,261800
2025-02-13,11.072613953344097,11.128914878178698,10.922476960602411,10.978777885437012,208000
2025-02-14,10.978777713829766,10.997545285072658,10.847408294677734,10.847408294677734,249900
2025-02-17,10.96001177722071,10.96001177722071,10.697271131408847,10.716038703918457,277900
2025-02-18,10.716037810819902,10.716037810819902,10.490832328796387,10.490832328796387,407500
2025-02-19,10.490833220601985,10.490833220601985,9.852750072406094,9.909051895141602,1594200
2025-02-20,9.909051645842954,10.05918864284424,9.777681326023282,9.852749824523926,468900
2025-02-21,9.852749705629602,10.321928263040535,9.702612710440036,10.228092193603516,968200
2025-02-24,10.228092688115407,10.396997263313475,10.134257509028687,10.340696334838867,549200
2025-02-25,10.22809290202994,10.415765053902678,10.153024399235703,10.321928977966309,666500
2025-02-26,10.303160388285955,10.547133445739746,10.228091892898181,10.547133445739746,421800
2025-02-27,10.509598787921831,10.528366358479921,10.228091493759626,10.284393310546875,382900
2025-02-28,10.32192831174957,10.32192831174957,9.87151732405539,10.07795524597168,1463500
2025-03-03,10.153024160174258,10.434531486467897,10.153024160174258,10.415764808654785,469100
2025-03-04,10.396996588244582,10.396996588244582,10.002886534963098,10.096722602844238,597400
2025-03-05,10.284393292039564,10.434530276686022,10.04042024454556,10.359461784362793,611000
2025-03-06,10.396996224385138,10.640969276428223,10.359461977523665,10.640969276428223,388100
2025-03-07,10.659735913086084,10.791106224060059,10.490832250276151,10.791106224060059,993200
2025-03-10,10.75357197733707,10.884942288311045,10.603434990445116,10.791106224060059,1412800
2025-03-11,10.697270690375444,10.697270690375444,10.43453095028308,10.603435516357422,368600
2025-03-12,10.603435217085465,10.922476768493652,10.603435217085465,10.922476768493652,973400
2025-03-13,10.922477257628982,10.997545756041243,10.828641187170112,10.884943008422852,606600
2025-03-14,10.847408294677734,10.903709218632304,10.772338904593223,10.847408294677734,436700
2025-03-17,10.922476960602411,11.035079705158676,10.791106644509904,10.978777885437012,527800
2025-03-19,10.922476960602411,10.978777885437012,10.772339072973661,10.978777885437012,912800
2025-03-20,10.903709366817592,11.05384635925293,10.716038126273421,11.05384635925293,827400
2025-03-21,11.053846901297245,11.053846901297245,10.753572901702121,10.866175651550293,2393400
2025-03-24,10.866174717506036,10.922476535034034,10.791106224060059,10.791106224060059,489500
2025-03-25,10.94124363725159,10.978777885437012,10.791106644509904,10.978777885437012,891800
2025-03-26,10.978778898069125,10.978778898069125,10.791107639832083,10.828641891479492,699500
2025-03-27,10.77233865325505,10.847408041588057,10.73480440653206,10.791106224060059,431800
2025-03-28,10.80987379486507,10.941243210952013,10.75357197733707,10.791106224060059,682900
2025-04-02,10.791106224060059,10.922476535034034,10.603434990445116,10.791106224060059,426600
2025-04-03,10.753572713226086,10.903709710392222,10.678504214643018,10.809874534606934,340000
2025-04-04,10.809874284065192,10.884942780908387,10.622202147070128,10.753572463989258,1016100
2025-04-07,10.603435308724459,10.603435308724459,10.002886448243162,10.39699649810791,1362400
2025-04-08,10.58466728038015,10.58466728038015,10.134256325630238,10.284393310546875,676600
2025-04-09,10.284394062775055,10.4157643816294,9.85274975212459,10.07795524597168,767600
2025-04-10,10.321928239218355,10.603435551992636,10.265626418708669,10.303160667419434,355000
2025-04-11,10.265626616895323,10.659736683410529,10.265626616895323,10.509599685668945,353200
2025-04-14,10.50959913490872,10.884942504479739,10.50959913490872,10.7723388671875,390700
2025-04-15,10.847408257011342,10.978777675707208,10.716037943428429,10.7723388671875,386600
2025-04-16,10.941244151449075,10.941244151449075,10.734805329283873,10.866175651550293,426200
2025-04-17,10.697270159809072,10.922476535034034,10.697270159809072,10.791106224060059,408900
2025-04-18,10.903709176234093,10.99754524230957,10.903709176234093,10.99754524230957,170300
2025-04-21,11.016312133622433,11.053846381807855,10.922476960602411,10.978777885437012,90000
2025-04-22,10.978777885437012,11.016312133622433,10.94124363725159,10.978777885437012,135600
2025-04-23,11.05384728563552,11.279053688049316,11.016313034381078,11.279053688049316,231000
2025-04-24,11.279052697689304,11.316586945648043,11.166449058926027,11.203983306884766,327000
2025-04-25,11.24151731937094,11.316586708603023,11.203983072198419,11.297819137573242,151300
2025-04-28,11.297819626298633,11.335353875094825,11.185216879910058,11.260285377502441,61400
2025-04-29,11.260285867862363,11.410422869585256,11.185217367000917,11.22275161743164,365200
2025-04-30,11.316586609092877,11.673161506652832,11.260284791385653,11.673161506652832,680500
2025-05-02,11.598094039538202,11.61686161206411,11.4291903612406,11.447957038879395,369600
2025-05-05,11.466724611405303,11.5605597893735,11.4291903612406,11.447957038879395,250000
2025-05-06,11.616860944239574,11.616860944239574,11.354121208190918,11.354121208190918,138500
2025-05-07,11.485490584448174,11.579326651546959,11.44795633658607,11.504258155822754,280400
2025-05-08,11.4479566214834,11.466724193325035,11.260285377502441,11.260285377502441,537300
2025-05-09,11.222751564054658,11.429190387885342,11.203983991484998,11.372888565063477,149900
2025-05-13,11.447957442811015,11.654396273444453,11.391656513020989,11.635628700256348,618300
2025-05-14,11.616861834195399,11.63562851219304,11.466724830665754,11.579327583312988,163100
2025-05-15,11.635627084139523,11.635627084139523,11.485490099036358,11.541791915893555,541400
2025-05-16,11.635628700256348,11.804533279400719,11.541793518977254,11.635628700256348,440400
2025-05-19,11.635627726247996,11.635627726247996,11.270211219787598,11.270211219787598,216200
2025-05-20,11.289443184825357,11.36637287912499,11.15481667833815,11.270211219787598,341900
2025-05-21,11.443303062309552,11.443303062309552,11.174049120757676,11.327908515930176,207600
2025-05-22,11.231747281702857,11.308676982228956,11.13558469750805,11.154817581176758,177700
2025-05-23,11.135583629753125,11.366372709201807,11.116351665002876,11.289443016052246,186700
2025-05-26,11.154817233221625,11.289443746405674,10.98172495390003,11.077887535095215,225800
2025-05-27,11.03942125036931,11.058654132534599,10.962491555856753,11.02018928527832,313600
2025-05-28,10.962492808386266,11.1740499510046,10.962492808386266,10.981725692749023,344800
2025-05-29,11.020190544400139,11.1740499510046,10.981725692749023,10.981725692749023,230600
2025-05-30,11.135584219989692,11.135584219989692,10.847097396850586,10.847097396850586,1442300
2025-06-03,11.058655319250573,11.058655319250573,10.674006805410746,10.750936508178711,570100
2025-06-04,10.674006030080495,10.847097390198341,10.481680870056152,10.481680870056152,514300
2025-06-05,10.500914573669434,10.500914573669434,10.289357431351352,10.500914573669434,439700
2025-06-06,10.500914056945362,10.520146023260066,10.327821774741247,10.443216323852539,212300
2025-06-09,10.481680269689729,10.57784284419393,10.443215423302904,10.558609962463379,235300
2025-06-10,10.577843231986614,10.750935505610174,10.52014550175399,10.635540962219238,507900
2025-06-11,10.654773319857197,10.731703018283476,10.462449073791504,10.462449073791504,285700
2025-06-12,10.462448723561016,10.539378419412072,10.327821297284512,10.385519027709961,265200
2025-06-13,10.38551928473102,10.38551928473102,10.231659889221191,10.231659889221191,272600
2025-06-16,10.289356037755605,10.558609962463379,10.231659226712505,10.558609962463379,381900
2025-06-17,10.616308424836534,10.616308424836534,10.347054481506348,10.347054481506348,304000
2025-06-18,10.347054479112659,10.366286445094625,9.981637954711914,9.981637954711914,868400
2025-06-19,9.981637701765937,9.981637701765937,9.57775633856173,9.587372779846191,1071500
2025-06-20,9.587373457667917,9.673919601198197,9.510443756101974,9.558524131774902,5471300
2025-06-23,9.568140270075444,9.673919294177294,9.52005897885409,9.596988677978516,536300
2025-06-24,9.712383704391584,9.73161566976554,9.616221126298871,9.654685974121094,483100
2025-06-25,9.73161528822628,10.020102094119649,9.712383323606335,9.827777862548828,680100
2025-06-26,9.827777994562432,9.904707688224134,9.69315057211731,9.808545112609863,407400
2025-06-30,9.962404855095672,10.154730013180657,9.731615765882873,9.885475158691406,1144100
2025-07-01,10.00086987490718,10.020102757875431,9.731615932872,9.866243362426758,580400
2025-07-02,9.827779328947392,10.000870704650879,9.789314476893903,10.000870704650879,410600
2025-07-03,10.020103589214829,10.077800408757854,10.000870704650879,10.000870704650879,303300
2025-07-04,10.077799011943068,10.077799011943068,9.923939625054514,10.05856704711914,127700
2025-07-07,10.077799925705337,10.077799925705337,9.904708558298523,9.9431734085083,457000
2025-07-08,9.981637247805486,9.981637247805486,9.770080134540445,9.827777862548828,825400
2025-07-09,9.808545112609863,9.827777994562432,9.770080265779011,9.808545112609863,509300
2025-07-10,9.808545112609863,9.981637381885836,9.789313147731582,9.808545112609863,866400
2025-07-11,9.82777925627133,9.866244108040373,9.750849552733248,9.770081520080566,490500
2025-07-14,9.808546025228253,9.808546025228253,9.635454656921596,9.693151473999023,842500
2025-07-15,9.712384009026392,9.750848858055088,9.61622142791748,9.61622142791748,587100
2025-07-16,9.71238394154569,9.71238394154569,9.308502571013339,9.31811809539795,2122200
2025-07-17,9.318118705550994,9.41428129228853,9.231573477976484,9.241189002990723,1626100
2025-07-18,9.279653719753775,9.289270161703007,9.193108493433815,9.260421752929688,1002000
2025-07-21,9.270037187502137,9.289269152236281,9.077712037715008,9.145026206970215,1022400
2025-07-22,9.154643035154754,9.164258559391463,8.943085911683713,8.97193431854248,1461000
2025-07-23,9.02001536473584,9.058480211868165,8.885387941235559,8.943085670471191,2165600
2025-07-24,8.943086108976125,9.250804901123047,8.943086108976125,9.250804901123047,2520900
2025-07-25,9.250804610789872,9.270037493232609,9.010399082701547,9.106561660766602,1393600
2025-07-28,9.154642675204101,9.193107521861503,8.885387831528018,8.895004272460938,1647400
2025-07-29,8.98155040670866,8.99116684764158,8.885387831528018,8.895004272460938,979100
2025-07-30,8.895004790394994,8.991167371174946,8.885388348902133,8.952702522277832,824700
2025-07-31,8.962318091758325,9.1065619636535,8.962318091758325,9.068097114562988,2106900
2025-08-01,9.09694519372837,9.12579360023629,8.923852920532227,8.923852920532227,1187900
2025-08-04,8.94308608078497,9.00078289559347,8.904621231887857,8.952702522277832,922300
2025-08-05,8.95270283536068,8.981551243773781,8.539205007450628,8.548821449279785,4164100
2025-08-06,8.644982881387127,8.789226753680984,8.568053182993475,8.635366439819336,2524400
2025-08-07,8.654598858441613,8.943085670471191,8.635365976338303,8.943085670471191,3304600
2025-08-08,8.846923479660777,8.856539921131525,8.654599235617477,8.769993782043457,1690900
2025-08-11,8.702680587768555,8.74114543685068,8.644982855608196,8.702680587768555,2013000
2025-08-12,8.712297374557481,8.798842600616112,8.712297374557481,8.779610633850098,1782700
2025-08-13,8.789226835332974,8.866156534441302,8.741145544121679,8.750761985778809,1283800
2025-08-14,8.78922606728616,8.827690913479072,8.65459864707383,8.664215087890625,2357000
2025-08-15,8.693065066057539,8.712297951170836,8.558437621487768,8.587286949157715,2025400
2025-08-18,8.6065174976524,8.635365903489703,8.462274551391602,8.462274551391602,2421400
2025-08-19,8.510356599037527,8.558436974034572,8.43342689855301,8.548821449279785,3688400
2025-08-20,8.548821078648345,8.548821078648345,8.289182662963867,8.289182662963867,3733700
2025-08-21,8.298798504499798,8.558435984342125,8.298798504499798,8.366111755371094,6380600
2025-08-22,8.41419342173125,8.750761525430221,8.41419342173125,8.625750541687012,5412300
2025-08-25,8.63536632225337,8.702680495237125,8.385345264415077,8.471891403198242,4123700
2025-08-26,8.471891445346914,8.491123411242004,7.914149761199951,7.914149761199951,65940000
2025-08-27,8.106474275528766,8.433425923316651,8.058392989017443,8.366111755371094,11227400
2025-08-28,8.471891779301117,9.06809741874014,8.471891779301117,9.029632568359375,11250800
2025-08-29,9.010399989459588,9.048864841141642,8.827692173238427,8.991168022155762,4507800
2025-09-02,8.991166990085215,8.991166990085215,8.683447294876643,8.693063735961914,6535100
2025-09-03,8.693064798766601,9.058481351013631,8.693064798766601,9.0392484664917,5281000
2025-09-04,9.020015972831088,9.356583178660436,9.00078308943117,9.231573104858398,3432000
2025-09-08,9.279654031217728,9.568140879856884,9.154643949979356,9.520059585571289,4494600
2025-09-09,9.520058302841337,9.866242841393282,9.471977932108489,9.808545112609863,5720900
2025-09-10,9.847009959440713,9.847009959440713,9.71238345406988,9.808545112609863,3377400
2025-09-11,9.86693046223391,9.86693046223391,9.750162169709427,9.828007698059082,1784700
2025-09-12,9.828007230352592,9.847468147517928,9.487432364036588,9.662585258483887,2066900
2025-09-17,9.662585805569758,10.003159763176862,9.662585805569758,9.983698844909668,2116600
2025-09-18,9.925313949584961,10.003159476405873,9.84746842276405,9.925313949584961,2817000
2025-09-19,9.925313949584961,10.003159476405873,9.905853031875674,9.925313949584961,2865200
2025-09-22,9.925314404905498,9.925314404905498,9.789085190715372,9.886391639709473,957200
2025-09-23,9.886390925130003,9.905852770317292,9.828007245551849,9.86693000793457,515400
2025-09-24,9.828007998356298,10.003159978498887,9.808546151678273,9.964237213134766,852700
2025-09-25,9.983699102261602,10.100467398850448,9.964237255500828,10.042082786560059,600900
2025-09-26,9.86693022176873,9.944775748221227,9.682046400450142,9.847468376159668,5116600
2025-09-29,9.789085104132482,9.828007868984242,9.448510215685657,9.730700492858887,1897100
2025-09-30,9.730700132532684,10.02262132210704,9.701508291972813,9.925313949584961,2255000
2025-10-01,9.925313949584961,10.158850530047694,9.84746842276405,9.925313949584961,966800
2025-10-02,9.944775795286128,10.02262132210704,9.84746842276405,9.925313949584961,1734200
2025-10-03,10.003159261223692,10.022621106506207,9.886390973504176,9.944775581359863,1528000
2025-10-06,9.94477600133761,10.275619961177368,9.866930472903775,10.23669719696045,1119900
2025-10-07,10.236697285595303,10.411849262092048,10.081005299387666,10.392388343811035,1835700
2025-10-08,10.411848714514575,10.723231742561763,10.334003189500743,10.684308052062988,1910600
2025-10-09,10.68430879091697,10.781616167909306,10.587002341916559,10.703770637512207,2058200
2025-10-10,10.72323226928711,10.72323226928711,10.606463048038796,10.72323226928711,2173700
2025-10-13,10.606463260519872,10.723232484107443,10.50915681151946,10.703770637512207,984500
2025-10-14,10.703769971004336,10.840000104712372,10.703769971004336,10.762154579162598,1596600
2025-10-15,10.762154455946588,10.839999980605107,10.567539716308437,10.606462478637695,2777700
2025-10-16,10.606462478637695,10.625924323798252,10.509156036810474,10.606462478637695,608900
2025-10-17,10.606462478637695,10.703769848456771,10.489694191649917,10.606462478637695,1152500
2025-10-21,10.606462478637695,10.703769848456771,10.528616953979176,10.606462478637695,1083800
2025-10-22,10.606462478637695,10.625924323798252,10.548078799139732,10.606462478637695,2763400
2025-10-23,10.587002173529314,10.801077842712402,10.548079408949834,10.801077842712402,2215800
2025-10-24,10.68430842890376,10.917845940174098,10.645385665024019,10.898384094238281,1516800
2025-10-27,10.898384505722946,11.248690321858822,10.840000821694918,11.190305709838867,1562600
2025-10-28,11.229228475188195,11.28761308720815,11.151382944489539,11.190305709838867,1204000
2025-10-29,11.209767556509494,11.209767556509494,11.131921097818912,11.190305709838867,899300
2025-10-30,11.190305539154002,11.287612915039062,11.190305539154002,11.287612915039062,454400
2025-10-31,11.248689627525135,11.365457916365509,10.762154626694308,10.84000015258789,1253300
2025-11-03,10.801077483021983,11.092997743650786,10.801077483021983,10.995691299438477,650800
2025-11-04,11.073537413790884,11.209767556509494,10.99569188309223,11.190305709838867,420700
2025-11-05,11.19030530135411,11.326535439099851,11.170843455393909,11.307073593139648,482900
2025-11-06,11.229228303909645,11.326535679794704,11.229228303909645,11.287612915039062,368500
2025-11-07,11.268151068665286,11.365458444550347,11.20976738552778,11.287612915039062,881300
2025-11-10,11.268151112203318,11.365458488464355,11.24869019374626,11.365458488464355,580900
2025-11-11,11.365457891547067,11.579532623291016,11.287612365823472,11.579532623291016,573700
2025-11-12,11.56007170585605,11.579532623291016,11.384918808982032,11.579532623291016,1058300
2025-11-13,11.521149135276534,11.521149135276534,11.268150708456503,11.482226371765137,548400
2025-11-14,11.423842127687854,11.482226738817271,11.229228303909645,11.287612915039062,512700
2025-11-17,11.287612915039062,11.423842127687854,11.229228303909645,11.287612915039062,425400
2025-11-18,11.248690106216932,11.248690106216932,11.015152590606048,11.20976734161377,1871400
2025-11-19,11.20976738552778,11.326535679794704,11.20976738552778,11.287612915039062,1980200
2025-11-20,11.287612390471926,11.307073307949388,10.84000015258789,10.84000015258789,921800
2025-11-21,10.801078014504542,10.801078014504542,10.470234046320911,10.703770637512207,2798400
2025-11-24,10.703770423081757,10.801077798124716,10.548079365406544,10.72323226928711,1786000
2025-11-25,10.723232313553444,10.801077842712402,10.56754032724362,10.801077842712402,586100
2025-11-26,10.801077483021983,11.015152217084188,10.762154719738684,10.995691299438477,1883000
2025-11-27,10.995691299438477,11.034614062721776,10.976229453800888,10.995691299438477,677900
2025-11-28,10.723232484107443,10.87892354490164,10.606463260519872,10.703770637512207,1080000
2025-12-01,10.70377063717884,10.70377063717884,10.275620220008133,10.29508113861084,933000
2025-12-02,10.295080868157022,10.470233770939698,9.828007698059082,9.828007698059082,1250300
2025-12-03,9.828008086212119,9.983699149060385,9.691777942223919,9.711238861083984,1330700
2025-12-04,9.711238565233696,9.983698844909668,9.711238565233696,9.983698844909668,1654000
2025-12-05,9.925314404905498,9.964237170101521,9.769623344121399,9.886391639709473,2241100
2025-12-08,9.828007868984242,9.828007868984242,9.662585886366287,9.730700492858887,1003800
2025-12-09,9.7307002786404,9.808545806630171,9.623662909652436,9.750162124633789,645300
2025-12-10,9.750162339280724,9.769623257710647,9.68204680479621,9.730700492858887,1278000
2025-12-11,9.769623257710647,9.847468787414163,9.730700492858887,9.730700492858887,601000
2025-12-12,9.730700122975303,9.808545649719756,9.711238277293251,9.720969200134277,316100
2025-12-15,9.730700492858887,9.769623257710647,9.691777728007128,9.730700492858887,1334200
2025-12-16,9.750161932089984,9.90585298499498,9.730700086480923,9.847468376159668,837400
2025-12-17,9.905852721077009,9.925313638175705,9.691777065040242,9.789084434509277,596500
2025-12-18,9.789084578221182,10.081004834930217,9.691777207323593,10.022621154785156,1360000
2025-12-19,10.02262157348956,10.411849217356535,10.003159727300261,10.314542770385742,1203000
2025-12-22,10.314542530741079,10.353465294223458,10.139389631074435,10.334003448486328,527400
2025-12-23,10.392388515923813,10.801078014504542,10.314542985526714,10.703770637512207,781600
2025-12-24,10.762155249305993,10.762155249305993,10.54807957671801,10.703770637512207,360300
2025-12-26,10.703770637512207,10.742693402710756,10.68430879091697,10.703770637512207,384100
2025-12-29,10.723232484107443,10.762155249305993,10.68430879091697,10.703770637512207,158700
2025-12-30,10.703769971004336,10.781615496554108,10.66484720822945,10.762154579162598,447100
2025-12-31,10.762154579162598,10.781615496554108,10.723231816387711,10.762154579162598,433400
2026-01-02,10.742692707041334,10.742692707041334,10.2366967922272,10.35346508026123,901700
2026-01-05,10.372926712036133,10.60646330418895,10.27562026263509,10.372926712036133,985500
2026-01-06,10.372926712036133,10.411849477394936,10.217235650600923,10.372926712036133,470000
2026-01-07,10.2756197672587,10.411848975451086,10.236697003776323,10.334003448486328,373200
2026-01-08,10.35346553477244,10.431311063545834,10.295080924196442,10.314542770385742,939800
2026-01-09,10.314542272243214,10.684308052062988,10.295080426993827,10.684308052062988,537200
2026-01-12,10.68430879091697,10.762155249305993,10.625925107115108,10.703770637512207,563100
2026-01-13,10.587002341916559,10.87892354490164,10.587002341916559,10.703770637512207,713000
2026-01-14,10.703770183838866,10.87892308380454,10.68430833806851,10.742692947387695,564000
2026-01-15,10.742693487841809,10.859461784362793,10.703770722334813,10.859461784362793,728300
2026-01-16,10.820538933107855,10.820538933107855,10.606463260519872,10.703770637512207,591800
2026-01-19,10.703770637512207,10.703770637512207,10.703770637512207,10.703770637512207,0
2026-01-20,10.820538933107855,10.840000779703091,10.625925107115108,10.703770637512207,565600
2026-01-21,10.645386025718421,10.762155249305993,10.645386025718421,10.703770637512207,801200
2026-01-22,10.742693038719318,10.95676870405384,10.742693038719318,10.898384094238281,610900
2026-01-23,10.878922867487258,10.898383784878769,10.625924445454563,10.762154579162598,391200
2026-01-26,10.742692993382036,10.878923130382145,10.70377022966656,10.820538520812988,371600
2026-01-27,10.820538446455803,11.190305163207782,10.801077528727742,11.07353687286377,936200
2026-01-28,11.13192031357156,11.190304921478301,10.898383737928322,11.092997550964355,619400
2026-01-29,10.937306858118022,10.937306858118022,10.723232120775393,10.898384094238281,1071800
2026-01-30,10.917845772871878,11.054074980367487,10.801077483021983,10.995691299438477,493400
2026-02-03,10.995691665609797,11.054075348483062,10.70377046726775,10.801077842712402,876700
2026-02-04,10.781615496554108,10.898383784878769,10.66484720822945,10.762154579162598,377500
2026-02-05,10.742693187500558,10.840000562543517,10.62592489424415,10.72323226928711,1059100
2026-02-06,10.703769971004336,10.762154579162598,10.509156157129903,10.762154579162598,1843300
2026-02-09,10.762154839235718,10.898384048243939,10.68430838381288,10.820538520812988,493000
2026-02-10,10.87892354490164,10.87892354490164,10.68430879091697,10.703770637512207,675200
2026-02-11,10.801077842712402,10.801077842712402,10.645385856402578,10.801077842712402,797700
2026-02-12,10.801078014504542,10.801078014504542,10.664847872313658,10.703770637512207,1025700
2026-02-13,10.703770637512207,10.723232484107443,10.645386025718421,10.703770637512207,857000
2026-02-16,10.703770183838866,10.762154793158052,10.703770183838866,10.742692947387695,84700
2026-02-19,10.801077842712402,10.956768901030319,10.762155078132922,10.801077842712402,186500
2026-02-20,10.801077680728627,10.801077680728627,10.470233722768768,10.567540168762207,474500
2026-02-23,10.606463344571361,10.859461784362793,10.567540579064367,10.859461784362793,431300
2026-02-24,10.703769897312375,10.781615422326208,10.645385289556073,10.684308052062988,819700
2026-02-25,10.703770137342152,10.820538427481406,10.62592461058265,10.664847373962402,433000
2026-02-26,10.664847785304616,10.664847785304616,10.392388431137627,10.548079490661621,425600
2026-02-27,10.548079037328923,10.684308244561636,10.450771665312523,10.58700180053711,539800
2026-03-02,10.334003448486328,10.60646279286298,10.119927785337303,10.334003448486328,908500
2026-03-03,10.33400368858314,10.567540274903324,10.314542770385742,10.314542770385742,583800
2026-03-04,10.314542225164177,10.684308003296215,10.314542225164177,10.606462478637695,1060100
2026-03-05,10.645385240966956,10.723231693617327,10.548078799139732,10.606462478637695,349400
2026-03-06,10.528617121021691,10.878922915534682,10.528617121021691,10.84000015258789,347200
2026-03-09,10.684308506349373,10.781615880750008,10.548079295778763,10.6453857421875,387700
2026-03-10,10.703770637512207,10.840000779703091,10.567540495321323,10.703770637512207,496200
2026-03-11,10.625925107115108,10.801078014504542,10.625925107115108,10.703770637512207,186900
2026-03-12,10.703770406567882,11.13192081451416,10.60646303167505,11.13192081451416,952800
2026-03-13,11.13192031357156,11.13192031357156,10.937306500535529,11.092997550964355,485000
2026-03-16,11.034613967321848,11.05407488479931,10.664847255331395,10.84000015258789,903900
2026-03-17,10.898383737928322,11.092997550964355,10.781615450106703,11.092997550964355,1119100
2026-03-18,10.91784584735337,11.054075055778332,10.60646281097085,10.742692947387695,1342300
2026-03-19,10.742693280468165,11.34599659817657,10.742693280468165,11.287612915039062,2318700
2026-03-20,11.287612915039062,11.287612915039062,11.287612915039062,11.287612915039062,0
2026-03-24,11.248690321858822,11.462765067284161,11.073537413790884,11.190305709838867,1605000
2026-03-25,11.19030542504824,11.19030542504824,10.956768838895725,11.13192081451416,592600
2026-03-26,11.13192105501745,11.13192105501745,11.054075524618105,11.112460136413574,813500
2026-03-27,11.073537413790884,11.326535852557477,11.054075567120258,11.190305709838867,1392600
2026-03-30,10.898383671754196,11.384918665386007,10.781615384641583,11.345995903015137,1954400
2026-03-31,11.34599588487193,11.676839828491211,10.956768261785632,11.676839828491211,1160600
2026-04-01,11.754685520165035,11.949299334474018,11.501687097567421,11.579532623291016,718500
2026-04-02,11.579532554252589,11.832530975341797,11.423841503733648,11.832530975341797,1001800
2026-04-03,11.813070511524243,11.871454193714253,11.657378527036458,11.793608665466309,693000
2026-04-06,11.7936081154171,11.851992722875973,11.598994303873951,11.676839828491211,392100
2026-04-07,11.676840373094393,11.813070511524243,11.579532998788514,11.793608665466309,451100
2026-04-08,11.793608710347414,11.871454238891602,11.540610278582848,11.871454238891602,640700
2026-04-09,11.676840452774986,11.696302298965724,11.404381102047969,11.540610313415527,991100
2026-04-10,11.560071990972157,11.637917518615723,11.443303699506808,11.637917518615723,382400
2026-04-13,11.54061014506532,11.676840282437505,11.462764617421755,11.637917518615723,668700
2026-04-14,11.560071898787934,11.63791742581073,11.423841762502096,11.482226371765137,365600
2026-04-15,11.4822263250459,11.560071851751959,11.268150662608306,11.404380798339844,329700
2026-04-16,11.404380920677838,11.404380920677838,11.131920646292002,11.229228019714355,469200
2026-04-17,11.17084300835029,11.443303272938241,11.112459328789912,11.345995903015137,344800
2026-04-20,11.345995971907127,11.384918734514335,11.092997550964355,11.092997550964355,500600
2026-04-21,11.09299779059183,11.248689772375728,10.995691345967762,11.07353687286377,434000
2026-04-22,11.092997959788603,11.209767179905526,10.976229667663574,10.976229667663574,324800
2026-04-23,10.995691797940376,11.073537328036187,10.995691797940376,11.034614562988281,87300
2026-04-24,11.054075481516275,11.09299824656418,10.976229951420464,11.034614562988281,139900
2026-04-27,11.034613822753416,11.054074739975913,10.995691060316567,11.015151977539062,142800
2026-04-28,11.054074980367487,11.054074980367487,10.898383927234292,10.995691299438477,212400
2026-04-29,10.995691345967762,11.09299779059183,10.956768582519757,11.07353687286377,281000
2026-04-30,11.05407535520921,11.20976734161377,10.878923378490931,11.20976734161377,965600
2026-05-04,11.092998202695968,11.19030557892688,10.878923459775024,10.956768989562988,361400
2026-05-05,11.054074932924104,11.092997696040348,10.80107743666445,10.917845726013184,336400
2026-05-06,10.878923416137695,10.956768945613407,10.878923416137695,10.878923416137695,178000
2026-05-07,10.937306643575369,11.054074932924104,10.878922962896938,10.917845726013184,230500
2026-05-08,11.03461423181332,11.03461423181332,10.898384094238281,10.898384094238281,132700
2026-05-11,10.9567686109022,10.9567686109022,10.723232029609223,10.742692947387695,508800
2026-05-12,10.762155033705913,10.840000562543517,10.703770423081757,10.72323226928711,321400
2026-05-13,10.801077842712402,10.87892337187136,10.762155078132922,10.801077842712402,280500
2026-05-14,10.878922915534682,10.898383833012144,10.8010773896411,10.84000015258789,200800
2026-05-15,10.9399995803833,10.9399995803833,10.699999809265137,10.800000190734863,376000
2026-05-18,10.800000190734863,10.800000190734863,10.479999542236328,10.520000457763672,467200
2026-05-19,10.539999961853027,10.539999961853027,10.420000076293945,10.479999542236328,445600
2026-05-20,10.479999542236328,10.479999542236328,10.300000190734863,10.300000190734863,290500
2026-05-21,10.319999694824219,10.4399995803833,10.0600004196167,10.199999809265137,581200
2026-05-22,10.199999809265137,10.239999771118164,10.0600004196167,10.0600004196167,265500
2026-05-25,10.0600004196167,10.100000381469727,10.0,10.020000457763672,189100
2026-05-26,10.020000457763672,10.119999885559082,10.0,10.020000457763672,200800
2026-05-27,10.020000457763672,10.020000457763672,10.020000457763672,10.020000457763672,0
2026-05-28,10.0600004196167,10.0600004196167,9.800000190734863,9.819999694824219,745100
2026-05-29,9.819999694824219,9.890000343322754,9.6899995803833,9.890000343322754,1204400
2026-06-02,9.890000343322754,9.890000343322754,9.890000343322754,9.890000343322754,0
2026-06-03,9.890000343322754,10.0,9.800000190734863,9.800000190734863,552300
2026-06-04,9.899999618530273,9.899999618530273,9.619999885559082,9.630000114440918,565300
2026-06-05,9.630000114440918,9.8100004196167,9.550000190734863,9.65999984741211,973800
2026-06-08,9.649999618530273,9.800000190734863,9.539999961853027,9.600000381469727,386300
2026-06-09,9.600000381469727,9.789999961853027,9.550000190734863,9.550000190734863,775500
2026-06-10,9.59000015258789,9.59000015258789,9.520000457763672,9.520000457763672,459800
2026-06-11,9.520000457763672,9.529999732971191,9.319999694824219,9.329999923706055,588100
2026-06-12,9.350000381469727,9.399999618530273,9.34000015258789,9.350000381469727,249000
2026-06-15,9.399999618530273,9.399999618530273,9.199999809265137,9.25,558600
2026-06-16,9.25,9.350000381469727,9.15999984741211,9.15999984741211,547500
2026-06-18,9.15999984741211,9.329999923706055,9.109999656677246,9.300000190734863,1213700
2026-06-19,9.350000381469727,10.119999885559082,9.25,10.119999885559082,2426500
2026-06-22,10.0,10.0,9.619999885559082,9.619999885559082,697500
2026-06-23,9.670000076293945,9.670000076293945,9.40999984741211,9.40999984741211,732600
2026-06-24,9.40999984741211,9.489999771118164,9.3100004196167,9.319999694824219,672100
2026-06-25,9.329999923706055,9.380000114440918,9.260000228881836,9.319999694824219,710400
2026-06-26,9.329999923706055,9.369999885559082,9.260000228881836,9.289999961853027,291300
2026-06-29,9.380000114440918,9.380000114440918,9.199999809265137,9.34000015258789,200500
2026-06-30,9.300000190734863,9.329999923706055,9.220000267028809,9.289999961853027,616300
2026-07-01,9.3100004196167,9.3100004196167,9.149999618530273,9.15999984741211,704400
2026-07-02,9.1899995803833,9.329999923706055,9.180000305175781,9.329999923706055,492700
2026-07-03,9.289999961853027,9.539999961853027,9.289999961853027,9.539999961853027,271800
2026-07-06,9.550000190734863,9.550000190734863,9.430000305175781,9.5,219400
2026-07-07,9.4399995803833,9.470000267028809,9.359999656677246,9.359999656677246,297900
2026-07-08,9.350000381469727,9.520000457763672,9.34000015258789,9.460000038146973,243900
2026-07-09,9.5,9.5,9.390000343322754,9.40999984741211,86500
2026-07-10,9.5,9.520000457763672,9.4399995803833,9.489999771118164,283800
2026-07-13,9.5,9.600000381469727,9.420000076293945,9.550000190734863,313500
2026-07-14,9.520000457763672,9.680000305175781,9.5,9.65999984741211,341400
2026-07-15,9.65999984741211,9.6899995803833,9.510000228881836,9.569999694824219,267000
2026-07-16,9.569999694824219,9.640000343322754,9.539999961853027,9.569999694824219,248500
2026-07-17,9.569999694824219,9.609999656677246,9.449999809265137,9.5600004196167,206200
2026-07-20,9.5600004196167,9.65999984741211,9.510000228881836,9.600000381469727,191400
2026-07-21,9.550000190734863,9.59000015258789,9.489999771118164,9.489999771118164,391300
2026-07-22,9.5,9.510000228881836,9.399999618530273,9.399999618530273,232700
2026-07-23,9.470000267028809,9.470000267028809,9.369999885559082,9.399999618530273,195400
2026-07-24,9.399999618530273,9.399999618530273,9.300000190734863,9.319999694824219,239400
2026-07-27,9.390000343322754,9.390000343322754,9.25,9.260000228881836,147900
2026-07-28,9.279999732971191,9.359999656677246,9.210000038146973,9.359999656677246,364500
2026-07-29,9.359999656677246,9.479999542236328,9.300000190734863,9.479999542236328,449400
2026-07-30,9.470000267028809,9.510000228881836,9.34000015258789,9.359999656677246,283800
2026-07-31,9.359999656677246,9.449999809265137,9.279999732971191,9.390000343322754,396600
2026-08-03,9.369999885559082,9.390000343322754,9.3100004196167,9.319999694824219,201600
2026-08-04,9.329999923706055,9.359999656677246,9.289999961853027,9.300000190734863,235800
2026-08-05,9.3100004196167,9.510000228881836,9.300000190734863,9.40999984741211,763300
2026-08-06,9.40999984741211,9.479999542236328,9.329999923706055,9.359999656677246,210400
2026-08-07,9.359999656677246,9.399999618530273,9.260000228881836,9.289999961853027,472200
2026-08-10,9.300000190734863,9.430000305175781,9.300000190734863,9.380000114440918,276100
2026-08-11,9.380000114440918,9.430000305175781,9.270000457763672,9.399999618530273,669700
2026-08-12,9.430000305175781,9.550000190734863,9.40999984741211,9.529999732971191,656500
2026-08-13,9.539999961853027,9.5600004196167,9.319999694824219,9.34000015258789,481300
2026-08-14,9.34000015258789,9.449999809265137,9.3100004196167,9.399999618530273,277100
2026-08-17,9.369999885559082,9.640000343322754,9.329999923706055,9.600000381469727,1018600
2026-08-18,9.569999694824219,9.680000305175781,9.510000228881836,9.640000343322754,321100
2026-08-19,9.630000114440918,9.760000228881836,9.619999885559082,9.680000305175781,340400
2026-08-20,9.699999809265137,9.920000076293945,9.699999809265137,9.899999618530273,444600
2026-08-21,9.949999809265137,10.279999732971191,9.899999618530273,10.279999732971191,1000500
2026-08-24,10.279999732971191,10.279999732971191,10.0600004196167,10.279999732971191,308900
2026-08-25,10.279999732971191,10.279999732971191,10.279999732971191,10.279999732971191,0
2026-08-26,10.180000305175781,10.279999732971191,10.119999885559082,10.260000228881836,403400
2026-08-27,10.260000228881836,10.279999732971191,10.119999885559082,10.180000305175781,210700
2026-08-28,10.180000305175781,10.260000228881836,9.9399995803833,9.949999809265137,990900
2026-08-31,9.949999809265137,9.949999809265137,9.949999809265137,9.949999809265137,0
2026-09-01,9.899999618530273,9.90999984741211,9.670000076293945,9.699999809265137,533000
2026-09-02,9.699999809265137,9.970000267028809,9.699999809265137,9.970000267028809,277000
2026-09-03,9.979999542236328,9.979999542236328,9.779999732971191,9.960000038146973,341600
2026-09-04,9.949999809265137,9.949999809265137,9.8100004196167,9.84000015258789,118600
