Date,Open,High,Low,Close,Volume
2015-01-02,0.22338843273553258,0.23214870691299438,0.22338843273553258,0.23214870691299438,823866
2015-01-05,0.23214870766215265,0.23214870766215265,0.2233884334564209,0.2233884334564209,3091427
2015-01-06,0.2190078348430111,0.22338843423615684,0.2146281599998474,0.2146281599998474,2934257
2015-01-07,0.21900783479213715,0.22338843418426532,0.21900783479213715,0.21900783479213715,4316603
2015-01-08,0.22338843273553258,0.23214870691299438,0.22338843273553258,0.23214870691299438,4801966
2015-01-09,0.23214870621832004,0.25404895651409937,0.23214870621832004,0.24090898036956787,24011604
2015-01-12,0.23652839537988687,0.24528867006301877,0.23214872031333553,0.2452886700630188,8517699
2015-01-13,0.2409089796992679,0.25404895580723896,0.2409089796992679,0.24966925382614136,15737627
2015-01-14,0.24966926967959938,0.2540489719387986,0.24090899499646745,0.2452886700630188,10258235
2015-01-15,0.24528865448771933,0.24966925382614136,0.2409089796992679,0.24966925382614136,4953929
2015-01-16,0.24528867006301877,0.24966926967959938,0.24090899499646745,0.2452886700630188,3013727
2015-01-19,0.24966925452081573,0.24966925452081573,0.2365283810189574,0.24090898036956787,3596579
2015-01-20,0.24090898036956787,0.24528865517020523,0.23214870621832004,0.24090898036956787,4228176
2015-01-21,0.24090899499646745,0.24528867006301877,0.23652839537988687,0.2452886700630188,4227343
2015-01-22,0.24528867006301877,0.2540489719387986,0.24090899499646745,0.2452886700630188,9297509
2015-01-23,0.24528866428414992,0.29347066337389605,0.24528866428414992,0.28909096121788025,48196418
2015-01-26,0.2847103596653268,0.2978512323062458,0.2803306579589844,0.2803306579589844,47870933
2015-01-27,0.2847103888971515,0.2978512628872721,0.27595011442040696,0.28909096121788025,24152421
2015-01-28,0.2847103768066016,0.30661152434340966,0.2803306748365748,0.2934706509113312,61319544
2015-01-29,0.2934706332426353,0.2978512323062458,0.2803306579589844,0.2803306579589844,24215539
2015-01-30,0.2847103476524353,0.2890909193385702,0.28033064613088726,0.2847103476524353,31830944
2015-02-04,0.2847103476524353,0.2934706208601182,0.28033064613088726,0.2847103476524353,15653574
2015-02-05,0.2847103476524353,0.2890909193385702,0.28033064613088726,0.2847103476524353,12564021
2015-02-06,0.2890909193385702,0.2890909193385702,0.28033064613088726,0.2847103476524353,24817035
2015-02-09,0.2847103596653268,0.2847103596653268,0.27595008608801835,0.2803306579589844,17494098
2015-02-10,0.27595011649365436,0.27595011649365436,0.2671898147584453,0.2715704143047333,9425515
2015-02-11,0.27157038802838945,0.280330661723333,0.25404894328122224,0.26280921697616577,11610481
2015-02-12,0.25842954576969646,0.2628092480527401,0.24966927103887107,0.2540489733219147,10997632
2015-02-13,0.2540490112057596,0.27157046063759904,0.2540490112057596,0.2671898603439331,13081568
2015-02-16,0.2671898321994313,0.2715704320316658,0.25842955708503723,0.25842955708503723,7016720
2015-02-17,0.26280921697616577,0.26280921697616577,0.25404894328122224,0.26280921697616577,5425543
2015-02-18,0.25842951521101165,0.26280921697616577,0.25842951521101165,0.26280921697616577,1913329
2015-02-23,0.2628092134470994,0.2803306579589844,0.2628092134470994,0.2803306579589844,18893006
2015-02-24,0.2803307366747587,0.2803307366747587,0.2628092872429193,0.2671898603439331,7512186
2015-02-25,0.27595011649365436,0.2803306888472949,0.2715704143047333,0.2715704143047333,11029504
2015-02-26,0.27595011649365436,0.27595011649365436,0.2671898147584453,0.2715704143047333,3287551
2015-02-27,0.27157046063759904,0.2759501635737449,0.2671898603439331,0.2671898603439331,5040794
2015-03-02,0.2671897889059552,0.2671897889059552,0.26280921697616577,0.26280921697616577,6065680
2015-03-03,0.2671897889059552,0.2671897889059552,0.26280921697616577,0.26280921697616577,5035065
2015-03-04,0.2671898147584453,0.2715704143047333,0.26280924240480474,0.2715704143047333,8729759
2015-03-05,0.2715704020075832,0.2803306761534653,0.2715704020075832,0.2759501039981842,11060334
2015-03-06,0.2803306579589844,0.2978512323062458,0.27595008608801835,0.2803306579589844,23096080
2015-03-09,0.2803306761534653,0.28471037814406636,0.2715704020075832,0.2759501039981842,6335233
2015-03-10,0.2759501039981842,0.2759501039981842,0.26718980265965586,0.2759501039981842,5088497
2015-03-11,0.27157046063759904,0.27157046063759904,0.2628092872429193,0.2671898603439331,3331817
2015-03-12,0.2671898147584453,0.27595011649365436,0.2671898147584453,0.2715704143047333,6366272
2015-03-13,0.27157046063759904,0.27157046063759904,0.2671898603439331,0.2671898603439331,1309229
2015-03-16,0.2671897889059552,0.2671897889059552,0.26280921697616577,0.26280921697616577,4590740
2015-03-17,0.2628092872429193,0.27157046063759904,0.2628092872429193,0.2671898603439331,8594566
2015-03-18,0.27157046063759904,0.27157046063759904,0.2628092872429193,0.2671898603439331,4873104
2015-03-19,0.2671897889059552,0.27157038802838945,0.26280921697616577,0.26280921697616577,2825415
2015-03-20,0.2628092872429193,0.2759501635737449,0.25842958430677343,0.2671898603439331,23593109
2015-03-23,0.2715704320316658,0.2715704320316658,0.25842955708503723,0.25842955708503723,6951415
2015-03-24,0.25842951521101165,0.26280921697616577,0.25842951521101165,0.26280921697616577,3112362
2015-03-25,0.2628092872429193,0.2671898603439331,0.2628092872429193,0.2671898603439331,10593198
2015-03-26,0.2628092872429193,0.2671898603439331,0.2628092872429193,0.2671898603439331,4973614
2015-03-27,0.26280921697616577,0.2671897889059552,0.26280921697616577,0.26280921697616577,904691
2015-03-30,0.26280921697616577,0.27157038802838945,0.26280921697616577,0.26280921697616577,4708643
2015-03-31,0.2671897889059552,0.27157038802838945,0.26280921697616577,0.26280921697616577,7307730
2015-04-01,0.26280921697616577,0.2671897889059552,0.25842951521101165,0.26280921697616577,6766956
2015-04-02,0.26280924240480474,0.2715704143047333,0.26280924240480474,0.2715704143047333,11370924
2015-04-03,0.2715704143047333,0.2803306888472949,0.2671898147584453,0.2715704143047333,5634999
2015-04-06,0.27157046063759904,0.27157046063759904,0.2628092872429193,0.2671898603439331,3461386
2015-04-07,0.2671898603439331,0.27157046063759904,0.2628092872429193,0.2671898603439331,1943950
2015-04-08,0.2671898603439331,0.27157046063759904,0.2671898603439331,0.2671898603439331,3600537
2015-04-09,0.2671897889059552,0.2671897889059552,0.26280921697616577,0.26280921697616577,2852391
2015-04-10,0.2671897889059552,0.2671897889059552,0.26280921697616577,0.26280921697616577,1808236
2015-04-13,0.26280921697616577,0.2671897889059552,0.26280921697616577,0.26280921697616577,3725627
2015-04-14,0.2671897889059552,0.2671897889059552,0.26280921697616577,0.26280921697616577,2125180
2015-04-15,0.2628092134470994,0.2803306579589844,0.2628092134470994,0.2803306579589844,22779136
2015-04-16,0.2803306761534653,0.28471037814406636,0.2715704020075832,0.2759501039981842,6149421
2015-04-17,0.2715704143047333,0.27595011649365436,0.2715704143047333,0.2715704143047333,3514713
2015-04-20,0.2671898603439331,0.2759501635737449,0.2671898603439331,0.2671898603439331,4502624
2015-04-21,0.26718980265965586,0.2759501039981842,0.26718980265965586,0.2759501039981842,9007645
2015-04-22,0.2759501635737449,0.2759501635737449,0.2671898603439331,0.2671898603439331,7659461
2015-04-23,0.26718980265965586,0.2803306761534653,0.26718980265965586,0.2759501039981842,7213261
2015-04-24,0.27157046063759904,0.2759501635737449,0.2671898603439331,0.2671898603439331,2867181
2015-04-27,0.27157046063759904,0.27157046063759904,0.2628092872429193,0.2671898603439331,3861237
2015-04-28,0.26280921697616577,0.2671897889059552,0.25842951521101165,0.26280921697616577,6804140
2015-04-29,0.25842951521101165,0.26280921697616577,0.25404894328122224,0.26280921697616577,4460233
2015-04-30,0.26280921697616577,0.26280921697616577,0.25842951521101165,0.26280921697616577,1280795
2015-05-05,0.25842955708503723,0.26280925955984613,0.25404898444545204,0.25842955708503723,2118098
2015-05-06,0.25842955708503723,0.25842955708503723,0.25842955708503723,0.25842955708503723,926876
2015-05-07,0.25842954576969646,0.25842954576969646,0.2540489733219147,0.2540489733219147,1717830
2015-05-08,0.25842955708503723,0.26280925955984613,0.25404898444545204,0.25842955708503723,1536808
2015-05-11,0.25842954576969646,0.25842954576969646,0.2540489733219147,0.2540489733219147,1276524
2015-05-12,0.25404895580723896,0.25404895580723896,0.24528865448771933,0.24966925382614136,4454505
2015-05-13,0.2496692819706431,0.25842955708503723,0.2496692819706431,0.25842955708503723,2507534
2015-05-14,0.25842955708503723,0.25842955708503723,0.2496692819706431,0.25842955708503723,1082067
2015-05-15,0.25404895580723896,0.25404895580723896,0.24966925382614136,0.24966925382614136,1594718
2015-05-18,0.24090898036956787,0.24528865517020523,0.2365283810189574,0.24090898036956787,8358967
2015-05-19,0.24090899499646745,0.24528867006301877,0.24090899499646745,0.2452886700630188,1425987
2015-05-20,0.24528865448771933,0.25404895580723896,0.2409089796992679,0.24966925382614136,11629125
2015-05-21,0.24528867006301877,0.24966926967959938,0.23652839537988687,0.2452886700630188,3464615
2015-05-22,0.24090898036956787,0.24090898036956787,0.2365283810189574,0.24090898036956787,1292460
2015-05-25,0.24090898183024453,0.24090898183024453,0.22776810824871063,0.22776810824871063,3270678
2015-05-26,0.2321487076258815,0.2321487076258815,0.22776810824871063,0.22776810824871063,3362230
2015-05-27,0.2321487076258815,0.2321487076258815,0.22338843342151846,0.22776810824871063,2340990
2015-05-28,0.22776810824871063,0.22776810824871063,0.22338843342151846,0.22776810824871063,1685125
2015-05-29,0.22776810828429733,0.23214870766215265,0.2233884334564209,0.2233884334564209,2269747
2015-06-01,0.2233884334564209,0.22776810828429733,0.21900783407856558,0.2233884334564209,2378069
2015-06-02,0.22338843342151846,0.2321487076258815,0.22338843342151846,0.22776810824871063,1464629
2015-06-03,0.22776810824871063,0.2321487076258815,0.22776810824871063,0.22776810824871063,1138102
2015-06-04,0.2321487076258815,0.2321487076258815,0.22776810824871063,0.22776810824871063,902295
2015-06-05,0.2277681075492755,0.23214870691299438,0.22338843273553258,0.23214870691299438,569520
2015-06-08,0.23214870691299438,0.23214870691299438,0.2277681075492755,0.23214870691299438,1234758
2015-06-09,0.2321487076258815,0.2321487076258815,0.22776810824871063,0.22776810824871063,442763
2015-06-10,0.2321487076258815,0.2321487076258815,0.22776810824871063,0.22776810824871063,417974
2015-06-11,0.2321487076258815,0.2321487076258815,0.22338843342151846,0.22776810824871063,1693770
2015-06-12,0.22776810828429733,0.22776810828429733,0.2233884334564209,0.2233884334564209,1407656
2015-06-15,0.22338843423615684,0.22338843423615684,0.2146281599998474,0.2146281599998474,2194235
2015-06-16,0.2146281599998474,0.2146281599998474,0.2058678721672147,0.2146281599998474,2359737
2015-06-17,0.2146281599998474,0.2190078348430111,0.21024756060670163,0.2146281599998474,2075811
2015-06-18,0.2146281599998474,0.2146281599998474,0.21024756060670163,0.2146281599998474,920106
2015-06-19,0.21462815925068912,0.2233884334564209,0.21462815925068912,0.2233884334564209,998118
2015-06-22,0.22338843273553258,0.23214870691299438,0.22338843273553258,0.23214870691299438,1725537
2015-06-23,0.23214870691299438,0.23214870691299438,0.2277681075492755,0.23214870691299438,963538
2015-06-24,0.23214872151718244,0.24090899624574225,0.22776812187788548,0.2365283966064453,2977690
2015-06-25,0.23652838172673732,0.23652838172673732,0.22338843273553258,0.23214870691299438,1680125
2015-06-26,0.22776810824871063,0.22776810824871063,0.22338843342151846,0.22776810824871063,1012700
2015-06-29,0.22338843418426532,0.22338843418426532,0.21462815994999085,0.21900783479213715,1546494
2015-06-30,0.2146281599998474,0.22338843423615684,0.21024756060670163,0.2146281599998474,2757922
2015-07-01,0.2233884334564209,0.2233884334564209,0.21900783407856558,0.2233884334564209,2850725
2015-07-02,0.2233884334564209,0.22776810828429733,0.21900783407856558,0.2233884334564209,1198304
2015-07-03,0.22338843342151846,0.22776810824871063,0.2190078340443476,0.22776810824871063,798557
2015-07-06,0.21900783479213715,0.21900783479213715,0.21462815994999085,0.21900783479213715,1485147
2015-07-07,0.2146281599998474,0.2190078348430111,0.2146281599998474,0.2146281599998474,1723766
2015-07-08,0.21462814573382968,0.21462814573382968,0.20148727297782898,0.20148727297782898,3147983
2015-07-09,0.2058678874716473,0.21462817595552894,0.20148730134916748,0.21024757623672485,1803133
2015-07-10,0.2146281599998474,0.2146281599998474,0.21024756060670163,0.2146281599998474,1529205
2015-07-13,0.21462817595552894,0.21462817595552894,0.21024757623672485,0.21024757623672485,1171640
2015-07-14,0.21024757623672485,0.21462817595552894,0.21024757623672485,0.21024757623672485,1532017
2015-07-15,0.21024755987283383,0.2233884334564209,0.21024755987283383,0.2233884334564209,2577734
2015-07-16,0.21900783407856558,0.2233884334564209,0.21900783407856558,0.2233884334564209,1372868
2015-07-20,0.2277681075492755,0.23652838172673732,0.22338843273553258,0.23214870691299438,3433785
2015-07-21,0.23652839537988687,0.24966926967959938,0.23652839537988687,0.2452886700630188,4001222
2015-07-22,0.24528867006301877,0.24966926967959938,0.24090899499646745,0.2452886700630188,2414523
2015-07-23,0.24528865517020523,0.24528865517020523,0.24090898036956787,0.24090898036956787,1029885
2015-07-24,0.24090898036956787,0.24090898036956787,0.23214870621832004,0.24090898036956787,2085914
2015-07-27,0.24090899624574225,0.24090899624574225,0.2365283966064453,0.2365283966064453,985932
2015-07-28,0.2321487076258815,0.2321487076258815,0.2190078340443476,0.22776810824871063,2445561
2015-07-29,0.22776810828429733,0.22776810828429733,0.2233884334564209,0.2233884334564209,870736
2015-07-30,0.22776810828429733,0.22776810828429733,0.2233884334564209,0.2233884334564209,444429
2015-07-31,0.22776810828429733,0.22776810828429733,0.2233884334564209,0.2233884334564209,410683
2015-08-03,0.22338843342151846,0.22776810824871063,0.2190078340443476,0.22776810824871063,1144247
2015-08-04,0.22776810902641162,0.22776810902641162,0.21900783479213715,0.21900783479213715,938541
2015-08-05,0.21900783479213715,0.21900783479213715,0.21900783479213715,0.21900783479213715,1013324
2015-08-06,0.21900783479213715,0.22338843418426532,0.21900783479213715,0.21900783479213715,1072172
2015-08-07,0.2233884508430863,0.2233884508430863,0.21024757623672485,0.21024757623672485,2127680
2015-08-10,0.21024754485225602,0.21024754485225602,0.20148727127237875,0.20586785674095154,1799695
2015-08-11,0.20586785674095154,0.21024754485225602,0.20586785674095154,0.20586785674095154,852301
2015-08-12,0.20586787450412744,0.20586787450412744,0.19272701432182682,0.19710668921470642,1780531
2015-08-13,0.20148727297782898,0.20148727297782898,0.1971066738758552,0.20148727297782898,1004055
2015-08-14,0.20148728876274077,0.20148728876274077,0.1883464149772581,0.1927270144224167,1169140
2015-08-17,0.19272700021732264,0.19272700021732264,0.17958612740039825,0.17958612740039825,1058215
2015-08-18,0.17958612740039825,0.17958612740039825,0.17082585370575698,0.17958612740039825,2928528
2015-08-19,0.18396674180314504,0.18834643065929413,0.18396674180314504,0.18834643065929413,1805007
2015-08-20,0.1839667111635208,0.1839667111635208,0.17958612567953655,0.1839667111635208,1532746
2015-08-21,0.17958612567953655,0.1839667111635208,0.17958612567953655,0.1839667111635208,773351
2015-08-24,0.1795861581671613,0.1795861581671613,0.16644619405269623,0.16644619405269623,1261943
2015-08-25,0.1576859058171513,0.17082586884498596,0.1576859058171513,0.17082586884498596,1489938
2015-08-26,0.17082585370575698,0.17958612740039825,0.17082585370575698,0.17958612740039825,1310167
2015-08-27,0.17958615558957503,0.18834643065929413,0.17958615558957503,0.18834643065929413,2076956
2015-08-28,0.1927270304691887,0.20148730553890784,0.18834643065929413,0.18834643065929413,1961240
2015-09-01,0.1927270144224167,0.19710668931758218,0.1883464149772581,0.1927270144224167,1574825
2015-09-02,0.19272701432182682,0.19710668921470642,0.1883464148789546,0.19710668921470642,1812402
2015-09-03,0.1971066738758552,0.20148727297782898,0.1971066738758552,0.20148727297782898,2045085
2015-09-04,0.20148727297782898,0.2058678584834804,0.1971066738758552,0.20148727297782898,1484522
2015-09-07,0.19710668921470642,0.19710668921470642,0.19272701432182682,0.19710668921470642,2131846
2015-09-08,0.1971066722074837,0.20586785674095154,0.1971066722074837,0.20586785674095154,4434820
2015-09-09,0.2058678874716473,0.21024757623672485,0.20148730134916748,0.21024757623672485,5957150
2015-09-10,0.20586785674095154,0.20586785674095154,0.20148727127237875,0.20586785674095154,2661266
2015-09-11,0.2058678874716473,0.21462817595552894,0.2058678874716473,0.21024757623672485,4500021
2015-09-14,0.2058678874716473,0.21024757623672485,0.20148730134916748,0.21024757623672485,2254020
2015-09-15,0.21024754485225602,0.21462814391715104,0.20586785674095154,0.20586785674095154,2367028
2015-09-17,0.21024754485225602,0.21462814391715104,0.20586785674095154,0.20586785674095154,1291731
2015-09-18,0.21024757623672485,0.21024757623672485,0.2058678874716473,0.21024757623672485,2386401
2015-09-21,0.20586785674095154,0.21024754485225602,0.20586785674095154,0.20586785674095154,689506
2015-09-22,0.20586785674095154,0.21024754485225602,0.20586785674095154,0.20586785674095154,1659190
2015-09-23,0.20586785674095154,0.20586785674095154,0.20148727127237875,0.20586785674095154,591913
2015-09-25,0.2014872863703922,0.2190078348430111,0.2014872863703922,0.2146281599998474,4735932
2015-09-28,0.21900783479213715,0.22338843418426532,0.21462815994999085,0.21900783479213715,2783649
2015-09-29,0.21462817595552894,0.21462817595552894,0.21024757623672485,0.21024757623672485,1367139
2015-09-30,0.21024756060670163,0.2146281599998474,0.21024756060670163,0.2146281599998474,418286
2015-10-01,0.21462817595552894,0.21462817595552894,0.2058678874716473,0.21024757623672485,2330991
2015-10-02,0.20586785674095154,0.20586785674095154,0.20148727127237875,0.20586785674095154,2246625
2015-10-05,0.2058678874716473,0.21024757623672485,0.20148730134916748,0.21024757623672485,1458796
2015-10-06,0.21024757623672485,0.21024757623672485,0.2058678874716473,0.21024757623672485,1189972
2015-10-07,0.2058678721672147,0.2146281599998474,0.2058678721672147,0.2146281599998474,3023101
2015-10-08,0.2146281599998474,0.2146281599998474,0.21024756060670163,0.2146281599998474,833344
2015-10-09,0.2146281599998474,0.2146281599998474,0.21024756060670163,0.2146281599998474,1903746
2015-10-12,0.21024756060670163,0.2146281599998474,0.21024756060670163,0.2146281599998474,413495
2015-10-13,0.21024755987283383,0.2233884334564209,0.21024755987283383,0.2233884334564209,7918703
2015-10-15,0.2233884334564209,0.22776810828429733,0.21900783407856558,0.2233884334564209,3532940
2015-10-16,0.2277681075492755,0.2409089810904562,0.2277681075492755,0.23214870691299438,10887228
2015-10-19,0.2365283810189574,0.24528865517020523,0.23214870621832004,0.24090898036956787,5084643
2015-10-20,0.24528867006301877,0.24966926967959938,0.24090899499646745,0.2452886700630188,6333463
2015-10-21,0.24528867006301877,0.24528867006301877,0.24090899499646745,0.2452886700630188,2309847
2015-10-22,0.24528865448771933,0.25404895580723896,0.24528865448771933,0.24966925382614136,4666773
2015-10-23,0.24966925382614136,0.25404895580723896,0.24528865448771933,0.24966925382614136,10948679
2015-10-26,0.24528865517020523,0.24528865517020523,0.2365283810189574,0.24090898036956787,3169856
2015-10-27,0.24090898183024453,0.24090898183024453,0.22776810824871063,0.22776810824871063,1702727
2015-10-28,0.22776810824871063,0.2321487076258815,0.22338843342151846,0.22776810824871063,2249333
2015-10-29,0.22776810824871063,0.2321487076258815,0.22776810824871063,0.22776810824871063,1775844
2015-10-30,0.23214870691299438,0.23652838172673732,0.2277681075492755,0.23214870691299438,1863647
2015-11-02,0.23214870691299438,0.23652838172673732,0.2277681075492755,0.23214870691299438,892088
2015-11-03,0.22776810686770954,0.24090898036956787,0.22776810686770954,0.24090898036956787,6290134
2015-11-04,0.24090899624574225,0.24528867133500512,0.2365283966064453,0.2365283966064453,1659503
2015-11-05,0.24090899624574225,0.24090899624574225,0.2365283966064453,0.2365283966064453,1149247
2015-11-06,0.2365283966064453,0.24090899624574225,0.2365283966064453,0.2365283966064453,860321
2015-11-09,0.2365283810189574,0.24528865517020523,0.2365283810189574,0.24090898036956787,5767588
2015-11-11,0.24090899624574225,0.24090899624574225,0.2365283966064453,0.2365283966064453,1265901
2015-11-12,0.2365283966064453,0.2365283966064453,0.23214872151718244,0.2365283966064453,1472128
2015-11-13,0.2321487076258815,0.2321487076258815,0.22776810824871063,0.22776810824871063,1609196
2015-11-16,0.22776812187788548,0.24090899624574225,0.2233884467886226,0.2365283966064453,4565430
2015-11-17,0.2365283966064453,0.24528867133500512,0.23214872151718244,0.2365283966064453,4433049
2015-11-18,0.2365283966064453,0.2365283966064453,0.23214872151718244,0.2365283966064453,1284024
2015-11-19,0.2365283966064453,0.24090899624574225,0.23214872151718244,0.2365283966064453,1711372
2015-11-20,0.23214870691299438,0.23652838172673732,0.23214870691299438,0.23214870691299438,979057
2015-11-23,0.23214870691299438,0.23214870691299438,0.23214870691299438,0.23214870691299438,838448
2015-11-24,0.2321487076258815,0.23652838245307367,0.22776810824871063,0.22776810824871063,2273185
2015-11-25,0.22776810828429733,0.22776810828429733,0.2233884334564209,0.2233884334564209,1856460
2015-11-26,0.22338843342151846,0.22776810824871063,0.22338843342151846,0.22776810824871063,1236425
2015-11-27,0.2233884334564209,0.2233884334564209,0.21900783407856558,0.2233884334564209,907607
2015-11-30,0.21900783479213715,0.21900783479213715,0.21462815994999085,0.21900783479213715,1456088
2015-12-01,0.21900783479213715,0.21900783479213715,0.21462815994999085,0.21900783479213715,558271
2015-12-02,0.2190078348430111,0.2190078348430111,0.2146281599998474,0.2146281599998474,858238
2015-12-03,0.2146281599998474,0.2146281599998474,0.21024756060670163,0.2146281599998474,767102
2015-12-04,0.21024757623672485,0.21462817595552894,0.21024757623672485,0.21024757623672485,1057695
2015-12-07,0.21024757623672485,0.21462817595552894,0.21024757623672485,0.21024757623672485,927813
2015-12-08,0.21024757623672485,0.2190078511242822,0.21024757623672485,0.21024757623672485,1716580
2015-12-09,0.21024756060670163,0.2146281599998474,0.21024756060670163,0.2146281599998474,545564
2015-12-10,0.21462817595552894,0.21462817595552894,0.21024757623672485,0.21024757623672485,377666
2015-12-11,0.21024757623672485,0.21024757623672485,0.21024757623672485,0.21024757623672485,181229
2015-12-14,0.21024754485225602,0.21024754485225602,0.20148727127237875,0.20586785674095154,1563680
2015-12-15,0.20586785674095154,0.20586785674095154,0.20586785674095154,0.20586785674095154,802410
2015-12-16,0.20586785674095154,0.20586785674095154,0.20586785674095154,0.20586785674095154,862404
2015-12-17,0.2058678874716473,0.21024757623672485,0.2058678874716473,0.21024757623672485,392039
2015-12-18,0.21024756060670163,0.2146281599998474,0.21024756060670163,0.2146281599998474,137484
2015-12-21,0.21024756055786264,0.21900783479213715,0.21024756055786264,0.21900783479213715,953956
2015-12-22,0.2146281599998474,0.2190078348430111,0.2146281599998474,0.2146281599998474,607015
2015-12-23,0.2146281599998474,0.22338843423615684,0.2146281599998474,0.2146281599998474,988327
2015-12-28,0.2146281599998474,0.2190078348430111,0.2146281599998474,0.2146281599998474,629096
2015-12-29,0.21900783407856558,0.2233884334564209,0.21900783407856558,0.2233884334564209,770956
2015-12-30,0.22338843418426532,0.22776810902641162,0.21900783479213715,0.21900783479213715,1445360
2015-12-31,0.21900783479213715,0.22338843418426532,0.21900783479213715,0.21900783479213715,811576
2016-01-04,0.22338843423615684,0.22338843423615684,0.2146281599998474,0.2146281599998474,1168203
2016-01-05,0.21462815994999085,0.21900783479213715,0.21462815994999085,0.21900783479213715,896775
2016-01-06,0.2146281599998474,0.2146281599998474,0.2146281599998474,0.2146281599998474,563479
2016-01-07,0.21462817595552894,0.21462817595552894,0.21024757623672485,0.21024757623672485,1028427
2016-01-08,0.21024757623672485,0.21024757623672485,0.21024757623672485,0.21024757623672485,510359
2016-01-11,0.21024757623672485,0.21024757623672485,0.2058678874716473,0.21024757623672485,632221
2016-01-12,0.20586785674095154,0.20586785674095154,0.20148727127237875,0.20586785674095154,935521
2016-01-13,0.2058678874716473,0.21024757623672485,0.2058678874716473,0.21024757623672485,571915
2016-01-14,0.2058678874716473,0.21024757623672485,0.20148730134916748,0.21024757623672485,314027
2016-01-15,0.21462814391715104,0.21462814391715104,0.20586785674095154,0.20586785674095154,865841
2016-01-18,0.20148727297782898,0.2058678584834804,0.1971066738758552,0.20148727297782898,1101544
2016-01-19,0.20148728865757864,0.20148728865757864,0.19710668921470642,0.19710668921470642,1002596
2016-01-20,0.19710668931758218,0.19710668931758218,0.1927270144224167,0.1927270144224167,1654503
2016-01-21,0.1927270144224167,0.1927270144224167,0.1883464149772581,0.1927270144224167,1173411
2016-01-22,0.19710668921470642,0.19710668921470642,0.19272701432182682,0.19710668921470642,621285
2016-01-26,0.1927270144224167,0.19710668931758218,0.1883464149772581,0.1927270144224167,273198
2016-01-27,0.1927270144224167,0.19710668931758218,0.1883464149772581,0.1927270144224167,302987
2016-01-28,0.1927270304691887,0.1927270304691887,0.18834643065929413,0.18834643065929413,571603
2016-01-29,0.19272701432182682,0.19710668921470642,0.19272701432182682,0.19710668921470642,718774
2016-02-02,0.1971066722074837,0.21024754485225602,0.1971066722074837,0.20586785674095154,1188097
2016-02-03,0.2058678584834804,0.2058678584834804,0.20148727297782898,0.20148727297782898,849176
2016-02-04,0.20148730134916748,0.21024757623672485,0.20148730134916748,0.21024757623672485,957914
2016-02-05,0.20586785674095154,0.20586785674095154,0.20586785674095154,0.20586785674095154,318610
2016-02-08,0.20586785674095154,0.20586785674095154,0.20586785674095154,0.20586785674095154,0
2016-02-09,0.20586785674095154,0.20586785674095154,0.20586785674095154,0.20586785674095154,0
2016-02-10,0.2058678584834804,0.2058678584834804,0.20148727297782898,0.20148727297782898,1152372
2016-02-11,0.20148728865757864,0.20148728865757864,0.19710668921470642,0.19710668921470642,994472
2016-02-12,0.19272701432182682,0.19710668921470642,0.19272701432182682,0.19710668921470642,1323394
2016-02-15,0.19710668931758218,0.19710668931758218,0.1927270144224167,0.1927270144224167,655656
2016-02-16,0.20148730134916748,0.21462817595552894,0.20148730134916748,0.21024757623672485,6959435
2016-02-17,0.21462817595552894,0.2190078511242822,0.21024757623672485,0.21024757623672485,4935285
2016-02-18,0.2146281599998474,0.2146281599998474,0.21024756060670163,0.2146281599998474,706588
2016-02-19,0.21024757623672485,0.21462817595552894,0.21024757623672485,0.21024757623672485,893650
2016-02-22,0.21024757623672485,0.21462817595552894,0.21024757623672485,0.21024757623672485,853030
2016-02-23,0.21462814391715104,0.21462814391715104,0.20586785674095154,0.20586785674095154,1701686
2016-02-24,0.20586785674095154,0.21024754485225602,0.20148727127237875,0.20586785674095154,1673147
2016-02-25,0.2058678584834804,0.2058678584834804,0.1971066738758552,0.20148727297782898,849905
2016-02-26,0.20148727297782898,0.20148727297782898,0.1971066738758552,0.20148727297782898,657843
2016-02-29,0.19710668931758218,0.20148728876274077,0.1927270144224167,0.1927270144224167,1320686
2016-03-01,0.1971066722074837,0.20586785674095154,0.1971066722074837,0.20586785674095154,1114876
2016-03-02,0.20586785674095154,0.20586785674095154,0.20148727127237875,0.20586785674095154,1557951
2016-03-03,0.20586787450412744,0.20586787450412744,0.19710668921470642,0.19710668921470642,980411
2016-03-04,0.19710668921470642,0.20148728865757864,0.19710668921470642,0.19710668921470642,220808
2016-03-07,0.1971066738758552,0.20148727297782898,0.19272699932380208,0.20148727297782898,887713
2016-03-08,0.20148728865757864,0.20148728865757864,0.19710668921470642,0.19710668921470642,375479
2016-03-09,0.19710668921470642,0.19710668921470642,0.19710668921470642,0.19710668921470642,649927
2016-03-10,0.19710668931758218,0.19710668931758218,0.1927270144224167,0.1927270144224167,510359
2016-03-11,0.19272701432182682,0.19710668921470642,0.19272701432182682,0.19710668921470642,243618
2016-03-14,0.19710668931758218,0.19710668931758218,0.1927270144224167,0.1927270144224167,541189
2016-03-15,0.1927270144224167,0.1927270144224167,0.1927270144224167,0.1927270144224167,603058
2016-03-16,0.1927270144224167,0.1927270144224167,0.1927270144224167,0.1927270144224167,190083
2016-03-17,0.1927270144224167,0.1927270144224167,0.1927270144224167,0.1927270144224167,169772
2016-03-18,0.19272701432182682,0.20586787450412744,0.19272701432182682,0.19710668921470642,1866563
2016-03-21,0.1971066738758552,0.20148727297782898,0.19272699932380208,0.20148727297782898,903441
2016-03-22,0.20148727297782898,0.20148727297782898,0.20148727297782898,0.20148727297782898,160398
2016-03-23,0.20148728865757864,0.20148728865757864,0.19710668921470642,0.19710668921470642,532649
2016-03-24,0.19710668931758218,0.19710668931758218,0.1927270144224167,0.1927270144224167,825637
2016-03-25,0.19710668921470642,0.19710668921470642,0.19272701432182682,0.19710668921470642,641178
2016-03-28,0.1927270144224167,0.1927270144224167,0.1927270144224167,0.1927270144224167,323089
2016-03-29,0.1927270144224167,0.1927270144224167,0.1927270144224167,0.1927270144224167,248930
2016-03-30,0.19710668921470642,0.19710668921470642,0.19272701432182682,0.19710668921470642,584310
2016-03-31,0.19710668921470642,0.19710668921470642,0.19272701432182682,0.19710668921470642,496611
2016-04-01,0.1927270144224167,0.19710668931758218,0.1927270144224167,0.1927270144224167,525150
2016-04-04,0.19272701432182682,0.20148728865757864,0.19272701432182682,0.19710668921470642,2179653
2016-04-05,0.1971066722074837,0.20586785674095154,0.1971066722074837,0.20586785674095154,3311194
2016-04-06,0.20586785674095154,0.20586785674095154,0.1971066722074837,0.20586785674095154,2134554
2016-04-07,0.21024756060670163,0.2146281599998474,0.2058678721672147,0.2146281599998474,5612814
2016-04-08,0.21462814391715104,0.21462814391715104,0.20586785674095154,0.20586785674095154,1600030
2016-04-11,0.2058678874716473,0.21024757623672485,0.20148730134916748,0.21024757623672485,1019574
2016-04-12,0.21024757623672485,0.21024757623672485,0.2058678874716473,0.21024757623672485,1362869
2016-04-13,0.2058678874716473,0.21024757623672485,0.2058678874716473,0.21024757623672485,1844690
2016-04-14,0.21024754485225602,0.21024754485225602,0.20586785674095154,0.20586785674095154,33850
2016-04-15,0.2058678874716473,0.21024757623672485,0.2058678874716473,0.21024757623672485,623993
2016-04-18,0.2058678584834804,0.2058678584834804,0.20148727297782898,0.20148727297782898,748875
2016-04-19,0.20148727297782898,0.2058678584834804,0.20148727297782898,0.20148727297782898,735439
2016-04-20,0.2058678874716473,0.21024757623672485,0.2058678874716473,0.21024757623672485,1108314
2016-04-21,0.21024754485225602,0.21024754485225602,0.20586785674095154,0.20586785674095154,1569096
2016-04-22,0.2058678584834804,0.2058678584834804,0.20148727297782898,0.20148727297782898,521817
2016-04-25,0.20148727297782898,0.20148727297782898,0.20148727297782898,0.20148727297782898,850009
2016-04-26,0.20148727297782898,0.20148727297782898,0.20148727297782898,0.20148727297782898,1167578
2016-04-27,0.20148727297782898,0.20148727297782898,0.20148727297782898,0.20148727297782898,908961
2016-04-28,0.20148727297782898,0.2058678584834804,0.20148727297782898,0.20148727297782898,1179035
2016-04-29,0.20148727297782898,0.20148727297782898,0.20148727297782898,0.20148727297782898,592538
2016-05-03,0.20148728865757864,0.20148728865757864,0.19710668921470642,0.19710668921470642,283093
2016-05-04,0.19710668921470642,0.20148728865757864,0.19710668921470642,0.19710668921470642,200915
2016-05-05,0.1971066738758552,0.20148727297782898,0.1971066738758552,0.20148727297782898,475676
2016-05-06,0.20148727297782898,0.20148727297782898,0.1971066738758552,0.20148727297782898,127694
2016-05-09,0.1971066738758552,0.20148727297782898,0.1971066738758552,0.20148727297782898,336525
2016-05-10,0.20148728865757864,0.20148728865757864,0.19710668921470642,0.19710668921470642,145817
2016-05-11,0.19710668931758218,0.19710668931758218,0.1927270144224167,0.1927270144224167,473489
2016-05-12,0.19710668921470642,0.20148728865757864,0.19272701432182682,0.19710668921470642,384853
2016-05-13,0.19710668931758218,0.20586787461157594,0.1927270144224167,0.1927270144224167,3430556
2016-05-16,0.21024757623672485,0.21462817595552894,0.2058678874716473,0.21024757623672485,10334164
2016-05-17,0.21024757623672485,0.21024757623672485,0.20148730134916748,0.21024757623672485,3987369
2016-05-18,0.21024754485225602,0.21024754485225602,0.20586785674095154,0.20586785674095154,1305584
2016-05-19,0.21024754485225602,0.21024754485225602,0.20586785674095154,0.20586785674095154,749708
2016-05-20,0.21024756055786264,0.22776810902641162,0.21024756055786264,0.21900783479213715,14225086
2016-05-23,0.2233884467886226,0.24528867133500512,0.2233884467886226,0.2365283966064453,23493120
2016-05-24,0.23214872151718244,0.2365283966064453,0.22776812187788548,0.2365283966064453,6191291
2016-05-25,0.2321487076258815,0.23652838245307367,0.22776810824871063,0.22776810824871063,3679591
2016-05-26,0.23232392383675038,0.23232392383675038,0.21410254303160597,0.22321324050426483,4809882
2016-05-27,0.22321326042313866,0.23232394456863403,0.21865743758445624,0.23232394456863403,2984564
2016-05-30,0.22776810824871063,0.232323930817741,0.22321324721149285,0.22776810824871063,1717100
2016-05-31,0.22776810140461576,0.22776810140461576,0.22321324050426483,0.22321324050426483,1784801
2016-06-01,0.22321324050426483,0.22776810140461576,0.22321324050426483,0.22321324050426483,1924890
2016-06-02,0.22321323840635882,0.23687878251075745,0.22321323840635882,0.23687878251075745,5233897
2016-06-03,0.23687879185495878,0.23687879185495878,0.22776810824871063,0.22776810824871063,4521893
2016-06-06,0.22776810140461576,0.22776810140461576,0.22321324050426483,0.22321324050426483,542543
2016-06-07,0.22321323840635882,0.24143460490007343,0.22321323840635882,0.23687878251075745,7477086
2016-06-08,0.24143461883068085,0.24598947995103446,0.2368787961784971,0.24143461883068085,3581789
2016-06-09,0.24598947995103446,0.24598947995103446,0.2368787961784971,0.24143461883068085,1803862
2016-06-10,0.24143462533211812,0.2505453093499912,0.24143462533211812,0.24598948657512665,4371493
2016-06-13,0.24143460490007343,0.24598946575761477,0.23687878251075745,0.23687878251075745,2540447
2016-06-14,0.23687880587544696,0.23687880587544696,0.23232394456863403,0.23232394456863403,982495
2016-06-15,0.2323239350581435,0.24143461883068085,0.2323239350581435,0.24143461883068085,4567409
2016-06-16,0.23687879185495878,0.23687879185495878,0.22321324721149285,0.22776810824871063,5565215
2016-06-17,0.22776810140461576,0.22776810140461576,0.22321324050426483,0.22321324050426483,4473044
2016-06-20,0.22776810140461576,0.22776810140461576,0.22321324050426483,0.22321324050426483,3649178
2016-06-21,0.22321324050426483,0.22776810140461576,0.22321324050426483,0.22321324050426483,1398282
2016-06-23,0.22321324721149285,0.22776810824871063,0.21865742464246252,0.22776810824871063,6132548
2016-06-24,0.22321325675038467,0.22776811798225186,0.21410255861462232,0.21865743398666382,7296793
2016-06-27,0.21865742655835854,0.21865742655835854,0.20954674287228178,0.21410255134105682,3904045
2016-06-28,0.19927550852298737,0.19927550852298737,0.18978620734676244,0.19927550852298737,5468500
2016-06-29,0.19927551021804774,0.19927551021804774,0.19453085958957672,0.19453085958957672,1802400
2016-06-30,0.19927551021804774,0.19927551021804774,0.1897862089611057,0.19453085958957672,4384000
2016-07-01,0.19453083102289048,0.19453083102289048,0.18029686708754863,0.18504151701927185,10406600
2016-07-04,0.1850415313165128,0.18978619575500488,0.180296881018194,0.18978619575500488,4226900
2016-07-05,0.1897862089611057,0.19453085958957672,0.18504154419246047,0.19453085958957672,2188900
2016-07-06,0.19453085958957672,0.19453085958957672,0.19453085958957672,0.19453085958957672,0
2016-07-07,0.19453085958957672,0.19453085958957672,0.19453085958957672,0.19453085958957672,0
2016-07-08,0.1945308579348749,0.19927550852298737,0.18978620734676244,0.19927550852298737,8365400
2016-07-11,0.19453084287464473,0.21350945789797826,0.19453084287464473,0.204020157456398,22805400
2016-07-12,0.20402018347384862,0.2135094851255417,0.19927551850782724,0.2135094851255417,13764700
2016-07-13,0.20876483429969514,0.2135094851255417,0.20402018347384862,0.2135094851255417,4871100
2016-07-14,0.20876482383938644,0.2135094744274989,0.19927550852298737,0.19927550852298737,7790000
2016-07-15,0.20402017325127397,0.20402017325127397,0.19927550852298737,0.19927550852298737,4165300
2016-07-18,0.19927550852298737,0.20876482383938644,0.19927550852298737,0.19927550852298737,11826500
2016-07-19,0.204020174986693,0.204020174986693,0.1897862089611057,0.19453085958957672,9609900
2016-07-20,0.1945308579348749,0.19927550852298737,0.1945308579348749,0.19927550852298737,1645500
2016-07-21,0.19453085958957672,0.19927551021804774,0.1897862089611057,0.19453085958957672,2421500
2016-07-22,0.18978620734676244,0.19927550852298737,0.18978620734676244,0.19927550852298737,6869500
2016-07-25,0.19453084605332369,0.19453084605332369,0.1850415313165128,0.18978619575500488,8177600
2016-07-26,0.1897862089611057,0.19927551021804774,0.1897862089611057,0.19453085958957672,4587500
2016-07-27,0.19453085958957672,0.19453085958957672,0.1897862089611057,0.19453085958957672,3389000
2016-07-28,0.19453084167504112,0.2229987711045762,0.19453084167504112,0.20876480638980865,40852400
2016-07-29,0.19927549309543485,0.20876480767718814,0.19927549309543485,0.204020157456398,19135100
2016-08-01,0.19453085958957672,0.19927551021804774,0.19453085958957672,0.19453085958957672,10470300
2016-08-02,0.19453085958957672,0.204020174986693,0.19453085958957672,0.19453085958957672,16453500
2016-08-03,0.18978620734676244,0.19927550852298737,0.18978620734676244,0.19927550852298737,34830700
2016-08-04,0.19927551021804774,0.204020174986693,0.19453085958957672,0.19453085958957672,13448200
2016-08-05,0.19927549186657265,0.20876480638980865,0.19927549186657265,0.20876480638980865,31840100
2016-08-08,0.21350945789797826,0.21825412225894142,0.204020157456398,0.204020157456398,35887100
2016-08-09,0.204020157456398,0.21350945789797826,0.19927549309543485,0.204020157456398,19354800
2016-08-10,0.20876482383938644,0.2182541391557855,0.1945308579348749,0.19927550852298737,54825100
2016-08-11,0.204020157456398,0.204020157456398,0.19927549309543485,0.204020157456398,6197000
2016-08-12,0.204020157456398,0.20876480767718814,0.19927549309543485,0.204020157456398,15558000
2016-08-15,0.20876483429969514,0.2135094851255417,0.20876483429969514,0.2135094851255417,12150400
2016-08-16,0.2135094851255417,0.2135094851255417,0.20402018347384862,0.2135094851255417,17795000
2016-08-17,0.22299878299236298,0.23248809802146253,0.22299878299236298,0.22299878299236298,128552200
2016-08-18,0.2277434334368259,0.23248809802146253,0.21350946796326342,0.22299878299236298,24131700
2016-08-19,0.22299878151279093,0.23248809647892993,0.22299878151279093,0.22774343192577362,25532900
2016-08-22,0.22774343122185417,0.24197739655698092,0.22774343122185417,0.23248809576034546,85100700
2016-08-23,0.23248810892787475,0.24197741026195985,0.22774344412065783,0.2372327595949173,46040000
2016-08-24,0.23723275789527815,0.24197740852832794,0.23248810726222835,0.24197740852832794,27432300
2016-08-25,0.2372327461586632,0.24197739655698092,0.22774343122185417,0.23248809576034546,11235500
2016-08-26,0.23248810726222835,0.25146670979442753,0.23248810726222835,0.24197740852832794,37503200
2016-08-29,0.24672204120622923,0.2562113700620933,0.24672204120622923,0.25146669149398804,32886900
2016-08-30,0.2514667232498248,0.2514667232498248,0.24197742147597479,0.24672207236289978,12255500
2016-09-01,0.24672205916137774,0.24672205916137774,0.23723275789527815,0.24197740852832794,9534100
2016-09-02,0.24197742147597479,0.24672207236289978,0.2372327705890498,0.24672207236289978,9099500
2016-09-05,0.24672207236289978,0.2514667232498248,0.24197742147597479,0.24672207236289978,10220400
2016-09-06,0.24672207236289978,0.2514667232498248,0.24672207236289978,0.24672207236289978,21262400
2016-09-07,0.24672204120622923,0.25146669149398804,0.24197739091847045,0.25146669149398804,10894800
2016-09-08,0.25146669035042124,0.2657006694293138,0.24672204008423912,0.2609560191631317,52478200
2016-09-09,0.265700725369485,0.2704453766345978,0.26095607410437227,0.2704453766345978,30270200
2016-09-13,0.2657006694293138,0.2657006694293138,0.2609560191631317,0.2609560191631317,8021400
2016-09-14,0.2609560191631317,0.2657006694293138,0.2562113688969496,0.2609560191631317,13681000
2016-09-15,0.2562113963497319,0.26570069789886475,0.2562113963497319,0.26570069789886475,11940200
2016-09-19,0.26095607410437227,0.2704453766345978,0.26095607410437227,0.2704453766345978,13777800
2016-09-20,0.265700725369485,0.2704453766345978,0.26095607410437227,0.2704453766345978,15728300
2016-09-21,0.27518996596336365,0.27518996596336365,0.27044531576611797,0.27518996596336365,5668800
2016-09-22,0.265700725369485,0.2704453766345978,0.2562114228392595,0.2704453766345978,27659800
2016-09-23,0.2704453766345978,0.27519002789971053,0.265700725369485,0.2704453766345978,17063600
2016-09-26,0.2704453766345978,0.27519002789971053,0.265700725369485,0.2704453766345978,8629000
2016-09-27,0.2704453766345978,0.27519002789971053,0.2704453766345978,0.2704453766345978,6466800
2016-09-28,0.2704453766345978,0.27519002789971053,0.265700725369485,0.2704453766345978,14621900
2016-09-29,0.27044531481070905,0.2941685939934756,0.27044531481070905,0.2846792936325073,44107000
2016-09-30,0.28942394381299147,0.28942394381299147,0.2846792936325073,0.2846792936325073,16277900
2016-10-04,0.28467932171963783,0.2941686230168429,0.28467932171963783,0.28942397236824036,13975500
2016-10-05,0.28467932171963783,0.2941686230168429,0.28467932171963783,0.28942397236824036,6898400
2016-10-06,0.28942394381299147,0.28942394381299147,0.2751899649911932,0.2846792936325073,27830300
2016-10-07,0.2846792936325073,0.28942394381299147,0.27993461517167734,0.2846792936325073,6614300
2016-10-10,0.2846792936325073,0.28942394381299147,0.2846792936325073,0.2846792936325073,3423700
2016-10-11,0.28467932171963783,0.28942397236824036,0.2799346427906867,0.28942397236824036,12755800
2016-10-12,0.28467932366039395,0.28942397434134237,0.2799346446990967,0.2799346446990967,3565600
2016-10-13,0.28467929463820096,0.28942394483544664,0.27518996596336365,0.27518996596336365,10944300
2016-10-14,0.2751899994479976,0.2751899994479976,0.2609560471242983,0.26570069789886475,20494700
2016-10-17,0.265700725369485,0.2704453766345978,0.265700725369485,0.2704453766345978,3691700
2016-10-18,0.26570069789886475,0.2704453486734312,0.26570069789886475,0.26570069789886475,1750400
2016-10-19,0.26570069789886475,0.2704453486734312,0.2609560471242983,0.26570069789886475,5080100
2016-10-20,0.26570069789886475,0.2704453486734312,0.2609560471242983,0.26570069789886475,11431700
2016-10-21,0.2657006655688723,0.27993461616060933,0.2657006655688723,0.27518996596336365,41677100
2016-10-24,0.27993461616060933,0.27993461616060933,0.27044531576611797,0.27518996596336365,21429700
2016-10-25,0.27518996596336365,0.27993461616060933,0.27518996596336365,0.27518996596336365,7089200
2016-10-26,0.27518996596336365,0.27993461616060933,0.27044531576611797,0.27518996596336365,13380700
2016-10-27,0.2751899994479976,0.2751899994479976,0.26570069789886475,0.26570069789886475,6882600
2016-10-28,0.265700725369485,0.2704453766345978,0.265700725369485,0.2704453766345978,3249300
2016-10-31,0.27044535256031543,0.27044535256031543,0.25621140003204346,0.25621140003204346,10960500
2016-11-01,0.2562113688969496,0.2657006694293138,0.2562113688969496,0.2609560191631317,6954200
2016-11-02,0.2609560203498521,0.2609560203498521,0.24672204120622923,0.25146669149398804,7735400
2016-11-03,0.24672204120622923,0.25146669149398804,0.24197739091847045,0.25146669149398804,9447700
2016-11-04,0.24672205916137774,0.24672205916137774,0.24197740852832794,0.24197740852832794,4583800
2016-11-07,0.24197739091847045,0.2562113700620933,0.24197739091847045,0.25146669149398804,14025100
2016-11-08,0.25146670979442753,0.25146670979442753,0.24197740852832794,0.24197740852832794,5214500
2016-11-09,0.2467220609290024,0.25146671159604495,0.23248810892787475,0.2372327595949173,17333200
2016-11-10,0.24672207236289978,0.2514667232498248,0.24672207236289978,0.24672207236289978,8669600
2016-11-11,0.2467220609290024,0.2467220609290024,0.23248810892787475,0.2372327595949173,11997800
2016-11-14,0.2372327595949173,0.2372327595949173,0.22774344412065783,0.2372327595949173,4746300
2016-11-15,0.2372327595949173,0.24197741026195985,0.2372327595949173,0.2372327595949173,2981400
2016-11-16,0.23723275789527815,0.24672205916137774,0.23248810726222835,0.24197740852832794,9262500
2016-11-17,0.24197742147597479,0.24672207236289978,0.24197742147597479,0.24672207236289978,4928900
2016-11-18,0.24672205916137774,0.24672205916137774,0.24197740852832794,0.24197740852832794,5794400
2016-11-21,0.24672207006617905,0.25621140003204346,0.24197741922342172,0.25621140003204346,9121100
2016-11-22,0.2562113700620933,0.2562113700620933,0.24672204120622923,0.25146669149398804,6646100
2016-11-23,0.24672205916137774,0.24672205916137774,0.24197740852832794,0.24197740852832794,3514100
2016-11-24,0.24197740852832794,0.24672205916137774,0.24197740852832794,0.24197740852832794,2301300
2016-11-25,0.2514667232498248,0.2562114024170998,0.24197742147597479,0.24672207236289978,12757900
2016-11-28,0.24197740852832794,0.24672205916137774,0.24197740852832794,0.24197740852832794,4419200
2016-11-29,0.24197739730489531,0.24197739730489531,0.22774343192577362,0.22774343192577362,9752700
2016-11-30,0.2277434334368259,0.23248809802146253,0.22299878299236298,0.22299878299236298,6328400
2016-12-01,0.22774343192577362,0.23248809647892993,0.22774343192577362,0.22774343192577362,7048500
2016-12-02,0.23248809647892993,0.23723274689191262,0.22299878151279093,0.22774343192577362,14263400
2016-12-05,0.22774343192577362,0.22774343192577362,0.22299878151279093,0.22774343192577362,3108400
2016-12-06,0.22299878453626418,0.22774343501357605,0.21825413405895233,0.21825413405895233,3683000
2016-12-07,0.21825413405895233,0.22299878453626418,0.21350946944146668,0.21825413405895233,5502000
2016-12-08,0.22299878151279093,0.22774343192577362,0.22299878151279093,0.22774343192577362,3663000
2016-12-09,0.22299878151279093,0.22774343192577362,0.21825413109980824,0.22774343192577362,3662500
2016-12-13,0.22774343122185417,0.2372327461586632,0.22774343122185417,0.23248809576034546,8703700
2016-12-14,0.23248809576034546,0.2372327461586632,0.22774343122185417,0.23248809576034546,3368400
2016-12-15,0.23248809576034546,0.23248809576034546,0.22774343122185417,0.23248809576034546,1326800
2016-12-16,0.23248809576034546,0.2372327461586632,0.22774343122185417,0.23248809576034546,4238700
2016-12-19,0.23248810726222835,0.24672205916137774,0.23248810726222835,0.24197740852832794,15851000
2016-12-20,0.24197740852832794,0.24672205916137774,0.24197740852832794,0.24197740852832794,3607400
2016-12-21,0.24197740852832794,0.24672205916137774,0.23723275789527815,0.24197740852832794,4363700
2016-12-22,0.24197740852832794,0.24672205916137774,0.23723275789527815,0.24197740852832794,3558700
2016-12-23,0.24197739655698092,0.24197739655698092,0.23248809576034546,0.23248809576034546,4846300
2016-12-27,0.23248809576034546,0.2372327461586632,0.23248809576034546,0.23248809576034546,1247800
2016-12-28,0.23248810726222835,0.24672205916137774,0.23248810726222835,0.24197740852832794,7550300
2016-12-29,0.24197740852832794,0.24672205916137774,0.23723275789527815,0.24197740852832794,4467000
2016-12-30,0.24197740852832794,0.24197740852832794,0.23723275789527815,0.24197740852832794,819500
2017-01-02,0.24197740852832794,0.24197740852832794,0.24197740852832794,0.24197740852832794,0
2017-01-03,0.24197741922342172,0.25621140003204346,0.2372327683806644,0.25621140003204346,21177400
2017-01-04,0.25146669035042124,0.2609560191631317,0.25146669035042124,0.2609560191631317,12516700
2017-01-05,0.26570069789886475,0.2704453486734312,0.2609560471242983,0.26570069789886475,6361600
2017-01-06,0.2609560508748008,0.2657007017175581,0.25621140003204346,0.25621140003204346,3836500
2017-01-09,0.2609560508748008,0.2609560508748008,0.25146672090893635,0.25621140003204346,7496300
2017-01-10,0.25621140003204346,0.25621140003204346,0.25146672090893635,0.25621140003204346,5623100
2017-01-11,0.2562113688969496,0.2704453196954959,0.2562113688969496,0.2609560191631317,27109700
2017-01-12,0.26570069789886475,0.2704453486734312,0.2609560471242983,0.26570069789886475,8940500
2017-01-13,0.26570069789886475,0.2704453486734312,0.2609560471242983,0.26570069789886475,7312500
2017-01-16,0.2751899994479976,0.27993465022256403,0.26570069789886475,0.26570069789886475,22226600
2017-01-17,0.26570069789886475,0.2704453486734312,0.2609560471242983,0.26570069789886475,5633000
2017-01-18,0.2609560471242983,0.2704453486734312,0.2609560471242983,0.26570069789886475,5099800
2017-01-19,0.26570069789886475,0.2704453486734312,0.2562113963497319,0.26570069789886475,9401100
2017-01-20,0.26570069789886475,0.26570069789886475,0.2609560471242983,0.26570069789886475,6178200
2017-01-23,0.26570069789886475,0.2704453486734312,0.2609560471242983,0.26570069789886475,2865400
2017-01-24,0.2609560191631317,0.2657006694293138,0.2609560191631317,0.2609560191631317,1325700
2017-01-25,0.2609560191631317,0.2657006694293138,0.2609560191631317,0.2609560191631317,2091300
2017-01-26,0.2657885470020633,0.27062106132507324,0.2609560326790534,0.27062106132507324,3078400
2017-01-27,0.2657885470020633,0.27062106132507324,0.2657885470020633,0.27062106132507324,916000
2017-01-31,0.2657885470020633,0.27062106132507324,0.2609560326790534,0.27062106132507324,1990500
2017-02-02,0.27062107437492905,0.28028610348701477,0.2657885598188862,0.28028610348701477,8145900
2017-02-03,0.28028609525275144,0.28511860966682434,0.2754535808386785,0.28511860966682434,15891000
2017-02-06,0.28511860966682434,0.28995115288495527,0.28028609525275144,0.28511860966682434,16208500
2017-02-07,0.28995115288495527,0.28995115288495527,0.28028609525275144,0.28511860966682434,2569300
2017-02-08,0.2851186180430576,0.2851186180430576,0.27545358893097194,0.28028610348701477,11121300
2017-02-10,0.28028609525275144,0.28511860966682434,0.2754535808386785,0.28511860966682434,7119600
2017-02-13,0.2851186180430576,0.2851186180430576,0.27545358893097194,0.28028610348701477,7856800
2017-02-14,0.2851186180430576,0.2899511614031593,0.28028610348701477,0.28028610348701477,23238900
2017-02-15,0.2802861120101994,0.28511862671319355,0.2754535973072052,0.2754535973072052,7207500
2017-02-16,0.28995116698206375,0.30928122557816173,0.28995116698206375,0.29478368163108826,67404600
2017-02-17,0.29961620533731154,0.32861132291202105,0.29961620533731154,0.32377880811691284,97048100
2017-02-20,0.3334437752169327,0.36727140124716584,0.3334437752169327,0.3624388873577118,140619100
2017-02-21,0.3866015315159019,0.3914340459791912,0.3624389303953971,0.3721039593219757,226757600
2017-02-22,0.3721039593219757,0.38176901705261257,0.3672714448586864,0.3721039593219757,72311400
2017-02-23,0.37693646368634637,0.40109906415948443,0.3672714350187142,0.39626654982566833,197668500
2017-02-24,0.40109906415948443,0.4059315784933005,0.3866015211580361,0.39626654982566833,96737200
2017-02-27,0.3914340300163521,0.40109905854878686,0.37693645841364276,0.38176900148391724,71761800
2017-02-28,0.38176900148391724,0.38660151575013463,0.36243891561499053,0.38176900148391724,72412100
2017-03-01,0.38176901271535935,0.41559664237812927,0.376936469502914,0.4107641279697418,171060700
2017-03-02,0.4155966182534346,0.43492667476490654,0.4107641041255666,0.42526164650917053,135490400
2017-03-03,0.4155966051076555,0.4300941470326862,0.37210392172445267,0.3769364356994629,213614400
2017-03-06,0.37693646368634637,0.4059315784933005,0.37693646368634637,0.39626654982566833,95596900
2017-03-07,0.3962665417699028,0.4059315702410531,0.3866015132987525,0.4010990560054779,49362100
2017-03-08,0.4010990419766428,0.4010990419766428,0.38660149977698316,0.3914340138435364,38159200
2017-03-09,0.3914340138435364,0.3914340138435364,0.38176898571042994,0.3914340138435364,53471800
2017-03-10,0.38660151575013463,0.3914340300163521,0.37693645841364276,0.38176900148391724,65048200
2017-03-13,0.38176901705261257,0.38176901705261257,0.3672714448586864,0.3721039593219757,45187600
2017-03-14,0.37693645602354525,0.4010990560054779,0.37210394178797007,0.4010990560054779,80868000
2017-03-15,0.40109905015913905,0.4059315643242764,0.3866015076637268,0.3866015076637268,93561500
2017-03-16,0.3914340138435364,0.3962665279100896,0.38660149977698316,0.3914340138435364,30504400
2017-03-17,0.3914340300163521,0.39626654428256947,0.37693645841364276,0.38176900148391724,29733300
2017-03-20,0.38660151575013463,0.3914340300163521,0.38176900148391724,0.38176900148391724,17605200
2017-03-21,0.3866014924535387,0.391434006428549,0.3769364356994629,0.3769364356994629,26688800
2017-03-22,0.3769364505293955,0.39626653599400163,0.3721039363642581,0.3866015076637268,47610600
2017-03-23,0.3914340218288642,0.40109905015913905,0.3866015076637268,0.3866015076637268,29859100
2017-03-24,0.38660151575013463,0.3914340300163521,0.38176900148391724,0.38176900148391724,12367600
2017-03-27,0.3866014924535387,0.391434006428549,0.3769364356994629,0.3769364356994629,16838900
2017-03-28,0.38176900148391724,0.38660151575013463,0.37693645841364276,0.38176900148391724,10313300
2017-03-29,0.3866015076637268,0.39626653599400163,0.3817689934985894,0.3866015076637268,47488100
2017-03-30,0.3866015076637268,0.3914340218288642,0.3817689934985894,0.3866015076637268,6469500
2017-03-31,0.38660151575013463,0.38660151575013463,0.38176900148391724,0.38176900148391724,11713600
2017-04-03,0.3866015076637268,0.3914340218288642,0.3817689934985894,0.3866015076637268,8314300
2017-04-04,0.3866015076637268,0.39626653599400163,0.3817689934985894,0.3866015076637268,41273000
2017-04-05,0.39143401102384495,0.44942423701286316,0.3866014969921027,0.44942423701286316,121052800
2017-04-06,0.44942426878904534,0.45425678316246665,0.4252616681178812,0.4300941824913025,114104300
2017-04-07,0.4349266816448753,0.45908928147049205,0.42042913903193924,0.439759224653244,127491300
2017-04-10,0.444591760635376,0.4542567895174304,0.43975924619434875,0.444591760635376,51247500
2017-04-11,0.4494242799894166,0.4639218234709824,0.4494242799894166,0.4590893089771271,66232900
2017-04-12,0.454256757160994,0.4832518705459109,0.44459172896737376,0.46392178535461426,84139000
2017-04-13,0.4687543667688961,0.47358688126275134,0.4590893089771271,0.4590893089771271,51038000
2017-04-14,0.4542567895174304,0.45908930395845765,0.43975924619434875,0.444591760635376,44818700
2017-04-17,0.4494242799894166,0.4639218234709824,0.4494242799894166,0.4590893089771271,43329300
2017-04-18,0.4639218015255087,0.4639218015255087,0.44942425872973835,0.4542567729949951,26122900
2017-04-19,0.45425676726618003,0.45425676726618003,0.4349266816448753,0.439759224653244,24069900
2017-04-20,0.43975925100170604,0.4590893089771271,0.4349267077037923,0.4590893089771271,42250900
2017-04-21,0.4590892910271237,0.4929169199655373,0.45425677672221565,0.4880844056606293,127070300
2017-04-24,0.4880844056606293,0.4880844056606293,0.4880844056606293,0.4880844056606293,0
2017-04-25,0.49774944369124496,0.5412421308667089,0.49774944369124496,0.5364096164703369,149262900
2017-04-26,0.5460746336354866,0.5847348055913857,0.5460746336354866,0.5799022912979126,155089500
2017-04-27,0.5799022832513041,0.6040648543833944,0.5605721687375181,0.5847347974777222,137650900
2017-04-28,0.5847348055913857,0.5943998341783318,0.5750697770044395,0.5799022912979126,34713400
2017-05-02,0.589567334312225,0.6427250504493713,0.5799023054887649,0.6427250504493713,166963600
2017-05-03,0.6620551080962915,0.6668876225080216,0.6330599640177954,0.6427250504493713,145541400
2017-05-04,0.637892523347295,0.637892523347295,0.604064865530042,0.6137298941612244,128107300
2017-05-05,0.599232351214451,0.6282274371079979,0.599232351214451,0.6137298941612244,44407600
2017-05-08,0.6137298703171256,0.6378924985644506,0.6137298703171256,0.6282274127006531,58176100
2017-05-09,0.6282274371079979,0.633059951423589,0.6088973798456332,0.6137298941612244,48231800
2017-05-11,0.6185624084768155,0.6233949227924067,0.604064865530042,0.6137298941612244,45254500
2017-05-12,0.6137299106931323,0.6137299106931323,0.6040648818016052,0.6040648818016052,22504900
2017-05-15,0.6040649139554657,0.60889742865846,0.541242165208422,0.5509071946144104,148901400
2017-05-16,0.5509071778619439,0.5702372360861152,0.5509071778619439,0.5605722069740295,39927100
2017-05-17,0.5605722240203987,0.5605722240203987,0.5460746799114162,0.5509071946144104,24895500
2017-05-18,0.5364096505054279,0.5654047387233929,0.5315771358024337,0.5509071946144104,53012200
2017-05-19,0.5557397031108863,0.594399877911201,0.5412421591638128,0.5895673632621765,116449300
2017-05-22,0.604064873601254,0.6185624167417364,0.5943998448409324,0.6088973879814148,73665300
2017-05-23,0.6137299277626628,0.6185624423428319,0.5895673548618169,0.5943998694419861,36820900
2017-05-24,0.5943998490121293,0.5992323634262022,0.5605721905055029,0.5702372193336487,35168300
2017-05-25,0.5847348055913857,0.5943998341783318,0.5750697770044395,0.5799022912979126,43494000
2017-05-26,0.5799023228063186,0.5799023228063186,0.5557396924179867,0.5605722069740295,29227700
2017-05-29,0.5605721799421862,0.5605721799421862,0.5364096083271366,0.5412421226501465,22227600
2017-05-31,0.5267445876775928,0.546074645263081,0.5170795588848488,0.5364096164703369,41597400
2017-06-01,0.5364096164703369,0.546074645263081,0.5315771020739649,0.5364096164703369,27036900
2017-06-02,0.5364096445147882,0.594399877911201,0.5364096445147882,0.5895673632621765,96949300
2017-06-05,0.5895673893103496,0.5943999041728835,0.5702372722520926,0.5750698447227478,41031800
2017-06-06,0.5750698082502758,0.5799023228063186,0.5557396924179867,0.5605722069740295,24328000
2017-06-07,0.5654047049195757,0.5847348201839834,0.5557396760914299,0.5702372193336487,25610800
2017-06-08,0.5654047131538391,0.5702372276382902,0.5605721986693879,0.5654047131538391,13884400
2017-06-09,0.5654047215300724,0.5799023228063186,0.5605722069740295,0.5605722069740295,20555700
2017-06-13,0.5605721986693879,0.5750697997308583,0.5557396841849367,0.5654047131538391,23084300
2017-06-14,0.5702371971903543,0.5943998259305583,0.5702371971903543,0.5847347974777222,59382200
2017-06-15,0.5847348744478156,0.5895673893103496,0.5702372722520926,0.5750698447227478,24940500
2017-06-16,0.5750697913558376,0.5847348201839834,0.5702372193336487,0.5702372193336487,15024400
2017-06-19,0.5702372360861152,0.5750698082502758,0.5605722069740295,0.5605722069740295,18799000
2017-06-20,0.5654047131538391,0.5702372276382902,0.5557396841849367,0.5654047131538391,15662100
2017-06-21,0.5605722069740295,0.5605722069740295,0.5509071778619439,0.5605722069740295,12073100
2017-06-22,0.5605721986693879,0.5702372276382902,0.5605721986693879,0.5654047131538391,9358500
2017-06-23,0.5654047573895588,0.5799023595852817,0.5605722425270248,0.5750698447227478,34769800
2017-06-26,0.5750698447227478,0.5750698447227478,0.5750698447227478,0.5750698447227478,0
2017-06-27,0.5750698447227478,0.5750698447227478,0.5750698447227478,0.5750698447227478,0
2017-06-28,0.5750697913558376,0.5847348201839834,0.5654047049195757,0.5702372193336487,20272300
2017-06-29,0.5702372193336487,0.5750697913558376,0.5605721905055029,0.5702372193336487,11755400
2017-06-30,0.5654047215300724,0.5702372360861152,0.5605722069740295,0.5605722069740295,5867100
2017-07-03,0.5654047573895588,0.5750698447227478,0.5654047573895588,0.5750698447227478,21861400
2017-07-04,0.5799022832513041,0.5943998259305583,0.575069769024886,0.5847347974777222,66658100
2017-07-05,0.5847348055913857,0.5895673198848587,0.5750697770044395,0.5799022912979126,19092900
2017-07-06,0.5750697997308583,0.5750697997308583,0.5654047131538391,0.5654047131538391,16543700
2017-07-07,0.5799023595852817,0.5799023595852817,0.5702372722520926,0.5750698447227478,33346800
2017-07-10,0.5799022912979126,0.5847348055913857,0.5750697770044395,0.5799022912979126,16525600
2017-07-11,0.5799023142153094,0.5799023142153094,0.5605721986693879,0.5654047131538391,17908700
2017-07-12,0.5654047049195757,0.5750697913558376,0.5654047049195757,0.5702372193336487,8575100
2017-07-13,0.5702372276382902,0.5750697997308583,0.5654047131538391,0.5654047131538391,13224600
2017-07-14,0.5702372276382902,0.5799023142153094,0.5654047131538391,0.5654047131538391,34903100
2017-07-17,0.5654047131538391,0.5750697997308583,0.5605721986693879,0.5654047131538391,13772900
2017-07-18,0.5654047573895588,0.5895673893103496,0.5654047573895588,0.5750698447227478,37627900
2017-07-19,0.5799023057699105,0.5847348201839834,0.5702372193336487,0.5702372193336487,15840800
2017-07-20,0.5702372722520926,0.5799023595852817,0.5702372722520926,0.5750698447227478,15176100
2017-07-21,0.5702372193336487,0.5799023057699105,0.5654047049195757,0.5702372193336487,13830500
2017-07-24,0.5750697997308583,0.5750697997308583,0.5654047131538391,0.5654047131538391,10645900
2017-07-25,0.5750697997308583,0.5799023142153094,0.5654047131538391,0.5654047131538391,11095300
2017-07-26,0.5654047049195757,0.5750697913558376,0.5654047049195757,0.5702372193336487,15429800
2017-07-27,0.5702372193336487,0.5750697913558376,0.5654047049195757,0.5702372193336487,7891800
2017-07-28,0.5702372193336487,0.5702372193336487,0.5605721905055029,0.5702372193336487,15286600
2017-07-31,0.5702372360861152,0.5702372360861152,0.5605722069740295,0.5605722069740295,12290000
2017-08-01,0.5605722069740295,0.5654047215300724,0.5557396924179867,0.5605722069740295,10894800
2017-08-02,0.560572155300154,0.5702371835213117,0.5557396411895752,0.5557396411895752,11172500
2017-08-03,0.5605721799421862,0.5605721799421862,0.5412421226501465,0.5412421226501465,25442500
2017-08-04,0.5412421226501465,0.5509071512961663,0.5364096083271366,0.5412421226501465,14444500
2017-08-07,0.5460746408243141,0.5460746408243141,0.4977494396452894,0.5025819540023804,43865800
2017-08-08,0.4977494478225708,0.4977494478225708,0.45908930352665706,0.4977494478225708,82611900
2017-08-09,0.492916936708164,0.4977494511772153,0.47841939330101013,0.47841939330101013,16747500
2017-08-10,0.47841939575660664,0.4832519102504619,0.45425679448327183,0.4590893089771271,22019100
2017-08-11,0.4494242603223129,0.4494242603223129,0.4300941743887308,0.43492668867111206,37246800
2017-08-14,0.43492669320189137,0.4735868654717918,0.4300941788691682,0.4687543511390686,67862300
2017-08-15,0.47358688126275134,0.47841939575660664,0.4590893089771271,0.4590893089771271,28448400
2017-08-16,0.46392178535461426,0.46875432825548047,0.454256757160994,0.46392178535461426,10709600
2017-08-17,0.46392178535461426,0.46875432825548047,0.45908927125780413,0.46392178535461426,18367100
2017-08-18,0.4542567729949951,0.45908928726025194,0.44942425872973835,0.4542567729949951,16386400
2017-08-21,0.4542567843598082,0.48808441386697865,0.4542567843598082,0.4832518994808197,39071800
2017-08-22,0.48325188878612924,0.5122469744614021,0.48325188878612924,0.5074144601821899,44014300
2017-08-23,0.4832518913557212,0.4977494342704453,0.4735868627459051,0.4880844056606293,45188400
2017-08-24,0.48808442223911275,0.48808442223911275,0.4735868788319589,0.47841939330101013,15592200
2017-08-25,0.4735868707085018,0.48808441386697865,0.46875435632234286,0.4832518994808197,16218200
2017-08-28,0.4832518941372382,0.49291692280268457,0.4687543511390686,0.4687543511390686,23235300
2017-08-29,0.46875432825548047,0.47358684235229065,0.45908927125780413,0.46392178535461426,6978300
2017-08-30,0.46392178535461426,0.4784193564491008,0.45908927125780413,0.46392178535461426,4471700
2017-08-31,0.46392178535461426,0.46392178535461426,0.46392178535461426,0.46392178535461426,0
2017-09-01,0.46392178535461426,0.46392178535461426,0.46392178535461426,0.46392178535461426,0
2017-09-05,0.4687543667688961,0.47358688126275134,0.4590893089771271,0.4590893089771271,4794700
2017-09-06,0.4590893089771271,0.4687543667688961,0.45425679448327183,0.4590893089771271,12478600
2017-09-07,0.4590893089771271,0.4688571573243582,0.4542053848035115,0.4590893089771271,8997900
2017-09-08,0.459089300084047,0.473741101431556,0.459089300084047,0.4639732241630554,13716600
2017-09-11,0.4688571348296744,0.4883928596973419,0.46397321089037824,0.4883928596973419,16388900
2017-09-12,0.49327677488327026,0.5030446225885288,0.48839285103064106,0.49327677488327026,32807800
2017-09-13,0.49327680167929366,0.503044649915166,0.4737411052075491,0.47862502932548523,21090300
2017-09-14,0.47862501643221145,0.48350894041858367,0.4639732153626115,0.46885713934898376,18101700
2017-09-15,0.46885714824206387,0.473741101431556,0.4639732241630554,0.4639732241630554,7442200
2017-09-18,0.46885713934898376,0.4737410924458392,0.4639732153626115,0.46885713934898376,8887300
2017-09-19,0.46885714824206387,0.473741101431556,0.459089300084047,0.4639732241630554,14014800
2017-09-20,0.46397324164505277,0.5030446648597717,0.46397324164505277,0.5030446648597717,76850800
2017-09-21,0.503044649915166,0.5079285740331021,0.4737411052075491,0.47862502932548523,37746400
2017-09-22,0.47862502932548523,0.47862502932548523,0.47862502932548523,0.47862502932548523,0
2017-09-25,0.47862501643221145,0.48350894041858367,0.4639732153626115,0.46885713934898376,14014200
2017-09-26,0.4737410843372345,0.48350893214279145,0.46885713132397333,0.4737410843372345,7250600
2017-09-27,0.473741101431556,0.473741101431556,0.4639732241630554,0.4639732241630554,8979300
2017-09-28,0.46885714824206387,0.4786250255105644,0.4639732241630554,0.4639732241630554,14164600
2017-09-29,0.46885713934898376,0.4737410924458392,0.454205367389867,0.46885713934898376,15629300
2017-10-02,0.46885714824206387,0.46885714824206387,0.459089300084047,0.4639732241630554,5743700
2017-10-03,0.4639732331507426,0.4688571573243582,0.4590893089771271,0.4590893089771271,8954800
2017-10-04,0.4590893089771271,0.4639732331507426,0.4590893089771271,0.4590893089771271,7743600
2017-10-05,0.4590892913762393,0.4737410924458392,0.4590892913762393,0.46885713934898376,15885300
2017-10-06,0.473741101431556,0.4786250255105644,0.4639732241630554,0.4639732241630554,12125500
2017-10-09,0.46885713934898376,0.47862501643221145,0.46885713934898376,0.46885713934898376,13765100
2017-10-10,0.46885713934898376,0.4737410924458392,0.4639732153626115,0.46885713934898376,4128800
2017-10-11,0.46885713132397333,0.4883928560455699,0.46885713132397333,0.4737410843372345,25613000
2017-10-12,0.47862501643221145,0.47862501643221145,0.46885713934898376,0.46885713934898376,7532500
2017-10-13,0.46885713934898376,0.4737410924458392,0.4639732153626115,0.46885713934898376,5508300
2017-10-16,0.46885713934898376,0.4737410924458392,0.4639732153626115,0.46885713934898376,6292300
2017-10-17,0.4639732241630554,0.473741101431556,0.459089300084047,0.4639732241630554,20759700
2017-10-18,0.4639732241630554,0.4639732241630554,0.4639732241630554,0.4639732241630554,0
2017-10-19,0.4639732241630554,0.46885714824206387,0.459089300084047,0.4639732241630554,6645800
2017-10-20,0.4639732423317133,0.4639732423317133,0.45420539379119873,0.45420539379119873,7884900
2017-10-23,0.45908931806145603,0.4639732423317133,0.45420539379119873,0.45420539379119873,7775100
2017-10-24,0.4590892752594488,0.4590892752594488,0.4395535508892979,0.44443750381469727,16173500
2017-10-25,0.449321460629896,0.4590893089771271,0.4444375364562804,0.4590893089771271,8983500
2017-10-26,0.45420539379119873,0.45908931806145603,0.4493214695209415,0.45420539379119873,7498400
2017-10-27,0.45420539379119873,0.4639732423317133,0.45420539379119873,0.45420539379119873,8782600
2017-10-30,0.459089300084047,0.46885714824206387,0.459089300084047,0.4639732241630554,18376400
2017-10-31,0.46885713132397333,0.4932767799483484,0.4639732074211949,0.4737410843372345,91674900
2017-11-01,0.47862502932548523,0.4835089534434214,0.4737411052075491,0.47862502932548523,17811300
2017-11-02,0.47862501643221145,0.47862501643221145,0.46885713934898376,0.46885713934898376,13358500
2017-11-03,0.46885713934898376,0.46885713934898376,0.4590892913762393,0.46885713934898376,8774300
2017-11-06,0.4688571573243582,0.4688571573243582,0.4590893089771271,0.4590893089771271,11806900
2017-11-07,0.4639732241630554,0.473741101431556,0.459089300084047,0.4639732241630554,11030200
2017-11-08,0.4639732331507426,0.4639732331507426,0.4590893089771271,0.4590893089771271,6855900
2017-11-09,0.4590893089771271,0.4639732331507426,0.4542053848035115,0.4590893089771271,7005100
2017-11-10,0.45908931806145603,0.4639732423317133,0.44443754525068424,0.45420539379119873,34351100
2017-11-13,0.4542053427217495,0.4542053427217495,0.44443749527950166,0.4493214190006256,10638500
2017-11-14,0.44443749527950166,0.4542053427217495,0.43955354244789613,0.4493214190006256,14083700
2017-11-15,0.44443750381469727,0.4493214276296144,0.4395535508892979,0.44443750381469727,4299500
2017-11-16,0.44443749905043756,0.44443749905043756,0.4249017748897047,0.42978569865226746,20947200
2017-11-17,0.4346696224148302,0.43955354617739295,0.42978569865226746,0.42978569865226746,7058800
2017-11-20,0.4297857162044491,0.43466964016646825,0.4151339443183916,0.42001786828041077,10360200
2017-11-21,0.41513394005211923,0.420017863963947,0.39071429138249764,0.40536606311798096,25363200
2017-11-22,0.4249017834663391,0.43466963118862845,0.42001785960519444,0.4249017834663391,19825400
2017-11-23,0.4297857338676653,0.4297857338676653,0.4102500081062317,0.4102500081062317,11574900
2017-11-24,0.41513394005211923,0.420017863963947,0.40048213920615316,0.40536606311798096,9289000
2017-11-27,0.41024999596853473,0.4151339490972592,0.4004821479320526,0.4004821479320526,8359800
2017-11-28,0.40048215687340616,0.40536608100068805,0.39559823274612427,0.39559823274612427,6881500
2017-11-29,0.3955982239138115,0.40536607195029367,0.3955982239138115,0.4004821479320526,12645900
2017-11-30,0.40536608100068805,0.40536608100068805,0.39559823274612427,0.39559823274612427,7774700
2017-12-01,0.39559823274612427,0.39559823274612427,0.39559823274612427,0.39559823274612427,0
2017-12-04,0.400482159780757,0.4200178855421906,0.39559823561801966,0.4102500081062317,17240300
2017-12-05,0.41024999596853473,0.41024999596853473,0.4004821479320526,0.4004821479320526,12168500
2017-12-06,0.40536606311798096,0.41513394005211923,0.40048213920615316,0.40536606311798096,10207500
2017-12-07,0.41024999596853473,0.41024999596853473,0.4004821479320526,0.4004821479320526,7961900
2017-12-08,0.40048213920615316,0.4102499870298087,0.40048213920615316,0.40536606311798096,7883400
2017-12-11,0.4102500081062317,0.41513396137945324,0.4053660839434943,0.4102500081062317,4237000
2017-12-12,0.4102499788893125,0.44443750381469727,0.4053660550743953,0.44443750381469727,51637700
2017-12-13,0.4493214695209415,0.45908931806145603,0.4395535918699421,0.45420539379119873,45553000
2017-12-14,0.4493214190006256,0.45908926644287346,0.44443749527950166,0.4493214190006256,23616100
2017-12-15,0.4542053514445316,0.4542053514445316,0.44443750381469727,0.44443750381469727,8557900
2017-12-18,0.44443749905043756,0.4493214228130003,0.4249017748897047,0.42978569865226746,17730900
2017-12-19,0.4297857073274838,0.4444375080214002,0.4249017834663391,0.4249017834663391,13638000
2017-12-20,0.42978570325946347,0.4493214276296144,0.42490177944454627,0.44443750381469727,15567100
2017-12-21,0.449321460629896,0.4639732331507426,0.449321460629896,0.4590893089771271,24322500
2017-12-22,0.4590893089771271,0.4639732331507426,0.4542053848035115,0.4590893089771271,5958400
2017-12-25,0.4590893089771271,0.4590893089771271,0.4590893089771271,0.4590893089771271,0
2017-12-26,0.4590893037432567,0.47862502932548523,0.4590893037432567,0.47862502932548523,22877600
2017-12-27,0.478625008240013,0.4883928560455699,0.46885713132397333,0.4737410843372345,26486900
2017-12-28,0.47862501643221145,0.47862501643221145,0.46885713934898376,0.46885713934898376,9082000
2017-12-29,0.4737410843372345,0.48350893214279145,0.46885713132397333,0.4737410843372345,20213900
2018-01-02,0.478625045921606,0.5225804227281333,0.47374112163432186,0.5176964402198792,93425200
2018-01-03,0.5176964237123075,0.542116102591038,0.512812499580755,0.5274643301963806,74424900
2018-01-04,0.5323482751846313,0.5421161238304276,0.5274643508617332,0.5323482751846313,38257500
2018-01-05,0.5323482365993324,0.5518839324749522,0.5323482365993324,0.5372321605682373,51564300
2018-01-08,0.542116105556488,0.5567678780312927,0.5372321813982198,0.542116105556488,33090800
2018-01-09,0.5470000267225905,0.551883950854143,0.5225804060648281,0.5274643301963806,31055300
2018-01-10,0.5323482713027016,0.5421161198772698,0.5176964402198792,0.5176964402198792,30671900
2018-01-11,0.5225804201328584,0.5225804201328584,0.4932768163337132,0.5030446648597717,21059000
2018-01-12,0.5079285916453109,0.5176964402198792,0.5030446673580268,0.5176964402198792,12382200
2018-01-15,0.5225804060648281,0.542116102591038,0.5176964237123075,0.5274643301963806,34475900
2018-01-16,0.5274643257229928,0.5274643257229928,0.5030446470513639,0.5128124952316284,15678100
2018-01-17,0.5128124886776971,0.5128124886776971,0.47862502048369965,0.4835089445114136,30383300
2018-01-18,0.48839287366858125,0.49327679774758965,0.45420537600503863,0.4639732241630554,27324700
2018-01-19,0.4639732074211949,0.478625008240013,0.4639732074211949,0.4737410843372345,14438800
2018-01-22,0.478625008240013,0.4883928560455699,0.46885713132397333,0.4737410843372345,17364900
2018-01-23,0.4737411052075491,0.4835089534434214,0.4737411052075491,0.47862502932548523,16077800
2018-01-24,0.4835089766177823,0.5176964470819249,0.4786250522657619,0.4981607496738434,49925200
2018-01-25,0.5030446315152304,0.5079285554545265,0.48350893575804577,0.4883928596973419,32131300
2018-01-26,0.4883928596973419,0.4981607075759342,0.48350893575804577,0.4883928596973419,7742600
2018-01-29,0.4981607075759342,0.4981607075759342,0.4883928596973419,0.4883928596973419,9265300
2018-01-30,0.48839286440495594,0.48839286440495594,0.46885713934898376,0.46885713934898376,11856800
2018-02-02,0.46885713934898376,0.47862501643221145,0.4639732153626115,0.46885713934898376,8551200
2018-02-05,0.45908926644287346,0.46397319016399735,0.4493214190006256,0.4493214190006256,13545100
2018-02-06,0.4346696224148302,0.4346696224148302,0.4102499744915346,0.42978569865226746,40828400
2018-02-07,0.44443749905043756,0.4493214228130003,0.42978569865226746,0.42978569865226746,18197100
2018-02-08,0.4346696436405182,0.4395535676415716,0.4297857196394648,0.4346696436405182,6491000
2018-02-09,0.41513393574404983,0.4249017834663391,0.41513393574404983,0.4249017834663391,7910900
2018-02-12,0.43466964016646825,0.43466964016646825,0.4151339443183916,0.42001786828041077,9081500
2018-02-13,0.4249017922424299,0.4297857162044491,0.4151339443183916,0.42001786828041077,8349000
2018-02-14,0.4200178556296291,0.44443750381469727,0.4200178556296291,0.44443750381469727,10539800
2018-02-15,0.44443749527950166,0.4493214190006256,0.4346696187267722,0.4493214190006256,6222800
2018-02-16,0.4493214190006256,0.4493214190006256,0.4493214190006256,0.4493214190006256,0
2018-02-19,0.454205367389867,0.46885713934898376,0.4493214434034948,0.46885713934898376,15340800
2018-02-20,0.4688571666019705,0.4737411199827127,0.45420539379119873,0.45420539379119873,8020300
2018-02-21,0.45420537600503863,0.473741101431556,0.45420537600503863,0.4639732241630554,12483500
2018-02-22,0.4639732331507426,0.4639732331507426,0.4542053848035115,0.4590893089771271,9167100
2018-02-23,0.4639732241630554,0.46885714824206387,0.459089300084047,0.4639732241630554,8936300
2018-02-26,0.4639732331507426,0.4688571573243582,0.4542053848035115,0.4590893089771271,5908900
2018-02-27,0.4639732331507426,0.4688571573243582,0.4542053848035115,0.4590893089771271,5498000
2018-02-28,0.4493214190006256,0.4542053427217495,0.43955354244789613,0.4493214190006256,12005100
2018-03-01,0.44443750381469727,0.4493214276296144,0.4395535508892979,0.44443750381469727,4030400
2018-03-02,0.4444375207531083,0.4444375207531083,0.4297857196394648,0.4346696436405182,5168200
2018-03-05,0.43955358219313995,0.43955358219313995,0.4102500081062317,0.4102500081062317,10654000
2018-03-06,0.4249018012250168,0.4249018012250168,0.4151339530944824,0.4151339530944824,6302800
2018-03-07,0.4151339490972592,0.4151339490972592,0.39071429989557044,0.4004821479320526,10958100
2018-03-08,0.4004821479320526,0.41024999596853473,0.3955982239138115,0.4004821479320526,3587500
2018-03-09,0.40048215687340616,0.40536608100068805,0.3907143086188424,0.39559823274612427,7382300
2018-03-12,0.400482159780757,0.41513396137945324,0.400482159780757,0.4102500081062317,10905800
2018-03-13,0.4102499870298087,0.4102499870298087,0.40048213920615316,0.40536606311798096,4757200
2018-03-14,0.4004821479320526,0.4004821479320526,0.3955982239138115,0.4004821479320526,5295400
2018-03-15,0.39559823561801966,0.4200178855421906,0.39559823561801966,0.4102500081062317,19583500
2018-03-16,0.4102499827724227,0.43955355504977306,0.4053660589112781,0.4249017834663391,23522400
2018-03-19,0.4297857110202312,0.44932143574314454,0.4297857110202312,0.43955355882644653,37200100
2018-03-20,0.43955354617739295,0.43955354617739295,0.4249017748897047,0.42978569865226746,8334900
2018-03-21,0.43466963118862845,0.43955355504977306,0.42001785960519444,0.4249017834663391,7031300
2018-03-22,0.4297857073274838,0.43466963118862845,0.42001785960519444,0.4249017834663391,7154200
2018-03-23,0.41513396137945324,0.4200178855421906,0.4053660839434943,0.4102500081062317,12048000
2018-03-26,0.40048213920615316,0.4102499870298087,0.3955982152943254,0.40536606311798096,10111000
2018-03-27,0.41024999596853473,0.4151339490972592,0.4004821479320526,0.4004821479320526,3936000
2018-03-28,0.40048215687340616,0.40048215687340616,0.39559823274612427,0.39559823274612427,5493200
2018-03-29,0.39559823274612427,0.40048215687340616,0.3809464312537946,0.39559823274612427,17331600
2018-03-30,0.39559824179924463,0.39559824179924463,0.3858303933211472,0.3907143175601959,6320700
2018-04-02,0.39559824179924463,0.4004821660382933,0.3858303933211472,0.3907143175601959,9731300
2018-04-03,0.3907142922086151,0.3907142922086151,0.3711785674095154,0.3711785674095154,7833800
2018-04-04,0.37606250219469645,0.3809464262579288,0.32722323245188906,0.33210715651512146,24224400
2018-04-05,0.34187499976583857,0.3662946488442163,0.34187499976583857,0.3516428768634796,17668600
2018-04-06,0.34187500776734286,0.3467589318752289,0.3321071595515709,0.3467589318752289,7396800
2018-04-09,0.33699107888128077,0.3858303774886191,0.33210715484264364,0.36629465222358704,37775200
2018-04-10,0.36141072357945797,0.3858303725719452,0.35652679960305717,0.3858303725719452,24188100
2018-04-11,0.3858303933211472,0.39559824179924463,0.38094643997161387,0.3907143175601959,16909700
2018-04-12,0.39071427428815086,0.40048212168444813,0.38094639778137207,0.38094639778137207,13870300
2018-04-13,0.3858303758773294,0.40536607195029367,0.3809464227486049,0.4004821479320526,21023100
2018-04-16,0.40048213920615316,0.41513394005211923,0.40048213920615316,0.40536606311798096,21132500
2018-04-17,0.4102500051279699,0.4102500051279699,0.3907143086188424,0.39559823274612427,12714300
2018-04-18,0.39559822052474686,0.40048214450114766,0.38094641948506125,0.3858303725719452,8854800
2018-04-19,0.3907143086188424,0.40048215687340616,0.38583038449156054,0.39559823274612427,7760600
2018-04-20,0.39559822052474686,0.39559822052474686,0.3858303725719452,0.3858303725719452,7023100
2018-04-23,0.3858303774886191,0.3858303774886191,0.36629465222358704,0.36629465222358704,5593800
2018-04-24,0.37117857626222417,0.38094642433949844,0.35652680414631277,0.36629465222358704,8129900
2018-04-25,0.35652679204940796,0.36141071592233426,0.3516428681764817,0.35652679204940796,3158100
2018-04-26,0.3614107072353363,0.36629463099087084,0.3565267834798018,0.3614107072353363,3290700
2018-04-27,0.36629465222358704,0.37117857626222417,0.3614107281849499,0.36629465222358704,5300800
2018-04-30,0.3662946672544678,0.39559824179924463,0.3614107430154191,0.3907143175601959,10393100
2018-05-02,0.39071427428815086,0.39071427428815086,0.3711785503850748,0.38094639778137207,4205500
2018-05-03,0.37606249550866044,0.390714296548346,0.37606249550866044,0.3858303725719452,3331100
2018-05-04,0.38094641525382383,0.3858303682864609,0.3711785674095154,0.3711785674095154,5958400
2018-05-07,0.3760625003008613,0.3760625003008613,0.36629465222358704,0.36629465222358704,5600500
2018-05-08,0.3711785587867469,0.38094640640414057,0.3711785587867469,0.3760624825954437,10210800
2018-05-14,0.2979196473533277,0.36141071592233426,0.2979196473533277,0.35652679204940796,26625000
2018-05-15,0.36141072357945797,0.39559822052474686,0.36141072357945797,0.3858303725719452,17352100
2018-05-16,0.3858303758773294,0.40536607195029367,0.3809464227486049,0.4004821479320526,14009300
2018-05-17,0.405366090277342,0.405366090277342,0.3858303933211472,0.3907143175601959,7555900
2018-05-18,0.39071429989557044,0.4151339490972592,0.39071429989557044,0.4004821479320526,12496400
2018-05-21,0.40048215687340616,0.40536608100068805,0.38583038449156054,0.39559823274612427,3787300
2018-05-22,0.39559822052474686,0.39559822052474686,0.3858303725719452,0.3858303725719452,3291100
2018-05-23,0.3858303505900022,0.39071427428815086,0.3711785503850748,0.38094639778137207,5506000
2018-05-24,0.3760625003008613,0.3907143015272562,0.35652680414631277,0.36629465222358704,4871400
2018-05-25,0.37606249550866044,0.390714296548346,0.37117857153225964,0.3858303725719452,8803800
2018-05-28,0.3858303505900022,0.3858303505900022,0.3711785503850748,0.38094639778137207,2938900
2018-05-30,0.38094639778137207,0.38094639778137207,0.38094639778137207,0.38094639778137207,0
2018-05-31,0.36629465222358704,0.36629465222358704,0.36629465222358704,0.36629465222358704,0
2018-06-01,0.3711785503850748,0.3858303505900022,0.3711785503850748,0.38094639778137207,9040100
2018-06-04,0.38094641948506125,0.40536606847754847,0.38094641948506125,0.3858303725719452,21024100
2018-06-05,0.3858303933211472,0.3907143175601959,0.38094643997161387,0.3907143175601959,2496500
2018-06-06,0.3907142873278441,0.4249017834663391,0.38583036346669947,0.4249017834663391,29108400
2018-06-07,0.4346696436405182,0.45420536875521506,0.4297857196394648,0.4346696436405182,55303000
2018-06-08,0.4297857162044491,0.4493214411630088,0.4151339443183916,0.42001786828041077,28306400
2018-06-11,0.42001787715974964,0.4249018012250168,0.41024999991873157,0.4151339530944824,4961400
2018-06-12,0.41513396137945324,0.4200178855421906,0.4053660839434943,0.4102500081062317,6825100
2018-06-13,0.41024999991873157,0.4249018012250168,0.41024999991873157,0.4151339530944824,11241300
2018-06-14,0.42001786828041077,0.42001786828041077,0.4102499912458894,0.42001786828041077,3159900
2018-06-18,0.4102500081062317,0.4102500081062317,0.4053660839434943,0.4102500081062317,4353500
2018-06-19,0.40536607195029367,0.4151339490972592,0.4004821479320526,0.4004821479320526,8103500
2018-06-20,0.4004821479320526,0.41024999596853473,0.3955982239138115,0.4004821479320526,7077300
2018-06-21,0.41513394005211923,0.420017863963947,0.3955982152943254,0.40536606311798096,15862100
2018-06-22,0.40536608100068805,0.4102500051279699,0.3907143086188424,0.39559823274612427,14557500
2018-06-25,0.40048215687340616,0.40536608100068805,0.3907143086188424,0.39559823274612427,4808700
2018-06-26,0.3858303933211472,0.39559824179924463,0.3858303933211472,0.3907143175601959,4002100
2018-06-27,0.39559819798629947,0.39559819798629947,0.38094639778137207,0.38094639778137207,7036600
2018-06-28,0.3858303725719452,0.390714296548346,0.37606249550866044,0.3858303725719452,5386900
2018-06-29,0.3858303725719452,0.39559822052474686,0.3858303725719452,0.3858303725719452,6770800
2018-07-02,0.3907143175601959,0.4004821660382933,0.3858303933211472,0.3907143175601959,7438500
2018-07-03,0.39559823274612427,0.40048215687340616,0.3907143086188424,0.39559823274612427,9147600
2018-07-04,0.400482159780757,0.4102500081062317,0.39559823561801966,0.4102500081062317,8756000
2018-07-05,0.41024999596853473,0.41024999596853473,0.3955982239138115,0.4004821479320526,6128900
2018-07-06,0.4004821660382933,0.4004821660382933,0.3907143175601959,0.3907143175601959,4823400
2018-07-09,0.3907143175601959,0.39559824179924463,0.3858303933211472,0.3907143175601959,3353000
2018-07-10,0.3907143086188424,0.40048215687340616,0.3907143086188424,0.39559823274612427,3256000
2018-07-11,0.390714296548346,0.39559822052474686,0.38094641948506125,0.3858303725719452,4765600
2018-07-12,0.3711785674095154,0.3760624913316696,0.36141071956520693,0.3711785674095154,15307400
2018-07-13,0.3760624913316696,0.38094641525382383,0.3711785674095154,0.3711785674095154,9398000
2018-07-16,0.3760625003008613,0.3760625003008613,0.3614107281849499,0.36629465222358704,8121600
2018-07-17,0.36629465222358704,0.37117857626222417,0.3614107281849499,0.36629465222358704,4408500
2018-07-18,0.36629462668692614,0.3858303505900022,0.3614107029887775,0.38094639778137207,13152000
2018-07-19,0.3858303933211472,0.4004821660382933,0.3858303933211472,0.3907143175601959,14318300
2018-07-20,0.39559822052474686,0.39559822052474686,0.3858303725719452,0.3858303725719452,3059100
2018-07-23,0.3858303725719452,0.390714296548346,0.38094641948506125,0.3858303725719452,4565700
2018-07-24,0.3907143086188424,0.4102500051279699,0.3907143086188424,0.39559823274612427,12248400
2018-07-25,0.40536606311798096,0.4102499870298087,0.40048213920615316,0.40536606311798096,11289400
2018-07-26,0.4053660839434943,0.4200178855421906,0.400482159780757,0.4102500081062317,17016600
2018-07-27,0.4102499870298087,0.4102499870298087,0.40048213920615316,0.40536606311798096,5916000
2018-07-30,0.40048215687340616,0.40536608100068805,0.39559823274612427,0.39559823274612427,3588100
2018-07-31,0.3955982239138115,0.4004821479320526,0.39071429989557044,0.4004821479320526,2464400
2018-08-01,0.39559823274612427,0.40048215687340616,0.39559823274612427,0.39559823274612427,5366200
2018-08-02,0.39559824179924463,0.4004821660382933,0.38094643997161387,0.3907143175601959,5595600
2018-08-03,0.3907143175601959,0.3907143175601959,0.3858303933211472,0.3907143175601959,1471000
2018-08-06,0.3907143175601959,0.39559824179924463,0.3858303933211472,0.3907143175601959,3104200
2018-08-07,0.3858303758773294,0.40536607195029367,0.3858303758773294,0.4004821479320526,10694200
2018-08-08,0.40048215687340616,0.40536608100068805,0.39559823274612427,0.39559823274612427,7513700
2018-08-09,0.4004821479320526,0.41024999596853473,0.3955982239138115,0.4004821479320526,18818300
2018-08-10,0.40536607195029367,0.40536607195029367,0.3955982239138115,0.4004821479320526,5281200
2018-08-13,0.40048215687340616,0.40048215687340616,0.3907143086188424,0.39559823274612427,3539200
2018-08-14,0.3955982239138115,0.40536607195029367,0.39071429989557044,0.4004821479320526,10661200
2018-08-15,0.40048215687340616,0.40536608100068805,0.39559823274612427,0.39559823274612427,4289000
2018-08-16,0.39559824179924463,0.39559824179924463,0.3907143175601959,0.3907143175601959,1984100
2018-08-17,0.3907143175601959,0.39559824179924463,0.3858303933211472,0.3907143175601959,7318000
2018-08-20,0.3907143086188424,0.39559823274612427,0.38583038449156054,0.39559823274612427,4629200
2018-08-21,0.39559822052474686,0.39559822052474686,0.3858303725719452,0.3858303725719452,4639100
2018-08-23,0.3858303505900022,0.39071427428815086,0.38094639778137207,0.38094639778137207,3900600
2018-08-24,0.3858303682864609,0.3907142922086151,0.3662946434873611,0.3711785674095154,7465600
2018-08-27,0.3760624913316696,0.3760624913316696,0.3662946434873611,0.3711785674095154,2892400
2018-08-28,0.3711785587867469,0.38094640640414057,0.3711785587867469,0.3760624825954437,3908300
2018-08-29,0.3760624740832234,0.3858303505900022,0.3760624740832234,0.38094639778137207,6546900
2018-08-30,0.3760624913316696,0.38094641525382383,0.3662946434873611,0.3711785674095154,4569400
2018-09-03,0.3711785674095154,0.3760624913316696,0.36141071956520693,0.3711785674095154,5984200
2018-09-04,0.3711785914935165,0.3907143175601959,0.3711785914935165,0.3907143175601959,20465300
2018-09-05,0.39071428313201645,0.39071428313201645,0.3711785587867469,0.3760624825954437,5508400
2018-09-06,0.3760624913316696,0.3760624913316696,0.3662946434873611,0.3711785674095154,5714100
2018-09-07,0.37117857626222417,0.3760625003008613,0.36629465222358704,0.36629465222358704,1833600
2018-09-12,0.37117857626222417,0.37117857626222417,0.3614107281849499,0.36629465222358704,3969600
2018-09-13,0.3662946434873611,0.3711785674095154,0.36141071956520693,0.3711785674095154,3840600
2018-09-14,0.37117857626222417,0.38094642433949844,0.36629465222358704,0.36629465222358704,6127300
2018-09-18,0.36629465222358704,0.37117857626222417,0.36629465222358704,0.36629465222358704,3045600
2018-09-19,0.3711785674095154,0.3760624913316696,0.3662946434873611,0.3711785674095154,6146200
2018-09-20,0.3711785674095154,0.38094641525382383,0.3711785674095154,0.3711785674095154,8565400
2018-09-21,0.3711785587867469,0.3858303593233196,0.3711785587867469,0.3760624825954437,9866300
2018-09-24,0.37606249550866044,0.3858303725719452,0.37117857153225964,0.3858303725719452,6182400
2018-09-25,0.390714296548346,0.390714296548346,0.3858303725719452,0.3858303725719452,12204600
2018-09-26,0.3858303758773294,0.40536607195029367,0.3809464227486049,0.4004821479320526,20966500
2018-09-27,0.39559824179924463,0.4004821660382933,0.3858303933211472,0.3907143175601959,9864400
2018-09-28,0.3907143175601959,0.39559824179924463,0.3858303933211472,0.3907143175601959,6918700
2018-10-01,0.3907142873278441,0.4249017834663391,0.3907142873278441,0.4249017834663391,51971700
2018-10-02,0.42978572529028397,0.4444375265965692,0.4151339530944824,0.4151339530944824,50858100
2018-10-03,0.42001785960519444,0.43466963118862845,0.42001785960519444,0.4249017834663391,20439600
2018-10-04,0.4297857073274838,0.43466963118862845,0.4249017834663391,0.4249017834663391,16451800
2018-10-05,0.4249018012250168,0.4249018012250168,0.4053660758534644,0.4151339530944824,19266400
2018-10-08,0.41513396786592405,0.41513396786592405,0.38094643997161387,0.3907143175601959,25322700
2018-10-09,0.3907143175601959,0.405366090277342,0.3858303933211472,0.3907143175601959,16318700
2018-10-10,0.39559819798629947,0.40048212168444813,0.36629462668692614,0.38094639778137207,20625800
2018-10-11,0.35652680414631277,0.37117857626222417,0.35164288010767564,0.36629465222358704,19195700
2018-10-12,0.3662946434873611,0.38094641525382383,0.3662946434873611,0.3711785674095154,16420400
2018-10-15,0.3760625003008613,0.3858303774886191,0.36629465222358704,0.36629465222358704,12159300
2018-10-16,0.3662946434873611,0.3760624913316696,0.3662946434873611,0.3711785674095154,7566100
2018-10-17,0.3760624913316696,0.38094641525382383,0.3711785674095154,0.3711785674095154,7127100
2018-10-18,0.3760624825954437,0.38094640640414057,0.3711785587867469,0.3760624825954437,10432400
2018-10-19,0.3711785674095154,0.38094641525382383,0.3662946434873611,0.3711785674095154,15797500
2018-10-22,0.3711785674095154,0.3760624913316696,0.3662946434873611,0.3711785674095154,13646200
2018-10-23,0.3711785547464054,0.3711785547464054,0.3614107072353363,0.3614107072353363,10173800
2018-10-24,0.36629463099087084,0.36629463099087084,0.3565267834798018,0.3614107072353363,8650900
2018-10-25,0.3516428681764817,0.35652679204940796,0.3467589151930729,0.35652679204940796,13629200
2018-10-26,0.3565268092014848,0.3565268092014848,0.3467589318752289,0.3467589318752289,8173000
2018-10-29,0.3516428850935988,0.3565268092014848,0.3467589318752289,0.3467589318752289,14345700
2018-10-30,0.34187500776734286,0.3516428850935988,0.3369910836594569,0.3467589318752289,11833900
2018-10-31,0.3516428597242673,0.36629463099087084,0.34675890685825095,0.3614107072353363,20767800
2018-11-01,0.3614107072353363,0.36629463099087084,0.3516428597242673,0.3614107072353363,10612200
2018-11-02,0.3662946434873611,0.3760624913316696,0.36141071956520693,0.3711785674095154,14252100
2018-11-05,0.3711785674095154,0.3760624913316696,0.36141071956520693,0.3711785674095154,8759100
2018-11-07,0.3711785587867469,0.38094640640414057,0.36629463497805004,0.3760624825954437,11729600
2018-11-08,0.38094642433949844,0.38094642433949844,0.3614107281849499,0.36629465222358704,15956900
2018-11-09,0.36141071592233426,0.36141071592233426,0.3516428681764817,0.35652679204940796,12125700
2018-11-12,0.3614107072353363,0.3614107072353363,0.3516428597242673,0.3614107072353363,4842500
2018-11-13,0.3516428597242673,0.3614107072353363,0.3516428597242673,0.3614107072353363,4908200
2018-11-14,0.3565268008570585,0.3565268008570585,0.3516428768634796,0.3516428768634796,6919900
2018-11-15,0.3516428681764817,0.36141071592233426,0.3516428681764817,0.35652679204940796,7190700
2018-11-16,0.3614107072353363,0.3614107072353363,0.3565267834798018,0.3614107072353363,5033500
2018-11-19,0.3614107072353363,0.3614107072353363,0.3565267834798018,0.3614107072353363,1699600
2018-11-21,0.34675894092464293,0.34675894092464293,0.3369910924539581,0.34187501668930054,16737400
2018-11-22,0.3418750046415862,0.34675892870481856,0.33210715651512146,0.33210715651512146,17790500
2018-11-23,0.3321071655249224,0.3321071655249224,0.3223393171334638,0.3272232413291931,5348900
2018-11-26,0.3272232504755061,0.3272232504755061,0.3174553727005382,0.32233932614326477,8966000
2018-11-27,0.31745533454453745,0.31745533454453745,0.29303571581840515,0.29303571581840515,22991600
2018-11-28,0.29303572381921006,0.2979196476977831,0.28326784695158136,0.2881517708301544,14291200
2018-11-29,0.2930357421195157,0.2930357421195157,0.27838394045829773,0.27838394045829773,7656800
2018-11-30,0.27350000425302357,0.27350000425302357,0.26861608028411865,0.26861608028411865,10577500
2018-12-03,0.27838393161577996,0.2881517796726722,0.27838393161577996,0.2832678556442261,12014900
2018-12-04,0.2881517888254535,0.2881517888254535,0.268616092091142,0.27838394045829773,13377000
2018-12-05,0.2686160716579808,0.273499995470047,0.2637321478459146,0.273499995470047,2661200
2018-12-06,0.2686160716579808,0.273499995470047,0.2637321478459146,0.273499995470047,2244400
2018-12-07,0.26861608028411865,0.27350000425302357,0.25884820323582575,0.26861608028411865,6637100
2018-12-10,0.2637321572584502,0.2637321572584502,0.23442856967449188,0.23442856967449188,16199500
2018-12-11,0.23442856850554272,0.23442856850554272,0.2051249956229447,0.21000893414020538,30483300
2018-12-12,0.21000893160700798,0.22466071787157227,0.21000893160700798,0.21977677941322327,12577800
2018-12-13,0.21977677941322327,0.22954464177467993,0.21977677941322327,0.21977677941322327,5929500
2018-12-14,0.2197767820642437,0.2197767820642437,0.21000893414020538,0.21000893414020538,5834400
2018-12-17,0.21000893160700798,0.21977677941322327,0.20024106924555132,0.21977677941322327,16487800
2018-12-18,0.2100089427710953,0.21489286693383264,0.20512500405311584,0.20512500405311584,9684600
2018-12-19,0.2002410798903785,0.2100089427710953,0.2002410798903785,0.20512500405311584,11662400
2018-12-20,0.20024108301914664,0.20512500725819532,0.19535715878009796,0.19535715878009796,8855800
2018-12-21,0.1953571397206418,0.21977677308869648,0.19047320140283816,0.21489284932613373,39407700
2018-12-24,0.2148928674124747,0.22954465448856354,0.21000894323885916,0.22954465448856354,19461600
2018-12-26,0.22466071787157227,0.22954464177467993,0.2148928555101156,0.21977677941322327,14245700
2018-12-27,0.22954464177467993,0.22954464177467993,0.21977677941322327,0.21977677941322327,10916800
2018-12-28,0.21977677941322327,0.22466071787157227,0.2148928555101156,0.21977677941322327,4837800
2018-12-31,0.21977677122394806,0.23442855694256065,0.21977677122394806,0.2246607095003128,12312400
2019-01-02,0.22954464177467993,0.22954464177467993,0.21977677941322327,0.21977677941322327,7060100
2019-01-03,0.21977677122394806,0.2246607095003128,0.21977677122394806,0.2246607095003128,3728000
2019-01-04,0.21977678104170728,0.24419642984867096,0.21489285710241113,0.24419642984867096,21785100
2019-01-07,0.24908035618885022,0.24908035618885022,0.23442856967449188,0.23442856967449188,14319800
2019-01-08,0.2393125059093748,0.24419642984867096,0.2344285674148372,0.24419642984867096,4675700
2019-01-09,0.2441964559993911,0.2588482293863213,0.23931253153708104,0.25396430492401123,17710700
2019-01-10,0.2588482201099396,0.27350002208227703,0.25396429582265545,0.2588482201099396,27900500
2019-01-11,0.2637321478459146,0.273499995470047,0.25884819492336625,0.273499995470047,7253300
2019-01-14,0.26861609779499285,0.27350002208227703,0.25396429582265545,0.2588482201099396,8330400
2019-01-15,0.25396429582265545,0.2588482201099396,0.2490803715353713,0.2588482201099396,5769600
2019-01-16,0.2588482293863213,0.2637321829591174,0.25396430492401123,0.25396430492401123,5959200
2019-01-17,0.25884821185615375,0.2686160892297428,0.25884821185615375,0.2637321650981903,7813500
2019-01-18,0.2637321478459146,0.273499995470047,0.2637321478459146,0.273499995470047,10279400
2019-01-22,0.273499995470047,0.2832678430941794,0.273499995470047,0.273499995470047,9825900
2019-01-23,0.27350000425302357,0.27350000425302357,0.26373215631521374,0.26861608028411865,4719000
2019-01-24,0.27350002208227703,0.27838394636956115,0.2588482201099396,0.2588482201099396,7482100
2019-01-25,0.2637321735077087,0.26861609779499285,0.2588482201099396,0.2588482201099396,4704400
2019-01-28,0.2637321735077087,0.2637321735077087,0.25396429582265545,0.2588482201099396,5079000
2019-01-29,0.25396429918894203,0.25396429918894203,0.24419645048490132,0.2490803748369217,4390500
2019-01-30,0.24419642984867096,0.25396427772726327,0.24419642984867096,0.24419642984867096,4017100
2019-01-31,0.24419643878067876,0.2490803628986149,0.23931251466274261,0.23931251466274261,6080000
2019-02-04,0.23931251466274261,0.24419643878067876,0.23442857598956449,0.23931251466274261,2435600
2019-02-07,0.2393125059093748,0.2490803537879671,0.2344285674148372,0.24419642984867096,9633300
2019-02-08,0.24419643132911095,0.26861608028411865,0.23931250736020604,0.26861608028411865,14781400
2019-02-11,0.26861608028411865,0.27350000425302357,0.25884820323582575,0.26861608028411865,6213300
2019-02-12,0.26861608028411865,0.26861608028411865,0.25884820323582575,0.26861608028411865,7857000
2019-02-13,0.26861608220407623,0.3272232284708014,0.263732158200263,0.31745535135269165,95714200
2019-02-14,0.32722321553176875,0.32722321553176875,0.30280356736781905,0.3076874911785126,64648100
2019-02-15,0.3076875089936007,0.31257143308707314,0.2979196608066559,0.2979196608066559,12075100
2019-02-18,0.30280356736781905,0.3125714149892061,0.2979196435571255,0.3076874911785126,14450600
2019-02-19,0.3076875033450652,0.3272232284708014,0.302803579341252,0.31745535135269165,45149000
2019-02-20,0.32233930446698816,0.32233930446698816,0.3076875033450652,0.31745535135269165,26828400
2019-02-21,0.31745535135269165,0.32233930446698816,0.3076875033450652,0.31745535135269165,16060200
2019-02-22,0.31257142734887844,0.3321071524746146,0.3076875033450652,0.31745535135269165,43738500
2019-02-25,0.31745533879989957,0.3223392917210752,0.30280356736781905,0.3076874911785126,14334600
2019-02-26,0.3076874954549293,0.3076874954549293,0.2881517708301544,0.2881517708301544,16960300
2019-02-27,0.2881517708301544,0.2979196476977831,0.2881517708301544,0.2881517708301544,7561100
2019-02-28,0.27838394636956115,0.27838394636956115,0.25396429582265545,0.2588482201099396,20449300
2019-03-01,0.25884819492336625,0.273499995470047,0.25396427111130004,0.273499995470047,17719100
2019-03-04,0.27350000425302357,0.27838392822192853,0.26373215631521374,0.26861608028411865,16606300
2019-03-05,0.27350001627471987,0.2832678646418756,0.268616092091142,0.27838394045829773,11444800
2019-03-06,0.27838394045829773,0.2881517888254535,0.27350001627471987,0.27838394045829773,17090800
2019-03-07,0.28326784695158136,0.2881517708301544,0.27838392307300824,0.2881517708301544,14394200
2019-03-08,0.2881517796726722,0.2881517796726722,0.27838393161577996,0.2832678556442261,6414800
2019-03-11,0.28326785219083345,0.28326785219083345,0.26861608028411865,0.26861608028411865,8257000
2019-03-12,0.27350001627471987,0.27838394045829773,0.27350001627471987,0.27838394045829773,4073000
2019-03-13,0.2734999991944352,0.2881517708301544,0.2734999991944352,0.2881517708301544,19877200
2019-03-14,0.2881517668252564,0.31745533879989957,0.2881517668252564,0.3076874911785126,53417800
2019-03-15,0.3076874911785126,0.3125714149892061,0.30280356736781905,0.3076874911785126,17245300
2019-03-18,0.30280358490012826,0.3076875089936007,0.29303573671318345,0.2979196608066559,7890000
2019-03-19,0.2979196568400479,0.2979196568400479,0.27838393161577996,0.2832678556442261,11268000
2019-03-20,0.27838394045829773,0.2881517888254535,0.27838394045829773,0.27838394045829773,7942600
2019-03-21,0.2832678646418756,0.2881517888254535,0.27838394045829773,0.27838394045829773,4190300
2019-03-22,0.28326784695158136,0.29303572381921006,0.28326784695158136,0.2881517708301544,13829000
2019-03-25,0.27838394045829773,0.2832678646418756,0.27838394045829773,0.27838394045829773,6799300
2019-03-26,0.2832678430941794,0.2832678430941794,0.273499995470047,0.273499995470047,5143300
2019-03-27,0.27838393161577996,0.2881517796726722,0.27350000758733384,0.2832678556442261,7462300
2019-03-28,0.2783839192821132,0.2832678430941794,0.273499995470047,0.273499995470047,4263900
2019-03-29,0.2783839192821132,0.2832678430941794,0.273499995470047,0.273499995470047,5838400
2019-04-01,0.27838394045829773,0.2832678646418756,0.27350001627471987,0.27838394045829773,8297500
2019-04-02,0.28326784695158136,0.29303572381921006,0.28326784695158136,0.2881517708301544,15832800
2019-04-03,0.2881517708301544,0.2881517708301544,0.27838392307300824,0.2881517708301544,7231100
2019-04-04,0.2832678510828913,0.30768749994238676,0.2832678510828913,0.30280357599258423,27599000
2019-04-05,0.30280356330885805,0.30280356330885805,0.2881517629626969,0.29303571581840515,17066500
2019-04-08,0.29303573671318345,0.30280358490012826,0.29303573671318345,0.2979196608066559,9442000
2019-04-09,0.30280358490012826,0.3076875089936007,0.29303573671318345,0.2979196608066559,9322300
2019-04-10,0.2979196608066559,0.2979196608066559,0.2881517835092272,0.2979196608066559,7739900
2019-04-11,0.2979196476977831,0.3028035715763562,0.2881517708301544,0.2881517708301544,9869800
2019-04-12,0.2881517629626969,0.29303571581840515,0.2881517629626969,0.29303571581840515,4019200
2019-04-15,0.2930357421195157,0.2930357421195157,0.27838394045829773,0.27838394045829773,7510700
2019-04-16,0.27838394045829773,0.2832678646418756,0.27838394045829773,0.27838394045829773,4492900
2019-04-17,0.2783839192821132,0.2832678430941794,0.273499995470047,0.273499995470047,6696400
2019-04-18,0.27350000425302357,0.27838392822192853,0.26861608028411865,0.26861608028411865,5574800
2019-04-19,0.268616092091142,0.27838394045829773,0.268616092091142,0.27838394045829773,3831200
2019-04-22,0.27838392307300824,0.2881517708301544,0.27838392307300824,0.2881517708301544,7440500
2019-04-23,0.2881517796726722,0.2930357328116018,0.2832678556442261,0.2832678556442261,4593300
2019-04-24,0.28326784695158136,0.29303572381921006,0.28326784695158136,0.2881517708301544,7841200
2019-04-25,0.2881517796726722,0.2930357328116018,0.2832678556442261,0.2832678556442261,7837700
2019-04-26,0.2881517888254535,0.2881517888254535,0.27838394045829773,0.27838394045829773,4934900
2019-04-29,0.2783839192821132,0.2783839192821132,0.273499995470047,0.273499995470047,4919400
2019-04-30,0.273499995470047,0.2783839192821132,0.2686160716579808,0.273499995470047,2902000
2019-05-02,0.27350000425302357,0.27838392822192853,0.26861608028411865,0.26861608028411865,2345800
2019-05-03,0.26861608028411865,0.27350000425302357,0.26861608028411865,0.26861608028411865,4176700
2019-05-06,0.2637321735077087,0.26861609779499285,0.2588482201099396,0.2588482201099396,4982100
2019-05-07,0.2637321650981903,0.2686160892297428,0.2637321650981903,0.2637321650981903,3114200
2019-05-08,0.2637321650981903,0.2686160892297428,0.25884821185615375,0.2637321650981903,2974900
2019-05-09,0.2637321650981903,0.2637321650981903,0.25884821185615375,0.2637321650981903,1810900
2019-05-10,0.2588482201099396,0.26861609779499285,0.2588482201099396,0.2588482201099396,3669000
2019-05-13,0.25884822354096243,0.25884822354096243,0.2490803748369217,0.2490803748369217,2557800
2019-05-14,0.24419645048490132,0.25396429918894203,0.23931252613288095,0.2490803748369217,5391200
2019-05-15,0.24908038046170117,0.2588482293863213,0.24908038046170117,0.25396430492401123,4951000
2019-05-16,0.2588482293863213,0.2588482293863213,0.25396430492401123,0.25396430492401123,2360600
2019-05-17,0.25396429918894203,0.25884822354096243,0.2490803748369217,0.2490803748369217,1332400
2019-05-21,0.2490803537879671,0.25396427772726327,0.24419642984867096,0.24419642984867096,2347500
2019-05-23,0.24419642984867096,0.2490803537879671,0.2393125059093748,0.24419642984867096,1874700
2019-05-24,0.24419642984867096,0.2490803537879671,0.2393125059093748,0.24419642984867096,3227600
2019-05-27,0.24419643878067876,0.24419643878067876,0.23442857598956449,0.23931251466274261,3030300
2019-05-28,0.23931251466274261,0.24419643878067876,0.23442857598956449,0.23931251466274261,3816100
2019-05-29,0.23931251466274261,0.24419643878067876,0.23442857598956449,0.23931251466274261,3884000
2019-05-30,0.23442859251952797,0.25396430492401123,0.23442859251952797,0.25396430492401123,5801500
2019-05-31,0.2490803628986149,0.2490803628986149,0.23931251466274261,0.23931251466274261,6148900
2019-06-03,0.2393125059093748,0.24419642984867096,0.2344285674148372,0.24419642984867096,4270500
2019-06-04,0.23931251466274261,0.24419643878067876,0.23931251466274261,0.23931251466274261,1562900
2019-06-05,0.23931251466274261,0.23931251466274261,0.23931251466274261,0.23931251466274261,0
2019-06-06,0.23931251466274261,0.23931251466274261,0.23931251466274261,0.23931251466274261,0
2019-06-07,0.24419642984867096,0.2490803537879671,0.24419642984867096,0.24419642984867096,2767600
2019-06-10,0.2441964559993911,0.2588482293863213,0.2441964559993911,0.25396430492401123,7898000
2019-06-11,0.25396429918894203,0.25396429918894203,0.2490803748369217,0.2490803748369217,2042600
2019-06-12,0.24908038046170117,0.25396430492401123,0.24908038046170117,0.25396430492401123,1845600
2019-06-13,0.24908038046170117,0.2588482293863213,0.24908038046170117,0.25396430492401123,3866800
2019-06-14,0.2588482293863213,0.2588482293863213,0.25396430492401123,0.25396430492401123,4010000
2019-06-17,0.25396427772726327,0.25396427772726327,0.24419642984867096,0.24419642984867096,5198500
2019-06-18,0.24419645048490132,0.2490803748369217,0.23931252613288095,0.2490803748369217,4578000
2019-06-19,0.2490803715353713,0.2588482201099396,0.2490803715353713,0.2588482201099396,9080600
2019-06-20,0.2588482201099396,0.2637321735077087,0.25396429582265545,0.2588482201099396,6682900
2019-06-21,0.2588482293863213,0.2637321829591174,0.25396430492401123,0.25396430492401123,3592700
2019-06-24,0.25396429582265545,0.2588482201099396,0.2490803715353713,0.2588482201099396,1357300
2019-06-25,0.25396429918894203,0.25396429918894203,0.2490803748369217,0.2490803748369217,1747200
2019-06-26,0.2490803748369217,0.25396429918894203,0.24419645048490132,0.2490803748369217,2721200
2019-06-27,0.24908038046170117,0.25396430492401123,0.24908038046170117,0.25396430492401123,716300
2019-06-28,0.2490803748369217,0.25396429918894203,0.24419645048490132,0.2490803748369217,1857000
2019-07-01,0.25396427111130004,0.273499995470047,0.25396427111130004,0.273499995470047,11376300
2019-07-02,0.27350000425302357,0.27838392822192853,0.26861608028411865,0.26861608028411865,11353800
2019-07-03,0.2686160716579808,0.2783839192821132,0.2637321478459146,0.273499995470047,9165900
2019-07-04,0.273499995470047,0.2783839192821132,0.2686160716579808,0.273499995470047,6469700
2019-07-05,0.273499995470047,0.2783839192821132,0.2686160716579808,0.273499995470047,3636300
2019-07-08,0.273499995470047,0.273499995470047,0.2637321478459146,0.273499995470047,7391600
2019-07-09,0.2735000219880929,0.2735000219880929,0.2685272991657257,0.2685272991657257,2447800
2019-07-10,0.2685272991657257,0.2735000219880929,0.2685272991657257,0.2685272991657257,1524900
2019-07-11,0.2685272802662049,0.28344544768333435,0.2685272802662049,0.28344544768333435,15287500
2019-07-12,0.2834454512549418,0.2983636484998147,0.2834454512549418,0.288418173789978,18406000
2019-07-15,0.28841817730104985,0.2983636521319582,0.283445454705478,0.2933908998966217,8043000
2019-07-16,0.29339090350902375,0.3033363784623867,0.2884181808522248,0.29836365580558777,18449000
2019-07-17,0.29339089262808726,0.29339089262808726,0.28344544768333435,0.28344544768333435,8523600
2019-07-18,0.29339089262808726,0.29339089262808726,0.28344544768333435,0.28344544768333435,7369300
2019-07-19,0.28344544768333435,0.2884181701557108,0.27847272521095784,0.28344544768333435,5749800
2019-07-22,0.28344544015048984,0.28344544015048984,0.273499995470047,0.273499995470047,7438200
2019-07-23,0.2784727215766907,0.2784727215766907,0.27349999916921175,0.2784727215766907,3311100
2019-07-24,0.2784727215766907,0.2784727215766907,0.2685272767617328,0.2784727215766907,6469400
2019-07-25,0.28841817730104985,0.3083090973231019,0.28841817730104985,0.2933908998966217,49793000
2019-07-26,0.2884181701557108,0.29339089262808726,0.28344544768333435,0.28344544768333435,9400500
2019-07-29,0.28344544015048984,0.28344544015048984,0.273499995470047,0.273499995470047,9177200
2019-07-31,0.27847271781026844,0.27847271781026844,0.263554521149841,0.273499995470047,10510300
2019-08-01,0.26852727312982555,0.27847271781026844,0.26852727312982555,0.273499995470047,4082300
2019-08-02,0.2735000219880929,0.2735000219880929,0.26355454670359246,0.2685272991657257,3952200
2019-08-05,0.26852729217572713,0.26852729217572713,0.253609094457193,0.25858181715011597,9961500
2019-08-06,0.2536091010588579,0.2685272991657257,0.24863637823649068,0.2685272991657257,8076400
2019-08-07,0.26852729217572713,0.26852729217572713,0.25858181715011597,0.25858181715011597,8531300
2019-08-08,0.25858181715011597,0.2635545398430389,0.25858181715011597,0.25858181715011597,2687200
2019-08-09,0.2585818204994269,0.26355454325675964,0.25360909774209417,0.26355454325675964,3695300
2019-08-13,0.25858181715011597,0.25858181715011597,0.253609094457193,0.25858181715011597,4130400
2019-08-14,0.2635545398430389,0.2635545398430389,0.25858181715011597,0.25858181715011597,2523300
2019-08-15,0.2585818136694596,0.2585818136694596,0.2536090910434723,0.2536090910434723,2308300
2019-08-16,0.2585818136694596,0.2585818136694596,0.24863636841748496,0.2536090910434723,3740900
2019-08-19,0.253609094457193,0.2635545398430389,0.253609094457193,0.25858181715011597,2848000
2019-08-20,0.2585818136694596,0.2585818136694596,0.2536090910434723,0.2536090910434723,3245400
2019-08-21,0.2585818136694596,0.2585818136694596,0.2536090910434723,0.2536090910434723,2384600
2019-08-22,0.2536090910434723,0.2585818136694596,0.2536090910434723,0.2536090910434723,4215100
2019-08-23,0.26355454325675964,0.268527295653858,0.2585818204994269,0.26355454325675964,8447400
2019-08-26,0.25858181715011597,0.2635545398430389,0.253609094457193,0.25858181715011597,4186000
2019-08-27,0.2635545398430389,0.2635545398430389,0.25858181715011597,0.25858181715011597,754100
2019-08-28,0.2585818204994269,0.268527295653858,0.2585818204994269,0.26355454325675964,4822400
2019-08-29,0.2635545398430389,0.2635545398430389,0.253609094457193,0.25858181715011597,2929700
2019-08-30,0.25858181715011597,0.25858181715011597,0.253609094457193,0.25858181715011597,3025600
2019-09-03,0.2585818136694596,0.2585818136694596,0.2536090910434723,0.2536090910434723,4846000
2019-09-04,0.2536090910434723,0.2585818136694596,0.2536090910434723,0.2536090910434723,1116200
2019-09-05,0.25858181715011597,0.2635545398430389,0.253609094457193,0.25858181715011597,2357000
2019-09-06,0.25858181715011597,0.2635545398430389,0.25858181715011597,0.25858181715011597,851300
2019-09-10,0.26355454325675964,0.268527295653858,0.2585818204994269,0.26355454325675964,6991900
2019-09-11,0.2635545398430389,0.2635545398430389,0.25858181715011597,0.25858181715011597,861300
2019-09-12,0.2635545398430389,0.2635545398430389,0.25858181715011597,0.25858181715011597,2177800
2019-09-13,0.2635545398430389,0.2635545398430389,0.25858181715011597,0.25858181715011597,2003800
2019-09-17,0.2685272991657257,0.2735000219880929,0.26355454670359246,0.2685272991657257,9754100
2019-09-18,0.2685272991657257,0.2685272991657257,0.26355454670359246,0.2685272991657257,838400
2019-09-19,0.26852728364983325,0.2933908963250142,0.26852728364983325,0.288418173789978,28637900
2019-09-20,0.28344544768333435,0.2884181701557108,0.27847272521095784,0.28344544768333435,12390500
2019-09-23,0.27847271781026844,0.28344544015048984,0.273499995470047,0.273499995470047,5962200
2019-09-24,0.27349999916921175,0.28344544398416954,0.27349999916921175,0.2784727215766907,6519800
2019-09-25,0.2784727448104602,0.2784727448104602,0.2685272991657257,0.2685272991657257,4810800
2019-09-26,0.2735000219880929,0.2735000219880929,0.2685272991657257,0.2685272991657257,1433400
2019-09-27,0.2685272991657257,0.2735000219880929,0.26355454670359246,0.2685272991657257,2814300
2019-09-30,0.26355454325675964,0.268527295653858,0.26355454325675964,0.26355454325675964,1416000
2019-10-01,0.263554521149841,0.273499995470047,0.263554521149841,0.273499995470047,2845300
2019-10-02,0.2735000219880929,0.2735000219880929,0.26355454670359246,0.2685272991657257,2550900
2019-10-03,0.2685272991657257,0.2735000219880929,0.26355454670359246,0.2685272991657257,5357700
2019-10-04,0.2685272991657257,0.2685272991657257,0.26355454670359246,0.2685272991657257,2078400
2019-10-07,0.268527295653858,0.268527295653858,0.26355454325675964,0.26355454325675964,1680900
2019-10-08,0.26355454670359246,0.2685272991657257,0.26355454670359246,0.2685272991657257,2223200
2019-10-09,0.26355454325675964,0.268527295653858,0.26355454325675964,0.26355454325675964,1770400
2019-10-10,0.26355454325675964,0.268527295653858,0.26355454325675964,0.26355454325675964,542200
2019-10-11,0.2635545247144904,0.28344544398416954,0.2635545247144904,0.2784727215766907,16883800
2019-10-14,0.28344544015048984,0.2884181624907113,0.273499995470047,0.273499995470047,17983900
2019-10-15,0.273499995470047,0.28344544015048984,0.273499995470047,0.273499995470047,7748800
2019-10-16,0.27847271781026844,0.28344544015048984,0.26852727312982555,0.273499995470047,12259400
2019-10-17,0.2735000219880929,0.2784727448104602,0.2685272991657257,0.2685272991657257,4195700
2019-10-18,0.27349999916921175,0.28344544398416954,0.2685272767617328,0.2784727215766907,11522500
2019-10-21,0.27847271781026844,0.27847271781026844,0.273499995470047,0.273499995470047,1564100
2019-10-22,0.2784727215766907,0.28841816639164847,0.27349999916921175,0.2784727215766907,9600400
2019-10-23,0.27847272521095784,0.28344544768333435,0.2735000027385814,0.28344544768333435,3502500
2019-10-24,0.28344544398416954,0.28841816639164847,0.2784727215766907,0.2784727215766907,5909500
2019-10-25,0.28344544768333435,0.28344544768333435,0.27847272521095784,0.28344544768333435,3323300
2019-10-29,0.28344544768333435,0.2884181701557108,0.28344544768333435,0.28344544768333435,7349000
2019-10-30,0.28344544768333435,0.28344544768333435,0.27847272521095784,0.28344544768333435,1357700
2019-10-31,0.2784727215766907,0.28344544398416954,0.27349999916921175,0.2784727215766907,6454200
2019-11-01,0.27847271781026844,0.27847271781026844,0.273499995470047,0.273499995470047,1547500
2019-11-04,0.27847271781026844,0.27847271781026844,0.26852727312982555,0.273499995470047,6955800
2019-11-05,0.273499995470047,0.27847271781026844,0.26852727312982555,0.273499995470047,6018900
2019-11-06,0.273499995470047,0.273499995470047,0.26852727312982555,0.273499995470047,1968600
2019-11-07,0.27349999916921175,0.28344544398416954,0.2685272767617328,0.2784727215766907,7579100
2019-11-08,0.28344544768333435,0.28344544768333435,0.2735000027385814,0.28344544768333435,8592100
2019-11-11,0.27847271781026844,0.28344544015048984,0.273499995470047,0.273499995470047,5876000
2019-11-12,0.273499995470047,0.27847271781026844,0.273499995470047,0.273499995470047,2562700
2019-11-13,0.27847271781026844,0.27847271781026844,0.26852727312982555,0.273499995470047,4680200
2019-11-14,0.2735000219880929,0.2784727448104602,0.2685272991657257,0.2685272991657257,3582000
2019-11-15,0.2735000219880929,0.2735000219880929,0.2685272991657257,0.2685272991657257,731500
2019-11-18,0.273499995470047,0.273499995470047,0.26852727312982555,0.273499995470047,3892300
2019-11-19,0.2784727215766907,0.28344544398416954,0.27349999916921175,0.2784727215766907,10925600
2019-11-20,0.2834454512549418,0.288418173789978,0.27847272871990564,0.288418173789978,22575600
2019-11-21,0.2884181701557108,0.2884181701557108,0.28344544768333435,0.28344544768333435,8228700
2019-11-22,0.2884181701557108,0.2884181701557108,0.27847272521095784,0.28344544768333435,6928000
2019-11-25,0.2884181701557108,0.2884181701557108,0.27847272521095784,0.28344544768333435,6344400
2019-11-26,0.2784727215766907,0.28344544398416954,0.27349999916921175,0.2784727215766907,4972000
2019-11-27,0.273499995470047,0.27847271781026844,0.273499995470047,0.273499995470047,3979800
2019-11-28,0.2685272991657257,0.2735000219880929,0.2685272991657257,0.2685272991657257,2704400
2019-11-29,0.26852727312982555,0.27847271781026844,0.26852727312982555,0.273499995470047,5327700
2019-12-02,0.2685272991657257,0.2784727448104602,0.2685272991657257,0.2685272991657257,3632800
2019-12-03,0.2685272991657257,0.2735000219880929,0.2685272991657257,0.2685272991657257,1567000
2019-12-04,0.2685272991657257,0.2735000219880929,0.26355454670359246,0.2685272991657257,3173300
2019-12-05,0.2685272991657257,0.2735000219880929,0.2685272991657257,0.2685272991657257,3193100
2019-12-06,0.2685272991657257,0.2784727448104602,0.2685272991657257,0.2685272991657257,6384900
2019-12-09,0.273499995470047,0.273499995470047,0.26852727312982555,0.273499995470047,1415300
2019-12-10,0.2735000219880929,0.2735000219880929,0.26355454670359246,0.2685272991657257,4298900
2019-12-11,0.263554521149841,0.273499995470047,0.263554521149841,0.273499995470047,5635100
2019-12-12,0.2735000219880929,0.2735000219880929,0.2685272991657257,0.2685272991657257,2126700
2019-12-13,0.273499995470047,0.273499995470047,0.26852727312982555,0.273499995470047,1718100
2019-12-16,0.2735000219880929,0.2735000219880929,0.2685272991657257,0.2685272991657257,1906000
2019-12-17,0.2735000219880929,0.2735000219880929,0.26355454670359246,0.2685272991657257,2407600
2019-12-18,0.2685272991657257,0.2685272991657257,0.26355454670359246,0.2685272991657257,381900
2019-12-19,0.26852727312982555,0.273499995470047,0.26852727312982555,0.273499995470047,10801700
2019-12-20,0.2735000219880929,0.2784727448104602,0.2685272991657257,0.2685272991657257,2806400
2019-12-23,0.2735000219880929,0.2735000219880929,0.2685272991657257,0.2685272991657257,1401700
2019-12-24,0.273499995470047,0.273499995470047,0.26852727312982555,0.273499995470047,2281100
2019-12-26,0.2685272991657257,0.2735000219880929,0.2685272991657257,0.2685272991657257,6133600
2019-12-27,0.2735000219880929,0.2735000219880929,0.2685272991657257,0.2685272991657257,2566600
2019-12-30,0.2685272991657257,0.2735000219880929,0.2685272991657257,0.2685272991657257,3535200
2019-12-31,0.268527295653858,0.268527295653858,0.26355454325675964,0.26355454325675964,2351500
2020-01-02,0.2635545281540645,0.28344544768333435,0.2635545281540645,0.28344544768333435,13732200
2020-01-03,0.28344544768333435,0.2884181701557108,0.27847272521095784,0.28344544768333435,14212900
2020-01-06,0.2834454512549418,0.2933908963250142,0.2834454512549418,0.288418173789978,28952000
2020-01-07,0.28841816639164847,0.28841816639164847,0.2784727215766907,0.2784727215766907,7667000
2020-01-08,0.28344544015048984,0.28344544015048984,0.26852727312982555,0.273499995470047,6928200
2020-01-09,0.2784727215766907,0.2784727215766907,0.27349999916921175,0.2784727215766907,1276500
2020-01-10,0.27847271781026844,0.27847271781026844,0.273499995470047,0.273499995470047,1009100
2020-01-13,0.27847271781026844,0.27847271781026844,0.273499995470047,0.273499995470047,1743100
2020-01-14,0.273499995470047,0.27847271781026844,0.26852727312982555,0.273499995470047,4007800
2020-01-15,0.27847271781026844,0.27847271781026844,0.273499995470047,0.273499995470047,2853700
2020-01-16,0.273499995470047,0.273499995470047,0.26852727312982555,0.273499995470047,1014600
2020-01-17,0.27349999916921175,0.28344544398416954,0.2685272767617328,0.2784727215766907,9821100
2020-01-20,0.2784727448104602,0.2784727448104602,0.2685272991657257,0.2685272991657257,2294300
2020-01-21,0.273499995470047,0.273499995470047,0.26852727312982555,0.273499995470047,4396900
2020-01-22,0.2735000219880929,0.2735000219880929,0.2685272991657257,0.2685272991657257,1316300
2020-01-23,0.2685272991657257,0.2735000219880929,0.2685272991657257,0.2685272991657257,1361400
2020-01-24,0.2685272991657257,0.2735000219880929,0.2685272991657257,0.2685272991657257,1403800
2020-01-28,0.2685272991657257,0.2685272991657257,0.26355454670359246,0.2685272991657257,6833900
2020-01-29,0.26852729217572713,0.26852729217572713,0.25858181715011597,0.25858181715011597,6108500
2020-01-30,0.2635545398430389,0.2635545398430389,0.253609094457193,0.25858181715011597,3283800
2020-01-31,0.25858180226927463,0.25858180226927463,0.23869089782238007,0.23869089782238007,12929000
2020-02-03,0.23869090926197545,0.23869090926197545,0.2287454639718197,0.23371818661689758,6588700
2020-02-04,0.23869089782238007,0.24366363504901503,0.23371817541562687,0.23869089782238007,4535400
2020-02-05,0.2386909015263831,0.24366363883018494,0.2386909015263831,0.24366363883018494,2549900
2020-02-06,0.23869090500419787,0.2486363649368286,0.23869090500419787,0.2486363649368286,6367300
2020-02-07,0.2486363649368286,0.2486363649368286,0.24366364238045435,0.2486363649368286,1815400
2020-02-10,0.24366363504901503,0.24366363504901503,0.23869089782238007,0.23869089782238007,2503600
2020-02-11,0.24366364238045435,0.2486363649368286,0.23869090500419787,0.2486363649368286,9475300
2020-02-12,0.2486363613141048,0.2486363613141048,0.2386909015263831,0.24366363883018494,2388100
2020-02-13,0.24366363883018494,0.24366363883018494,0.2386909015263831,0.24366363883018494,1758600
2020-02-14,0.24366363883018494,0.2486363613141048,0.24366363883018494,0.24366363883018494,1827500
2020-02-17,0.24366363883018494,0.2486363613141048,0.24366363883018494,0.24366363883018494,679800
2020-02-18,0.24366363883018494,0.2486363613141048,0.24366363883018494,0.24366363883018494,3931600
2020-02-19,0.24366364238045435,0.2536090874932029,0.24366364238045435,0.2486363649368286,2079600
2020-02-20,0.2486363649368286,0.2486363649368286,0.24366364238045435,0.2486363649368286,437700
2020-02-21,0.24366363883018494,0.2486363613141048,0.2386909015263831,0.24366363883018494,3735900
2020-02-24,0.23869090926197545,0.23869090926197545,0.23371818661689758,0.23371818661689758,3826100
2020-02-25,0.23371818661689758,0.23869090926197545,0.23371818661689758,0.23371818661689758,3228200
2020-02-26,0.2287454568117555,0.2287454568117555,0.21382727452360012,0.22377271950244904,6558500
2020-02-27,0.22377271580302038,0.22377271580302038,0.21879999339580536,0.21879999339580536,3003600
2020-02-28,0.21382728219032288,0.21382728219032288,0.203881822035,0.21382728219032288,7112900
2020-03-02,0.21382728219032288,0.21382728219032288,0.203881822035,0.21382728219032288,3929200
2020-03-03,0.21879999339580536,0.22874545303011715,0.21382727098859036,0.21879999339580536,3053300
2020-03-04,0.21382728219032288,0.21880000485804305,0.21382728219032288,0.21382728219032288,1909000
2020-03-05,0.21880000485804305,0.21880000485804305,0.20885454470272016,0.21382728219032288,2905200
2020-03-06,0.21382727098859036,0.22874545303011715,0.21382727098859036,0.21879999339580536,9514500
2020-03-09,0.20885454715923818,0.21382728470532952,0.17404545843601227,0.17404545843601227,9839600
2020-03-10,0.1690727323293686,0.17404545495615276,0.15912727225591783,0.1690727323293686,8672700
2020-03-11,0.17404545843601227,0.1790181959821036,0.16907273570980363,0.17404545843601227,5716700
2020-03-12,0.1690727371335729,0.1690727371335729,0.15415455400943756,0.15415455400943756,4581100
2020-03-13,0.15415455400943756,0.15415455400943756,0.15415455400943756,0.15415455400943756,0
2020-03-16,0.12929090114664452,0.12929090114664452,0.10442726688074679,0.10939999669790268,10536800
2020-03-17,0.0994545444981619,0.0994545444981619,0.08453636245294058,0.08950909227132797,80110300
2020-03-18,0.08950909224084819,0.08950909224084819,0.06961818038401274,0.07956363260746002,57370400
2020-03-19,0.07956363260746002,0.07956363260746002,0.06961818038401274,0.07956363260746002,12375600
2020-03-20,0.07956363262371591,0.10442726689238452,0.07956363262371591,0.09945454448461533,23325300
2020-03-23,0.08950909227132797,0.0944818146797745,0.08453636245294058,0.08950909227132797,9277500
2020-03-24,0.09448181466690525,0.10442726689238452,0.09448181466690525,0.09945454448461533,10429200
2020-03-25,0.104427270591259,0.11437273057895311,0.0994545480073531,0.104427270591259,24704400
2020-03-26,0.10939999669790268,0.11437272651505857,0.09945454447353178,0.10939999669790268,14141000
2020-03-27,0.11437273057895311,0.11934545316285902,0.104427270591259,0.104427270591259,17864500
2020-03-30,0.10442726688074679,0.10939999669790268,0.10442726688074679,0.10939999669790268,5481000
2020-03-31,0.10939999669790268,0.11437272651505857,0.10442726688074679,0.10939999669790268,8309200
2020-04-01,0.1094000002753593,0.11934545282495347,0.10442727029559165,0.11437273025512695,18848700
2020-04-02,0.11437273606356933,0.13426364958286285,0.10940000583126058,0.13426364958286285,34733500
2020-04-03,0.13923636878078652,0.14420909147370947,0.12431818588213502,0.12929090857505798,35299700
2020-04-06,0.1292909119406126,0.1392363724052301,0.12431818911824534,0.13426364958286285,36163200
2020-04-07,0.13923636078834534,0.14420908319582423,0.1342636383808664,0.13923636078834534,31053100
2020-04-08,0.13426364608786356,0.13923636878078652,0.12929090857505798,0.12929090857505798,12365500
2020-04-09,0.13426364958286285,0.1392363724052301,0.1292909119406126,0.13426364958286285,18587000
2020-04-10,0.12929090857505798,0.13426364608786356,0.12431818588213502,0.12929090857505798,15500900
2020-04-13,0.12929090502478857,0.13426364240104505,0.1243181824684143,0.1243181824684143,6984300
2020-04-14,0.12929090857505798,0.13426364608786356,0.12431818588213502,0.12929090857505798,24161800
2020-04-15,0.12929090857505798,0.13426364608786356,0.12929090857505798,0.12929090857505798,8361900
2020-04-16,0.12929091052925104,0.15912727677752173,0.12929091052925104,0.15415455400943756,114960800
2020-04-17,0.164100002441555,0.1690727248483082,0.15912726521492004,0.15912726521492004,92313500
2020-04-20,0.16410000970258443,0.18399091502960355,0.15912727225591783,0.1690727323293686,91456500
2020-04-21,0.1690727248483082,0.1690727248483082,0.15415454280816684,0.15912726521492004,39509400
2020-04-22,0.15415454280816684,0.164100002441555,0.14918182040141365,0.15912726521492004,34609500
2020-04-23,0.16410001436548874,0.1690727371335729,0.15415455400943756,0.15415455400943756,19660600
2020-04-24,0.15912727677752173,0.16410001436548874,0.15415455400943756,0.15415455400943756,26755000
2020-04-27,0.15912727677752173,0.15912727677752173,0.1491818312413534,0.15415455400943756,15731200
2020-04-28,0.15415454678494356,0.15912726931997975,0.144209086894989,0.144209086894989,24179400
2020-04-29,0.1491818312413534,0.15912727677752173,0.1491818312413534,0.15415455400943756,19759800
2020-04-30,0.15912726521492004,0.164100002441555,0.15415454280816684,0.15912726521492004,24502500
2020-05-04,0.15912726521492004,0.15912726521492004,0.15415454280816684,0.15912726521492004,5575400
2020-05-05,0.15912727225591783,0.17404545495615276,0.15912727225591783,0.1690727323293686,41708500
2020-05-06,0.1740454512653929,0.1740454512653929,0.1591272688815088,0.16410000622272491,14945200
2020-05-08,0.16410000970258443,0.1690727323293686,0.15912727225591783,0.1690727323293686,16168300
2020-05-12,0.1690727323293686,0.17404545495615276,0.15912727225591783,0.1690727323293686,42145700
2020-05-13,0.16907272490588116,0.188963629359549,0.16410000249743462,0.17901818454265594,91509400
2020-05-14,0.17901818814090192,0.19393635566609502,0.17404545081262215,0.18399091064929962,46470600
2020-05-15,0.18896363315769732,0.19393635566609502,0.17901818814090192,0.18399091064929962,40585600
2020-05-18,0.188963640169664,0.2038818230683155,0.18399091747674104,0.19393636286258698,81365800
2020-05-19,0.20388181938509053,0.20388181938509053,0.1889636367559433,0.1889636367559433,37827700
2020-05-20,0.18896363315769732,0.18896363315769732,0.18399091064929962,0.18399091064929962,11701100
2020-05-21,0.1889636367559433,0.1939363593590316,0.183990914152855,0.1889636367559433,12475100
2020-05-22,0.18896363315769732,0.19393635566609502,0.18399091064929962,0.18399091064929962,14690000
2020-05-27,0.1889636293338105,0.21382727101242,0.1889636293338105,0.19890908896923065,67249100
2020-05-28,0.20388181938509053,0.20388181938509053,0.1889636367559433,0.1889636367559433,29177500
2020-05-29,0.19393636286258698,0.2038818230683155,0.18399091747674104,0.19393636286258698,24088900
2020-06-02,0.19393636286258698,0.19393636286258698,0.19393636286258698,0.19393636286258698,0
2020-06-03,0.19890909678200225,0.20388181938509053,0.1889636367559433,0.1889636367559433,27984200
2020-06-04,0.1939363593590316,0.1939363593590316,0.183990914152855,0.1889636367559433,15398900
2020-06-05,0.1889636367559433,0.1939363593590316,0.183990914152855,0.1889636367559433,24527600
2020-06-09,0.1889636367559433,0.20388181938509053,0.183990914152855,0.1889636367559433,40312100
2020-06-10,0.1939363593590316,0.19890909678200225,0.1889636367559433,0.1889636367559433,18493700
2020-06-11,0.19393635566609502,0.19393635566609502,0.18399091064929962,0.18399091064929962,22894500
2020-06-12,0.17901818814090192,0.18399091064929962,0.17404545081262215,0.18399091064929962,24312500
2020-06-15,0.18399091112794297,0.18399091112794297,0.1591272688815088,0.16410000622272491,23902000
2020-06-16,0.16907272490588116,0.18399090695110248,0.16907272490588116,0.17901818454265594,16652500
2020-06-17,0.18399091064929962,0.18399091064929962,0.16907272830422446,0.18399091064929962,15848100
2020-06-18,0.1790181959821036,0.1790181959821036,0.16907273570980363,0.17404545843601227,11488600
2020-06-19,0.17404544731432767,0.18399090695110248,0.17404544731432767,0.17901818454265594,5816100
2020-06-22,0.17901818454265594,0.18399090695110248,0.17901818454265594,0.17901818454265594,7645600
2020-06-23,0.17901819154976673,0.1889636367559433,0.17901819154976673,0.1889636367559433,19091900
2020-06-24,0.188963629359549,0.1939363517679955,0.17901818454265594,0.17901818454265594,24039800
2020-06-25,0.17901818454265594,0.18399090695110248,0.17901818454265594,0.17901818454265594,8918300
2020-06-26,0.18399091870831225,0.18399091870831225,0.17404545843601227,0.17404545843601227,7490700
2020-06-29,0.17901818454265594,0.17901818454265594,0.17404544731432767,0.17901818454265594,5709800
2020-06-30,0.17901818454265594,0.18399090695110248,0.17404544731432767,0.17901818454265594,7053200
2020-07-01,0.17901818814090192,0.18399091064929962,0.17404545081262215,0.18399091064929962,6257000
2020-07-02,0.17901818454265594,0.18399090695110248,0.17901818454265594,0.17901818454265594,3738100
2020-07-03,0.18399090695110248,0.18399090695110248,0.17901818454265594,0.17901818454265594,5647200
2020-07-06,0.18399091064929962,0.18896363315769732,0.17901818814090192,0.18399091064929962,22373600
2020-07-07,0.18896363315769732,0.18896363315769732,0.17901818814090192,0.18399091064929962,5263500
2020-07-08,0.1790181877660645,0.20885453757385988,0.1790181877660645,0.20388181507587433,80529400
2020-07-09,0.20885454470272016,0.21382728219032288,0.19890909936727982,0.21382728219032288,93978300
2020-07-10,0.21382727740244434,0.2685272848020901,0.21382727740244434,0.2486363649368286,476876900
2020-07-13,0.25360907986252146,0.26355452467602786,0.22874545300887367,0.23869089782238007,137337400
2020-07-14,0.23869090564990694,0.24863636560944224,0.2287454605102539,0.2287454605102539,77640200
2020-07-15,0.23371817541562687,0.24366363504901503,0.22874545300887367,0.23869089782238007,74519300
2020-07-16,0.23869090564990694,0.25360908817926875,0.2287454605102539,0.2287454605102539,65924400
2020-07-17,0.22874545655854336,0.2486363613141048,0.22377271925474151,0.24366363883018494,57070300
2020-07-20,0.2436636467269358,0.2486363693720137,0.2287454639718197,0.23371818661689758,42042100
2020-07-21,0.23869089782238007,0.24366363504901503,0.23371817541562687,0.23869089782238007,62713900
2020-07-22,0.23869090564990694,0.23869090564990694,0.2287454605102539,0.2287454605102539,43069000
2020-07-23,0.2337181830800804,0.23869090564990694,0.2287454605102539,0.2287454605102539,30651000
2020-07-24,0.22874546617269556,0.27350001486865005,0.22377272865988998,0.25858181715011597,304865500
2020-07-27,0.25858179880961957,0.2884181624907113,0.25858179880961957,0.273499995470047,192214900
2020-07-28,0.2784727448104602,0.28344546763282746,0.26355454670359246,0.2685272991657257,60496900
2020-07-29,0.26852729217572713,0.26852729217572713,0.253609094457193,0.25858181715011597,51389900
2020-07-30,0.25858181004957714,0.25858181004957714,0.24366364238045435,0.2486363649368286,46261900
2020-08-03,0.2486363649368286,0.2635545326059514,0.2486363649368286,0.2486363649368286,53187800
2020-08-04,0.2536090874932029,0.25858181004957714,0.24366364238045435,0.2486363649368286,38522600
2020-08-05,0.25360909774209417,0.2834454639258562,0.24863637498476146,0.26355454325675964,112908100
2020-08-06,0.2735000219880929,0.2735000219880929,0.26355454670359246,0.2685272991657257,42995000
2020-08-07,0.2735000184111907,0.29339090944052165,0.26355454325675964,0.26355454325675964,111946500
2020-08-10,0.268527295653858,0.2735000184111907,0.26355454325675964,0.26355454325675964,29145300
2020-08-11,0.268527295653858,0.2735000184111907,0.2585818204994269,0.26355454325675964,53645000
2020-08-12,0.25858181004957714,0.25858181004957714,0.22377272251519287,0.2486363649368286,48244100
2020-08-13,0.24863635745576823,0.25360907986252146,0.23869089782238007,0.23869089782238007,16787200
2020-08-14,0.23869090179060445,0.24366363909991093,0.22377271950244904,0.22377271950244904,22000200
2020-08-17,0.2287454605102539,0.23869090564990694,0.2237727231205451,0.2287454605102539,19234000
2020-08-18,0.23371818661689758,0.23869090926197545,0.2287454639718197,0.23371818661689758,11279100
2020-08-19,0.23869089782238007,0.24366363504901503,0.22874545300887367,0.23869089782238007,24000000
2020-08-21,0.24366364238045435,0.2536090874932029,0.2337181824478236,0.2486363649368286,25233400
2020-08-24,0.253609094457193,0.26852729217572713,0.24863637176427003,0.25858181715011597,56274900
2020-08-25,0.25360907986252146,0.25858180226927463,0.23869089782238007,0.23869089782238007,19597300
2020-08-26,0.24366363504901503,0.24366363504901503,0.23371817541562687,0.23869089782238007,11473500
2020-08-27,0.23371817541562687,0.24366363504901503,0.22874545300887367,0.23869089782238007,18271300
2020-08-28,0.23869090926197545,0.2436636467269358,0.23371818661689758,0.23371818661689758,18393800
2020-09-01,0.23371818661689758,0.23869090926197545,0.2287454639718197,0.23371818661689758,6024100
2020-09-02,0.22874545300887367,0.24366363504901503,0.22874545300887367,0.23869089782238007,15524000
2020-09-03,0.23869090564990694,0.23869090564990694,0.2287454605102539,0.2287454605102539,14233600
2020-09-04,0.2237727231205451,0.2337181830800804,0.2237727231205451,0.2287454605102539,8604800
2020-09-07,0.2337181876810861,0.2337181876810861,0.20885454470272016,0.21382728219032288,27401700
2020-09-08,0.21382727101242,0.2187999934201892,0.1939363517415797,0.19890908896923065,21685200
2020-09-09,0.1939363517415797,0.20388181137699984,0.1839909069260413,0.19890908896923065,15103300
2020-09-10,0.20885454198817882,0.20885454198817882,0.1889636367559433,0.1889636367559433,33533000
2020-09-11,0.1889636367559433,0.19890909678200225,0.183990914152855,0.1889636367559433,14415700
2020-09-14,0.19890908896923065,0.20388181137699984,0.1939363517415797,0.19890908896923065,17203900
2020-09-15,0.19890908896923065,0.20388181137699984,0.1939363517415797,0.19890908896923065,26618800
2020-09-17,0.20388181137699984,0.20388181137699984,0.1939363517415797,0.19890908896923065,14795700
2020-09-18,0.19890910037539256,0.19890910037539256,0.19393636286258698,0.19393636286258698,13762200
2020-09-21,0.1939363593590316,0.19890909678200225,0.1889636367559433,0.1889636367559433,12809000
2020-09-22,0.1889636367559433,0.1939363593590316,0.183990914152855,0.1889636367559433,7860700
2020-09-23,0.18896363315769732,0.18896363315769732,0.17901818814090192,0.18399091064929962,12360200
2020-09-24,0.18399090695110248,0.18399090695110248,0.17901818454265594,0.17901818454265594,2817700
2020-09-25,0.17901818454265594,0.18399090695110248,0.17404544731432767,0.17901818454265594,4448300
2020-09-28,0.17901818454265594,0.18399090695110248,0.17901818454265594,0.17901818454265594,6400000
2020-09-29,0.1790181959821036,0.18399091870831225,0.17404545843601227,0.17404545843601227,3276800
2020-09-30,0.1790181959821036,0.1790181959821036,0.17404545843601227,0.17404545843601227,6116000
2020-10-01,0.188963640169664,0.2038818230683155,0.188963640169664,0.19393636286258698,47451900
2020-10-02,0.1939363517679955,0.1939363517679955,0.17901818454265594,0.17901818454265594,9577200
2020-10-05,0.18399091870831225,0.18399091870831225,0.17404545843601227,0.17404545843601227,9172400
2020-10-06,0.1790181959821036,0.18399091870831225,0.17404545843601227,0.17404545843601227,7645500
2020-10-07,0.17404544731432767,0.17901818454265594,0.17404544731432767,0.17901818454265594,5277400
2020-10-08,0.17901818814090192,0.18399091064929962,0.17404545081262215,0.18399091064929962,4568000
2020-10-09,0.183990914152855,0.20388181938509053,0.17901819154976673,0.1889636367559433,32496200
2020-10-12,0.1889636367559433,0.1939363593590316,0.183990914152855,0.1889636367559433,8211800
2020-10-13,0.1889636367559433,0.1889636367559433,0.17901819154976673,0.1889636367559433,8623100
2020-10-14,0.1889636367559433,0.1889636367559433,0.17901819154976673,0.1889636367559433,6207800
2020-10-15,0.18896363315769732,0.19393635566609502,0.18399091064929962,0.18399091064929962,9556000
2020-10-16,0.18399091747674104,0.19393636286258698,0.18399091747674104,0.19393636286258698,8537700
2020-10-19,0.1939363593590316,0.1939363593590316,0.1889636367559433,0.1889636367559433,4800100
2020-10-20,0.1939363609966271,0.2486363693720137,0.18896363835154922,0.23371818661689758,208448400
2020-10-21,0.2187999934201892,0.22377271582795838,0.1939363517415797,0.19890908896923065,118985700
2020-10-22,0.1989090960147062,0.208854541182518,0.1989090960147062,0.208854541182518,28165900
2020-10-23,0.20885454198817882,0.20885454198817882,0.1889636367559433,0.1889636367559433,32325100
2020-10-26,0.19393635566609502,0.19393635566609502,0.17901818814090192,0.18399091064929962,19084700
2020-10-27,0.183990914152855,0.1939363593590316,0.183990914152855,0.1889636367559433,13214200
2020-10-28,0.188963629359549,0.188963629359549,0.17901818454265594,0.17901818454265594,8149300
2020-10-30,0.18399091870831225,0.18399091870831225,0.17404545843601227,0.17404545843601227,22276200
2020-11-02,0.17404545843601227,0.1790181959821036,0.16907273570980363,0.17404545843601227,26638300
2020-11-03,0.17901818814090192,0.18399091064929962,0.17404545081262215,0.18399091064929962,16555600
2020-11-04,0.183990914152855,0.19890909678200225,0.183990914152855,0.1889636367559433,34296500
2020-11-05,0.188963640169664,0.19890910037539256,0.18399091747674104,0.19393636286258698,19198500
2020-11-06,0.19393635861091799,0.2138272785863062,0.19393635861091799,0.208854541182518,52906100
2020-11-09,0.20885453757385988,0.21382727489172748,0.19890909257788877,0.20388181507587433,13986200
2020-11-10,0.20885453757385988,0.20885453757385988,0.19890909257788877,0.20388181507587433,16419900
2020-11-11,0.20885453757385988,0.21382727489172748,0.19890909257788877,0.20388181507587433,21838600
2020-11-12,0.2038818185986121,0.2138272785863062,0.1989090960147062,0.208854541182518,18550200
2020-11-13,0.21382727798089207,0.23869090564990694,0.2088545405911833,0.2287454605102539,104730100
2020-11-16,0.23371817930118,0.23371817930118,0.22377271950244904,0.22377271950244904,34070600
2020-11-17,0.22874545303011715,0.22874545303011715,0.21382727098859036,0.21879999339580536,30907900
2020-11-18,0.22377271580302038,0.22377271580302038,0.21382727098859036,0.21879999339580536,23526500
2020-11-19,0.21880000386178144,0.2486363693720137,0.21880000386178144,0.23371818661689758,122013000
2020-11-20,0.23869090926197545,0.23869090926197545,0.2287454639718197,0.23371818661689758,23569000
2020-11-23,0.23371817543733217,0.23371817543733217,0.21879999339580536,0.21879999339580536,47867800
2020-11-24,0.22377272375411802,0.22874546115790623,0.2038818185986121,0.208854541182518,59666300
2020-11-25,0.21382728219032288,0.22377272752576322,0.21382728219032288,0.21382728219032288,23362600
2020-11-26,0.21879999339580536,0.22874545303011715,0.21382727098859036,0.21879999339580536,36068500
2020-11-27,0.21879999339580536,0.22874545303011715,0.21382727098859036,0.21879999339580536,30407300
2020-11-30,0.21880000485804305,0.22377272752576322,0.21382728219032288,0.21382728219032288,24127800
2020-12-01,0.21382727098859036,0.21879999339580536,0.21382727098859036,0.21879999339580536,10598800
2020-12-02,0.21879999339580536,0.22377271580302038,0.21382727098859036,0.21879999339580536,11115900
2020-12-03,0.21879999339580536,0.22377271580302038,0.21879999339580536,0.21879999339580536,19978800
2020-12-04,0.21879999339580536,0.22874545303011715,0.21879999339580536,0.21879999339580536,34472100
2020-12-07,0.2188000005507186,0.2337181830800804,0.2188000005507186,0.2287454605102539,40404900
2020-12-08,0.2287454605102539,0.2337181830800804,0.2237727231205451,0.2287454605102539,31094700
2020-12-09,0.2287454605102539,0.2337181830800804,0.2237727231205451,0.2287454605102539,35247300
2020-12-10,0.2287454605102539,0.2287454605102539,0.2188000005507186,0.2287454605102539,25209200
2020-12-11,0.2287454568117555,0.23371817930118,0.22377271950244904,0.22377271950244904,32124700
2020-12-14,0.22874545303011715,0.22874545303011715,0.21382727098859036,0.21879999339580536,24632500
2020-12-15,0.21879999701302458,0.22377271950244904,0.21382727452360012,0.22377271950244904,13405600
2020-12-16,0.2237727157822387,0.23869089782238007,0.2187999933754855,0.23869089782238007,64152900
2020-12-17,0.23869090179060445,0.23869090179060445,0.22377271950244904,0.22377271950244904,44400700
2020-12-18,0.22874545303011715,0.22874545303011715,0.21879999339580536,0.21879999339580536,26231700
2020-12-21,0.22377271580302038,0.22377271580302038,0.21879999339580536,0.21879999339580536,17461100
2020-12-22,0.21879999339580536,0.21879999339580536,0.20885453376149357,0.21879999339580536,15629300
2020-12-23,0.21382728219032288,0.21880000485804305,0.21382728219032288,0.21382728219032288,4785500
2020-12-24,0.21880000485804305,0.22377272752576322,0.21382728219032288,0.21382728219032288,8397000
2020-12-28,0.21879999339580536,0.22377271580302038,0.21382727098859036,0.21879999339580536,10254000
2020-12-29,0.21879999701302458,0.2287454568117555,0.21382727452360012,0.22377271950244904,28015000
2020-12-30,0.22377271950244904,0.2287454568117555,0.21879999701302458,0.22377271950244904,17731100
2020-12-31,0.22377271950244904,0.2287454568117555,0.21879999701302458,0.22377271950244904,6397100
2021-01-04,0.22377271580302038,0.22377271580302038,0.21382727098859036,0.21879999339580536,10046800
2021-01-05,0.21382728219032288,0.21880000485804305,0.21382728219032288,0.21382728219032288,12045600
2021-01-06,0.21880000117021212,0.21880000117021212,0.208854541182518,0.208854541182518,17207500
2021-01-07,0.208854541182518,0.21880000117021212,0.208854541182518,0.208854541182518,20333000
2021-01-08,0.21382728327404404,0.21382728327404404,0.188963640169664,0.19393636286258698,31892500
2021-01-11,0.1939363517415797,0.20388181137699984,0.1889636293338105,0.19890908896923065,9260000
2021-01-12,0.1989090960147062,0.2138272785863062,0.19393635861091799,0.208854541182518,27179400
2021-01-13,0.20885454470272016,0.21382728219032288,0.20885454470272016,0.21382728219032288,7093000
2021-01-14,0.21880000485804305,0.21880000485804305,0.20885454470272016,0.21382728219032288,6136100
2021-01-15,0.21382727489172748,0.21382727489172748,0.20388181507587433,0.20388181507587433,12178000
2021-01-18,0.20885453376149357,0.23371817543733217,0.20885453376149357,0.21879999339580536,144939500
2021-01-19,0.22377272752576322,0.22874546501336593,0.21382728219032288,0.21382728219032288,44719100
2021-01-20,0.21879999701302458,0.22377271950244904,0.21382727452360012,0.22377271950244904,17764200
2021-01-21,0.22874546309365323,0.2735000111871864,0.2237727256477835,0.2536090910434723,485259500
2021-01-22,0.24366364907134708,0.2635545398430389,0.2386909115585415,0.25858181715011597,185375500
2021-01-25,0.26852729022502897,0.3083091011191857,0.26852729022502897,0.29836365580558777,400568800
2021-01-26,0.29836364084636985,0.31328180806880657,0.27349999916921175,0.2784727215766907,307108800
2021-01-27,0.27847272521095784,0.29339089262808726,0.2735000027385814,0.28344544768333435,99749100
2021-01-29,0.2834454639258562,0.2884181866831889,0.26355454325675964,0.26355454325675964,103904500
2021-02-02,0.268527295653858,0.27847274116852344,0.26355454325675964,0.26355454325675964,89198000
2021-02-03,0.273499995470047,0.2884181624907113,0.26852727312982555,0.273499995470047,76073000
2021-02-04,0.28344544398416954,0.2933908887991274,0.2685272767617328,0.2784727215766907,131625800
2021-02-05,0.2784727215766907,0.2784727215766907,0.2635545247144904,0.2784727215766907,121677300
2021-02-08,0.28841817224494365,0.37295454380699694,0.28841817224494365,0.36798182129859924,668198000
2021-02-09,0.377927258719098,0.4127363452179872,0.3580363690853119,0.3580363690853119,724099800
2021-02-10,0.3580363848056387,0.3679818300592071,0.3381454646587372,0.3381454646587372,237410700
2021-02-11,0.33814546744238744,0.4425727323838063,0.3331727447746673,0.42765456438064575,385749800
2021-02-15,0.45251819329284065,0.5470000099619264,0.4276545510873414,0.5320818424224854,1011670400
2021-02-16,0.5320818755090841,0.5768363809103895,0.49727275647298136,0.5370545983314514,598878200
2021-02-17,0.5569454356205369,0.5718636026412012,0.5320818239194297,0.546999990940094,383271100
2021-02-18,0.5470000248605561,0.7657999992370605,0.5370545795633782,0.7657999992370605,1112182300
2021-02-19,0.765800003645762,0.8354181804063284,0.671318213499111,0.6862363815307617,582552500
2021-02-22,0.7210454820286145,0.7906636570973831,0.6961818099672143,0.7459090948104858,321439000
2021-02-23,0.7558545251385513,0.7707726925158714,0.7160727454656977,0.7260181903839111,128438600
2021-02-24,0.7260182148648459,0.7508818279987667,0.6514272569040238,0.6762909293174744,196183600
2021-02-25,0.6961818144955003,0.7260182093073443,0.6564000337857472,0.7110999822616577,208911800
2021-02-26,0.6812636220319711,0.7608272398466425,0.6762908996235246,0.7160727381706238,322028400
2021-03-01,0.7210454605790704,0.7508817950297495,0.7110999564826502,0.7160727381706238,151592000
2021-03-02,0.7260182361201886,0.7260182361201886,0.6564000580274971,0.6613727807998657,106883500
2021-03-03,0.661372744394776,0.6812636343893614,0.5619181758627925,0.6116454601287842,273402000
2021-03-04,0.6265636160461738,0.681263621799986,0.6116454488259142,0.6365090608596802,175253200
2021-03-05,0.6265636419430749,0.6564000368963082,0.6265636419430749,0.6315363645553589,66748300
2021-03-08,0.6514272283017649,0.7608272398466425,0.6315363386679789,0.7160727381706238,493811500
2021-03-09,0.7110999637270633,0.7359636353021245,0.6961817963497432,0.7260181903839111,125058500
2021-03-10,0.735963633774006,0.949790876910197,0.735963633774006,0.8851454257965088,1289742400
2021-03-11,0.8950909172180668,0.9199545900338374,0.8503364128528349,0.8652545809745789,226775100
2021-03-12,0.8801727029566695,1.0243817724663191,0.8602818131703805,0.9647091031074524,825900400
2021-03-15,0.9846000268709407,1.0243818078163334,0.9547636318823667,0.9696818590164185,240251900
2021-03-16,0.9895727494891148,1.0442726982890296,0.9000636238029222,0.9696818590164185,364542300
2021-03-17,0.9895727494891148,1.004490917343637,0.9547636318823667,0.9696818590164185,68485300
2021-03-18,0.9796272626028133,0.9895727074163198,0.9497908688827671,0.9547635912895203,123362800
2021-03-19,0.9448181652776205,0.9696818370856934,0.914981830243367,0.9398454427719116,142853600
2021-03-22,0.9448181671057636,0.954763612136425,0.8553091025502821,0.8602818250656128,198608000
2021-03-23,0.8702272842992069,0.9100091243506584,0.8453636713167556,0.8801727294921875,132711300
2021-03-24,0.8751999870832866,0.9746545553207397,0.865254542115447,0.9746545553207397,355113200
2021-03-25,0.9895727074163198,0.9945454298230729,0.9448181464760139,0.9547635912895203,249417800
2021-03-26,0.9597363327947473,0.9796272820971113,0.9348727202662026,0.9398454427719116,153116900
2021-03-29,0.9398454599296,0.9448181825260903,0.8752000068956972,0.8801727294921875,150583200
2021-03-30,0.8801727432225116,0.9398454745907936,0.8752000205484489,0.9000636339187622,165449000
2021-03-31,0.9050363898277283,0.9199545574206095,0.8751999953624371,0.9050363898277283,99226900
2021-04-01,0.9497908729124427,0.9696818219033738,0.914981815917486,0.9199545383453369,229180900
2021-04-02,0.919954583894543,0.919954583894543,0.8950909112446995,0.9000636339187622,63007700
2021-04-05,0.9000636327707731,0.9000636327707731,0.8354181788108807,0.8553091287612915,136356000
2021-04-06,0.8503363972239277,0.8652545650714807,0.7757454394271043,0.8006091117858887,193291000
2021-04-07,0.8006091201368395,0.8752000194321722,0.7807182294659588,0.8553091287612915,191437500
2021-04-08,0.8503363770689244,0.865254544562881,0.8105545378055118,0.8155272603034973,64933100
2021-04-09,0.8254727052994684,0.8503363770689244,0.8055818153075262,0.8155272603034973,82889500
2021-04-12,0.8205000093165414,0.830445454633907,0.8006091186818105,0.810554563999176,67008400
2021-04-13,0.8155272603034973,0.830445427797454,0.7856909253155839,0.8155272603034973,101004900
2021-04-14,0.8205000162124634,0.8453636889943748,0.810554570811511,0.8205000162124634,133425400
2021-04-15,0.8155272455079994,0.8254726903235378,0.7956363558769226,0.7956363558769226,48472900
2021-04-16,0.8006090856367757,0.8204999754505127,0.7906636407299071,0.80558180809021,99262700
2021-04-19,0.8155272455079994,0.8304454127313069,0.7906636334691535,0.7956363558769226,80221800
2021-04-20,0.8006090782846919,0.8105545231002301,0.7807181886536151,0.7956363558769226,44520900
2021-04-21,0.7956364087446646,0.8006091314828567,0.7757454585123644,0.78569096326828,78865100
2021-04-22,0.7856909551256296,0.7956364004989427,0.7160727782329075,0.7309909462928772,151754700
2021-04-23,0.7309909530410398,0.7658000121689764,0.6862363891684475,0.7409363985061646,150952600
2021-04-26,0.7409363502128564,0.7508817950297495,0.7160727381706238,0.7160727381706238,41361900
2021-04-27,0.7160727569443576,0.7210454794831771,0.6961818075095508,0.7011545300483704,66958600
2021-04-28,0.7011545039986219,0.7359636197566365,0.7011545039986219,0.7061272263526917,70908100
2021-04-30,0.7110999822616577,0.7260182093073443,0.7061272596729385,0.7110999822616577,47422300
2021-05-03,0.711100001922675,0.7160727839284144,0.6912091110178404,0.6961818337440491,51487600
2021-05-04,0.6912090971978269,0.7110999877049636,0.6713182066906902,0.6762909293174744,73036900
2021-05-05,0.676290910372631,0.7260181945269989,0.666345465397663,0.691209077835083,196007300
2021-05-06,0.7011545495624123,0.7061272722396292,0.676290936176328,0.6862363815307617,50526000
2021-05-07,0.686236355347599,0.706127245297535,0.686236355347599,0.691209077835083,37564100
2021-05-10,0.6912090899784171,0.6961818125532632,0.666345477104187,0.666345477104187,43905300
2021-05-11,0.661372739743519,0.671318184670868,0.6365090681456185,0.6464545130729675,60969100
2021-05-12,0.6464545532032285,0.6663455035722343,0.6464545532032285,0.6613727807998657,21438300
2021-05-17,0.6613727474122336,0.6762909149762356,0.6514272430900372,0.6564000248908997,54230600
2021-05-18,0.6564000416885734,0.7657999992370605,0.6564000416885734,0.7657999992370605,291440400
2021-05-19,0.7459090921772749,0.7608272597937334,0.6912090849707313,0.7011545300483704,177966900
2021-05-20,0.7061272525871899,0.7459090921772749,0.7011545300483704,0.7011545300483704,106985500
2021-05-21,0.7061272722396292,0.7160727768735933,0.6613727681446774,0.6862363815307617,87055500
2021-05-24,0.6912090592904825,0.7160727303403576,0.6862363369364127,0.7061272263526917,64581700
2021-05-25,0.7160727782329075,0.7508818370395034,0.706127273580064,0.7309909462928772,145906300
2021-05-27,0.7110999563857922,0.8304454127313069,0.706127233978023,0.7956363558769226,571243600
2021-05-28,0.8006091314828567,0.8205000224356258,0.7807182405300878,0.78569096326828,157351400
2021-05-31,0.7508818312912937,0.7807182264623574,0.7409363859941157,0.7657999992370605,72167000
2021-06-01,0.7657999941954023,0.8254727248651434,0.7508818263478495,0.8006091117858887,236806400
2021-06-02,0.7707726916366424,0.8354181428108155,0.7707726916366424,0.80558180809021,187161500
2021-06-03,0.8105545570175906,0.8205000022492924,0.7956363891700377,0.8006091117858887,60403800
2021-06-04,0.8006090856367757,0.8155272529970784,0.7906636407299071,0.80558180809021,47853500
2021-06-08,0.8055818362503762,0.860281844429791,0.8055818362503762,0.8453636765480042,343537800
2021-06-09,0.8403909465935071,0.8652545595130366,0.8204999969783543,0.835418164730072,148881200
2021-06-10,0.8304454236794891,0.8553090953256526,0.825472701206162,0.8503363728523254,86645500
2021-06-11,0.9050364147180234,0.9299000280566242,0.8503364060935713,0.8553091287612915,330388600
2021-06-14,0.8652545475809436,0.875199992611605,0.8503363800349514,0.8602818250656128,77859200
2021-06-15,0.8652545360013824,0.9000635931428536,0.8602818135526008,0.8851454257965088,208348200
2021-06-16,0.8901181675043972,0.9050363944530488,0.8652545547225259,0.8702272772789001,149725300
2021-06-17,0.8652545740967319,0.8752000194321722,0.8503364060935713,0.8553091287612915,62842700
2021-06-18,0.8553091287612915,0.8652545740967319,0.8453636834258512,0.8553091287612915,58490500
2021-06-21,0.8503363845036299,0.8602818295865566,0.8204999899753214,0.8254727125167847,106150900
2021-06-22,0.8254726864367512,0.8503363576380522,0.8254726864367512,0.830445408821106,71714400
2021-06-23,0.8403909245437774,0.8403909245437774,0.8006090856367757,0.80558180809021,60794800
2021-06-24,0.8055818323341856,0.8055818323341856,0.7409363792145084,0.7558545470237732,115195800
2021-06-25,0.7608272475976581,0.7657999700567647,0.7160727454656977,0.7260181903839111,87877800
2021-06-28,0.7210454940795898,0.7459091072770117,0.6912090989631539,0.7210454940795898,92567700
2021-06-29,0.7309909393585586,0.735963661998043,0.7160727714401055,0.7210454940795898,49763200
2021-06-30,0.7210454794831771,0.7309909245608163,0.6961818075095508,0.7011545300483704,49819200
2021-07-01,0.7061272340742037,0.7210454605790704,0.6961817892573107,0.7160727381706238,80986800
2021-07-02,0.7160727454656977,0.7409363577612312,0.7110999637270633,0.7260181903839111,160005900
2021-07-05,0.7260182167190742,0.7309909393585586,0.7110999895210913,0.7210454940795898,64446700
2021-07-06,0.7210454940795898,0.735963661998043,0.7110999895210913,0.7210454940795898,90934600
2021-07-07,0.7160727303403576,0.7309908974025667,0.7061272263526917,0.7061272263526917,76700200
2021-07-08,0.6961818402064457,0.7011545629788143,0.6564000580274971,0.6613727807998657,106133000
2021-07-09,0.666345484063906,0.6862363745710427,0.666345484063906,0.6762909293174744,52615400
2021-07-12,0.6812636181690077,0.6862363405492575,0.6713181734085083,0.6713181734085083,47716500
2021-07-13,0.6762909241406238,0.7309909318960635,0.6713182015519046,0.7110999822616577,170105200
2021-07-14,0.7160727303403576,0.726018175048497,0.7011545039986219,0.7061272263526917,58781600
2021-07-15,0.7061272596729385,0.7210454867186252,0.7061272596729385,0.7110999822616577,30991700
2021-07-16,0.7110999776363371,0.7508818173668601,0.7061272550799629,0.7459090948104858,195049600
2021-07-19,0.7409363536032901,0.7757454106216978,0.7359636311720891,0.7608272433280945,117427300
2021-07-21,0.7608272624796086,0.7657999850359829,0.7409363722541116,0.7459090948104858,58569800
2021-07-22,0.7558545281055036,0.780718199778162,0.7508818056268775,0.7707726955413818,133807300
2021-07-23,0.7657999992370605,0.7707727218856496,0.7558545539398827,0.7657999992370605,59957100
2021-07-26,0.7657999700567647,0.7807181967136125,0.7260181903839111,0.7260181903839111,76520700
2021-07-27,0.7359636239672478,0.7608272358798467,0.730990901584728,0.7508817911148071,61340700
2021-07-28,0.7558545399232344,0.7608272624796086,0.7409363722541116,0.7459090948104858,29642400
2021-07-29,0.7508818101223915,0.7707727001559823,0.7309909200888007,0.7359636425971985,79584800
2021-07-30,0.7409363502128564,0.7409363502128564,0.7110999564826502,0.7160727381706238,55947100
2021-08-02,0.7160727641299061,0.7309909318960635,0.6961818144955003,0.7110999822616577,54493900
2021-08-03,0.7110999564826502,0.7210454605790704,0.7011545116657572,0.7160727381706238,31362100
2021-08-04,0.7061272303926024,0.7707726806448862,0.7061272303926024,0.7508817911148071,195799800
2021-08-05,0.7558545134973269,0.7707726806448862,0.7459090687322874,0.7508817911148071,72152600
2021-08-06,0.7508818391262666,0.8354181843138919,0.7508818391262666,0.8205000162124634,309070100
2021-08-09,0.8254727319752242,0.8403909592308024,0.8055818413404933,0.810554563999176,148007000
2021-08-11,0.8205000093165414,0.8602818498655334,0.8055818413404933,0.810554563999176,284045100
2021-08-12,0.8205000093165414,0.8254727319752242,0.8006091186818105,0.810554563999176,73111900
2021-08-13,0.810554542520796,0.8204999875746232,0.7657999804990445,0.780718207359314,161314000
2021-08-16,0.7558545134973269,0.7657999582623665,0.7260181792022082,0.7508817911148071,224769600
2021-08-17,0.7558545134973269,0.7707726806448862,0.7459090687322874,0.7508817911148071,51099500
2021-08-18,0.745909121238727,0.7558545667038516,0.7359636757736022,0.7409363985061646,53968900
2021-08-19,0.7359636425971985,0.7508818101223915,0.7260181975804031,0.7359636425971985,68401200
2021-08-20,0.7409363916661903,0.7459091143528468,0.7210455009195641,0.7309909462928772,70833200
2021-08-23,0.7409363916661903,0.7508818370395034,0.7309909462928772,0.7309909462928772,60750600
2021-08-24,0.7409363536032901,0.7608272433280945,0.730990908740888,0.7608272433280945,103891200
2021-08-25,0.7608272551391869,0.7657999776475847,0.7309909200888007,0.7359636425971985,87058800
2021-08-26,0.7359636757736022,0.7508818439712893,0.7359636757736022,0.7409363985061646,24394200
2021-08-27,0.745909121238727,0.7558545667038516,0.7309909530410398,0.7409363985061646,67633000
2021-08-30,0.7409363916661903,0.7459091143528468,0.7309909462928772,0.7309909462928772,33405200
2021-09-01,0.7309909393585586,0.735963661998043,0.7160727714401055,0.7210454940795898,43021400
2021-09-02,0.7160727454656977,0.7309909128430178,0.7061272412679566,0.7260181903839111,64900700
2021-09-03,0.730990901584728,0.7558545134973269,0.730990901584728,0.7508817911148071,66680600
2021-09-06,0.750881824420685,0.7657999922299498,0.7409363792145084,0.7558545470237732,72870900
2021-09-07,0.7558545667038516,0.7608272894364141,0.7359636757736022,0.7409363985061646,56350300
2021-09-08,0.7359636689795337,0.7359636689795337,0.7260182236062206,0.7309909462928772,37126600
2021-09-09,0.7359636689795337,0.7359636689795337,0.7160727782329075,0.7309909462928772,35679300
2021-09-10,0.7011545325235886,0.7459090948104858,0.7011545325235886,0.7459090948104858,83269500
2021-09-13,0.7459091143528468,0.7459091143528468,0.7309909462928772,0.7309909462928772,19131700
2021-09-14,0.7309909462928772,0.7409363916661903,0.7309909462928772,0.7309909462928772,28632800
2021-09-15,0.73596365661142,0.7608272696268615,0.7309909340083318,0.7558545470237732,71969400
2021-09-17,0.7608272397430111,0.8006090782846919,0.7508817949274728,0.7956363558769226,160281900
2021-09-20,0.795636387128009,0.8006091097310972,0.750881824420685,0.7558545470237732,118613500
2021-09-21,0.7459090760344913,0.7707726881904967,0.7409363536032901,0.7608272433280945,70946300
2021-09-22,0.7608272765884716,0.7906636717595353,0.7508818312912937,0.7657999992370605,79410600
2021-09-23,0.7707727052811594,0.830445435058248,0.7707727052811594,0.8254727125167847,262270500
2021-09-24,0.825472697903947,0.8304454203573812,0.7906636407299071,0.80558180809021,155154600
2021-09-27,0.8105545305436442,0.8155272529970784,0.7856909182764729,0.80558180809021,116208500
2021-09-28,0.8055818344017396,0.8254727248651434,0.7956363891700377,0.8006091117858887,124406200
2021-09-29,0.7906636524131413,0.8006090974669686,0.7707727030259582,0.780718207359314,103977000
2021-09-30,0.7807182334228013,0.7856909561157243,0.7707727287574249,0.7757454514503479,51040200
2021-10-01,0.7657999582623665,0.775745403027406,0.7459090687322874,0.7508817911148071,82868800
2021-10-04,0.7558545326307893,0.7657999776475847,0.7309909200888007,0.7359636425971985,64232700
2021-10-05,0.7359636757736022,0.745909121238727,0.7260182303084775,0.7409363985061646,59351300
2021-10-06,0.7459090876139939,0.7558545326307893,0.7309909200888007,0.7359636425971985,66460800
2021-10-07,0.7459090948104858,0.7508818173668601,0.730990927141363,0.7459090948104858,40787900
2021-10-08,0.7459091018175966,0.7657999922299498,0.7409363792145084,0.7558545470237732,67151100
2021-10-11,0.7608272765884716,0.7757454445342385,0.7558545539398827,0.7657999992370605,70361400
2021-10-12,0.7608272358798467,0.7657999582623665,0.7459090687322874,0.7508817911148071,46736000
2021-10-13,0.7508818173668601,0.7558545399232344,0.7409363722541116,0.7459090948104858,22818700
2021-10-14,0.745909121238727,0.7508818439712893,0.7359636757736022,0.7409363985061646,23074400
2021-10-15,0.7459091018175966,0.7608272696268615,0.7459091018175966,0.7558545470237732,43504800
2021-10-18,0.7608272624796086,0.7608272624796086,0.7459090948104858,0.7459090948104858,32108700
2021-10-20,0.7508818173668601,0.7558545399232344,0.7409363722541116,0.7459090948104858,16903300
2021-10-21,0.7459090948104858,0.7608272624796086,0.7409363722541116,0.7459090948104858,32015600
2021-10-22,0.7508817911148071,0.7608272358798467,0.7459090687322874,0.7508817911148071,24017800
2021-10-25,0.7558545539398827,0.7956363944081244,0.7558545539398827,0.7657999992370605,156380500
2021-10-26,0.7707726881904967,0.7807181923324262,0.7608272433280945,0.7608272433280945,51323700
2021-10-27,0.7657999922299498,0.7657999922299498,0.750881824420685,0.7558545470237732,37022300
2021-10-28,0.7558545208968934,0.7757454106216978,0.7508817984656924,0.7608272433280945,39403000
2021-10-29,0.7658000060645019,0.7757454514503479,0.760827283371579,0.7757454514503479,30223300
2021-11-01,0.7657999992370605,0.7856909491109464,0.7608272765884716,0.7657999992370605,56685300
2021-11-02,0.7658000072276951,0.8205000162124634,0.7658000072276951,0.8205000162124634,231094000
2021-11-03,0.8055818199938822,0.810554542520796,0.7757454255528718,0.780718207359314,184462100
2021-11-05,0.7856909298862277,0.7906636524131413,0.7707727030259582,0.780718207359314,48566400
2021-11-08,0.7807182405300878,0.7956364087446646,0.7757454585123644,0.78569096326828,44587600
2021-11-09,0.7856909561157243,0.7856909561157243,0.7757454514503479,0.7757454514503479,31162100
2021-11-10,0.7807182213224848,0.8055818344017396,0.7757454394271043,0.8006091117858887,72905900
2021-11-11,0.7956363772680047,0.8354181575997113,0.7956363772680047,0.8254727125167847,177129300
2021-11-12,0.8204999969783543,0.845363669177413,0.8155272743944484,0.835418164730072,157705700
2021-11-15,0.8403909279056713,0.8702272627456339,0.8354181461528163,0.8503363728523254,141447100
2021-11-16,0.8553091070450933,0.8602818295865566,0.8254727125167847,0.8254727125167847,82740900
2021-11-17,0.8254727052994684,0.8354181502954395,0.8055818153075262,0.8155272603034973,76241600
2021-11-18,0.8105545192836866,0.8354181312054608,0.8105545192836866,0.830445408821106,46277400
2021-11-19,0.8354181843138919,0.8453636889943748,0.8205000162124634,0.8205000162124634,37842900
2021-11-22,0.8254727267594253,0.8503363991752665,0.8205000041321631,0.8453636765480042,53819200
2021-11-23,0.8453636575196206,0.8652545475809436,0.84039093500429,0.8602818250656128,54792100
2021-11-24,0.8602818063615764,0.8801726959904365,0.8602818063615764,0.8751999735832214,83711800
2021-11-25,0.875199985218961,0.8801727076922881,0.8354181461528163,0.8503363728523254,85635500
2021-11-26,0.850336404548168,0.8553091272068506,0.810554563999176,0.810554563999176,138713400
2021-11-29,0.8055818272884263,0.8204999950042513,0.765799987433364,0.7906636595726013,196407900
2021-11-30,0.8006090896926664,0.8204999796071709,0.7707726955413818,0.7707726955413818,99888900
2021-12-01,0.7707727218856496,0.7807182264623574,0.7558545539398827,0.7657999992370605,69386100
2021-12-02,0.7558545667038516,0.7658000121689764,0.7359636757736022,0.7409363985061646,69297200
2021-12-06,0.750881829916496,0.7558545525559803,0.7160727714401055,0.7210454940795898,69743000
2021-12-07,0.730990908740888,0.7608272433280945,0.726018186309687,0.7608272433280945,49966400
2021-12-08,0.7707726881904967,0.7807181923324262,0.7558545208968934,0.7608272433280945,38068500
2021-12-09,0.7608272765884716,0.7856909491109464,0.7558545539398827,0.7657999992370605,58841300
2021-12-10,0.7657999850359829,0.7657999850359829,0.7459090948104858,0.7459090948104858,28493300
2021-12-13,0.7508818439712893,0.7558545667038516,0.7359636757736022,0.7409363985061646,39425300
2021-12-14,0.7409363651055961,0.7409363651055961,0.7309909200888007,0.7359636425971985,16820600
2021-12-15,0.7359636757736022,0.7558545667038516,0.7309909530410398,0.7409363985061646,28383600
2021-12-16,0.7459090687322874,0.7657999582623665,0.7459090687322874,0.7508817911148071,32452400
2021-12-17,0.7459090948104858,0.7508818173668601,0.7409363722541116,0.7459090948104858,12787000
2021-12-20,0.7409363651055961,0.7459090876139939,0.7309909200888007,0.7359636425971985,27655000
2021-12-21,0.7359636425971985,0.7409363651055961,0.7309909200888007,0.7359636425971985,22162000
2021-12-22,0.7459090876139939,0.7508818101223915,0.7359636425971985,0.7359636425971985,19223400
2021-12-23,0.7409363722541116,0.7508818173668601,0.7359636496977373,0.7459090948104858,20017100
2021-12-24,0.7459090948104858,0.7608272624796086,0.7409363722541116,0.7459090948104858,31960900
2021-12-27,0.7459091018175966,0.7558545470237732,0.7409363792145084,0.7558545470237732,14747000
2021-12-28,0.7558545281055036,0.780718199778162,0.7558545281055036,0.7707726955413818,39739000
2021-12-29,0.7657999657592955,0.7757454106216978,0.7608272433280945,0.7608272433280945,23688600
2021-12-30,0.7608272696268615,0.7657999922299498,0.7558545470237732,0.7558545470237732,13896500
2021-12-31,0.7608272696268615,0.7657999922299498,0.750881824420685,0.7558545470237732,10419800
2022-01-03,0.7558545242763397,0.80558180809021,0.7558545242763397,0.80558180809021,129003400
2022-01-04,0.805581848111035,0.8403909662938986,0.7856909573091303,0.8205000162124634,119396800
2022-01-05,0.8155272743944484,0.845363669177413,0.8155272743944484,0.835418164730072,101110100
2022-01-06,0.8254726940685227,0.8453636430693674,0.8204999716381934,0.8403909206390381,79189800
2022-01-07,0.8403909674383389,0.8652545809745789,0.8304454627443123,0.8652545809745789,92852400
2022-01-10,0.8602818391062265,0.8851454520886778,0.8553091165097362,0.8801727294921875,127756800
2022-01-11,0.8801727223916487,0.8851454449480229,0.8254727149920029,0.8702272772789001,130393500
2022-01-12,0.875199992611605,0.8801727151269357,0.8553091025502821,0.8602818250656128,30214000
2022-01-13,0.8602818177989797,0.8702272627456339,0.8453636503789983,0.8503363728523254,34015100
2022-01-14,0.8403909465935071,0.845363669177413,0.8105545518105425,0.835418164730072,71748000
2022-01-17,0.8354181532094308,0.8702272700962743,0.8204999856634386,0.8602818250656128,54328900
2022-01-19,0.8503363827076349,0.9149818348896491,0.8503363827076349,0.9050363898277283,213648700
2022-01-20,0.9050363988147504,0.9746545742190345,0.9000636169548817,0.9597363471984863,181273200
2022-01-21,0.949790916028636,0.9945454791904758,0.944818193375046,0.9796273112297058,196707600
2022-01-24,0.9846000248281137,1.004490915259541,0.924927294254303,0.924927294254303,167438200
2022-01-25,0.9199545827211839,0.9299000280566242,0.8503364060935713,0.8553091287612915,180588200
2022-01-26,0.8602818234010404,0.9448181652776205,0.8602818234010404,0.9398454427719116,127717200
2022-01-27,0.9398454548901483,0.9547636225996278,0.8950908924821804,0.9149818420410156,131908700
2022-01-28,0.924927268091428,0.9448181579602132,0.9050363782226428,0.9298999905586243,63888100
2022-01-31,0.9398454691126682,0.9448181917577461,0.9249273011774345,0.9348727464675903,21365600
2022-02-03,0.9497908836216125,0.9895727227724993,0.9497908836216125,0.9746545553207397,88862500
2022-02-04,0.9796272408736911,1.0243817415417698,0.974654518577238,1.004490852355957,126640300
2022-02-07,1.0144363275731747,1.0343272173594635,0.9647091031074524,0.9647091031074524,90054300
2022-02-08,0.9746545816345925,0.9796273042527666,0.9497909092641925,0.9696818590164185,62166900
2022-02-09,0.9796273057919779,1.0144363641738892,0.9696818605400032,1.0144363641738892,107122200
2022-02-10,1.024381786180738,1.0641636848449707,1.00449089612815,1.0641636848449707,137434900
2022-02-11,1.0542181352379911,1.1138909247460413,1.0442726900798258,1.0840545892715454,187385100
2022-02-14,1.0940000749199779,1.1536727480775277,1.0741091838674612,1.1437273025512695,145659500
2022-02-15,1.1536727343484066,1.1735636251642145,1.1138909527167908,1.1238363981246948,124898000
2022-02-16,1.1437272678568435,1.2630727291107178,1.1437272678568435,1.2630727291107178,272717600
2022-02-17,1.243181772596736,1.322745448724186,1.2232908832046367,1.2531272172927856,273452000
2022-02-18,1.2431818386615818,1.2829636195598535,1.2332363934370139,1.2630727291107178,86515400
2022-02-21,1.2630727248658389,1.2730181700569827,1.163618154395343,1.1735635995864868,124676700
2022-02-22,1.1636181103815517,1.1735635551965096,1.0542180988579617,1.1138908863067627,259684400
2022-02-23,1.1238363382477772,1.213345460709014,1.1238363382477772,1.2034000158309937,141289400
2022-02-24,1.1835091340161579,1.2034000239056637,1.1039454558990784,1.1337817907333374,198019600
2022-02-25,1.1636181936037862,1.1735636391300444,1.133781857025011,1.1437273025512695,98819900
2022-02-28,1.1437272889405028,1.1536727343484066,1.084054616493079,1.1238363981246948,79649500
2022-03-01,1.1238363311217205,1.1337817759366782,1.093999996676847,1.1138908863067627,48337600
2022-03-02,1.1238363457885845,1.1536726806228432,1.1138909008438314,1.1337817907333374,58816300
2022-03-03,1.1437273161760444,1.1735636531102478,1.0542181868143699,1.0741091966629028,171636000
2022-03-04,1.0542181451817878,1.0641637089928218,1.0144363641738892,1.0144363641738892,96947100
2022-03-07,1.0144363604752544,1.024381805690968,0.9199545716464461,0.924927294254303,168072000
2022-03-08,0.9000635964759187,0.9597363253618021,0.8602818167383484,0.9298999905586243,195612200
2022-03-09,0.9497908755391187,1.0641636695345742,0.9398454306559123,1.0442726612091064,178075400
2022-03-10,1.0741091392083604,1.084054584321109,0.9846000146345659,0.9945454597473145,172148200
2022-03-11,0.9846000407546991,1.0343272676376392,0.9547636453454047,0.9895727634429932,143595700
2022-03-14,0.9895727227724993,1.0044908902242589,0.9696818328368199,0.9746545553207397,54254700
2022-03-15,0.9597363451694543,0.9746545721584629,0.9149818420410156,0.9149818420410156,92147500
2022-03-16,0.9547636200167915,1.004490904860063,0.9348727297912944,0.9945454597473145,142695600
2022-03-17,1.034327232739157,1.044272677780183,0.9796272850135141,0.9846000075340271,173953700
2022-03-18,0.9846000075340271,1.014436342657105,0.9746545624930012,0.9846000075340271,62866700
2022-03-21,0.9945454225599073,1.0243817567825317,0.9895727001894699,1.0243817567825317,81709700
2022-03-22,1.0343272015234066,1.0542180910051562,1.0044908673007822,1.0243817567825317,74532000
2022-03-23,1.0343272015234066,1.0442726462642813,1.0044908673007822,1.0243817567825317,66840600
2022-03-24,1.014436377828772,1.0343272686004639,1.004490932442926,1.0343272686004639,35341200
2022-03-25,1.0641637371007666,1.074109182615432,1.044272727512373,1.0542181730270386,89104100
2022-03-28,1.0641637089928218,1.0641637089928218,1.0144363641738892,1.0144363641738892,50951500
2022-03-29,1.0243818094258639,1.0243818094258639,0.9945454736699398,1.0144363641738892,33665200
2022-03-30,1.0243818094258639,1.0343272546778384,1.0044909189219144,1.0144363641738892,30237500
2022-03-31,1.0144362969488634,1.0243817415417698,1.004490852355957,1.004490852355957,21524400
2022-04-01,1.004490932442926,1.0343272686004639,0.9945454870570801,1.0343272686004639,42256700
2022-04-04,1.0442726462642813,1.0442726462642813,1.0144363120416569,1.0243817567825317,43284200
2022-04-05,1.0343272581420686,1.1138909389834046,1.024381812856784,1.1039454936981201,163219800
2022-04-06,1.093999981880188,1.1238363159215166,1.0741090925193022,1.093999981880188,151106200
2022-04-07,1.0800000429153442,1.090000033378601,1.0499999523162842,1.0800000429153442,58542400
2022-04-08,1.090000033378601,1.1100000143051147,1.0800000429153442,1.100000023841858,41751800
2022-04-11,1.090000033378601,1.1100000143051147,1.0299999713897705,1.0299999713897705,74970500
2022-04-12,1.0099999904632568,1.0499999523162842,1.0099999904632568,1.0299999713897705,56510300
2022-04-13,1.0499999523162842,1.0700000524520874,1.0399999618530273,1.0700000524520874,24789900
2022-04-14,1.0800000429153442,1.0800000429153442,1.0399999618530273,1.0499999523162842,27892100
2022-04-15,1.0399999618530273,1.0499999523162842,1.0299999713897705,1.0499999523162842,10516500
2022-04-18,1.0399999618530273,1.0399999618530273,1.0199999809265137,1.0299999713897705,21326200
2022-04-20,1.0399999618530273,1.059999942779541,1.0299999713897705,1.0499999523162842,28016700
2022-04-21,1.059999942779541,1.090000033378601,1.0499999523162842,1.090000033378601,39325000
2022-04-22,1.0700000524520874,1.0800000429153442,1.0399999618530273,1.0499999523162842,41806600
2022-04-25,1.0199999809265137,1.0399999618530273,1.0099999904632568,1.0299999713897705,44466000
2022-04-26,1.0399999618530273,1.0499999523162842,1.0199999809265137,1.0199999809265137,17718800
2022-04-27,1.0,1.0199999809265137,0.9950000047683716,1.0199999809265137,53751600
2022-04-28,1.0199999809265137,1.0399999618530273,1.0099999904632568,1.0399999618530273,17219200
2022-04-29,1.0499999523162842,1.059999942779541,1.0299999713897705,1.0299999713897705,14736000
2022-05-05,1.0499999523162842,1.059999942779541,1.0399999618530273,1.0499999523162842,28131500
2022-05-06,1.0299999713897705,1.0399999618530273,1.0099999904632568,1.0199999809265137,32639200
2022-05-09,1.0199999809265137,1.0399999618530273,1.0,1.0,30487800
2022-05-10,0.9900000095367432,1.0199999809265137,0.9900000095367432,1.0,49933000
2022-05-11,1.0,1.0099999904632568,0.9900000095367432,1.0099999904632568,26434100
2022-05-12,1.0,1.0199999809265137,0.9300000071525574,0.9300000071525574,70159700
2022-05-13,0.9549999833106995,1.0,0.949999988079071,1.0,66838000
2022-05-17,1.0099999904632568,1.0499999523162842,1.0,1.0499999523162842,58520500
2022-05-18,1.0700000524520874,1.090000033378601,1.0299999713897705,1.0499999523162842,75671600
2022-05-19,1.0099999904632568,1.0399999618530273,1.0,1.0199999809265137,38643700
2022-05-20,1.0299999713897705,1.0499999523162842,1.0099999904632568,1.0399999618530273,35727300
2022-05-23,1.0499999523162842,1.059999942779541,1.0299999713897705,1.0299999713897705,35025000
2022-05-24,1.0399999618530273,1.0499999523162842,1.0199999809265137,1.0299999713897705,24882700
2022-05-25,1.0299999713897705,1.0399999618530273,1.0099999904632568,1.0299999713897705,29609500
2022-05-26,1.0299999713897705,1.0399999618530273,1.0199999809265137,1.0399999618530273,30186700
2022-05-27,1.0499999523162842,1.0499999523162842,0.9850000143051147,1.0099999904632568,85087700
2022-05-30,1.0099999904632568,1.0199999809265137,0.9900000095367432,0.9900000095367432,48498600
2022-05-31,0.9850000143051147,1.0299999713897705,0.9800000190734863,1.0299999713897705,126256400
2022-06-01,1.0099999904632568,1.0199999809265137,0.9900000095367432,1.0,33583600
2022-06-02,0.9950000047683716,1.0,0.9850000143051147,0.9950000047683716,26875700
2022-06-03,1.0,1.0099999904632568,0.9900000095367432,0.9950000047683716,45435000
2022-06-07,0.9950000047683716,1.0099999904632568,0.9850000143051147,0.9900000095367432,32948700
2022-06-08,0.9900000095367432,0.9950000047683716,0.9700000286102295,0.9750000238418579,38519800
2022-06-09,0.9750000238418579,0.9850000143051147,0.9700000286102295,0.9800000190734863,18313800
2022-06-10,0.9750000238418579,0.9750000238418579,0.9599999785423279,0.9750000238418579,28222600
2022-06-13,0.9599999785423279,0.9599999785423279,0.8999999761581421,0.9049999713897705,71704700
2022-06-14,0.8949999809265137,0.9100000262260437,0.8600000143051147,0.9100000262260437,101898700
2022-06-15,0.9049999713897705,0.9049999713897705,0.8650000095367432,0.875,55028800
2022-06-16,0.8949999809265137,0.9100000262260437,0.8399999737739563,0.8399999737739563,72780000
2022-06-17,0.8199999928474426,0.8349999785423279,0.8050000071525574,0.8100000023841858,92878000
2022-06-20,0.8050000071525574,0.8050000071525574,0.7450000047683716,0.7649999856948853,161957700
2022-06-21,0.7749999761581421,0.8100000023841858,0.7649999856948853,0.800000011920929,134522100
2022-06-22,0.8050000071525574,0.8100000023841858,0.7599999904632568,0.7699999809265137,69912300
2022-06-23,0.7799999713897705,0.7850000262260437,0.75,0.7549999952316284,58045800
2022-06-24,0.7549999952316284,0.7749999761581421,0.75,0.7649999856948853,79444400
2022-06-27,0.7799999713897705,0.8050000071525574,0.7699999809265137,0.7950000166893005,82914700
2022-06-28,0.800000011920929,0.8199999928474426,0.7799999713897705,0.8149999976158142,81218200
2022-06-29,0.800000011920929,0.8149999976158142,0.7900000214576721,0.7900000214576721,46044800
2022-06-30,0.7850000262260437,0.800000011920929,0.7799999713897705,0.7900000214576721,20165600
2022-07-01,0.7850000262260437,0.7950000166893005,0.7799999713897705,0.7900000214576721,19852300
2022-07-04,0.7950000166893005,0.800000011920929,0.7749999761581421,0.7799999713897705,27645300
2022-07-05,0.7900000214576721,0.7950000166893005,0.7699999809265137,0.7799999713897705,23381500
2022-07-06,0.7799999713897705,0.7850000262260437,0.75,0.7549999952316284,34245900
2022-07-07,0.75,0.7699999809265137,0.75,0.7649999856948853,28881500
2022-07-08,0.7749999761581421,0.7799999713897705,0.7599999904632568,0.7649999856948853,24732700
2022-07-12,0.7599999904632568,0.7599999904632568,0.7350000143051147,0.7450000047683716,32008200
2022-07-13,0.7350000143051147,0.7400000095367432,0.7149999737739563,0.7250000238418579,27557300
2022-07-14,0.7250000238418579,0.7350000143051147,0.7200000286102295,0.7300000190734863,27921700
2022-07-15,0.7350000143051147,0.7400000095367432,0.7250000238418579,0.7250000238418579,27909800
2022-07-18,0.7350000143051147,0.7599999904632568,0.7300000190734863,0.7549999952316284,46150400
2022-07-19,0.7450000047683716,0.7549999952316284,0.7250000238418579,0.7300000190734863,50975700
2022-07-20,0.7450000047683716,0.7549999952316284,0.7400000095367432,0.75,37025600
2022-07-21,0.7549999952316284,0.7749999761581421,0.7450000047683716,0.7649999856948853,37756200
2022-07-22,0.7649999856948853,0.7799999713897705,0.7649999856948853,0.7749999761581421,19360200
2022-07-25,0.7699999809265137,0.7699999809265137,0.7599999904632568,0.7649999856948853,14087500
2022-07-26,0.7649999856948853,0.7749999761581421,0.7599999904632568,0.7699999809265137,27097900
2022-07-27,0.7649999856948853,0.7900000214576721,0.7599999904632568,0.7850000262260437,43768500
2022-07-28,0.800000011920929,0.8100000023841858,0.7799999713897705,0.7799999713897705,46609200
2022-07-29,0.7850000262260437,0.8149999976158142,0.7850000262260437,0.8050000071525574,57542800
2022-08-01,0.8100000023841858,0.8299999833106995,0.8050000071525574,0.824999988079071,53084600
2022-08-02,0.824999988079071,0.8299999833106995,0.7900000214576721,0.7950000166893005,44906400
2022-08-03,0.7900000214576721,0.8149999976158142,0.7900000214576721,0.8100000023841858,24653800
2022-08-04,0.8149999976158142,0.8799999952316284,0.8149999976158142,0.8799999952316284,80297000
2022-08-05,0.8700000047683716,0.8949999809265137,0.8550000190734863,0.875,92730700
2022-08-08,0.875,0.9150000214576721,0.8650000095367432,0.8899999856948853,79467000
2022-08-09,0.8899999856948853,0.9200000166893005,0.8799999952316284,0.8899999856948853,57350500
2022-08-10,0.8849999904632568,0.8899999856948853,0.8500000238418579,0.8700000047683716,52121200
2022-08-11,0.8899999856948853,0.8999999761581421,0.8849999904632568,0.8899999856948853,46209200
2022-08-12,0.8849999904632568,0.8999999761581421,0.8700000047683716,0.8899999856948853,38716900
2022-08-15,0.8949999809265137,0.9350000023841858,0.8899999856948853,0.8899999856948853,102811300
2022-08-16,0.8949999809265137,0.9049999713897705,0.8899999856948853,0.8949999809265137,29190800
2022-08-17,0.8949999809265137,0.9049999713897705,0.8849999904632568,0.8899999856948853,20682900
2022-08-18,0.8899999856948853,0.8899999856948853,0.8700000047683716,0.875,27758100
2022-08-19,0.8799999952316284,0.8899999856948853,0.875,0.8799999952316284,16480900
2022-08-22,0.8700000047683716,0.8799999952316284,0.8450000286102295,0.8450000286102295,25140900
2022-08-23,0.8349999785423279,0.8650000095367432,0.8299999833106995,0.8600000143051147,54062200
2022-08-24,0.8600000143051147,0.875,0.8399999737739563,0.8450000286102295,36943600
2022-08-25,0.8550000190734863,0.8899999856948853,0.8500000238418579,0.8799999952316284,56991100
2022-08-26,0.8849999904632568,0.8949999809265137,0.8700000047683716,0.875,48021700
2022-08-29,0.8399999737739563,0.875,0.8349999785423279,0.8500000238418579,62560300
2022-08-30,0.8550000190734863,0.8700000047683716,0.8399999737739563,0.8600000143051147,66947700
2022-09-01,0.8500000238418579,0.8500000238418579,0.8199999928474426,0.8199999928474426,55875200
2022-09-02,0.8299999833106995,0.8349999785423279,0.7900000214576721,0.8100000023841858,79264700
2022-09-05,0.800000011920929,0.8149999976158142,0.800000011920929,0.8100000023841858,21559700
2022-09-06,0.8149999976158142,0.8299999833106995,0.8050000071525574,0.824999988079071,41592400
2022-09-07,0.8199999928474426,0.8299999833106995,0.8100000023841858,0.824999988079071,20513700
2022-09-08,0.8299999833106995,0.8349999785423279,0.8149999976158142,0.8199999928474426,25870100
2022-09-09,0.824999988079071,0.8349999785423279,0.8199999928474426,0.824999988079071,38870500
2022-09-12,0.8299999833106995,0.8500000238418579,0.8199999928474426,0.8450000286102295,42074700
2022-09-13,0.8500000238418579,0.8500000238418579,0.824999988079071,0.824999988079071,34596300
2022-09-14,0.8050000071525574,0.824999988079071,0.800000011920929,0.824999988079071,27771800
2022-09-15,0.8199999928474426,0.8299999833106995,0.8100000023841858,0.824999988079071,95080800
2022-09-19,0.824999988079071,0.824999988079071,0.7950000166893005,0.8100000023841858,30356700
2022-09-20,0.8100000023841858,0.8149999976158142,0.7950000166893005,0.8050000071525574,22015500
2022-09-21,0.800000011920929,0.8050000071525574,0.7850000262260437,0.8050000071525574,21993600
2022-09-22,0.7950000166893005,0.800000011920929,0.7900000214576721,0.7950000166893005,18497000
2022-09-23,0.7900000214576721,0.800000011920929,0.7850000262260437,0.7900000214576721,19753200
2022-09-26,0.7799999713897705,0.7799999713897705,0.7549999952316284,0.7649999856948853,39741800
2022-09-27,0.7649999856948853,0.7850000262260437,0.7599999904632568,0.7799999713897705,20860200
2022-09-28,0.7749999761581421,0.7799999713897705,0.7649999856948853,0.7699999809265137,18736500
2022-09-29,0.7749999761581421,0.7850000262260437,0.7549999952316284,0.7549999952316284,16947000
2022-09-30,0.75,0.7749999761581421,0.75,0.7649999856948853,12525800
2022-10-03,0.7549999952316284,0.7699999809265137,0.7549999952316284,0.7649999856948853,12468500
2022-10-04,0.7749999761581421,0.7950000166893005,0.7699999809265137,0.7850000262260437,31172900
2022-10-05,0.7900000214576721,0.8100000023841858,0.7850000262260437,0.7850000262260437,31511500
2022-10-06,0.7900000214576721,0.7950000166893005,0.7799999713897705,0.7950000166893005,26702800
2022-10-07,0.7900000214576721,0.7950000166893005,0.7799999713897705,0.7900000214576721,10619800
2022-10-11,0.7850000262260437,0.7850000262260437,0.7649999856948853,0.7749999761581421,16691900
2022-10-12,0.7699999809265137,0.7699999809265137,0.75,0.7649999856948853,16136000
2022-10-13,0.7649999856948853,0.7699999809265137,0.7300000190734863,0.7300000190734863,20929100
2022-10-14,0.7450000047683716,0.75,0.7350000143051147,0.7450000047683716,15164300
2022-10-17,0.7350000143051147,0.7400000095367432,0.7250000238418579,0.7350000143051147,12786000
2022-10-18,0.7400000095367432,0.7549999952316284,0.7400000095367432,0.75,21957300
2022-10-19,0.75,0.7549999952316284,0.7250000238418579,0.7250000238418579,18705000
2022-10-20,0.7300000190734863,0.7350000143051147,0.7149999737739563,0.7300000190734863,9975600
2022-10-21,0.7300000190734863,0.7350000143051147,0.7250000238418579,0.7300000190734863,6881000
2022-10-25,0.7400000095367432,0.7450000047683716,0.7300000190734863,0.7450000047683716,9803000
2022-10-26,0.7450000047683716,0.75,0.7400000095367432,0.75,4948000
2022-10-27,0.7450000047683716,0.7749999761581421,0.7400000095367432,0.75,23739900
2022-10-28,0.75,0.7699999809265137,0.75,0.7549999952316284,10947200
2022-10-31,0.7649999856948853,0.7799999713897705,0.7549999952316284,0.7599999904632568,8097500
2022-11-01,0.7599999904632568,0.7649999856948853,0.7549999952316284,0.7599999904632568,7048700
2022-11-02,0.7599999904632568,0.7699999809265137,0.7599999904632568,0.7599999904632568,6351500
2022-11-03,0.7599999904632568,0.7699999809265137,0.7549999952316284,0.7599999904632568,15156100
2022-11-04,0.7599999904632568,0.7799999713897705,0.7599999904632568,0.7749999761581421,16391600
2022-11-07,0.7850000262260437,0.7950000166893005,0.7599999904632568,0.7699999809265137,41447400
2022-11-08,0.7749999761581421,0.7749999761581421,0.7549999952316284,0.7649999856948853,15697000
2022-11-09,0.7649999856948853,0.7699999809265137,0.7549999952316284,0.7599999904632568,7027100
2022-11-10,0.7549999952316284,0.7699999809265137,0.7549999952316284,0.7599999904632568,11569300
2022-11-11,0.7799999713897705,0.7900000214576721,0.7649999856948853,0.7799999713897705,28615000
2022-11-14,0.7799999713897705,0.7850000262260437,0.7699999809265137,0.7799999713897705,12958300
2022-11-15,0.7799999713897705,0.7900000214576721,0.7699999809265137,0.7749999761581421,14483100
2022-11-16,0.7749999761581421,0.7799999713897705,0.7549999952316284,0.7549999952316284,16129400
2022-11-17,0.7549999952316284,0.7549999952316284,0.45500001311302185,0.5049999952316284,300330000
2022-11-21,0.5149999856948853,0.6000000238418579,0.5149999856948853,0.5699999928474426,259212100
2022-11-22,0.5799999833106995,0.6200000047683716,0.5799999833106995,0.6100000143051147,120168100
2022-11-23,0.6150000095367432,0.6200000047683716,0.6000000238418579,0.6050000190734863,34472700
2022-11-24,0.6100000143051147,0.6399999856948853,0.6050000190734863,0.6200000047683716,119860100
2022-11-25,0.625,0.6399999856948853,0.5699999928474426,0.5699999928474426,89143100
2022-11-29,0.574999988079071,0.5950000286102295,0.574999988079071,0.5950000286102295,30288300
2022-11-30,0.5950000286102295,0.5950000286102295,0.5699999928474426,0.5799999833106995,27207700
2022-12-01,0.5849999785423279,0.5950000286102295,0.550000011920929,0.5600000023841858,59265300
2022-12-02,0.5550000071525574,0.5799999833106995,0.550000011920929,0.5699999928474426,34349100
2022-12-05,0.5699999928474426,0.574999988079071,0.5600000023841858,0.5649999976158142,16558700
2022-12-06,0.5649999976158142,0.5799999833106995,0.5550000071525574,0.5600000023841858,40117200
2022-12-07,0.5600000023841858,0.5699999928474426,0.5550000071525574,0.5600000023841858,23350700
2022-12-08,0.5600000023841858,0.5649999976158142,0.550000011920929,0.550000011920929,21957600
2022-12-09,0.5550000071525574,0.5550000071525574,0.5400000214576721,0.5450000166893005,35632500
2022-12-12,0.5450000166893005,0.550000011920929,0.5299999713897705,0.5400000214576721,24572500
2022-12-13,0.5450000166893005,0.5450000166893005,0.5199999809265137,0.5249999761581421,26185500
2022-12-14,0.5249999761581421,0.550000011920929,0.5249999761581421,0.5400000214576721,32469400
2022-12-15,0.5350000262260437,0.5350000262260437,0.5149999856948853,0.5199999809265137,34995600
2022-12-16,0.5099999904632568,0.5350000262260437,0.47999998927116394,0.5249999761581421,85128600
2022-12-19,0.5249999761581421,0.5400000214576721,0.5099999904632568,0.5149999856948853,36010800
2022-12-20,0.5149999856948853,0.5249999761581421,0.5,0.5099999904632568,21311900
2022-12-21,0.5149999856948853,0.5149999856948853,0.5,0.5099999904632568,12583900
2022-12-22,0.5149999856948853,0.5149999856948853,0.5,0.5049999952316284,17688800
2022-12-23,0.5049999952316284,0.5299999713897705,0.5,0.5299999713897705,22852400
2022-12-27,0.5249999761581421,0.5350000262260437,0.5049999952316284,0.5099999904632568,40610100
2022-12-28,0.5099999904632568,0.5199999809265137,0.5099999904632568,0.5149999856948853,10794500
2022-12-29,0.5149999856948853,0.5149999856948853,0.5049999952316284,0.5099999904632568,14322300
2022-12-30,0.5099999904632568,0.5199999809265137,0.5049999952316284,0.5099999904632568,22619300
2023-01-03,0.5099999904632568,0.5249999761581421,0.5049999952316284,0.5149999856948853,22687100
2023-01-04,0.5099999904632568,0.5149999856948853,0.5049999952316284,0.5099999904632568,12943700
2023-01-05,0.5049999952316284,0.5149999856948853,0.5049999952316284,0.5149999856948853,15834100
2023-01-06,0.5149999856948853,0.5149999856948853,0.5049999952316284,0.5149999856948853,14104700
2023-01-09,0.5149999856948853,0.5199999809265137,0.5049999952316284,0.5149999856948853,16800800
2023-01-10,0.5149999856948853,0.5149999856948853,0.5049999952316284,0.5049999952316284,6526400
2023-01-11,0.5149999856948853,0.5799999833106995,0.5149999856948853,0.5600000023841858,194844800
2023-01-12,0.5649999976158142,0.5849999785423279,0.5400000214576721,0.5799999833106995,97965900
2023-01-13,0.5799999833106995,0.5799999833106995,0.5550000071525574,0.5649999976158142,51904200
2023-01-16,0.5699999928474426,0.574999988079071,0.5550000071525574,0.5600000023841858,35045100
2023-01-17,0.5649999976158142,0.6000000238418579,0.5550000071525574,0.5849999785423279,112773000
2023-01-18,0.5899999737739563,0.6150000095367432,0.5849999785423279,0.6000000238418579,106119800
2023-01-19,0.6000000238418579,0.6100000143051147,0.5899999737739563,0.6050000190734863,34860500
2023-01-20,0.6050000190734863,0.6150000095367432,0.6000000238418579,0.6050000190734863,22960800
2023-01-25,0.6100000143051147,0.6299999952316284,0.6050000190734863,0.625,42653900
2023-01-26,0.6299999952316284,0.6399999856948853,0.625,0.6349999904632568,24670100
2023-01-27,0.6399999856948853,0.6800000071525574,0.6349999904632568,0.6700000166893005,84389000
2023-01-30,0.6700000166893005,0.6850000023841858,0.6600000262260437,0.6650000214576721,50836800
2023-01-31,0.6650000214576721,0.6700000166893005,0.6399999856948853,0.6549999713897705,30812300
2023-02-02,0.6600000262260437,0.6899999976158142,0.6549999713897705,0.6850000023841858,86454300
2023-02-03,0.6850000023841858,0.6949999928474426,0.675000011920929,0.675000011920929,22972100
2023-02-07,0.675000011920929,0.6800000071525574,0.6399999856948853,0.6499999761581421,38921000
2023-02-08,0.6549999713897705,0.6700000166893005,0.6399999856948853,0.6499999761581421,20536900
2023-02-09,0.6449999809265137,0.6549999713897705,0.6299999952316284,0.6499999761581421,26325600
2023-02-10,0.6449999809265137,0.6549999713897705,0.6349999904632568,0.6449999809265137,24313400
2023-02-13,0.6449999809265137,0.6499999761581421,0.6200000047683716,0.625,17303400
2023-02-14,0.6349999904632568,0.6399999856948853,0.625,0.6299999952316284,12682600
2023-02-15,0.6349999904632568,0.6349999904632568,0.6200000047683716,0.6299999952316284,9248900
2023-02-16,0.6299999952316284,0.6650000214576721,0.6299999952316284,0.6600000262260437,25657100
2023-02-17,0.6549999713897705,0.6549999713897705,0.625,0.625,39577600
2023-02-20,0.625,0.6349999904632568,0.6050000190734863,0.6299999952316284,37215100
2023-02-21,0.625,0.6349999904632568,0.6150000095367432,0.6200000047683716,19213600
2023-02-22,0.6100000143051147,0.625,0.6050000190734863,0.6200000047683716,23276100
2023-02-23,0.6800000071525574,0.6850000023841858,0.6449999809265137,0.6449999809265137,88156800
2023-02-24,0.6499999761581421,0.6650000214576721,0.6449999809265137,0.6449999809265137,33412400
2023-02-27,0.6499999761581421,0.6549999713897705,0.625,0.6349999904632568,40298700
2023-02-28,0.6349999904632568,0.6349999904632568,0.6000000238418579,0.6050000190734863,46291300
2023-03-01,0.6000000238418579,0.6150000095367432,0.5899999737739563,0.6050000190734863,19965000
2023-03-02,0.6100000143051147,0.6100000143051147,0.5950000286102295,0.6000000238418579,11465400
2023-03-03,0.6000000238418579,0.625,0.5899999737739563,0.6150000095367432,30531200
2023-03-06,0.6150000095367432,0.6200000047683716,0.6050000190734863,0.6100000143051147,26202400
2023-03-07,0.6100000143051147,0.6150000095367432,0.6000000238418579,0.6150000095367432,15076000
2023-03-08,0.6050000190734863,0.6150000095367432,0.6050000190734863,0.6100000143051147,11469200
2023-03-09,0.6050000190734863,0.6100000143051147,0.6000000238418579,0.6000000238418579,9350800
2023-03-10,0.5950000286102295,0.6050000190734863,0.5849999785423279,0.5849999785423279,15385500
2023-03-13,0.574999988079071,0.5849999785423279,0.5649999976158142,0.5799999833106995,13818600
2023-03-14,0.574999988079071,0.5799999833106995,0.550000011920929,0.5600000023841858,16072000
2023-03-15,0.5699999928474426,0.5799999833106995,0.5649999976158142,0.5699999928474426,11303300
2023-03-16,0.5649999976158142,0.5649999976158142,0.550000011920929,0.5550000071525574,12948300
2023-03-17,0.5649999976158142,0.5799999833106995,0.5600000023841858,0.5649999976158142,20084500
2023-03-20,0.5600000023841858,0.5649999976158142,0.5450000166893005,0.5550000071525574,14405900
2023-03-21,0.5649999976158142,0.5649999976158142,0.5550000071525574,0.5550000071525574,10661500
2023-03-22,0.5649999976158142,0.574999988079071,0.5550000071525574,0.5699999928474426,18697900
2023-03-23,0.5699999928474426,0.574999988079071,0.5600000023841858,0.5600000023841858,15620400
2023-03-24,0.5649999976158142,0.6200000047683716,0.5550000071525574,0.5899999737739563,93297400
2023-03-27,0.6000000238418579,0.6050000190734863,0.5849999785423279,0.5849999785423279,18397800
2023-03-28,0.5849999785423279,0.6299999952316284,0.5799999833106995,0.6200000047683716,48676800
2023-03-29,0.6200000047683716,0.6349999904632568,0.6150000095367432,0.6150000095367432,41690400
2023-03-30,0.6150000095367432,0.625,0.6050000190734863,0.6050000190734863,18754600
2023-03-31,0.6100000143051147,0.6200000047683716,0.6000000238418579,0.6000000238418579,16234600
2023-04-03,0.6100000143051147,0.6150000095367432,0.6000000238418579,0.6000000238418579,16682300
2023-04-04,0.6000000238418579,0.6050000190734863,0.574999988079071,0.5849999785423279,29315100
2023-04-05,0.5849999785423279,0.6000000238418579,0.5799999833106995,0.5899999737739563,25091200
2023-04-06,0.5899999737739563,0.5950000286102295,0.574999988079071,0.574999988079071,17117000
2023-04-07,0.574999988079071,0.5849999785423279,0.574999988079071,0.5849999785423279,13123700
2023-04-10,0.5849999785423279,0.5899999737739563,0.5699999928474426,0.574999988079071,27882700
2023-04-11,0.5799999833106995,0.5849999785423279,0.5699999928474426,0.574999988079071,27407100
2023-04-12,0.574999988079071,0.5899999737739563,0.5699999928474426,0.5849999785423279,18408700
2023-04-13,0.5799999833106995,0.5899999737739563,0.5699999928474426,0.5699999928474426,31253600
2023-04-14,0.574999988079071,0.5849999785423279,0.5699999928474426,0.574999988079071,15830800
2023-04-17,0.5799999833106995,0.5799999833106995,0.5649999976158142,0.574999988079071,20405400
2023-04-18,0.574999988079071,0.574999988079071,0.5550000071525574,0.5649999976158142,25773400
2023-04-19,0.5649999976158142,0.5649999976158142,0.5550000071525574,0.5550000071525574,8739200
2023-04-20,0.5550000071525574,0.5600000023841858,0.5450000166893005,0.5450000166893005,19369700
2023-04-25,0.5450000166893005,0.5550000071525574,0.5450000166893005,0.5450000166893005,11421200
2023-04-26,0.5450000166893005,0.550000011920929,0.5350000262260437,0.5400000214576721,22678600
2023-04-27,0.5450000166893005,0.5550000071525574,0.5350000262260437,0.5350000262260437,24186000
2023-04-28,0.5450000166893005,0.5450000166893005,0.5199999809265137,0.5199999809265137,22839300
2023-05-02,0.5249999761581421,0.5299999713897705,0.5149999856948853,0.5199999809265137,10562600
2023-05-03,0.5199999809265137,0.5249999761581421,0.5099999904632568,0.5149999856948853,15574000
2023-05-05,0.5149999856948853,0.5249999761581421,0.5049999952316284,0.5199999809265137,16603100
2023-05-08,0.5249999761581421,0.5350000262260437,0.5199999809265137,0.5249999761581421,20994300
2023-05-09,0.5299999713897705,0.5299999713897705,0.5049999952316284,0.5099999904632568,17570600
2023-05-10,0.5099999904632568,0.5099999904632568,0.47999998927116394,0.48500001430511475,41167200
2023-05-11,0.47999998927116394,0.48500001430511475,0.46000000834465027,0.46000000834465027,39919400
2023-05-12,0.45500001311302185,0.45500001311302185,0.41499999165534973,0.4300000071525574,82489300
2023-05-15,0.4350000023841858,0.4350000023841858,0.41499999165534973,0.42500001192092896,26059700
2023-05-16,0.42500001192092896,0.47999998927116394,0.41999998688697815,0.4699999988079071,113383500
2023-05-17,0.4699999988079071,0.4749999940395355,0.44999998807907104,0.45500001311302185,37576800
2023-05-18,0.4650000035762787,0.4699999988079071,0.44999998807907104,0.44999998807907104,32670900
2023-05-19,0.44999998807907104,0.45500001311302185,0.4350000023841858,0.4350000023841858,27506000
2023-05-22,0.4350000023841858,0.45500001311302185,0.4300000071525574,0.4350000023841858,46410100
2023-05-23,0.4399999976158142,0.4449999928474426,0.42500001192092896,0.4350000023841858,28265500
2023-05-24,0.4350000023841858,0.4350000023841858,0.4099999964237213,0.41999998688697815,46201000
2023-05-25,0.41999998688697815,0.41999998688697815,0.4000000059604645,0.4050000011920929,36201700
2023-05-26,0.4050000011920929,0.4099999964237213,0.38999998569488525,0.39500001072883606,48597600
2023-05-29,0.4000000059604645,0.4099999964237213,0.38999998569488525,0.38999998569488525,47489100
2023-05-30,0.3700000047683716,0.4300000071525574,0.3700000047683716,0.41499999165534973,111220900
2023-05-31,0.4099999964237213,0.42500001192092896,0.4050000011920929,0.41999998688697815,31279200
2023-06-01,0.41999998688697815,0.45500001311302185,0.41499999165534973,0.44999998807907104,73520000
2023-06-02,0.45500001311302185,0.5199999809265137,0.45500001311302185,0.5149999856948853,138439100
2023-06-06,0.5199999809265137,0.5199999809265137,0.4699999988079071,0.4699999988079071,143742300
2023-06-07,0.4699999988079071,0.49000000953674316,0.45500001311302185,0.47999998927116394,48292100
2023-06-08,0.48500001430511475,0.5049999952316284,0.47999998927116394,0.49000000953674316,54966200
2023-06-09,0.48500001430511475,0.5,0.48500001430511475,0.48500001430511475,21899900
2023-06-12,0.49000000953674316,0.5099999904632568,0.47999998927116394,0.4950000047683716,34909300
2023-06-13,0.5,0.5099999904632568,0.4950000047683716,0.5099999904632568,43558400
2023-06-14,0.5149999856948853,0.5199999809265137,0.5049999952316284,0.5049999952316284,39296400
2023-06-15,0.5049999952316284,0.5350000262260437,0.5,0.5199999809265137,74561100
2023-06-16,0.5199999809265137,0.5249999761581421,0.5049999952316284,0.5099999904632568,28523900
2023-06-19,0.5049999952316284,0.5149999856948853,0.49000000953674316,0.5049999952316284,25348000
2023-06-20,0.5049999952316284,0.5099999904632568,0.49000000953674316,0.49000000953674316,26007000
2023-06-21,0.49000000953674316,0.5,0.4699999988079071,0.4749999940395355,39689600
2023-06-22,0.4749999940395355,0.48500001430511475,0.4699999988079071,0.4749999940395355,13166900
2023-06-23,0.47999998927116394,0.48500001430511475,0.4699999988079071,0.4699999988079071,11254700
2023-06-26,0.4699999988079071,0.4749999940395355,0.46000000834465027,0.4699999988079071,16258600
2023-06-27,0.4650000035762787,0.4749999940395355,0.45500001311302185,0.46000000834465027,13845400
2023-06-28,0.4650000035762787,0.4650000035762787,0.45500001311302185,0.46000000834465027,9828200
2023-06-30,0.46000000834465027,0.47999998927116394,0.46000000834465027,0.4749999940395355,15897200
2023-07-03,0.47999998927116394,0.49000000953674316,0.4699999988079071,0.48500001430511475,13729100
2023-07-04,0.48500001430511475,0.49000000953674316,0.4650000035762787,0.4650000035762787,24997300
2023-07-05,0.4699999988079071,0.4749999940395355,0.4650000035762787,0.4699999988079071,14662200
2023-07-06,0.4749999940395355,0.4749999940395355,0.45500001311302185,0.45500001311302185,22523500
2023-07-07,0.45500001311302185,0.46000000834465027,0.45500001311302185,0.45500001311302185,6619000
2023-07-10,0.45500001311302185,0.46000000834465027,0.44999998807907104,0.45500001311302185,13979000
2023-07-11,0.45500001311302185,0.47999998927116394,0.44999998807907104,0.4699999988079071,27552700
2023-07-12,0.4699999988079071,0.47999998927116394,0.4650000035762787,0.4650000035762787,13255500
2023-07-13,0.4699999988079071,0.47999998927116394,0.4650000035762787,0.4699999988079071,24296000
2023-07-14,0.4699999988079071,0.5099999904632568,0.4699999988079071,0.5,82017500
2023-07-17,0.5,0.5099999904632568,0.49000000953674316,0.5,53138100
2023-07-18,0.5,0.5,0.48500001430511475,0.49000000953674316,26853500
2023-07-20,0.4950000047683716,0.5049999952316284,0.49000000953674316,0.49000000953674316,18831700
2023-07-21,0.49000000953674316,0.49000000953674316,0.4699999988079071,0.4749999940395355,38634200
2023-07-24,0.4699999988079071,0.4749999940395355,0.4650000035762787,0.4650000035762787,15527500
2023-07-25,0.4650000035762787,0.47999998927116394,0.4650000035762787,0.4749999940395355,22911200
2023-07-26,0.4749999940395355,0.47999998927116394,0.4699999988079071,0.4749999940395355,9840200
2023-07-27,0.4749999940395355,0.48500001430511475,0.4749999940395355,0.47999998927116394,20389100
2023-07-28,0.47999998927116394,0.49000000953674316,0.4699999988079071,0.4749999940395355,24660300
2023-07-31,0.47999998927116394,0.49000000953674316,0.4699999988079071,0.4749999940395355,16098300
2023-08-01,0.4749999940395355,0.48500001430511475,0.4699999988079071,0.4699999988079071,16039500
2023-08-02,0.4699999988079071,0.4749999940395355,0.46000000834465027,0.4650000035762787,24404600
2023-08-03,0.4650000035762787,0.4699999988079071,0.45500001311302185,0.45500001311302185,19474900
2023-08-04,0.45500001311302185,0.4650000035762787,0.45500001311302185,0.46000000834465027,11831600
2023-08-07,0.46000000834465027,0.4650000035762787,0.44999998807907104,0.46000000834465027,13408200
2023-08-08,0.46000000834465027,0.4650000035762787,0.45500001311302185,0.45500001311302185,15404400
2023-08-09,0.45500001311302185,0.46000000834465027,0.44999998807907104,0.46000000834465027,12323300
2023-08-10,0.46000000834465027,0.4650000035762787,0.44999998807907104,0.46000000834465027,9771300
2023-08-11,0.46000000834465027,0.46000000834465027,0.44999998807907104,0.45500001311302185,16954200
2023-08-14,0.46000000834465027,0.4699999988079071,0.45500001311302185,0.4699999988079071,24326700
2023-08-15,0.4699999988079071,0.4749999940395355,0.45500001311302185,0.45500001311302185,27329500
2023-08-16,0.45500001311302185,0.4650000035762787,0.45500001311302185,0.46000000834465027,10298700
2023-08-17,0.46000000834465027,0.46000000834465027,0.44999998807907104,0.44999998807907104,13992100
2023-08-18,0.44999998807907104,0.44999998807907104,0.4350000023841858,0.4399999976158142,28768700
2023-08-21,0.4399999976158142,0.4399999976158142,0.42500001192092896,0.4350000023841858,20304200
2023-08-22,0.4300000071525574,0.4399999976158142,0.42500001192092896,0.4300000071525574,10617500
2023-08-23,0.4300000071525574,0.4350000023841858,0.41999998688697815,0.41999998688697815,15604000
2023-08-24,0.42500001192092896,0.4300000071525574,0.42500001192092896,0.42500001192092896,13422200
2023-08-25,0.42500001192092896,0.4449999928474426,0.41999998688697815,0.4350000023841858,16625200
2023-08-28,0.4399999976158142,0.4449999928474426,0.4350000023841858,0.4399999976158142,11980600
2023-08-29,0.4449999928474426,0.45500001311302185,0.4399999976158142,0.44999998807907104,34232200
2023-08-30,0.44999998807907104,0.45500001311302185,0.4399999976158142,0.44999998807907104,11307700
2023-09-01,0.44999998807907104,0.4699999988079071,0.4399999976158142,0.4650000035762787,52721800
2023-09-04,0.4699999988079071,0.47999998927116394,0.46000000834465027,0.46000000834465027,82238500
2023-09-05,0.4650000035762787,0.4650000035762787,0.4449999928474426,0.44999998807907104,27918800
2023-09-06,0.44999998807907104,0.46000000834465027,0.44999998807907104,0.45500001311302185,12753700
2023-09-07,0.44999998807907104,0.45500001311302185,0.4449999928474426,0.4449999928474426,13133500
2023-09-08,0.4449999928474426,0.45500001311302185,0.4399999976158142,0.4449999928474426,14389000
2023-09-11,0.4399999976158142,0.44999998807907104,0.4399999976158142,0.4449999928474426,8768100
2023-09-12,0.4449999928474426,0.45500001311302185,0.4399999976158142,0.44999998807907104,11401400
2023-09-13,0.44999998807907104,0.45500001311302185,0.4399999976158142,0.44999998807907104,17569000
2023-09-14,0.4399999976158142,0.4399999976158142,0.4300000071525574,0.4350000023841858,17846400
2023-09-15,0.4399999976158142,0.4449999928474426,0.4350000023841858,0.4449999928474426,19107200
2023-09-18,0.4449999928474426,0.4449999928474426,0.4350000023841858,0.4399999976158142,13710200
2023-09-19,0.4399999976158142,0.44999998807907104,0.4350000023841858,0.4449999928474426,31564300
2023-09-20,0.4449999928474426,0.4449999928474426,0.4350000023841858,0.4399999976158142,18502400
2023-09-21,0.4399999976158142,0.4449999928474426,0.4300000071525574,0.4399999976158142,14933200
2023-09-22,0.4350000023841858,0.4399999976158142,0.4300000071525574,0.4350000023841858,11650600
2023-09-25,0.4350000023841858,0.4399999976158142,0.4300000071525574,0.4350000023841858,11668300
2023-09-26,0.4350000023841858,0.4350000023841858,0.42500001192092896,0.42500001192092896,15460100
2023-09-27,0.42500001192092896,0.4350000023841858,0.42500001192092896,0.42500001192092896,16242700
2023-09-29,0.4300000071525574,0.4399999976158142,0.42500001192092896,0.4399999976158142,21861600
2023-10-02,0.4350000023841858,0.4449999928474426,0.4350000023841858,0.4399999976158142,12915600
2023-10-03,0.4399999976158142,0.4449999928474426,0.4300000071525574,0.4399999976158142,11728400
2023-10-04,0.4300000071525574,0.4300000071525574,0.42500001192092896,0.42500001192092896,13834600
2023-10-05,0.4300000071525574,0.4350000023841858,0.42500001192092896,0.4300000071525574,10612300
2023-10-06,0.4300000071525574,0.4350000023841858,0.42500001192092896,0.4300000071525574,8892900
2023-10-09,0.4300000071525574,0.4350000023841858,0.41999998688697815,0.42500001192092896,16168100
2023-10-10,0.4300000071525574,0.4399999976158142,0.42500001192092896,0.4350000023841858,15608800
2023-10-11,0.4350000023841858,0.4399999976158142,0.4300000071525574,0.4350000023841858,9000700
2023-10-12,0.4350000023841858,0.4399999976158142,0.42500001192092896,0.4350000023841858,15633400
2023-10-13,0.4399999976158142,0.4399999976158142,0.4300000071525574,0.4350000023841858,7697400
2023-10-16,0.4350000023841858,0.4350000023841858,0.42500001192092896,0.42500001192092896,6593100
2023-10-17,0.4300000071525574,0.4300000071525574,0.42500001192092896,0.42500001192092896,10170600
2023-10-18,0.42500001192092896,0.4300000071525574,0.41999998688697815,0.42500001192092896,9962900
2023-10-19,0.42500001192092896,0.4300000071525574,0.41999998688697815,0.42500001192092896,16612800
2023-10-20,0.41999998688697815,0.42500001192092896,0.41499999165534973,0.41499999165534973,15239200
2023-10-23,0.42500001192092896,0.4300000071525574,0.41499999165534973,0.41499999165534973,19581900
2023-10-24,0.42500001192092896,0.4300000071525574,0.4099999964237213,0.41499999165534973,35270700
2023-10-25,0.41999998688697815,0.4300000071525574,0.41499999165534973,0.42500001192092896,23340100
2023-10-26,0.42500001192092896,0.4300000071525574,0.41999998688697815,0.4300000071525574,13702900
2023-10-27,0.42500001192092896,0.4399999976158142,0.42500001192092896,0.4350000023841858,18034000
2023-10-30,0.4350000023841858,0.4350000023841858,0.42500001192092896,0.42500001192092896,8241500
2023-10-31,0.4300000071525574,0.4399999976158142,0.42500001192092896,0.4350000023841858,17486000
2023-11-01,0.4350000023841858,0.4350000023841858,0.42500001192092896,0.42500001192092896,6118600
2023-11-02,0.4300000071525574,0.4300000071525574,0.41999998688697815,0.41999998688697815,12436000
2023-11-03,0.42500001192092896,0.4300000071525574,0.41999998688697815,0.42500001192092896,13193700
2023-11-06,0.42500001192092896,0.44999998807907104,0.42500001192092896,0.4399999976158142,73176400
2023-11-07,0.4399999976158142,0.46000000834465027,0.4350000023841858,0.45500001311302185,79964100
2023-11-08,0.45500001311302185,0.46000000834465027,0.44999998807907104,0.44999998807907104,39045800
2023-11-09,0.44999998807907104,0.45500001311302185,0.4449999928474426,0.4449999928474426,18909900
2023-11-10,0.44999998807907104,0.44999998807907104,0.4350000023841858,0.4350000023841858,17281000
2023-11-14,0.4350000023841858,0.4399999976158142,0.4300000071525574,0.4350000023841858,12464800
2023-11-15,0.4350000023841858,0.4449999928474426,0.4300000071525574,0.4300000071525574,21184600
2023-11-16,0.4300000071525574,0.4350000023841858,0.42500001192092896,0.4300000071525574,13291200
2023-11-17,0.4350000023841858,0.4350000023841858,0.42500001192092896,0.4350000023841858,12700700
2023-11-20,0.4350000023841858,0.4350000023841858,0.4300000071525574,0.4300000071525574,7398000
2023-11-21,0.4300000071525574,0.4449999928474426,0.4300000071525574,0.4300000071525574,47262800
2023-11-22,0.4300000071525574,0.4350000023841858,0.42500001192092896,0.4300000071525574,22620700
2023-11-23,0.4350000023841858,0.4350000023841858,0.41999998688697815,0.42500001192092896,14787000
2023-11-24,0.42500001192092896,0.4350000023841858,0.41999998688697815,0.4350000023841858,17301400
2023-11-27,0.4350000023841858,0.4350000023841858,0.42500001192092896,0.42500001192092896,5854200
2023-11-28,0.42500001192092896,0.42500001192092896,0.4050000011920929,0.41999998688697815,37638400
2023-11-29,0.41999998688697815,0.42500001192092896,0.41499999165534973,0.41999998688697815,7183700
2023-11-30,0.41999998688697815,0.42500001192092896,0.4000000059604645,0.4000000059604645,76311000
2023-12-01,0.4000000059604645,0.4050000011920929,0.38999998569488525,0.4000000059604645,35655800
2023-12-04,0.4050000011920929,0.4050000011920929,0.39500001072883606,0.4000000059604645,17949700
2023-12-05,0.4000000059604645,0.4099999964237213,0.39500001072883606,0.4099999964237213,12479700
2023-12-06,0.4099999964237213,0.4099999964237213,0.39500001072883606,0.4000000059604645,24995300
2023-12-07,0.4000000059604645,0.4000000059604645,0.39500001072883606,0.39500001072883606,13023200
2023-12-08,0.39500001072883606,0.4050000011920929,0.38999998569488525,0.39500001072883606,18974500
2023-12-11,0.4000000059604645,0.4099999964237213,0.39500001072883606,0.4050000011920929,14934600
2023-12-12,0.4050000011920929,0.4050000011920929,0.3799999952316284,0.38999998569488525,51363900
2023-12-13,0.38999998569488525,0.4000000059604645,0.38499999046325684,0.39500001072883606,14134900
2023-12-14,0.39500001072883606,0.4000000059604645,0.38999998569488525,0.39500001072883606,15010400
2023-12-15,0.39500001072883606,0.4000000059604645,0.38999998569488525,0.39500001072883606,10242300
2023-12-18,0.39500001072883606,0.4000000059604645,0.38999998569488525,0.39500001072883606,8172500
2023-12-19,0.39500001072883606,0.4000000059604645,0.38999998569488525,0.39500001072883606,6126000
2023-12-20,0.4000000059604645,0.41999998688697815,0.39500001072883606,0.41499999165534973,65768900
2023-12-21,0.4099999964237213,0.41499999165534973,0.4000000059604645,0.4050000011920929,25459000
2023-12-22,0.4050000011920929,0.4099999964237213,0.39500001072883606,0.4000000059604645,29312300
2023-12-26,0.4000000059604645,0.4000000059604645,0.38999998569488525,0.39500001072883606,18650900
2023-12-27,0.39500001072883606,0.4000000059604645,0.39500001072883606,0.39500001072883606,7604800
2023-12-28,0.39500001072883606,0.4000000059604645,0.38999998569488525,0.4000000059604645,21669400
2023-12-29,0.4000000059604645,0.4050000011920929,0.39500001072883606,0.4000000059604645,34919500
2024-01-02,0.4000000059604645,0.4050000011920929,0.39500001072883606,0.39500001072883606,12455500
2024-01-03,0.39500001072883606,0.4099999964237213,0.39500001072883606,0.4050000011920929,41446300
2024-01-04,0.4050000011920929,0.4050000011920929,0.38999998569488525,0.38999998569488525,54516900
2024-01-05,0.39500001072883606,0.4050000011920929,0.38999998569488525,0.39500001072883606,57174700
2024-01-08,0.39500001072883606,0.4050000011920929,0.39500001072883606,0.4000000059604645,45583000
2024-01-09,0.4000000059604645,0.41499999165534973,0.4000000059604645,0.4050000011920929,46482500
2024-01-10,0.4050000011920929,0.4099999964237213,0.39500001072883606,0.39500001072883606,14727400
2024-01-11,0.4000000059604645,0.4000000059604645,0.39500001072883606,0.39500001072883606,11583500
2024-01-12,0.4000000059604645,0.4000000059604645,0.39500001072883606,0.39500001072883606,27881000
2024-01-15,0.4000000059604645,0.4000000059604645,0.38999998569488525,0.39500001072883606,22489300
2024-01-16,0.39500001072883606,0.4000000059604645,0.38499999046325684,0.39500001072883606,35228400
2024-01-17,0.39500001072883606,0.39500001072883606,0.3799999952316284,0.38499999046325684,30263300
2024-01-18,0.38499999046325684,0.38499999046325684,0.3149999976158142,0.33000001311302185,153478300
2024-01-19,0.33500000834465027,0.35499998927116394,0.3149999976158142,0.3449999988079071,60886400
2024-01-22,0.3449999988079071,0.36000001430511475,0.3400000035762787,0.3499999940395355,23359900
2024-01-23,0.3499999940395355,0.35499998927116394,0.3400000035762787,0.3449999988079071,31053600
2024-01-24,0.3449999988079071,0.36500000953674316,0.3400000035762787,0.36000001430511475,33694000
2024-01-26,0.36000001430511475,0.3700000047683716,0.35499998927116394,0.36000001430511475,20791100
2024-01-29,0.36500000953674316,0.36500000953674316,0.35499998927116394,0.35499998927116394,9175600
2024-01-30,0.36000001430511475,0.36000001430511475,0.3449999988079071,0.3499999940395355,13578800
2024-01-31,0.3499999940395355,0.35499998927116394,0.33500000834465027,0.3400000035762787,24982900
2024-02-02,0.3449999988079071,0.3449999988079071,0.33500000834465027,0.3400000035762787,6164500
2024-02-05,0.3400000035762787,0.3400000035762787,0.33000001311302185,0.33500000834465027,11065300
2024-02-06,0.33500000834465027,0.3449999988079071,0.33000001311302185,0.3449999988079071,9736700
2024-02-07,0.3449999988079071,0.3449999988079071,0.33000001311302185,0.33500000834465027,12257400
2024-02-08,0.33500000834465027,0.3400000035762787,0.33000001311302185,0.33000001311302185,14154500
2024-02-09,0.33500000834465027,0.3400000035762787,0.32499998807907104,0.3400000035762787,12108000
2024-02-13,0.3400000035762787,0.3449999988079071,0.33500000834465027,0.33500000834465027,11700300
2024-02-14,0.3400000035762787,0.35499998927116394,0.33500000834465027,0.3499999940395355,21230600
2024-02-15,0.3499999940395355,0.36000001430511475,0.3499999940395355,0.35499998927116394,21336800
2024-02-16,0.35499998927116394,0.38999998569488525,0.35499998927116394,0.375,53992200
2024-02-19,0.375,0.375,0.36000001430511475,0.36500000953674316,33850900
2024-02-20,0.36500000953674316,0.38499999046325684,0.36500000953674316,0.38499999046325684,34830100
2024-02-21,0.38499999046325684,0.38499999046325684,0.3700000047683716,0.375,12519900
2024-02-22,0.375,0.375,0.3449999988079071,0.35499998927116394,60119000
2024-02-23,0.36000001430511475,0.36500000953674316,0.3499999940395355,0.36000001430511475,18155500
2024-02-26,0.36500000953674316,0.38499999046325684,0.36500000953674316,0.375,49466600
2024-02-27,0.375,0.3799999952316284,0.36500000953674316,0.3700000047683716,16210300
2024-02-28,0.3700000047683716,0.3700000047683716,0.35499998927116394,0.35499998927116394,15208900
2024-02-29,0.36000001430511475,0.36500000953674316,0.35499998927116394,0.35499998927116394,10295400
2024-03-01,0.3449999988079071,0.3499999940395355,0.3400000035762787,0.3449999988079071,24177200
2024-03-04,0.3449999988079071,0.3499999940395355,0.3400000035762787,0.3400000035762787,10470400
2024-03-05,0.3449999988079071,0.36000001430511475,0.3400000035762787,0.36000001430511475,14152400
2024-03-06,0.36000001430511475,0.36000001430511475,0.3499999940395355,0.3499999940395355,6333800
2024-03-07,0.35499998927116394,0.36000001430511475,0.3499999940395355,0.36000001430511475,6343200
2024-03-08,0.36000001430511475,0.3700000047683716,0.35499998927116394,0.36000001430511475,19121200
2024-03-11,0.36000001430511475,0.3700000047683716,0.36000001430511475,0.36500000953674316,11730600
2024-03-12,0.36500000953674316,0.36500000953674316,0.35499998927116394,0.36500000953674316,8691500
2024-03-13,0.36500000953674316,0.36500000953674316,0.36000001430511475,0.36500000953674316,6571000
2024-03-14,0.36000001430511475,0.3700000047683716,0.35499998927116394,0.36500000953674316,14482600
2024-03-15,0.36500000953674316,0.36500000953674316,0.3499999940395355,0.35499998927116394,12517300
2024-03-18,0.35499998927116394,0.35499998927116394,0.3449999988079071,0.3499999940395355,15015500
2024-03-19,0.3499999940395355,0.36000001430511475,0.3499999940395355,0.35499998927116394,11652800
2024-03-20,0.35499998927116394,0.35499998927116394,0.3400000035762787,0.3499999940395355,20090600
2024-03-21,0.35499998927116394,0.35499998927116394,0.3449999988079071,0.3499999940395355,11094000
2024-03-22,0.3499999940395355,0.35499998927116394,0.3449999988079071,0.3499999940395355,8808100
2024-03-25,0.3499999940395355,0.35499998927116394,0.3449999988079071,0.3449999988079071,10606600
2024-03-26,0.3449999988079071,0.35499998927116394,0.3449999988079071,0.3499999940395355,12258700
2024-03-27,0.3499999940395355,0.3499999940395355,0.3449999988079071,0.3449999988079071,2561200
2024-03-29,0.3449999988079071,0.35499998927116394,0.3449999988079071,0.3499999940395355,4651400
2024-04-01,0.35499998927116394,0.35499998927116394,0.3449999988079071,0.3449999988079071,5057600
2024-04-02,0.3499999940395355,0.3499999940395355,0.33000001311302185,0.3499999940395355,28142300
2024-04-03,0.3499999940395355,0.36500000953674316,0.3499999940395355,0.3499999940395355,28094700
2024-04-04,0.35499998927116394,0.36500000953674316,0.3499999940395355,0.36000001430511475,21128000
2024-04-05,0.36000001430511475,0.375,0.35499998927116394,0.36500000953674316,42943400
2024-04-08,0.3700000047683716,0.3799999952316284,0.36500000953674316,0.375,37645000
2024-04-09,0.375,0.3799999952316284,0.3700000047683716,0.375,17395400
2024-04-12,0.375,0.41999998688697815,0.3700000047683716,0.41499999165534973,92146200
2024-04-15,0.41499999165534973,0.4300000071525574,0.4000000059604645,0.4099999964237213,77169400
2024-04-16,0.4050000011920929,0.4050000011920929,0.38499999046325684,0.4000000059604645,58199900
2024-04-17,0.4000000059604645,0.4099999964237213,0.39500001072883606,0.4050000011920929,27806200
2024-04-18,0.4050000011920929,0.4050000011920929,0.39500001072883606,0.4000000059604645,25194500
2024-04-19,0.4000000059604645,0.4050000011920929,0.3799999952316284,0.38999998569488525,44675600
2024-04-22,0.38999998569488525,0.39500001072883606,0.38499999046325684,0.38999998569488525,27858300
2024-04-23,0.39500001072883606,0.4099999964237213,0.38999998569488525,0.4000000059604645,38623900
2024-04-24,0.4050000011920929,0.4050000011920929,0.39500001072883606,0.4000000059604645,20285800
2024-04-25,0.4050000011920929,0.4050000011920929,0.38999998569488525,0.39500001072883606,15783300
2024-04-26,0.39500001072883606,0.4050000011920929,0.38999998569488525,0.4000000059604645,25263600
2024-04-29,0.4050000011920929,0.4099999964237213,0.39500001072883606,0.4000000059604645,34518100
2024-04-30,0.4000000059604645,0.4050000011920929,0.38999998569488525,0.39500001072883606,25548900
2024-05-02,0.4000000059604645,0.4050000011920929,0.39500001072883606,0.39500001072883606,21225000
2024-05-03,0.4000000059604645,0.4050000011920929,0.39500001072883606,0.4000000059604645,21222500
2024-05-06,0.4050000011920929,0.42500001192092896,0.4000000059604645,0.41499999165534973,87811600
2024-05-07,0.41499999165534973,0.41999998688697815,0.4050000011920929,0.4099999964237213,41001600
2024-05-08,0.4099999964237213,0.4099999964237213,0.4000000059604645,0.4050000011920929,33187500
2024-05-09,0.4050000011920929,0.4099999964237213,0.4000000059604645,0.4050000011920929,14472900
2024-05-10,0.4099999964237213,0.4099999964237213,0.39500001072883606,0.4000000059604645,37830100
2024-05-13,0.4000000059604645,0.4099999964237213,0.4000000059604645,0.4000000059604645,12116400
2024-05-14,0.4000000059604645,0.4050000011920929,0.39500001072883606,0.4000000059604645,17382200
2024-05-15,0.4000000059604645,0.4099999964237213,0.39500001072883606,0.4050000011920929,20579000
2024-05-16,0.4050000011920929,0.4050000011920929,0.4000000059604645,0.4000000059604645,18594800
2024-05-17,0.4000000059604645,0.4650000035762787,0.4000000059604645,0.4399999976158142,184010000
2024-05-20,0.4399999976158142,0.46000000834465027,0.4350000023841858,0.4449999928474426,74673400
2024-05-21,0.4449999928474426,0.4699999988079071,0.4399999976158142,0.4449999928474426,82898300
2024-05-23,0.44999998807907104,0.45500001311302185,0.4399999976158142,0.4449999928474426,52918200
2024-05-24,0.4399999976158142,0.44999998807907104,0.4350000023841858,0.44999998807907104,36315000
2024-05-27,0.48500001430511475,0.4950000047683716,0.4650000035762787,0.4699999988079071,210513400
2024-05-28,0.4699999988079071,0.47999998927116394,0.45500001311302185,0.46000000834465027,50000500
2024-05-29,0.46000000834465027,0.4699999988079071,0.4449999928474426,0.45500001311302185,59332500
2024-05-30,0.45500001311302185,0.4650000035762787,0.4449999928474426,0.44999998807907104,37211800
2024-05-31,0.45500001311302185,0.45500001311302185,0.4449999928474426,0.44999998807907104,16064900
2024-06-04,0.45500001311302185,0.4650000035762787,0.44999998807907104,0.46000000834465027,31539500
2024-06-05,0.46000000834465027,0.4950000047683716,0.46000000834465027,0.47999998927116394,191236500
2024-06-06,0.47999998927116394,0.48500001430511475,0.4699999988079071,0.4749999940395355,56602700
2024-06-07,0.4749999940395355,0.48500001430511475,0.4699999988079071,0.4749999940395355,45719600
2024-06-10,0.4749999940395355,0.4749999940395355,0.46000000834465027,0.4650000035762787,38801500
2024-06-11,0.4650000035762787,0.47999998927116394,0.4650000035762787,0.4749999940395355,45514600
2024-06-12,0.47999998927116394,0.5249999761581421,0.4749999940395355,0.4950000047683716,364085400
2024-06-13,0.5,0.5049999952316284,0.48500001430511475,0.49000000953674316,57392000
2024-06-14,0.49000000953674316,0.4950000047683716,0.47999998927116394,0.48500001430511475,45426700
2024-06-18,0.48500001430511475,0.5,0.48500001430511475,0.5,55082800
2024-06-19,0.5049999952316284,0.5099999904632568,0.47999998927116394,0.4950000047683716,90246200
2024-06-20,0.5,0.5,0.48500001430511475,0.49000000953674316,20137200
2024-06-21,0.49000000953674316,0.4950000047683716,0.48500001430511475,0.49000000953674316,28485500
2024-06-24,0.49000000953674316,0.49000000953674316,0.4749999940395355,0.4749999940395355,30645200
2024-06-25,0.47999998927116394,0.47999998927116394,0.45500001311302185,0.46000000834465027,43131000
2024-06-26,0.4650000035762787,0.4699999988079071,0.46000000834465027,0.4650000035762787,11735400
2024-06-27,0.4650000035762787,0.4650000035762787,0.4350000023841858,0.4399999976158142,75452000
2024-06-28,0.4399999976158142,0.45500001311302185,0.4300000071525574,0.44999998807907104,27678800
2024-07-01,0.44999998807907104,0.46000000834465027,0.4399999976158142,0.45500001311302185,18787000
2024-07-02,0.46000000834465027,0.46000000834465027,0.44999998807907104,0.45500001311302185,20865900
2024-07-03,0.45500001311302185,0.4699999988079071,0.45500001311302185,0.4650000035762787,27378700
2024-07-04,0.4699999988079071,0.4699999988079071,0.45500001311302185,0.46000000834465027,13812600
2024-07-05,0.46000000834465027,0.46000000834465027,0.44999998807907104,0.44999998807907104,13222100
2024-07-09,0.45500001311302185,0.4650000035762787,0.4449999928474426,0.44999998807907104,18235500
2024-07-10,0.45500001311302185,0.45500001311302185,0.4449999928474426,0.44999998807907104,11805300
2024-07-11,0.45500001311302185,0.46000000834465027,0.44999998807907104,0.44999998807907104,13418100
2024-07-12,0.44999998807907104,0.45500001311302185,0.4449999928474426,0.4449999928474426,13124000
2024-07-15,0.44999998807907104,0.46000000834465027,0.4449999928474426,0.45500001311302185,13463200
2024-07-16,0.45500001311302185,0.45500001311302185,0.4449999928474426,0.4449999928474426,13674300
2024-07-17,0.4449999928474426,0.45500001311302185,0.4449999928474426,0.44999998807907104,10548100
2024-07-18,0.44999998807907104,0.44999998807907104,0.4449999928474426,0.4449999928474426,9414100
2024-07-19,0.4449999928474426,0.44999998807907104,0.4399999976158142,0.4449999928474426,11823000
2024-07-22,0.44999998807907104,0.44999998807907104,0.4350000023841858,0.4350000023841858,20417300
2024-07-23,0.4350000023841858,0.4449999928474426,0.4350000023841858,0.4399999976158142,11552800
2024-07-24,0.4449999928474426,0.4449999928474426,0.42500001192092896,0.4300000071525574,14870900
2024-07-25,0.4300000071525574,0.4300000071525574,0.41499999165534973,0.41499999165534973,14247500
2024-07-26,0.41499999165534973,0.41999998688697815,0.4050000011920929,0.41499999165534973,24965500
2024-07-29,0.42500001192092896,0.4399999976158142,0.42500001192092896,0.4350000023841858,24465800
2024-07-30,0.4350000023841858,0.4399999976158142,0.41999998688697815,0.41999998688697815,9287400
2024-07-31,0.41999998688697815,0.42500001192092896,0.41499999165534973,0.41999998688697815,10049200
2024-08-01,0.41999998688697815,0.42500001192092896,0.41499999165534973,0.41999998688697815,9997900
2024-08-02,0.41999998688697815,0.41999998688697815,0.4000000059604645,0.4050000011920929,18168700
2024-08-05,0.4000000059604645,0.4000000059604645,0.3499999940395355,0.36500000953674316,38383000
2024-08-06,0.3700000047683716,0.38499999046325684,0.36000001430511475,0.38499999046325684,27469200
2024-08-07,0.38499999046325684,0.38999998569488525,0.375,0.3799999952316284,26578500
2024-08-08,0.375,0.38999998569488525,0.3700000047683716,0.3799999952316284,18757200
2024-08-09,0.38999998569488525,0.41999998688697815,0.38999998569488525,0.41499999165534973,33035500
2024-08-12,0.41499999165534973,0.4300000071525574,0.4050000011920929,0.4099999964237213,14116300
2024-08-13,0.41499999165534973,0.41499999165534973,0.4000000059604645,0.4000000059604645,6238300
2024-08-14,0.4050000011920929,0.4099999964237213,0.39500001072883606,0.4050000011920929,8042000
2024-08-15,0.4000000059604645,0.4000000059604645,0.38999998569488525,0.39500001072883606,6026900
2024-08-16,0.4000000059604645,0.4050000011920929,0.39500001072883606,0.4000000059604645,8831900
2024-08-19,0.4000000059604645,0.4099999964237213,0.4000000059604645,0.4000000059604645,8754500
2024-08-20,0.4000000059604645,0.4050000011920929,0.38999998569488525,0.38999998569488525,8630900
2024-08-21,0.38999998569488525,0.4000000059604645,0.38499999046325684,0.4000000059604645,10119300
2024-08-22,0.4000000059604645,0.4000000059604645,0.38999998569488525,0.39500001072883606,4300700
2024-08-23,0.39500001072883606,0.39500001072883606,0.375,0.3799999952316284,13111400
2024-08-26,0.38499999046325684,0.38999998569488525,0.375,0.3799999952316284,6416600
2024-08-27,0.3799999952316284,0.38499999046325684,0.36500000953674316,0.3700000047683716,14423800
2024-08-28,0.3700000047683716,0.3799999952316284,0.36500000953674316,0.375,12016500
2024-08-29,0.3799999952316284,0.3799999952316284,0.36000001430511475,0.36500000953674316,9177700
2024-08-30,0.36000001430511475,0.3700000047683716,0.35499998927116394,0.36000001430511475,16019300
2024-09-02,0.36000001430511475,0.3700000047683716,0.35499998927116394,0.36000001430511475,10963700
2024-09-03,0.36500000953674316,0.375,0.36000001430511475,0.36000001430511475,10997600
2024-09-04,0.3499999940395355,0.36000001430511475,0.3449999988079071,0.3499999940395355,12834600
2024-09-05,0.35499998927116394,0.35499998927116394,0.33500000834465027,0.33500000834465027,12884200
2024-09-06,0.33500000834465027,0.35499998927116394,0.33500000834465027,0.3499999940395355,16755300
2024-09-09,0.3449999988079071,0.35499998927116394,0.3449999988079071,0.3499999940395355,6653400
2024-09-10,0.35499998927116394,0.36000001430511475,0.3449999988079071,0.35499998927116394,13533300
2024-09-11,0.3499999940395355,0.35499998927116394,0.3449999988079071,0.3449999988079071,7707200
2024-09-12,0.3499999940395355,0.35499998927116394,0.3449999988079071,0.3499999940395355,10687600
2024-09-13,0.3499999940395355,0.3499999940395355,0.33500000834465027,0.3449999988079071,10062300
2024-09-17,0.3449999988079071,0.3449999988079071,0.33000001311302185,0.33500000834465027,14851200
2024-09-18,0.3400000035762787,0.3499999940395355,0.33500000834465027,0.3499999940395355,16206800
2024-09-19,0.3449999988079071,0.36000001430511475,0.3449999988079071,0.35499998927116394,14281800
2024-09-20,0.36000001430511475,0.36000001430511475,0.3449999988079071,0.3449999988079071,13742700
2024-09-23,0.3449999988079071,0.3499999940395355,0.3449999988079071,0.3449999988079071,3941000
2024-09-24,0.3449999988079071,0.35499998927116394,0.3400000035762787,0.3449999988079071,5838200
2024-09-25,0.3449999988079071,0.3499999940395355,0.3400000035762787,0.3400000035762787,7628500
2024-09-26,0.3449999988079071,0.3449999988079071,0.33500000834465027,0.3400000035762787,7487100
2024-09-27,0.3400000035762787,0.3449999988079071,0.33500000834465027,0.3400000035762787,4930000
2024-09-30,0.3400000035762787,0.3400000035762787,0.33500000834465027,0.33500000834465027,8199200
2024-10-01,0.36500000953674316,0.39500001072883606,0.3499999940395355,0.375,126769300
2024-10-02,0.375,0.38499999046325684,0.3700000047683716,0.3700000047683716,21668500
2024-10-03,0.375,0.3799999952316284,0.3700000047683716,0.3700000047683716,14013500
2024-10-04,0.375,0.38499999046325684,0.3700000047683716,0.375,32192700
2024-10-07,0.375,0.38999998569488525,0.375,0.3799999952316284,31259900
2024-10-08,0.3799999952316284,0.38499999046325684,0.375,0.38499999046325684,12481600
2024-10-09,0.38499999046325684,0.38999998569488525,0.375,0.3799999952316284,20806700
2024-10-10,0.38499999046325684,0.38499999046325684,0.375,0.3799999952316284,10984800
2024-10-11,0.375,0.3799999952316284,0.3700000047683716,0.375,12532300
2024-10-14,0.375,0.375,0.36500000953674316,0.3700000047683716,7927100
2024-10-15,0.3700000047683716,0.375,0.36500000953674316,0.3700000047683716,10907600
2024-10-16,0.3700000047683716,0.3700000047683716,0.35499998927116394,0.35499998927116394,12616100
2024-10-17,0.35499998927116394,0.36500000953674316,0.35499998927116394,0.35499998927116394,6391000
2024-10-18,0.36000001430511475,0.36500000953674316,0.35499998927116394,0.36000001430511475,8896100
2024-10-21,0.35499998927116394,0.36000001430511475,0.3449999988079071,0.35499998927116394,16774700
2024-10-22,0.35499998927116394,0.35499998927116394,0.3499999940395355,0.3499999940395355,2825900
2024-10-23,0.3499999940395355,0.36000001430511475,0.3499999940395355,0.3499999940395355,7392800
2024-10-24,0.3499999940395355,0.36500000953674316,0.3499999940395355,0.35499998927116394,14071500
2024-10-25,0.36000001430511475,0.36000001430511475,0.3449999988079071,0.3499999940395355,15052200
2024-10-28,0.3499999940395355,0.36000001430511475,0.3499999940395355,0.36000001430511475,7683900
2024-10-29,0.36000001430511475,0.36000001430511475,0.35499998927116394,0.36000001430511475,4328100
2024-10-30,0.35499998927116394,0.36000001430511475,0.3499999940395355,0.35499998927116394,8308200
2024-11-01,0.3499999940395355,0.36000001430511475,0.3499999940395355,0.35499998927116394,7354800
2024-11-04,0.35499998927116394,0.36000001430511475,0.35499998927116394,0.35499998927116394,6570000
2024-11-05,0.35499998927116394,0.36500000953674316,0.35499998927116394,0.36500000953674316,6200500
2024-11-06,0.36500000953674316,0.38499999046325684,0.36500000953674316,0.3799999952316284,12456100
2024-11-07,0.3799999952316284,0.3799999952316284,0.36500000953674316,0.3700000047683716,16962000
2024-11-08,0.3700000047683716,0.3700000047683716,0.35499998927116394,0.36000001430511475,7187500
2024-11-11,0.36000001430511475,0.36500000953674316,0.3499999940395355,0.35499998927116394,6307700
2024-11-12,0.3499999940395355,0.35499998927116394,0.3400000035762787,0.3449999988079071,9331800
2024-11-13,0.3449999988079071,0.3449999988079071,0.33500000834465027,0.3449999988079071,7540600
2024-11-14,0.3449999988079071,0.3499999940395355,0.3400000035762787,0.3449999988079071,4851800
2024-11-15,0.3449999988079071,0.3449999988079071,0.33500000834465027,0.33500000834465027,6515200
2024-11-18,0.33500000834465027,0.3400000035762787,0.33500000834465027,0.33500000834465027,3355800
2024-11-19,0.33500000834465027,0.3449999988079071,0.33500000834465027,0.3400000035762787,9319500
2024-11-20,0.3400000035762787,0.3449999988079071,0.33500000834465027,0.3400000035762787,5372800
2024-11-21,0.3400000035762787,0.3400000035762787,0.33000001311302185,0.33500000834465027,4753700
2024-11-22,0.33500000834465027,0.36500000953674316,0.33500000834465027,0.36000001430511475,26603300
2024-11-25,0.36000001430511475,0.36000001430511475,0.3499999940395355,0.35499998927116394,3956300
2024-11-26,0.35499998927116394,0.35499998927116394,0.3449999988079071,0.3449999988079071,3070700
2024-11-27,0.3449999988079071,0.36000001430511475,0.3449999988079071,0.35499998927116394,8496100
2024-11-28,0.35499998927116394,0.35499998927116394,0.3449999988079071,0.3499999940395355,6604300
2024-11-29,0.3499999940395355,0.35499998927116394,0.3449999988079071,0.3449999988079071,3212700
2024-12-02,0.3449999988079071,0.35499998927116394,0.3449999988079071,0.3449999988079071,3059200
2024-12-03,0.3449999988079071,0.35499998927116394,0.3449999988079071,0.35499998927116394,8792600
2024-12-04,0.35499998927116394,0.36000001430511475,0.3499999940395355,0.3499999940395355,8465300
2024-12-05,0.3499999940395355,0.35499998927116394,0.3449999988079071,0.3449999988079071,7290300
2024-12-06,0.3499999940395355,0.35499998927116394,0.3499999940395355,0.35499998927116394,4568700
2024-12-09,0.35499998927116394,0.3700000047683716,0.3499999940395355,0.35499998927116394,19515400
2024-12-10,0.35499998927116394,0.35499998927116394,0.3499999940395355,0.35499998927116394,2942800
2024-12-11,0.3700000047683716,0.41499999165534973,0.3700000047683716,0.4000000059604645,132344500
2024-12-12,0.4000000059604645,0.4000000059604645,0.38499999046325684,0.4000000059604645,37733600
2024-12-13,0.4000000059604645,0.4000000059604645,0.38499999046325684,0.39500001072883606,17836900
2024-12-16,0.39500001072883606,0.4099999964237213,0.38999998569488525,0.39500001072883606,26581000
2024-12-17,0.39500001072883606,0.4050000011920929,0.38999998569488525,0.39500001072883606,17519900
2024-12-18,0.39500001072883606,0.4000000059604645,0.39500001072883606,0.39500001072883606,7607900
2024-12-19,0.38499999046325684,0.38999998569488525,0.3799999952316284,0.38499999046325684,18655200
2024-12-20,0.3799999952316284,0.38999998569488525,0.3799999952316284,0.3799999952316284,7845300
2024-12-23,0.3799999952316284,0.38499999046325684,0.3700000047683716,0.375,14131800
2024-12-24,0.375,0.38499999046325684,0.3700000047683716,0.375,15062700
2024-12-26,0.375,0.38499999046325684,0.375,0.38499999046325684,16818900
2024-12-27,0.38499999046325684,0.39500001072883606,0.3799999952316284,0.39500001072883606,11017100
2024-12-30,0.39500001072883606,0.4099999964237213,0.38999998569488525,0.4050000011920929,26050500
2024-12-31,0.4000000059604645,0.4099999964237213,0.39500001072883606,0.4099999964237213,20021200
2025-01-02,0.4050000011920929,0.41499999165534973,0.39500001072883606,0.4000000059604645,14811500
2025-01-03,0.4000000059604645,0.4350000023841858,0.4000000059604645,0.4300000071525574,70605600
2025-01-06,0.4300000071525574,0.4399999976158142,0.41999998688697815,0.42500001192092896,21930200
2025-01-07,0.4300000071525574,0.4300000071525574,0.41999998688697815,0.42500001192092896,21452600
2025-01-08,0.41999998688697815,0.42500001192092896,0.4099999964237213,0.41499999165534973,23196500
2025-01-09,0.41999998688697815,0.41999998688697815,0.4050000011920929,0.4050000011920929,23719200
2025-01-10,0.4050000011920929,0.41499999165534973,0.4000000059604645,0.4050000011920929,10648900
2025-01-13,0.4050000011920929,0.4099999964237213,0.38499999046325684,0.38999998569488525,22915700
2025-01-14,0.4000000059604645,0.4000000059604645,0.38499999046325684,0.38999998569488525,12678300
2025-01-15,0.38999998569488525,0.4000000059604645,0.375,0.375,18282800
2025-01-16,0.38499999046325684,0.38999998569488525,0.375,0.3799999952316284,12520100
2025-01-17,0.3799999952316284,0.38999998569488525,0.375,0.38999998569488525,16132200
2025-01-20,0.39500001072883606,0.39500001072883606,0.3799999952316284,0.38499999046325684,24104300
2025-01-21,0.38999998569488525,0.39500001072883606,0.38499999046325684,0.38999998569488525,19201300
2025-01-22,0.39500001072883606,0.39500001072883606,0.38499999046325684,0.38999998569488525,10623400
2025-01-23,0.38499999046325684,0.38999998569488525,0.3799999952316284,0.3799999952316284,6547700
2025-01-24,0.38499999046325684,0.38999998569488525,0.3799999952316284,0.3799999952316284,7131800
2025-01-27,0.3799999952316284,0.38499999046325684,0.35499998927116394,0.35499998927116394,12266600
2025-01-28,0.35499998927116394,0.36500000953674316,0.3499999940395355,0.36000001430511475,4673600
2025-01-31,0.36000001430511475,0.3700000047683716,0.36000001430511475,0.36500000953674316,2434900
2025-02-03,0.36000001430511475,0.3700000047683716,0.36000001430511475,0.36500000953674316,3703400
2025-02-04,0.36500000953674316,0.3700000047683716,0.36000001430511475,0.36500000953674316,7369200
2025-02-05,0.36500000953674316,0.3700000047683716,0.36000001430511475,0.36500000953674316,7403200
2025-02-06,0.36500000953674316,0.375,0.36000001430511475,0.36500000953674316,4736100
2025-02-07,0.3700000047683716,0.38999998569488525,0.3700000047683716,0.38499999046325684,11344200
2025-02-10,0.38499999046325684,0.38499999046325684,0.375,0.3799999952316284,5125300
2025-02-12,0.3799999952316284,0.38499999046325684,0.3700000047683716,0.3700000047683716,8946400
2025-02-13,0.3700000047683716,0.3700000047683716,0.35499998927116394,0.36500000953674316,17018600
2025-02-14,0.36500000953674316,0.3700000047683716,0.35499998927116394,0.35499998927116394,6334000
2025-02-17,0.35499998927116394,0.36000001430511475,0.3400000035762787,0.3449999988079071,16339200
2025-02-18,0.3449999988079071,0.3499999940395355,0.3400000035762787,0.3400000035762787,15940300
2025-02-19,0.3449999988079071,0.3449999988079071,0.33000001311302185,0.33000001311302185,14426500
2025-02-20,0.33000001311302185,0.33500000834465027,0.32499998807907104,0.33000001311302185,11105900
2025-02-21,0.33000001311302185,0.3400000035762787,0.32499998807907104,0.32499998807907104,8328300
2025-02-24,0.32499998807907104,0.32499998807907104,0.3100000023841858,0.3100000023841858,14614300
2025-02-25,0.3100000023841858,0.3149999976158142,0.28999999165534973,0.29499998688697815,16973900
2025-02-26,0.29499998688697815,0.3050000071525574,0.28999999165534973,0.29499998688697815,10928700
2025-02-27,0.29499998688697815,0.3149999976158142,0.28999999165534973,0.3050000071525574,13490100
2025-02-28,0.29499998688697815,0.29499998688697815,0.25999999046325684,0.2750000059604645,46239900
2025-03-03,0.2750000059604645,0.2849999964237213,0.26499998569488525,0.26499998569488525,10789100
2025-03-04,0.26499998569488525,0.26499998569488525,0.24500000476837158,0.24500000476837158,23935700
2025-03-05,0.24500000476837158,0.26499998569488525,0.24500000476837158,0.25999999046325684,17744800
2025-03-06,0.26499998569488525,0.2849999964237213,0.25999999046325684,0.2800000011920929,29498300
2025-03-07,0.2750000059604645,0.3199999928474426,0.2750000059604645,0.3050000071525574,32569500
2025-03-10,0.3100000023841858,0.3149999976158142,0.27000001072883606,0.2750000059604645,28109500
2025-03-11,0.26499998569488525,0.30000001192092896,0.25999999046325684,0.30000001192092896,17661700
2025-03-12,0.29499998688697815,0.30000001192092896,0.2750000059604645,0.2800000011920929,12870200
2025-03-13,0.2849999964237213,0.30000001192092896,0.2800000011920929,0.2849999964237213,17874400
2025-03-14,0.2849999964237213,0.29499998688697815,0.2800000011920929,0.28999999165534973,17961300
2025-03-17,0.29499998688697815,0.3050000071525574,0.28999999165534973,0.28999999165534973,23689100
2025-03-19,0.28999999165534973,0.29499998688697815,0.2849999964237213,0.28999999165534973,6312600
2025-03-20,0.29499998688697815,0.30000001192092896,0.2849999964237213,0.28999999165534973,8172200
2025-03-21,0.2849999964237213,0.29499998688697815,0.2800000011920929,0.2800000011920929,11240000
2025-03-24,0.2800000011920929,0.2849999964237213,0.27000001072883606,0.2750000059604645,12457500
2025-03-25,0.2750000059604645,0.2849999964237213,0.2750000059604645,0.2750000059604645,7451700
2025-03-26,0.2750000059604645,0.2800000011920929,0.27000001072883606,0.2800000011920929,5357800
2025-03-27,0.2750000059604645,0.2800000011920929,0.27000001072883606,0.2750000059604645,5010900
2025-03-28,0.2750000059604645,0.2800000011920929,0.26499998569488525,0.26499998569488525,6579700
2025-04-02,0.27000001072883606,0.27000001072883606,0.25999999046325684,0.26499998569488525,6959900
2025-04-03,0.25999999046325684,0.27000001072883606,0.2549999952316284,0.25999999046325684,6853200
2025-04-04,0.25999999046325684,0.25999999046325684,0.24500000476837158,0.2549999952316284,11338800
2025-04-07,0.24500000476837158,0.24500000476837158,0.22499999403953552,0.23000000417232513,17740200
2025-04-08,0.23499999940395355,0.24500000476837158,0.23000000417232513,0.23999999463558197,10997600
2025-04-09,0.23499999940395355,0.23499999940395355,0.2199999988079071,0.22499999403953552,6236800
2025-04-10,0.24500000476837158,0.25,0.23499999940395355,0.23999999463558197,15850600
2025-04-11,0.23499999940395355,0.24500000476837158,0.23000000417232513,0.23999999463558197,6966500
2025-04-14,0.25,0.2549999952316284,0.24500000476837158,0.2549999952316284,10934400
2025-04-15,0.2549999952316284,0.25999999046325684,0.24500000476837158,0.25,8429400
2025-04-16,0.24500000476837158,0.2549999952316284,0.23499999940395355,0.23999999463558197,14893500
2025-04-17,0.23499999940395355,0.24500000476837158,0.23000000417232513,0.23999999463558197,6879400
2025-04-18,0.24500000476837158,0.25,0.23999999463558197,0.24500000476837158,6881400
2025-04-21,0.25,0.25,0.23999999463558197,0.23999999463558197,3729700
2025-04-22,0.23999999463558197,0.24500000476837158,0.23499999940395355,0.24500000476837158,3803400
2025-04-23,0.24500000476837158,0.25,0.23999999463558197,0.24500000476837158,7667300
2025-04-24,0.24500000476837158,0.25999999046325684,0.24500000476837158,0.2549999952316284,12666600
2025-04-25,0.25999999046325684,0.2750000059604645,0.2549999952316284,0.27000001072883606,14885400
2025-04-28,0.27000001072883606,0.27000001072883606,0.25999999046325684,0.26499998569488525,8322900
2025-04-29,0.26499998569488525,0.2750000059604645,0.2549999952316284,0.25999999046325684,13837900
2025-04-30,0.25999999046325684,0.26499998569488525,0.2549999952316284,0.25999999046325684,4431800
2025-05-02,0.25999999046325684,0.27000001072883606,0.25999999046325684,0.26499998569488525,10285900
2025-05-05,0.27000001072883606,0.27000001072883606,0.25999999046325684,0.26499998569488525,7700100
2025-05-06,0.26499998569488525,0.26499998569488525,0.25999999046325684,0.26499998569488525,1072100
2025-05-07,0.26499998569488525,0.2849999964237213,0.26499998569488525,0.2750000059604645,30134300
2025-05-08,0.2800000011920929,0.2800000011920929,0.27000001072883606,0.2750000059604645,14369300
2025-05-09,0.2800000011920929,0.2849999964237213,0.2750000059604645,0.2800000011920929,13298500
2025-05-13,0.28999999165534973,0.30000001192092896,0.28999999165534973,0.28999999165534973,15088900
2025-05-14,0.29499998688697815,0.3199999928474426,0.29499998688697815,0.3149999976158142,32420900
2025-05-15,0.3149999976158142,0.33000001311302185,0.3100000023841858,0.3199999928474426,16337300
2025-05-16,0.3199999928474426,0.3199999928474426,0.3050000071525574,0.3100000023841858,11158400
2025-05-19,0.3100000023841858,0.3149999976158142,0.29499998688697815,0.30000001192092896,11281400
2025-05-20,0.30000001192092896,0.3149999976158142,0.30000001192092896,0.3050000071525574,9386700
2025-05-21,0.3100000023841858,0.3100000023841858,0.30000001192092896,0.30000001192092896,4180600
2025-05-22,0.29499998688697815,0.30000001192092896,0.28999999165534973,0.28999999165534973,6069200
2025-05-23,0.3050000071525574,0.3050000071525574,0.29499998688697815,0.30000001192092896,4401400
2025-05-26,0.30000001192092896,0.3050000071525574,0.28999999165534973,0.28999999165534973,12900300
2025-05-27,0.28999999165534973,0.29499998688697815,0.2849999964237213,0.28999999165534973,8551300
2025-05-28,0.28999999165534973,0.30000001192092896,0.28999999165534973,0.29499998688697815,12532500
2025-05-29,0.30000001192092896,0.3050000071525574,0.28999999165534973,0.29499998688697815,18757700
2025-05-30,0.2849999964237213,0.29499998688697815,0.2800000011920929,0.2800000011920929,14186000
2025-06-03,0.2849999964237213,0.28999999165534973,0.2750000059604645,0.2800000011920929,13476200
2025-06-04,0.2849999964237213,0.28999999165534973,0.2800000011920929,0.2849999964237213,8405500
2025-06-05,0.2849999964237213,0.30000001192092896,0.2849999964237213,0.29499998688697815,15891200
2025-06-06,0.29499998688697815,0.30000001192092896,0.28999999165534973,0.30000001192092896,6431400
2025-06-09,0.30000001192092896,0.3100000023841858,0.30000001192092896,0.3050000071525574,15333700
2025-06-10,0.3050000071525574,0.3100000023841858,0.30000001192092896,0.30000001192092896,9633200
2025-06-11,0.3050000071525574,0.3100000023841858,0.29499998688697815,0.30000001192092896,8044600
2025-06-12,0.30000001192092896,0.3050000071525574,0.29499998688697815,0.30000001192092896,9023000
2025-06-13,0.30000001192092896,0.3050000071525574,0.29499998688697815,0.30000001192092896,7295400
2025-06-16,0.30000001192092896,0.30000001192092896,0.2849999964237213,0.28999999165534973,14206900
2025-06-17,0.29499998688697815,0.29499998688697815,0.2849999964237213,0.28999999165534973,5813600
2025-06-18,0.29499998688697815,0.29499998688697815,0.2849999964237213,0.28999999165534973,5569200
2025-06-19,0.30000001192092896,0.30000001192092896,0.28999999165534973,0.28999999165534973,10034600
2025-06-20,0.28999999165534973,0.29499998688697815,0.2750000059604645,0.2750000059604645,21809000
2025-06-23,0.26499998569488525,0.2800000011920929,0.25999999046325684,0.2800000011920929,9851700
2025-06-24,0.2849999964237213,0.28999999165534973,0.2800000011920929,0.2800000011920929,6410300
2025-06-25,0.2849999964237213,0.29499998688697815,0.2800000011920929,0.28999999165534973,8341600
2025-06-26,0.28999999165534973,0.29499998688697815,0.2849999964237213,0.28999999165534973,5313500
2025-06-30,0.29499998688697815,0.29499998688697815,0.2800000011920929,0.2800000011920929,8563700
2025-07-01,0.28999999165534973,0.29499998688697815,0.2849999964237213,0.2849999964237213,6926700
2025-07-02,0.28999999165534973,0.30000001192092896,0.2849999964237213,0.28999999165534973,7736300
2025-07-03,0.28999999165534973,0.3050000071525574,0.28999999165534973,0.30000001192092896,28568400
2025-07-04,0.30000001192092896,0.3050000071525574,0.29499998688697815,0.29499998688697815,10335700
2025-07-07,0.29499998688697815,0.29499998688697815,0.2849999964237213,0.28999999165534973,6671800
2025-07-08,0.28999999165534973,0.29499998688697815,0.2849999964237213,0.28999999165534973,7723200
2025-07-09,0.29499998688697815,0.29499998688697815,0.28999999165534973,0.28999999165534973,5571800
2025-07-10,0.29499998688697815,0.30000001192092896,0.29499998688697815,0.30000001192092896,6444200
2025-07-11,0.30000001192092896,0.32499998807907104,0.30000001192092896,0.3199999928474426,33236500
2025-07-14,0.32499998807907104,0.32499998807907104,0.3100000023841858,0.3149999976158142,15251600
2025-07-15,0.3149999976158142,0.3149999976158142,0.3050000071525574,0.3050000071525574,23825500
2025-07-16,0.2750000059604645,0.28999999165534973,0.2750000059604645,0.2800000011920929,12452600
2025-07-17,0.2849999964237213,0.2849999964237213,0.2800000011920929,0.2849999964237213,4708300
2025-07-18,0.2849999964237213,0.29499998688697815,0.2800000011920929,0.28999999165534973,9088300
2025-07-21,0.28999999165534973,0.28999999165534973,0.2800000011920929,0.2849999964237213,6935400
2025-07-22,0.2849999964237213,0.2849999964237213,0.2800000011920929,0.2800000011920929,3076700
2025-07-23,0.2800000011920929,0.28999999165534973,0.2800000011920929,0.2849999964237213,8049100
2025-07-24,0.28999999165534973,0.3100000023841858,0.2849999964237213,0.2849999964237213,33684600
2025-07-25,0.28999999165534973,0.29499998688697815,0.2849999964237213,0.2849999964237213,8680500
2025-07-28,0.28999999165534973,0.29499998688697815,0.2849999964237213,0.28999999165534973,11680700
2025-07-29,0.28999999165534973,0.28999999165534973,0.2800000011920929,0.2849999964237213,8631100
2025-07-30,0.2849999964237213,0.2849999964237213,0.2800000011920929,0.2800000011920929,3012000
2025-07-31,0.2800000011920929,0.28999999165534973,0.2800000011920929,0.28999999165534973,16685400
2025-08-01,0.2849999964237213,0.28999999165534973,0.2800000011920929,0.2849999964237213,20144800
2025-08-04,0.2849999964237213,0.2849999964237213,0.2800000011920929,0.2849999964237213,1964900
2025-08-05,0.2849999964237213,0.28999999165534973,0.2750000059604645,0.2800000011920929,15393800
2025-08-06,0.2800000011920929,0.2800000011920929,0.26499998569488525,0.26499998569488525,16075400
2025-08-07,0.27000001072883606,0.27000001072883606,0.25,0.2549999952316284,23705400
2025-08-08,0.25999999046325684,0.25999999046325684,0.25,0.2549999952316284,13559400
2025-08-11,0.2549999952316284,0.27000001072883606,0.2549999952316284,0.2549999952316284,17160200
2025-08-12,0.2549999952316284,0.25999999046325684,0.2549999952316284,0.2549999952316284,4837800
2025-08-13,0.2549999952316284,0.26499998569488525,0.2549999952316284,0.2549999952316284,7761400
2025-08-14,0.25999999046325684,0.25999999046325684,0.25,0.25,5198500
2025-08-15,0.25,0.25,0.24500000476837158,0.24500000476837158,12958500
2025-08-18,0.24500000476837158,0.25,0.23999999463558197,0.24500000476837158,5451100
2025-08-19,0.24500000476837158,0.24500000476837158,0.23999999463558197,0.23999999463558197,4421700
2025-08-20,0.23999999463558197,0.24500000476837158,0.23499999940395355,0.23999999463558197,4675300
2025-08-21,0.23999999463558197,0.24500000476837158,0.23999999463558197,0.23999999463558197,3272300
2025-08-22,0.24500000476837158,0.25,0.23999999463558197,0.25,4708700
2025-08-25,0.25,0.2549999952316284,0.24500000476837158,0.24500000476837158,4569800
2025-08-26,0.24500000476837158,0.25,0.23999999463558197,0.24500000476837158,6354200
2025-08-27,0.24500000476837158,0.25,0.23999999463558197,0.24500000476837158,4875400
2025-08-28,0.24500000476837158,0.25,0.23999999463558197,0.24500000476837158,2429700
2025-08-29,0.2549999952316284,0.25999999046325684,0.24500000476837158,0.24500000476837158,12254500
2025-09-02,0.25,0.2549999952316284,0.24500000476837158,0.24500000476837158,13107900
2025-09-03,0.24500000476837158,0.2549999952316284,0.23999999463558197,0.24500000476837158,17665800
2025-09-04,0.25,0.2549999952316284,0.24500000476837158,0.24500000476837158,20819300
2025-09-08,0.25,0.2549999952316284,0.23999999463558197,0.23999999463558197,12201300
2025-09-09,0.23999999463558197,0.24500000476837158,0.23499999940395355,0.24500000476837158,20367100
2025-09-10,0.23999999463558197,0.24500000476837158,0.23999999463558197,0.23999999463558197,1961900
2025-09-11,0.23999999463558197,0.25,0.23999999463558197,0.24500000476837158,10795600
2025-09-12,0.24500000476837158,0.2549999952316284,0.24500000476837158,0.2549999952316284,5928300
2025-09-17,0.2549999952316284,0.26499998569488525,0.25,0.26499998569488525,21939500
2025-09-18,0.26499998569488525,0.27000001072883606,0.2549999952316284,0.25999999046325684,21537700
2025-09-19,0.25999999046325684,0.27000001072883606,0.25,0.25,30142600
2025-09-22,0.2549999952316284,0.25999999046325684,0.24500000476837158,0.25999999046325684,23447700
2025-09-23,0.25999999046325684,0.26499998569488525,0.25,0.2549999952316284,20324300
2025-09-24,0.2549999952316284,0.25999999046325684,0.25,0.2549999952316284,10516600
2025-09-25,0.2549999952316284,0.25999999046325684,0.25,0.25999999046325684,18200200
2025-09-26,0.25999999046325684,0.26499998569488525,0.25,0.2549999952316284,29429400
2025-09-29,0.2549999952316284,0.25999999046325684,0.25,0.25,2610000
2025-09-30,0.25,0.2549999952316284,0.24500000476837158,0.24500000476837158,21842600
2025-10-01,0.25,0.2549999952316284,0.24500000476837158,0.25,12932300
2025-10-02,0.25,0.25999999046325684,0.25,0.25999999046325684,20505400
2025-10-03,0.2549999952316284,0.25999999046325684,0.25,0.2549999952316284,13187400
2025-10-06,0.25999999046325684,0.25999999046325684,0.25,0.25999999046325684,16160900
2025-10-07,0.25999999046325684,0.27000001072883606,0.2549999952316284,0.2549999952316284,28734100
2025-10-08,0.25999999046325684,0.25999999046325684,0.25,0.2549999952316284,14292600
2025-10-09,0.2549999952316284,0.25999999046325684,0.2549999952316284,0.2549999952316284,2484100
2025-10-10,0.25999999046325684,0.27000001072883606,0.2549999952316284,0.26499998569488525,14634700
2025-10-13,0.25999999046325684,0.26499998569488525,0.2549999952316284,0.25999999046325684,10281400
2025-10-14,0.25999999046325684,0.27000001072883606,0.2549999952316284,0.2549999952316284,16360400
2025-10-15,0.25999999046325684,0.29499998688697815,0.25999999046325684,0.28999999165534973,64536600
2025-10-16,0.29499998688697815,0.29499998688697815,0.2800000011920929,0.2800000011920929,41232900
2025-10-17,0.2800000011920929,0.2849999964237213,0.26499998569488525,0.27000001072883606,28400200
2025-10-21,0.2750000059604645,0.28999999165534973,0.27000001072883606,0.2800000011920929,28397400
2025-10-22,0.2849999964237213,0.2849999964237213,0.27000001072883606,0.2750000059604645,13870100
2025-10-23,0.2750000059604645,0.2849999964237213,0.27000001072883606,0.2750000059604645,11761300
2025-10-24,0.2750000059604645,0.2800000011920929,0.2750000059604645,0.2750000059604645,9382200
2025-10-27,0.2800000011920929,0.2849999964237213,0.2750000059604645,0.2750000059604645,8981300
2025-10-28,0.2750000059604645,0.2800000011920929,0.27000001072883606,0.2800000011920929,16719400
2025-10-29,0.2800000011920929,0.28999999165534973,0.27000001072883606,0.2800000011920929,22070900
2025-10-30,0.2800000011920929,0.2849999964237213,0.2750000059604645,0.2800000011920929,9312800
2025-10-31,0.2800000011920929,0.3149999976158142,0.2800000011920929,0.3050000071525574,74605800
2025-11-03,0.3100000023841858,0.33000001311302185,0.3050000071525574,0.33000001311302185,56569300
2025-11-04,0.33500000834465027,0.3400000035762787,0.3199999928474426,0.3199999928474426,41103600
2025-11-05,0.3199999928474426,0.32499998807907104,0.3050000071525574,0.3149999976158142,36956100
2025-11-06,0.32499998807907104,0.32499998807907104,0.3050000071525574,0.3100000023841858,23293500
2025-11-07,0.3100000023841858,0.3149999976158142,0.30000001192092896,0.3100000023841858,13570400
2025-11-10,0.3100000023841858,0.32499998807907104,0.3100000023841858,0.3199999928474426,13522600
2025-11-11,0.32499998807907104,0.33500000834465027,0.3100000023841858,0.3100000023841858,29433900
2025-11-12,0.3100000023841858,0.3149999976158142,0.30000001192092896,0.30000001192092896,29963600
2025-11-13,0.30000001192092896,0.3050000071525574,0.2849999964237213,0.2849999964237213,38547300
2025-11-14,0.2800000011920929,0.2849999964237213,0.2750000059604645,0.2800000011920929,14189000
2025-11-17,0.2849999964237213,0.28999999165534973,0.2750000059604645,0.2800000011920929,15237600
2025-11-18,0.2750000059604645,0.2800000011920929,0.27000001072883606,0.2750000059604645,20095800
2025-11-19,0.2800000011920929,0.2800000011920929,0.27000001072883606,0.27000001072883606,4878000
2025-11-20,0.2750000059604645,0.28999999165534973,0.2750000059604645,0.2849999964237213,16166600
2025-11-21,0.2800000011920929,0.28999999165534973,0.2750000059604645,0.2800000011920929,12092800
2025-11-24,0.2849999964237213,0.28999999165534973,0.2800000011920929,0.2800000011920929,4143900
2025-11-25,0.2849999964237213,0.28999999165534973,0.2750000059604645,0.2750000059604645,12972200
2025-11-26,0.2800000011920929,0.2800000011920929,0.2750000059604645,0.2750000059604645,12606600
2025-11-27,0.2750000059604645,0.2800000011920929,0.27000001072883606,0.27000001072883606,7471300
2025-11-28,0.2750000059604645,0.2750000059604645,0.26499998569488525,0.2750000059604645,11123700
2025-12-01,0.2750000059604645,0.2750000059604645,0.26499998569488525,0.27000001072883606,5345400
2025-12-02,0.27000001072883606,0.2750000059604645,0.26499998569488525,0.27000001072883606,6031100
2025-12-03,0.27000001072883606,0.2750000059604645,0.26499998569488525,0.26499998569488525,3239000
2025-12-04,0.27000001072883606,0.2750000059604645,0.26499998569488525,0.26499998569488525,9142200
2025-12-05,0.26499998569488525,0.2750000059604645,0.26499998569488525,0.27000001072883606,8535800
2025-12-08,0.27000001072883606,0.27000001072883606,0.26499998569488525,0.27000001072883606,3824500
2025-12-09,0.27000001072883606,0.27000001072883606,0.26499998569488525,0.27000001072883606,3910900
2025-12-10,0.27000001072883606,0.2750000059604645,0.26499998569488525,0.27000001072883606,5801400
2025-12-11,0.27000001072883606,0.27000001072883606,0.26499998569488525,0.26499998569488525,1285400
2025-12-12,0.27000001072883606,0.2849999964237213,0.26499998569488525,0.2800000011920929,10832800
2025-12-15,0.2800000011920929,0.28999999165534973,0.2800000011920929,0.2849999964237213,5459700
2025-12-16,0.2849999964237213,0.2849999964237213,0.2750000059604645,0.2800000011920929,6190200
2025-12-17,0.2800000011920929,0.28999999165534973,0.2800000011920929,0.2849999964237213,6246200
2025-12-18,0.28999999165534973,0.3149999976158142,0.2849999964237213,0.3149999976158142,20993900
2025-12-19,0.3149999976158142,0.3149999976158142,0.29499998688697815,0.29499998688697815,15231900
2025-12-22,0.30000001192092896,0.3199999928474426,0.29499998688697815,0.3100000023841858,29140100
2025-12-23,0.3149999976158142,0.3149999976158142,0.3100000023841858,0.3100000023841858,7643300
2025-12-24,0.3100000023841858,0.3149999976158142,0.3050000071525574,0.3100000023841858,10093200
2025-12-26,0.3149999976158142,0.3199999928474426,0.3100000023841858,0.3149999976158142,5487600
2025-12-29,0.3149999976158142,0.32499998807907104,0.3100000023841858,0.3149999976158142,5840100
2025-12-30,0.3149999976158142,0.3149999976158142,0.3100000023841858,0.3100000023841858,6147500
2025-12-31,0.3149999976158142,0.3199999928474426,0.3050000071525574,0.3199999928474426,8961100
2026-01-02,0.3199999928474426,0.3199999928474426,0.3100000023841858,0.3100000023841858,4468600
2026-01-05,0.3100000023841858,0.33000001311302185,0.3100000023841858,0.3199999928474426,25711200
2026-01-06,0.3199999928474426,0.33000001311302185,0.3149999976158142,0.32499998807907104,25985400
2026-01-07,0.32499998807907104,0.33000001311302185,0.3199999928474426,0.32499998807907104,15022300
2026-01-08,0.33000001311302185,0.36500000953674316,0.33000001311302185,0.36000001430511475,66411100
2026-01-09,0.36000001430511475,0.36000001430511475,0.3400000035762787,0.3499999940395355,35886800
2026-01-12,0.3499999940395355,0.36000001430511475,0.3400000035762787,0.3499999940395355,30042200
2026-01-13,0.3449999988079071,0.3499999940395355,0.33000001311302185,0.3400000035762787,26194800
2026-01-14,0.3400000035762787,0.3700000047683716,0.33500000834465027,0.35499998927116394,59642100
2026-01-15,0.35499998927116394,0.36000001430511475,0.3400000035762787,0.3449999988079071,14845900
2026-01-16,0.3449999988079071,0.35499998927116394,0.3449999988079071,0.3449999988079071,14722300
2026-01-19,0.3449999988079071,0.3449999988079071,0.3449999988079071,0.3449999988079071,0
2026-01-20,0.33000001311302185,0.33500000834465027,0.3149999976158142,0.3199999928474426,26963900
2026-01-21,0.3149999976158142,0.33000001311302185,0.3149999976158142,0.3199999928474426,14009200
2026-01-22,0.32499998807907104,0.33500000834465027,0.3199999928474426,0.33000001311302185,9634700
2026-01-23,0.33500000834465027,0.3400000035762787,0.33000001311302185,0.33500000834465027,9784400
2026-01-26,0.33500000834465027,0.36000001430511475,0.33000001311302185,0.3499999940395355,39330100
2026-01-27,0.3499999940395355,0.35499998927116394,0.33500000834465027,0.3449999988079071,14494500
2026-01-28,0.3449999988079071,0.3449999988079071,0.32499998807907104,0.32499998807907104,18801600
2026-01-29,0.33000001311302185,0.33000001311302185,0.3149999976158142,0.3199999928474426,14924700
2026-01-30,0.3199999928474426,0.3199999928474426,0.28999999165534973,0.29499998688697815,47289100
2026-02-03,0.29499998688697815,0.3100000023841858,0.29499998688697815,0.30000001192092896,11860100
2026-02-04,0.30000001192092896,0.30000001192092896,0.2800000011920929,0.28999999165534973,21045500
2026-02-05,0.29499998688697815,0.29499998688697815,0.2800000011920929,0.2849999964237213,20068300
2026-02-06,0.2800000011920929,0.2849999964237213,0.2750000059604645,0.2800000011920929,17477000
2026-02-09,0.29499998688697815,0.30000001192092896,0.28999999165534973,0.29499998688697815,7847900
2026-02-10,0.29499998688697815,0.30000001192092896,0.28999999165534973,0.28999999165534973,5434300
2026-02-11,0.29499998688697815,0.30000001192092896,0.28999999165534973,0.29499998688697815,6577600
2026-02-12,0.30000001192092896,0.3050000071525574,0.2849999964237213,0.28999999165534973,17105500
2026-02-13,0.28999999165534973,0.28999999165534973,0.2800000011920929,0.2849999964237213,12019200
2026-02-16,0.2849999964237213,0.28999999165534973,0.2800000011920929,0.2800000011920929,12375800
2026-02-19,0.2800000011920929,0.2849999964237213,0.2750000059604645,0.2800000011920929,26373400
2026-02-20,0.2800000011920929,0.2849999964237213,0.2750000059604645,0.2849999964237213,8677300
2026-02-23,0.2800000011920929,0.2800000011920929,0.2750000059604645,0.2800000011920929,7552100
2026-02-24,0.2800000011920929,0.2800000011920929,0.27000001072883606,0.2750000059604645,13675200
2026-02-25,0.2750000059604645,0.2750000059604645,0.27000001072883606,0.27000001072883606,5102400
2026-02-26,0.2750000059604645,0.2750000059604645,0.25999999046325684,0.25999999046325684,25403900
2026-02-27,0.26499998569488525,0.26499998569488525,0.25999999046325684,0.26499998569488525,2404900
2026-03-02,0.25,0.26499998569488525,0.23000000417232513,0.2549999952316284,40067800
2026-03-03,0.25999999046325684,0.2750000059604645,0.25999999046325684,0.2750000059604645,16188900
2026-03-04,0.2750000059604645,0.2750000059604645,0.25999999046325684,0.27000001072883606,14461500
2026-03-05,0.27000001072883606,0.2750000059604645,0.26499998569488525,0.26499998569488525,2123200
2026-03-06,0.26499998569488525,0.27000001072883606,0.25999999046325684,0.26499998569488525,11283600
2026-03-09,0.2750000059604645,0.2800000011920929,0.26499998569488525,0.26499998569488525,32786800
2026-03-10,0.27000001072883606,0.27000001072883606,0.2549999952316284,0.25999999046325684,10413400
2026-03-11,0.25999999046325684,0.25999999046325684,0.2549999952316284,0.2549999952316284,5907100
2026-03-12,0.2549999952316284,0.26499998569488525,0.25,0.25,18340100
2026-03-13,0.2549999952316284,0.25999999046325684,0.25,0.25,2765300
2026-03-16,0.25,0.2549999952316284,0.25,0.25,1287200
2026-03-17,0.25,0.2549999952316284,0.25,0.25,2081100
2026-03-18,0.2549999952316284,0.2549999952316284,0.25,0.2549999952316284,2991500
2026-03-19,0.2549999952316284,0.26499998569488525,0.25,0.25999999046325684,12529700
2026-03-20,0.25999999046325684,0.25999999046325684,0.25999999046325684,0.25999999046325684,0
2026-03-24,0.25999999046325684,0.26499998569488525,0.25999999046325684,0.25999999046325684,6229600
2026-03-25,0.25999999046325684,0.27000001072883606,0.25999999046325684,0.26499998569488525,12333200
2026-03-26,0.26499998569488525,0.2750000059604645,0.25999999046325684,0.27000001072883606,26082600
2026-03-27,0.27000001072883606,0.2750000059604645,0.26499998569488525,0.26499998569488525,3227500
2026-03-30,0.26499998569488525,0.27000001072883606,0.25999999046325684,0.25999999046325684,16713300
2026-03-31,0.26499998569488525,0.2750000059604645,0.25999999046325684,0.2750000059604645,9874500
2026-04-01,0.27000001072883606,0.2800000011920929,0.26499998569488525,0.26499998569488525,7321900
2026-04-02,0.26499998569488525,0.27000001072883606,0.25999999046325684,0.26499998569488525,16403600
2026-04-03,0.26499998569488525,0.29499998688697815,0.26499998569488525,0.2849999964237213,32090100
2026-04-06,0.28999999165534973,0.30000001192092896,0.2849999964237213,0.28999999165534973,17994300
2026-04-07,0.29499998688697815,0.29499998688697815,0.2849999964237213,0.28999999165534973,2422800
2026-04-08,0.28999999165534973,0.29499998688697815,0.2750000059604645,0.2849999964237213,18320700
2026-04-09,0.2849999964237213,0.28999999165534973,0.2800000011920929,0.2849999964237213,3769000
2026-04-10,0.2849999964237213,0.3100000023841858,0.2849999964237213,0.3050000071525574,27829700
2026-04-13,0.30000001192092896,0.3050000071525574,0.2849999964237213,0.29499998688697815,14062100
2026-04-14,0.30000001192092896,0.3050000071525574,0.28999999165534973,0.3050000071525574,20838600
2026-04-15,0.3050000071525574,0.3149999976158142,0.30000001192092896,0.3100000023841858,16973400
2026-04-16,0.3149999976158142,0.3199999928474426,0.3050000071525574,0.3149999976158142,19106100
2026-04-17,0.3149999976158142,0.3149999976158142,0.3050000071525574,0.3100000023841858,10200100
2026-04-20,0.3100000023841858,0.3199999928474426,0.3050000071525574,0.3100000023841858,10834400
2026-04-21,0.3100000023841858,0.33000001311302185,0.3100000023841858,0.33000001311302185,22012700
2026-04-22,0.33000001311302185,0.3499999940395355,0.3199999928474426,0.32499998807907104,31295000
2026-04-23,0.33000001311302185,0.33500000834465027,0.3199999928474426,0.32499998807907104,8977500
2026-04-24,0.32499998807907104,0.33000001311302185,0.3100000023841858,0.3149999976158142,25304900
2026-04-27,0.3199999928474426,0.32499998807907104,0.3100000023841858,0.3100000023841858,21032700
2026-04-28,0.3100000023841858,0.3149999976158142,0.29499998688697815,0.3050000071525574,34188900
2026-04-29,0.3050000071525574,0.3100000023841858,0.30000001192092896,0.3050000071525574,6025700
2026-04-30,0.3050000071525574,0.3050000071525574,0.30000001192092896,0.30000001192092896,7803700
2026-05-04,0.3050000071525574,0.3100000023841858,0.30000001192092896,0.3050000071525574,9254600
2026-05-05,0.3050000071525574,0.3199999928474426,0.3050000071525574,0.3149999976158142,21826800
2026-05-06,0.3149999976158142,0.33000001311302185,0.3100000023841858,0.32499998807907104,27805200
2026-05-07,0.33000001311302185,0.33000001311302185,0.3050000071525574,0.3050000071525574,24615600
2026-05-08,0.3050000071525574,0.3149999976158142,0.30000001192092896,0.3100000023841858,13029400
2026-05-11,0.3149999976158142,0.32499998807907104,0.3050000071525574,0.3199999928474426,16119000
2026-05-12,0.32499998807907104,0.3499999940395355,0.3199999928474426,0.3449999988079071,84811200
2026-05-13,0.3449999988079071,0.36000001430511475,0.33000001311302185,0.33500000834465027,54889700
2026-05-14,0.3400000035762787,0.3499999940395355,0.33500000834465027,0.3400000035762787,21534100
2026-05-15,0.3449999988079071,0.3499999940395355,0.3400000035762787,0.3400000035762787,14757600
2026-05-18,0.3400000035762787,0.36000001430511475,0.33000001311302185,0.35499998927116394,24346700
2026-05-19,0.35499998927116394,0.35499998927116394,0.3449999988079071,0.3449999988079071,15951200
2026-05-20,0.3499999940395355,0.3499999940395355,0.33500000834465027,0.3449999988079071,12992900
2026-05-21,0.3449999988079071,0.35499998927116394,0.3400000035762787,0.3499999940395355,20021700
2026-05-22,0.3449999988079071,0.3449999988079071,0.33000001311302185,0.33000001311302185,30760600
2026-05-25,0.33000001311302185,0.33500000834465027,0.3100000023841858,0.3149999976158142,25069100
2026-05-26,0.3199999928474426,0.33500000834465027,0.3100000023841858,0.32499998807907104,14197000
2026-05-27,0.32499998807907104,0.32499998807907104,0.32499998807907104,0.32499998807907104,0
2026-05-28,0.33000001311302185,0.33500000834465027,0.3199999928474426,0.3199999928474426,18981500
2026-05-29,0.3199999928474426,0.33000001311302185,0.3149999976158142,0.3199999928474426,8458500
2026-06-02,0.3199999928474426,0.3199999928474426,0.3199999928474426,0.3199999928474426,0
2026-06-03,0.3149999976158142,0.32499998807907104,0.3100000023841858,0.3149999976158142,14680900
2026-06-04,0.3199999928474426,0.33000001311302185,0.3100000023841858,0.32499998807907104,17667600
2026-06-05,0.32499998807907104,0.33000001311302185,0.3149999976158142,0.3149999976158142,12691600
2026-06-08,0.3100000023841858,0.3100000023841858,0.29499998688697815,0.3050000071525574,26473000
2026-06-09,0.3050000071525574,0.3400000035762787,0.3050000071525574,0.33000001311302185,24686900
2026-06-10,0.33500000834465027,0.3449999988079071,0.32499998807907104,0.3400000035762787,12180700
2026-06-11,0.33500000834465027,0.3499999940395355,0.33000001311302185,0.3449999988079071,13991200
2026-06-12,0.3449999988079071,0.36000001430511475,0.3400000035762787,0.36000001430511475,37507900
2026-06-15,0.36500000953674316,0.4000000059604645,0.36000001430511475,0.4000000059604645,91287700
2026-06-16,0.4000000059604645,0.4000000059604645,0.38499999046325684,0.39500001072883606,36389400
2026-06-18,0.39500001072883606,0.39500001072883606,0.3799999952316284,0.38499999046325684,15616300
2026-06-19,0.4000000059604645,0.4749999940395355,0.39500001072883606,0.4650000035762787,180437000
2026-06-22,0.4699999988079071,0.48500001430511475,0.45500001311302185,0.4650000035762787,73041600
2026-06-23,0.4650000035762787,0.4650000035762787,0.42500001192092896,0.42500001192092896,71517800
2026-06-24,0.4350000023841858,0.4449999928474426,0.42500001192092896,0.4399999976158142,61874400
2026-06-25,0.4449999928474426,0.45500001311302185,0.4300000071525574,0.4449999928474426,47916100
2026-06-26,0.4449999928474426,0.44999998807907104,0.41499999165534973,0.41999998688697815,37560800
2026-06-29,0.42500001192092896,0.4300000071525574,0.4099999964237213,0.41999998688697815,68212100
2026-06-30,0.42500001192092896,0.4300000071525574,0.4099999964237213,0.41499999165534973,69411900
2026-07-01,0.41999998688697815,0.45500001311302185,0.41999998688697815,0.44999998807907104,55262500
2026-07-02,0.4449999928474426,0.45500001311302185,0.4300000071525574,0.4399999976158142,34968800
2026-07-03,0.4350000023841858,0.44999998807907104,0.4300000071525574,0.4449999928474426,29156300
2026-07-06,0.4449999928474426,0.44999998807907104,0.4300000071525574,0.4350000023841858,23743800
2026-07-07,0.4350000023841858,0.4399999976158142,0.4300000071525574,0.4300000071525574,16076700
2026-07-08,0.4300000071525574,0.4449999928474426,0.41999998688697815,0.4300000071525574,27057700
2026-07-09,0.4350000023841858,0.46000000834465027,0.4300000071525574,0.4399999976158142,41432100
2026-07-10,0.4399999976158142,0.4449999928474426,0.4300000071525574,0.4350000023841858,21799600
2026-07-13,0.4350000023841858,0.4399999976158142,0.41999998688697815,0.42500001192092896,21336300
2026-07-14,0.42500001192092896,0.4300000071525574,0.41499999165534973,0.4300000071525574,27716400
2026-07-15,0.4300000071525574,0.45500001311302185,0.42500001192092896,0.4449999928474426,51138700
2026-07-16,0.4449999928474426,0.47999998927116394,0.4350000023841858,0.4650000035762787,65043000
2026-07-17,0.46000000834465027,0.4650000035762787,0.4399999976158142,0.4399999976158142,49458100
2026-07-20,0.4399999976158142,0.44999998807907104,0.4300000071525574,0.4449999928474426,36397200
2026-07-21,0.4449999928474426,0.4749999940395355,0.4399999976158142,0.4650000035762787,56455500
2026-07-22,0.4699999988079071,0.47999998927116394,0.4650000035762787,0.4699999988079071,39233500
2026-07-23,0.4749999940395355,0.4749999940395355,0.45500001311302185,0.45500001311302185,20026900
2026-07-24,0.44999998807907104,0.46000000834465027,0.4449999928474426,0.45500001311302185,15033600
2026-07-27,0.46000000834465027,0.46000000834465027,0.4449999928474426,0.44999998807907104,17428500
2026-07-28,0.4399999976158142,0.4449999928474426,0.41999998688697815,0.4300000071525574,51462200
2026-07-29,0.4300000071525574,0.4399999976158142,0.42500001192092896,0.4300000071525574,16625900
2026-07-30,0.42500001192092896,0.4350000023841858,0.41999998688697815,0.4300000071525574,8519300
2026-07-31,0.4399999976158142,0.45500001311302185,0.4350000023841858,0.44999998807907104,23490900
2026-08-03,0.44999998807907104,0.46000000834465027,0.4399999976158142,0.4449999928474426,10976500
2026-08-04,0.44999998807907104,0.45500001311302185,0.4399999976158142,0.4449999928474426,13237800
2026-08-05,0.44999998807907104,0.4650000035762787,0.4399999976158142,0.4449999928474426,38047500
2026-08-06,0.4399999976158142,0.46000000834465027,0.4399999976158142,0.46000000834465027,19229900
2026-08-07,0.46000000834465027,0.4749999940395355,0.44999998807907104,0.4699999988079071,49689200
2026-08-10,0.47999998927116394,0.5,0.4699999988079071,0.5,150340200
2026-08-11,0.5,0.5099999904632568,0.49000000953674316,0.4950000047683716,35410600
2026-08-12,0.4950000047683716,0.5450000166893005,0.49000000953674316,0.5299999713897705,150774100
2026-08-13,0.5350000262260437,0.5350000262260437,0.5099999904632568,0.5099999904632568,53806900
2026-08-14,0.5149999856948853,0.5149999856948853,0.5049999952316284,0.5049999952316284,38537100
2026-08-17,0.5099999904632568,0.5199999809265137,0.5,0.5049999952316284,33012100
2026-08-18,0.5049999952316284,0.5149999856948853,0.4950000047683716,0.5,22539300
2026-08-19,0.5,0.5049999952316284,0.49000000953674316,0.5,22225000
2026-08-20,0.5049999952316284,0.5149999856948853,0.5,0.5149999856948853,27225600
2026-08-21,0.5099999904632568,0.5149999856948853,0.4950000047683716,0.5099999904632568,26262500
2026-08-24,0.5199999809265137,0.5199999809265137,0.4749999940395355,0.47999998927116394,72320200
2026-08-25,0.47999998927116394,0.47999998927116394,0.47999998927116394,0.47999998927116394,0
2026-08-26,0.47999998927116394,0.4950000047683716,0.4749999940395355,0.47999998927116394,21262300
2026-08-27,0.47999998927116394,0.5049999952316284,0.47999998927116394,0.5,34465000
2026-08-28,0.5049999952316284,0.5099999904632568,0.48500001430511475,0.48500001430511475,26380600
2026-08-31,0.48500001430511475,0.48500001430511475,0.48500001430511475,0.48500001430511475,0
2026-09-01,0.49000000953674316,0.49000000953674316,0.46000000834465027,0.46000000834465027,40877000
2026-09-02,0.46000000834465027,0.4699999988079071,0.44999998807907104,0.4650000035762787,34271600
2026-09-03,0.4650000035762787,0.4699999988079071,0.46000000834465027,0.46000000834465027,13184200
2026-09-04,0.4650000035762787,0.4699999988079071,0.44999998807907104,0.4699999988079071,38398900
2026-09-07,0.4699999988079071,0.47999998927116394,0.4650000035762787,0.4749999940395355,12008500
