Date,Close,High,Low,Open,Volume
2015-01-02,1.0227618217468262,1.0227618217468262,1.0163693460160754,1.0163693460160754,1036187
2015-01-05,1.016369342803955,1.0291536516925326,1.009976867093407,1.016369342803955,4800019
2015-01-06,1.0291537046432495,1.0291537046432495,0.9971926095111247,1.01636939509691,9260019
2015-01-07,1.0291537046432495,1.035546180682695,1.0227618711363555,1.0291537046432495,15476720
2015-01-08,1.0355461835861206,1.0419386596434892,1.029153707528752,1.0355461835861206,2421564
2015-01-09,1.0547229051589966,1.0547229051589966,1.0419385963533658,1.0419385963533658,5983661
2015-01-12,1.0802922248840332,1.0802922248840332,1.0419386538193152,1.054722963330038,4998804
2015-01-13,1.0802922248840332,1.093076534394756,1.0611154393516742,1.073899748862397,9198992
2015-01-14,1.067507266998291,1.0866840524256953,1.067507266998291,1.0802922189715916,4650246
2015-01-15,1.067507266998291,1.0802922189715916,1.061115433544187,1.0738997429849413,7116184
2015-01-16,1.067507266998291,1.0738997429849413,1.0419386481167827,1.067507266998291,8338823
2015-01-19,1.067507266998291,1.0738997429849413,1.054722957557537,1.061115433544187,5247758
2015-01-20,1.0611153841018677,1.0675072172581463,1.0547229084130727,1.0611153841018677,2339246
2015-01-21,1.0802922248840332,1.0802922248840332,1.054722963330038,1.0675072728407606,3753398
2015-01-22,1.0994689464569092,1.0994689464569092,1.061115377623336,1.0738996863903563,13225060
2015-01-23,1.0994689464569092,1.0994689464569092,1.0866839951573766,1.0994689464569092,3960719
2015-01-26,1.0994689464569092,1.0994689464569092,1.0802921620401227,1.0994689464569092,4756489
2015-01-27,1.093076467514038,1.1058607762425432,1.080292158785533,1.093076467514038,8251236
2015-01-28,1.093076467514038,1.1058607762425432,1.0866839918835303,1.093076467514038,9427816
2015-01-29,1.1250377893447876,1.1442145776028343,1.0930766897589235,1.0930766897589235,16919645
2015-01-30,1.1250377893447876,1.1314302662750169,1.1122534780169702,1.1186459549471994,11096403
2015-02-04,1.112253189086914,1.137822447633063,1.112253189086914,1.1186456643565699,8314265
2015-02-05,1.112253189086914,1.1186456643565699,1.099468881080077,1.112253189086914,10078977
2015-02-06,1.1186459064483643,1.1186459064483643,1.1058609531421968,1.1122534297952804,10561076
2015-02-09,1.105860948562622,1.1186459018158448,1.105860948562622,1.1186459018158448,10329407
2015-02-10,1.105860948562622,1.1122534251892335,1.0994691144686213,1.105860948562622,7980569
2015-02-11,1.0994689464569092,1.1122532552239295,1.0930764708071428,1.1122532552239295,3184343
2015-02-12,1.112253189086914,1.112253189086914,1.0930764058104212,1.0930764058104212,10492461
2015-02-13,1.112253189086914,1.112253189086914,1.0930764058104212,1.1058607138172585,8427675
2015-02-16,1.0994689464569092,1.1122532552239295,1.0930764708071428,1.1122532552239295,7230016
2015-02-17,1.0994689464569092,1.105860779574163,1.0930764708071428,1.105860779574163,5500508
2015-02-18,1.105860948562622,1.105860948562622,1.09307663784201,1.0994691144686213,10698728
2015-02-23,1.105860948562622,1.1122534251892335,1.0994691144686213,1.105860948562622,12678878
2015-02-24,1.1186459064483643,1.1314302172219186,1.0994691190217263,1.1122534297952804,14940339
2015-02-25,1.073899745941162,1.1250376263774968,1.073899745941162,1.1186457929057976,8302882
2015-02-26,1.067507266998291,1.0866840524256953,1.061115433544187,1.061115433544187,4855776
2015-02-27,1.0547229051589966,1.0802921653027726,1.0547229051589966,1.0802921653027726,7316865
2015-03-02,1.0355461835861206,1.0611154452830416,1.029153707528752,1.0611154452830416,7997327
2015-03-03,1.0483306646347046,1.0611156188405664,1.0355463529615012,1.0355463529615012,8077537
2015-03-04,1.073899745941162,1.073899745941162,1.0483304844567207,1.0483304844567207,8897232
2015-03-05,1.0547229051589966,1.0738996896337,1.0419385963533658,1.0738996896337,5018197
2015-03-06,1.0227618217468262,1.0611153910662892,1.0163693460160754,1.0547229153355386,22620519
2015-03-09,1.016369342803955,1.022761818514503,0.9971925582048297,1.016369342803955,15335273
2015-03-10,1.0035852193832397,1.0291538418856114,0.9971927424913282,1.0227620075263373,17179035
2015-03-11,0.9908000230789185,1.0099768065280685,0.9844082706007484,0.9971924984061286,16075708
2015-03-12,1.016369342803955,1.016369342803955,0.9908000824942816,0.9908000824942816,13352067
2015-03-13,1.016369342803955,1.016369342803955,0.9971925582048297,1.009976867093407,8632257
2015-03-16,1.0099769830703735,1.0227619359595823,1.0035851491583616,1.0099769830703735,6257490
2015-03-17,1.0291537046432495,1.035546180682695,1.0099769190574643,1.0099769190574643,6700065
2015-03-18,1.0547229051589966,1.061115380828069,1.0163693362095896,1.0227618118786623,11215188
2015-03-19,1.0547229051589966,1.061115380828069,1.048330429489924,1.0547229051589966,6902643
2015-03-20,1.0355461835861206,1.054722969225673,1.0355461835861206,1.054722969225673,9067769
2015-03-23,1.0419386625289917,1.048330496071508,1.0291537103788484,1.03554618645392,3849101
2015-03-24,1.0547229051589966,1.0547229051589966,1.0291536450152206,1.0419385963533658,5550362
2015-03-25,1.0547229051589966,1.0547229051589966,1.048330429489924,1.0547229051589966,2850225
2015-03-26,1.0547229051589966,1.0547229051589966,1.0419385963533658,1.0547229051589966,2496081
2015-03-27,1.0547229051589966,1.0547229051589966,1.0419385963533658,1.048330429489924,4619153
2015-03-30,1.0547229051589966,1.061115380828069,1.0419385963533658,1.048330429489924,6848046
2015-03-31,1.067507266998291,1.0802922189715916,1.054722957557537,1.061115433544187,20022831
2015-04-01,1.067507266998291,1.0802922189715916,1.061115433544187,1.061115433544187,5938128
2015-04-02,1.0866841077804565,1.0866841077804565,1.0675073213762032,1.0738997976884805,8761582
2015-04-03,1.0802922248840332,1.0866840583731197,1.073899748862397,1.0802922248840332,2852755
2015-04-06,1.0802922248840332,1.093076534394756,1.073899748862397,1.0866840583731197,4261320
2015-04-07,1.0866841077804565,1.0930765840927341,1.0738997976884805,1.0866841077804565,3768470
2015-04-08,1.073899745941162,1.0866840554171087,1.0675072699369146,1.0802922219454094,4599970
2015-04-09,1.093076467514038,1.093076467514038,1.0675072075245176,1.0675072075245176,2852333
2015-04-10,1.0802922248840332,1.093076534394756,1.073899748862397,1.093076534394756,3874924
2015-04-13,1.0611153841018677,1.0802921686357363,1.0611153841018677,1.0738996929469413,3885675
2015-04-14,1.0611153841018677,1.0675072172581463,1.048330432724278,1.0611153841018677,5022940
2015-04-15,1.0419386625289917,1.0611154482216514,1.0291537103788484,1.0547229721465798,7656464
2015-04-16,1.0547229051589966,1.0547229051589966,1.035546120684293,1.0419385963533658,3491373
2015-04-17,1.073899745941162,1.073899745941162,1.0483304844567207,1.054722960460968,5866878
2015-04-20,1.0611153841018677,1.0802921686357363,1.0611153841018677,1.0738996929469413,2712784
2015-04-21,1.073899745941162,1.073899745941162,1.0611154364652153,1.0611154364652153,2757157
2015-04-22,1.073899745941162,1.0866840554171087,1.0611154364652153,1.0675072699369146,5425568
2015-04-23,1.067507266998291,1.0866840524256953,1.067507266998291,1.0738997429849413,3048167
2015-04-24,1.0802922248840332,1.0866840583731197,1.0675072728407606,1.073899748862397,3690474
2015-04-27,1.0866841077804565,1.0866841077804565,1.0738997976884805,1.0802922740007581,1974141
2015-04-28,1.0866841077804565,1.0866841077804565,1.0675073213762032,1.0802922740007581,4425112
2015-04-29,1.0802922248840332,1.0802922248840332,1.0675072728407606,1.073899748862397,3954079
2015-04-30,1.067507266998291,1.0738997429849413,1.067507266998291,1.0738997429849413,3686890
2015-05-05,1.0611153841018677,1.0866840017920147,1.0547229084130727,1.0675072172581463,6847624
2015-05-06,1.067507266998291,1.0738997429849413,1.061115433544187,1.061115433544187,3553981
2015-05-07,1.0547229051589966,1.0738996896337,1.0547229051589966,1.0675072139646273,2955625
2015-05-08,1.067507266998291,1.0738997429849413,1.054722957557537,1.061115433544187,8379613
2015-05-11,1.0547229051589966,1.0802921653027726,1.0547229051589966,1.0738996896337,3311666
2015-05-12,1.0483306646347046,1.0611156188405664,1.0483306646347046,1.0611156188405664,6391980
2015-05-13,1.067507266998291,1.0802922189715916,1.0483304815708867,1.0483304815708867,9985803
2015-05-14,1.0547229051589966,1.0738996896337,1.048330429489924,1.0675072139646273,4816462
2015-05-15,1.0611153841018677,1.0611153841018677,1.048330432724278,1.0547229084130727,2325755
2015-05-18,1.0611153841018677,1.0738996929469413,1.048330432724278,1.048330432724278,4393175
2015-05-19,1.0611153841018677,1.0675072172581463,1.0547229084130727,1.0611153841018677,2209394
2015-05-20,1.067507266998291,1.067507266998291,1.054722957557537,1.061115433544187,1756806
2015-05-21,1.0547229051589966,1.0675072139646273,1.048330429489924,1.061115380828069,2504092
2015-05-22,1.0611153841018677,1.0675072172581463,1.048330432724278,1.0547229084130727,4246037
2015-05-25,1.0355461835861206,1.0611154452830416,1.0355461835861206,1.054722969225673,4158871
2015-05-26,1.0227618217468262,1.035546130675807,1.0035850370870947,1.035546130675807,12094224
2015-05-27,1.0035852193832397,1.0291538418856114,0.9971927424913282,1.0227620075263373,15654319
2015-05-28,1.0035852193832397,1.0099770537425141,0.9971927424913282,1.0035852193832397,8665036
2015-05-29,1.016369342803955,1.016369342803955,0.9971925582048297,1.0035850339153776,12222390
2015-06-01,1.0035852193832397,1.0163695306344256,0.9971927424913282,1.0099770537425141,4648138
2015-06-02,0.9908000230789185,1.0035849737333387,0.9908000230789185,1.0035849737333387,6191088
2015-06-03,1.016369342803955,1.016369342803955,0.9971925582048297,0.9971925582048297,5883847
2015-06-04,1.0227618217468262,1.0291536549450564,1.0035850370870947,1.0035850370870947,6351296
2015-06-05,1.016369342803955,1.022761818514503,1.0035850339153776,1.016369342803955,3300810
2015-06-08,1.0035852193832397,1.0163695306344256,1.0035852193832397,1.0163695306344256,4030389
2015-06-09,0.9971926212310791,1.009976930927672,0.9971926212310791,1.003585097345655,4320133
2015-06-10,1.0035852193832397,1.0099770537425141,0.9971927424913282,1.0035852193832397,8104097
2015-06-11,0.9908000230789185,1.0035849737333387,0.9908000230789185,1.0035849737333387,7578679
2015-06-12,0.9780158400535583,0.9908001498107208,0.971623363908696,0.9908001498107208,9813474
2015-06-15,0.9588391184806824,0.9780159056692905,0.9588391184806824,0.9780159056692905,5821134
2015-06-16,0.9716233015060425,0.978015777240347,0.9588389925699541,0.9588389925699541,4727610
2015-06-17,0.9716233015060425,0.9844083332912168,0.9716233015060424,0.9716233015060424,3476301
2015-06-18,0.9652315378189087,0.9780157662953636,0.9652315378189088,0.9716232906325971,4272703
2015-06-19,0.9780158400535583,0.984408396514991,0.971623363908696,0.971623363908696,4383479
2015-06-22,0.9908000230789185,1.0099768065280685,0.9780157149569784,0.9780157149569784,6812737
2015-06-23,0.9780158400535583,0.9971926259555832,0.971623363908696,0.9971926259555832,5222568
2015-06-24,0.9971926212310791,0.9971926212310791,0.9716233593053341,0.9780158354199101,4817200
2015-06-25,0.9908000230789185,1.0035849737333387,0.9844082706007484,0.9908000230789185,4398551
2015-06-26,0.9844083786010742,0.9971926078090235,0.978015822255971,0.9908001317804892,3703544
2015-06-29,0.9652315378189087,0.9844083222746942,0.9588389818395782,0.9844083222746942,6485576
2015-06-30,0.9908000230789185,0.9908000230789185,0.9588389315078282,0.9652314871515982,9578854
2015-07-01,0.9780158400535583,0.9971926259555832,0.9780158400535583,0.9908001498107208,3318623
2015-07-02,0.9844083786010742,0.9908001317804892,0.978015822255971,0.9844083786010741,5133505
2015-07-03,0.9844083786010742,0.9908001317804892,0.978015822255971,0.9908001317804892,3084635
2015-07-06,0.9844083786010742,0.9908001317804892,0.9716233462274366,0.9844083786010741,11877205
2015-07-07,0.9908000230789185,0.9971924984061286,0.9780157149569784,0.9780157149569784,6740854
2015-07-08,0.9844083786010742,0.9971926078090235,0.978015822255971,0.9908001317804892,7072864
2015-07-09,0.9844083786010742,0.9971926078090235,0.978015822255971,0.9844083786010741,3353299
2015-07-10,0.9908000230789185,1.0035849737333387,0.9844082706007484,0.9844082706007484,4130413
2015-07-13,0.9908000230789185,1.0035849737333387,0.9844082706007484,0.9908000230789185,2228998
2015-07-14,1.0035852193832397,1.0099770537425141,0.9971927424913282,0.9971927424913282,2186416
2015-07-15,1.0227618217468262,1.0291536549450564,1.0035850370870947,1.0035850370870947,4832588
2015-07-16,1.0227618217468262,1.0291536549450564,1.0163693460160754,1.0163693460160754,2002388
2015-07-20,1.0227618217468262,1.035546130675807,1.0163693460160754,1.0227618217468262,1938199
2015-07-21,1.0291537046432495,1.0291537046432495,1.01636939509691,1.0227618711363555,2027157
2015-07-22,1.0227618217468262,1.0291536549450564,1.0163693460160754,1.0227618217468262,2325544
2015-07-23,1.0291537046432495,1.035546180682695,1.01636939509691,1.01636939509691,3258439
2015-07-24,1.0227618217468262,1.0291536549450564,1.009976870285325,1.0291536549450564,2191370
2015-07-27,0.9908000230789185,1.0227617571824887,0.9908000230789185,1.0163692818552788,2061623
2015-07-28,0.9844083786010742,1.0035850838375577,0.978015822255971,0.9908001317804892,4753643
2015-07-29,0.9844083786010742,1.0035850838375577,0.9844083786010741,0.9844083786010741,6619750
2015-07-30,0.9908000230789185,1.0035849737333387,0.9844082706007484,0.9908000230789185,2154375
2015-07-31,1.0099769830703735,1.016369459514978,0.9908001962691528,0.9908001962691528,8772228
2015-08-03,1.0291537046432495,1.0291537046432495,1.0035850855505701,1.0099769190574643,3397462
2015-08-04,1.0035852193832397,1.0227620075263373,1.0035852193832397,1.0227620075263373,2941923
2015-08-05,1.0035852193832397,1.0099770537425141,0.9971927424913282,1.0035852193832397,1534096
2015-08-06,0.9908000230789185,1.0099768065280685,0.9908000230789185,1.0099768065280685,6798614
2015-08-07,0.9780158400535583,0.9971926259555832,0.971623363908696,0.9908001498107208,7001192
2015-08-10,0.9524465203285217,0.9780157808269886,0.9460547674198629,0.9780157808269886,7369249
2015-08-11,0.9460547566413879,0.9652315411636246,0.9396622809564704,0.9588389851621426,8946770
2015-08-12,0.9332699179649353,0.9460549522954134,0.9204856868002684,0.9460549522954134,7467587
2015-08-13,0.9460547566413879,0.9588389851621426,0.9396622809564704,0.9396622809564704,8661031
2015-08-14,0.9524465203285217,0.9588389960862693,0.9268779826791437,0.9524465203285217,12240098
2015-08-17,0.9396623373031616,0.9524465665905204,0.933269780918351,0.9524465665905204,5006603
2015-08-18,0.9332699179649353,0.9524467064531318,0.9268781638072169,0.9460549522954134,10940200
2015-08-19,0.9396623373031616,0.946054813371403,0.933269780918351,0.9396623373031616,6844252
2015-08-20,0.9460547566413879,0.9588389851621426,0.9396622809564704,0.9396622809564704,12830864
2015-08-21,0.9780158400535583,0.9908001498107208,0.9524465780066711,0.9524465780066711,14833780
2015-08-24,0.9524465203285217,0.9780157808269886,0.9524465203285217,0.9652315521605823,8871515
2015-08-25,0.9716233015060425,0.9844083332912168,0.9396622882161262,0.9460547639504309,11986821
2015-08-26,0.9780158400535583,1.0035851021004456,0.971623363908696,0.9780158400535583,13354070
2015-08-27,1.0099769830703735,1.0099769830703735,0.9844084426737149,0.9908001962691528,7728979
2015-08-28,0.9971926212310791,1.0163694070422482,0.990800145116503,1.009976930927672,11028209
2015-09-01,1.0035852193832397,1.0163695306344256,0.9908002655994166,1.0035852193832397,16757435
2015-09-02,1.0035852193832397,1.0099770537425141,0.9971927424913282,1.0035852193832397,5147523
2015-09-03,1.0099769830703735,1.0227619359595823,1.0035851491583616,1.0035851491583616,3877664
2015-09-04,1.0035852193832397,1.0099770537425141,0.9908002655994166,1.0099770537425141,5705405
2015-09-07,0.9971926212310791,1.009976930927672,0.990800145116503,0.9971926212310791,3941537
2015-09-08,1.016369342803955,1.022761818514503,0.9971925582048297,1.0035850339153776,3878507
2015-09-09,1.0227618217468262,1.0227618217468262,1.009976870285325,1.0227618217468262,8757472
2015-09-10,1.0227618217468262,1.0227618217468262,1.009976870285325,1.0163693460160754,7966234
2015-09-11,1.0035852193832397,1.0227620075263373,0.9971927424913282,1.0227620075263373,6336645
2015-09-14,1.016369342803955,1.0355461274030806,1.0035850339153776,1.009976867093407,9398936
2015-09-15,1.0099769830703735,1.0227619359595823,1.0099769830703735,1.016369459514978,2946456
2015-09-17,1.0291537046432495,1.035546180682695,1.0099769190574643,1.0227618711363555,10961385
2015-09-18,1.0035852193832397,1.0291538418856114,1.0035852193832397,1.0227620075263373,11350943
2015-09-21,1.016369342803955,1.022761818514503,0.9971925582048297,1.0035850339153776,7859359
2015-09-22,1.0099769830703735,1.0227619359595823,1.0035851491583616,1.0227619359595823,5236164
2015-09-23,1.0035852193832397,1.0163695306344256,1.0035852193832397,1.0099770537425141,5541403
2015-09-25,1.016369342803955,1.022761818514503,0.9971925582048297,0.9971925582048297,8073637
2015-09-28,1.0227618217468262,1.0291536549450564,1.0163693460160754,1.0227618217468262,4672696
2015-09-29,1.0227618217468262,1.0227618217468262,1.009976870285325,1.0163693460160754,9680143
2015-09-30,1.0227618217468262,1.0291536549450564,1.0163693460160754,1.0227618217468262,12580539
2015-10-01,1.016369342803955,1.0291536516925326,1.016369342803955,1.022761818514503,7115551
2015-10-02,1.016369342803955,1.0291536516925326,1.016369342803955,1.016369342803955,8188944
2015-10-05,1.046962857246399,1.0537607759933358,1.0197687050697934,1.0333653967667216,7305377
2015-10-06,1.0673582553863525,1.0673582553863525,1.040164185971848,1.0469629595864156,7691035
2015-10-07,1.0537606477737427,1.0673580211786118,1.0537606477737427,1.0673580211786118,10323926
2015-10-08,1.046962857246399,1.0673581510527077,1.0401640842964075,1.0537607759933358,14655654
2015-10-09,1.0537606477737427,1.0673580211786118,1.0537606477737427,1.0537606477737427,9054489
2015-10-12,1.046962857246399,1.0605594635230218,1.046962857246399,1.0537607759933358,4555386
2015-10-13,1.0537606477737427,1.0673580211786118,1.0469627298539634,1.0537606477737427,9042579
2015-10-15,1.0401641130447388,1.053760805117456,1.0401641130447388,1.0469628861826363,13576569
2015-10-16,1.0333653688430786,1.053760747518568,1.0333653688430786,1.0469628289553246,17053082
2015-10-19,1.0401641130447388,1.0401641130447388,1.0265675063923294,1.033365425327149,6589395
2015-10-20,1.0265674591064453,1.0333653777281384,1.0197686862817137,1.0333653777281384,12522675
2015-10-21,1.0333653688430786,1.04016405618905,1.0197686775135606,1.0265674502798352,5931910
2015-10-22,1.0265674591064453,1.040164065132566,1.0265674591064453,1.0333653777281384,4911216
2015-10-23,1.046962857246399,1.0537607759933358,1.0333653967667216,1.0333653967667216,12685518
2015-10-26,1.046962857246399,1.0537607759933358,1.0401640842964075,1.046962857246399,13600179
2015-10-27,1.0333653688430786,1.053760747518568,1.0333653688430786,1.04016405618905,5961949
2015-10-28,1.0265674591064453,1.040164065132566,1.0265674591064453,1.0333653777281384,3863435
2015-10-29,1.0265674591064453,1.040164065132566,1.0265674591064453,1.0333653777281384,6775109
2015-10-30,1.0265674591064453,1.040164065132566,1.0197686862817137,1.0197686862817137,7854616
2015-11-02,1.0333653688430786,1.0333653688430786,1.0265674502798352,1.0265674502798352,3772686
2015-11-03,1.0401641130447388,1.0401641130447388,1.033365425327149,1.0401641130447388,2917681
2015-11-04,1.0401641130447388,1.0469628861826363,1.033365425327149,1.0401641130447388,8394053
2015-11-05,1.0333653688430786,1.0469628289553246,1.0333653688430786,1.0333653688430786,4703473
2015-11-06,1.0265674591064453,1.0333653777281384,1.0265674591064453,1.0333653777281384,8617922
2015-11-09,1.0333653688430786,1.04016405618905,1.0265674502798352,1.0265674502798352,6062922
2015-11-11,1.012969970703125,1.0333653489867123,1.0061720522705053,1.0265674305540926,15974313
2015-11-12,0.9993734359741211,1.0197687302847265,0.9993734359741211,1.0129700425869355,9073461
2015-11-13,0.9925748109817505,1.0061722738268415,0.9857768910522478,0.9993735851144562,12610157
2015-11-16,1.012969970703125,1.019768657918458,0.985776673986918,0.9925745924195377,11561216
2015-11-17,1.0197688341140747,1.026567607924401,1.0061722261169006,1.0197688341140747,8914096
2015-11-18,1.0197688341140747,1.026567607924401,1.0129701457240647,1.0197688341140747,6900957
2015-11-19,1.0197688341140747,1.0333655275315652,1.0129701457240647,1.0197688341140747,9500542
2015-11-20,0.9993734359741211,1.0265675034028252,0.9993734359741211,1.0265675034028252,12166001
2015-11-23,1.012969970703125,1.019768657918458,0.9993733650551723,1.0061720522705053,9924144
2015-11-24,1.0197688341140747,1.0333655275315652,0.9993735377268905,1.0129701457240647,8694443
2015-11-25,1.046962857246399,1.046962857246399,1.0197687050697934,1.0197687050697934,10774089
2015-11-26,1.046962857246399,1.0537607759933358,1.0333653967667216,1.0401640842964075,5959841
2015-11-27,1.0605595111846924,1.0605595111846924,1.0333654432062875,1.0401641310415073,6924777
2015-11-30,1.0741562843322754,1.0741562843322754,1.0265676014120062,1.0537609026541603,16440813
2015-12-01,1.046962857246399,1.0673581510527077,1.0401640842964075,1.0605594635230218,11122647
2015-12-02,1.046962857246399,1.0605594635230218,1.0401640842964075,1.046962857246399,4011944
2015-12-03,1.046962857246399,1.0537607759933358,1.0401640842964075,1.046962857246399,6662226
2015-12-04,1.0265674591064453,1.0469628379572977,1.0265674591064453,1.040164065132566,9376802
2015-12-07,1.046962857246399,1.0537607759933358,1.0333653967667216,1.0333653967667216,9588445
2015-12-08,1.046962857246399,1.046962857246399,1.0401640842964075,1.046962857246399,5484487
2015-12-09,1.0197688341140747,1.0469629897319017,1.0197688341140747,1.0401642159215752,6699748
2015-12-10,1.0061720609664917,1.019768666731955,1.0061720609664917,1.019768666731955,14836520
2015-12-11,0.9993734359741211,1.0129700425869355,0.9993734359741211,1.0129700425869355,9970520
2015-12-14,0.9857766628265381,1.006172040879221,0.9857766628265381,0.9993733537408587,7646135
2015-12-15,0.9993734359741211,1.006172123671912,0.9857767439409991,0.9925746628560224,9026031
2015-12-16,1.0197688341140747,1.0197688341140747,0.9925747639165642,0.9993735377268905,8548675
2015-12-17,1.0333653688430786,1.0333653688430786,1.0061720716043459,1.0129699901675893,15158833
2015-12-18,1.0197688341140747,1.026567607924401,1.0129701457240647,1.026567607924401,7529984
2015-12-21,1.0197688341140747,1.026567607924401,0.9993735377268905,1.0197688341140747,5085337
2015-12-22,1.0265674591064453,1.0265674591064453,1.0129699988772858,1.0129699988772858,1278606
2015-12-23,1.046962857246399,1.0537607759933358,1.0197687050697934,1.0197687050697934,10807607
2015-12-28,1.046962857246399,1.0537607759933358,1.046962857246399,1.046962857246399,2829462
2015-12-29,1.0673582553863525,1.0673582553863525,1.0469629595864156,1.0537608789978452,5072794
2015-12-30,1.0673582553863525,1.0809549484123495,1.0605595671920989,1.0673582553863525,8685378
2015-12-31,1.0673582553863525,1.0673582553863525,1.0537608789978452,1.0673582553863525,3212590
2016-01-04,1.0401641130447388,1.0741561849077632,1.0401641130447388,1.060559492835046,3610265
2016-01-05,1.0401641130447388,1.053760805117456,1.0401641130447388,1.0401641130447388,5778763
2016-01-06,1.0537606477737427,1.0605593344761772,1.033365271028799,1.0401639577312338,5265887
2016-01-07,1.0265674591064453,1.0537607565789908,1.0265674591064453,1.0469628379572977,8215084
2016-01-08,1.0537606477737427,1.0537606477737427,1.0197685809862902,1.0197685809862902,4741312
2016-01-11,1.0333653688430786,1.0469628289553246,1.0265674502798352,1.0469628289553246,7767977
2016-01-12,1.0333653688430786,1.0469628289553246,1.0265674502798352,1.04016405618905,6647997
2016-01-13,1.0401641130447388,1.0469628861826363,1.033365425327149,1.033365425327149,4823313
2016-01-14,1.046962857246399,1.046962857246399,1.0333653967667216,1.0333653967667216,2839264
2016-01-15,1.0265674591064453,1.0469628379572977,1.0265674591064453,1.0469628379572977,4699995
2016-01-18,1.0197688341140747,1.026567607924401,1.0129701457240647,1.026567607924401,4758281
2016-01-19,1.0333653688430786,1.0469628289553246,1.0197686775135606,1.0197686775135606,10297682
2016-01-20,1.0197688341140747,1.0333655275315652,1.0129701457240647,1.0333655275315652,9935316
2016-01-21,1.012969970703125,1.0265674305540926,1.012969970703125,1.0265674305540926,5151107
2016-01-22,1.0333653688430786,1.0469628289553246,1.0197686775135606,1.0197686775135606,8139512
2016-01-26,1.046962857246399,1.046962857246399,1.0265674780197847,1.0333653967667216,6243261
2016-01-27,1.0537606477737427,1.0537606477737427,1.0401639577312338,1.0469627298539634,5225624
2016-01-28,1.0673582553863525,1.0673582553863525,1.040164185971848,1.0469629595864156,8558793
2016-01-29,1.0605595111846924,1.087753579163097,1.0605595111846924,1.0673581990199121,15410950
2016-02-02,1.0537606477737427,1.0673580211786118,1.0537606477737427,1.0673580211786118,7519865
2016-02-03,1.0333653688430786,1.053760747518568,1.0333653688430786,1.053760747518568,7440499
2016-02-04,1.0401641130447388,1.060559492835046,1.0401641130447388,1.0469628861826363,8125283
2016-02-05,1.0401641130447388,1.0469628861826363,1.033365425327149,1.0401641130447388,4476547
2016-02-08,1.0401641130447388,1.0401641130447388,1.0401641130447388,1.0401641130447388,0
2016-02-09,1.0401641130447388,1.0401641130447388,1.0401641130447388,1.0401641130447388,0
2016-02-10,1.0333653688430786,1.053760747518568,1.0333653688430786,1.0469628289553246,1407827
2016-02-11,1.046962857246399,1.0605594635230218,1.0333653967667216,1.0401640842964075,6816215
2016-02-12,1.046962857246399,1.0605594635230218,1.0401640842964075,1.0401640842964075,1387801
2016-02-15,1.046962857246399,1.0605594635230218,1.046962857246399,1.0537607759933358,3647260
2016-02-16,1.0605595111846924,1.0673581990199121,1.0469629042970363,1.0537608233494726,4526506
2016-02-17,1.0401641130447388,1.0673581805526358,1.0401641130447388,1.053760805117456,3540068
2016-02-18,1.0605595111846924,1.0605595111846924,1.0469629042970363,1.0469629042970363,4071916
2016-02-19,1.0537606477737427,1.074156024518686,1.0469627298539634,1.0605593344761772,6438567
2016-02-22,1.0741562843322754,1.0877536610260359,1.0537609026541603,1.0537609026541603,9513400
2016-02-23,1.0673582553863525,1.0877536366066032,1.0673582553863525,1.0741562602180958,11089973
2016-02-24,1.0673582553863525,1.0809549484123495,1.0673582553863525,1.0741562602180958,3677194
2016-02-25,1.0605595111846924,1.0741562034926575,1.0605595111846924,1.0673581990199121,9779957
2016-02-26,1.0673582553863525,1.0673582553863525,1.0469629595864156,1.0537608789978452,6217543
2016-02-29,1.0673582553863525,1.0741562602180958,1.0605595671920989,1.0673582553863525,15367631
2016-03-01,1.0537606477737427,1.074156024518686,1.0537606477737427,1.0605593344761772,4827634
2016-03-02,1.0741562843322754,1.0741562843322754,1.0469629830901213,1.0469629830901213,6689630
2016-03-03,1.0605595111846924,1.0945515836358426,1.0605595111846924,1.0673581990199121,14549305
2016-03-04,1.0605595111846924,1.0741562034926575,1.0537608233494726,1.0673581990199121,13880859
2016-03-07,1.0809547901153564,1.0809547901153564,1.0537607246832006,1.0605594118818422,7386640
2016-03-08,1.0741562843322754,1.0877536610260359,1.0605595910010406,1.0809549726791556,7041350
2016-03-09,1.0809547901153564,1.0809547901153564,1.0673580990804836,1.074156102916715,3679618
2016-03-10,1.0741562843322754,1.0809549726791556,1.0673582793479208,1.0741562843322754,4110493
2016-03-11,1.0741562843322754,1.0877536610260359,1.0673582793479208,1.0741562843322754,5744719
2016-03-14,1.0809547901153564,1.087753477313998,1.0673580990804836,1.074156102916715,3537222
2016-03-15,1.0877535343170166,1.094551538509493,1.074156159207172,1.0809548467620944,9369951
2016-03-16,1.0809547901153564,1.0945514811502293,1.0809547901153564,1.0809547901153564,6403785
2016-03-17,1.0945515632629395,1.114946943026505,1.0877535589167253,1.0877535589167253,14899971
2016-03-18,1.1217455863952637,1.1217455863952637,1.0877535159204335,1.0945515199979388,17835676
2016-03-21,1.1489397287368774,1.1489397287368774,1.1013502802365311,1.1149469726527101,17712148
2016-03-22,1.1285442113876343,1.1421409021527118,1.1149468372601603,1.1353422150889747,13024273
2016-03-23,1.1217455863952637,1.1285442738352036,1.1081488948778184,1.1285442738352036,14114847
2016-03-24,1.1217455863952637,1.1285442738352036,1.114946898955324,1.1217455863952637,2993780
2016-03-25,1.1217455863952637,1.1285442738352036,1.114946898955324,1.1217455863952637,4519655
2016-03-28,1.1149470806121826,1.128544457707465,1.1081490754270873,1.128544457707465,5384568
2016-03-29,1.1285442113876343,1.1285442113876343,1.1081488335588199,1.1149468372601603,6654110
2016-03-30,1.1489397287368774,1.1625364211530567,1.128544348431369,1.128544348431369,14621926
2016-03-31,1.1149470806121826,1.1489398399878428,1.1149470806121826,1.1489398399878428,19719595
2016-04-01,1.0877535343170166,1.1217456053667363,1.0877535343170166,1.1149469178118139,18148503
2016-04-04,1.1149470806121826,1.1217457691598238,1.0945516983318049,1.0945516983318049,14331127
2016-04-05,1.1285442113876343,1.1353422150889747,1.094551459431346,1.1081488335588199,13238868
2016-04-06,1.1353423595428467,1.1353423595428467,1.1081489745527753,1.121745667047811,10177209
2016-04-07,1.1217455863952637,1.135342277912709,1.114946898955324,1.135342277912709,9925514
2016-04-08,1.1285442113876343,1.1353422150889747,1.1149468372601603,1.1217455243238974,7820572
2016-04-11,1.1217455863952637,1.135342277912709,1.114946898955324,1.1217455863952637,4162877
2016-04-12,1.1217455863952637,1.1285442738352036,1.1081488948778184,1.1217455863952637,4689771
2016-04-13,1.1149470806121826,1.128544457707465,1.1081490754270873,1.1217457691598238,8342723
2016-04-14,1.10135018825531,1.1149468795359374,1.0945515009337852,1.108148875576835,8943503
2016-04-15,1.1489397287368774,1.1489397287368774,1.0945515923472018,1.1013502802365311,12390820
2016-04-18,1.1353423595428467,1.1421410474716063,1.1285443549765706,1.1353423595428467,5759475
2016-04-19,1.1081489324569702,1.1353423164140328,1.1081489324569702,1.1285443121059962,9668338
2016-04-20,1.10135018825531,1.1217455668574623,1.10135018825531,1.108148875576835,9287950
2016-04-21,1.1081489324569702,1.1149469367650071,1.1013502447864756,1.1013502447864756,6222392
2016-04-22,1.0945515632629395,1.1081489386802907,1.0945515632629395,1.101350250971615,2779502
2016-04-25,1.0945515632629395,1.1081489386802907,1.0945515632629395,1.0945515632629395,4796857
2016-04-26,1.0741562843322754,1.1013503543572707,1.0605595910010406,1.0945516660103904,9310189
2016-04-27,1.0741562843322754,1.0877536610260359,1.0605595910010406,1.0741562843322754,12295327
2016-04-28,1.0673582553863525,1.0809549484123495,1.0537608789978452,1.0741562602180958,20083541
2016-04-29,1.0605595111846924,1.0741562034926575,1.0537608233494726,1.0605595111846924,13166352
2016-05-03,1.0605595111846924,1.0741562034926575,1.0537608233494726,1.0605595111846924,12193827
2016-05-04,1.0673582553863525,1.0877536366066032,1.0333654977775943,1.0537608789978452,14942026
2016-05-05,1.0605595111846924,1.0741562034926575,1.0537608233494726,1.0741562034926575,7710850
2016-05-06,1.0673582553863525,1.0741562602180958,1.0537608789978452,1.0605595671920989,7331937
2016-05-09,1.0605595111846924,1.0741562034926575,1.0605595111846924,1.0673581990199121,8333132
2016-05-10,1.0741562843322754,1.0809549726791556,1.0605595910010406,1.0605595910010406,10356811
2016-05-11,1.1081489324569702,1.1217456244355015,1.0741561774669552,1.0741561774669552,15558721
2016-05-12,1.1149470806121826,1.1149470806121826,1.0945516983318049,1.101350386879446,2369707
2016-05-13,1.0877535343170166,1.1149469178118139,1.0877535343170166,1.1149469178118139,6338121
2016-05-16,1.0877535343170166,1.094551538509493,1.074156159207172,1.0877535343170166,9402730
2016-05-17,1.0877535343170166,1.094551538509493,1.0809548467620944,1.0809548467620944,5629412
2016-05-18,1.0809547901153564,1.0945514811502293,1.0809547901153564,1.087753477313998,7554331
2016-05-19,1.0877535343170166,1.094551538509493,1.0809548467620944,1.0877535343170166,7281556
2016-05-20,1.0809547901153564,1.0945514811502293,1.0809547901153564,1.087753477313998,3073463
2016-05-23,1.0877535343170166,1.094551538509493,1.0809548467620944,1.0809548467620944,4544741
2016-05-24,1.0809547901153564,1.0945514811502293,1.0809547901153564,1.0809547901153564,5906930
2016-05-25,1.0877535343170166,1.094551538509493,1.074156159207172,1.094551538509493,7512382
2016-05-26,1.0877535343170166,1.094551538509493,1.0809548467620944,1.0877535343170166,5205282
2016-05-27,1.1081489324569702,1.1081489324569702,1.0877535528079443,1.0945515571159812,9445417
2016-05-30,1.0945515632629395,1.101350250971615,1.0877535589167253,1.101350250971615,7902046
2016-05-31,1.1081489324569702,1.1081489324569702,1.0945515571159812,1.1013502447864756,20052132
2016-06-01,1.10135018825531,1.108148875576835,1.10135018825531,1.10135018825531,3772897
2016-06-02,1.10135018825531,1.1149468795359374,1.10135018825531,1.10135018825531,8895967
2016-06-03,1.10135018825531,1.108148875576835,1.0945515009337852,1.10135018825531,8287072
2016-06-06,1.1081489324569702,1.1149469367650071,1.1013502447864756,1.1013502447864756,8459401
2016-06-07,1.1353423595428467,1.1353423595428467,1.1013502866240157,1.1013502866240157,9977793
2016-06-08,1.1285442113876343,1.1353422150889747,1.1149468372601603,1.1353422150889747,3489160
2016-06-09,1.1217455863952637,1.135342277912709,1.114946898955324,1.1285442738352036,4177949
2016-06-10,1.1285442113876343,1.1285442113876343,1.1149468372601603,1.1149468372601603,5417136
2016-06-13,1.1149470806121826,1.1217457691598238,1.1081490754270873,1.1217457691598238,3371323
2016-06-14,1.10135018825531,1.1149468795359374,1.087753496974683,1.1149468795359374,6501596
2016-06-15,1.0809547901153564,1.1081488555475123,1.0809547901153564,1.101350168348871,10005724
2016-06-16,1.0877535343170166,1.0877535343170166,1.074156159207172,1.0809548467620944,7589851
2016-06-17,1.1081489324569702,1.1081489324569702,1.0809548651374499,1.0809548651374499,8378664
2016-06-20,1.10135018825531,1.108148875576835,1.0945515009337852,1.0945515009337852,2185889
2016-06-21,1.1285442113876343,1.1285442113876343,1.1013501464950828,1.1013501464950828,10342687
2016-06-23,1.1149470806121826,1.1421411514402016,1.1149470806121826,1.128544457707465,9116464
2016-06-24,1.0877535343170166,1.1081489136193376,1.0673581550146958,1.1081489136193376,16104060
2016-06-27,1.0809547901153564,1.0945514811502293,1.0673580990804836,1.0809547901153564,8681268
2016-06-28,1.0945515632629395,1.101350250971615,1.0809548712080497,1.0877535589167253,5796787
2016-06-29,1.1081489324569702,1.1149469367650071,1.0877535528079443,1.0945515571159812,8522325
2016-06-30,1.1353423595428467,1.1353423595428467,1.1081489745527753,1.1081489745527753,12397565
2016-07-01,1.0945515632629395,1.1285443184438564,1.0945515632629395,1.1285443184438564,10801810
2016-07-04,1.1081489324569702,1.1081489324569702,1.0877535528079443,1.0945515571159812,8851805
2016-07-05,1.1081489324569702,1.1081489324569702,1.0945515571159812,1.1013502447864756,5305201
2016-07-06,1.1081489324569702,1.1081489324569702,1.1081489324569702,1.1081489324569702,0
2016-07-07,1.1081489324569702,1.1081489324569702,1.1081489324569702,1.1081489324569702,0
2016-07-08,1.1081489324569702,1.1081489324569702,1.0877535528079443,1.1013502447864756,9276356
2016-07-11,1.1081489324569702,1.1285443121059962,1.0945515571159812,1.1013502447864756,12622910
2016-07-12,1.1081489324569702,1.1081489324569702,1.0945515571159812,1.1081489324569702,10304849
2016-07-13,1.1285442113876343,1.1285442113876343,1.1081488335588199,1.1081488335588199,12857320
2016-07-14,1.1421409845352173,1.1421409845352173,1.108148913489481,1.128544292789412,8744824
2016-07-15,1.1557377576828003,1.1557377576828003,1.1353423769463669,1.1421410649793426,9701645
2016-07-18,1.1489397287368774,1.1557377332637273,1.128544348431369,1.1489397287368774,6130799
2016-07-19,1.1217455863952637,1.1489396527925886,1.114946898955324,1.1421409653526486,12838664
2016-07-20,1.10135018825531,1.1217455668574623,1.0945515009337852,1.1149468795359374,10135366
2016-07-21,1.1149470806121826,1.1217457691598238,1.0945516983318049,1.0945516983318049,11163858
2016-07-22,1.1489397287368774,1.1557377332637273,1.1081489681258605,1.1081489681258605,7870004
2016-07-25,1.1489397287368774,1.1489397287368774,1.128544348431369,1.142141040847548,5956889
2016-07-26,1.1421409845352173,1.148939672089343,1.1353422969810918,1.1421409845352173,1567508
2016-07-27,1.1353423595428467,1.1489397354003659,1.1353423595428467,1.1421410474716063,4505743
2016-07-28,1.1285442113876343,1.1421409021527118,1.1217455243238974,1.1353422150889747,4288830
2016-07-29,1.1353423595428467,1.1353423595428467,1.1149469791190514,1.121745667047811,11228363
2016-08-01,1.1489397287368774,1.1489397287368774,1.1149469726527101,1.1353423529582187,5840001
2016-08-02,1.1421409845352173,1.148939672089343,1.1217456052352863,1.148939672089343,4091626
2016-08-03,1.1217455863952637,1.1421409653526486,1.1217455863952637,1.1285442738352036,4296735
2016-08-04,1.1353423595428467,1.1421410474716063,1.1285443549765706,1.1285443549765706,4820256
2016-08-05,1.1353423595428467,1.1353423595428467,1.1149469791190514,1.1353423595428467,13477177
2016-08-08,1.1353423595428467,1.1421410474716063,1.1285443549765706,1.1353423595428467,6985698
2016-08-09,1.1489397287368774,1.1557377332637273,1.1353423529582187,1.142141040847548,5468993
2016-08-10,1.1489397287368774,1.1557377332637273,1.142141040847548,1.142141040847548,2765800
2016-08-11,1.1489397287368774,1.1489397287368774,1.1353423529582187,1.142141040847548,3990021
2016-08-12,1.1421409845352173,1.1557376762810228,1.1353422969810918,1.1353422969810918,8871831
2016-08-15,1.1421409845352173,1.1557376762810228,1.1353422969810918,1.1421409845352173,4855144
2016-08-16,1.1489397287368774,1.1557377332637273,1.142141040847548,1.142141040847548,7250569
2016-08-17,1.1421409845352173,1.1557376762810228,1.1421409845352173,1.1421409845352173,3972524
2016-08-18,1.1489397287368774,1.1625364211530567,1.142141040847548,1.142141040847548,3684045
2016-08-19,1.1421409845352173,1.1557376762810228,1.1421409845352173,1.148939672089343,1733407
2016-08-22,1.1557377576828003,1.169335133748752,1.1353423769463669,1.1421410649793426,10968025
2016-08-23,1.1489397287368774,1.1625364211530567,1.142141040847548,1.1625364211530567,4451778
2016-08-24,1.1489397287368774,1.1625364211530567,1.142141040847548,1.142141040847548,10809715
2016-08-25,1.1557377576828003,1.1557377576828003,1.1421410649793426,1.1421410649793426,6296593
2016-08-26,1.1557377576828003,1.162536445715776,1.1489397530123184,1.1557377576828003,8467095
2016-08-29,1.1557377576828003,1.162536445715776,1.1489397530123184,1.1557377576828003,5706143
2016-08-30,1.1421409845352173,1.169335051389274,1.1421409845352173,1.1557376762810228,25169828
2016-09-01,1.1489397287368774,1.1625364211530567,1.1217456605420395,1.142141040847548,25438070
2016-09-02,1.1557377576828003,1.169335133748752,1.1489397530123184,1.1489397530123184,6567682
2016-09-05,1.1625362634658813,1.1693349504330324,1.1557375764987303,1.1557375764987303,3139759
2016-09-06,1.1693350076675415,1.1693350076675415,1.1557376330676996,1.1625363203676207,6447526
2016-09-07,1.1693350076675415,1.1761330116050421,1.1625363203676207,1.1693350076675415,4964759
2016-09-08,1.1693350076675415,1.1829316989049632,1.1693350076675415,1.1693350076675415,5873413
2016-09-09,1.176133155822754,1.1829318439563314,1.1625364629181028,1.1693351510516805,8205071
2016-09-13,1.182931661605835,1.196528352414538,1.169334970797132,1.169334970797132,10693564
2016-09-14,1.176133155822754,1.1897305320899092,1.1693351510516805,1.1829318439563314,13382317
2016-09-15,1.182931661605835,1.189730348691386,1.176132974520284,1.176132974520284,13349221
2016-09-19,1.1897305250167847,1.2033272178406016,1.1761331488304678,1.1897305250167847,5075008
2016-09-20,1.1965285539627075,1.1965285539627075,1.1829318608637218,1.1897305490944716,2733231
2016-09-21,1.2237224578857422,1.230521145196253,1.1965283920061207,1.1965283920061207,12312191
2016-09-22,1.2373192310333252,1.2373192310333252,1.2101258467163967,1.2169238511143954,6228294
2016-09-23,1.2237224578857422,1.2373191491443423,1.210125766627142,1.230521145196253,10525135
2016-09-26,1.2101256847381592,1.2305210619271185,1.2101256847381592,1.2237223750766737,6238834
2016-09-27,1.2237224578857422,1.2373191491443423,1.2033270793166313,1.210125766627142,20107256
2016-09-28,1.2169239521026611,1.230521328751991,1.2101259471405197,1.223722640427326,12294168
2016-09-29,1.2169239521026611,1.223722640427326,1.2101259471405197,1.2169239521026611,8507147
2016-09-30,1.2169239521026611,1.223722640427326,1.2101259471405197,1.223722640427326,17480268
2016-10-04,1.2169239521026611,1.2373193337141324,1.2169239521026611,1.223722640427326,11563851
2016-10-05,1.2033271789550781,1.2237225592129766,1.1965284910816194,1.2169238713395178,26147518
2016-10-06,1.2101256847381592,1.2169236882262289,1.2033269978877144,1.2033269978877144,12837715
2016-10-07,1.2033271789550781,1.2169238713395178,1.2033271789550781,1.2169238713395178,11879524
2016-10-10,1.1965285539627075,1.2101259304242074,1.1965285539627075,1.2033272421934575,10627162
2016-10-11,1.2033271789550781,1.210125866828537,1.1897304865706386,1.1965284910816194,13016579
2016-10-12,1.2033271789550781,1.2033271789550781,1.1965284910816194,1.1965284910816194,6405788
2016-10-13,1.1965285539627075,1.2101259304242074,1.1897305490944716,1.2033272421934575,12337382
2016-10-14,1.2033271789550781,1.210125866828537,1.1965284910816194,1.2033271789550781,6595929
2016-10-17,1.1897305250167847,1.21012590593376,1.1897305250167847,1.2033272178406016,6929309
2016-10-18,1.2101256847381592,1.2169236882262289,1.1897303075491998,1.1965283110372693,9356671
2016-10-19,1.1965285539627075,1.2169239352924432,1.1965285539627075,1.2169239352924432,5957943
2016-10-20,1.2033271789550781,1.2169238713395178,1.1965284910816194,1.1965284910816194,6505602
2016-10-21,1.1897305250167847,1.21012590593376,1.1829318369236264,1.21012590593376,15076200
2016-10-24,1.176133155822754,1.1965285368609826,1.176133155822754,1.1897305320899092,8381721
2016-10-25,1.1897305250167847,1.196528529747443,1.1761331488304678,1.1829318369236264,20589672
2016-10-26,1.182931661605835,1.203327039500089,1.182931661605835,1.189730348691386,9117624
2016-10-27,1.1793361902236938,1.193718827013756,1.1721455946559567,1.186527508618725,3542387
2016-10-28,1.1505721807479858,1.1793360041348437,1.1505721807479858,1.1793360041348437,4910900
2016-10-31,1.143380880355835,1.1577627922614384,1.1361895629894379,1.150572197722232,7925761
2016-11-01,1.1505721807479858,1.1577627751811104,1.136189546227377,1.1433808634876814,7414466
2016-11-02,1.12899911403656,1.1577629415569108,1.1218077957428305,1.150572346090465,7146012
2016-11-03,1.1146162748336792,1.1361895029659936,1.1074257710277366,1.1146162748336792,14109261
2016-11-04,1.1002345085144043,1.114616421553356,1.0858526858288584,1.114616421553356,15020549
2016-11-07,1.1146162748336792,1.1361895029659936,1.0930430467013648,1.0930430467013648,9612793
2016-11-08,1.143380880355835,1.150572197722232,1.1146163337174373,1.1218076510838344,12696796
2016-11-09,1.1361896991729736,1.143381017401321,1.1146164673152086,1.143381017401321,10475913
2016-11-10,1.1218076944351196,1.1433809245407989,1.1218076944351196,1.1361896068964996,13895509
2016-11-11,1.1218076944351196,1.1433809245407989,1.093043146685141,1.1146163767908202,17978810
2016-11-14,1.1218076944351196,1.1289990120794189,1.1002344643294402,1.1146163767908202,17466987
2016-11-15,1.1074259281158447,1.12899906895491,1.1074259281158447,1.12899906895491,15838136
2016-11-16,1.1074259281158447,1.1218077509483344,1.1002345197558623,1.1146164329417587,15255274
2016-11-17,1.1146162748336792,1.1218075918201682,1.1002343636878538,1.1074257710277366,17484167
2016-11-18,1.0930430889129639,1.1146163178784023,1.0930430889129639,1.1074258137947741,13884232
2016-11-21,1.078661322593689,1.1002345544667673,1.078661322593689,1.0930432362333151,6110879
2016-11-22,1.1002345085144043,1.114616421553356,1.0786612775423527,1.0858526858288584,18416957
2016-11-23,1.0930430889129639,1.1002344061771703,1.0858525848293354,1.1002344061771703,6688471
2016-11-24,1.0858526229858398,1.100234444839047,1.0858526229858398,1.0930431273221402,5707724
2016-11-25,1.0858526229858398,1.0930431273221402,1.0786612151155324,1.0858526229858398,4444927
2016-11-28,1.078661322593689,1.0930432362333151,1.078661322593689,1.0858527311805506,11552047
2016-11-29,1.0714699029922485,1.0930431328243597,1.0714699029922485,1.0786612205453554,14819340
2016-11-30,1.0355148315429688,1.0786612000333096,1.0355148315429688,1.0714698826169544,29969320
2016-12-01,1.0714699029922485,1.0714699029922485,1.0355148512345342,1.042706168787641,7852086
2016-12-02,1.078661322593689,1.0858527311805506,1.0642794993074722,1.0714700043602368,22011412
2016-12-05,1.0858526229858398,1.100234444839047,1.0786612151155324,1.0858526229858398,10254362
2016-12-06,1.1074259281158447,1.1074259281158447,1.0858526969233726,1.0858526969233726,14403326
2016-12-07,1.1002345085144043,1.1218077394864556,1.0930431905813045,1.114616421553356,12693634
2016-12-08,1.1361896991729736,1.1361896991729736,1.100234553685791,1.107425962267548,13815300
2016-12-09,1.12899911403656,1.1361897095030058,1.1002345636889255,1.1361897095030058,9725992
2016-12-13,1.143380880355835,1.150572197722232,1.1289989684502315,1.1361895629894379,12122155
2016-12-14,1.12899911403656,1.150572346090465,1.12899911403656,1.1433810277967356,8332288
2016-12-15,1.1218076944351196,1.1361896068964996,1.1146163767908202,1.1218076944351196,10471486
2016-12-16,1.1218076944351196,1.1218076944351196,1.093043146685141,1.1218076944351196,17202012
2016-12-19,1.1146162748336792,1.1218075918201682,1.1002343636878538,1.1218075918201682,11548674
2016-12-20,1.1218076944351196,1.1361896068964996,1.1074258723271417,1.1146163767908202,3787020
2016-12-21,1.1218076944351196,1.1433809245407989,1.1218076944351196,1.1361896068964996,7015210
2016-12-22,1.1002345085144043,1.1218077394864556,1.1002345085144043,1.1218077394864556,2373818
2016-12-23,1.1002345085144043,1.10742591680091,1.0930431905813045,1.1002345085144043,3224922
2016-12-27,1.1074259281158447,1.1074259281158447,1.1002345197558623,1.1002345197558623,345817
2016-12-28,1.1074259281158447,1.1146164329417587,1.1002345197558623,1.1074259281158447,4434703
2016-12-29,1.1218076944351196,1.1361896068964996,1.093043146685141,1.1074258723271417,5181989
2016-12-30,1.1146162748336792,1.1361895029659936,1.1146162748336792,1.1218075918201682,3172644
2017-01-02,1.1146162748336792,1.1146162748336792,1.1146162748336792,1.1146162748336792,0
2017-01-03,1.1074259281158447,1.1146164329417587,1.1074259281158447,1.1074259281158447,1705582
2017-01-04,1.1074259281158447,1.12899906895491,1.1002345197558623,1.1074259281158447,7179529
2017-01-05,1.1146162748336792,1.1218075918201682,1.1074257710277366,1.1146162748336792,6486735
2017-01-06,1.1146162748336792,1.1218075918201682,1.1002343636878538,1.1074257710277366,9454482
2017-01-09,1.1002345085144043,1.114616421553356,1.1002345085144043,1.114616421553356,5770226
2017-01-10,1.0930430889129639,1.1002344061771703,1.0786611772117316,1.1002344061771703,15072195
2017-01-11,1.1074259281158447,1.1074259281158447,1.0858526969233726,1.0930432017492864,10005197
2017-01-12,1.1146162748336792,1.1146162748336792,1.1002343636878538,1.1002343636878538,12255908
2017-01-13,1.1002345085144043,1.114616421553356,1.0930431905813045,1.10742591680091,18005581
2017-01-16,1.0930430889129639,1.1002344061771703,1.0930430889129639,1.0930430889129639,8953516
2017-01-17,1.1002345085144043,1.114616421553356,1.0930431905813045,1.1002345085144043,7099425
2017-01-18,1.0930430889129639,1.1002344061771703,1.0858525848293354,1.1002344061771703,8079328
2017-01-19,1.1002345085144043,1.1002345085144043,1.0858526858288584,1.0930431905813045,5379087
2017-01-20,1.1002345085144043,1.10742591680091,1.0930431905813045,1.1002345085144043,6120892
2017-01-23,1.1002345085144043,1.10742591680091,1.0930431905813045,1.1002345085144043,2550468
2017-01-24,1.1074259281158447,1.1146164329417587,1.1002345197558623,1.1074259281158447,8233529
2017-01-25,1.1074259281158447,1.1146164329417587,1.1002345197558623,1.1146164329417587,8989352
2017-01-26,1.1218076944351196,1.1218076944351196,1.1074258723271417,1.1074258723271417,4034289
2017-01-27,1.1074259281158447,1.1218077509483344,1.1002345197558623,1.1146164329417587,4766608
2017-01-31,1.0930430889129639,1.1074258137947741,1.0930430889129639,1.1002344061771703,7565609
2017-02-02,1.0930430889129639,1.1074258137947741,1.0930430889129639,1.1002344061771703,6566207
2017-02-03,1.1074259281158447,1.1146164329417587,1.1002345197558623,1.1002345197558623,8115270
2017-02-06,1.1146162748336792,1.1146162748336792,1.1002343636878538,1.1074257710277366,2968168
2017-02-07,1.1002345085144043,1.114616421553356,1.0930431905813045,1.10742591680091,3266239
2017-02-08,1.1002345085144043,1.10742591680091,1.0930431905813045,1.1002345085144043,6284472
2017-02-10,1.1002345085144043,1.1218077394864556,1.1002345085144043,1.10742591680091,12196357
2017-02-13,1.1146162748336792,1.1146162748336792,1.1002343636878538,1.1002343636878538,3137124
2017-02-14,1.1074259281158447,1.1146164329417587,1.1002345197558623,1.1146164329417587,2548360
2017-02-15,1.1146162748336792,1.1146162748336792,1.1074257710277366,1.1074257710277366,2466675
2017-02-16,1.1002345085144043,1.114616421553356,1.1002345085144043,1.114616421553356,3041105
2017-02-17,1.1074259281158447,1.1146164329417587,1.1002345197558623,1.1002345197558623,3198045
2017-02-20,1.1146162748336792,1.1146162748336792,1.1074257710277366,1.1074257710277366,808839
2017-02-21,1.1146162748336792,1.1146162748336792,1.1074257710277366,1.1146162748336792,1385271
2017-02-22,1.1074259281158447,1.1146164329417587,1.1002345197558623,1.1074259281158447,3676034
2017-02-23,1.1146162748336792,1.1146162748336792,1.1002343636878538,1.1074257710277366,1516600
2017-02-24,1.1146162748336792,1.1146162748336792,1.1002343636878538,1.1002343636878538,3541860
2017-02-27,1.1074259281158447,1.1146164329417587,1.1002345197558623,1.1074259281158447,3545654
2017-02-28,1.1146162748336792,1.1146162748336792,1.1002343636878538,1.1074257710277366,10499417
2017-03-01,1.1002345085144043,1.114616421553356,1.1002345085144043,1.1002345085144043,3124476
2017-03-02,1.1002345085144043,1.10742591680091,1.1002345085144043,1.1002345085144043,4911638
2017-03-03,1.0930430889129639,1.1074258137947741,1.0930430889129639,1.1002344061771703,9453744
2017-03-06,1.1074259281158447,1.1074259281158447,1.0930432017492864,1.0930432017492864,8514841
2017-03-07,1.0930430889129639,1.1074258137947741,1.0930430889129639,1.1074258137947741,4939885
2017-03-08,1.078661322593689,1.1002345544667673,1.078661322593689,1.0930432362333151,7791481
2017-03-09,1.078661322593689,1.0930432362333151,1.0714700043602368,1.078661322593689,11540663
2017-03-10,1.0714699029922485,1.0786612205453554,1.0714699029922485,1.0786612205453554,4573093
2017-03-13,1.0714699029922485,1.0786612205453554,1.0642793986197523,1.0714699029922485,5724166
2017-03-14,1.064279317855835,1.0714698216826726,1.0570880008484485,1.0714698216826726,6429397
2017-03-15,1.0498968362808228,1.0642795639750575,1.0498968362808228,1.0642795639750575,9764463
2017-03-16,1.0570881366729736,1.0714699593551082,1.0498967283881737,1.0570881366729736,16545897
2017-03-17,1.0570881366729736,1.085852685571302,1.0570881366729736,1.0642794546043677,24319461
2017-03-20,1.064279317855835,1.064279317855835,1.0570880008484485,1.064279317855835,17100512
2017-03-21,1.064279317855835,1.064279317855835,1.0570880008484485,1.064279317855835,13632642
2017-03-22,1.0714699029922485,1.0714699029922485,1.0570880810666454,1.0570880810666454,15813051
2017-03-23,1.0858526229858398,1.0858526229858398,1.0642793932623251,1.0714698975986254,14036113
2017-03-24,1.078661322593689,1.0930432362333151,1.078661322593689,1.0930432362333151,10834694
2017-03-27,1.064279317855835,1.078661138690059,1.064279317855835,1.0714698216826726,4221795
2017-03-28,1.064279317855835,1.078661138690059,1.0570880008484485,1.0714698216826726,9672238
2017-03-29,1.0714699029922485,1.0786612205453554,1.0642793986197523,1.0642793986197523,10097738
2017-03-30,1.0714699029922485,1.0786612205453554,1.0714699029922485,1.0714699029922485,10685343
2017-03-31,1.0714699029922485,1.0786612205453554,1.0714699029922485,1.0786612205453554,6667180
2017-04-03,1.0714699029922485,1.0786612205453554,1.0642793986197523,1.0714699029922485,3026349
2017-04-04,1.078661322593689,1.0858527311805506,1.0642794993074722,1.0714700043602368,10521340
2017-04-05,1.0858526229858398,1.0858526229858398,1.0714698975986254,1.0786612151155324,4818464
2017-04-06,1.0858526229858398,1.100234444839047,1.0786612151155324,1.0786612151155324,7399815
2017-04-07,1.0930430889129639,1.0930430889129639,1.0786611772117316,1.0930430889129639,6019919
2017-04-10,1.0858526229858398,1.0930431273221402,1.0858526229858398,1.0930431273221402,1330463
2017-04-11,1.0858526229858398,1.0930431273221402,1.0786612151155324,1.0858526229858398,4874748
2017-04-12,1.0858526229858398,1.0858526229858398,1.0714698975986254,1.0858526229858398,4158871
2017-04-13,1.0858526229858398,1.0858526229858398,1.0714698975986254,1.0714698975986254,5922002
2017-04-14,1.078661322593689,1.0858527311805506,1.0714700043602368,1.078661322593689,2163650
2017-04-17,1.078661322593689,1.0858527311805506,1.0714700043602368,1.078661322593689,3721145
2017-04-18,1.0714699029922485,1.0858526284518635,1.0714699029922485,1.0786612205453554,4194497
2017-04-19,1.064279317855835,1.078661138690059,1.064279317855835,1.0714698216826726,5104204
2017-04-20,1.0570881366729736,1.0642794546043677,1.0570881366729736,1.0642794546043677,5999049
2017-04-21,1.0498968362808228,1.0642795639750575,1.0498968362808228,1.0570882453046477,9572635
2017-04-24,1.0570881366729736,1.0570881366729736,1.0570881366729736,1.0570881366729736,0
2017-04-25,1.0570881366729736,1.0642794546043677,1.0498967283881737,1.0570881366729736,7262479
2017-04-26,1.064279317855835,1.064279317855835,1.0498965934876678,1.0570880008484485,6661277
2017-04-27,1.0570881366729736,1.0642794546043677,1.0498967283881737,1.0642794546043677,9395669
2017-04-28,1.0570881366729736,1.0642794546043677,1.0498967283881737,1.0570881366729736,9029615
2017-05-02,1.0570881366729736,1.0570881366729736,1.0498967283881737,1.0570881366729736,5919789
2017-05-03,1.0498968362808228,1.0642795639750575,1.0498968362808228,1.0570882453046477,4782418
2017-05-04,1.0570881366729736,1.0570881366729736,1.0498967283881737,1.0570881366729736,3498330
2017-05-05,1.0570881366729736,1.0570881366729736,1.0498967283881737,1.0570881366729736,11262091
2017-05-08,1.064279317855835,1.064279317855835,1.0498965934876678,1.0570880008484485,2682534
2017-05-09,1.064279317855835,1.064279317855835,1.0570880008484485,1.064279317855835,2665565
2017-05-11,1.078661322593689,1.0858527311805506,1.0642794993074722,1.0642794993074722,14676734
2017-05-12,1.078661322593689,1.078661322593689,1.0642794993074722,1.078661322593689,6987596
2017-05-15,1.0858526229858398,1.0858526229858398,1.0714698975986254,1.0786612151155324,2895653
2017-05-16,1.1002345085144043,1.1002345085144043,1.0786612775423527,1.0858526858288584,7076342
2017-05-17,1.0930430889129639,1.0930430889129639,1.0786611772117316,1.0930430889129639,5064046
2017-05-18,1.0858526229858398,1.0930431273221402,1.0786612151155324,1.0858526229858398,3154410
2017-05-19,1.0858526229858398,1.0930431273221402,1.0786612151155324,1.0858526229858398,5315425
2017-05-22,1.1002345085144043,1.1002345085144043,1.0786612775423527,1.0858526858288584,7166670
2017-05-23,1.0930430889129639,1.1002344061771703,1.0930430889129639,1.1002344061771703,3312193
2017-05-24,1.0930430889129639,1.1002344061771703,1.0858525848293354,1.1002344061771703,3942380
2017-05-25,1.0858526229858398,1.0930431273221402,1.0858526229858398,1.0930431273221402,2518742
2017-05-26,1.0858526229858398,1.100234444839047,1.0858526229858398,1.0930431273221402,5214452
2017-05-29,1.0930430889129639,1.1002344061771703,1.0858525848293354,1.0930430889129639,5341037
2017-05-31,1.078661322593689,1.0858527311805506,1.0714700043602368,1.078661322593689,12582647
2017-06-01,1.0714699029922485,1.0786612205453554,1.0714699029922485,1.0714699029922485,1634121
2017-06-02,1.078661322593689,1.078661322593689,1.0714700043602368,1.078661322593689,1471594
2017-06-05,1.0714699029922485,1.0786612205453554,1.0714699029922485,1.0786612205453554,2296349
2017-06-06,1.0714699029922485,1.0786612205453554,1.0714699029922485,1.0786612205453554,2344095
2017-06-07,1.0714699029922485,1.0786612205453554,1.0642793986197523,1.0714699029922485,7510906
2017-06-08,1.078661322593689,1.078661322593689,1.0642794993074722,1.0714700043602368,7314757
2017-06-09,1.078661322593689,1.078661322593689,1.0714700043602368,1.078661322593689,2543511
2017-06-13,1.078661322593689,1.0930432362333151,1.0714700043602368,1.078661322593689,5194637
2017-06-14,1.0858526229858398,1.0930431273221402,1.0786612151155324,1.0858526229858398,5273160
2017-06-15,1.0858526229858398,1.0930431273221402,1.0786612151155324,1.0858526229858398,5129289
2017-06-16,1.078661322593689,1.0930432362333151,1.078661322593689,1.0858527311805506,8507252
2017-06-19,1.078661322593689,1.0858527311805506,1.0714700043602368,1.0858527311805506,3222603
2017-06-20,1.078661322593689,1.0858527311805506,1.0714700043602368,1.0714700043602368,3304499
2017-06-21,1.0570881366729736,1.078661277286502,1.0570881366729736,1.078661277286502,12653582
2017-06-22,1.0570881366729736,1.0714699593551082,1.0498967283881737,1.0642794546043677,11374764
2017-06-23,1.064279317855835,1.0714698216826726,1.0570880008484485,1.064279317855835,7337945
2017-06-26,1.064279317855835,1.064279317855835,1.064279317855835,1.064279317855835,0
2017-06-27,1.0570881366729736,1.0570881366729736,1.0570881366729736,1.0570881366729736,0
2017-06-28,1.064279317855835,1.078661138690059,1.0570880008484485,1.064279317855835,12166739
2017-06-29,1.0570881366729736,1.0714699593551082,1.0570881366729736,1.0642794546043677,9332429
2017-06-30,1.0498968362808228,1.0642795639750575,1.0498968362808228,1.0642795639750575,11072161
2017-07-03,1.0570881366729736,1.0642794546043677,1.0427062236374331,1.0570881366729736,9689102
2017-07-04,1.0498968362808228,1.0570882453046477,1.0498968362808228,1.0570882453046477,4734461
2017-07-05,1.0570881366729736,1.0570881366729736,1.0498967283881737,1.0498967283881737,3758668
2017-07-06,1.064279317855835,1.064279317855835,1.0498965934876678,1.0570880008484485,6732422
2017-07-07,1.0498968362808228,1.0642795639750575,1.0498968362808228,1.0570882453046477,3665283
2017-07-10,1.0498968362808228,1.0570882453046477,1.0498968362808228,1.0498968362808228,1422161
2017-07-11,1.0498968362808228,1.0570882453046477,1.04270633079115,1.0498968362808228,6567788
2017-07-12,1.0498968362808228,1.0570882453046477,1.04270633079115,1.0498968362808228,10959488
2017-07-13,1.064279317855835,1.064279317855835,1.0498965934876678,1.0498965934876678,7689138
2017-07-14,1.0570881366729736,1.0642794546043677,1.0570881366729736,1.0642794546043677,2825878
2017-07-17,1.0498968362808228,1.0642795639750575,1.04270633079115,1.0642795639750575,12664965
2017-07-18,1.0355148315429688,1.0498966531950842,1.0355148315429688,1.0498966531950842,11651123
2017-07-19,1.0283235311508179,1.042706257838773,1.0283235311508179,1.0355149396714998,7243507
2017-07-20,1.0211328268051147,1.0355147375045621,1.0211328268051147,1.0283233303878823,7586584
2017-07-21,1.0211328268051147,1.0283233303878823,1.006750193278537,1.0283233303878823,7803286
2017-07-24,1.0211328268051147,1.0283233303878823,1.0139415100418259,1.0211328268051147,4713697
2017-07-25,1.0211328268051147,1.0355147375045621,1.0139415100418259,1.0211328268051147,8616552
2017-07-26,1.0211328268051147,1.0283233303878823,1.0139415100418259,1.0211328268051147,4171836
2017-07-27,1.0211328268051147,1.0211328268051147,1.0139415100418259,1.0211328268051147,2223728
2017-07-28,1.0139416456222534,1.0283234678913924,1.0139416456222534,1.021132963347138,6919402
2017-07-31,1.006750226020813,1.0211328600151532,1.006750226020813,1.013941543017983,8050554
2017-08-01,1.006750226020813,1.0211328600151532,1.006750226020813,1.013941543017983,5983134
2017-08-02,1.006750226020813,1.0211328600151532,1.006750226020813,1.013941543017983,4965919
2017-08-03,1.006750226020813,1.013941543017983,1.006750226020813,1.013941543017983,1538312
2017-08-04,1.0211328268051147,1.0283233303878823,1.006750193278537,1.006750193278537,4936723
2017-08-07,1.0211328268051147,1.0283233303878823,1.0139415100418259,1.0211328268051147,3216806
2017-08-08,1.0355148315429688,1.0355148315429688,1.0139416021210985,1.0211329195374539,4110071
2017-08-09,1.0355148315429688,1.0498966531950842,1.028323423773214,1.0355148315429688,4635806
2017-08-10,1.0355148315429688,1.0355148315429688,1.028323423773214,1.0355148315429688,3663597
2017-08-11,1.0139416456222534,1.0355148759696802,1.0067503278973688,1.0355148759696802,7112389
2017-08-14,1.0139416456222534,1.0283234678913924,1.0139416456222534,1.0139416456222534,5756102
2017-08-15,1.0139416456222534,1.021132963347138,1.0139416456222534,1.0139416456222534,2368548
2017-08-16,1.0211328268051147,1.0211328268051147,1.0139415100418259,1.0211328268051147,3226398
2017-08-17,1.0211328268051147,1.0283233303878823,1.0139415100418259,1.0211328268051147,2369180
2017-08-18,1.0211328268051147,1.0211328268051147,1.0139415100418259,1.0211328268051147,2359062
2017-08-21,1.006750226020813,1.0211328600151532,1.006750226020813,1.0211328600151532,4743420
2017-08-22,1.006750226020813,1.013941543017983,1.006750226020813,1.006750226020813,1808768
2017-08-23,0.999559760093689,1.0139416731060662,0.999559760093689,1.0067503551862544,7444610
2017-08-24,1.006750226020813,1.013941543017983,0.9995596318507963,1.006750226020813,2906404
2017-08-25,1.006750226020813,1.006750226020813,0.9995596318507963,1.006750226020813,2022098
2017-08-28,1.006750226020813,1.006750226020813,0.9995596318507963,1.006750226020813,3859852
2017-08-29,1.006750226020813,1.013941543017983,0.9995596318507963,1.006750226020813,3203948
2017-08-30,1.0283235311508179,1.0283235311508179,0.9995597944896765,1.0067503898296783,6216700
2017-08-31,1.0283235311508179,1.0283235311508179,1.0283235311508179,1.0283235311508179,0
2017-09-01,1.0283235311508179,1.0283235311508179,1.0283235311508179,1.0283235311508179,0
2017-09-05,1.0283235311508179,1.0283235311508179,1.0139417079969515,1.0283235311508179,3787020
2017-09-06,1.0139416456222534,1.0283234678913924,1.0139416456222534,1.021132963347138,3857217
2017-09-07,1.0211328268051147,1.0211328268051147,1.006750193278537,1.0139415100418259,6621752
2017-09-08,0.999559760093689,1.0211329910258777,0.9923684421738772,1.0139416731060662,21386074
2017-09-11,0.999559760093689,1.0067503551862544,0.9923684421738772,1.0067503551862544,2175139
2017-09-12,1.006750226020813,1.013941543017983,0.9923683148536262,0.9995596318507963,5360536
2017-09-13,0.999559760093689,1.0139416731060662,0.999559760093689,1.0139416731060662,6183605
2017-09-14,1.0139416456222534,1.0139416456222534,0.9995597329997111,1.0067503278973688,4028070
2017-09-15,0.999559760093689,1.0139416731060662,0.999559760093689,1.0139416731060662,13540944
2017-09-18,1.006750226020813,1.006750226020813,0.9995596318507963,0.9995596318507963,2558267
2017-09-19,0.999559760093689,1.0067503551862544,0.999559760093689,1.0067503551862544,3887256
2017-09-20,1.006750226020813,1.013941543017983,0.9995596318507963,1.006750226020813,3974105
2017-09-21,0.999559760093689,1.0139416731060662,0.999559760093689,0.999559760093689,3520253
2017-09-22,0.999559760093689,0.999559760093689,0.999559760093689,0.999559760093689,0
2017-09-25,0.9923683404922485,1.0067502520310034,0.9923683404922485,0.999559657675212,10935984
2017-09-26,0.985177218914032,0.9995598561355996,0.9851772189140319,0.9923685375248158,4818464
2017-09-27,0.985177218914032,0.9923685375248158,0.9851772189140319,0.9923685375248158,5389521
2017-09-28,0.9707953333854675,0.9851772482073522,0.9707953333854675,0.9851772482073522,8780871
2017-09-29,0.9779855608940125,0.9923682848062605,0.9707950572951073,0.9707950572951073,9644623
2017-10-02,0.9779855608940125,0.9851769680268322,0.9707950572951073,0.9779855608940125,2551838
2017-10-03,0.985177218914032,0.9851772189140319,0.9779858099498336,0.9779858099498336,1307908
2017-10-04,0.9923683404922485,0.9923683404922485,0.977985615772925,0.985177023309285,1057794
2017-10-05,0.985177218914032,0.9923685375248158,0.9851772189140319,0.9923685375248158,1097951
2017-10-06,0.9923683404922485,0.9923683404922485,0.985177023309285,0.9923683404922485,2196219
2017-10-09,0.9923683404922485,0.999559657675212,0.985177023309285,0.9923683404922485,1551592
2017-10-10,0.985177218914032,0.9923685375248158,0.9851772189140319,0.9923685375248158,1717597
2017-10-11,0.9923683404922485,0.999559657675212,0.985177023309285,0.985177023309285,4882442
2017-10-12,0.9923683404922485,0.9923683404922485,0.985177023309285,0.9923683404922485,4792641
2017-10-13,0.9707953333854675,0.9923685670319632,0.9707953333854675,0.9923685670319632,6012224
2017-10-16,0.9923683404922485,0.9923683404922485,0.9707951117705302,0.977985615772925,4222955
2017-10-17,0.985177218914032,0.9995598561355996,0.9851772189140319,0.9923685375248158,5531390
2017-10-18,0.985177218914032,0.9851772189140319,0.9851772189140319,0.9851772189140319,0
2017-10-19,0.985177218914032,0.9923685375248158,0.9779858099498336,0.9851772189140319,7698835
2017-10-20,0.9923683404922485,0.999559657675212,0.985177023309285,0.9923683404922485,12401886
2017-10-23,0.999559760093689,1.0211329910258777,0.9923684421738772,0.9923684421738772,13515121
2017-10-24,0.9967253804206848,1.011942639785947,0.9891163289762566,0.9967253804206848,5514484
2017-10-25,1.0043336153030396,1.0119426669517342,1.0043336153030396,1.0043336153030396,1930369
2017-10-26,0.9891164302825928,1.0043336912064227,0.9891164302825928,1.0043336912064227,3707598
2017-10-27,0.9815079569816589,0.9967253089810715,0.9738997496061381,0.9967253089810715,7085357
2017-10-30,0.9815079569816589,0.9967253089810715,0.9738997496061381,0.9815079569816589,6153601
2017-10-31,0.9662907719612122,0.9891163330665425,0.9586824702840718,0.9815080313894021,9157500
2017-11-01,0.9510733485221863,0.973899751464203,0.9510733485221863,0.973899751464203,6714391
2017-11-02,0.9434651136398315,0.9586823715000127,0.9358560629479856,0.9586823715000127,8381570
2017-11-03,0.9434651136398315,0.9586823715000127,0.9358560629479856,0.9434651136398315,4919595
2017-11-06,0.9662907719612122,0.973899823437106,0.9434652108558819,0.951073418808178,4189028
2017-11-07,0.9967253804206848,0.9967253804206848,0.9662907679653167,0.9662907679653167,12192296
2017-11-08,1.0043336153030396,1.0119426669517342,0.9967254071779619,0.9967254071779619,5977108
2017-11-09,0.9967253804206848,1.011942639785947,0.9815080273305788,1.0043335883415188,5256771
2017-11-10,0.9815079569816589,0.9967253089810715,0.9815079569816589,0.9891162580820169,3922738
2017-11-13,0.9738997220993042,0.9891162301454078,0.9738997220993042,0.9815079292599388,2357652
2017-11-14,0.9510733485221863,0.973899751464203,0.9510733485221863,0.973899751464203,8172527
2017-11-15,0.9434651136398315,0.9662906723931823,0.9434651136398315,0.9586823715000127,8062890
2017-11-16,0.92824786901474,0.951073430398229,0.92824786901474,0.951073430398229,6195968
2017-11-17,0.9206395745277405,0.94346513376806,0.9130305236735602,0.9358560829138798,7438240
2017-11-20,0.9206395745277405,0.9358560829138798,0.9206395745277405,0.9206395745277405,2297822
2017-11-21,0.9130305647850037,0.9358561250531001,0.9130305647850037,0.9282478236550297,4707451
2017-11-22,0.9130305647850037,0.9206396159818001,0.9054222633869333,0.9206396159818001,4617965
2017-11-23,0.9358561635017395,0.9510734229969503,0.9130306022958795,0.9206396538052857,8087794
2017-11-24,0.9358561635017395,0.9434652150111457,0.9282478617910903,0.9358561635017395,2679225
2017-11-27,0.9206395745277405,0.9358560829138798,0.9054222226180723,0.9282477818583919,10937623
2017-11-28,0.8978132009506226,0.9206396044565274,0.8978132009506224,0.9130305533549868,10451956
2017-11-29,0.8673794269561768,0.9054223431714261,0.8597704688137308,0.9054223431714261,10280216
2017-11-30,0.8902050256729126,0.8978132335269536,0.8293365510952942,0.8673793711375164,24898571
2017-12-01,0.8902050256729126,0.8902050256729126,0.8902050256729126,0.8902050256729126,0
2017-12-04,0.8825966715812683,0.8902049727074735,0.8673793195301587,0.8902049727074735,5649231
2017-12-05,0.8749876618385315,0.8825967131215636,0.8597704027960439,0.8825967131215636,5456618
2017-12-06,0.8597704172134399,0.8825967279217316,0.8597704172134399,0.8749876765111042,6137998
2017-12-07,0.8597704172134399,0.8749876765111042,0.8597704172134399,0.867379374899224,6166828
2017-12-08,0.8978132009506226,0.9130305533549868,0.8673793396654501,0.8673793396654501,7412407
2017-12-11,0.8749876618385315,0.9130305751326463,0.8749876618385316,0.9130305751326463,4113078
2017-12-12,0.8902050256729126,0.8902050256729126,0.8673793711375164,0.8825967240940285,5637968
2017-12-13,0.9358561635017395,0.9434652150111457,0.8902050410900196,0.8978132490758243,9208443
2017-12-14,0.9967253804206848,1.011942639785947,0.9358561555099485,0.9358561555099485,17776014
2017-12-15,1.0043336153030396,1.0119426669517342,0.9815080536793432,1.0043336153030396,14210292
2017-12-18,0.9891164302825928,1.0043336912064227,0.9815081278576647,1.0043336912064227,6910931
2017-12-19,0.9738997220993042,0.9967252808295524,0.9662906714151597,0.9891162301454078,12691292
2017-12-20,0.9815079569816589,0.9891162580820169,0.9662906987070835,0.9738997496061381,6343734
2017-12-21,0.9891164302825928,1.0043336912064227,0.9738999191575901,0.9815081278576647,8330523
2017-12-22,0.9967253804206848,0.9967253804206848,0.9815080273305788,0.9815080273305788,2841769
2017-12-25,0.9967253804206848,0.9967253804206848,0.9967253804206848,0.9967253804206848,0
2017-12-26,0.9891164302825928,0.9967254825063481,0.9815081278576647,0.9891164302825928,1651576
2017-12-27,0.9967253804206848,0.9967253804206848,0.9815080273305788,0.9891163289762566,7054357
2017-12-28,0.9967253804206848,1.0043335883415188,0.9891163289762566,0.9891163289762566,2590462
2017-12-29,1.0423763990402222,1.0423763990402222,0.996725281546872,0.996725281546872,13368849
2018-01-02,1.0195510387420654,1.0271600909127352,1.0043336841995483,1.0271600909127352,5488134
2018-01-03,1.0195510387420654,1.0271600909127352,1.0043336841995483,1.0195510387420654,3313898
2018-01-04,1.0195510387420654,1.03476829955973,1.0195510387420654,1.0195510387420654,4514218
2018-01-05,1.049985647201538,1.049985647201538,1.0195510320413785,1.0271600841620399,7298430
2018-01-08,1.0804194211959839,1.0804194211959839,1.0347682950173567,1.0499856494930735,6206817
2018-01-09,1.0956368446350098,1.0956368446350098,1.0575939246754213,1.080419489201458,8302933
2018-01-10,1.110853910446167,1.110853910446167,1.0804192986710228,1.0880283499453862,7163374
2018-01-11,1.110853910446167,1.110853910446167,1.0804192986710228,1.103245702695379,6452441
2018-01-12,1.1260713338851929,1.1260713338851929,1.0880284182462783,1.1032457719515394,10456503
2018-01-15,1.1412885189056396,1.1488968203591656,1.1184629584711716,1.1260712599246976,7776657
2018-01-16,1.1412885189056396,1.1488968203591656,1.1336794676533821,1.1336794676533821,8899477
2018-01-17,1.1488968133926392,1.1488968133926392,1.118462951689186,1.1412885119852474,4744445
2018-01-18,1.1488968133926392,1.156505864598758,1.1336794607791287,1.1412885119852474,12349362
2018-01-19,1.1717232465744019,1.1793315487810292,1.1412886318751316,1.156505986087192,9712916
2018-01-22,1.1717232465744019,1.1793315487810292,1.148896934081759,1.1717232465744019,7684897
2018-01-23,1.1793315410614014,1.1793315410614014,1.1641141869489502,1.1717232389045762,5390794
2018-01-24,1.1717232465744019,1.1793315487810292,1.1641141945689688,1.1793315487810292,6871044
2018-01-25,1.1793315410614014,1.1793315410614014,1.1641141869489502,1.1717232389045762,4711688
2018-01-26,1.1717232465744019,1.1793315487810292,1.1641141945689688,1.1793315487810292,2098182
2018-01-29,1.1717232465744019,1.1717232465744019,1.156505986087192,1.1717232465744019,4466478
2018-01-30,1.1641141176223755,1.171723169124859,1.1565059096434926,1.1641141176223755,11547806
2018-02-02,1.1717232465744019,1.1793315487810292,1.148896934081759,1.1641141945689688,13974278
2018-02-05,1.1412885189056396,1.1565058716114232,1.1336794676533821,1.1565058716114232,6662931
2018-02-06,1.0652028322219849,1.1108539550568455,1.03476821922462,1.1032457470005204,23643382
2018-02-07,1.103245735168457,1.103245735168457,1.0804193304722254,1.0804193304722254,11895729
2018-02-08,1.118463158607483,1.1336796705125158,1.095636844289773,1.1032458969035843,3908065
2018-02-09,1.0804194211959839,1.095636775671701,1.0728112125823872,1.0804194211959839,6120431
2018-02-12,1.0880284309387207,1.0956367329807157,1.080419379097936,1.0880284309387207,2753419
2018-02-13,1.0652028322219849,1.0956366954205858,1.0652028322219849,1.0956366954205858,2012829
2018-02-14,1.0804194211959839,1.0880284733332517,1.065202910243938,1.0728112125823872,1958992
2018-02-15,1.0804194211959839,1.0880284733332517,1.065202910243938,1.0804194211959839,1214992
2018-02-19,1.118463158607483,1.118463158607483,1.0880285414748274,1.095636844289773,2764785
2018-02-20,1.1260713338851929,1.1260713338851929,1.0956367201995185,1.1184630319319528,2553262
2018-02-21,1.1412885189056396,1.1412885189056396,1.1108539072189143,1.1184629584711716,4428555
2018-02-22,1.118463158607483,1.1412887231263271,1.118463158607483,1.1336796705125158,3469208
2018-02-23,1.1260713338851929,1.1412885938656063,1.1184630319319528,1.1260713338851929,8625230
2018-02-26,1.1336793899536133,1.1336793899536133,1.1108538310835565,1.1260711827463779,5555301
2018-02-27,1.118463158607483,1.1336796705125158,1.118463158607483,1.1336796705125158,5366511
2018-02-28,1.0880284309387207,1.1184630449794313,1.0880284309387207,1.1184630449794313,14845895
2018-03-01,1.103245735168457,1.1108539431431859,1.0728111224974965,1.0880283819705545,4768418
2018-03-02,1.0804194211959839,1.1032458278089687,1.0728112125823872,1.1032458278089687,7437724
2018-03-05,1.049985647201538,1.08802847095869,1.0423765950808765,1.0804194188380285,5721461
2018-03-06,1.072811245918274,1.0804194547682835,1.057593890969702,1.057593890969702,4442815
2018-03-07,1.0652028322219849,1.0804193420594808,1.0575937806420503,1.0652028322219849,6783934
2018-03-08,1.0195510387420654,1.0728112172917597,1.0195510387420654,1.0652029149199118,9022753
2018-03-09,1.072811245918274,1.072811245918274,1.019551065947404,1.027160118321111,3724028
2018-03-12,1.103245735168457,1.103245735168457,1.0652028207979232,1.0728111224974965,2113475
2018-03-13,1.110853910446167,1.110853910446167,1.0804192986710228,1.0956366514210159,2941589
2018-03-14,1.0956368446350098,1.1108541063437034,1.0956368446350098,1.1108541063437034,3915402
2018-03-15,1.0956368446350098,1.1108541063437034,1.0728112801089733,1.0880285418176667,2452305
2018-03-16,1.072811245918274,1.0956368097168554,1.072811245918274,1.0956368097168554,13299719
2018-03-19,1.072811245918274,1.0880285071419904,1.0652029433434091,1.0804194547682835,1674309
2018-03-20,1.0652028322219849,1.0804193420594808,1.0652028322219849,1.0652028322219849,1800479
2018-03-21,1.110853910446167,1.110853910446167,1.0652027894446054,1.0652027894446054,3872518
2018-03-22,1.110853910446167,1.110853910446167,1.0956366514210159,1.110853910446167,2039902
2018-03-23,1.072811245918274,1.0956368097168554,1.072811245918274,1.0956368097168554,2612162
2018-03-26,1.049985647201538,1.0728112102410363,1.049985647201538,1.0728112102410363,1996399
2018-03-27,1.0575937032699585,1.0652027542932254,1.0499854957702393,1.0575937032699585,1289496
2018-03-28,1.0347682237625122,1.057593785280042,1.0347682237625122,1.057593785280042,3244562
2018-03-29,1.0195510387420654,1.0423766019315777,1.0195510387420654,1.03476829955973,2486509
2018-03-30,1.0271599292755127,1.0499854888731208,1.019550878302228,1.0271599292755127,2819552
2018-04-02,1.0271599292755127,1.0347681367252555,1.019550878302228,1.0271599292755127,1242892
2018-04-03,1.0271599292755127,1.0423764378998361,1.0271599292755127,1.0271599292755127,3986392
2018-04-04,0.9967253804206848,1.0347682007968868,0.9967253804206848,1.0271599928760529,3615012
2018-04-05,1.0575937032699585,1.0575937032699585,0.9967253252518844,0.9967253252518844,3631958
2018-04-06,1.0880284309387207,1.1032457848215003,1.05759381689801,1.0652028687387947,10259343
2018-04-09,1.0956368446350098,1.0956368446350098,1.080419489201458,1.0880285418176667,2577649
2018-04-10,1.0804194211959839,1.095636775671701,1.0804194211959839,1.0880284733332517,1849046
2018-04-11,1.0804194211959839,1.095636775671701,1.0804194211959839,1.0880284733332517,3004002
2018-04-12,1.103245735168457,1.103245735168457,1.0804193304722254,1.0880283819705545,5476044
2018-04-13,1.0956368446350098,1.1032458972512187,1.0880285418176667,1.0956368446350098,3128105
2018-04-16,1.103245735168457,1.103245735168457,1.0804193304722254,1.095636683670128,2691315
2018-04-17,1.0880284309387207,1.0956367329807157,1.0880284309387207,1.0956367329807157,4755398
2018-04-18,1.0956368446350098,1.0956368446350098,1.080419489201458,1.0880285418176667,5696041
2018-04-19,1.1260713338851929,1.1260713338851929,1.0956367201995185,1.0956367201995185,8772893
2018-04-20,1.118463158607483,1.1260714614224283,1.1032458969035843,1.1260714614224283,2937559
2018-04-23,1.103245735168457,1.118462994641515,1.103245735168457,1.118462994641515,3154042
2018-04-24,1.0804194211959839,1.1032458278089687,1.0804194211959839,1.1032458278089687,4414501
2018-04-25,1.0575937032699585,1.0728110555177832,1.0499854957702393,1.0728110555177832,1997432
2018-04-26,1.0652028322219849,1.0728111340031554,1.0499855725857252,1.0575937806420503,3622038
2018-04-27,1.0880284309387207,1.0880284309387207,1.05759381689801,1.080419379097936,2258865
2018-04-30,1.103245735168457,1.103245735168457,1.0652028207979232,1.0728111224974965,7239014
2018-05-02,1.072811245918274,1.0956368097168554,1.0499856821196925,1.0880285071419904,5318564
2018-05-03,1.049985647201538,1.0728112102410363,1.049985647201538,1.0652029079191918,6766987
2018-05-04,1.0271599292755127,1.065202747296148,1.0271599292755127,1.0575936963228634,6302297
2018-05-07,1.0119426250457764,1.0271599779142233,0.9967253659021721,1.0271599779142233,5255014
2018-05-08,1.0119426250457764,1.0271599779142233,0.9967253659021721,1.0043335737121832,6922091
2018-05-14,0.8825966715812683,0.9891162614422876,0.8825966715812683,0.9891162614422876,33745659
2018-05-15,0.8217275142669678,0.8902050414346601,0.8217275142669678,0.8825967397210652,44555768
2018-05-16,0.7912929058074951,0.8521621315898706,0.78368465091529,0.8293365702520717,38804754
2018-05-17,0.768467366695404,0.8217275424647881,0.768467366695404,0.7989019804668255,37879094
2018-05-18,0.7532500624656677,0.791292931483481,0.749446286364309,0.7760764212053234,43201379
2018-05-21,0.7836846709251404,0.8141192377309925,0.7532500572568646,0.7570545831307001,38836477
2018-05-22,0.768467366695404,0.7836846735811148,0.7608591115831521,0.7760764184688628,20886243
2018-05-23,0.768467366695404,0.7760764184688628,0.7494462837217469,0.768467366695404,28236960
2018-05-24,0.7570545077323914,0.7836845928746272,0.749446206541244,0.768467287556046,35053032
2018-05-25,0.768467366695404,0.7912929286933668,0.7570545856964227,0.7570545856964227,38940740
2018-05-28,0.7760763764381409,0.7836846311383452,0.7608590703765686,0.768467325076773,25952571
2018-05-30,0.7760763764381409,0.7760763764381409,0.7760763764381409,0.7760763764381409,0
2018-05-31,0.707598865032196,0.707598865032196,0.707598865032196,0.707598865032196,0
2018-06-01,0.7304244637489319,0.7418372442156868,0.7152071575728689,0.7152071575728689,31459616
2018-06-04,0.7266199588775635,0.7418372654900269,0.7190116570395049,0.7304244846959774,21814382
2018-06-05,0.7266199588775635,0.738032739671613,0.7190116570395049,0.7266199588775635,27166117
2018-06-06,0.7608590722084045,0.7684673269269264,0.7228161584310426,0.7266199343221422,33637159
2018-06-07,0.768467366695404,0.7836846735811148,0.7608591115831521,0.7608591115831521,19241693
2018-06-08,0.7532500624656677,0.7684673694050349,0.749446286364309,0.7684673694050349,12316192
2018-06-11,0.7380326986312866,0.7570545300044031,0.7380326986312866,0.7456417498449925,11823912
2018-06-12,0.7760763764381409,0.7760763764381409,0.7114033763099101,0.7380327129536284,28801264
2018-06-13,0.8065102100372314,0.8065102100372314,0.7494463035338065,0.7608591316969165,26247381
2018-06-14,0.8065102100372314,0.8217275641876458,0.7836846942982866,0.7989020015862759,43195799
2018-06-18,0.8141192197799683,0.8141192197799683,0.7836846536451869,0.7912929085638947,24216158
2018-06-19,0.8369447588920593,0.8445530604704227,0.806510146705961,0.806510146705961,30971160
2018-06-20,0.8902050256729126,0.9054222849045817,0.8293365510952942,0.8293365510952942,37936547
2018-06-21,0.8597704172134399,0.9054222888312762,0.8293365546920152,0.8902050295336119,37001898
2018-06-22,0.8673794269561768,0.8749877290246796,0.8141192505299786,0.844553114877933,27072807
2018-06-25,0.8445530533790588,0.890205018137307,0.8445530533790587,0.8749876653096103,18848303
2018-06-26,0.8445530533790588,0.8597704062067556,0.8293365440749417,0.8445530533790587,20584510
2018-06-27,0.8141192197799683,0.8445530829784085,0.8141192197799683,0.836944781197278,11756229
2018-06-28,0.8369447588920593,0.8369447588920593,0.7912928874753333,0.806510146705961,11120936
2018-06-29,0.8597704172134399,0.8597704172134399,0.8217275032813878,0.8293365546920152,29846687
2018-07-02,0.8597704172134399,0.8597704172134399,0.8217275032813878,0.8597704172134399,17536901
2018-07-03,0.8293365836143494,0.8597704471971265,0.8293365836143494,0.8521621453199139,10660276
2018-07-04,0.8445530533790588,0.8445530533790587,0.8217274927617245,0.8293365440749417,21601826
2018-07-05,0.8673794269561768,0.8673794269561768,0.8293366044657764,0.8369448128094301,16827207
2018-07-06,0.8673794269561768,0.8825967808919746,0.8597704688137308,0.8597704688137308,24048242
2018-07-09,0.8673794269561768,0.8825967808919746,0.8597704688137308,0.8673794269561768,13349629
2018-07-10,0.8978132009506226,0.8978132009506224,0.8673793396654501,0.8673793396654501,19418910
2018-07-11,0.8749876618385315,0.8902050146058611,0.867379360354234,0.8902050146058611,16520204
2018-07-12,0.9130305647850037,0.9206396159818001,0.86737935052397,0.86737935052397,23797245
2018-07-13,0.9662907719612122,0.9662907719612122,0.8978132451216234,0.9054222965975174,28269820
2018-07-16,1.0043336153030396,1.0195509688016582,0.9586824920556469,0.9586824920556469,31759179
2018-07-17,1.0043336153030396,1.0271600204503528,0.9815080536793432,0.9967254071779619,47187048
2018-07-18,1.0043336153030396,1.0271600204503528,0.9967254071779619,1.0043336153030396,15851741
2018-07-19,0.9967253804206848,1.0271599928760529,0.9891163289762566,1.0043335883415188,19095890
2018-07-20,0.9815079569816589,0.9967253089810715,0.9738997496061381,0.9891162580820169,21025433
2018-07-23,0.9967253804206848,0.9967253804206848,0.9662907679653167,0.9815080273305788,11281309
2018-07-24,1.0043336153030396,1.0043336153030396,0.9815080536793432,0.9891163555292674,11474749
2018-07-25,0.9967253804206848,1.011942639785947,0.9967253804206848,1.0043335883415188,7111087
2018-07-26,0.9967253804206848,1.0043335883415188,0.9815080273305788,0.9891163289762566,15291468
2018-07-27,0.9891164302825928,0.9967254825063481,0.9738999191575901,0.9891164302825928,10598276
2018-07-30,0.9967253804206848,1.0043335883415188,0.9815080273305788,0.9891163289762566,13389619
2018-07-31,1.0271599292755127,1.0271599292755127,0.9891162677313354,0.9891162677313354,20038703
2018-08-01,1.0271599292755127,1.0271599292755127,1.0043335261543627,1.0271599292755127,9787523
2018-08-02,1.0347682237625122,1.0347682237625122,1.0043336106316787,1.0271600156728218,12422419
2018-08-03,1.0271599292755127,1.0423764378998361,1.019550878302228,1.0271599292755127,10934109
2018-08-06,1.0271599292755127,1.0423764378998361,1.0271599292755127,1.0271599292755127,6253524
2018-08-07,1.049985647201538,1.0652029079191918,1.0271600841620399,1.0271600841620399,17610370
2018-08-08,1.0575937032699585,1.0652027542932254,1.0499854957702393,1.0575937032699585,6564351
2018-08-09,1.049985647201538,1.0575938557985305,1.0423765950808765,1.049985647201538,6179848
2018-08-10,1.0423763990402222,1.0499854497298426,1.0423763990402222,1.0499854497298426,3339525
2018-08-13,1.0119426250457764,1.042376487259088,1.0119426250457764,1.042376487259088,4847365
2018-08-14,1.0195510387420654,1.03476829955973,1.0119427363702178,1.0195510387420654,4387118
2018-08-15,1.0195510387420654,1.03476829955973,1.0195510387420654,1.0271600909127352,2040109
2018-08-16,1.0119426250457764,1.01955092658063,1.0043335737121832,1.01955092658063,5847321
2018-08-17,1.0119426250457764,1.01955092658063,1.0043335737121832,1.01955092658063,6217667
2018-08-20,1.0043336153030396,1.0195509688016582,1.0043336153030396,1.0119426669517342,1988856
2018-08-21,1.0271599292755127,1.0271599292755127,0.9891162677313354,1.0043335261543627,7558004
2018-08-23,1.0271599292755127,1.0347681367252555,1.0043335261543627,1.0119425771276473,5850318
2018-08-24,1.0271599292755127,1.0271599292755127,1.0119425771276473,1.019550878302228,4429588
2018-08-27,1.0271599292755127,1.0271599292755127,1.0119425771276473,1.0271599292755127,3165202
2018-08-28,1.0195510387420654,1.0271600909127352,1.0119427363702178,1.0195510387420654,3048952
2018-08-29,1.0119426250457764,1.01955092658063,0.9967253659021721,1.01955092658063,4252681
2018-08-30,1.0119426250457764,1.0119426250457764,0.9358561418780698,0.9967253659021721,18523320
2018-09-03,0.9967253804206848,1.011942639785947,0.9662907679653167,0.9738998194097449,6288037
2018-09-04,1.0043336153030396,1.0119426669517342,0.9967254071779619,0.9967254071779619,2698859
2018-09-05,0.9738997220993042,0.9967252808295524,0.9662906714151597,0.9967252808295524,4010055
2018-09-06,0.9434651136398315,0.9738997230850283,0.9434651136398315,0.9738997230850283,3842242
2018-09-07,0.9358561635017395,0.9586824745063564,0.9282478617910903,0.9434652150111457,3113225
2018-09-12,0.9130305647850037,0.9586824351199226,0.9130305647850037,0.9586824351199226,4450978
2018-09-13,0.92824786901474,0.951073430398229,0.920639660969728,0.920639660969728,3673705
2018-09-14,0.9358561635017395,0.9434652150111457,0.9206396538052857,0.9358561635017395,7161824
2018-09-18,0.9510733485221863,0.9662907005506314,0.9206395817136687,0.9282477891037049,7083394
2018-09-19,0.92824786901474,0.951073430398229,0.92824786901474,0.9434652223532172,2828439
2018-09-20,0.92824786901474,0.9434652223532172,0.920639660969728,0.92824786901474,3995485
2018-09-21,0.9054222702980042,0.9358561321964721,0.9054222702980042,0.9282478307403277,13323899
2018-09-24,0.8978132009506226,0.905422252052163,0.8825966920698144,0.905422252052163,1919622
2018-09-25,0.8978132009506226,0.9130305533549868,0.8902049933726383,0.8902049933726383,6752004
2018-09-26,0.9130305647850037,0.9206396159818001,0.8978132121901369,0.9054222633869333,2772122
2018-09-27,0.9358561635017395,0.9358561635017395,0.9130306022958795,0.9206396538052857,4508638
2018-09-28,0.9510733485221863,0.9662907005506314,0.9358560902185784,0.9358560902185784,10828296
2018-10-01,0.9434651136398315,0.9586823715000127,0.9358560629479856,0.9586823715000127,1183166
2018-10-02,0.9662907719612122,0.9662907719612122,0.9434652108558819,0.9434652108558819,2342772
2018-10-03,0.9662907719612122,0.9815080313894021,0.951073418808178,0.9662907719612122,2211849
2018-10-04,0.9510733485221863,0.973899751464203,0.9434651411321501,0.973899751464203,683446
2018-10-05,0.9510733485221863,0.958682399435758,0.9434651411321501,0.9434651411321501,1701589
2018-10-08,0.9206395745277405,0.94346513376806,0.9130305236735602,0.94346513376806,3061145
2018-10-09,0.9206395745277405,0.9282477818583919,0.9130305236735602,0.9206395745277405,517596
2018-10-10,0.8521621227264404,0.9206396495512014,0.8521621227264403,0.9206396495512014,3919845
2018-10-11,0.8749876618385315,0.8902050146058611,0.8065101367345996,0.8293365407849611,8803480
2018-10-12,0.8597704172134399,0.867379374899224,0.8445530641909323,0.8597704172134399,5092575
2018-10-15,0.8445530533790588,0.8749876653096103,0.8445530533790587,0.8673793637951306,1472706
2018-10-16,0.8597704172134399,0.8597704172134399,0.8521621156015597,0.8521621156015597,868826
2018-10-17,0.8749876618385315,0.8902050146058611,0.8597704027960439,0.8597704027960439,2566489
2018-10-18,0.8673794269561768,0.8825967808919746,0.8673794269561768,0.8749877290246796,2802399
2018-10-19,0.8749876618385315,0.8749876618385316,0.8597704027960439,0.867379360354234,2161422
2018-10-22,0.8445530533790588,0.8749876653096103,0.8445530533790587,0.8749876653096103,2113682
2018-10-23,0.8369447588920593,0.8597704134258933,0.8369447588920593,0.85216211184753,3784272
2018-10-24,0.8445530533790588,0.8597704062067556,0.8445530533790587,0.8521621046922759,1363689
2018-10-25,0.8287677764892578,0.852446639136607,0.8208742713113183,0.852446639136607,2804155
2018-10-26,0.8050888180732727,0.8445538113244346,0.8050888180732727,0.8366603070854599,3621212
2018-10-29,0.7893026471138,0.8287676895330298,0.7893026471138,0.8129815072767084,1945352
2018-10-30,0.7774631977081299,0.7971953550538613,0.7735164939988776,0.7893026768499264,5460751
2018-10-31,0.8366603851318359,0.8366603851318359,0.7774632300331068,0.781409204691853,7443097
2018-11-01,0.8603401184082031,0.8603401184082031,0.8208742465933612,0.8287677515336135,3364842
2018-11-02,0.8998051285743713,0.8998051285743713,0.8445538989420939,0.8603401312289406,3883368
2018-11-05,0.8998051285743713,0.9076978558033372,0.8524466261710597,0.9076978558033372,3686105
2018-11-07,0.9076977968215942,0.9076977968215942,0.8682327048119709,0.8998050701054937,3203952
2018-11-08,0.8761253952980042,0.9076977592859276,0.8603400397471768,0.9076977592859276,4314888
2018-11-09,0.8524466156959534,0.8761254776921792,0.8445538885639756,0.8761254776921792,2417069
2018-11-12,0.8524466156959534,0.8682327505602013,0.8524466156959535,0.8603401206568366,545496
2018-11-13,0.8445538878440857,0.8603401199234907,0.8366603828899307,0.8445538878440857,1100602
2018-11-14,0.8524466156959534,0.8524466156959535,0.8366603836030924,0.8445538885639756,1842742
2018-11-15,0.8761253952980042,0.8761253952980042,0.844553809138913,0.844553809138913,1552272
2018-11-16,0.8998051285743713,0.8998051285743713,0.8682327612292922,0.876125488458258,2351349
2018-11-19,0.8998051285743713,0.8998051285743713,0.8682327612292922,0.8998051285743713,3427462
2018-11-21,0.9076977968215942,0.9076977968215942,0.8761254315280713,0.8840189360730363,2468012
2018-11-22,0.8998051285743713,0.9076978558033372,0.8919117207451048,0.9076978558033372,813853
2018-11-23,0.9076977968215942,0.9076977968215942,0.8919116627891368,0.8998050701054937,2414279
2018-11-26,0.9076977968215942,0.9076977968215942,0.8840189360730363,0.8998050701054937,2001462
2018-11-27,0.8998051285743713,0.9076978558033372,0.8919117207451048,0.9076978558033372,4099955
2018-11-28,0.9392701983451843,0.9392701983451843,0.8998051048132908,0.9076978318338341,4396521
2018-11-29,0.9471628665924072,0.9629490002542158,0.9313766357019929,0.9392701400616232,6814314
2018-11-30,0.8840189576148987,0.9550564166490928,0.8840189576148987,0.9471629119117781,11524142
2018-12-03,0.8682327270507812,0.8919116856344573,0.8524465926139797,0.8919116856344573,7288407
2018-12-04,0.8366603851318359,0.8682327521466339,0.8208742502387436,0.8603401222288478,8359870
2018-12-05,0.8208742141723633,0.8524465797999804,0.8208742141723633,0.8287677188008562,4838168
2018-12-06,0.8287677764892578,0.8287677764892578,0.8129815925766134,0.8208742713113183,3717725
2018-12-07,0.8287677764892578,0.8366604066096547,0.8208742713113183,0.8366604066096547,1322046
2018-12-10,0.8208742141723633,0.8366603483718673,0.8129815359870477,0.8287677188008562,1366066
2018-12-11,0.8208742141723633,0.8287677188008562,0.8129815359870477,0.8287677188008562,2396815
2018-12-12,0.8050888180732727,0.8208741736649492,0.8050888180732727,0.8208741736649492,4243795
2018-12-13,0.7971953749656677,0.820874236612086,0.7971953749656677,0.8050888798099404,3135752
2018-12-14,0.8287677764892578,0.8287677764892578,0.8050889138419086,0.8050889138419086,2099009
2018-12-17,0.8050888180732727,0.8208741736649492,0.8050888180732727,0.812981495869111,1893066
2018-12-18,0.7893026471138,0.8050888293701216,0.7893026471138,0.8050888293701216,3622968
2018-12-19,0.7971953749656677,0.8129815582110131,0.7893026965645948,0.7971953749656677,3212942
2018-12-20,0.8129815459251404,0.8129815459251404,0.7971953629183576,0.7971953629183576,3016712
2018-12-21,0.7971953749656677,0.820874236612086,0.7971953749656677,0.8050888798099404,7267740
2018-12-24,0.7814091444015503,0.8050888310572286,0.7814091444015503,0.7971953266909526,5546414
2018-12-26,0.7814091444015503,0.7814091444015503,0.773516466478424,0.7774631700472591,1572422
2018-12-27,0.8050888180732727,0.8050888180732727,0.7814091317994851,0.7853558839189725,3811965
2018-12-28,0.8050888180732727,0.812981495869111,0.797195313834298,0.8050888180732727,2634585
2018-12-31,0.7971953749656677,0.820874236612086,0.7971953749656677,0.8050888798099404,5274751
2019-01-02,0.7893026471138,0.7971953250203868,0.7853558949389327,0.7971953250203868,1264386
2019-01-03,0.7971953749656677,0.7971953749656677,0.7853559441424585,0.7893026965645948,1481799
2019-01-04,0.8208742141723633,0.8208742141723633,0.7893026749879234,0.7971953531732391,2615572
2019-01-07,0.8208742141723633,0.8287677188008562,0.8129815359870477,0.8129815359870477,2449722
2019-01-08,0.8129815459251404,0.8287677289319233,0.8129815459251404,0.8208742242069382,3128312
2019-01-09,0.8366603851318359,0.8524466172535415,0.8208742502387436,0.8208742502387436,6606201
2019-01-10,0.8445538878440857,0.8603401199234907,0.8366603828899307,0.8445538878440857,3252415
2019-01-11,0.8603401184082031,0.8603401184082031,0.8287677515336135,0.8524466134679508,3470862
2019-01-14,0.9076977968215942,0.9155913013665592,0.8524465707795135,0.8603400753244784,5223601
2019-01-15,0.8998051285743713,0.9076978558033372,0.876125488458258,0.9076978558033372,2366022
2019-01-16,0.8998051285743713,0.9076978558033372,0.8840189935161389,0.8919117207451048,1453486
2019-01-17,0.9076977968215942,0.9155913013665592,0.8840189360730363,0.8998050701054937,3110435
2019-01-18,0.8998051285743713,0.9076978558033372,0.8919117207451048,0.9076978558033372,1446976
2019-01-22,0.8998051285743713,0.9076978558033372,0.8919117207451048,0.9076978558033372,2614125
2019-01-23,0.8998051285743713,0.8998051285743713,0.8840189935161389,0.8998051285743713,1668006
2019-01-24,0.8998051285743713,0.8998051285743713,0.8919117207451048,0.8998051285743713,869549
2019-01-25,0.915591299533844,0.915591299533844,0.8998050683043773,0.8998050683043773,3825915
2019-01-28,0.915591299533844,0.915591299533844,0.8998050683043773,0.915591299533844,2409112
2019-01-29,0.9076977968215942,0.9155913013665592,0.8998050701054937,0.9076977968215942,1812156
2019-01-30,0.9076977968215942,0.9155913013665592,0.8919116627891368,0.8998050701054937,1772682
2019-01-31,0.8682327270507812,0.9155913248184071,0.8682327270507812,0.9076978200712589,6612401
2019-02-04,0.8761253952980042,0.8919116259062678,0.8682326689082884,0.8761253952980042,2156255
2019-02-07,0.9076977968215942,0.9076977968215942,0.8761254315280713,0.8840189360730363,2823789
2019-02-08,0.9076977968215942,0.9155913013665592,0.8998050701054937,0.8998050701054937,1841709
2019-02-11,0.8919117450714111,0.9076978805602,0.8919117450714111,0.8998051531159651,904993
2019-02-12,0.8840189576148987,0.8998050920320342,0.876125452877584,0.8998050920320342,3848545
2019-02-13,0.8761253952980042,0.8919116259062678,0.8761253952980042,0.8919116259062678,1420212
2019-02-14,0.8682327270507812,0.8840189587161934,0.8682327270507812,0.8761254539690452,2062222
2019-02-15,0.8761253952980042,0.8761253952980042,0.8524465355286287,0.8761253952980042,3288168
2019-02-18,0.8603401184082031,0.8761254754022881,0.8524466134679508,0.8682327482909392,2371602
2019-02-19,0.8524466156959534,0.8603401206568366,0.8366603836030924,0.8524466156959535,2475452
2019-02-20,0.9076977968215942,0.9076977968215942,0.8603400753244784,0.8603400753244784,6122394
2019-02-21,0.915591299533844,0.915591299533844,0.8919116610038206,0.9076977950046793,2866879
2019-02-22,0.9076977968215942,0.9155913013665592,0.8919116627891368,0.9076977968215942,1955376
2019-02-25,0.8998051285743713,0.9076978558033372,0.8919117207451048,0.9076978558033372,1565809
2019-02-26,0.8919117450714111,0.9076978805602,0.8840190176271763,0.8998051531159651,3531622
2019-02-27,0.8761253952980042,0.8998050328962118,0.8682326689082884,0.8919116259062678,4971055
2019-02-28,0.8366603851318359,0.8761254792930332,0.8366603851318359,0.8603401222288478,5821901
2019-03-01,0.8050888180732727,0.8366603070854599,0.8050888180732727,0.8287676779039238,8841300
2019-03-04,0.8129815459251404,0.8287677289319233,0.8129815459251404,0.8129815459251404,2833812
2019-03-05,0.8050888180732727,0.8208741736649492,0.8050888180732727,0.812981495869111,3213665
2019-03-06,0.8050888180732727,0.8208741736649492,0.8050888180732727,0.812981495869111,5177204
2019-03-07,0.8603401184082031,0.8682327482909392,0.8050888895992763,0.8050888895992763,12086379
2019-03-08,0.8524466156959534,0.8603401206568366,0.8366603836030924,0.8603401206568366,2325205
2019-03-11,0.8445538878440857,0.8524466149693358,0.8445538878440857,0.8524466149693358,2306295
2019-03-12,0.8208742141723633,0.8445538530003602,0.8208742141723633,0.8445538530003602,2263515
2019-03-13,0.8287677764892578,0.8445539117875942,0.8208742713113183,0.8208742713113183,3711628
2019-03-14,0.8366603851318359,0.8366603851318359,0.8287677552140499,0.8366603851318359,1022173
2019-03-15,0.8682327270507812,0.8682327270507812,0.8287677312589142,0.8366603609485675,5855588
2019-03-18,0.8761253952980042,0.8761253952980042,0.844553809138913,0.8603400397471768,2781525
2019-03-19,0.8445538878440857,0.8682327498201278,0.8445538878440857,0.8682327498201278,2349902
2019-03-20,0.8524466156959534,0.8524466156959535,0.8366603836030924,0.8366603836030924,3077059
2019-03-21,0.8445538878440857,0.8603401199234907,0.8445538878440857,0.8524466149693358,973399
2019-03-22,0.8682327270507812,0.8682327270507812,0.8366603609485675,0.8524465926139797,1662529
2019-03-25,0.8524466156959534,0.8603401206568366,0.8445538885639756,0.8524466156959535,1905982
2019-03-26,0.8603401184082031,0.8603401184082031,0.8445538863566019,0.8524466134679508,1075182
2019-03-27,0.8445538878440857,0.8603401199234907,0.8445538878440857,0.8524466149693358,1624709
2019-03-28,0.8287677764892578,0.852446639136607,0.8287677764892578,0.8445539117875942,1985549
2019-03-29,0.8366603851318359,0.8445538901071422,0.8208742502387436,0.8287677552140499,3951155
2019-04-01,0.8287677764892578,0.8445539117875942,0.8287677764892578,0.8287677764892578,2934872
2019-04-02,0.8366603851318359,0.8524466172535415,0.8366603851318359,0.8366603851318359,3027872
2019-04-03,0.8445538878440857,0.8524466149693358,0.8366603828899307,0.8445538878440857,1397789
2019-04-04,0.8761253952980042,0.8840188995165521,0.844553809138913,0.844553809138913,5560261
2019-04-05,0.8761253952980042,0.8840188995165521,0.8603400397471768,0.8682326689082884,1359142
2019-04-08,0.8761253952980042,0.8840188995165521,0.8682326689082884,0.8761253952980042,1495852
2019-04-09,0.9471628665924072,0.9629490002542158,0.8840189153168077,0.8840189153168077,15894211
2019-04-10,0.9471628665924072,0.9471628665924073,0.9234840063998146,0.9392701400616232,4237595
2019-04-11,0.9392701983451843,0.9629490600070969,0.9313766934957466,0.9471629253657277,6233684
2019-04-12,0.955056369304657,0.9708417251103911,0.9471628649586423,0.9471628649586423,5789454
2019-04-15,0.9787352085113525,0.9866278376310136,0.9550563488663342,0.9550563488663342,9829580
2019-04-16,0.9629490375518799,0.9866278986616199,0.9313766717767724,0.9787352690537383,5206138
2019-04-17,0.8919117450714111,0.9471629762106295,0.8840190176271763,0.9471629762106295,4913085
2019-04-18,0.8840189576148987,0.8998050920320342,0.8524465915520172,0.8840189576148987,6132728
2019-04-19,0.9076977968215942,0.9076977968215942,0.8919116627891368,0.8919116627891368,463036
2019-04-22,0.9471628665924072,0.9550563709520375,0.9155912798690305,0.9155912798690305,4469268
2019-04-23,0.9471628665924072,0.9550563709520375,0.9234840063998146,0.9550563709520375,1064746
2019-04-24,0.9629490375518799,0.9629490375518799,0.9392701764421398,0.947162903278631,3806798
2019-04-25,0.9629490375518799,0.9629490375518799,0.9392701764421398,0.9550564079439983,2243779
2019-04-26,0.9313766360282898,0.9629490005915737,0.9313766360282898,0.9629490005915737,1392209
2019-04-29,0.9313766360282898,0.9392701403906855,0.9076977758274016,0.9313766360282898,1281642
2019-04-30,0.8919117450714111,0.9313767434932236,0.8919117450714111,0.9234841132776058,3228752
2019-05-02,0.9313766360282898,0.9629490005915737,0.8919116421600626,0.8919116421600626,2968145
2019-05-03,0.9392701983451843,0.9550564302151654,0.9313766934957466,0.9550564302151654,2537969
2019-05-06,0.9392701983451843,0.9392701983451843,0.9234840637038152,0.9313766934957466,3178635
2019-05-07,0.9076977968215942,0.9471628888312176,0.9076977968215942,0.9392701621151172,1401096
2019-05-08,0.915591299533844,0.9313766557058398,0.9076977950046793,0.915591299533844,2769125
2019-05-09,0.8840189576148987,0.9234840505862114,0.8840189576148987,0.9234840505862114,4159165
2019-05-10,0.8998051285743713,0.9076978558033372,0.8919117207451048,0.8998051285743713,3470965
2019-05-13,0.8761253952980042,0.8998050328962118,0.8761253952980042,0.8998050328962118,1378156
2019-05-14,0.8445538878440857,0.8761254769453779,0.8366603828899307,0.8682327498201278,10725066
2019-05-15,0.8445538878440857,0.8603401199234907,0.8366603828899307,0.8524466149693358,4747441
2019-05-16,0.8287677764892578,0.8603401443145465,0.8287677764892578,0.8366604066096547,8849153
2019-05-17,0.8366603851318359,0.8524466172535415,0.8366603851318359,0.8366603851318359,4454078
2019-05-21,0.8287677764892578,0.852446639136607,0.8287677764892578,0.8366604066096547,5601284
2019-05-23,0.8287677764892578,0.8287677764892578,0.8129815925766134,0.8287677764892578,4079702
2019-05-24,0.8050888180732727,0.8287676779039238,0.8050888180732727,0.8208741736649492,5465091
2019-05-27,0.8287677764892578,0.8366604066096547,0.8129815925766134,0.8129815925766134,3387265
2019-05-28,0.8524466156959534,0.8603401206568366,0.8287677536997278,0.8287677536997278,58794167
2019-05-29,0.8603401184082031,0.8682327482909392,0.8445538863566019,0.8524466134679508,1411429
2019-05-30,0.8761253952980042,0.8840188995165521,0.844553809138913,0.8524465355286287,2498599
2019-05-31,0.8998051285743713,0.8998051285743713,0.8524466261710597,0.8840189935161389,3586078
2019-06-03,0.8998051285743713,0.9076978558033372,0.8603401312289406,0.876125488458258,2638615
2019-06-04,0.8919117450714111,0.9076978805602,0.8840190176271763,0.8919117450714111,480189
2019-06-05,0.8919117450714111,0.8919117450714111,0.8919117450714111,0.8919117450714111,0
2019-06-06,0.8919117450714111,0.8919117450714111,0.8919117450714111,0.8919117450714111,0
2019-06-07,0.9076977968215942,0.9155913013665592,0.8919116627891368,0.8919116627891368,2648432
2019-06-10,0.9076977968215942,0.9155913013665592,0.8998050701054937,0.8998050701054937,1330209
2019-06-11,0.8998051285743713,0.9076978558033372,0.8840189935161389,0.9076978558033372,3203538
2019-06-12,0.8919117450714111,0.8998051531159651,0.8919117450714111,0.8919117450714111,1547106
2019-06-13,0.8998051285743713,0.923484088090184,0.8919117207451048,0.8919117207451048,2861092
2019-06-14,0.9076977968215942,0.9234840280826597,0.8919116627891368,0.9155913013665592,4364695
2019-06-17,0.8998051285743713,0.9076978558033372,0.8998051285743713,0.8998051285743713,1971909
2019-06-18,0.8998051285743713,0.9076978558033372,0.8998051285743713,0.8998051285743713,1639486
2019-06-19,0.8998051285743713,0.9155913608612181,0.8998051285743713,0.8998051285743713,1530676
2019-06-20,0.915591299533844,0.915591299533844,0.8998050683043773,0.8998050683043773,2900255
2019-06-21,0.8998051285743713,0.9155913608612181,0.8998051285743713,0.9155913608612181,8511357
2019-06-24,0.8919117450714111,0.8998051531159651,0.8840190176271763,0.8919117450714111,772623
2019-06-25,0.9076977968215942,0.9076977968215942,0.8840189360730363,0.8919116627891368,1112692
2019-06-26,0.8998051285743713,0.9076978558033372,0.8919117207451048,0.8998051285743713,421806
2019-06-27,0.8998051285743713,0.8998051285743713,0.8840189935161389,0.8919117207451048,2147265
2019-06-28,0.8840189576148987,0.8998050920320342,0.876125452877584,0.8919116845233299,5148375
2019-07-01,0.8840189576148987,0.8919116845233299,0.876125452877584,0.8919116845233299,1768136
2019-07-02,0.8998051285743713,0.8998051285743713,0.876125488458258,0.8840189935161389,1942976
2019-07-03,0.8998051285743713,0.8998051285743713,0.8840189935161389,0.8998051285743713,1597222
2019-07-04,0.8998051285743713,0.8998051285743713,0.8919117207451048,0.8919117207451048,1541009
2019-07-05,0.8998051285743713,0.8998051285743713,0.8919117207451048,0.8919117207451048,913466
2019-07-08,0.8919117450714111,0.8998051531159651,0.8840190176271763,0.8998051531159651,1499366
2019-07-09,0.8919117450714111,0.8998051531159651,0.8840190176271763,0.8919117450714111,659369
2019-07-10,0.8840189576148987,0.8919116845233299,0.876125452877584,0.8919116845233299,1849976
2019-07-11,0.8761253952980042,0.8919116259062678,0.8761253952980042,0.8840188995165521,1206726
2019-07-12,0.8840189576148987,0.8840189576148987,0.8682327259691527,0.876125452877584,1050279
2019-07-15,0.8603401184082031,0.8840189803425405,0.8524466134679508,0.8840189803425405,2761375
2019-07-16,0.8445538878440857,0.8682327498201278,0.8445538878440857,0.8682327498201278,1751396
2019-07-17,0.8445538878440857,0.8524466149693358,0.8445538878440857,0.8524466149693358,1291046
2019-07-18,0.8445538878440857,0.8524466149693358,0.8445538878440857,0.8445538878440857,858699
2019-07-19,0.8524466156959534,0.8524466156959535,0.8445538885639756,0.8445538885639756,1497299
2019-07-22,0.8524466156959534,0.8603401206568366,0.8445538885639756,0.8524466156959535,2116885
2019-07-23,0.8445538878440857,0.8524466149693358,0.8366603828899307,0.8524466149693358,2715082
2019-07-24,0.8366603851318359,0.8524466172535415,0.8366603851318359,0.8445538901071422,2164109
2019-07-25,0.8603401184082031,0.8603401184082031,0.8366603814163496,0.8366603814163496,1239999
2019-07-26,0.8524466156959534,0.8603401206568366,0.8445538885639756,0.8524466156959535,1588026
2019-07-29,0.8524466156959534,0.8603401206568366,0.8366603836030924,0.8524466156959535,1439019
2019-07-31,0.8129815459251404,0.852446590220504,0.8129815459251404,0.852446590220504,6410074
2019-08-01,0.8287677764892578,0.8366604066096547,0.8050889138419086,0.8050889138419086,2731305
2019-08-02,0.8129815459251404,0.8287677289319233,0.8129815459251404,0.8287677289319233,2020166
2019-08-05,0.7971953749656677,0.820874236612086,0.7971953749656677,0.8129815582110131,3841725
2019-08-06,0.7893026471138,0.8050888293701216,0.7893026471138,0.7893026471138,4249685
2019-08-07,0.7971953749656677,0.8129815582110131,0.7893026965645948,0.7971953749656677,2104795
2019-08-08,0.8050888180732727,0.8208741736649492,0.797195313834298,0.8050888180732727,1878702
2019-08-09,0.8050888180732727,0.8208741736649492,0.8050888180732727,0.8050888180732727,2031636
2019-08-13,0.7893026471138,0.8050888293701216,0.7893026471138,0.8050888293701216,2927019
2019-08-14,0.7971953749656677,0.8050888798099404,0.7893026965645948,0.7893026965645948,2027296
2019-08-15,0.8050888180732727,0.8050888180732727,0.7853558839189725,0.7893026360384598,2918855
2019-08-16,0.7971953749656677,0.8050888798099404,0.7893026965645948,0.7971953749656677,1863616
2019-08-19,0.8050888180732727,0.812981495869111,0.797195313834298,0.797195313834298,1619336
2019-08-20,0.7893026471138,0.8050888293701216,0.7893026471138,0.8050888293701216,2178885
2019-08-21,0.7971953749656677,0.8050888798099404,0.7853559441424585,0.7893026965645948,1483142
2019-08-22,0.7814091444015503,0.8050888310572286,0.7814091444015503,0.8050888310572286,3570992
2019-08-23,0.7971953749656677,0.7971953749656677,0.7814091917203222,0.7814091917203222,1293939
2019-08-26,0.7893026471138,0.7893026471138,0.7814091427640654,0.7893026471138,1803682
2019-08-27,0.7735164761543274,0.7893026586411988,0.7735164761543274,0.7893026586411988,7837830
2019-08-28,0.7735164761543274,0.7814091541761831,0.7656229716893117,0.7774631797725318,3214182
2019-08-29,0.7695696949958801,0.7774631505498998,0.7695696949958801,0.7735164470800409,715479
2019-08-30,0.7893026471138,0.7971953250203868,0.7774631684180431,0.7814091427640654,3679802
2019-09-03,0.7774631977081299,0.7971953550538613,0.7774631977081299,0.7893026768499264,2103452
2019-09-04,0.7735164761543274,0.7814091541761831,0.7735164761543274,0.7814091541761831,1396549
2019-09-05,0.7735164761543274,0.7814091541761831,0.7735164761543274,0.7735164761543274,1562606
2019-09-06,0.7656229734420776,0.7774631815524039,0.7656229734420776,0.7774631815524039,3606435
2019-09-10,0.7695696949958801,0.7735164470800409,0.7656229429117195,0.7735164470800409,1845532
2019-09-11,0.7735164761543274,0.7735164761543274,0.7616769972856604,0.7695697239218195,3262438
2019-09-12,0.7695696949958801,0.7735164470800409,0.7656229429117195,0.7695696949958801,3297778
2019-09-13,0.7695696949958801,0.7735164470800409,0.7656229429117195,0.7695696949958801,1545969
2019-09-17,0.7695696949958801,0.7695696949958801,0.7656229429117195,0.7695696949958801,1855866
2019-09-18,0.7656229734420776,0.7695697256836209,0.7656229734420776,0.7695697256836209,1220572
2019-09-19,0.7735164761543274,0.7735164761543274,0.7656229716893117,0.7656229716893117,2429365
2019-09-20,0.7419441342353821,0.7735165001901887,0.7419441342353821,0.7695697478350414,17304297
2019-09-23,0.7458908557891846,0.749837608238586,0.7261579685996891,0.7458908557891846,4928791
2019-09-24,0.7458908557891846,0.749837608238586,0.7379981773335872,0.7458908557891846,2215569
2019-09-25,0.7419441342353821,0.7498375903313717,0.7379981597091156,0.7498375903313717,4242141
2019-09-26,0.7379981875419617,0.7458908661067347,0.7340514350379667,0.7419441622170466,3046575
2019-09-27,0.7379981875419617,0.7419441622170466,0.7301046825339718,0.7419441622170466,3536478
2019-09-30,0.7261580228805542,0.737998232499517,0.7222120479650874,0.7340514797550928,5899194
2019-10-01,0.7261580228805542,0.7340514797550928,0.7182652952206632,0.7261580228805542,2796922
2019-10-02,0.7340514659881592,0.7379982186585632,0.7222120344201991,0.7261580092616602,2046102
2019-10-03,0.7261580228805542,0.737998232499517,0.7261580228805542,0.7340514797550928,1186369
2019-10-04,0.7379981875419617,0.7379981875419617,0.7222120039691987,0.7301046825339718,3606952
2019-10-07,0.7301046848297119,0.7379981898625223,0.7261579809276139,0.7340514373461171,3344278
2019-10-08,0.761677086353302,0.761677086353302,0.7301047176876058,0.7301047176876058,6557531
2019-10-09,0.7498375773429871,0.7577303040876862,0.7379981469258089,0.7577303040876862,3886468
2019-10-10,0.7379981875419617,0.7498376186107297,0.7379981875419617,0.7498376186107297,2375115
2019-10-11,0.7537835240364075,0.757730276177818,0.7340513676013348,0.7419440940553171,1891102
2019-10-14,0.75773024559021,0.7616769489579999,0.7498375194548366,0.75773024559021,907886
2019-10-15,0.7498375773429871,0.7577303040876862,0.7498375773429871,0.753783551800903,643353
2019-10-16,0.75773024559021,0.75773024559021,0.7379980899516734,0.7537834936081197,4436408
2019-10-17,0.7498375773429871,0.7616770077601652,0.7458908250562039,0.7577303040876862,2391545
2019-10-18,0.7419441342353821,0.7498375903313717,0.7379981597091156,0.7498375903313717,4565678
2019-10-21,0.7419441342353821,0.7458908379762244,0.7379981597091156,0.7458908379762244,3739425
2019-10-22,0.7498375773429871,0.7498375773429871,0.7340513946390257,0.7498375773429871,3456085
2019-10-23,0.7379981875419617,0.7498376186107297,0.7379981875419617,0.7498376186107297,3227202
2019-10-24,0.7379981875419617,0.7419441622170466,0.7340514350379667,0.7379981875419617,3436762
2019-10-25,0.7544898986816406,0.7544898986816406,0.7338750364813172,0.7379981815972875,3218212
2019-10-29,0.7379981875419617,0.7544899047591578,0.7379981875419617,0.7544899047591578,3745728
2019-10-30,0.733875036239624,0.7379981813542363,0.7256296093899269,0.7379981813542363,4401895
2019-10-31,0.7173833250999451,0.7379981874641504,0.7173833250999451,0.7379981874641504,8102880
2019-11-01,0.7256295680999756,0.7256295680999756,0.7132609968394656,0.7173832783399833,3295815
2019-11-04,0.733875036239624,0.7379981813542363,0.7215064642753146,0.7256296093899269,1178102
2019-11-05,0.750366747379303,0.750366747379303,0.729751885348938,0.7338750304309152,2470802
2019-11-06,0.733875036239624,0.7503667533185457,0.7297518911250117,0.7503667533185457,2107275
2019-11-07,0.750366747379303,0.750366747379303,0.7338750304309152,0.7379981755128923,1647029
2019-11-08,0.750366747379303,0.750366747379303,0.7421213205948695,0.750366747379303,3135545
2019-11-11,0.7544898986816406,0.7544898986816406,0.7421213267132578,0.7503667535656704,2466255
2019-11-12,0.7421213388442993,0.7544899110148643,0.7421213388442993,0.7544899110148643,852913
2019-11-13,0.7462435364723206,0.7503666811906013,0.7421212551334844,0.7462435364723206,1376089
2019-11-14,0.733875036239624,0.7462436082039334,0.733875036239624,0.7462436082039334,1770616
2019-11-15,0.733875036239624,0.7379981813542363,0.733875036239624,0.7379981813542363,407856
2019-11-18,0.7421213388442993,0.7421213388442993,0.7297519032941924,0.7338750484775614,1356249
2019-11-19,0.7379981875419617,0.7462436144607923,0.7338750423927789,0.7421213326911444,1637316
2019-11-20,0.7379981875419617,0.7462436144607923,0.7338750423927789,0.7379981875419617,1552789
2019-11-21,0.733875036239624,0.7421213264688487,0.733875036239624,0.733875036239624,1713886
2019-11-22,0.733875036239624,0.7421213264688487,0.733875036239624,0.7379981813542363,1309026
2019-11-25,0.733875036239624,0.7379981813542363,0.7256296093899269,0.733875036239624,2062946
2019-11-26,0.705014705657959,0.737998137872467,0.7008915607862762,0.7338749930007843,18293920
2019-11-27,0.7008915543556213,0.7132609888571803,0.6885229832335312,0.6967692729012371,4365625
2019-11-28,0.7008915543556213,0.7091378440233272,0.6967692729012371,0.7008915543556213,3737978
2019-11-29,0.6885230541229248,0.7008916265184663,0.6885230541229248,0.7008916265184663,4444261
2019-12-02,0.6885230541229248,0.6967693446396576,0.6885230541229248,0.6926461993812912,1034986
2019-12-03,0.6844006776809692,0.6885229589902053,0.6802775329922948,0.6885229589902053,2125255
2019-12-04,0.6802775859832764,0.6885230126234736,0.6802775859832764,0.6844007309931278,2415312
2019-12-05,0.6802775859832764,0.6885230126234736,0.6761544409734249,0.6844007309931278,4176111
2019-12-06,0.6802775859832764,0.6844007309931278,0.6761544409734249,0.6802775859832764,1532639
2019-12-09,0.6885230541229248,0.6926461993812912,0.6802776269857498,0.6802776269857498,3883988
2019-12-10,0.705014705657959,0.7091378505296416,0.688522989550705,0.688522989550705,2390305
2019-12-11,0.713261067867279,0.717383349778301,0.7050147772861064,0.7050147772861064,3216868
2019-12-12,0.7091379165649414,0.7173833436966486,0.7050147713093092,0.7091379165649414,6004801
2019-12-13,0.705014705657959,0.7173832768935303,0.705014705657959,0.7132609954013244,2963082
2019-12-16,0.7091379165649414,0.7173833436966486,0.7050147713093092,0.7091379165649414,3115292
2019-12-17,0.7091379165649414,0.7132610618205736,0.700891626053677,0.7132610618205736,4444778
2019-12-18,0.713261067867279,0.7256296403594736,0.7050147772861064,0.7091379225766927,14227755
2019-12-19,0.6885230541229248,0.7173833441723741,0.6844007722441161,0.7132610622935655,10640849
2019-12-20,0.6967692971229553,0.7008915787206419,0.6844007255708978,0.6885230071685844,11223029
2019-12-23,0.6926462054252625,0.696769350719607,0.6844007782161384,0.696769350719607,8303553
2019-12-24,0.7008915543556213,0.7008915543556213,0.684400701779147,0.6967692729012371,7810860
2019-12-26,0.7215064167976379,0.7215064167976379,0.6926461296535158,0.6967692744968106,12567085
2019-12-27,0.7421213388442993,0.7503667658314953,0.7215064763069964,0.7215064763069964,11289473
2019-12-30,0.7833502292633057,0.7833502292633057,0.7421213660564588,0.7462436480114419,7983530
2019-12-31,0.8080874085426331,0.816332835661202,0.783350213020338,0.783350213020338,23645759
2020-01-02,0.8493162393569946,0.8575616661693868,0.8039642334400291,0.8080873785359869,11593479
2020-01-03,0.8328245878219604,0.8493163061227007,0.8204560149413032,0.8493163061227007,7822744
2020-01-06,0.8039641976356506,0.8245790588178378,0.7957187204034384,0.8245790588178378,7429250
2020-01-07,0.7751039862632751,0.8039642767299313,0.762735362901899,0.7998411314119603,12930302
2020-01-08,0.779227077960968,0.779227077960968,0.7586122656126719,0.7627353601286179,4466581
2020-01-09,0.8328245878219604,0.8328245878219604,0.7751040054591652,0.7833502455122964,12328489
2020-01-10,0.8122105002403259,0.8328245504433993,0.8039642605572999,0.8328245504433993,14879065
2020-01-13,0.824579119682312,0.824579119682312,0.8039642569784845,0.8122104966248028,3595585
2020-01-14,0.8163328170776367,0.8245791073880371,0.8080873901467724,0.8204559622328369,3880165
2020-01-15,0.8080874085426331,0.816332835661202,0.7915956909259396,0.816332835661202,7484534
2020-01-16,0.8039641976356506,0.8080873425479851,0.7957187204034384,0.8039641976356506,4986141
2020-01-17,0.8080874085426331,0.8080874085426331,0.7998411180445084,0.7998411180445084,3261508
2020-01-20,0.8122105002403259,0.816332832882835,0.7998411153222706,0.7998411153222706,2929602
2020-01-21,0.8122105002403259,0.841070840913458,0.8080874057923292,0.8122105002403259,4378231
2020-01-22,0.8080874085426331,0.816332835661202,0.8080874085426331,0.8080874085426331,1775266
2020-01-23,0.8163328170776367,0.8204559622328369,0.7998410998363721,0.8080873901467724,2347525
2020-01-24,0.8080874085426331,0.816332835661202,0.8039642632935707,0.816332835661202,696156
2020-01-28,0.7751039862632751,0.8039642767299313,0.7709816535378409,0.8039642767299313,5559951
2020-01-29,0.7709816694259644,0.7833502422551942,0.766858524023025,0.7792270968522549,1821042
2020-01-30,0.7668584585189819,0.7792270302917047,0.7586122192045209,0.7709816035697277,3611395
2020-01-31,0.7379981875419617,0.7709816219763539,0.7297518972435961,0.7668584768271711,6581091
2020-02-03,0.7297519445419312,0.7462436628280259,0.7256296625051006,0.7297519445419312,4479395
2020-02-04,0.7544898986816406,0.7586122312051141,0.7338750364813172,0.7338750364813172,3761952
2020-02-05,0.7627353072166443,0.7709815972505466,0.7586122129867229,0.7627353072166443,3102995
2020-02-06,0.779227077960968,0.7833502232639473,0.7627353601286179,0.7668585054315972,7166061
2020-02-07,0.7833502292633057,0.7957188018874024,0.779227083928749,0.7833502292633057,6213947
2020-02-10,0.7915956377983093,0.7915956377983093,0.7586122047785925,0.7874724928259703,3140092
2020-02-11,0.7833502292633057,0.7915957073398794,0.779227083928749,0.7874725620053226,1580276
2020-02-12,0.8122105002403259,0.8122105002403259,0.7792270651191973,0.7874725429967355,6624801
2020-02-13,0.8039641976356506,0.8122104366732911,0.787472481365798,0.8039641976356506,6054504
2020-02-14,0.8039641976356506,0.8122104366732911,0.7998410527233161,0.8080873425479851,2131455
2020-02-17,0.7998411059379578,0.8122104907108866,0.7957187733438149,0.8080873963112649,3574712
2020-02-18,0.7874724864959717,0.8039642028732634,0.7874724864959717,0.7998410579340678,4092412
2020-02-19,0.7998411059379578,0.7998411059379578,0.7874725337575397,0.7874725337575397,1704069
2020-02-20,0.7833502292633057,0.803964279963976,0.7833502292633057,0.803964279963976,4855528
2020-02-21,0.779227077960968,0.7874725559743929,0.7668585054315972,0.7709816507345765,3742938
2020-02-24,0.7462435364723206,0.7668583966842801,0.7462435364723206,0.7627352519659993,3776832
2020-02-25,0.7379981875419617,0.7544899047591578,0.7379981875419617,0.7421213326911444,3324025
2020-02-26,0.7215064167976379,0.7379981327913464,0.7215064167976379,0.7379981327913464,5904878
2020-02-27,0.7215064167976379,0.7338749879480516,0.7173832719543431,0.7256295616409327,4998025
2020-02-28,0.6967692971229553,0.7173832952498849,0.6967692971229553,0.7173832952498849,6293514
2020-03-02,0.6967692971229553,0.7173832952498849,0.6885230071685844,0.6967692971229553,3419092
2020-03-03,0.6967692971229553,0.7173832952498849,0.6967692971229553,0.7008915787206419,2522985
2020-03-04,0.7173833250999451,0.7173833250999451,0.6926461809665264,0.6926461809665264,3218315
2020-03-05,0.7256295680999756,0.7338749944804893,0.7173832783399833,0.7215064232199794,3396255
2020-03-06,0.7173833250999451,0.7297518971666543,0.7132610433307318,0.7256296153974411,2178575
2020-03-09,0.6926462054252625,0.7132610685174202,0.6885230601309178,0.7091379232230756,3238052
2020-03-10,0.6802775859832764,0.6885230126234736,0.6596627243135248,0.6802775859832764,5837918
2020-03-11,0.6761544346809387,0.6885230062158819,0.6761544346809387,0.6885230062158819,2064599
2020-03-12,0.6679090857505798,0.6720313678217079,0.6596627948491278,0.6679090857505798,5959128
2020-03-13,0.6679090857505798,0.6679090857505798,0.6679090857505798,0.6679090857505798,0
2020-03-16,0.5854503512382507,0.6184337800624888,0.5607132113097661,0.6184337800624888,6548851
2020-03-17,0.5524678826332092,0.5607133095948815,0.4947473037628851,0.5359761653303253,11062553
2020-03-18,0.5607132315635681,0.5648363761603791,0.5236075203305273,0.5442215165557436,4121965
2020-03-19,0.5772050023078918,0.581328147302845,0.5029927092962484,0.544221569107272,7518324
2020-03-20,0.6019421219825745,0.6101884116500494,0.5648364086173432,0.5730818349053494,8863827
2020-03-23,0.5442215800285339,0.5607132969597943,0.5277307264767934,0.5607132969597943,4662708
2020-03-24,0.5442215800285339,0.5730818688133597,0.5359761532526637,0.5442215800285339,4897998
2020-03-25,0.5813281536102295,0.5978198703894738,0.5648364368309852,0.5689595818706742,4346921
2020-03-26,0.5895735621452332,0.6184338497748424,0.58132813569941,0.5978198519705417,3068482
2020-03-27,0.6101884841918945,0.6184339114601528,0.6019421935440648,0.6101884841918945,3218315
2020-03-30,0.6019421219825745,0.6060652668163119,0.5772049797390869,0.5978198405283057,1868886
2020-03-31,0.5978198647499084,0.6184338629948667,0.5978198647499084,0.6143107179940736,3846582
2020-04-01,0.6266801953315735,0.6308024772313419,0.6019421870351525,0.6019421870351525,5300378
2020-04-02,0.63904869556427,0.6431709769981353,0.6101884086298905,0.6184338348770856,2136932
2020-04-03,0.6514173150062561,0.6514173150062561,0.6266801710479522,0.6431710247671357,2632519
2020-04-06,0.6514173150062561,0.6555404601258162,0.6390487430271041,0.6472941698866959,1709649
2020-04-07,0.6555404663085938,0.6596627480875049,0.6514173211501458,0.6555404663085938,3320202
2020-04-08,0.6514173150062561,0.6555404601258162,0.6390487430271041,0.6555404601258162,2098905
2020-04-09,0.6472942233085632,0.6555405142282587,0.6431710778487155,0.6555405142282587,1250436
2020-04-10,0.6472942233085632,0.6472942233085632,0.6308025048487723,0.6472942233085632,865623
2020-04-13,0.6308024525642395,0.6431710245390043,0.6308024525642395,0.639048742800435,1325662
2020-04-14,0.6308024525642395,0.6431710245390043,0.6308024525642395,0.6431710245390043,1216129
2020-04-15,0.6349256038665771,0.6431710308035555,0.6308024587083195,0.6349256038665771,2425542
2020-04-16,0.6266801953315735,0.639048767790003,0.6266801953315735,0.6349256225106724,3469828
2020-04-17,0.6308024525642395,0.6472941696571021,0.6308024525642395,0.639048742800435,4067922
2020-04-20,0.6266801953315735,0.6472941949691019,0.6266801953315735,0.6431710496897713,4244001
2020-04-21,0.6143107414245605,0.6266801768987239,0.6143107414245605,0.6266801768987239,3498142
2020-04-22,0.6184338927268982,0.622557037925917,0.6101884657084058,0.6184338927268982,1491306
2020-04-23,0.6143107414245605,0.6308024586772416,0.6143107414245605,0.6225570317406695,2255869
2020-04-24,0.6101884841918945,0.6225570567840677,0.6101884841918945,0.6143107661362379,2126495
2020-04-27,0.6225570440292358,0.634925616368004,0.6143107535503546,0.6143107535503546,2673645
2020-04-28,0.6308024525642395,0.6431710245390043,0.6225570257075723,0.6266801708256701,1899886
2020-04-29,0.6431710124015808,0.6514173024821587,0.6349255857005149,0.6349255857005149,2778012
2020-04-30,0.6308024525642395,0.6514173147751998,0.6308024525642395,0.6431710245390043,3378792
2020-05-04,0.6101884841918945,0.630802484052326,0.6101884841918945,0.630802484052326,5473874
2020-05-05,0.6101884841918945,0.6225570567840677,0.6101884841918945,0.6101884841918945,3904965
2020-05-06,0.6143107414245605,0.6225570317406695,0.6101884596460428,0.6143107414245605,5489478
2020-05-08,0.6101884841918945,0.6266802021079825,0.6060653388679796,0.6184339114601528,8176454
2020-05-12,0.5936967134475708,0.6143107114737304,0.5936967134475708,0.6101884298961953,6740327
2020-05-13,0.6101884841918945,0.6225570567840677,0.5978199115997214,0.5978199115997214,13923645
2020-05-14,0.6019421219825745,0.6184338379380557,0.6019421219825745,0.6101884116500494,2019856
2020-05-15,0.6060653328895569,0.6143107600764797,0.6019421876063141,0.6019421876063141,1846152
2020-05-18,0.6019421219825745,0.6225569827717932,0.6019421219825745,0.6060652668163119,6390131
2020-05-19,0.6225570440292358,0.6308024711285634,0.6143107535503546,0.6225570440292358,8461653
2020-05-20,0.6431710124015808,0.6431710124015808,0.6143107238785823,0.6184338689188712,7946640
2020-05-21,0.7008915543556213,0.7050146991894743,0.6390486987451707,0.6431709801995549,15127065
2020-05-22,0.7091379165649414,0.7132610618205736,0.6802776265346305,0.7050147713093092,6937177
2020-05-27,0.7091379165649414,0.7421213518508845,0.7091379165649414,0.7173833436966486,13596905
2020-05-28,0.7215064167976379,0.7297518431047567,0.713260990490519,0.7173832719543431,9636863
2020-05-29,0.8575616478919983,0.8658079379081592,0.7173833006252865,0.7256295906414474,58875387
2020-06-02,0.8575616478919983,0.8575616478919983,0.8575616478919983,0.8575616478919983,0
2020-06-03,0.750366747379303,0.7586122249507672,0.7421213205948695,0.7544898924612802,4273968
2020-06-04,0.750366747379303,0.770981609409668,0.7338750304309152,0.7544898924612802,7712074
2020-06-05,0.7462435364723206,0.7544898259088823,0.7379981104152035,0.7544898259088823,3341798
2020-06-09,0.7462435364723206,0.7586121580347446,0.7421212551334844,0.7503666811906013,3454638
2020-06-10,0.750366747379303,0.7586122249507672,0.7421213205948695,0.7462436022973258,2894675
2020-06-11,0.7421213388442993,0.7668584831854293,0.7297519032941924,0.7503667658314953,3551255
2020-06-12,0.7256295680999756,0.7297518496004932,0.7008915621994771,0.7215064232199794,2957709
2020-06-15,0.6885230541229248,0.7256296346891069,0.6802776269857498,0.7256296346891069,2913585
2020-06-16,0.705014705657959,0.721506421765213,0.7008915607862762,0.7008915607862762,1081899
2020-06-17,0.6761544346809387,0.7008915777508251,0.6761544346809387,0.7008915777508251,3264402
2020-06-18,0.6802775859832764,0.6885230126234736,0.6679090143332277,0.6802775859832764,2259175
2020-06-19,0.6679090857505798,0.6844008041738859,0.6679090857505798,0.6802776587231599,8103604
2020-06-22,0.6844006776809692,0.6885229589902053,0.6637858176170354,0.6761543883036203,2844249
2020-06-23,0.6844006776809692,0.6844006776809692,0.6720312436149458,0.6844006776809692,1076732
2020-06-24,0.6679090857505798,0.688523086245014,0.6679090857505798,0.6844008041738859,2359202
2020-06-25,0.6596627831459045,0.672031355899051,0.6596627831459045,0.663785928523481,1719776
2020-06-26,0.6679090857505798,0.6679090857505798,0.6596627948491278,0.6679090857505798,888769
2020-06-29,0.6761544346809387,0.680277579652419,0.6679090081174758,0.6720312897094584,1225532
2020-06-30,0.6844006776809692,0.7091378190541392,0.6720312436149458,0.6720312436149458,5164908
2020-07-01,0.6679090857505798,0.696769377146466,0.6679090857505798,0.69264623169574,3797498
2020-07-02,0.6679090857505798,0.6761545132724339,0.6637859402998538,0.6720313678217079,3407932
2020-07-03,0.6637858748435974,0.6720313015523658,0.6596627297994568,0.6679090198877381,4031445
2020-07-06,0.6679090857505798,0.6720313678217079,0.6596627948491278,0.6637859402998538,8762457
2020-07-07,0.6679090857505798,0.6761545132724339,0.6596627948491278,0.6720313678217079,7476164
2020-07-08,0.6637858748435974,0.6761544465965065,0.6637858748435974,0.6679090198877381,4145835
2020-07-09,0.6679090857505798,0.6720313678217079,0.6637859402998538,0.6679090857505798,4746718
2020-07-10,0.6596627831459045,0.6679090739010574,0.6596627831459045,0.663785928523481,7400627
2020-07-13,0.6596627831459045,0.6679090739010574,0.6596627831459045,0.663785928523481,2682222
2020-07-14,0.6472942233085632,0.6596627963085064,0.6472942233085632,0.6596627963085064,3056702
2020-07-15,0.6431710124015808,0.6555404475224477,0.6431710124015808,0.6514173024821587,2685942
2020-07-16,0.6308024525642395,0.6472941696571021,0.6308024525642395,0.6472941696571021,2854685
2020-07-17,0.6349256038665771,0.6514173211200707,0.6349256038665771,0.6390487490248347,4141701
2020-07-20,0.6472942233085632,0.6514173687684109,0.6390487957684677,0.6431710778487155,1078696
2020-07-21,0.6472942233085632,0.6555405142282587,0.6472942233085632,0.6472942233085632,2452822
2020-07-22,0.6431710124015808,0.6555404475224477,0.6390487307408039,0.6555404475224477,5144448
2020-07-23,0.6349256038665771,0.6514173211200707,0.6308024587083195,0.6514173211200707,5861891
2020-07-24,0.6143107414245605,0.6349256038352961,0.6143107414245605,0.6349256038352961,8214894
2020-07-27,0.6019421219825745,0.6184338379380557,0.6019421219825745,0.6184338379380557,9642443
2020-07-28,0.6060653328895569,0.6184339053597225,0.6019421876063141,0.6019421876063141,4713858
2020-07-29,0.6431710124015808,0.6431710124015808,0.6101884422178054,0.6101884422178054,4336381
2020-07-30,0.6431710124015808,0.6555404475224477,0.6225570139591602,0.6514173024821587,7078021
2020-08-03,0.6184338927268982,0.6390487553424471,0.6184338927268982,0.6390487553424471,5917071
2020-08-04,0.6060653328895569,0.6184339053597225,0.6019421876063141,0.6184339053597225,5379634
2020-08-05,0.6060653328895569,0.6143107600764797,0.6019421876063141,0.6060653328895569,7295847
2020-08-06,0.6143107414245605,0.6225570317406695,0.6060653144879884,0.6101884596460428,2257005
2020-08-07,0.6060653328895569,0.6143107600764797,0.6019421876063141,0.6143107600764797,2667032
2020-08-10,0.5978198647499084,0.6101884363727841,0.5978198647499084,0.6060652913719909,2944275
2020-08-11,0.5978198647499084,0.6060652913719909,0.5978198647499084,0.6060652913719909,2682635
2020-08-12,0.5936967134475708,0.6101884298961953,0.5936967134475708,0.5978198584046006,6208884
2020-08-13,0.5978198647499084,0.6060652913719909,0.5978198647499084,0.5978198647499084,1162809
2020-08-14,0.5895735621452332,0.6019421335037106,0.5895735621452332,0.5978198519705417,4133435
2020-08-17,0.5978198647499084,0.5978198647499084,0.5854504297475289,0.5936967197491153,3400905
2020-08-18,0.5854503512382507,0.6019420656503698,0.5854503512382507,0.597819784581881,2789792
2020-08-19,0.5689595937728882,0.5978198828954238,0.5689595937728882,0.5895735926435393,7837314
2020-08-21,0.5772050023078918,0.581328147302845,0.5689595756974882,0.5730818573129388,3446992
2020-08-24,0.5689595937728882,0.5813281657711848,0.5689595937728882,0.5730818755193005,2618982
2020-08-25,0.5689595937728882,0.5813281657711848,0.564836448646946,0.5689595937728882,2912449
2020-08-26,0.5772050023078918,0.581328147302845,0.5689595756974882,0.5730818573129388,2525569
2020-08-27,0.5813281536102295,0.5854504352704066,0.5730818635308513,0.5813281536102295,2673749
2020-08-28,0.5524678826332092,0.5854504538594378,0.5524678826332092,0.5772050268977654,14960905
2020-09-01,0.5730818510055542,0.5772049959551276,0.5648364244859003,0.5648364244859003,7688824
2020-09-02,0.5730818510055542,0.5772049959551276,0.5689595694354738,0.5730818510055542,3853092
2020-09-03,0.5772050023078918,0.581328147302845,0.5689595756974882,0.5730818573129388,2860989
2020-09-04,0.5772050023078918,0.5772050023078918,0.5648364307025351,0.5689595756974882,3700985
2020-09-07,0.5689595937728882,0.5772050206452427,0.5689595937728882,0.5772050206452427,2113579
2020-09-08,0.5772050023078918,0.5772050023078918,0.5648364307025351,0.5730818573129388,2801572
2020-09-09,0.5359761118888855,0.5730818245859604,0.5359761118888855,0.5730818245859604,13594942
2020-09-10,0.5524678826332092,0.5524678826332092,0.5400993105009311,0.5442215922919976,3408035
2020-09-11,0.5400992631912231,0.5524678342400828,0.5400992631912231,0.5524678342400828,2160285
2020-09-14,0.5400992631912231,0.5524678342400828,0.5400992631912231,0.5442215446212005,3336735
2020-09-15,0.5524678826332092,0.5524678826332092,0.5400993105009311,0.5483447374626034,2461812
2020-09-17,0.5524678826332092,0.5689595999360931,0.5442215922919976,0.5565910278038151,3272152
2020-09-18,0.5772050023078918,0.5772050023078918,0.5483447141022251,0.5565910040921314,7076884
2020-09-21,0.5607132315635681,0.5854503723855953,0.5607132315635681,0.5730818019745817,2769229
2020-09-22,0.5730818510055542,0.5772049959551276,0.5565909979662464,0.5565909979662464,2504385
2020-09-23,0.5607132315635681,0.5772049465713927,0.5524678057493655,0.5730818019745817,2942622
2020-09-24,0.5483447313308716,0.5607133033248412,0.5483447313308716,0.5565910215798711,1601046
2020-09-25,0.5483447313308716,0.5607133033248412,0.5483447313308716,0.5565910215798711,2184672
2020-09-28,0.5607132315635681,0.5607132315635681,0.5524678057493655,0.5524678057493655,1332172
2020-09-29,0.5483447313308716,0.5607133033248412,0.5483447313308716,0.5607133033248412,4792081
2020-09-30,0.5565910339355469,0.5565910339355469,0.5483447435034893,0.5483447435034893,2313115
2020-10-01,0.5565910339355469,0.5565910339355469,0.5483447435034893,0.5565910339355469,953353
2020-10-02,0.5483447313308716,0.5565910215798711,0.5442215862063718,0.5524678764553713,1849252
2020-10-05,0.5442215800285339,0.5565910152616191,0.5442215800285339,0.548344725106229,1725046
2020-10-06,0.5524678826332092,0.5524678826332092,0.5483447374626034,0.5483447374626034,906749
2020-10-07,0.5400992631912231,0.5524678342400828,0.5400992631912231,0.5524678342400828,3662338
2020-10-08,0.5607132315635681,0.5607132315635681,0.5400992353383518,0.5442215165557436,4084662
2020-10-09,0.5648364424705505,0.5648364424705505,0.5565910156883586,0.5607132973896942,1001196
2020-10-12,0.5854503512382507,0.5854503512382507,0.5648363557576429,0.5648363557576429,6405217
2020-10-13,0.5936967134475708,0.6019421399821357,0.5772049969989463,0.5854504235335113,4283371
2020-10-14,0.5813281536102295,0.5978198703894738,0.5772050085705405,0.5936967253497848,5706271
2020-10-15,0.5895735621452332,0.5978198519705417,0.5772049907867557,0.5772049907867557,4543771
2020-10-16,0.5936967134475708,0.6060652849391656,0.5813281419559762,0.5936967134475708,4616931
2020-10-19,0.6101884841918945,0.6143107661362379,0.5895736209518917,0.5895736209518917,6473107
2020-10-20,0.6349256038665771,0.6431710308035555,0.614310741454826,0.614310741454826,9176100
2020-10-21,0.6308024525642395,0.639048742800435,0.6266801708256701,0.639048742800435,6497804
2020-10-22,0.6720313429832458,0.6720313429832458,0.6266801982198423,0.6266801982198423,13912382
2020-10-23,0.6596627831459045,0.6802776466542038,0.647294210392758,0.6679090739010574,16406848
2020-10-26,0.6720313429832458,0.6802776335799128,0.6472941979523773,0.6637859157661451,17368253
2020-10-27,0.6731313467025757,0.6731313467025757,0.660350333514194,0.6646106543146445,7188000
2020-10-28,0.63904869556427,0.668870990370228,0.6262677338418712,0.6646106190090677,9788300
2020-10-30,0.6177471280097961,0.6305280904628741,0.6092264355873807,0.6305280904628741,5024700
2020-11-02,0.6007058620452881,0.6177471980348175,0.6007058620452881,0.6134868767341941,2627000
2020-11-03,0.609226405620575,0.622007418232007,0.6049660850124402,0.6049660850124402,2433400
2020-11-04,0.6134868264198303,0.6220074683222672,0.6092264546815801,0.6134868264198303,560100
2020-11-05,0.6475693583488464,0.6475693583488464,0.6177471133335077,0.6177471133335077,3020400
2020-11-06,0.664610743522644,0.664610743522644,0.6475694580334593,0.6603504221503479,2695400
2020-11-09,0.6603503823280334,0.6731313964612019,0.6347884556357639,0.6688710753458237,2822700
2020-11-10,0.6773916482925415,0.6816519689721715,0.6433090320684729,0.6646106354666229,6023900
2020-11-11,0.6475693583488464,0.6773916541512142,0.6475693583488464,0.6773916541512142,10863600
2020-11-12,0.63904869556427,0.6560899778608018,0.63904869556427,0.6475693367125359,5834500
2020-11-13,0.6305280923843384,0.6433090548763648,0.6305280923843384,0.6390487340456894,5211000
2020-11-16,0.6220074892044067,0.6390487735813931,0.6220074892044067,0.6305281313929,8942100
2020-11-17,0.6305280923843384,0.6390487340456894,0.6220074507229874,0.6220074507229874,7462000
2020-11-18,0.6305280923843384,0.6305280923843384,0.6262677715536629,0.6305280923843384,3352300
2020-11-19,0.6220074892044067,0.6305281313929,0.6220074892044067,0.6305281313929,2495500
2020-11-20,0.6220074892044067,0.6262678102986533,0.6177471681101601,0.6220074892044067,2749400
2020-11-23,0.6134868264198303,0.6220074683222672,0.6134868264198303,0.6220074683222672,3862000
2020-11-24,0.5751438736915588,0.617747132999643,0.5751438736915588,0.6134868121475376,24298600
2020-11-25,0.5751438736915588,0.587924836247875,0.5708835528394535,0.5794041945436642,12928100
2020-11-26,0.5538421869277954,0.5794041613636317,0.5538421869277954,0.575143840755497,49970500
2020-11-27,0.5538421869277954,0.5666231995392275,0.5538421869277954,0.5538421869277954,75402700
2020-11-30,0.5495819449424744,0.5836645654704163,0.5495819449424744,0.5623629593823495,324963900
2020-12-01,0.5794042348861694,0.5879248771836517,0.5538422572066884,0.5623629502912049,104726500
2020-12-02,0.5794042348861694,0.5879248771836517,0.5666232714399461,0.5836645560349105,59653400
2020-12-03,0.6007058620452881,0.6092265046465348,0.575143934241548,0.5794042555421713,84032900
2020-12-04,0.5836644768714905,0.6092264002969295,0.5836644768714905,0.6092264002969295,44485200
2020-12-07,0.5836644768714905,0.59644543858421,0.579404156300584,0.587924797442397,17139600
2020-12-08,0.5751438736915588,0.5921851570999802,0.5751438736915588,0.587924836247875,28680100
2020-12-09,0.5836644768714905,0.5921851180133035,0.579404156300584,0.579404156300584,21044100
2020-12-10,0.5964454412460327,0.6007057618359523,0.5836644794762742,0.5879248000661937,24763700
2020-12-11,0.63904869556427,0.6560899778608018,0.5964454390359133,0.6007057596100462,124258600
2020-12-14,0.6433091163635254,0.6646107225528997,0.6305281526499008,0.6475694376014002,40207700
2020-12-15,0.6688710451126099,0.67313136603542,0.6220074641746662,0.639048747865907,37938700
2020-12-16,0.6859123706817627,0.6986933342305264,0.660350392797201,0.6773917283159203,69343400
2020-12-17,0.6901726722717285,0.7029536354576599,0.6603503740508553,0.6901726722717285,56583700
2020-12-18,0.6816519498825073,0.6944329115634665,0.6646106168542013,0.6901725910031468,31238400
2020-12-21,0.6773916482925415,0.6859122896518015,0.6688710069332815,0.6816519689721715,23561300
2020-12-22,0.6518296599388123,0.6688709930917086,0.6475693393473451,0.6688709930917086,27117300
2020-12-23,0.6603503823280334,0.6646107034434117,0.6433090978665205,0.6475694189818987,17818700
2020-12-24,0.6560900211334229,0.6731313553409485,0.6518297002782991,0.6603503419885466,12380400
2020-12-28,0.6688710451126099,0.6773916869582303,0.6560900315571477,0.660350352479958,15177800
2020-12-29,0.6603503823280334,0.6731313964612019,0.6603503823280334,0.6688710753458237,12997600
2020-12-30,0.6603503823280334,0.6646107034434117,0.6518297400972769,0.6646107034434117,11605700
2020-12-31,0.6518296599388123,0.6688709930917086,0.6518296599388123,0.6603503011217466,12656500
2021-01-04,0.6134868264198303,0.6305281102247039,0.6092264546815801,0.6305281102247039,15427800
2021-01-05,0.6007058620452881,0.6134868767341941,0.5921852194440413,0.6092265046465348,32572100
2021-01-06,0.5921851396560669,0.6007057811092862,0.5879248189294571,0.6007057811092862,11875200
2021-01-07,0.5879248380661011,0.592185158931382,0.5751438754702585,0.5879248380661011,26086900
2021-01-08,0.5708835124969482,0.5879247947011169,0.5708835124969482,0.5836644741500747,18146900
2021-01-11,0.5879248380661011,0.592185158931382,0.5666232337396967,0.5708835546049775,15305400
2021-01-12,0.5921851396560669,0.5964454603826765,0.5708835360230184,0.5836644982028475,12732000
2021-01-13,0.609226405620575,0.6134867770157375,0.5879248025799012,0.592185123188036,16197200
2021-01-14,0.609226405620575,0.6134867770157375,0.5964454437961707,0.609226405620575,14323700
2021-01-15,0.6134868264198303,0.6134868264198303,0.6007058127791434,0.6049661337303617,10254700
2021-01-18,0.6134868264198303,0.6134868264198303,0.596445491827925,0.6134868264198303,11759500
2021-01-19,0.609226405620575,0.6134867770157375,0.6049660850124402,0.6049660850124402,5262400
2021-01-20,0.5921851396560669,0.6092264225625056,0.5921851396560669,0.6049661018358959,9582200
2021-01-21,0.5836644768714905,0.6007057591551165,0.5836644768714905,0.5921851180133035,7044500
2021-01-22,0.5751438736915588,0.5921851570999802,0.5751438736915588,0.587924836247875,9529500
2021-01-25,0.5751438736915588,0.5836645153957696,0.5708835528394535,0.5794041945436642,10485400
2021-01-26,0.558102548122406,0.5836645244171668,0.558102548122406,0.5794042034992118,19253900
2021-01-27,0.558102548122406,0.5708835616633021,0.5538422272044511,0.5623629198273923,37479300
2021-01-29,0.5495819449424744,0.5623629593823495,0.5495819449424744,0.5581025873777011,21671700
2021-02-02,0.5538421869277954,0.5623628789310927,0.5495818663196607,0.5538421869277954,14952900
2021-02-03,0.558102548122406,0.5666232407453472,0.5538422272044511,0.5538422272044511,20419400
2021-02-04,0.5666232705116272,0.5666232705116272,0.5538422562993093,0.5581025774410705,25320500
2021-02-05,0.5623629093170166,0.5708835509936785,0.5581025376916552,0.5666232301553475,7156900
2021-02-08,0.5623629093170166,0.5708835509936785,0.5581025376916552,0.5623629093170166,9590000
2021-02-09,0.558102548122406,0.5666232407453472,0.558102548122406,0.5623629198273923,11501600
2021-02-10,0.5623629093170166,0.5666232301553475,0.5581025376916552,0.5623629093170166,10870700
2021-02-11,0.5666232705116272,0.5708835916533885,0.5581025774410705,0.5623629493698659,2989000
2021-02-15,0.5751438736915588,0.5794041945436642,0.5666232319873482,0.5708835528394535,7182600
2021-02-16,0.5751438736915588,0.5836645153957696,0.5708835528394535,0.5794041945436642,8890800
2021-02-17,0.5666232705116272,0.5794042339369111,0.5666232705116272,0.5794042339369111,6671800
2021-02-18,0.5666232705116272,0.5708835916533885,0.5623629493698659,0.5666232705116272,10157300
2021-02-19,0.5666232705116272,0.5708835916533885,0.5623629493698659,0.5666232705116272,4804500
2021-02-22,0.5666232705116272,0.5794042339369111,0.5623629493698659,0.5708835916533885,13548200
2021-02-23,0.5751438736915588,0.5794041945436642,0.5666232319873482,0.5666232319873482,9048300
2021-02-24,0.5666232705116272,0.5794042339369111,0.5666232705116272,0.5751439127951498,8730500
2021-02-25,0.5666232705116272,0.5751439127951498,0.5666232705116272,0.5666232705116272,8754100
2021-02-26,0.5623629093170166,0.5794041926703403,0.5581025376916552,0.5666232301553475,28572300
2021-03-01,0.5666232705116272,0.5708835916533885,0.5623629493698659,0.5623629493698659,10238300
2021-03-02,0.5666232705116272,0.5708835916533885,0.5623629493698659,0.5708835916533885,5315300
2021-03-03,0.5708835124969482,0.5708835124969482,0.5623628713948639,0.566623191945906,9962900
2021-03-04,0.5751438736915588,0.5794041945436642,0.5666232319873482,0.5708835528394535,7996500
2021-03-05,0.5794042348861694,0.5879248771836517,0.5708835925886871,0.5751439137374282,15078900
2021-03-08,0.5836644768714905,0.604966079726023,0.579404156300584,0.5921851180133035,22448300
2021-03-09,0.5964454412460327,0.5964454412460327,0.5836644794762742,0.5836644794762742,9829300
2021-03-10,0.6007058620452881,0.6049661833459115,0.5964455407446647,0.5964455407446647,13188400
2021-03-11,0.6049661636352539,0.60922648479707,0.6007058424734378,0.6049661636352539,8887000
2021-03-12,0.6007058620452881,0.6092265046465348,0.5964455407446647,0.6049661833459115,8636900
2021-03-15,0.609226405620575,0.609226405620575,0.5964454437961707,0.6007057644043055,6960100
2021-03-16,0.6007058620452881,0.6092265046465348,0.5964455407446647,0.6092265046465348,8277100
2021-03-17,0.5964454412460327,0.6049660824258718,0.5964454412460327,0.6049660824258718,3301500
2021-03-18,0.5964454412460327,0.6049660824258718,0.5964454412460327,0.6007057618359523,4918100
2021-03-19,0.5836644768714905,0.6007057591551165,0.579404156300584,0.6007057591551165,13102100
2021-03-22,0.5794042348861694,0.5879248771836517,0.5751439137374282,0.5879248771836517,7982100
2021-03-23,0.5794042348861694,0.5836645560349105,0.5751439137374282,0.5836645560349105,6330800
2021-03-24,0.5794042348861694,0.5836645560349105,0.5708835925886871,0.5794042348861694,7204600
2021-03-25,0.5836644768714905,0.587924797442397,0.579404156300584,0.5836644768714905,4185100
2021-03-26,0.5921851396560669,0.5964454603826765,0.5794041774762378,0.5836644982028475,6756100
2021-03-29,0.5879248380661011,0.5964454797966628,0.5836645172008202,0.592185158931382,7524900
2021-03-30,0.5879248380661011,0.5879248380661011,0.5794041963355393,0.5879248380661011,3791700
2021-03-31,0.5751438736915588,0.587924836247875,0.5708835528394535,0.587924836247875,9259900
2021-04-01,0.5879248380661011,0.592185158931382,0.5708835546049775,0.5751438754702585,6236300
2021-04-02,0.5879248380661011,0.592185158931382,0.5836645172008202,0.5879248380661011,2014000
2021-04-05,0.6007058620452881,0.6007058620452881,0.5836645768427947,0.5921852194440413,8825400
2021-04-06,0.6262677311897278,0.6347883723019102,0.6007057570661537,0.6049660776222449,49686900
2021-04-07,0.634788453578949,0.6390487746805231,0.6134868480710783,0.6305281324773748,33602400
2021-04-08,0.609226405620575,0.6347883800564112,0.609226405620575,0.6347883800564112,11691800
2021-04-09,0.609226405620575,0.6177470976238723,0.6049660850124402,0.609226405620575,9712900
2021-04-12,0.6262677311897278,0.6347883723019102,0.609226398178336,0.6134867695214543,23032700
2021-04-13,0.609226405620575,0.6347883800564112,0.609226405620575,0.6305280594482765,15479100
2021-04-14,0.6220074892044067,0.6305281313929,0.6049661540403868,0.6134868470159135,14393900
2021-04-15,0.6262677311897278,0.6305280517458189,0.6220074106336366,0.6262677311897278,25004000
2021-04-16,0.6220074892044067,0.6305281313929,0.6177471681101601,0.6262678102986533,7319100
2021-04-19,0.609226405620575,0.622007418232007,0.609226405620575,0.6177470976238723,4633000
2021-04-20,0.6049661636352539,0.6177471779077364,0.6049661636352539,0.60922648479707,11130000
2021-04-21,0.609226405620575,0.6177470976238723,0.6007057644043055,0.6049660850124402,13562100
2021-04-22,0.6007058620452881,0.6177471980348175,0.6007058620452881,0.6092265046465348,8279200
2021-04-23,0.6049661636352539,0.6134868567459203,0.5964455213116219,0.6007058424734378,11061500
2021-04-26,0.6134868264198303,0.6177471473710487,0.6007058127791434,0.6049661337303617,13925900
2021-04-27,0.609226405620575,0.6177470976238723,0.6049660850124402,0.6134867770157375,2683700
2021-04-28,0.609226405620575,0.609226405620575,0.6007057644043055,0.6049660850124402,5700800
2021-04-30,0.609226405620575,0.6134867770157375,0.6007057644043055,0.6049660850124402,5496600
2021-05-03,0.6007058620452881,0.6092265046465348,0.5964455407446647,0.6049661833459115,6701200
2021-05-04,0.6007058620452881,0.6049661833459115,0.5964455407446647,0.5964455407446647,2650400
2021-05-05,0.6007058620452881,0.6092265046465348,0.5964455407446647,0.6049661833459115,6052200
2021-05-06,0.5879248380661011,0.6007058006619438,0.5879248380661011,0.6007058006619438,12170900
2021-05-07,0.5921851396560669,0.5964454603826765,0.5879248189294571,0.5879248189294571,3824500
2021-05-10,0.5921851396560669,0.5964454603826765,0.5879248189294571,0.5921851396560669,2488900
2021-05-11,0.5794042348861694,0.5921851983323928,0.5794042348861694,0.5879248771836517,4693600
2021-05-12,0.5836644768714905,0.5921851180133035,0.579404156300584,0.579404156300584,5794000
2021-05-17,0.5794042348861694,0.5921851983323928,0.5794042348861694,0.5879248771836517,13138400
2021-05-18,0.6049661636352539,0.60922648479707,0.5836645578261738,0.5836645578261738,14379000
2021-05-19,0.5964454412460327,0.6092264030157912,0.5921851206561133,0.6092264030157912,7538500
2021-05-20,0.5879248380661011,0.6049661215272246,0.5879248380661011,0.5964454797966628,11158000
2021-05-21,0.5836644768714905,0.587924797442397,0.5751438357296775,0.5836644768714905,8543900
2021-05-24,0.5921851396560669,0.5964454603826765,0.5879248189294571,0.5879248189294571,6082800
2021-05-25,0.5921851396560669,0.6007057811092862,0.5879248189294571,0.5921851396560669,11997400
2021-05-27,0.5708835124969482,0.6007057563542434,0.5708835124969482,0.5921851152521591,39119200
2021-05-28,0.5794042348861694,0.5836645560349105,0.5751439137374282,0.5751439137374282,6530200
2021-05-31,0.5708835124969482,0.5751438330479904,0.566623191945906,0.5708835124969482,8374700
2021-06-01,0.5708835124969482,0.5794041535990325,0.5708835124969482,0.5708835124969482,5309600
2021-06-02,0.5836644768714905,0.587924797442397,0.570883515158771,0.5751438357296775,9353100
2021-06-03,0.5836644768714905,0.5836644768714905,0.5751438357296775,0.5836644768714905,4593600
2021-06-04,0.5708835124969482,0.5879247947011169,0.5708835124969482,0.5836644741500747,6787900
2021-06-08,0.5751438736915588,0.5836645153957696,0.5708835528394535,0.5751438736915588,5890700
2021-06-09,0.5751438736915588,0.5836645153957696,0.5751438736915588,0.5751438736915588,3956300
2021-06-10,0.5708835124969482,0.5794041535990325,0.5708835124969482,0.5751438330479904,4761400
2021-06-11,0.5751438736915588,0.5794041945436642,0.5708835528394535,0.5751438736915588,4507100
2021-06-14,0.5794042348861694,0.5794042348861694,0.5708835925886871,0.5794042348861694,2096200
2021-06-15,0.5794042348861694,0.5836645560349105,0.5708835925886871,0.5794042348861694,7186700
2021-06-16,0.5794042348861694,0.5836645560349105,0.5708835925886871,0.5794042348861694,5032800
2021-06-17,0.5836644768714905,0.5836644768714905,0.5751438357296775,0.5751438357296775,5081200
2021-06-18,0.5836644768714905,0.587924797442397,0.5751438357296775,0.5836644768714905,12300000
2021-06-21,0.5794042348861694,0.5836645560349105,0.5751439137374282,0.5836645560349105,3314600
2021-06-22,0.5751438736915588,0.5836645153957696,0.5708835528394535,0.5794041945436642,13976900
2021-06-23,0.5751438736915588,0.5794041945436642,0.5708835528394535,0.5751438736915588,6650200
2021-06-24,0.5708835124969482,0.5794041535990325,0.5708835124969482,0.5751438330479904,6463000
2021-06-25,0.5666232705116272,0.5751439127951498,0.5666232705116272,0.5708835916533885,4744800
2021-06-28,0.558102548122406,0.5708835616633021,0.558102548122406,0.5666232407453472,6300100
2021-06-29,0.5623629093170166,0.5666232301553475,0.5581025376916552,0.5581025376916552,5484500
2021-06-30,0.558102548122406,0.5666232407453472,0.5538422272044511,0.5623629198273923,11839200
2021-07-01,0.5538421869277954,0.5623628789310927,0.5495818663196607,0.5581025075359302,8671900
2021-07-02,0.5538421869277954,0.5581025075359302,0.5495818663196607,0.5538421869277954,3582000
2021-07-05,0.5538421869277954,0.5538421869277954,0.5495818663196607,0.5538421869277954,5742200
2021-07-06,0.558102548122406,0.558102548122406,0.5495819062864962,0.5495819062864962,5035100
2021-07-07,0.5495819449424744,0.5581025873777011,0.545321623724861,0.5538422661600877,7593100
2021-07-08,0.5368009209632874,0.5495818831797872,0.5368009209632874,0.545321562440954,9321300
2021-07-09,0.5453215837478638,0.5453215837478638,0.536800941937277,0.5410612628425704,3139900
2021-07-12,0.5453215837478638,0.5495819046531571,0.536800941937277,0.5453215837478638,3640600
2021-07-13,0.5410612225532532,0.549581863729363,0.5368009019651983,0.5453215431413081,2190200
2021-07-14,0.5325406193733215,0.5410612611573697,0.5325406193733215,0.5410612611573697,5573000
2021-07-15,0.5368009209632874,0.5368009209632874,0.5282802794856207,0.532540600224454,3591800
2021-07-16,0.5495819449424744,0.5495819449424744,0.5325406600720208,0.5368009812896343,4233000
2021-07-19,0.5410612225532532,0.5453215431413081,0.5410612225532532,0.5453215431413081,2191100
2021-07-21,0.5453215837478638,0.5453215837478638,0.536800941937277,0.5453215837478638,1956000
2021-07-22,0.5410612225532532,0.549581863729363,0.5325405813771432,0.5410612225532532,8120100
2021-07-23,0.5410612225532532,0.5453215431413081,0.5410612225532532,0.5453215431413081,1944200
2021-07-26,0.5410612225532532,0.5453215431413081,0.5410612225532532,0.5410612225532532,1538800
2021-07-27,0.5410612225532532,0.5453215431413081,0.5368009019651983,0.5453215431413081,1702000
2021-07-28,0.5368009209632874,0.545321562440954,0.5368009209632874,0.5410612417021207,1626500
2021-07-29,0.5368009209632874,0.5410612417021207,0.5368009209632874,0.5368009209632874,1416400
2021-07-30,0.5325406193733215,0.5410612611573697,0.5325406193733215,0.5368009402653456,6525200
2021-08-02,0.5368009209632874,0.5410612417021207,0.5282802794856207,0.532540600224454,4611500
2021-08-03,0.5282802581787109,0.536800899312718,0.5282802581787109,0.536800899312718,4441500
2021-08-04,0.5368009209632874,0.5410612417021207,0.5282802794856207,0.5282802794856207,4317700
2021-08-05,0.5240200161933899,0.5410613010169034,0.5240200161933899,0.536800979811025,6420600
2021-08-06,0.5282802581787109,0.5282802581787109,0.5240199376117074,0.5282802581787109,1011500
2021-08-09,0.5282802581787109,0.5325405787457145,0.5240199376117074,0.5282802581787109,1759300
2021-08-11,0.5282802581787109,0.536800899312718,0.5240199376117074,0.5325405787457145,3626000
2021-08-12,0.5282802581787109,0.5325405787457145,0.5197596170447039,0.5282802581787109,5784800
2021-08-13,0.5325406193733215,0.5325406193733215,0.5240199775892734,0.5282802984812974,1984900
2021-08-16,0.5368009209632874,0.5368009209632874,0.5240199587467875,0.5282802794856207,1645600
2021-08-17,0.5410612225532532,0.549581863729363,0.5325405813771432,0.5368009019651983,5927500
2021-08-18,0.5495819449424744,0.5495819449424744,0.5368009812896343,0.5410613025072476,2044400
2021-08-19,0.5368009209632874,0.5538422039186205,0.532540600224454,0.5538422039186205,4977600
2021-08-20,0.5368009209632874,0.5410612417021207,0.532540600224454,0.5368009209632874,2205900
2021-08-23,0.5368009209632874,0.545321562440954,0.532540600224454,0.5368009209632874,2630200
2021-08-24,0.5410612225532532,0.5453215431413081,0.5325405813771432,0.5368009019651983,4161400
2021-08-25,0.5453215837478638,0.5495819046531571,0.5410612628425704,0.5453215837478638,2715800
2021-08-26,0.5453215837478638,0.5538422255584505,0.5410612628425704,0.5410612628425704,5511400
2021-08-27,0.5453215837478638,0.5538422255584505,0.5453215837478638,0.5495819046531571,5622200
2021-08-30,0.5751438736915588,0.5751438736915588,0.5495818977918961,0.5495818977918961,7490000
2021-09-01,0.558102548122406,0.5708835616633021,0.5538422272044511,0.5708835616633021,7244300
2021-09-02,0.558102548122406,0.5623629198273923,0.5538422272044511,0.5623629198273923,1965200
2021-09-03,0.5538421869277954,0.5623628789310927,0.5495818663196607,0.5581025075359302,3046500
2021-09-06,0.5623629093170166,0.5623629093170166,0.5538422168533242,0.5581025376916552,2817800
2021-09-07,0.5666232705116272,0.5751439127951498,0.5581025774410705,0.5623629493698659,5234400
2021-09-08,0.5666232705116272,0.5708835916533885,0.5581025774410705,0.5708835916533885,4812100
2021-09-09,0.5623629093170166,0.5708835509936785,0.5581025376916552,0.5623629093170166,6696100
2021-09-10,0.558102548122406,0.5623629198273923,0.558102548122406,0.5623629198273923,4226300
2021-09-13,0.558102548122406,0.5666232407453472,0.558102548122406,0.5623629198273923,7174300
2021-09-14,0.5538421869277954,0.5623628789310927,0.5538421869277954,0.5623628789310927,8545900
2021-09-15,0.5495819449424744,0.5581025873777011,0.5495819449424744,0.5538422661600877,5530400
2021-09-17,0.5495819449424744,0.5623629593823495,0.5495819449424744,0.5538422661600877,8533800
2021-09-20,0.5410612225532532,0.5538421843174179,0.5410612225532532,0.5538421843174179,5212000
2021-09-21,0.5410612225532532,0.549581863729363,0.5410612225532532,0.5410612225532532,3561700
2021-09-22,0.5453215837478638,0.5538422255584505,0.5410612628425704,0.5453215837478638,5195200
2021-09-23,0.5497550964355469,0.5541886010155478,0.545321591855546,0.5541886010155478,7225000
2021-09-24,0.5453216433525085,0.5497551483511836,0.5453216433525085,0.5497551483511836,5388500
2021-09-27,0.5453216433525085,0.5497551483511836,0.5408881383538335,0.5453216433525085,4552300
2021-09-28,0.5364545583724976,0.5453215671304659,0.5364545583724976,0.5408880627514817,7352100
2021-09-29,0.5408881306648254,0.5453216356004759,0.536454625729175,0.536454625729175,4352100
2021-09-30,0.5408881306648254,0.5453216356004759,0.536454625729175,0.5453216356004759,2305800
2021-10-01,0.5453216433525085,0.5453216433525085,0.5364546333551585,0.5408881383538335,1826200
2021-10-04,0.55418860912323,0.55418860912323,0.5497551044783676,0.5497551044783676,1731000
2021-10-05,0.55418860912323,0.5586221137680922,0.5497551044783676,0.55418860912323,1331000
2021-10-06,0.5586221218109131,0.5630556265196073,0.5497551123935248,0.5586221218109131,5089300
2021-10-07,0.5497550964355469,0.5586221055955487,0.545321591855546,0.5541886010155478,3801100
2021-10-08,0.5497550964355469,0.5541886010155478,0.5497550964355469,0.5541886010155478,2177000
2021-10-11,0.55418860912323,0.5586221137680922,0.5497551044783676,0.55418860912323,5692500
2021-10-12,0.55418860912323,0.5586221137680922,0.5497551044783676,0.55418860912323,3355100
2021-10-13,0.5719226598739624,0.5719226598739624,0.5541886402969549,0.5586221451912068,9614100
2021-10-14,0.5586221218109131,0.5674891312283014,0.5586221218109131,0.5674891312283014,3727700
2021-10-15,0.5674891471862793,0.571922652019645,0.5586221375195478,0.5586221375195478,3827500
2021-10-18,0.5719226598739624,0.5763561647682143,0.5674891549797105,0.5719226598739624,4507000
2021-10-20,0.5719226598739624,0.5763561647682143,0.5674891549797105,0.5763561647682143,2631800
2021-10-21,0.5674891471862793,0.5763561568530108,0.5674891471862793,0.571922652019645,2081400
2021-10-22,0.5630555748939514,0.5674890791961447,0.5586220705917581,0.5674890791961447,3017500
2021-10-25,0.5586221218109131,0.5674891312283014,0.5586221218109131,0.5674891312283014,3540700
2021-10-26,0.5586221218109131,0.5630556265196073,0.5586221218109131,0.5630556265196073,1651600
2021-10-27,0.5630555748939514,0.5674890791961447,0.5586220705917581,0.5630555748939514,4677900
2021-10-28,0.5586221218109131,0.5630556265196073,0.5586221218109131,0.5630556265196073,2294500
2021-10-29,0.5586221218109131,0.5674891312283014,0.554188617102219,0.5586221218109131,1789300
2021-11-01,0.55418860912323,0.5630556184129546,0.5497551044783676,0.5586221137680922,3196300
2021-11-02,0.5497550964355469,0.5586221055955487,0.5497550964355469,0.5541886010155478,964300
2021-11-03,0.5408881306648254,0.5541886454717766,0.5408881306648254,0.5497551405361263,7138400
2021-11-05,0.5497550964355469,0.5541886010155478,0.540888087275545,0.545321591855546,5851600
2021-11-08,0.5497550964355469,0.5541886010155478,0.545321591855546,0.5541886010155478,2640900
2021-11-09,0.5497550964355469,0.5497550964355469,0.545321591855546,0.5497550964355469,1453100
2021-11-10,0.5497550964355469,0.5497550964355469,0.545321591855546,0.5497550964355469,971900
2021-11-11,0.5497550964355469,0.5497550964355469,0.545321591855546,0.5497550964355469,702600
2021-11-12,0.5453216433525085,0.5497551483511836,0.5453216433525085,0.5497551483511836,2638900
2021-11-15,0.5408881306648254,0.5497551405361263,0.5408881306648254,0.5453216356004759,2348400
2021-11-16,0.5408881306648254,0.5497551405361263,0.5408881306648254,0.5408881306648254,2630700
2021-11-17,0.5364545583724976,0.5453215671304659,0.5320210539935134,0.5408880627514817,7442000
2021-11-18,0.5320210456848145,0.5408880543043046,0.5320210456848145,0.5408880543043046,4351400
2021-11-19,0.5408881306648254,0.5408881306648254,0.5275876158578743,0.5320211207935247,9216400
2021-11-22,0.5364545583724976,0.5408880627514817,0.5364545583724976,0.5408880627514817,1607800
2021-11-23,0.5320210456848145,0.5408880543043046,0.5320210456848145,0.5364545499945595,2071800
2021-11-24,0.5275875926017761,0.5364546020822185,0.5275875926017761,0.5320210973419973,7047000
2021-11-25,0.5187205076217651,0.5320210741132538,0.5187205076217651,0.5320210741132538,6152700
2021-11-26,0.5231540203094482,0.536454587007913,0.5231540203094482,0.5320210823922727,4752000
2021-11-29,0.5142870545387268,0.5231540645193267,0.5142870545387268,0.5187205595290267,8758600
2021-11-30,0.5231540203094482,0.5275875777766325,0.518720515693808,0.518720515693808,3735000
2021-12-01,0.5231540203094482,0.5275875777766325,0.518720515693808,0.518720515693808,2224100
2021-12-02,0.5142870545387268,0.5231540645193267,0.5142870545387268,0.5231540645193267,3288500
2021-12-06,0.5142870545387268,0.5231540645193267,0.5142870545387268,0.5187205595290267,2335500
2021-12-07,0.5187205076217651,0.5187205076217651,0.5142870030751167,0.5187205076217651,2614500
2021-12-08,0.5231540203094482,0.5275875777766325,0.518720515693808,0.518720515693808,3823100
2021-12-09,0.5275875926017761,0.5320210973419973,0.5231540350100096,0.5231540350100096,1364400
2021-12-10,0.5187205076217651,0.5320210741132538,0.5187205076217651,0.5275875695666054,2843000
2021-12-13,0.5142870545387268,0.527587622361175,0.5142870545387268,0.5231540645193267,4332300
2021-12-14,0.5142870545387268,0.5187205595290267,0.5142870545387268,0.5187205595290267,4645500
2021-12-15,0.5142870545387268,0.527587622361175,0.5142870545387268,0.5142870545387268,4504100
2021-12-16,0.5142870545387268,0.527587622361175,0.5142870545387268,0.5187205595290267,8193700
2021-12-17,0.5320210456848145,0.5320210456848145,0.5142869755942937,0.5142869755942937,5743300
2021-12-20,0.5142870545387268,0.5320211273514749,0.5142870545387268,0.5320211273514749,6807900
2021-12-21,0.5187205076217651,0.5231540121684136,0.5142870030751167,0.5187205076217651,4271200
2021-12-22,0.5142870545387268,0.5231540645193267,0.5142870545387268,0.5187205595290267,4123600
2021-12-23,0.5142870545387268,0.5187205595290267,0.5142870545387268,0.5187205595290267,3172300
2021-12-24,0.5142870545387268,0.5187205595290267,0.5142870545387268,0.5142870545387268,492600
2021-12-27,0.5187205076217651,0.5187205076217651,0.5142870030751167,0.5142870030751167,815900
2021-12-28,0.5187205076217651,0.5231540121684136,0.5142870030751167,0.5187205076217651,4275500
2021-12-29,0.5187205076217651,0.5231540121684136,0.5142870030751167,0.5187205076217651,1993700
2021-12-30,0.5187205076217651,0.5231540121684136,0.5142870030751167,0.5187205076217651,1240600
2021-12-31,0.5142870545387268,0.5231540645193267,0.5142870545387268,0.5187205595290267,8199000
2022-01-03,0.5187205076217651,0.5187205076217651,0.5142870030751167,0.5142870030751167,1068300
2022-01-04,0.5187205076217651,0.5187205076217651,0.5142870030751167,0.5142870030751167,2911500
2022-01-05,0.5187205076217651,0.5275875695666054,0.5142870030751167,0.5187205076217651,9475100
2022-01-06,0.5142870545387268,0.5231540645193267,0.5142870545387268,0.5231540645193267,6757600
2022-01-07,0.5142870545387268,0.5187205595290267,0.5142870545387268,0.5187205595290267,2964200
2022-01-10,0.5142870545387268,0.5187205595290267,0.5142870545387268,0.5187205595290267,2017300
2022-01-11,0.5142870545387268,0.5187205595290267,0.5098535495484269,0.5187205595290267,7164000
2022-01-12,0.5142870545387268,0.5142870545387268,0.5098535495484269,0.5142870545387268,2799800
2022-01-13,0.5054199695587158,0.5142869782235377,0.5054199695587158,0.5142869782235377,5695400
2022-01-14,0.5098535418510437,0.5098535418510437,0.5054200369276775,0.5098535418510437,3776300
2022-01-17,0.5054199695587158,0.5098534738911268,0.5054199695587158,0.5098534738911268,2441500
2022-01-19,0.4965530037879944,0.5098535179341753,0.4965530037879944,0.5054200132187817,6020500
2022-01-20,0.4921194911003113,0.5009865003874538,0.48768598645674,0.49655299574388256,7634500
2022-01-21,0.4921194911003113,0.5009865003874538,0.48768598645674,0.4921194911003113,3524800
2022-01-24,0.4921194911003113,0.49655299574388256,0.4921194911003113,0.4921194911003113,1183000
2022-01-25,0.48768600821495056,0.49211951305632357,0.48768600821495056,0.49211951305632357,1813700
2022-01-26,0.4965530037879944,0.4965530037879944,0.4876859943572071,0.4921194990726008,1689500
2022-01-27,0.48768600821495056,0.49655301789769657,0.48768600821495056,0.49211951305632357,944300
2022-01-28,0.4921194911003113,0.49655299574388256,0.48768598645674,0.4921194911003113,795900
2022-01-31,0.4921194911003113,0.49655299574388256,0.4921194911003113,0.4921194911003113,395400
2022-02-03,0.5098535418510437,0.5098535418510437,0.49211952215757887,0.49655302708094506,2553400
2022-02-04,0.5054199695587158,0.5187204825559487,0.5009864652263049,0.5098534738911268,1866800
2022-02-07,0.5009865164756775,0.5098535260475671,0.4965530116897327,0.5054200212616223,2196100
2022-02-08,0.4965530037879944,0.5054200132187817,0.4921194990726008,0.500986508503388,4218700
2022-02-09,0.5009865164756775,0.5142870308335119,0.4965530116897327,0.4965530116897327,8740700
2022-02-10,0.5009865164756775,0.5054200212616223,0.4965530116897327,0.5054200212616223,4640000
2022-02-11,0.5009865164756775,0.5054200212616223,0.49211950690378786,0.5009865164756775,4672700
2022-02-14,0.4921194911003113,0.5009865003874538,0.4921194911003113,0.49655299574388256,9295700
2022-02-15,0.4921194911003113,0.49655299574388256,0.48768598645674,0.4921194911003113,3890300
2022-02-16,0.4921194911003113,0.49655299574388256,0.48768598645674,0.4921194911003113,4767100
2022-02-17,0.4921194911003113,0.49655299574388256,0.48768598645674,0.4921194911003113,4769100
2022-02-18,0.4921194911003113,0.49655299574388256,0.48768598645674,0.4921194911003113,3418500
2022-02-21,0.5009865164756775,0.5054200212616223,0.49211950690378786,0.4965530116897327,4290600
2022-02-22,0.5009865164756775,0.5009865164756775,0.4965530116897327,0.5009865164756775,565300
2022-02-23,0.5009865164756775,0.5054200212616223,0.4965530116897327,0.5009865164756775,1785000
2022-02-24,0.4832524359226227,0.5009864528128527,0.47438542747750767,0.5009864528128527,13551200
2022-02-25,0.4921194911003113,0.49655299574388256,0.48768598645674,0.48768598645674,3530300
2022-02-28,0.4921194911003113,0.4921194911003113,0.48768598645674,0.4921194911003113,2502200
2022-03-01,0.4921194911003113,0.49655299574388256,0.48768598645674,0.4921194911003113,1775100
2022-03-02,0.4921194911003113,0.5009865003874538,0.4921194911003113,0.49655299574388256,2496800
2022-03-03,0.48768600821495056,0.5009865227390695,0.48768600821495056,0.5009865227390695,3475300
2022-03-04,0.47881898283958435,0.4876859922317266,0.4743854781435133,0.4876859922317266,8367800
2022-03-07,0.46551841497421265,0.47881898188752475,0.4610849102869569,0.47881898188752475,6090900
2022-03-08,0.45221787691116333,0.4655183902670112,0.44778437245921404,0.4655183902670112,9133400
2022-03-09,0.45221787691116333,0.4610848858150619,0.44778437245921404,0.45221787691116333,4336700
2022-03-10,0.46108490228652954,0.46108490228652954,0.45221789306587223,0.4566513976762009,5538100
2022-03-11,0.45665138959884644,0.4699519031945698,0.45665138959884644,0.46551839866266204,4068500
2022-03-14,0.45665138959884644,0.45665138959884644,0.45665138959884644,0.45665138959884644,0
2022-03-15,0.4477843940258026,0.45665140335676196,0.44335088936032296,0.45665140335676196,6653300
2022-03-16,0.45665138959884644,0.46108489413075426,0.44778438053503083,0.45221788506693866,5828900
2022-03-17,0.4832524359226227,0.4832524359226227,0.45665135773573834,0.45665135773573834,5325300
2022-03-18,0.4832524359226227,0.4832524359226227,0.46995187040341085,0.4788189317000652,10045400
2022-03-21,0.48768600821495056,0.48768600821495056,0.4788189985322045,0.48768600821495056,1166300
2022-03-22,0.5098535418510437,0.51428704677441,0.4832525123108464,0.4876860172342126,7887500
2022-03-23,0.5054199695587158,0.5231539868883597,0.5054199695587158,0.5098534738911268,5369700
2022-03-24,0.5275875926017761,0.5275875926017761,0.5054200160491248,0.5054200160491248,10581100
2022-03-25,0.55418860912323,0.5586221137680922,0.5231540237576496,0.5275875812540561,40341200
2022-03-28,0.5630555748939514,0.5630555748939514,0.5497550619873715,0.5586220705917581,8172200
2022-03-29,0.5497550964355469,0.5630556101755496,0.545321591855546,0.5630556101755496,10745100
2022-03-30,0.5364545583724976,0.5586220802674184,0.5187204880050197,0.5541885758884343,23394200
2022-03-31,0.5231540203094482,0.536454587007913,0.5231540203094482,0.536454587007913,3818000
2022-04-01,0.5275875926017761,0.5320210973419973,0.5187205302697884,0.5231540350100096,6356300
2022-04-04,0.5364545583724976,0.5453215671304659,0.5275875496145291,0.5320210539935134,17707400
2022-04-05,0.5408881306648254,0.5453216356004759,0.536454625729175,0.5408881306648254,5884000
2022-04-06,0.5497550964355469,0.5541886010155478,0.5364545826955441,0.5364545826955441,4141000
2022-04-07,0.5408881306648254,0.5497551405361263,0.5408881306648254,0.5497551405361263,5691400
2022-04-08,0.5807896256446838,0.5896566876127042,0.5453215891787754,0.5453215891787754,48563800
2022-04-11,0.5674891471862793,0.5852232193712887,0.5630556423529136,0.5807896616863765,13249400
2022-04-12,0.5630555748939514,0.571922583498338,0.5497550619873715,0.5630555748939514,18073300
2022-04-13,0.5497550964355469,0.5630556101755496,0.545321591855546,0.5630556101755496,9990100
2022-04-14,0.5497550964355469,0.5541886010155478,0.540888087275545,0.5541886010155478,2918100
2022-04-15,0.5453216433525085,0.5497551483511836,0.5408881383538335,0.5453216433525085,7956400
2022-04-18,0.5320210456848145,0.5497550629237948,0.5320210456848145,0.5453215586140497,4748700
2022-04-20,0.5453216433525085,0.5453216433525085,0.5320211283564835,0.5320211283564835,2975700
2022-04-21,0.5364545583724976,0.5453215671304659,0.5320210539935134,0.5453215671304659,8976000
2022-04-22,0.5408881306648254,0.5453216356004759,0.5320211207935247,0.5408881306648254,3517100
2022-04-25,0.5275875926017761,0.5453216115626609,0.5231540350100096,0.5364546020822185,7555600
2022-04-26,0.5275875926017761,0.5364546020822185,0.5231540350100096,0.5275875926017761,6924800
2022-04-27,0.5187205076217651,0.5231540121684136,0.5142870030751167,0.5231540121684136,4871400
2022-04-28,0.5275875926017761,0.5320210973419973,0.5142870255295672,0.5187205302697884,6839600
2022-04-29,0.5630555748939514,0.5807895921027246,0.5453215576851782,0.5497550619873715,65597800
2022-05-05,0.5408881306648254,0.5719226652143782,0.5320211207935247,0.5674891602787278,21759900
2022-05-06,0.5231540203094482,0.536454587007913,0.5231540203094482,0.536454587007913,16012400
2022-05-09,0.5187205076217651,0.5275875695666054,0.5142870030751167,0.5231540121684136,10401900
2022-05-10,0.5231540203094482,0.5231540203094482,0.5142870110781677,0.518720515693808,5227100
2022-05-11,0.5231540203094482,0.5275875777766325,0.518720515693808,0.5231540203094482,2665800
2022-05-12,0.5098535418510437,0.5231540566211423,0.5098535418510437,0.5231540566211423,5867400
2022-05-13,0.5142870545387268,0.5142870545387268,0.505420044558127,0.5098535495484269,6864300
2022-05-17,0.5054199695587158,0.5142869782235377,0.5054199695587158,0.5142869782235377,5068300
2022-05-18,0.5142870545387268,0.5142870545387268,0.5098535495484269,0.5098535495484269,2119900
2022-05-19,0.5098535418510437,0.5187205516977762,0.5054200369276775,0.5098535418510437,4383100
2022-05-20,0.5320210456848145,0.5320210456848145,0.5098534712845486,0.5142869755942937,6119100
2022-05-23,0.5408881306648254,0.5453216356004759,0.5320211207935247,0.5320211207935247,6383400
2022-05-24,0.5364545583724976,0.5453215671304659,0.5320210539935134,0.5453215671304659,4933000
2022-05-25,0.5275875926017761,0.5364546020822185,0.5231540350100096,0.5320210973419973,2648200
2022-05-26,0.5275875926017761,0.5364546020822185,0.5187205302697884,0.5275875926017761,4224400
2022-05-27,0.5320210456848145,0.5453215586140497,0.5275875413750694,0.5453215586140497,8157300
2022-05-30,0.5187205076217651,0.5364545786599023,0.5187205076217651,0.5320210741132538,4887500
2022-05-31,0.5674891471862793,0.5674891471862793,0.5231540460010754,0.5231540460010754,16211500
2022-06-01,0.55418860912323,0.5586221137680922,0.5453215998335054,0.55418860912323,6688300
2022-06-02,0.55418860912323,0.5586221137680922,0.5497551044783676,0.5586221137680922,2599100
2022-06-03,0.5497550964355469,0.5586221055955487,0.540888087275545,0.5541886010155478,4037800
2022-06-07,0.5453216433525085,0.5541886533498585,0.5408881383538335,0.5497551483511836,2414800
2022-06-08,0.5408881306648254,0.5497551405361263,0.5408881306648254,0.5497551405361263,2904100
2022-06-09,0.5408881306648254,0.5497551405361263,0.536454625729175,0.5453216356004759,2450700
2022-06-10,0.5364545583724976,0.5497550715094501,0.5320210539935134,0.5453215671304659,2426700
2022-06-13,0.5142870545387268,0.5364546323417748,0.5142870545387268,0.5320211273514749,5205500
2022-06-14,0.5231540203094482,0.5231540203094482,0.5098535064625275,0.5142870110781677,3202900
2022-06-15,0.5142870545387268,0.5231540645193267,0.505420044558127,0.5187205595290267,2495500
2022-06-16,0.5054199695587158,0.5231539868883597,0.5054199695587158,0.5187204825559487,2530000
2022-06-17,0.5231540203094482,0.5231540203094482,0.5009864972312469,0.5054200018468872,5439300
2022-06-20,0.5098535418510437,0.5187205516977762,0.5009865320043113,0.5187205516977762,2016800
2022-06-21,0.5142870545387268,0.5187205595290267,0.505420044558127,0.505420044558127,1952500
2022-06-22,0.5054199695587158,0.5187204825559487,0.5054199695587158,0.5142869782235377,954300
2022-06-23,0.5054199695587158,0.5098534738911268,0.5009864652263049,0.5054199695587158,1462600
2022-06-24,0.5231540203094482,0.5231540203094482,0.5054200018468872,0.5054200018468872,2147400
2022-06-27,0.5187205076217651,0.5231540121684136,0.5098534985284681,0.5231540121684136,229200
2022-06-28,0.5098535418510437,0.5187205516977762,0.5098535418510437,0.51428704677441,1279500
2022-06-29,0.5142870545387268,0.5187205595290267,0.5098535495484269,0.5098535495484269,981300
2022-06-30,0.5187205076217651,0.5231540121684136,0.5142870030751167,0.5187205076217651,2709200
2022-07-01,0.5098535418510437,0.5231540566211423,0.5098535418510437,0.5187205516977762,1679000
2022-07-04,0.5098535418510437,0.5187205516977762,0.5098535418510437,0.5098535418510437,908200
2022-07-05,0.5142870545387268,0.5187205595290267,0.5098535495484269,0.5098535495484269,642000
2022-07-06,0.5098535418510437,0.5187205516977762,0.5098535418510437,0.51428704677441,620900
2022-07-07,0.5142870545387268,0.5187205595290267,0.5098535495484269,0.5142870545387268,2100700
2022-07-08,0.5098535418510437,0.51428704677441,0.5098535418510437,0.51428704677441,1114700
2022-07-12,0.5098535418510437,0.51428704677441,0.5054200369276775,0.5098535418510437,4049500
2022-07-13,0.4965530037879944,0.5054200132187817,0.4965530037879944,0.5054200132187817,2285600
2022-07-14,0.47881898283958435,0.5009865063199399,0.47881898283958435,0.49655300162386884,8655200
2022-07-15,0.4832524359226227,0.4876859401451802,0.47438542747750767,0.4788189317000652,1831300
2022-07-18,0.48768600821495056,0.49211951305632357,0.48325250337357756,0.48325250337357756,1734200
2022-07-19,0.4832524359226227,0.4876859401451802,0.4788189317000652,0.4876859401451802,2833700
2022-07-20,0.48768600821495056,0.48768600821495056,0.48325250337357756,0.48325250337357756,574700
2022-07-21,0.48768600821495056,0.49211951305632357,0.48325250337357756,0.48768600821495056,3051400
2022-07-22,0.4965530037879944,0.4965530037879944,0.4876859943572071,0.4876859943572071,2438300
2022-07-25,0.4921194911003113,0.49655299574388256,0.48768598645674,0.4921194911003113,2905100
2022-07-26,0.4921194911003113,0.49655299574388256,0.48768598645674,0.4921194911003113,1171900
2022-07-27,0.4965530037879944,0.500986508503388,0.4876859943572071,0.4921194990726008,6398500
2022-07-28,0.5054199695587158,0.5098534738911268,0.4965529608938939,0.4965529608938939,2600400
2022-07-29,0.5054199695587158,0.5098534738911268,0.5009864652263049,0.5009864652263049,2536400
2022-08-01,0.4965530037879944,0.5054200132187817,0.4965530037879944,0.500986508503388,2537700
2022-08-02,0.4965530037879944,0.500986508503388,0.4921194990726008,0.500986508503388,964100
2022-08-03,0.48768600821495056,0.49655301789769657,0.48325250337357756,0.49655301789769657,4240700
2022-08-04,0.4965530037879944,0.4965530037879944,0.4876859943572071,0.4921194990726008,1816400
2022-08-05,0.4921194911003113,0.49655299574388256,0.4921194911003113,0.4921194911003113,919500
2022-08-08,0.4965530037879944,0.500986508503388,0.4921194990726008,0.4921194990726008,1579800
2022-08-09,0.4921194911003113,0.5009865003874538,0.48768598645674,0.49655299574388256,3800100
2022-08-10,0.4921194911003113,0.4921194911003113,0.48768598645674,0.48768598645674,2450500
2022-08-11,0.5009865164756775,0.5009865164756775,0.4876860021178431,0.49211950690378786,2964100
2022-08-12,0.5009865164756775,0.5054200212616223,0.4965530116897327,0.5009865164756775,6011100
2022-08-15,0.5009865164756775,0.5054200212616223,0.5009865164756775,0.5009865164756775,2703200
2022-08-16,0.4921194911003113,0.5054200050310251,0.48768598645674,0.5009865003874538,9110500
2022-08-17,0.4965530037879944,0.500986508503388,0.4876859943572071,0.4921194990726008,3406300
2022-08-18,0.4921194911003113,0.5009865003874538,0.4921194911003113,0.49655299574388256,1548700
2022-08-19,0.5009865164756775,0.5009865164756775,0.49211950690378786,0.49211950690378786,979100
2022-08-22,0.4921194911003113,0.5009865003874538,0.4921194911003113,0.49655299574388256,1177200
2022-08-23,0.5009865164756775,0.5054200212616223,0.49211950690378786,0.49211950690378786,3520000
2022-08-24,0.5009865164756775,0.5054200212616223,0.4965530116897327,0.5009865164756775,921200
2022-08-25,0.5054199695587158,0.5098534738911268,0.5009864652263049,0.5009864652263049,4278300
2022-08-26,0.5142870545387268,0.5231540645193267,0.5098535495484269,0.5098535495484269,8441600
2022-08-29,0.5142870545387268,0.5187205595290267,0.505420044558127,0.5142870545387268,5457900
2022-08-30,0.5231540203094482,0.5275875777766325,0.5142870110781677,0.5142870110781677,6759400
2022-09-01,0.5187205076217651,0.5275875695666054,0.5142870030751167,0.5187205076217651,1948600
2022-09-02,0.5187205076217651,0.5275875695666054,0.5142870030751167,0.5187205076217651,3585000
2022-09-05,0.5142870545387268,0.5231540645193267,0.5142870545387268,0.5231540645193267,4681000
2022-09-06,0.5098535418510437,0.5187205516977762,0.5098535418510437,0.51428704677441,6154100
2022-09-07,0.5098535418510437,0.51428704677441,0.5054200369276775,0.5098535418510437,7223500
2022-09-08,0.5142870545387268,0.5142870545387268,0.505420044558127,0.5098535495484269,2972000
2022-09-09,0.5187205076217651,0.5275875695666054,0.5098534985284681,0.5142870030751167,3162300
2022-09-12,0.5187205076217651,0.5231540121684136,0.5187205076217651,0.5187205076217651,1245500
2022-09-13,0.5187205076217651,0.5231540121684136,0.5142870030751167,0.5231540121684136,1862400
2022-09-14,0.5142870545387268,0.5187205595290267,0.5098535495484269,0.5142870545387268,2712400
2022-09-15,0.5098535418510437,0.5187205516977762,0.5098535418510437,0.51428704677441,2261700
2022-09-19,0.5098535418510437,0.5187205516977762,0.5054200369276775,0.5098535418510437,2746900
2022-09-20,0.5098535418510437,0.51428704677441,0.5098535418510437,0.5098535418510437,1118600
2022-09-21,0.5054199695587158,0.5142869782235377,0.5009864652263049,0.5098534738911268,4607900
2022-09-22,0.5054199695587158,0.5098534738911268,0.5009864652263049,0.5054199695587158,2219200
2022-09-23,0.5009865164756775,0.5054200212616223,0.5009865164756775,0.5054200212616223,2583600
2022-09-26,0.4965530037879944,0.5054200132187817,0.4876859943572071,0.500986508503388,8462800
2022-09-27,0.5054199695587158,0.5054199695587158,0.4921194565614829,0.4921194565614829,6506400
2022-09-28,0.5009865164756775,0.5009865164756775,0.49211950690378786,0.5009865164756775,6710800
2022-09-29,0.4965530037879944,0.500986508503388,0.4876859943572071,0.500986508503388,9059200
2022-09-30,0.5142870545387268,0.5142870545387268,0.4876860245969273,0.4921195295872272,17495600
2022-10-03,0.5009865164756775,0.5098535260475671,0.4965530116897327,0.5054200212616223,4984400
2022-10-04,0.5009865164756775,0.5098535260475671,0.4965530116897327,0.4965530116897327,3309100
2022-10-05,0.4965530037879944,0.5054200132187817,0.4965530037879944,0.5054200132187817,3524300
2022-10-06,0.5009865164756775,0.5054200212616223,0.4965530116897327,0.5009865164756775,3882200
2022-10-07,0.5009865164756775,0.5054200212616223,0.4965530116897327,0.5054200212616223,3740700
2022-10-11,0.4921194911003113,0.5009865003874538,0.4921194911003113,0.49655299574388256,4431700
2022-10-12,0.4965530037879944,0.500986508503388,0.4921194990726008,0.4965530037879944,3116700
2022-10-13,0.5009865164756775,0.5009865164756775,0.4965530116897327,0.4965530116897327,1943000
2022-10-14,0.4921194911003113,0.5009865003874538,0.4921194911003113,0.5009865003874538,5473900
2022-10-17,0.48768600821495056,0.49655301789769657,0.48768600821495056,0.49655301789769657,4818400
2022-10-18,0.4921194911003113,0.49655299574388256,0.48768598645674,0.4921194911003113,6848400
2022-10-19,0.4965530037879944,0.500986508503388,0.4921194990726008,0.4965530037879944,2506000
2022-10-20,0.5142870545387268,0.5142870545387268,0.4965530345775271,0.4965530345775271,21552800
2022-10-21,0.5054199695587158,0.5098534738911268,0.5009864652263049,0.5054199695587158,2127300
2022-10-25,0.5009865164756775,0.5098535260475671,0.5009865164756775,0.5054200212616223,2146500
2022-10-26,0.5054199695587158,0.5142869782235377,0.5009864652263049,0.5054199695587158,4918700
2022-10-27,0.5098535418510437,0.51428704677441,0.5054200369276775,0.5054200369276775,6134000
2022-10-28,0.5054199695587158,0.5098534738911268,0.5054199695587158,0.5098534738911268,4420800
2022-10-31,0.5009865164756775,0.5142870308335119,0.5009865164756775,0.5098535260475671,5791600
2022-11-01,0.5009865164756775,0.5054200212616223,0.4965530116897327,0.5009865164756775,6607900
2022-11-02,0.5009865164756775,0.5098535260475671,0.5009865164756775,0.5054200212616223,2120600
2022-11-03,0.5009865164756775,0.5054200212616223,0.5009865164756775,0.5009865164756775,2156400
2022-11-04,0.5054199695587158,0.5054199695587158,0.5009864652263049,0.5009864652263049,2202900
2022-11-07,0.5054199695587158,0.5098534738911268,0.5009864652263049,0.5054199695587158,3125500
2022-11-08,0.5098535418510437,0.5098535418510437,0.5054200369276775,0.5054200369276775,1542500
2022-11-09,0.5098535418510437,0.5187205516977762,0.5054200369276775,0.5098535418510437,7875300
2022-11-10,0.5051760077476501,0.5145311097087686,0.5051760077476501,0.5098535587282094,4453600
2022-11-11,0.5098535418510437,0.5145310926767667,0.5051759910253207,0.5145310926767667,2248700
2022-11-14,0.514531135559082,0.5192086867746438,0.5098535843435201,0.5098535843435201,1682400
2022-11-15,0.5051760077476501,0.5145311097087686,0.5004984567670909,0.5145311097087686,6477200
2022-11-16,0.5051760077476501,0.5098535587282094,0.49582085002572557,0.5051760077476501,4141300
2022-11-17,0.5051760077476501,0.5051760077476501,0.5004984567670909,0.5051760077476501,1190400
2022-11-21,0.5051760077476501,0.5051760077476501,0.49582085002572557,0.5004984567670909,1570100
2022-11-22,0.5051760077476501,0.5051760077476501,0.5004984567670909,0.5051760077476501,1910700
2022-11-23,0.5051760077476501,0.5051760077476501,0.5004984567670909,0.5051760077476501,2163500
2022-11-24,0.514531135559082,0.5192086867746438,0.5051760331279583,0.5051760331279583,4525400
2022-11-25,0.5192086100578308,0.5238861605822508,0.5145310595334107,0.5192086100578308,3325400
2022-11-29,0.5285637378692627,0.5332412886305196,0.5145310855854919,0.5145310855854919,5038300
2022-11-30,0.5379188060760498,0.542596356547605,0.5285637051329394,0.5285637051329394,6622200
2022-12-01,0.5472739338874817,0.5472739338874817,0.5379188324850841,0.5425963831862829,3544400
2022-12-02,0.5472739338874817,0.5519514845886805,0.5425963831862829,0.5472739338874817,2293900
2022-12-05,0.5379188060760498,0.5519514574907154,0.5379188060760498,0.5472739070191602,1892900
2022-12-06,0.5285637378692627,0.5425963901530334,0.5285637378692627,0.5425963901530334,1520300
2022-12-07,0.5425963997840881,0.5425963997840881,0.5285637472512387,0.5285637472512387,3272100
2022-12-08,0.5332412719726562,0.5425963732029272,0.5332412719726562,0.5425963732029272,1313200
2022-12-09,0.5379188060760498,0.542596356547605,0.5332412556044945,0.5379188060760498,1756700
2022-12-12,0.5425963997840881,0.5472739506283714,0.537918848939805,0.5425963997840881,1199100
2022-12-13,0.5472739338874817,0.5472739338874817,0.5425963831862829,0.5425963831862829,1473200
2022-12-14,0.5425963997840881,0.5472739506283714,0.5425963997840881,0.5425963997840881,1444500
2022-12-15,0.5472739338874817,0.5519514845886805,0.5425963831862829,0.5425963831862829,2907900
2022-12-16,0.5425963997840881,0.5425963997840881,0.5332412980955218,0.5425963997840881,2424300
2022-12-19,0.5425963997840881,0.5472739506283714,0.5332412980955218,0.5425963997840881,4930700
2022-12-20,0.5379188060760498,0.542596356547605,0.5332412556044945,0.542596356547605,1441700
2022-12-21,0.5379188060760498,0.5472739070191602,0.5332412556044945,0.5332412556044945,4081200
2022-12-22,0.5332412719726562,0.5425963732029272,0.5332412719726562,0.5425963732029272,1942300
2022-12-23,0.5379188060760498,0.5379188060760498,0.5285637051329394,0.5332412556044945,1357000
2022-12-27,0.5425963997840881,0.5425963997840881,0.5285637472512387,0.537918848939805,4129300
2022-12-28,0.5425963997840881,0.5425963997840881,0.537918848939805,0.5425963997840881,2607200
2022-12-29,0.5425963997840881,0.5472739506283714,0.537918848939805,0.5425963997840881,3862000
2022-12-30,0.5425963997840881,0.5472739506283714,0.5425963997840881,0.5472739506283714,4368200
2023-01-03,0.5379188060760498,0.542596356547605,0.5332412556044945,0.542596356547605,1152100
2023-01-04,0.5379188060760498,0.542596356547605,0.5332412556044945,0.542596356547605,4228100
2023-01-05,0.5285637378692627,0.5472739409142904,0.5238861871080057,0.5379188393917765,9498700
2023-01-06,0.5238861441612244,0.5332412449168321,0.5192085937834205,0.5285636945390283,7157300
2023-01-09,0.5238861441612244,0.5285636945390283,0.5192085937834205,0.5285636945390283,3748500
2023-01-10,0.514531135559082,0.5238862379902056,0.514531135559082,0.5238862379902056,5561700
2023-01-11,0.514531135559082,0.5238862379902056,0.5098535843435201,0.5192086867746438,10332800
2023-01-12,0.5238861441612244,0.5238861441612244,0.5145310434056166,0.5145310434056166,2420000
2023-01-13,0.5285637378692627,0.5285637378692627,0.5192086363467489,0.5238861871080057,1256300
2023-01-16,0.5238861441612244,0.5285636945390283,0.5192085937834205,0.5285636945390283,1446000
2023-01-17,0.5285637378692627,0.5285637378692627,0.5192086363467489,0.5238861871080057,997800
2023-01-18,0.5238861441612244,0.5285636945390283,0.5192085937834205,0.5238861441612244,1296000
2023-01-19,0.5192086100578308,0.5238861605822508,0.5192086100578308,0.5238861605822508,1830300
2023-01-20,0.5238861441612244,0.5285636945390283,0.5192085937834205,0.5238861441612244,1305000
2023-01-25,0.5332412719726562,0.5332412719726562,0.5238861707423854,0.5238861707423854,2855600
2023-01-26,0.5285637378692627,0.5332412886305196,0.5285637378692627,0.5332412886305196,2848900
2023-01-27,0.5332412719726562,0.5332412719726562,0.5285637213575208,0.5285637213575208,1782800
2023-01-30,0.5238861441612244,0.537918795294636,0.5238861441612244,0.5332412449168321,7304200
2023-01-31,0.5285637378692627,0.5379188393917765,0.5238861871080057,0.5238861871080057,5516900
2023-02-02,0.5379188060760498,0.542596356547605,0.5285637051329394,0.5332412556044945,4822200
2023-02-03,0.5332412719726562,0.5425963732029272,0.5332412719726562,0.5425963732029272,2228600
2023-02-07,0.5379188060760498,0.5379188060760498,0.5285637051329394,0.5379188060760498,2747400
2023-02-08,0.5332412719726562,0.5379188225877917,0.5285637213575208,0.5379188225877917,1865400
2023-02-09,0.5285637378692627,0.5332412886305196,0.5238861871080057,0.5332412886305196,3086600
2023-02-10,0.5285637378692627,0.5332412886305196,0.5238861871080057,0.5285637378692627,2909600
2023-02-13,0.5332412719726562,0.5332412719726562,0.5238861707423854,0.5285637213575208,1938000
2023-02-14,0.5285637378692627,0.5332412886305196,0.5285637378692627,0.5285637378692627,1759300
2023-02-15,0.5238861441612244,0.5332412449168321,0.5238861441612244,0.5285636945390283,1984800
2023-02-16,0.5238861441612244,0.5332412449168321,0.5238861441612244,0.5285636945390283,3588400
2023-02-17,0.5285637378692627,0.5332412886305196,0.5238861871080057,0.5238861871080057,1490300
2023-02-20,0.5285637378692627,0.5332412886305196,0.5238861871080057,0.5285637378692627,1975000
2023-02-21,0.5285637378692627,0.5285637378692627,0.5238861871080057,0.5285637378692627,1058800
2023-02-22,0.5238861441612244,0.5285636945390283,0.5192085937834205,0.5238861441612244,3034400
2023-02-23,0.5192086100578308,0.5285637111066709,0.5192086100578308,0.5238861605822508,2117600
2023-02-24,0.5238861441612244,0.5332412449168321,0.5238861441612244,0.5285636945390283,4642800
2023-02-27,0.5238861441612244,0.5332412449168321,0.5238861441612244,0.5285636945390283,4697700
2023-02-28,0.5285637378692627,0.5425963901530334,0.5192086363467489,0.5238861871080057,23009300
2023-03-01,0.5238861441612244,0.5285636945390283,0.5192085937834205,0.5285636945390283,15409100
2023-03-02,0.5238861441612244,0.537918795294636,0.5192085937834205,0.5238861441612244,24416100
2023-03-03,0.5192086100578308,0.5285637111066709,0.5145310595334107,0.5238861605822508,14489200
2023-03-06,0.514531135559082,0.5238862379902056,0.514531135559082,0.5238862379902056,5205200
2023-03-07,0.5238861441612244,0.5238861441612244,0.5145310434056166,0.5192085937834205,3664200
2023-03-08,0.5332412719726562,0.5332412719726562,0.51920862012725,0.51920862012725,3639400
2023-03-09,0.5425963997840881,0.5519515014726545,0.5285637472512387,0.5285637472512387,28730000
2023-03-10,0.5332412719726562,0.5472739238180626,0.5285637213575208,0.5425963732029272,9346800
2023-03-13,0.5285637378692627,0.5379188393917765,0.5238861871080057,0.5379188393917765,5385400
2023-03-14,0.5192086100578308,0.5285637111066709,0.5192086100578308,0.5285637111066709,3991600
2023-03-15,0.5238861441612244,0.5285636945390283,0.5192085937834205,0.5192085937834205,4415600
2023-03-16,0.5192086100578308,0.5238861605822508,0.5192086100578308,0.5238861605822508,2122800
2023-03-17,0.5285637378692627,0.5332412886305196,0.5192086363467489,0.5238861871080057,3863000
2023-03-20,0.5238861441612244,0.5332412449168321,0.5192085937834205,0.5285636945390283,4549200
2023-03-21,0.5192086100578308,0.5285637111066709,0.5192086100578308,0.5238861605822508,3290800
2023-03-22,0.5285637378692627,0.5285637378692627,0.5192086363467489,0.5238861871080057,6126200
2023-03-23,0.5379188060760498,0.5379188060760498,0.5238861546613841,0.5285637051329394,7315100
2023-03-24,0.5379188060760498,0.5379188060760498,0.5332412556044945,0.5379188060760498,2400200
2023-03-27,0.5332412719726562,0.5425963732029272,0.5332412719726562,0.5379188225877917,4329300
2023-03-28,0.5379188060760498,0.542596356547605,0.5332412556044945,0.5332412556044945,1441300
2023-03-29,0.5425963997840881,0.5425963997840881,0.537918848939805,0.537918848939805,3019100
2023-03-30,0.5613066554069519,0.5706617570369337,0.5425963963861841,0.547273947201175,28227800
2023-03-31,0.5753393173217773,0.5753393173217773,0.5613066646458328,0.5659842155378143,20331500
2023-04-03,0.5753393173217773,0.5940495208897034,0.5659842155378143,0.5753393173217773,17877600
2023-04-04,0.5753393173217773,0.5846944191057404,0.5659842155378143,0.5753393173217773,10031500
2023-04-05,0.5800168514251709,0.5846944021817607,0.5706617499119913,0.5800168514251709,7640900
2023-04-06,0.570661723613739,0.5800168246958002,0.570661723613739,0.5800168246958002,9772700
2023-04-07,0.5753393173217773,0.5800168682137589,0.5706617664297958,0.5706617664297958,10862000
2023-04-10,0.5753393173217773,0.5800168682137589,0.5706617664297958,0.5800168682137589,3056900
2023-04-11,0.5893719792366028,0.5893719792366028,0.5706617753753792,0.5753393263406851,14565100
2023-04-12,0.5893719792366028,0.5893719792366028,0.5753393263406851,0.5893719792366028,9923000
2023-04-13,0.5800168514251709,0.5893719529383505,0.5800168514251709,0.5893719529383505,7441900
2023-04-14,0.5893719792366028,0.5893719792366028,0.5753393263406851,0.5800168773059909,8834200
2023-04-17,0.6127597689628601,0.6174373759553851,0.5846944615725653,0.5893720128042812,52395500
2023-04-18,0.6174373030662537,0.6221148537457796,0.6034045952668733,0.6127596966259252,28342000
2023-04-19,0.6127597689628601,0.6267924784188166,0.6127597689628601,0.6174373759553851,18056800
2023-04-20,0.6127597689628601,0.6174373759553851,0.6080822177311443,0.6127597689628601,20360600
2023-04-25,0.640825092792511,0.6455026437372092,0.6127597313635164,0.6127597313635164,27766500
2023-04-26,0.6174373030662537,0.6455026071434093,0.6127596966259252,0.6455026071434093,23317000
2023-04-27,0.6267924308776855,0.6314699817546171,0.6174373291238224,0.6174373291238224,13425100
2023-04-28,0.6174373030662537,0.6314699551048315,0.6127596966259252,0.6267924044253056,5757300
2023-05-02,0.622114896774292,0.622114896774292,0.6080821880043408,0.6174373457712438,6996500
2023-05-03,0.622114896774292,0.622114896774292,0.6174373457712438,0.6174373457712438,6491000
2023-05-05,0.6127597689628601,0.6221149271871008,0.6127597689628601,0.6221149271871008,8501500
2023-05-08,0.6267924308776855,0.6361475326315488,0.6174373291238224,0.6174373291238224,19416400
2023-05-09,0.6267924308776855,0.6267924308776855,0.6174373291238224,0.6267924308776855,3192700
2023-05-10,0.6314699649810791,0.6361475157337624,0.6174373127230293,0.6267924142283958,5788500
2023-05-11,0.622114896774292,0.6314699987803886,0.622114896774292,0.6314699987803886,5468900
2023-05-12,0.6267924308776855,0.6314699817546171,0.6174373291238224,0.6267924308776855,5049400
2023-05-15,0.622114896774292,0.6267924477773403,0.622114896774292,0.6267924477773403,3853000
2023-05-16,0.622114896774292,0.6267924477773403,0.6174373457712438,0.622114896774292,4610800
2023-05-17,0.7016332745552063,0.7063108252580435,0.6221148568461718,0.6221148568461718,130588000
2023-05-18,0.6922782063484192,0.7016333082027267,0.678245553566958,0.6922782063484192,36050600
2023-05-19,0.7250210642814636,0.743731323788122,0.6782455549168316,0.687600656789758,80047600
2023-05-22,0.7296985983848572,0.7390537558027794,0.7156659458991802,0.7250210475562981,34919400
2023-05-23,0.7296985983848572,0.7390537558027794,0.7156659458991802,0.7296985983848572,20640300
2023-05-24,0.7343761920928955,0.7624414965719701,0.7296985855855798,0.7296985855855798,45075900
2023-05-25,0.7296985983848572,0.7437313066313385,0.7250210475562981,0.7343762049742205,15488100
2023-05-26,0.7811517119407654,0.7905068693428906,0.7390537545548205,0.7484088561961415,117414700
2023-05-29,0.8419598937034607,0.8419598937034607,0.7858292304058432,0.7858292304058432,74983300
2023-05-30,0.8513150811195374,0.8840579366852096,0.8326048221783493,0.8419599237685413,73193300
2023-05-31,0.9074457287788391,0.9121232794829938,0.8326048059907598,0.8559926152723356,116462700
2023-06-01,0.8419598937034607,0.92147836590222,0.8372823430753927,0.9074457140180161,97812500
2023-06-02,0.8606701493263245,0.8700252505536538,0.8279272392698701,0.8372823404971994,35634800
2023-06-06,0.8419598937034607,0.8840579051168743,0.8326047924473248,0.8606701519765345,28547800
2023-06-07,0.8419598937034607,0.8513150507203986,0.8232496911911888,0.8372823430753927,29904700
2023-06-08,0.8606701493263245,0.8793803517809831,0.841959891110864,0.8466374417245287,39717500
2023-06-09,0.8700252771377563,0.8700252771377563,0.8466374675940038,0.8606701756245767,16287700
2023-06-12,0.8934130668640137,0.9027681687535627,0.8606702102505922,0.8653477611953667,43865400
2023-06-13,0.8934130668640137,0.9027681687535627,0.8700253121401412,0.8934130668640137,26166800
2023-06-14,0.8887354731559753,0.9121232825153028,0.8793803717165656,0.8934130238756803,26530400
2023-06-15,0.8653477430343628,0.8934130481140048,0.8513150904945418,0.8887354972673978,29510500
2023-06-16,0.9121233224868774,0.9121233224868774,0.8653477574792007,0.8653477574792007,59939700
2023-06-19,0.9027681350708008,0.9355110462233724,0.8934130335302957,0.9168008431423621,31532800
2023-06-20,0.8232496976852417,0.8934130134205335,0.8138945963553098,0.8887354627555675,106172300
2023-06-21,0.846637487411499,0.8513150940383823,0.8185721822150271,0.8185721822150271,23682900
2023-06-22,0.8606701493263245,0.8653476999399892,0.841959891110864,0.8466374417245287,12457200
2023-06-23,0.8653477430343628,0.8747028447275768,0.8559926413411488,0.8606701921877558,16971000
2023-06-26,0.8887354731559753,0.8887354731559753,0.860670168837746,0.8747028209968607,20035000
2023-06-27,0.8934130668640137,0.8934130668640137,0.8606702102505922,0.8887355159192392,17503900
2023-06-28,0.93551105260849,0.9542212558172025,0.8840579380237266,0.8887354888259047,69233200
2023-06-30,0.972931444644928,0.9916416475770833,0.9355110387806173,0.9355110387806173,44179300
2023-07-03,1.0103520154953003,1.0103520154953003,0.9635763941680959,0.9729314961292144,22742900
2023-07-04,1.0009969472885132,1.0197071518416714,0.9729315289371597,1.0103520495650924,19682800
2023-07-05,1.0009969472885132,1.0103520495650924,0.9822866312137389,1.0009969472885132,10310800
2023-07-06,0.9916417598724365,1.0103520764449891,0.9822866573469696,1.0009969739195224,11320200
2023-07-07,0.9916417598724365,0.9916417598724365,0.963576452296036,0.9916417598724365,12824500
2023-07-10,0.972931444644928,1.0009968605647672,0.9635763431788502,0.9822865461110056,7396100
2023-07-11,0.9916417598724365,1.0009969739195224,0.9729315548215028,0.9729315548215028,11260700
2023-07-12,1.0384172201156616,1.0477723211645016,0.9916416033498598,0.9916416033498598,32795900
2023-07-13,1.029062271118164,1.0477724759804112,1.0103520662559167,1.029062271118164,16155900
2023-07-14,1.0384172201156616,1.0571274222133418,1.0103519169691413,1.0290621190668214,17615100
2023-07-17,1.029062271118164,1.0384173735492876,1.000996963824793,1.029062271118164,20945500
2023-07-18,1.0384172201156616,1.0477723211645016,1.0290621190668214,1.0290621190668214,7017700
2023-07-20,1.0477722883224487,1.0571273890780566,1.0290620868112332,1.038417187566841,14231900
2023-07-21,1.0851927995681763,1.0851927995681763,1.0384172911253446,1.0384172911253446,26348300
2023-07-24,1.0571274757385254,1.0851927803060668,1.0384172726934977,1.0851927803060668,14685200
2023-07-25,1.0851927995681763,1.0945479012567427,1.0477723928139109,1.0571274945024773,15527000
2023-07-26,1.0945478677749634,1.103902969177361,1.0571274621653732,1.0758376649701682,22341300
2023-07-27,1.0571274757385254,1.0945478818285808,1.0477723742160114,1.0945478818285808,13267000
2023-07-28,1.0571274757385254,1.0664825772610391,1.0477723742160114,1.0571274757385254,9834900
2023-07-31,1.0945478677749634,1.103902969177361,1.0571274621653732,1.0664825635677708,17600100
2023-08-01,1.0758376121520996,1.1039029149814308,1.0758376121520996,1.0945478140383205,10384900
2023-08-02,1.1039029359817505,1.141323451987669,1.0758376326185133,1.0758376326185133,33735000
2023-08-03,1.131968379020691,1.131968379020691,1.103902963437814,1.103902963437814,25844200
2023-08-04,1.141323447227478,1.1506785483095392,1.1226132450633557,1.1319683461454169,8694000
2023-08-07,1.141323447227478,1.1693887504736615,1.1226132450633557,1.141323447227478,15836400
2023-08-08,1.169388771057129,1.169388771057129,1.1226132648234852,1.1413234673169428,15277800
2023-08-09,1.1787439584732056,1.1880990604038173,1.1319684488201465,1.1693888565425938,20893400
2023-08-10,1.1880990266799927,1.1880990266799927,1.1600337216847822,1.1787439250149225,7779400
2023-08-11,1.141323447227478,1.1880989526377839,1.1319683461454169,1.1880989526377839,30426800
2023-08-14,1.169388771057129,1.1787438723038577,1.1413234673169428,1.1506785685636716,17212200
2023-08-15,1.206809163093567,1.2161642642399044,1.1600336573618792,1.1693887585082168,20035600
2023-08-16,1.2255195379257202,1.2535849568376332,1.188099128071994,1.1974542305354254,39358500
2023-08-17,1.244229793548584,1.2629399975607771,1.225519478014778,1.225519478014778,19560000
2023-08-18,1.2629399299621582,1.2722950314675248,1.2255194124190854,1.244229726951425,20971800
2023-08-21,1.291005253791809,1.3377807620184075,1.26293994885585,1.26293994885585,43440700
2023-08-22,1.2722951173782349,1.3003604237894217,1.2629400152411725,1.2910053216523596,9103100
2023-08-23,1.2629399299621582,1.2910052344782579,1.2535848284567916,1.2722950314675248,13279300
2023-08-24,1.2722951173782349,1.2910053216523596,1.2442298109670478,1.2722951173782349,21248100
2023-08-25,1.3097155094146729,1.3190706114337938,1.2442297952808263,1.28165020335731,67241400
2023-08-28,1.3845564126968384,1.3845564126968384,1.3003603844864602,1.3097154863407676,42004400
2023-08-29,1.5342381000518799,1.5529483031039653,1.3845563641135912,1.3845563641135912,66917000
2023-08-30,1.468752384185791,1.5997239166097457,1.431331866692085,1.54359319612999,149933300
2023-09-01,1.4781075716018677,1.506172877712391,1.4500421539697312,1.4687524695650267,25693400
2023-09-04,1.4032665491104126,1.5061727760944355,1.4032665491104126,1.4781074718774125,39380100
2023-09-05,1.3658461570739746,1.4313318675650901,1.347135954076513,1.4032665630688976,48496200
2023-09-06,1.4219766855239868,1.4219766855239868,1.356490978742056,1.356490978742056,31804000
2023-09-07,1.3845564126968384,1.4406870238226834,1.375201310842531,1.4313319219683758,28671500
2023-09-08,1.4313318729400635,1.478107492130977,1.3845563652707569,1.3845563652707569,39728400
2023-09-11,1.3845564126968384,1.4500421256769909,1.3658462089882235,1.4406870238226834,20173900
2023-09-12,1.3377808332443237,1.3939115576263534,1.309715526814116,1.384556455482951,48481600
2023-09-13,1.3752012252807617,1.3752012252807617,1.3097154048533715,1.337780708670137,27544200
2023-09-14,1.4313318729400635,1.4406869744739248,1.3658461622030342,1.3845563652707569,36338500
2023-09-15,1.4593971967697144,1.496817714919795,1.4032665868270062,1.4500420951125963,53556000
2023-09-18,1.4500421285629272,1.4781075457033177,1.4313319248170744,1.4500421285629272,17525100
2023-09-19,1.4593971967697144,1.496817714919795,1.4500420951125963,1.4593971967697144,23288700
2023-09-20,1.4406869411468506,1.4781074579382627,1.4313318398293986,1.4593971437817543,18458400
2023-09-21,1.4219766855239868,1.4500419884305285,1.393911382617445,1.431331786492834,20055800
2023-09-22,1.4219766855239868,1.4406868874616812,1.4032664835862922,1.4032664835862922,15820600
2023-09-25,1.4406869411468506,1.4593971437817543,1.4126216371944946,1.4219767385119466,15574500
2023-09-26,1.4219766855239868,1.4593970893993757,1.4126215845551395,1.4406868874616812,14378400
2023-09-27,1.4032665491104126,1.4219767519217612,1.3658461434877154,1.412621650516087,14557200
2023-09-29,1.4219766855239868,1.4219766855239868,1.3471358777732088,1.4032664835862922,25336000
2023-10-02,1.393911361694336,1.4126215633511836,1.3752011600374883,1.4126215633511836,10327600
2023-10-03,1.3658461570739746,1.4032665630688976,1.347135954076513,1.3939114615701669,28616300
2023-10-04,1.3377808332443237,1.3564911490527434,1.3003604246707137,1.3471360469093407,43074700
2023-10-05,1.3097155094146729,1.3658462330510115,1.3097155094146729,1.3377808154720356,31269200
2023-10-06,1.3190706968307495,1.3471361162266873,1.3003604915812044,1.3097155942059768,37072400
2023-10-09,1.3377808332443237,1.3564911490527434,1.309715526814116,1.309715526814116,45652700
2023-10-10,1.393911361694336,1.393911361694336,1.3377806452021943,1.3377806452021943,45215600
2023-10-11,1.393911361694336,1.4032664625227598,1.3752011600374883,1.393911361694336,28772400
2023-10-12,1.393911361694336,1.4219766641796074,1.384556260865912,1.384556260865912,29565800
2023-10-13,1.3752012252807617,1.4032665290975275,1.3752012252807617,1.3939114278252722,11015800
2023-10-16,1.3658461570739746,1.3752012585727054,1.347135954076513,1.3658461570739746,12167400
2023-10-17,1.356490969657898,1.384556272376492,1.3471358687517,1.3752011714702939,11340400
2023-10-18,1.2629399299621582,1.3564910565374304,1.2629399299621582,1.3564910565374304,58362600
2023-10-19,1.281650185585022,1.3003603893638147,1.2348746761380405,1.253584879916833,19413800
2023-10-20,1.253584861755371,1.2910052687708238,1.244229760001508,1.2816501670169607,20575200
2023-10-23,1.1787439584732056,1.2535848854397118,1.1600337546119819,1.2442297835091,48649600
2023-10-24,1.2255195379257202,1.2255195379257202,1.1787440256085624,1.1787440256085624,39168800
2023-10-25,1.244229793548584,1.2722950995668738,1.225519478014778,1.225519478014778,33526500
2023-10-26,1.3097155094146729,1.3284257134529147,1.2348746932617054,1.2442297952808263,28767400
2023-10-27,1.3190706968307495,1.3377809020802944,1.291005388956432,1.3097155942059768,24108900
2023-10-30,1.3003603219985962,1.328425626212861,1.2816501191890863,1.328425626212861,13796600
2023-10-31,1.3658461570739746,1.3752012585727054,1.3097154365599832,1.3097154365599832,26570700
2023-11-01,1.3845564126968384,1.4032666164054535,1.356491107133916,1.3658462089882235,18359400
2023-11-02,1.4406869411468506,1.4874625592557147,1.3752012319246871,1.384556333242139,48651800
2023-11-03,1.4406869411468506,1.4687523566208107,1.4219767385119466,1.4500420424643023,25058400
2023-11-06,1.4500421285629272,1.4781075457033177,1.4313319248170744,1.4500421285629272,26478400
2023-11-07,1.4500421285629272,1.4687524438303912,1.4313319248170744,1.4500421285629272,18850100
2023-11-08,1.4406869411468506,1.4593971437817543,1.4126216371944946,1.4500420424643023,16726400
2023-11-09,1.4695007801055908,1.479105351387678,1.431082494977242,1.4502916375414163,21139500
2023-11-10,1.4695007801055908,1.488709922669765,1.4406870662593292,1.4695007801055908,12354600
2023-11-14,1.4695007801055908,1.4983144939518522,1.4598962088235037,1.4695007801055908,20366800
2023-11-15,1.4983144998550415,1.5175237569904192,1.4695007858952573,1.4695007858952573,23411000
2023-11-16,1.5175237655639648,1.5367329083123469,1.4983145083200606,1.5079191941897738,22488900
2023-11-17,1.5271282196044922,1.5559419315132248,1.5175236489682482,1.5271282196044922,22203000
2023-11-20,1.5079190731048584,1.5559419261196097,1.4983143880063952,1.5463373555166595,17209300
2023-11-21,1.4695007801055908,1.5175237510115478,1.4502916375414163,1.5079191797294607,21904800
2023-11-22,1.4695007801055908,1.479105351387678,1.4502916375414163,1.4695007801055908,14866600
2023-11-23,1.4406870603561401,1.4791053453270706,1.4310824891134075,1.4598962028416054,18716300
2023-11-24,1.450291633605957,1.5079191756376251,1.4406870623499324,1.4791053473740305,43477900
2023-11-27,1.4791052341461182,1.5079190602039674,1.4502915225837811,1.4502915225837811,21183300
2023-11-28,1.4887099266052246,1.4887099266052246,1.4502916413753157,1.4791053552977473,17708000
2023-11-29,1.4983144998550415,1.5559420422701316,1.4887099285351135,1.4887099285351135,32357200
2023-11-30,1.4887099266052246,1.527128326330655,1.4502916413753157,1.5079191837157004,32201100
2023-12-01,1.4310823678970337,1.5079190458261502,1.4310823678970337,1.4983143609014387,22876300
2023-12-04,1.4310823678970337,1.450291508755435,1.392664086180231,1.4310823678970337,17263400
2023-12-05,1.4695007801055908,1.479105351387678,1.421477923695155,1.421477923695155,20986400
2023-12-06,1.4791052341461182,1.4983143751876764,1.4502915225837811,1.4695006636253392,18108500
2023-12-07,1.4791052341461182,1.4983143751876764,1.4598960931045601,1.4887098046668972,12185800
2023-12-08,1.6231740713119507,1.6231740713119507,1.4695007092203531,1.4791052800391384,85063500
2023-12-11,1.7960565090179443,1.8056610800959398,1.613569429544992,1.6519878283524927,107851200
2023-12-12,1.7576382160186768,1.8440793552933934,1.7384289594621105,1.7960565001407731,77100900
2023-12-13,1.7864519357681274,1.824870220033404,1.7192198238083753,1.7384289659410135,46191800
2023-12-14,1.834474802017212,1.8440793731406906,1.7864519463998187,1.8056610886467759,50854500
2023-12-15,1.834474802017212,1.863288629883167,1.7960565175232972,1.834474802017212,56157800
2023-12-18,1.7864519357681274,1.882497760926837,1.7864519357681274,1.834474791099723,40313400
2023-12-19,1.8536839485168457,1.8728932053033915,1.786451950498253,1.7960565216437663,40442900
2023-12-20,1.8440793752670288,1.872893203166208,1.824870232997922,1.853683946401582,21965700
2023-12-21,1.834474802017212,1.8728932010066457,1.8248702308937332,1.834474802017212,23537000
2023-12-22,1.824870228767395,1.8632886277120637,1.8056610865428202,1.8440793709919698,17462600
2023-12-26,1.8056610822677612,1.8440793666259523,1.7864519400886658,1.8344747955364047,20769300
2023-12-27,1.8152656555175781,1.8440793688205113,1.8056610844166003,1.8056610844166003,16576500
2023-12-28,1.8152656555175781,1.8344747977195335,1.7960565133156225,1.8248702266185557,16947900
2023-12-29,1.8152656555175781,1.8440793688205113,1.8056610844166003,1.8248702266185557,21679200
2024-01-02,1.8440793752670288,1.8632886320316546,1.7960565195942622,1.8056610907288153,19627600
2024-01-03,1.9305206537246704,1.9497297962301066,1.8344748267019686,1.8440793979546866,61617400
2024-01-04,1.9689390659332275,2.016961925299198,1.9113116346940633,1.9305207784404514,71426100
2024-01-05,2.1322169303894043,2.1418215018735034,1.9689389861686741,1.9689389861686741,65131200
2024-01-08,2.1610305309295654,2.2282625277743286,2.1226122470182722,2.1322168179960954,58589400
2024-01-09,2.170635223388672,2.285890310563927,2.14182150884262,2.1802397949040224,64040300
2024-01-10,2.151425838470459,2.180239549776949,2.1130075567284723,2.180239549776949,32622300
2024-01-11,2.151425838470459,2.2090532610834392,2.122612127163969,2.151425838470459,28080800
2024-01-12,2.266680955886841,2.2762855274756855,2.1322169536430122,2.151426096820702,53065800
2024-01-15,2.3050992488861084,2.324308390210907,2.2474715959206852,2.28589010756131,42318100
2024-01-16,2.199448823928833,2.324308476147483,2.1418213978237803,2.3050993341124655,54271500
2024-01-17,2.2282626628875732,2.2282626628875732,2.161030661966121,2.1994489482069506,36657300
2024-01-18,2.0457756519317627,2.2282624980784154,2.0073571395414356,2.2282624980784154,80620700
2024-01-19,2.0937983989715576,2.103402969329596,2.0265661774742685,2.0649846878974425,37781100
2024-01-22,2.199448823928833,2.2282625369813593,2.1034031137537452,2.113007684771254,39926800
2024-01-23,2.2282626628875732,2.266680949128403,2.1706352335263284,2.209053519767158,33479700
2024-01-24,2.276285409927368,2.32430849438271,2.237867125555925,2.237867125555925,51217900
2024-01-26,2.3531219959259033,2.3723311363831745,2.285890004325454,2.2954945745540893,45088600
2024-01-29,2.2858901023864746,2.381935808793038,2.237867020192166,2.372331238152382,42485700
2024-01-30,2.295494794845581,2.401145077499502,2.2666808524034727,2.3435176505973634,51227300
2024-01-31,2.247471570968628,2.2954946527384865,2.2282624298570948,2.2954946527384865,36726000
2024-02-02,2.151425838470459,2.295494623993932,2.1130075567284723,2.257076113260923,47580000
2024-02-05,2.0937983989715576,2.1802395321939034,2.036170747832307,2.1610303914778264,41123000
2024-02-06,2.103403091430664,2.122612233261818,2.045775665937202,2.064984807768356,35679200
2024-02-07,2.151425838470459,2.1706349793414526,2.055380134115492,2.0937984158574787,36088200
2024-02-08,2.2090535163879395,2.237867231024485,2.1322169440238175,2.151426087114848,28816300
2024-02-09,2.2282626628875732,2.247471806007988,2.161030661966121,2.1994489482069506,17039300
2024-02-13,2.199448823928833,2.285890192077448,2.1898442529113242,2.247471679016377,31560000
2024-02-14,2.199448823928833,2.2186579659638506,2.1706351108763067,2.199448823928833,18527400
2024-02-15,2.2090535163879395,2.2474718025700002,2.1802398017513935,2.2090535163879395,25590200
2024-02-16,2.0937983989715576,2.2282623839840956,2.0937983989715576,2.218657813626057,36830000
2024-02-19,2.103403091430664,2.132216804177395,2.036170866030592,2.113007662346241,33889700
2024-02-20,2.1610305309295654,2.1706351019073886,2.0841939631069786,2.1034031050626254,28434600
2024-02-21,2.1322169303894043,2.1802397878098994,2.122612358905305,2.1706352163258003,36690400
2024-02-22,2.0649847984313965,2.1514259362807406,2.0553802275592474,2.141821365408591,34867600
2024-02-23,2.372331380844116,2.3819359520624714,2.113007728957488,2.1514260138309083,105068600
2024-02-26,2.4011449813842773,2.4875861182773407,2.3531221275547978,2.3723312690865894,65468400
2024-02-27,2.6028411388397217,2.6220502799462784,2.4011449282298503,2.4107494987831286,81910700
2024-02-28,2.535609245300293,2.6412595255669147,2.5163998744426004,2.6220503837002562,54459600
2024-02-29,2.564423084259033,2.5740276556648665,2.420354284180486,2.5452139414473662,383975900
2024-03-01,2.4971907138824463,2.641259505794947,2.477981572159584,2.641259505794947,74236100
2024-03-04,2.564423084259033,2.5932367984765334,2.506795426832987,2.506795426832987,29901100
2024-03-05,2.516400098800659,2.593236902108969,2.4971909552213454,2.574027758529655,47297700
2024-03-06,2.4779815673828125,2.5260046505884275,2.4491678548540627,2.5067952799115627,39113600
2024-03-07,2.487586259841919,2.5356093453953457,2.4491679745920116,2.477981688529442,28365900
2024-03-08,2.4011449813842773,2.516399830575028,2.32430841525711,2.4971906890432365,54073700
2024-03-11,2.410749673843384,2.4395633875955705,2.362726817589739,2.3915405313419256,28122400
2024-03-12,2.410749673843384,2.4395633875955705,2.3819359600911967,2.4203542450941127,24478400
2024-03-13,2.410749673843384,2.4491679588462993,2.401145102592655,2.410749673843384,26939300
2024-03-14,2.4203543663024902,2.449168081497633,2.391540651107348,2.4107497945707763,18865100
2024-03-15,2.5067951679229736,2.526004537741679,2.3723311821291855,2.420354034198396,43306100
2024-03-18,2.6412596702575684,2.698887099014428,2.4875862979148966,2.5164000122933263,64090200
2024-03-19,2.612445831298828,2.6988869703119787,2.5836321182944446,2.660468686306134,49159900
2024-03-20,2.5932366847991943,2.6892823946472615,2.5644229718447744,2.631654968738421,27683100
2024-03-21,2.6028411388397217,2.641259421052835,2.564422856626608,2.6220502799462784,22882800
2024-03-22,2.6028411388397217,2.650863991606114,2.583631997733165,2.612445709393,18322400
2024-03-25,2.5452136993408203,2.6124456927863937,2.526004558356371,2.602841122294169,19046400
2024-03-26,2.4779815673828125,2.5740275048030106,2.468376996539896,2.545213792274261,20816700
2024-03-27,2.5067951679229736,2.545213678569363,2.4587723158537638,2.4779814566814475,28001300
2024-03-29,2.5260047912597656,2.55481850539313,2.4875862767575687,2.506795419513145,9682400
2024-04-01,2.5548183917999268,2.5740275337014196,2.5163998790059066,2.535609249898434,11877500
2024-04-02,2.516400098800659,2.6220506174779397,2.516400098800659,2.5644231867399983,32761600
2024-04-03,2.516400098800659,2.5356094713710275,2.5067955270110023,2.516400098800659,11945900
2024-04-04,2.5548183917999268,2.564422962750673,2.5067953080551604,2.5163998790059066,21336400
2024-04-05,2.5067951679229736,2.545213678569363,2.4971905975091313,2.545213678569363,19411800
2024-04-08,2.5452136993408203,2.5836319813097197,2.506795188380898,2.516399758873123,9453100
2024-04-09,2.5260047912597656,2.6028413622820707,2.516399990890933,2.545213934015342,17692300
2024-04-12,2.4971907138824463,2.545213797180635,2.44916785957529,2.526004655457772,29430300
2024-04-15,2.4971907138824463,2.5163998556053087,2.4395632887138587,2.477981572159584,22182000
2024-04-16,2.3819358348846436,2.477981542343287,2.3531221226470507,2.4683769715974226,42514500
2024-04-17,2.4011449813842773,2.420354122916069,2.3723312690865894,2.3819358398524852,15257800
2024-04-18,2.4587724208831787,2.4683769917072915,2.3819358542902767,2.3915404251143895,23155500
2024-04-19,2.4971907138824463,2.5067952847438777,2.4203541469909964,2.4395632887138587,24799700
2024-04-22,2.564423084259033,2.5740276556648665,2.45877256980382,2.48758628402132,23027400
2024-04-23,2.5740275382995605,2.5740275382995605,2.5452138253958494,2.564422967331657,18193400
2024-04-24,2.6028411388397217,2.6220502799462784,2.5548182860733295,2.5548182860733295,17045100
2024-04-25,2.660468578338623,2.6892822901736846,2.5932365840568132,2.6028411546685004,36616400
2024-04-26,2.9101877212524414,2.929396862990792,2.6604686496628567,2.6700732205320317,59574000
2024-04-29,3.0734658241271973,3.0830703955248335,2.9101878813763356,2.9390015955692443,62897000
2024-04-30,2.977419853210449,3.1406977944286045,2.9390015679805406,3.0926749378912186,54300400
2024-05-02,3.0350475311279297,3.0446521025021207,2.9293970170207846,2.9774198738917392,22912300
2024-05-03,3.1310932636260986,3.1695115493530004,3.0542566921722947,3.0638612636040206,47464600
2024-05-06,3.2079296112060547,3.2175341819675,3.1599067573988293,3.169511328160274,28949700
2024-05-07,3.217534303665161,3.2847665305292493,3.188720590290997,3.217534303665161,17618900
2024-05-08,3.265557289123535,3.3135801432889633,3.2079296351339903,3.2271387768001616,14494800
2024-05-09,3.2751619815826416,3.303975695151921,3.2559528392031223,3.2847665527724015,10225500
2024-05-10,3.265557289123535,3.323184714122049,3.25595271829045,3.294371001622792,12280700
2024-05-13,3.255952835083008,3.32318483332625,3.2463482639054018,3.27516197743822,14218200
2024-05-14,3.380812406539917,3.428835264503912,3.26555754742633,3.26555754742633,28730200
2024-05-15,3.4864628314971924,3.505671974178358,3.3904168891003215,3.3904168891003215,18691500
2024-05-16,3.505671739578247,3.553694593067464,3.4672532277958457,3.5152763102760907,25968400
2024-05-17,3.668949604034424,3.726577259766334,3.5152764660587654,3.5152764660587654,25595000
2024-05-20,3.6593449115753174,3.7169723364053935,3.6209266283552664,3.697763194795368,19327600
2024-05-21,3.668949604034424,3.716972459651817,3.6209267484170304,3.6785541751579025,21823800
2024-05-23,3.726577043533325,3.7649953257980355,3.668949391145234,3.688158532277589,26204800
2024-05-24,3.5344855785369873,3.611322146877671,3.3904167839071695,3.611322146877671,68275400
2024-05-27,3.5632991790771484,3.5825083205553785,3.476857813434083,3.534485466859803,13505000
2024-05-28,3.5440902709960938,3.611322270597484,3.5344856996244665,3.6017176992258566,13813800
2024-05-29,3.6881587505340576,3.6977633216686105,3.5056718989775444,3.534485612381204,16280500
2024-05-30,3.6305313110351562,3.678554166540045,3.6113221688332007,3.668949595439067,18850600
2024-05-31,3.4480443000793457,3.6497405262244267,3.4288351574932467,3.6305313836383277,57686500
2024-06-04,3.4480443000793457,3.486462814242586,3.323184873269703,3.409626014907148,18770800
2024-06-05,3.4480443000793457,3.4576488713723954,3.4192305862001975,3.4576488713723954,8511300
2024-06-06,3.476858139038086,3.515276654583428,3.4384398524837945,3.45764899576094,19644400
2024-06-07,3.505671739578247,3.5152763102760907,3.448044086400159,3.476857798493689,21576800
2024-06-10,3.457648754119873,3.5152764089149975,3.4384396121851766,3.5152764089149975,14760200
2024-06-11,3.4672532081604004,3.496067149081782,3.4384394962300457,3.457648637516949,11821000
2024-06-12,3.4480443000793457,3.476858013958494,3.4288351574932467,3.4672534426654447,7015100
2024-06-13,3.457648754119873,3.5152764089149975,3.428835041217828,3.457648754119873,12007800
2024-06-14,3.5152764320373535,3.5440901451289255,3.4576487768631727,3.4576487768631727,26636200
2024-06-18,3.361603021621704,3.5440900977533016,3.361603021621704,3.515276385046897,22337200
2024-06-19,3.4384396076202393,3.4576487495294335,3.390416752847254,3.390416752847254,12439400
2024-06-20,3.3712074756622314,3.438439469646605,3.351998334523839,3.438439469646605,10384700
2024-06-21,3.4384396076202393,3.4576487495294335,3.3616030399834624,3.409625894756448,31172400
2024-06-24,3.3039755821228027,3.4384395741794216,3.3039755821228027,3.4384395741794216,16582300
2024-06-25,3.1599068641662598,3.323184801618717,3.1118840087364306,3.2943710883608195,26921000
2024-06-26,3.255952835083008,3.284766548615826,3.1214886096054832,3.1599068943159074,14639400
2024-06-27,3.255952835083008,3.313580262148644,3.217534321381544,3.255952835083008,9617500
2024-06-28,3.31358003616333,3.3423937477310606,3.217534101946538,3.255952613027869,11931600
2024-07-01,3.476858139038086,3.476858139038086,3.2943712779052015,3.313580421182347,13922900
2024-07-02,3.4864628314971924,3.5152765455189408,3.4576488884844006,3.4864628314971924,15972900
2024-07-03,3.64974045753479,3.64974045753479,3.496067319738191,3.5056718908504787,16239700
2024-07-04,3.6593449115753174,3.6881586239903554,3.592112915940228,3.6497403407703044,20388200
2024-07-05,3.62092661857605,3.6593449016923425,3.5921129062388304,3.6593449016923425,9511900
2024-07-09,3.5632991790771484,3.6497403157291846,3.534485466859803,3.611322032772724,10756500
2024-07-10,3.62092661857605,3.6497403309132697,3.5440900523434644,3.5536946231225373,10775900
2024-07-11,3.6593449115753174,3.678554053185343,3.601717486745241,3.640135769965292,14215500
2024-07-12,3.5825085639953613,3.649740563737742,3.52488113564475,3.6401359923459733,16822200
2024-07-15,3.553694725036621,3.601717580309203,3.524881011873072,3.572903867145654,16261800
2024-07-16,3.5344855785369873,3.5921130047925,3.48646272332406,3.553694720622158,10145200
2024-07-17,3.457648754119873,3.5440901218170424,3.457648754119873,3.534485550849694,12375000
2024-07-18,3.457648754119873,3.4864626960129526,3.3808121863810867,3.457648754119873,14844500
2024-07-19,3.4384396076202393,3.51527640424805,3.419230465711045,3.467253320484031,14784600
2024-07-22,3.3423938751220703,3.4288350131198535,3.3135801624561427,3.4288350131198535,16554700
2024-07-23,3.4960672855377197,3.5248809985927103,3.380812204326722,3.380812204326722,20575600
2024-07-24,3.4384396076202393,3.51527640424805,3.400021323801851,3.5056718332934533,17108200
2024-07-25,3.4384396076202393,3.4576487495294335,3.3712076109380598,3.409625894756448,14933500
2024-07-26,3.4192304611206055,3.4480441739457133,3.3904167482954977,3.438439603004011,14148400
2024-07-29,3.4192304611206055,3.486462686703558,3.409625890178903,3.457648744887416,12356800
2024-07-30,3.2751619815826416,3.428835120618798,3.2751619815826416,3.4096259782392786,13687400
2024-07-31,3.2751619815826416,3.3327894087212004,3.2655574103928817,3.2751619815826416,16943100
2024-08-01,3.2463481426239014,3.33278927999297,3.236743342814085,3.313580138355399,17391900
2024-08-02,3.121488571166992,3.2271388528196647,3.0926748579889907,3.2271388528196647,18606300
2024-08-05,2.8333511352539062,3.0254427803372446,2.8141419936446757,3.0254427803372446,48985900
2024-08-06,2.9101877212524414,2.948606004729142,2.7373052166162575,2.852560296037391,24077800
2024-08-07,3.0830702781677246,3.1310931333279153,2.852560344407772,2.9293969126640778,23024200
2024-08-08,3.0734658241271973,3.1118841097177423,2.958210738364517,2.9774198811597894,21601300
2024-08-09,3.1118838787078857,3.198325014869678,3.102279308023242,3.1214884493925292,10200600
2024-08-12,3.1791160106658936,3.188720581764934,3.11188401297261,3.11188401297261,8393300
2024-08-13,3.217534303665161,3.2463482460303634,3.1310931635426686,3.159906876916833,11984400
2024-08-14,3.2751619815826416,3.303975695151921,3.2367434678325626,3.2463482680133624,11056200
2024-08-15,3.3231849670410156,3.33278953860508,3.246348394528499,3.2847666807847573,11557400
2024-08-16,3.3519985675811768,3.42883513747703,3.3327894251072134,3.3327894251072134,14352300
2024-08-19,3.332789421081543,3.3904168484338246,3.332789421081543,3.3519985635323035,10556500
2024-08-20,3.015838146209717,3.3519983463040015,2.958210493600989,3.3423937757010513,27753600
2024-08-21,2.9390015602111816,3.0830703584335315,2.9293969889290943,3.0446520733051825,17955400
2024-08-22,3.0062336921691895,3.207929682651619,2.996628892202801,3.1022794019227273,43017500
2024-08-23,2.9582104682922363,3.0158381204079348,2.8333510515221088,3.0158381204079348,15216900
2024-08-26,2.9101877212524414,2.996628859075017,2.9101877212524414,2.996628859075017,9920600
2024-08-27,2.8333511352539062,2.9390014141046756,2.8141419936446757,2.9101877016908295,17697000
2024-08-28,2.727700710296631,2.852560363541675,2.6988869970072447,2.833351221348751,21054200
2024-08-29,2.6412596702575684,2.82374675697867,2.622050527338615,2.7277008133928575,24002100
2024-08-30,2.7853283882141113,2.823746672908203,2.6412595916202286,2.6508641627937513,35994000
2024-09-02,2.900583267211914,2.958210694748061,2.814142125907693,2.814142125907693,15743100
2024-09-03,2.919792413711548,2.967815270057256,2.890978699904123,2.939001556249831,11308300
2024-09-04,2.8813741207122803,2.9197924056832107,2.7949329795276867,2.8045375507704193,12089900
2024-09-05,2.5932366847991943,2.804537475455977,2.5260046879055476,2.6892823946472615,38722900
2024-09-06,2.39154052734375,2.6316550372015923,2.381935956109078,2.593236752262904,60057400
2024-09-09,2.295494794845581,2.4107496486498583,2.257076281253116,2.3339130794470067,57895000
2024-09-10,2.3243086338043213,2.3819360638182174,2.2762855464683565,2.3435177771422864,25741300
2024-09-11,2.3050992488861084,2.324308390210907,2.2378670252582857,2.324308390210907,25427500
2024-09-12,2.372331380844116,2.439563379372602,2.3147039535339857,2.3339130959706957,26951400
2024-09-13,2.4491679668426514,2.5452139086545653,2.4107496817143024,2.4203542529963897,30805100
2024-09-17,2.468377113342285,2.506795398531886,2.3915405429630834,2.468377113342285,14176900
2024-09-18,2.3819358348846436,2.4683769715974226,2.3147038396635935,2.4683769715974226,20609200
2024-09-19,2.4971907138824463,2.5163998556053087,2.362726721822409,2.381935863545271,32376600
2024-09-20,2.612445831298828,2.6316549733017505,2.516399892293181,2.5260046922856776,56995000
2024-09-23,2.612445831298828,2.6988869703119787,2.593236689295906,2.6316549733017505,28362900
2024-09-24,2.5740275382995605,2.65086410604279,2.535609254427946,2.622050393139079,12761200
2024-09-25,2.5548183917999268,2.622050388455152,2.5260046789476873,2.6028412465536586,18626400
2024-09-26,2.468377113342285,2.526004770117729,2.3915405429630834,2.526004770117729,24493200
2024-09-27,2.39154052734375,2.4587725259864546,2.39154052734375,2.4203542410477663,16743200
2024-09-30,2.410749673843384,2.4587725300970287,2.362726817589739,2.3915405313419256,18731400
2024-10-01,2.410749673843384,2.4395633875955705,2.372331388840468,2.410749673843384,26184500
2024-10-02,2.362726926803589,2.410749785277025,2.32430864002484,2.410749785277025,12070700
2024-10-03,2.343517541885376,2.372331253999824,2.324308400475744,2.372331253999824,23049700
2024-10-04,2.343517541885376,2.391540395409456,2.324308400475744,2.343517541885376,17731700
2024-10-07,2.3531219959259033,2.3819357066118103,2.305099144782725,2.3531219959259033,17402000
2024-10-08,2.343517541885376,2.4107495368190874,2.2762853179606357,2.324308400475744,27490900
2024-10-09,2.343517541885376,2.3819358247046396,2.33391297118056,2.3531221125901918,14763500
2024-10-10,2.4011449813842773,2.420354122916069,2.3531221275547978,2.3531221275547978,28338100
2024-10-11,2.3531219959259033,2.4203539875263527,2.343517425697268,2.4011448470690815,14565500
2024-10-14,2.362726926803589,2.4203543569717128,2.333913211719527,2.362726926803589,12215700
2024-10-15,2.218657970428467,2.3723313360088807,2.1898442573179584,2.3723313360088807,43670400
2024-10-16,2.2090535163879395,2.2186580879334548,2.1610306586603634,2.199448944842424,52115800
2024-10-17,2.1610305309295654,2.2378670987521523,2.1610305309295654,2.2186579567965055,13118800
2024-10-18,2.218657970428467,2.237867112502139,2.141821402133778,2.1610305442074504,28593300
2024-10-21,2.151425838470459,2.1898441202124457,2.1418212680349624,2.1898441202124457,10082800
2024-10-22,2.122612237930298,2.180239663550506,2.122612237930298,2.1514259507404017,14838500
2024-10-23,2.1322169303894043,2.1610306448417016,2.122612358905305,2.1322169303894043,11424400
2024-10-24,2.0457756519317627,2.1418213604300007,2.026566281241083,2.132216789580177,17349100
2024-10-25,1.8921023607254028,2.0649848715354655,1.872893218301067,2.0553803003232978,32700700
2024-10-28,1.9017069339752197,1.9689389325324331,1.8824977915303016,1.8921023627527607,27480400
2024-10-29,1.9209160804748535,2.007357221659447,1.911311509232121,1.9209160804748535,31948700
2024-10-30,1.911311388015747,1.9305205292829584,1.88249767611493,1.9209159586493527,30093100
2024-11-01,1.911311388015747,1.9593342411837755,1.88249767611493,1.911311388015747,21592600
2024-11-04,1.9881479740142822,1.9881479740142822,1.9209159788712757,1.930520549605991,17388800
2024-11-05,2.0169618129730225,2.0361709556496383,1.9785435276197907,1.9785435276197907,10398100
2024-11-06,2.1322169303894043,2.1322169303894043,2.0169618435891694,2.0169618435891694,30163900
2024-11-07,2.02656626701355,2.189844199305292,1.9881479838839704,2.1514259161757128,44620100
2024-11-08,1.9689390659332275,2.045775869909836,1.9689390659332275,2.0361710690455856,18556600
2024-11-11,1.9689390659332275,1.9977527815528096,1.9113116346940633,1.9881482096796157,17553700
2024-11-12,2.003309488296509,2.003309488296509,1.9542088114520837,1.9640289468209686,12136200
2024-11-13,2.022949695587158,2.0524101007698268,1.9640288852218206,2.003309425465379,11335100
2024-11-14,1.9836691617965698,2.0327698372607443,1.9640288916108999,2.0229497021679097,8904200
2024-11-15,1.944388508796692,2.003309315940719,1.924748239748683,1.9934891814167144,15233800
2024-11-18,1.9345684051513672,1.973848943874363,1.9247482704706182,1.9345684051513672,13657300
2024-11-19,1.9640288352966309,1.9836691049191586,1.9345684308628393,1.9443885656741031,7240300
2024-11-20,1.9247483015060425,1.9934892453796917,1.9149281666669498,1.983669110540599,12868800
2024-11-21,1.797086477279663,1.9345684855919785,1.7872663421905866,1.924748350502902,30452400
2024-11-22,1.7381654977798462,1.8265468280077892,1.6792446890047115,1.8069065584160775,45367200
2024-11-25,1.8167266845703125,1.885467627814323,1.708705085264484,1.7381654895119172,46888400
2024-11-26,1.9149281978607178,1.9247483328597783,1.816726730804868,1.8265468658039286,19774900
2024-11-27,2.052410125732422,2.081870531273405,1.8363670346999663,1.8756475754212774,46055100
2024-11-28,2.0720503330230713,2.101510971797809,2.0425899283788174,2.0622301981416533,21228800
2024-11-29,2.0425899028778076,2.062230172395442,1.983669094324905,2.062230172395442,22437500
2024-12-02,1.9836691617965698,2.0425899723535794,1.9738490267037347,2.0425899723535794,9049700
2024-12-03,2.1211512088775635,2.1702518825281016,1.9836690885255768,1.9934892232556845,37070200
2024-12-04,2.189892053604126,2.219352456470896,2.1113309792927395,2.121151113581663,32555300
2024-12-05,2.1604318618774414,2.238992943866642,2.1604318618774414,2.1997124028720414,18286400
2024-12-06,2.2095324993133545,2.219352634389528,2.1506116888563156,2.180072094084835,12249900
2024-12-09,2.1211512088775635,2.209532421448532,2.101510939417348,2.209532421448532,15039100
2024-12-10,2.1211512088775635,2.1604317477979937,2.111331074147456,2.1211512088775635,8251700
2024-12-11,2.0916907787323,2.1604317209900747,2.081870409993569,2.130971317165314,11899300
2024-12-12,2.0916907787323,2.130971317165314,2.042589871560555,2.101510913340553,10230900
2024-12-13,2.1309714317321777,2.1604318371408104,2.091690891187334,2.091690891187334,12543000
2024-12-16,2.111330986022949,2.1506115233038554,2.081870348931799,2.1309712546634025,7554100
2024-12-17,2.0818705558776855,2.121151331193721,2.0524101499885288,2.111331195897336,11915200
2024-12-18,2.101511001586914,2.1211512716281526,2.06223022737395,2.0818704974151885,9529000
2024-12-19,2.504136800765991,2.5237770710362746,2.189892242310972,2.2291727828515384,89008600
2024-12-20,2.533597230911255,2.7398203048934255,2.533597230911255,2.5532375013733195,120673500
2024-12-23,2.533597230911255,2.6121585468900057,2.4844965547560935,2.5826981411969085,29856200
2024-12-24,2.5532374382019043,2.582698077296587,2.5237770332377076,2.533597168225773,13534800
2024-12-26,2.582698106765747,2.6121585120660935,2.5532374673349114,2.582698106765747,23207500
2024-12-27,2.5728776454925537,2.5925181491206506,2.5237769717485126,2.5826980143718425,16242800
2024-12-30,2.621978521347046,2.641618790604812,2.5630574794432692,2.5826979828315135,22701300
2024-12-31,2.621978521347046,2.641618790604812,2.5728776140721523,2.6023382520892797,19499600
2025-01-02,2.6023383140563965,2.621978583781839,2.563057540475029,2.621978583781839,12931700
2025-01-03,2.6907196044921875,2.700539739634731,2.6023383882093003,2.6023383882093003,23329100
2025-01-06,2.671079158782959,2.7299999657685707,2.671079158782959,2.710359696773367,13106800
2025-01-07,2.6808993816375732,2.7103597861013347,2.661259111995066,2.6710792468163196,15643100
2025-01-08,2.63179874420166,2.6808994189920763,2.5826980694112436,2.66125914907591,24862600
2025-01-09,2.4157555103302,2.621978575962849,2.3961152406633275,2.621978575962849,47085600
2025-01-10,2.445215940475464,2.4648562103483203,2.347014591111182,2.4157555356661793,30626000
2025-01-13,2.2586331367492676,2.425575664370071,2.238992866926877,2.425575664370071,35649600
2025-01-14,2.140791416168213,2.337194339197214,2.1309712817232866,2.327373970621814,44724200
2025-01-15,2.150611639022827,2.248812987509059,2.081870460951982,2.1604317738714505,43873400
2025-01-16,2.140791416168213,2.2389927606174767,2.0916907439435812,2.219352491727624,24090300
2025-01-17,2.150611639022827,2.1702519087200733,2.0916908299310877,2.150611639022827,34856500
2025-01-20,2.189892053604126,2.2095323221819725,2.1113309792927395,2.1800719193152025,18395000
2025-01-21,2.32737398147583,2.3371943500970285,2.1898920986056956,2.19971223309642,23076400
2025-01-22,2.3470146656036377,2.376475071347973,2.307733890480698,2.3470146656036377,23795500
2025-01-23,2.3371944427490234,2.3568347125090585,2.2782733993384343,2.3568347125090585,14382500
2025-01-24,2.0818705558776855,2.3666549477338537,2.0524101499885288,2.3666549477338537,88593500
2025-01-27,1.8952877521514893,2.1015109319463314,1.885467617456293,2.0818704284254594,60202700
2025-01-28,1.8658273220062256,1.8952877256803464,1.7676258593605847,1.8658273220062256,58269000
2025-01-31,1.8756475448608398,1.983669147149665,1.8461871397998633,1.9051080669870601,45835400
2025-02-03,1.8461871147155762,1.8952877891500692,1.7872663053941842,1.8265468449417788,22241200
2025-02-04,1.8461871147155762,1.8854676542631708,1.8265468449417788,1.8658273844893734,17220100
2025-02-05,1.9149281978607178,1.9542087378569604,1.8461871358020499,1.8658274058001711,41276100
2025-02-06,1.9345684051513672,1.964028809193614,1.9051080011091206,1.9345684051513672,16170400
2025-02-07,1.9836691617965698,2.0229497021679097,1.8952878288958108,1.92474835123956,35712700
2025-02-10,1.9836691617965698,2.0131295670750746,1.92474835123956,1.9640288916108999,25228000
2025-02-12,2.022949695587158,2.0425899657089372,1.9640288852218206,1.9836691553435999,22593000
2025-02-13,2.0327696800231934,2.0327696800231934,1.9836690083570236,2.0229495456899595,10604100
2025-02-14,2.062230110168457,2.0720502446309554,2.032769706780962,2.032769706780962,17608800
2025-02-17,2.013129472732544,2.072050280528311,1.993489203467288,2.0622301458956835,6068200
2025-02-18,1.9836691617965698,2.0229497021679097,1.9640288916108999,2.0131295670750746,12177000
2025-02-19,1.9640288352966309,2.0033093745416863,1.954208700485367,1.9738489701078947,11136800
2025-02-20,1.9934892654418945,1.9934892654418945,1.9640288606281309,1.973848995566052,10211600
2025-02-21,1.9247483015060425,2.091690827901102,1.9149281666669498,2.091690827901102,25468400
2025-02-24,1.8952877521514893,1.924748273302318,1.856007213370704,1.9149281386071215,10879900
2025-02-25,1.8461871147155762,1.9051080411022099,1.8069065751679814,1.8952877891500692,16901800
2025-02-26,1.8560072183609009,1.8854676225256992,1.8265468141961023,1.8461870836393013,13248700
2025-02-27,1.9149281978607178,1.9247483328597783,1.8461871358020499,1.8560072708011106,11903400
2025-02-28,1.8560072183609009,1.8952877572472988,1.8560072183609009,1.8952877572472988,15879500
2025-03-03,1.8363670110702515,1.88546768634008,1.8363670110702515,1.8461871461242172,10284900
2025-03-04,1.7283453941345215,1.7970864560096953,1.7185252591616742,1.7970864560096953,23935200
2025-03-05,1.8265467882156372,1.8265467882156372,1.7185251907492824,1.728345325331202,17335800
2025-03-06,1.8461871147155762,1.875647519376272,1.7970864402810829,1.8363669798286775,19494100
2025-03-07,1.7774460315704346,1.8560072267641643,1.7676258968043734,1.8167266876999197,13270600
2025-03-10,1.797086477279663,1.8265468825468927,1.7774460900362659,1.797086477279663,16250200
2025-03-11,1.8069065809249878,1.8069065809249878,1.7381655194324386,1.7676259241869987,18908800
2025-03-12,1.7676259279251099,1.8069065847461683,1.738165523108248,1.8069065847461683,18214800
2025-03-13,1.7872662544250488,1.8461870620661411,1.7872662544250488,1.7970863890318975,20821200
2025-03-14,1.8952877521514893,1.8952877521514893,1.7676258840486971,1.7774460187438934,22157900
2025-03-17,1.944388508796692,2.0131294504647235,1.9149281052246785,1.9149281052246785,25002300
2025-03-19,1.9640288352966309,1.9738489701078947,1.9149281612403115,1.9345684308628393,23773500
2025-03-20,2.022949695587158,2.022949695587158,1.9836691553435999,2.003309425465379,27225800
2025-03-21,2.013129472732544,2.0327697419977997,1.98366906883466,2.0229496073651716,35986200
2025-03-24,2.013129472732544,2.0327697419977997,1.98366906883466,2.013129472732544,9067600
2025-03-25,2.052410125732422,2.0720503960930774,2.0229497201914386,2.0327698553717664,16067500
2025-03-26,2.013129472732544,2.072050280528311,2.013129472732544,2.0622301458956835,9362800
2025-03-27,1.9934892654418945,2.0033094003798158,1.9345684558143672,1.9640288606281309,12680500
2025-03-28,1.9640288352966309,1.9934892397304225,1.9443885656741031,1.9836691049191586,13982300
2025-04-02,1.9542087316513062,1.9640288666191825,1.9149281917798002,1.9443885966834296,14540600
2025-04-03,1.9640288352966309,2.0033093745416863,1.9149281612403115,1.9149281612403115,8551900
2025-04-04,1.8756475448608398,1.934568472048037,1.8756475448608398,1.934568472048037,11520900
2025-04-07,1.747985601425171,1.8069065262155275,1.6890647937000531,1.8069065262155275,27970700
2025-04-08,1.747985601425171,1.8265467954572334,1.7381654668043178,1.8167266608363803,12413900
2025-04-09,1.6988849639892578,1.7283453684703425,1.6497841727888756,1.718525233643314,21491100
2025-04-10,1.747985601425171,1.8363669300780863,1.747985601425171,1.8265467954572334,23231800
2025-04-11,1.7185251712799072,1.7578057091625723,1.6988849023385748,1.7185251712799072,18115000
2025-04-14,1.7872662544250488,1.8069065236387463,1.7479855989324151,1.7774460027529615,17919400
2025-04-15,1.8363670110702515,1.8461871461242172,1.7872663358004228,1.7872663358004228,17133800
2025-04-16,1.7872662544250488,1.8363669274592924,1.7774460027529615,1.8265467928524437,11980200
2025-04-17,1.7774460315704346,1.8069065529338586,1.7479856272722512,1.7676258968043734,9808000
2025-04-18,1.797086477279663,1.8069066123687396,1.7578058198581128,1.7676259549471893,9832400
2025-04-21,1.797086477279663,1.8167267474578161,1.7774460900362659,1.8069066123687396,9802100
2025-04-22,1.7381654977798462,1.7774460369632694,1.7185252281881347,1.7774460369632694,20460400
2025-04-23,1.7872662544250488,1.7872662544250488,1.7479855989324151,1.7676258681461128,14704200
2025-04-24,1.7774460315704346,1.8069065529338586,1.7676258968043734,1.7774460315704346,9943200
2025-04-25,1.8461871147155762,1.8461871147155762,1.7872663053941842,1.7872663053941842,19980100
2025-04-28,1.8560072183609009,1.8952877572472988,1.8265468141961023,1.8461870836393013,14291900
2025-04-29,1.8461871147155762,1.8952877891500692,1.8363669798286775,1.8560072496024747,9890300
2025-04-30,1.8854676485061646,1.895287783363079,1.8560072439354218,1.865827378792336,11824900
2025-05-02,1.8952877521514893,1.924748273302318,1.856007213370704,1.8952877521514893,22413700
2025-05-05,1.9640288352966309,1.9738489701078947,1.8952877745525427,1.8952877745525427,30201100
2025-05-06,1.9051079750061035,1.983669051375683,1.9051079750061035,1.9738489168294855,17443400
2025-05-07,2.013129472732544,2.0229496073651716,1.9051079917736369,1.9149281264062648,27395600
2025-05-08,2.0720503330230713,2.101510971797809,2.0327697934973994,2.0327697934973994,29165800
2025-05-09,2.0818705558776855,2.1015110606009504,2.0524101499885288,2.0818705558776855,11776800
2025-05-13,2.1702518463134766,2.1800719808797173,2.1113310389160325,2.1211511734822732,27155100
2025-05-14,2.180072069168091,2.1898922041320263,2.1309713943484123,2.1702519342041553,12655200
2025-05-15,2.1604318618774414,2.1997124028720414,2.1604318618774414,2.1898922676233914,10305100
2025-05-16,2.1211512088775635,2.180072017258209,2.081870435826653,2.180072017258209,20168600
2025-05-19,2.062230110168457,2.121151151073921,1.9934891689309682,2.121151151073921,26728500
2025-05-20,2.062230110168457,2.081870379093454,2.032769706780962,2.062230110168457,17785000
2025-05-21,2.003309488296509,2.0720504358787037,1.9934893529276236,2.062230300509819,19398100
2025-05-22,1.9542087316513062,2.022949676426441,1.9345684617155532,1.9836691365549355,24752400
2025-05-23,1.8461871147155762,1.875647519376272,1.7872663053941842,1.8658273844893734,36749700
2025-05-26,1.797086477279663,1.8363670176359692,1.7774460900362659,1.8167267474578161,13425300
2025-05-27,1.7578058242797852,1.816726752027701,1.738165554052228,1.797086481800144,22630800
2025-05-28,1.7774460315704346,1.8167266876999197,1.7676258968043734,1.7872662834017363,17472400
2025-05-29,1.7872662544250488,1.816726658245595,1.7676258681461128,1.7970863890318975,16207100
2025-05-30,1.7872662544250488,1.8363669274592924,1.7774460027529615,1.7872662544250488,30304500
2025-06-03,1.7676259279251099,1.8069065847461683,1.747985658047202,1.7970864498072143,11534400
2025-06-04,1.8461871147155762,1.8461871147155762,1.7676259185551448,1.7774460534420435,13987200
2025-06-05,1.9934892654418945,2.042589940131501,1.8461871243078334,1.8461871243078334,49820800
2025-06-06,2.013129472732544,2.0229496073651716,1.9443885303041486,1.993489203467288,21022900
2025-06-09,1.9836691617965698,2.0229497021679097,1.934568486332395,2.0033094319822395,14339500
2025-06-10,1.9836691617965698,2.0033094319822395,1.954208756518065,1.9738490267037347,11500900
2025-06-11,2.140791416168213,2.1506115506131396,1.9934891653638438,1.9934891653638438,52306300
2025-06-12,2.1604318618774414,2.1702519971260914,2.121151320882841,2.1309714561314914,28331400
2025-06-13,2.1309714317321777,2.140791566868389,2.091690891187334,2.1211512965959667,26979700
2025-06-16,2.111330986022949,2.1309712546634025,2.062230080291346,2.091690717382496,13580600
2025-06-17,2.111330986022949,2.140791388983629,2.062230080291346,2.111330986022949,21497900
2025-06-18,2.1211512088775635,2.140791478337779,2.081870435826653,2.101510939417348,14252700
2025-06-19,2.1211512088775635,2.130971343607671,2.0916908046872407,2.1211512088775635,11479600
2025-06-20,2.0818705558776855,2.121151331193721,2.0818705558776855,2.121151331193721,49682400
2025-06-23,2.0327696800231934,2.072050217356129,1.9640287396905558,2.0327696800231934,30292000
2025-06-24,2.062230110168457,2.0720502446309554,2.032769706780962,2.062230110168457,17147000
2025-06-25,2.101511001586914,2.1211512716281526,2.06223022737395,2.072050362394569,18620500
2025-06-26,2.229172706604004,2.2389928414032534,2.1015109542137584,2.1113310890130084,36219000
2025-06-30,2.278273344039917,2.2979136133232414,2.2291726708316064,2.2291726708316064,35188700
2025-07-01,2.32737398147583,2.356834619078476,2.248812905550039,2.2782733090222105,29249300
2025-07-02,2.405935287475586,2.4157554219497523,2.3077337086034446,2.3077337086034446,37400900
2025-07-03,2.445215940475464,2.474676345284748,2.3764749959204665,2.4157555356661793,34227400
2025-07-04,2.4255757331848145,2.455036138754206,2.4059354628052203,2.455036138754206,16677700
2025-07-07,2.3764748573303223,2.396115126057807,2.2586330108349446,2.347014454239096,32419000
2025-07-08,2.405935287475586,2.435395690898086,2.3175538430776115,2.337194346156419,19495700
2025-07-09,2.445215940475464,2.445215940475464,2.3666548609840383,2.405935400729751,19433000
2025-07-10,2.445215940475464,2.4943166151576044,2.4255756706026075,2.4353958055390357,20433200
2025-07-11,2.396115303039551,2.445215978484933,2.307733853107374,2.445215978484933,18028100
2025-07-14,2.366654872894287,2.3862951428659835,2.3273740988204077,2.366654872894287,12445800
2025-07-15,2.356834650039673,2.4059353231383165,2.356834650039673,2.3764749192791306,10996200
2025-07-16,2.3764748573303223,2.3764748573303223,2.2880934139261715,2.3666547229665804,12057500
2025-07-17,2.3862950801849365,2.396115214912838,2.3371944065454273,2.3470145412733294,9522600
2025-07-18,2.3862950801849365,2.4255756190965436,2.356834676001231,2.3862950801849365,9362900
2025-07-21,2.3862950801849365,2.40593534964074,2.356834676001231,2.3862950801849365,7654700
2025-07-22,2.366654872894287,2.40593541283768,2.3470146029225907,2.3862951428659835,7692500
2025-07-23,2.3862950801849365,2.3862950801849365,2.3470145412733294,2.3666548107291328,12730700
2025-07-24,2.4157555103302,2.474676319330819,2.3764749709964543,2.3961152406633275,19017100
2025-07-25,2.4353957176208496,2.4353957176208496,2.3666547755474117,2.4059353138750907,10089200
2025-07-28,2.405935287475586,2.57287757353642,2.405935287475586,2.504136632217253,31333200
2025-07-29,2.4353957176208496,2.4353957176208496,2.3666547755474117,2.4157554484570105,14523100
2025-07-30,2.445215940475464,2.455036075411892,2.3862951308568947,2.4157555356661793,11400600
2025-07-31,2.445215940475464,2.474676345284748,2.405935400729751,2.445215940475464,22663100
2025-08-01,2.4353957176208496,2.4746762559485287,2.42557558303893,2.455035986784689,8374500
2025-08-04,2.4746763706207275,2.4746763706207275,2.405935425361954,2.4157555603989214,6279700
2025-08-05,2.5139567852020264,2.5434171888414476,2.4746762470161316,2.4844963815626055,30931400
2025-08-06,2.4648561477661133,2.5335970905757916,2.4648561477661133,2.5041366865145007,11383600
2025-08-07,2.494316577911377,2.494316577911377,2.3961152300134807,2.4550360387522185,13617600
2025-08-08,2.4844963550567627,2.49431648949847,2.425575548406517,2.4844963550567627,17513900
2025-08-11,2.54341721534729,2.5826979880730194,2.464856138156788,2.4844964074544134,19494300
2025-08-12,2.54341721534729,2.5826979880730194,2.5139568114008517,2.54341721534729,11012000
2025-08-13,2.5237770080566406,2.5826980515276334,2.5237770080566406,2.553237412726895,12933300
2025-08-14,2.5237770080566406,2.5434172778368103,2.4353957940458772,2.5237770080566406,24881800
2025-08-15,2.54341721534729,2.553237349996103,2.4844964074544134,2.5139568114008517,9862100
2025-08-18,2.661259174346924,2.680899444449592,2.533597184549092,2.55323745465176,30255000
2025-08-19,2.6416187286376953,2.6808992662317848,2.6121583254421283,2.66125899743474,10301400
2025-08-20,2.63179874420166,2.651439014117827,2.60233833932741,2.651439014117827,8709000
2025-08-21,2.6514389514923096,2.661259086218447,2.621978547313898,2.6317986820400354,8280600
2025-08-22,2.621978521347046,2.641618790604812,2.5925181174603966,2.631798655975929,16499900
2025-08-25,2.6023383140563965,2.6416188535072807,2.5925181791936756,2.6416188535072807,15149500
2025-08-26,2.582698106765747,2.6121585120660935,2.5434173322347964,2.5925182418658625,64024400
2025-08-27,2.6121585369110107,2.6121585369110107,2.5532374916194156,2.5826981313304587,9016400
2025-08-28,2.5237770080566406,2.612158456197888,2.5237770080566406,2.602338321307803,15611600
2025-08-29,2.5139567852020264,2.5237769197485003,2.4452158433767104,2.5237769197485003,22317500
2025-09-02,2.455036163330078,2.543417380922983,2.4255757574657766,2.5237771103467823,11577100
2025-09-03,2.4746763706207275,2.4844965056576953,2.435395830472857,2.455036100546792,16932400
2025-09-04,2.455036163330078,2.4943167044824803,2.4059354868895753,2.48449656919438,18908900
2025-09-08,2.4844963550567627,2.5139567583818856,2.4452158172899323,2.4648560861733473,9811100
2025-09-09,2.494316577911377,2.5139568474909564,2.474676308331798,2.4844964431215875,7719900
2025-09-10,2.5630574226379395,2.5630574226379395,2.4943164817592707,2.4943164817592707,9627000
2025-09-11,2.5630574226379395,2.582697925590889,2.5335970194042243,2.553237288226701,7584200
2025-09-12,2.5925180912017822,2.6219784947900386,2.563057453483051,2.5728775880124695,10905900
2025-09-17,2.671079158782959,2.690719427778163,2.582697948304541,2.592518082802143,20556700
2025-09-18,2.6514389514923096,2.6710792209445837,2.602338277861624,2.6710792209445837,14382300
2025-09-19,2.661259174346924,2.671079309398258,2.631798769192921,2.671079309398258,19687600
2025-09-22,2.671079158782959,2.671079158782959,2.6121583517973472,2.671079158782959,7958700
2025-09-23,2.6907196044921875,2.6907196044921875,2.6514390639220156,2.6710793342071013,6506900
2025-09-24,2.671079158782959,2.710359696773367,2.651438889787755,2.680899293280561,18681700
2025-09-25,2.621978521347046,2.6710791944914614,2.621978521347046,2.6710791944914614,10431000
2025-09-26,2.6514389514923096,2.6710792209445837,2.612158412587761,2.621978547313898,8929800
2025-09-29,2.661259174346924,2.680899444449592,2.631798769192921,2.6514390392955898,8024700
2025-09-30,2.7300000190734863,2.7496402884521784,2.6612590762480637,2.6612590762480637,20533500
2025-10-01,2.759999990463257,2.7799999713897705,2.7200000286102295,2.75,11997100
2025-10-02,2.799999952316284,2.819999933242798,2.75,2.759999990463257,21332900
2025-10-03,2.799999952316284,2.809999942779541,2.7799999713897705,2.799999952316284,20347300
2025-10-06,2.75,2.819999933242798,2.7100000381469727,2.799999952316284,13863500
2025-10-07,2.7200000286102295,2.75,2.680000066757202,2.75,8130600
2025-10-08,2.690000057220459,2.7200000286102295,2.680000066757202,2.7100000381469727,4565500
2025-10-09,2.7200000286102295,2.740000009536743,2.680000066757202,2.680000066757202,16723500
2025-10-10,2.6600000858306885,2.7200000286102295,2.6600000858306885,2.7200000286102295,6248200
2025-10-13,2.6500000953674316,2.6700000762939453,2.5799999237060547,2.609999895095825,4779000
2025-10-14,2.609999895095825,2.690000057220459,2.609999895095825,2.6700000762939453,4866600
2025-10-15,2.5799999237060547,2.640000104904175,2.569999933242798,2.609999895095825,7236600
2025-10-16,2.559999942779541,2.609999895095825,2.559999942779541,2.5799999237060547,4590400
2025-10-17,2.5299999713897705,2.5799999237060547,2.509999990463257,2.549999952316284,11713000
2025-10-21,2.549999952316284,2.5799999237060547,2.5399999618530273,2.549999952316284,4333800
2025-10-22,2.5,2.549999952316284,2.490000009536743,2.549999952316284,9974400
2025-10-23,2.4700000286102295,2.490000009536743,2.4100000858306885,2.490000009536743,14785800
2025-10-24,2.5399999618530273,2.549999952316284,2.4700000286102295,2.4700000286102295,7636200
2025-10-27,2.5199999809265137,2.569999933242798,2.4800000190734863,2.559999942779541,8788800
2025-10-28,2.5,2.5299999713897705,2.450000047683716,2.5299999713897705,15253800
2025-10-29,2.5299999713897705,2.5399999618530273,2.4800000190734863,2.5199999809265137,4113100
2025-10-30,2.559999942779541,2.5799999237060547,2.5199999809265137,2.5399999618530273,7619900
2025-10-31,2.5999999046325684,2.609999895095825,2.549999952316284,2.559999942779541,14054700
2025-11-03,2.569999933242798,2.680000066757202,2.569999933242798,2.640000104904175,10191100
2025-11-04,2.5299999713897705,2.5799999237060547,2.5199999809265137,2.569999933242798,4459800
2025-11-05,2.5399999618530273,2.559999942779541,2.4800000190734863,2.5,4015600
2025-11-06,2.559999942779541,2.569999933242798,2.5399999618530273,2.549999952316284,4004000
2025-11-07,2.559999942779541,2.559999942779541,2.5199999809265137,2.559999942779541,8225300
2025-11-10,2.490000009536743,2.569999933242798,2.490000009536743,2.559999942779541,5219300
2025-11-11,2.549999952316284,2.559999942779541,2.5,2.5,10319600
2025-11-12,2.549999952316284,2.569999933242798,2.5299999713897705,2.549999952316284,7693800
2025-11-13,2.490000009536743,2.549999952316284,2.4800000190734863,2.549999952316284,10548900
2025-11-14,2.4800000190734863,2.490000009536743,2.450000047683716,2.4800000190734863,11578500
2025-11-17,2.430000066757202,2.4800000190734863,2.4200000762939453,2.4800000190734863,12860700
2025-11-18,2.440000057220459,2.4600000381469727,2.4100000858306885,2.430000066757202,8308600
2025-11-19,2.440000057220459,2.4600000381469727,2.4100000858306885,2.4100000858306885,5663400
2025-11-20,2.440000057220459,2.490000009536743,2.440000057220459,2.4700000286102295,7197200
2025-11-21,2.4600000381469727,2.4700000286102295,2.4200000762939453,2.430000066757202,7862500
2025-11-24,2.309999942779541,2.4700000286102295,2.309999942779541,2.4600000381469727,22086000
2025-11-25,2.2899999618530273,2.369999885559082,2.2799999713897705,2.319999933242798,10267200
2025-11-26,2.309999942779541,2.3299999237060547,2.2799999713897705,2.309999942779541,10513100
2025-11-27,2.240000009536743,2.319999933242798,2.2300000190734863,2.309999942779541,10105600
2025-11-28,2.130000114440918,2.259999990463257,2.0799999237060547,2.25,28810800
2025-12-01,2.130000114440918,2.180000066757202,2.109999895095825,2.130000114440918,5377500
2025-12-02,2.119999885559082,2.1600000858306885,2.0899999141693115,2.130000114440918,13243700
2025-12-03,2.130000114440918,2.1600000858306885,2.0899999141693115,2.130000114440918,7341600
2025-12-04,2.119999885559082,2.140000104904175,2.0999999046325684,2.130000114440918,8598000
2025-12-05,2.130000114440918,2.1500000953674316,2.109999895095825,2.130000114440918,8094500
2025-12-08,2.0899999141693115,2.140000104904175,2.0899999141693115,2.140000104904175,6838600
2025-12-09,2.0999999046325684,2.119999885559082,2.059999942779541,2.0999999046325684,9203900
2025-12-10,2.049999952316284,2.109999895095825,2.049999952316284,2.0999999046325684,4266000
2025-12-11,2.009999990463257,2.0799999237060547,1.9900000095367432,2.059999942779541,11606100
2025-12-12,2.109999895095825,2.130000114440918,2.009999990463257,2.009999990463257,10033600
2025-12-15,2.119999885559082,2.1500000953674316,2.0899999141693115,2.109999895095825,5836100
2025-12-16,2.130000114440918,2.140000104904175,2.0899999141693115,2.119999885559082,4722600
2025-12-17,2.109999895095825,2.140000104904175,2.0999999046325684,2.130000114440918,5784900
2025-12-18,2.1700000762939453,2.190000057220459,2.0899999141693115,2.0999999046325684,7784800
2025-12-19,2.119999885559082,2.180000066757202,2.109999895095825,2.1700000762939453,8292400
2025-12-22,2.0999999046325684,2.1500000953674316,2.0799999237060547,2.130000114440918,8877500
2025-12-23,2.0999999046325684,2.119999885559082,2.0799999237060547,2.0999999046325684,5286800
2025-12-24,2.0799999237060547,2.119999885559082,2.069999933242798,2.0999999046325684,5141500
2025-12-26,2.069999933242798,2.0899999141693115,2.059999942779541,2.0799999237060547,5753700
2025-12-29,2.049999952316284,2.0799999237060547,2.0299999713897705,2.069999933242798,5760000
2025-12-30,2.069999933242798,2.069999933242798,2.0399999618530273,2.049999952316284,6443100
2025-12-31,2.0399999618530273,2.069999933242798,2.0399999618530273,2.069999933242798,9381000
2026-01-02,2.049999952316284,2.0799999237060547,2.0299999713897705,2.0399999618530273,3783500
2026-01-05,2.049999952316284,2.069999933242798,2.0399999618530273,2.049999952316284,6538900
2026-01-06,2.0299999713897705,2.0799999237060547,2.0299999713897705,2.059999942779541,8472000
2026-01-07,2.0299999713897705,2.049999952316284,2.0199999809265137,2.0299999713897705,10747400
2026-01-08,2.0399999618530273,2.0899999141693115,2.0299999713897705,2.0399999618530273,25462800
2026-01-09,2.049999952316284,2.059999942779541,2.0199999809265137,2.049999952316284,14127300
2026-01-12,2.059999942779541,2.0799999237060547,2.049999952316284,2.049999952316284,9341200
2026-01-13,2.1500000953674316,2.1600000858306885,2.069999933242798,2.069999933242798,17427000
2026-01-14,2.190000057220459,2.2200000286102295,2.1500000953674316,2.1600000858306885,16324300
2026-01-15,2.240000009536743,2.240000009536743,2.1600000858306885,2.200000047683716,12904200
2026-01-16,2.259999990463257,2.259999990463257,2.200000047683716,2.2300000190734863,10183300
2026-01-19,2.259999990463257,2.259999990463257,2.259999990463257,2.259999990463257,0
2026-01-20,2.259999990463257,2.319999933242798,2.2300000190734863,2.259999990463257,14866300
2026-01-21,2.2699999809265137,2.2899999618530273,2.2300000190734863,2.25,17143700
2026-01-22,2.2799999713897705,2.299999952316284,2.25,2.2799999713897705,8618000
2026-01-23,2.2799999713897705,2.299999952316284,2.2699999809265137,2.2799999713897705,5457100
2026-01-26,2.200000047683716,2.2799999713897705,2.200000047683716,2.2799999713897705,15600500
2026-01-27,2.1500000953674316,2.25,2.1500000953674316,2.200000047683716,19433600
2026-01-28,2.0999999046325684,2.190000057220459,2.0899999141693115,2.1500000953674316,13894700
2026-01-29,2.119999885559082,2.130000114440918,2.0799999237060547,2.109999895095825,9285100
2026-01-30,2.0799999237060547,2.130000114440918,2.059999942779541,2.119999885559082,10879400
2026-02-03,2.0799999237060547,2.130000114440918,2.069999933242798,2.0799999237060547,7034900
2026-02-04,2.0399999618530273,2.0999999046325684,2.0399999618530273,2.0799999237060547,7966500
2026-02-05,2.0,2.059999942779541,1.9700000286102295,2.059999942779541,13066600
2026-02-06,2.0,2.009999990463257,1.9600000381469727,1.9900000095367432,8774100
2026-02-09,2.0299999713897705,2.0399999618530273,1.9900000095367432,2.0299999713897705,12892700
2026-02-10,2.009999990463257,2.059999942779541,2.0,2.0399999618530273,9509100
2026-02-11,2.0,2.0399999618530273,1.9900000095367432,2.0199999809265137,9589600
2026-02-12,1.9800000190734863,2.0199999809265137,1.9700000286102295,2.0,11456700
2026-02-13,1.9600000381469727,1.9900000095367432,1.9500000476837158,1.9600000381469727,9211700
2026-02-16,1.9800000190734863,1.9900000095367432,1.9700000286102295,1.9700000286102295,3218800
2026-02-19,2.049999952316284,2.059999942779541,1.9800000190734863,1.9900000095367432,8680700
2026-02-20,2.0299999713897705,2.059999942779541,2.0,2.059999942779541,6520200
2026-02-23,2.0399999618530273,2.0399999618530273,1.9900000095367432,2.0299999713897705,7649800
2026-02-24,1.940000057220459,2.0199999809265137,1.940000057220459,2.0199999809265137,13319000
2026-02-25,1.9600000381469727,1.9800000190734863,1.9299999475479126,1.9600000381469727,18803200
2026-02-26,1.9199999570846558,1.9700000286102295,1.899999976158142,1.9600000381469727,11378500
2026-02-27,1.840000033378601,1.9299999475479126,1.8200000524520874,1.9299999475479126,36609500
2026-03-02,1.7899999618530273,1.8200000524520874,1.7599999904632568,1.7999999523162842,17952600
2026-03-03,1.7899999618530273,1.8600000143051147,1.7599999904632568,1.7899999618530273,15153900
2026-03-04,1.690000057220459,1.809999942779541,1.690000057220459,1.7899999618530273,25247200
2026-03-05,1.7000000476837158,1.7400000095367432,1.659999966621399,1.7300000190734863,16510400
2026-03-06,1.7300000190734863,1.7400000095367432,1.6699999570846558,1.690000057220459,11678000
2026-03-09,1.6100000143051147,1.6799999475479126,1.590000033378601,1.6699999570846558,19330500
2026-03-10,1.6699999570846558,1.7000000476837158,1.649999976158142,1.659999966621399,14060600
2026-03-11,1.6299999952316284,1.6699999570846558,1.6100000143051147,1.6699999570846558,22067800
2026-03-12,1.6699999570846558,1.6799999475479126,1.600000023841858,1.6100000143051147,15925000
2026-03-13,1.6799999475479126,1.690000057220459,1.6399999856948853,1.649999976158142,12934500
2026-03-16,1.659999966621399,1.7000000476837158,1.649999976158142,1.6799999475479126,11884500
2026-03-17,1.7300000190734863,1.75,1.659999966621399,1.6699999570846558,20927600
2026-03-18,1.7699999809265137,1.7899999618530273,1.7400000095367432,1.7400000095367432,14788400
2026-03-19,1.649999976158142,1.7699999809265137,1.649999976158142,1.7599999904632568,29227600
2026-03-20,1.649999976158142,1.649999976158142,1.649999976158142,1.649999976158142,0
2026-03-24,1.6699999570846558,1.690000057220459,1.6299999952316284,1.6699999570846558,13479300
2026-03-25,1.6799999475479126,1.7100000381469727,1.6399999856948853,1.7000000476837158,12298900
2026-03-26,1.649999976158142,1.6799999475479126,1.649999976158142,1.659999966621399,12776500
2026-03-27,1.6699999570846558,1.690000057220459,1.649999976158142,1.649999976158142,12057700
2026-03-30,1.6100000143051147,1.659999966621399,1.5800000429153442,1.6399999856948853,36275500
2026-03-31,1.690000057220459,1.7100000381469727,1.5800000429153442,1.6100000143051147,26664800
2026-04-01,1.75,1.7699999809265137,1.7000000476837158,1.7300000190734863,19644900
2026-04-02,1.75,1.7799999713897705,1.6799999475479126,1.7699999809265137,14574100
2026-04-03,1.8799999952316284,1.909999966621399,1.75,1.75,40380400
2026-04-06,1.899999976158142,1.9299999475479126,1.8700000047683716,1.9199999570846558,22503100
2026-04-07,1.8899999856948853,1.909999966621399,1.850000023841858,1.899999976158142,6935200
2026-04-08,1.9500000476837158,1.9800000190734863,1.899999976158142,1.9299999475479126,18754900
2026-04-09,1.940000057220459,1.9700000286102295,1.899999976158142,1.9600000381469727,10896300
2026-04-10,1.9900000095367432,1.9900000095367432,1.909999966621399,1.9500000476837158,17700200
2026-04-13,1.9600000381469727,1.9700000286102295,1.9299999475479126,1.9500000476837158,13096400
2026-04-14,1.9900000095367432,2.009999990463257,1.9600000381469727,1.9800000190734863,14560300
2026-04-15,1.9800000190734863,2.0399999618530273,1.9600000381469727,2.009999990463257,10467100
2026-04-16,2.0,2.009999990463257,1.9800000190734863,1.9900000095367432,11697200
2026-04-17,1.9500000476837158,2.009999990463257,1.9199999570846558,2.009999990463257,16130500
2026-04-20,1.940000057220459,1.9800000190734863,1.9299999475479126,1.9500000476837158,10759900
2026-04-21,1.9900000095367432,2.0199999809265137,1.940000057220459,1.940000057220459,12562600
2026-04-22,1.9800000190734863,2.0199999809265137,1.9800000190734863,2.0,10904900
2026-04-23,2.0199999809265137,2.0399999618530273,1.9800000190734863,1.9900000095367432,15813700
2026-04-24,2.009999990463257,2.0299999713897705,1.9900000095367432,2.0299999713897705,7169700
2026-04-27,2.0399999618530273,2.0799999237060547,2.0,2.009999990463257,12596800
2026-04-28,2.0999999046325684,2.109999895095825,2.0399999618530273,2.049999952316284,12804100
2026-04-29,2.0899999141693115,2.130000114440918,2.049999952316284,2.0999999046325684,12114200
2026-04-30,2.0399999618530273,2.0799999237060547,2.0299999713897705,2.0799999237060547,14883700
2026-05-04,2.109999895095825,2.119999885559082,2.0299999713897705,2.049999952316284,13169600
2026-05-05,2.0899999141693115,2.0999999046325684,2.049999952316284,2.0899999141693115,16459300
2026-05-06,2.309999942779541,2.3299999237060547,2.0799999237060547,2.0899999141693115,57590200
2026-05-07,2.359999895095825,2.369999885559082,2.299999952316284,2.3399999141693115,33851800
2026-05-08,2.259999990463257,2.3499999046325684,2.240000009536743,2.3499999046325684,27541700
2026-05-11,2.319999933242798,2.369999885559082,2.2699999809265137,2.2799999713897705,29150200
2026-05-12,2.319999933242798,2.359999895095825,2.309999942779541,2.319999933242798,19021700
2026-05-13,2.2300000190734863,2.3299999237060547,2.2200000286102295,2.319999933242798,23501000
2026-05-14,2.1700000762939453,2.259999990463257,2.1600000858306885,2.2300000190734863,16852000
2026-05-15,2.1500000953674316,2.190000057220459,2.059999942779541,2.1700000762939453,28561900
2026-05-18,2.119999885559082,2.140000104904175,2.0799999237060547,2.119999885559082,16077300
2026-05-19,2.1500000953674316,2.180000066757202,2.0999999046325684,2.119999885559082,19303000
2026-05-20,2.0999999046325684,2.1500000953674316,2.0999999046325684,2.1500000953674316,13575400
2026-05-21,2.130000114440918,2.180000066757202,2.109999895095825,2.119999885559082,20273000
2026-05-22,2.109999895095825,2.180000066757202,2.109999895095825,2.130000114440918,15491200
2026-05-25,2.119999885559082,2.140000104904175,2.0399999618530273,2.119999885559082,57371400
2026-05-26,2.069999933242798,2.130000114440918,2.0399999618530273,2.109999895095825,40716700
2026-05-27,2.069999933242798,2.069999933242798,2.069999933242798,2.069999933242798,0
2026-05-28,2.0399999618530273,2.069999933242798,2.0,2.059999942779541,63080500
2026-05-29,2.049999952316284,2.140000104904175,2.0,2.0,295545500
2026-06-02,2.049999952316284,2.049999952316284,2.049999952316284,2.049999952316284,0
2026-06-03,2.0999999046325684,2.1600000858306885,2.069999933242798,2.0799999237060547,30284600
2026-06-04,2.069999933242798,2.130000114440918,2.069999933242798,2.0899999141693115,18548200
2026-06-05,2.069999933242798,2.0999999046325684,2.049999952316284,2.0799999237060547,18728800
2026-06-08,2.009999990463257,2.049999952316284,2.0,2.0399999618530273,20930300
2026-06-09,2.0199999809265137,2.0399999618530273,2.0,2.0299999713897705,16647100
2026-06-10,1.9800000190734863,2.009999990463257,1.9500000476837158,2.009999990463257,24014700
2026-06-11,1.9700000286102295,1.9900000095367432,1.9299999475479126,1.9500000476837158,16019700
2026-06-12,1.9800000190734863,2.009999990463257,1.9600000381469727,1.9900000095367432,14974200
2026-06-15,2.069999933242798,2.0799999237060547,2.0,2.0,25525700
2026-06-16,2.0999999046325684,2.109999895095825,2.049999952316284,2.0799999237060547,16083900
2026-06-18,2.0399999618530273,2.109999895095825,2.0299999713897705,2.0999999046325684,14857200
2026-06-19,2.009999990463257,2.069999933242798,2.009999990463257,2.049999952316284,29295700
2026-06-22,2.059999942779541,2.069999933242798,1.9900000095367432,2.0,13299300
2026-06-23,2.0299999713897705,2.0799999237060547,2.0299999713897705,2.059999942779541,11858200
2026-06-24,2.0399999618530273,2.059999942779541,2.0299999713897705,2.0399999618530273,5614800
2026-06-25,2.009999990463257,2.069999933242798,2.0,2.0399999618530273,5973800
2026-06-26,2.0299999713897705,2.0299999713897705,1.9800000190734863,2.009999990463257,6431900
2026-06-29,2.069999933242798,2.0799999237060547,2.0,2.0299999713897705,9155300
2026-06-30,2.0399999618530273,2.0899999141693115,2.0399999618530273,2.069999933242798,5805300
2026-07-01,2.1600000858306885,2.180000066757202,2.0399999618530273,2.049999952316284,33370700
2026-07-02,2.0799999237060547,2.1600000858306885,2.059999942779541,2.1600000858306885,14447500
2026-07-03,2.0799999237060547,2.119999885559082,2.069999933242798,2.0799999237060547,7681400
2026-07-06,2.049999952316284,2.0999999046325684,2.0399999618530273,2.0899999141693115,9788000
2026-07-07,2.0399999618530273,2.069999933242798,2.0199999809265137,2.049999952316284,6581100
2026-07-08,2.009999990463257,2.059999942779541,2.0,2.059999942779541,12116800
2026-07-09,2.009999990463257,2.0199999809265137,1.9900000095367432,2.009999990463257,10694700
2026-07-10,2.009999990463257,2.0399999618530273,2.0,2.009999990463257,7355800
2026-07-13,2.0,2.009999990463257,1.9800000190734863,2.009999990463257,10240300
2026-07-14,2.0199999809265137,2.0199999809265137,1.9700000286102295,2.0,10229500
2026-07-15,1.9800000190734863,2.0199999809265137,1.9800000190734863,2.009999990463257,10885900
2026-07-16,2.0,2.009999990463257,1.9700000286102295,1.9900000095367432,7387000
2026-07-17,2.0,2.009999990463257,1.9800000190734863,1.9900000095367432,9890400
2026-07-20,1.9900000095367432,2.009999990463257,1.9800000190734863,2.0,5384700
2026-07-21,2.0,2.0199999809265137,1.9800000190734863,1.9900000095367432,13339100
2026-07-22,1.9700000286102295,2.009999990463257,1.9700000286102295,2.0,12841700
2026-07-23,1.9800000190734863,1.9900000095367432,1.9700000286102295,1.9700000286102295,8107000
2026-07-24,1.9500000476837158,1.9700000286102295,1.9299999475479126,1.9700000286102295,10318700
2026-07-27,1.9500000476837158,1.9700000286102295,1.940000057220459,1.9600000381469727,4472300
2026-07-28,1.940000057220459,1.9500000476837158,1.909999966621399,1.9500000476837158,7280000
2026-07-29,1.940000057220459,1.9500000476837158,1.9199999570846558,1.940000057220459,6205300
2026-07-30,1.9199999570846558,1.940000057220459,1.909999966621399,1.9199999570846558,4604100
2026-07-31,1.940000057220459,1.9600000381469727,1.9199999570846558,1.940000057220459,5847000
2026-08-03,1.909999966621399,1.9500000476837158,1.909999966621399,1.9500000476837158,7177900
2026-08-04,1.9199999570846558,1.9500000476837158,1.909999966621399,1.9199999570846558,7720500
2026-08-05,1.9700000286102295,1.9900000095367432,1.9199999570846558,1.9299999475479126,12484600
2026-08-06,1.9700000286102295,1.9900000095367432,1.9500000476837158,1.9700000286102295,6271900
2026-08-07,2.119999885559082,2.140000104904175,1.9700000286102295,1.9700000286102295,44473300
2026-08-10,2.1500000953674316,2.1700000762939453,2.0799999237060547,2.130000114440918,12604000
2026-08-11,2.1700000762939453,2.2200000286102295,2.130000114440918,2.1500000953674316,17063200
2026-08-12,2.25,2.299999952316284,2.1700000762939453,2.1700000762939453,28844100
2026-08-13,2.2100000381469727,2.259999990463257,2.190000057220459,2.25,20100800
2026-08-14,2.2699999809265137,2.2799999713897705,2.180000066757202,2.200000047683716,18036100
2026-08-17,2.299999952316284,2.309999942779541,2.240000009536743,2.2699999809265137,24284900
2026-08-18,2.240000009536743,2.3299999237060547,2.2300000190734863,2.2899999618530273,18533900
2026-08-19,2.2200000286102295,2.25,2.190000057220459,2.240000009536743,11735200
2026-08-20,2.430000066757202,2.450000047683716,2.2300000190734863,2.2300000190734863,84284300
2026-08-21,2.490000009536743,2.5,2.3299999237060547,2.3499999046325684,57148900
2026-08-24,2.4200000762939453,2.4800000190734863,2.369999885559082,2.4800000190734863,18564500
2026-08-25,2.4200000762939453,2.4200000762939453,2.4200000762939453,2.4200000762939453,0
2026-08-26,2.5799999237060547,2.5999999046325684,2.4200000762939453,2.4200000762939453,53582100
2026-08-27,2.569999933242798,2.640000104904175,2.5399999618530273,2.5999999046325684,34815700
2026-08-28,2.4800000190734863,2.5899999141693115,2.4700000286102295,2.569999933242798,18552800
2026-08-31,2.4800000190734863,2.4800000190734863,2.4800000190734863,2.4800000190734863,0
2026-09-01,2.4000000953674316,2.5,2.390000104904175,2.450000047683716,19307000
2026-09-02,2.4000000953674316,2.430000066757202,2.3399999141693115,2.4000000953674316,26557000
2026-09-03,2.4000000953674316,2.4200000762939453,2.3499999046325684,2.4000000953674316,23411000
