Date,Close,High,Low,Open,Volume
2015-01-02,0.9104644060134888,0.9104644060134887,0.8986402039319322,0.8986402039319322,491700
2015-01-05,0.8986400961875916,0.9104642968514607,0.8986400961875916,0.9045521965195261,1773300
2015-01-06,0.9104644060134888,0.9104644060134887,0.8868160018503759,0.8868160018503759,1679700
2015-01-07,0.8868162035942078,0.9045525107514153,0.8868162035942078,0.9045525107514153,3608000
2015-01-08,0.8986400961875916,0.8986400961875916,0.880903795191788,0.8868158955237225,2173000
2015-01-09,0.8986400961875916,0.8986400961875916,0.8868158955237225,0.8986400961875916,1584400
2015-01-12,0.8927283883094788,0.9045525941714068,0.8868162853785149,0.9045525941714068,2315200
2015-01-13,0.8868162035942078,0.9045525107514153,0.8868162035942078,0.8927283059799437,2908000
2015-01-14,0.8927283883094788,0.8986404912404428,0.8868162853785149,0.8868162853785149,3751100
2015-01-15,0.8986400961875916,0.9104642968514607,0.8868158955237225,0.8927279958556571,4971400
2015-01-16,0.8986400961875916,0.9045521965195261,0.8986400961875916,0.8986400961875916,936000
2015-01-19,0.9045524001121521,0.904552400112152,0.898640298449548,0.898640298449548,3154600
2015-01-20,0.8986400961875916,0.9045521965195261,0.8927279958556571,0.9045521965195261,1218000
2015-01-21,0.9045524001121521,0.910464501774756,0.898640298449548,0.898640298449548,3432400
2015-01-22,0.9045524001121521,0.910464501774756,0.898640298449548,0.898640298449548,3705500
2015-01-23,0.9045524001121521,0.910464501774756,0.898640298449548,0.904552400112152,2179000
2015-01-26,0.9045524001121521,0.9163766034373602,0.904552400112152,0.904552400112152,3340700
2015-01-27,0.9341126680374146,0.9400247677325169,0.904552099084115,0.904552099084115,4061700
2015-01-28,0.9341126680374146,0.9459368674276193,0.9282005683423121,0.9341126680374146,3361500
2015-01-29,0.9222887754440308,0.9341130501489016,0.9163766733305037,0.9341130501489016,1611900
2015-01-30,0.916376531124115,0.9282008039940552,0.9104644299280475,0.9222886323201823,1792800
2015-02-04,0.9459370374679565,0.9459370374679565,0.916376463200889,0.916376463200889,3094000
2015-02-05,0.9222887754440308,0.9459372543759559,0.9222887754440309,0.9459372543759559,1381100
2015-02-06,0.928200900554657,0.9341130023657594,0.9163766264546391,0.9341130023657594,3255300
2015-02-09,0.916376531124115,0.9282008039940552,0.9163765311241149,0.9222886323201823,5123700
2015-02-10,0.928200900554657,0.9341130023657594,0.9222887282657416,0.9222887282657416,4542200
2015-02-11,0.9222887754440308,0.9341130501489016,0.9222887754440309,0.9282009480353745,7745400
2015-02-12,0.9185552000999451,0.9244813572119165,0.9126290429879738,0.9244813572119165,4510900
2015-02-13,0.9185552000999451,0.9244813572119165,0.9185552000999452,0.9244813572119165,2310700
2015-02-16,0.9244813323020935,0.9304075598997501,0.9244813323020935,0.9244813323020935,55300
2015-02-17,0.9422601461410522,0.9481863048061532,0.9244815995003653,0.9304078288108502,621100
2015-02-18,0.9481858015060425,0.9481858015060425,0.9363334904670857,0.9363334904670857,229200
2015-02-23,0.9422601461410522,0.9481863048061532,0.9244815995003653,0.9244815995003653,1616200
2015-02-24,0.9837431311607361,0.9837431311607361,0.9422600258029286,0.9422600258029286,1836500
2015-02-25,0.9778168797492981,0.9778168797492981,0.9600384077245797,0.9718907224077253,2422500
2015-02-26,0.9778168797492981,0.9778168797492981,0.954112250383007,0.9778168797492981,850400
2015-02-27,0.9659646153450012,0.9955954035951597,0.9659646153450011,0.9718907729950329,1601200
2015-03-02,0.9778168797492981,0.9778168797492981,0.9481860930414341,0.9659645650661525,1208500
2015-03-03,0.9837431311607361,0.9896692890689943,0.9718908153442196,0.9778169732524779,1277100
2015-03-04,0.9778168797492981,0.9896691944324437,0.9778168797492981,0.983743037090871,1156100
2015-03-05,0.989669144153595,0.9896691441535951,0.9778168300725908,0.9778168300725908,1023100
2015-03-06,0.9659646153450012,0.9955954035951597,0.9659646153450011,0.989669245945128,684600
2015-03-09,0.9422601461410522,0.9659647808014563,0.9422601461410522,0.9659647808014563,1468200
2015-03-10,0.9422601461410522,0.9541124634712542,0.9363339874759512,0.9481863048061532,3780900
2015-03-11,0.9304076433181763,0.9481861157690368,0.9304076433181763,0.9422599582854166,2153300
2015-03-12,0.9304076433181763,0.9481861157690368,0.9304076433181763,0.9363338008017964,3330300
2015-03-13,0.9481858015060425,0.9481858015060425,0.9304073349476073,0.9304073349476073,2420900
2015-03-16,0.9126290082931519,0.942259863371917,0.9007766945197908,0.942259863371917,3646700
2015-03-17,0.9304076433181763,0.9304076433181763,0.912629100221946,0.9185552577055661,2688500
2015-03-18,0.9067028164863586,0.9304075137654975,0.9067028164863588,0.9304075137654975,1076100
2015-03-19,0.9244813323020935,0.9304075598997501,0.9185551753498004,0.9185551753498004,1887500
2015-03-20,0.9304076433181763,0.9304076433181763,0.912629100221946,0.9304076433181763,5767600
2015-03-23,0.9363334774971008,0.9363334774971008,0.9244810959769757,0.9304073220597109,7381000
2015-03-24,0.9244813323020935,0.9363337168520433,0.9185551753498004,0.9244813323020935,5604400
2015-03-25,0.9244813323020935,0.9363337168520433,0.9185551753498004,0.9363337168520433,1944200
2015-03-26,0.9304076433181763,0.9422599582854166,0.9244814151891864,0.9304076433181763,2465700
2015-03-27,0.9304076433181763,0.9363338008017964,0.9304076433181763,0.9304076433181763,2236700
2015-03-30,0.9244813323020935,0.9363337168520433,0.9185551753498004,0.9304075598997501,4718100
2015-03-31,0.9304076433181763,0.9304076433181763,0.9185552577055661,0.9185552577055661,2293100
2015-04-01,0.9304076433181763,0.9363338008017964,0.9244814151891864,0.9244814151891864,4453300
2015-04-02,0.9659646153450012,0.9659646153450011,0.9304076694448109,0.9304076694448109,3182300
2015-04-03,0.9659646153450012,0.9659646153450011,0.9541123000449377,0.9600384576949694,47200
2015-04-06,0.989669144153595,0.9955953011940972,0.9481860448700801,0.9659645159915865,1666500
2015-04-07,1.0074477195739746,1.0074477195739746,0.9837430199747528,0.9955953344516802,1803300
2015-04-08,1.0133737325668335,1.0252260453566795,1.0015214197769875,1.0074475761719104,1630700
2015-04-09,1.0074477195739746,1.0193000340509022,0.9896691772132166,1.0074477195739746,1437900
2015-04-10,0.9955955147743225,1.0074479020433258,0.9896693564625106,1.0074479020433258,905500
2015-04-13,0.989669144153595,1.0015215288799637,0.9837429871130929,0.9955953011940972,882700
2015-04-14,0.989669144153595,0.9896691441535951,0.9778168300725908,0.9896691441535951,330700
2015-04-15,0.989669144153595,0.9955953011940972,0.9896691441535951,0.9896691441535951,1085000
2015-04-16,0.9955955147743225,1.0015217437315138,0.9778170398388869,0.9837431981506988,3087400
2015-04-17,1.0015214681625366,1.0015214681625366,0.9778167707922654,0.9955952408359487,1940800
2015-04-20,0.989669144153595,0.9955953011940972,0.9837429871130929,0.9837429871130929,515300
2015-04-21,1.0015214681625366,1.0015214681625366,0.989669084154721,0.989669084154721,2616600
2015-04-22,1.0192999839782715,1.0192999839782715,0.9955952855435318,0.9955952855435318,2650700
2015-04-23,1.0192999839782715,1.0192999839782715,0.9955952855435318,1.0074476700835833,1388800
2015-04-24,1.0074477195739746,1.0133738768124383,1.0074477195739746,1.0133738768124383,674700
2015-04-27,1.0015214681625366,1.01929993820622,0.989669084154721,1.01929993820622,2289800
2015-04-28,1.0074477195739746,1.0133738768124383,1.001521562335511,1.0074477195739746,1568900
2015-04-29,0.9837431311607361,1.0074478334391437,0.9837431311607361,1.0015216755308856,1016200
2015-04-30,1.0133737325668335,1.0192998889617566,0.9896690363417846,0.9896690363417846,2189700
2015-05-05,1.0370783805847168,1.0370783805847168,1.007447597969011,1.0133737544921522,3283900
2015-05-06,1.0192999839782715,1.043004611767648,0.9896691285961877,1.043004611767648,2132700
2015-05-07,0.9955955147743225,1.0193002186669493,0.9896693564625106,1.0193002186669493,3438200
2015-05-08,1.0074477195739746,1.0133738768124383,0.9896691772132166,0.9896691772132166,1696000
2015-05-11,1.0074477195739746,1.0193000340509022,1.001521562335511,1.0133738768124383,1827100
2015-05-12,1.0074477195739746,1.0133738768124383,1.001521562335511,1.0133738768124383,1169700
2015-05-13,1.0015214681625366,1.0133737815249921,0.989669084154721,1.0074476248437645,2513600
2015-05-14,1.0035403966903687,1.0154166026745293,0.9916641199184367,0.9916641199184367,1605900
2015-05-15,0.9916643500328064,1.0094787339306224,0.9916643500328064,0.9916643500328064,482600
2015-05-18,1.0094786882400513,1.0213548964425343,0.991664305148542,0.991664305148542,1824800
2015-05-19,1.0154167413711548,1.0213548451743257,1.009478637567984,1.009478637567984,1346300
2015-05-20,1.0035403966903687,1.0154166026745293,1.0035403966903687,1.009478499682449,250800
2015-05-21,0.9916643500328064,1.0094787339306224,0.9916643500328064,0.9976024544028158,2218800
2015-05-22,0.9916643500328064,1.0094787339306224,0.9916643500328064,0.9976024544028158,1730000
2015-05-25,0.9857264161109924,0.9976026269046019,0.9797883107141876,0.9916645215077972,2253200
2015-05-26,0.9797880053520203,1.0035404903243053,0.9738499018058936,0.985726108898147,2746100
2015-05-27,0.9738500714302063,0.9797881760106267,0.9738500714302064,0.9797881760106267,3937700
2015-05-28,0.9857264161109924,0.9976026269046019,0.9738502053173829,0.9797883107141876,1495900
2015-05-29,0.9560355544090271,0.9857260709980938,0.9382212444555871,0.9857260709980938,4401000
2015-06-01,0.9976024031639099,0.9976024031639099,0.9560356747087967,0.9560356747087967,899100
2015-06-02,0.9857264161109924,1.0035408030892068,0.9797883107141876,1.0035408030892068,1502100
2015-06-03,1.0094786882400513,1.015416792341293,0.991664305148542,0.9976024092497835,1581500
2015-06-04,1.0213547945022583,1.0213547945022583,1.00354048397656,1.0154166909936921,1145200
2015-06-05,1.0094786882400513,1.015416792341293,0.9976024092497835,1.015416792341293,3248800
2015-06-08,1.0094786882400513,1.015416792341293,0.9797880969460588,1.0094786882400513,2775300
2015-06-09,0.9857264161109924,1.0094789084860114,0.9797883107141876,1.0094789084860114,3398300
2015-06-10,0.9857264161109924,0.9916645215077972,0.9797883107141876,0.9916645215077972,2091400
2015-06-11,0.9916643500328064,0.9916643500328064,0.9797881412927877,0.9857262456627971,2249000
2015-06-12,0.9857264161109924,0.9976026269046019,0.9857264161109923,0.9857264161109923,872900
2015-06-15,0.9738500714302063,0.9916643851714674,0.9738500714302064,0.985726280591047,3029700
2015-06-16,0.9619739055633545,0.9797882201063552,0.9619739055633545,0.9679120104110214,2906100
2015-06-17,0.9619739055633545,0.9679120104110214,0.9560358007156876,0.9619739055633545,2946300
2015-06-18,0.9560355544090271,0.9679117610446538,0.9500974510912138,0.9619736577268405,4332800
2015-06-19,0.9560355544090271,0.9619736577268405,0.9500974510912138,0.9619736577268405,4323000
2015-06-22,0.9500972032546997,0.961973406792373,0.9500972032546997,0.9560353050235363,6192800
2015-06-23,0.944159746170044,0.9560359578169443,0.944159746170044,0.9500978519934942,4753700
2015-06-24,0.9500972032546997,0.9560353050235363,0.944159101485863,0.944159101485863,3719100
2015-06-25,0.944159746170044,0.9500978519934942,0.944159746170044,0.9500978519934942,4515300
2015-06-26,0.9500972032546997,0.9500972032546997,0.944159101485863,0.9500972032546997,1391900
2015-06-29,0.9382211565971375,0.9500973621206329,0.9204067775241255,0.9500973621206329,4540200
2015-06-30,0.9144687652587891,0.9382212494441097,0.914468765258789,0.9382212494441097,6528100
2015-07-01,0.932283341884613,0.9382214464810674,0.9144689573074594,0.9204070619039137,6847400
2015-07-02,0.932283341884613,0.9382214464810674,0.9263451665003681,0.9382214464810674,4404000
2015-07-03,0.932283341884613,0.9382214464810674,0.9263451665003681,0.932283341884613,15091300
2015-07-06,0.932283341884613,0.932283341884613,0.9204070619039137,0.932283341884613,12200000
2015-07-07,0.9263450503349304,0.9322832249745169,0.9263450503349303,0.9322832249745169,7876500
2015-07-08,0.9204069972038269,0.9263451013828617,0.9144688930247921,0.9204069972038269,6037000
2015-07-09,0.9144687652587891,0.9204068686081752,0.914468765258789,0.914468765258789,3111800
2015-07-10,0.9204069972038269,0.9204069972038269,0.9144688930247921,0.9204069972038269,9033600
2015-07-13,0.9144687652587891,0.9263449719575615,0.914468765258789,0.914468765258789,9718000
2015-07-14,0.9263450503349304,0.9263450503349303,0.9144688426313208,0.9204069464831256,7846000
2015-07-15,0.9263450503349304,0.9263450503349303,0.9144688426313208,0.9204069464831256,2906800
2015-07-16,0.9204069972038269,0.9204069972038269,0.9144688930247921,0.9204069972038269,222000
2015-07-20,0.9204069972038269,0.9263451013828617,0.9144688930247921,0.9204069972038269,5666500
2015-07-21,0.9382211565971375,0.9382211565971375,0.9204067775241255,0.9204067775241255,236800
2015-07-22,0.9263450503349304,0.9382213288263216,0.9263450503349303,0.9263450503349303,5306600
2015-07-23,0.944159746170044,0.944159746170044,0.9263453579118883,0.9263453579118883,6841400
2015-07-24,0.9263450503349304,0.9382213288263216,0.9263450503349303,0.9322832249745169,2148900
2015-07-27,0.932283341884613,0.9382214464810674,0.9263451665003681,0.9382214464810674,5769300
2015-07-28,0.9144687652587891,0.9322831460947234,0.914468765258789,0.9263449719575615,5256900
2015-07-29,0.9204069972038269,0.9263451013828617,0.9144688930247921,0.9204069972038269,3924700
2015-07-30,0.9204069972038269,0.9263451013828617,0.9144688930247921,0.9204069972038269,1635000
2015-07-31,0.9263450503349304,0.9263450503349303,0.9204069464831256,0.9204069464831256,1783500
2015-08-03,0.9263450503349304,0.9263450503349303,0.9204069464831256,0.9263450503349303,1507700
2015-08-04,0.9204069972038269,0.9263451013828617,0.9144688930247921,0.9263451013828617,3637700
2015-08-05,0.9204069972038269,0.9263451013828617,0.9144688930247921,0.9204069972038269,3948800
2015-08-06,0.9144687652587891,0.9263449719575615,0.914468765258789,0.9204068686081752,2619400
2015-08-07,0.9204069972038269,0.9204069972038269,0.9085307888457572,0.9204069972038269,700400
2015-08-10,0.9144687652587891,0.914468765258789,0.9025925585600165,0.914468765258789,1335000
2015-08-11,0.9085306525230408,0.9204068590991158,0.9025925492350032,0.9085306525230407,3715100
2015-08-12,0.8907164335250854,0.9085307452065193,0.8788402257374628,0.9085307452065193,5378600
2015-08-13,0.8966547250747681,0.9025928302113324,0.8907166199382038,0.8907166199382038,4059500
2015-08-14,0.8966547250747681,0.9025928302113324,0.8907166199382038,0.9025928302113324,5842300
2015-08-17,0.8907164335250854,0.8966545374188967,0.8847783296312741,0.8907164335250854,2815200
2015-08-18,0.8907164335250854,0.8907164335250854,0.8847783296312741,0.8907164335250854,6160300
2015-08-19,0.8907164335250854,0.8907164335250854,0.8847783296312741,0.8907164335250854,3783900
2015-08-20,0.8907164335250854,0.8907164335250854,0.8847783296312741,0.8907164335250854,5308000
2015-08-21,0.8907164335250854,0.8907164335250854,0.8847783296312741,0.8907164335250854,2841700
2015-08-24,0.8834933042526245,0.8834933042526245,0.8775237606695047,0.8834933042526245,5869800
2015-08-25,0.8834933042526245,0.9014019350019844,0.8715542170863847,0.8715542170863847,13547800
2015-08-26,0.8954324126243591,0.8954324126243591,0.8894628688998694,0.8894628688998694,4711300
2015-08-27,0.8954324126243591,0.8954324126243591,0.8894628688998694,0.8954324126243591,1812500
2015-08-28,0.8894628286361694,0.8954323720904332,0.8894628286361694,0.8954323720904332,645600
2015-09-01,0.8894628286361694,0.8954323720904332,0.8834932851819055,0.8954323720904332,3068900
2015-09-02,0.8834933042526245,0.8894628478357445,0.8775237606695047,0.8894628478357445,2483600
2015-09-03,0.87752366065979,0.8894627464653548,0.8715541177570076,0.8894627464653548,3611500
2015-09-04,0.87752366065979,0.8834932035625724,0.8715541177570076,0.87752366065979,1759900
2015-09-07,0.8894628286361694,0.8894628286361694,0.8715541982733779,0.8834932851819055,4184800
2015-09-08,0.8834933042526245,0.8894628478357445,0.8775237606695047,0.8834933042526245,2859500
2015-09-09,0.9073713421821594,0.9133408848678924,0.8834931714392276,0.8894627141249605,3527200
2015-09-10,0.9014021158218384,0.9133412053830409,0.8894630262606358,0.9133412053830409,2466400
2015-09-11,0.9073713421821594,0.9073713421821594,0.8894627141249605,0.9073713421821594,1438900
2015-09-14,0.9133409261703491,0.9193104691260325,0.9073713832146656,0.9193104691260325,3214200
2015-09-15,0.9133409261703491,0.9193104691260325,0.9073713832146656,0.913340926170349,5801200
2015-09-17,0.9133409261703491,0.913340926170349,0.9073713832146656,0.913340926170349,6387700
2015-09-18,0.8894628286361694,0.9252800893617525,0.8834932851819055,0.907371458998961,20727200
2015-09-21,0.8954324126243591,0.9014019563488489,0.8894628688998694,0.8954324126243591,6958100
2015-09-22,0.9014021158218384,0.9073716606024397,0.8954325710412371,0.9014021158218384,1170700
2015-09-23,0.9073713421821594,0.9133408848678924,0.8954322568106935,0.9014017994964265,1851800
2015-09-25,0.9133409261703491,0.9193104691260325,0.8954322973032988,0.9073713832146656,2159700
2015-09-28,0.9252800345420837,0.9312495776426726,0.907371405240317,0.913340948340906,2390900
2015-09-29,0.9252800345420837,0.9312495776426726,0.913340948340906,0.9252800345420837,1624600
2015-09-30,0.9252800345420837,0.9312495776426726,0.913340948340906,0.9252800345420837,1930000
2015-10-01,0.9252800345420837,0.9312495776426726,0.9193104914414948,0.9312495776426726,657400
2015-10-02,0.9133409261703491,0.925280012081716,0.913340926170349,0.925280012081716,929500
2015-10-05,0.9193105697631836,0.9252801133723544,0.9133410261540128,0.9252801133723544,2575500
2015-10-06,0.9312496781349182,0.9312496781349182,0.9133410469006101,0.9252801343901488,2540300
2015-10-07,0.9193105697631836,0.9312496569815253,0.9193105697631836,0.9252801133723544,2263100
2015-10-08,0.9014021158218384,0.9312498397248448,0.9014021158218384,0.9312498397248448,3561100
2015-10-09,0.9073713421821594,0.9193104275536255,0.9014017994964265,0.9193104275536255,428500
2015-10-12,0.9133409261703491,0.925280012081716,0.9073713832146656,0.913340926170349,667000
2015-10-13,0.9014021158218384,0.9193107501636422,0.9014021158218384,0.9193107501636422,730800
2015-10-15,0.9014021158218384,0.9014021158218384,0.9014021158218384,0.9014021158218384,0
2015-10-16,0.9193105697631836,0.9193105697631836,0.9014019389356711,0.9014019389356711,9887600
2015-10-19,0.9312496781349182,0.9312496781349182,0.9073715031558407,0.9193105906453795,727800
2015-10-20,0.9073713421821594,0.9193104275536255,0.8954322568106935,0.9193104275536255,3655700
2015-10-21,0.9014021158218384,0.9133412053830409,0.9014021158218384,0.9073716606024397,3798000
2015-10-22,0.9014021158218384,0.9133412053830409,0.9014021158218384,0.9073716606024397,1909100
2015-10-23,0.9133409261703491,0.9193104691260325,0.9014018402589822,0.913340926170349,629500
2015-10-26,0.9133409261703491,0.913340926170349,0.913340926170349,0.913340926170349,0
2015-10-27,0.9133409261703491,0.913340926170349,0.8954322973032988,0.913340926170349,3692700
2015-10-28,0.8954324126243591,0.9073715000733387,0.8954324126243591,0.9073715000733387,4821600
2015-10-29,0.8894628286361694,0.9014019155446971,0.8894628286361694,0.9014019155446971,2962600
2015-10-30,0.9133409261703491,0.913340926170349,0.8954322973032988,0.8954322973032988,1433800
2015-11-02,0.9014021158218384,0.9133412053830409,0.9014021158218384,0.9073716606024397,4379100
2015-11-03,0.9073713421821594,0.9133408848678924,0.9014017994964265,0.9014017994964265,2652800
2015-11-04,0.9073713421821594,0.9193104275536255,0.9014017994964265,0.9073713421821594,2460200
2015-11-05,0.9073713421821594,0.9193104275536255,0.9014017994964265,0.9073713421821594,2721900
2015-11-06,0.8954324126243591,0.9133410437978284,0.8954324126243591,0.9073715000733387,4011800
2015-11-09,0.9014021158218384,0.9073716606024397,0.9014021158218384,0.9073716606024397,1515800
2015-11-11,0.9073713421821594,0.9133408848678924,0.9014017994964265,0.9014017994964265,3766800
2015-11-12,0.9040786027908325,0.9100658726339067,0.8921040631046843,0.8980913329477584,2186300
2015-11-13,0.8921038508415222,0.9040783876785033,0.8921038508415222,0.9040783876785033,4309300
2015-11-16,0.8980912566184998,0.9100657952869254,0.8980912566184998,0.8980912566184998,1171800
2015-11-17,0.9040786027908325,0.9100658726339067,0.8980913329477584,0.8980913329477584,3181400
2015-11-18,0.8501929044723511,0.9100656603081775,0.8980911234157862,0.8980911234157862,3519800
2015-11-19,0.9040786027908325,0.9160531424769809,0.8980913329477584,0.8980913329477584,1356600
2015-11-20,0.9040786027908325,0.9160531424769809,0.9040786027908326,0.9040786027908326,1299800
2015-11-23,0.9160528779029846,0.9160528779029846,0.9040783416753168,0.9100656097891507,340500
2015-11-24,0.9100654721260071,0.9220400065423195,0.9100654721260071,0.9160527393341633,3252200
2015-11-25,0.9160528779029846,0.9280274141306526,0.9100656097891507,0.9100656097891507,1344000
2015-11-26,0.9220402240753174,0.9280274926960242,0.9160529554546105,0.9160529554546105,1754100
2015-11-27,0.9160528779029846,0.9220401460168186,0.9100656097891507,0.9160528779029846,2537400
2015-11-30,0.9040786027908325,0.922040412320055,0.9040786027908326,0.9160531424769809,2556100
2015-12-01,0.9100654721260071,0.9160527393341633,0.9040782049178508,0.9040782049178508,1388100
2015-12-02,0.9100654721260071,0.9220400065423195,0.9040782049178508,0.9100654721260071,2613700
2015-12-03,0.9040786027908325,0.9100658726339067,0.9040786027908326,0.9100658726339067,1379400
2015-12-04,0.9040786027908325,0.9100658726339067,0.8980913329477584,0.9040786027908326,99900
2015-12-07,0.9100654721260071,0.9100654721260071,0.8980909377096946,0.9040782049178508,243200
2015-12-08,0.8980912566184998,0.9100657952869254,0.8921039872842869,0.9100657952869254,1747600
2015-12-09,0.8921038508415222,0.9040783876785033,0.8861165824230317,0.8980911192600127,1099500
2015-12-10,0.8741421103477478,0.8980911857960012,0.8741421103477477,0.8980911857960012,1288000
2015-12-11,0.8741421103477478,0.8861166480718744,0.8681548414856843,0.8861166480718744,2056100
2015-12-14,0.8801293969154358,0.8861166658979455,0.8681548589504164,0.8801293969154358,510500
2015-12-15,0.8741421103477478,0.8861166480718744,0.8741421103477477,0.8861166480718744,446300
2015-12-16,0.8741421103477478,0.8861166480718744,0.8741421103477477,0.880129379209811,144500
2015-12-17,0.8681548833847046,0.88611669083777,0.8621676142336827,0.8741421525357264,1777800
2015-12-18,0.8741421103477478,0.880129379209811,0.8681548414856843,0.8681548414856843,1393800
2015-12-21,0.85617995262146,0.8741418247122854,0.85617995262146,0.8681545578066274,1054400
2015-12-22,0.8621673583984375,0.8741418931472174,0.8561800196501904,0.8621673583984375,1397400
2015-12-23,0.8621673583984375,0.8681546257728274,0.8621673583984375,0.8621673583984375,475400
2015-12-28,0.8741421103477478,0.8741421103477477,0.8681548414856843,0.8681548414856843,291900
2015-12-29,0.8741421103477478,0.880129379209811,0.8681548414856843,0.8681548414856843,267600
2015-12-30,0.8741421103477478,0.8861166480718744,0.8681548414856843,0.8681548414856843,602900
2015-12-31,0.8741421103477478,0.880129379209811,0.8681548414856843,0.8681548414856843,967900
2016-01-04,0.8741421103477478,0.8861166480718744,0.8741421103477477,0.8741421103477477,1112000
2016-01-05,0.8621673583984375,0.8801291605216073,0.8621673583984375,0.8741418931472174,1542300
2016-01-06,0.8681548833847046,0.8681548833847046,0.8621676142336827,0.8681548833847046,239200
2016-01-07,0.8621673583984375,0.8681546257728274,0.8561800196501904,0.8621673583984375,1068700
2016-01-08,0.8681548833847046,0.8741421525357264,0.8561802737087827,0.8621676142336827,1686800
2016-01-11,0.8741421103477478,0.880129379209811,0.862167572623621,0.8741421103477477,826000
2016-01-12,0.8681548833847046,0.8741421525357264,0.8621676142336827,0.8741421525357264,1727600
2016-01-13,0.8801293969154358,0.8861166658979455,0.8681548589504164,0.8681548589504164,1390300
2016-01-14,0.8741421103477478,0.880129379209811,0.8681548414856843,0.8741421103477477,621200
2016-01-15,0.8801293969154358,0.8861166658979455,0.8741421279329261,0.8741421279329261,1071100
2016-01-18,0.8681548833847046,0.8801294216867482,0.8621676142336827,0.8801294216867482,1615700
2016-01-19,0.8801293969154358,0.8801293969154358,0.8681548589504164,0.8741421279329261,674800
2016-01-20,0.8681548833847046,0.8801294216867482,0.8621676142336827,0.8801294216867482,2985100
2016-01-21,0.8621673583984375,0.8741418931472174,0.8621673583984375,0.8741418931472174,805600
2016-01-22,0.8681548833847046,0.8741421525357264,0.8621676142336827,0.8621676142336827,1351000
2016-01-26,0.8741421103477478,0.880129379209811,0.862167572623621,0.8741421103477477,1770800
2016-01-27,0.886116623878479,0.8921038925770736,0.8741420864812898,0.8741420864812898,1819100
2016-01-28,0.8980912566184998,0.8980912566184998,0.886116717950074,0.8980912566184998,1552700
2016-01-29,0.8801293969154358,0.8980912038629647,0.8801293969154358,0.8921039348804551,2188600
2016-02-02,0.8921038508415222,0.8921038508415222,0.8801293140045412,0.8861165824230317,929500
2016-02-03,0.8980912566184998,0.9040785259527125,0.886116717950074,0.8921039872842869,679400
2016-02-04,0.9100654721260071,0.9100654721260071,0.8980909377096946,0.8980909377096946,730800
2016-02-05,0.8980912566184998,0.9100657952869254,0.8980912566184998,0.9040785259527125,337300
2016-02-08,0.8980912566184998,0.8980912566184998,0.8980912566184998,0.8980912566184998,0
2016-02-09,0.8980912566184998,0.8980912566184998,0.8980912566184998,0.8980912566184998,0
2016-02-10,0.8980912566184998,0.9040785259527125,0.8980912566184998,0.8980912566184998,183100
2016-02-11,0.8827775716781616,0.8947881391967277,0.8827775716781616,0.8947881391967277,381000
2016-02-12,0.9308197498321533,0.9368250329984029,0.8827774845021565,0.8827774845021565,2592200
2016-02-15,0.9368250966072083,0.9428304517698333,0.9188092458852143,0.9188092458852143,3503600
2016-02-16,0.9428307414054871,0.9548413122431055,0.9248148135604103,0.9248148135604103,3186500
2016-02-17,0.9368250966072083,0.9488357353438313,0.9368250966072081,0.9428304517698333,1558000
2016-02-18,0.9428307414054871,0.9488360268242964,0.9368253843980288,0.9428307414054871,3787500
2016-02-19,0.9608466029167175,0.9848677447233244,0.9428307465617624,0.9428307465617624,2924200
2016-02-22,0.9488359689712524,0.9608465390765546,0.9368253272773055,0.9548412540239035,1426300
2016-02-23,0.9608466029167175,0.9668518883683692,0.9368253895214611,0.9548413174650657,5789200
2016-02-24,0.9428307414054871,0.9488360268242964,0.9368253843980288,0.9488360268242964,2108500
2016-02-25,0.9428307414054871,0.9428307414054871,0.9368253843980288,0.9368253843980288,1379100
2016-02-26,0.9368250966072083,0.9488357353438313,0.9368250966072081,0.9428304517698333,253800
2016-02-29,0.9548413157463074,0.9608466011871494,0.9368253878351323,0.9368253878351323,2727700
2016-03-01,0.9488359689712524,0.9608465390765546,0.9488359689712524,0.9548412540239035,1726500
2016-03-02,0.9548413157463074,0.9548413157463074,0.9428307448646236,0.9488360303054655,1784400
2016-03-03,0.9548413157463074,0.9608466011871494,0.9488360303054655,0.9488360303054655,2663500
2016-03-04,0.9548413157463074,0.9728571720688332,0.9548413157463074,0.9548413157463074,2334000
2016-03-07,0.9608466029167175,0.9608466029167175,0.948836032013414,0.9608466029167175,4896200
2016-03-08,0.9608466029167175,0.9668518883683692,0.9548413174650657,0.9608466029167175,1673800
2016-03-09,0.9608466029167175,0.9668518883683692,0.9548413174650657,0.9548413174650657,2847800
2016-03-10,0.9608466029167175,0.9608466029167175,0.9548413174650657,0.9608466029167175,2287600
2016-03-11,0.9548413157463074,0.9608466011871494,0.9488360303054655,0.9608466011871494,672800
2016-03-14,0.9548413157463074,0.9668518866279913,0.9548413157463074,0.9548413157463074,504700
2016-03-15,0.9548413157463074,0.9788624575096752,0.9488360303054655,0.9548413157463074,1910000
2016-03-16,0.9548413157463074,0.9668518866279913,0.9548413157463074,0.9608466011871494,2270300
2016-03-17,0.9488359689712524,0.9668518241292057,0.9488359689712524,0.9548412540239035,2657600
2016-03-18,0.9368250966072083,0.9608463024918271,0.9368250966072081,0.9488357353438313,6873500
2016-03-21,0.9368250966072083,0.9428304517698333,0.9188092458852143,0.9308198130332103,1224200
2016-03-22,0.9188094735145569,0.936825328699867,0.9067989033910168,0.936825328699867,1480400
2016-03-23,0.9188094735145569,0.9188094735145569,0.9067989033910168,0.9188094735145569,805600
2016-03-24,0.9308197498321533,0.9368250329984029,0.9128039003334045,0.9188091834996541,796200
2016-03-25,0.9248146414756775,0.9308199257770544,0.9188093571743005,0.9308199257770544,1507400
2016-03-28,0.9428307414054871,0.9428307414054871,0.9248148135604103,0.9308200989792196,192200
2016-03-29,0.9608466029167175,0.9668518883683692,0.9308201040698094,0.9308201040698094,2442600
2016-03-30,0.9608466029167175,0.9668518883683692,0.9548413174650657,0.9608466029167175,1597300
2016-03-31,0.9608466029167175,0.9608466029167175,0.9548413174650657,0.9608466029167175,2860400
2016-04-01,0.9728571176528931,0.9668518325479517,0.954841262338069,0.9608465474430103,2422600
2016-04-04,0.9728571176528931,0.9728571176528931,0.954841262338069,0.9728571176528931,2399400
2016-04-05,0.9908727407455444,0.9908727407455443,0.9608463222578664,0.966851605955402,1004600
2016-04-06,0.9788625240325928,0.9908730957305081,0.9728572381836352,0.9908730957305081,54800
2016-04-07,0.9908727407455444,0.9908727407455443,0.9728568896529376,0.9788621733504732,486400
2016-04-08,0.9908727407455444,0.9908727407455443,0.9728568896529376,0.9728568896529376,135000
2016-04-11,0.9728571176528931,0.9908729729677173,0.9668518325479517,0.9788624027578344,201200
2016-04-12,0.9668516516685486,0.9788622196314845,0.9668516516685486,0.9728569356500165,570700
2016-04-13,0.9668516516685486,0.9728569356500165,0.9608463676870808,0.9668516516685486,283100
2016-04-14,0.9608466029167175,0.9728571738200209,0.9608466029167175,0.9668518883683692,1139200
2016-04-15,0.9548413157463074,0.9608466011871494,0.9548413157463074,0.9608466011871494,1038200
2016-04-18,0.9548413157463074,0.9668518866279913,0.9548413157463074,0.9608466011871494,1341700
2016-04-19,0.9728571176528931,0.9728571176528931,0.954841262338069,0.9608465474430103,980100
2016-04-20,0.9668516516685486,0.9728569356500165,0.9548410837056128,0.9728569356500165,2749300
2016-04-21,0.9608466029167175,0.9608466029167175,0.9548413174650657,0.9608466029167175,1668900
2016-04-22,0.9608466029167175,0.9668518883683692,0.948836032013414,0.9548413174650657,755400
2016-04-25,0.9608466029167175,0.9608466029167175,0.9428307465617624,0.9608466029167175,3396000
2016-04-26,0.9608466029167175,0.9668518883683692,0.9548413174650657,0.9668518883683692,2130300
2016-04-27,0.9608466029167175,0.9668518883683692,0.9548413174650657,0.9608466029167175,1768500
2016-04-28,0.9728571176528931,0.9788624027578344,0.9668518325479517,0.9728571176528931,1145600
2016-04-29,0.9728571176528931,0.9788624027578344,0.9608465474430103,0.9788624027578344,1201700
2016-05-03,0.9608466029167175,0.9728571738200209,0.9548413174650657,0.9728571738200209,3143100
2016-05-04,0.9608466029167175,0.9668518883683692,0.9548413174650657,0.9608466029167175,2149700
2016-05-05,0.9548413157463074,0.9668518866279913,0.9548413157463074,0.9608466011871494,4372500
2016-05-06,0.9608466029167175,0.9668518883683692,0.9608466029167175,0.9608466029167175,2576000
2016-05-09,0.9608466029167175,0.9668518883683692,0.9548413174650657,0.9608466029167175,1294300
2016-05-10,0.984867513179779,0.9908727972195812,0.9608463770205704,0.9668516610603726,2137400
2016-05-11,0.9968782663345337,1.0028835514892454,0.9788624108703988,0.9848676960251105,2667000
2016-05-12,0.9942270517349243,0.9942270517349243,0.9761502132270643,0.988201438898971,2961400
2016-05-13,0.9882013201713562,0.9942269322833612,0.9761500959473458,0.9942269322833612,835000
2016-05-16,0.9942270517349243,1.0002526645708776,0.988201438898971,0.988201438898971,485300
2016-05-17,0.9882013201713562,1.0002525443953665,0.9882013201713561,0.9942269322833612,1267000
2016-05-18,0.9761502742767334,0.9942271139151417,0.9761502742767334,0.9942271139151417,549300
2016-05-19,0.9761502742767334,0.9942271139151417,0.9701246610639306,0.9761502742767334,379400
2016-05-20,0.9882013201713562,0.9882013201713561,0.9640988717233355,0.9701244838353407,182200
2016-05-23,0.9761502742767334,0.9942271139151417,0.9761502742767334,0.9821758874895362,262400
2016-05-24,0.9821756482124329,0.9821756482124329,0.97012442472274,0.9761500364675865,855600
2016-05-25,0.9761502742767334,0.9942271139151417,0.9761502742767334,0.988201500702339,1105000
2016-05-26,0.9942270517349243,1.0002526645708776,0.9821758260630177,0.988201438898971,724100
2016-05-27,0.9942270517349243,1.006278277406831,0.988201438898971,1.0002526645708776,2108300
2016-05-30,0.9821756482124329,0.9942268717021259,0.9821756482124329,0.9942268717021259,1803100
2016-05-31,0.9761502742767334,0.9942271139151417,0.9761502742767334,0.988201500702339,1754100
2016-06-01,0.9821756482124329,0.9882012599572794,0.9761500364675865,0.9761500364675865,208500
2016-06-02,0.9882013201713562,0.9942269322833612,0.9761500959473458,0.982175708059351,1774700
2016-06-03,1.0002527236938477,1.0002527236938477,0.9882014973096168,0.9942271105017323,871400
2016-06-06,0.9942270517349243,1.006278277406831,0.988201438898971,1.0002526645708776,1318500
2016-06-07,1.0123035907745361,1.0123035907745361,0.9882011465609125,1.0002523686677243,235700
2016-06-08,1.0002527236938477,1.0183296351011695,0.9942271105017323,1.0123039500780786,1137500
2016-06-09,0.9882013201713562,1.0002525443953665,0.9882013201713561,1.0002525443953665,991700
2016-06-10,0.9821756482124329,1.0002524834469724,0.9761500364675865,0.9882012599572794,1670000
2016-06-13,0.9821756482124329,0.9882012599572794,0.9761500364675865,0.9821756482124329,1085000
2016-06-14,0.9701246023178101,0.9821758280136509,0.9640989894698897,0.9761502151657305,1938300
2016-06-15,0.9821756482124329,0.9821756482124329,0.97012442472274,0.97012442472274,1638200
2016-06-16,0.9701246023178101,0.9821758280136509,0.9640989894698897,0.9821758280136509,996700
2016-06-17,0.9701246023178101,0.9821758280136509,0.9640989894698897,0.9640989894698897,1144200
2016-06-20,0.9882013201713562,0.9942269322833612,0.9761500959473458,0.9761500959473458,846000
2016-06-21,0.9821756482124329,0.9882012599572794,0.9761500364675865,0.9882012599572794,884500
2016-06-23,0.9701246023178101,0.9821758280136509,0.9701246023178101,0.9761502151657305,2155600
2016-06-24,0.9821756482124329,0.9821756482124329,0.9640988129778935,0.9821756482124329,986800
2016-06-27,0.9761502742767334,0.9942271139151417,0.9761502742767334,0.9821758874895362,1519600
2016-06-28,1.0002527236938477,1.0183296351011695,0.9821758841175013,0.9821758841175013,3868200
2016-06-29,1.0002527236938477,1.0062783368859631,0.9882014973096168,1.0002527236938477,2560400
2016-06-30,1.0002527236938477,1.0002527236938477,0.9942271105017323,1.0002527236938477,1125500
2016-07-01,1.006278395652771,1.006278395652771,0.9821759414767222,1.006278395652771,918100
2016-07-04,0.9942270517349243,1.0123038902427843,0.988201438898971,1.006278277406831,106100
2016-07-05,1.0183295011520386,1.0183295011520386,1.0002525921225192,1.0002525921225192,129300
2016-07-06,1.0183295011520386,1.0183295011520386,1.0183295011520386,1.0183295011520386,0
2016-07-07,1.0183295011520386,1.0183295011520386,1.0183295011520386,1.0183295011520386,0
2016-07-08,0.9942270517349243,1.0123038902427843,0.988201438898971,1.006278277406831,3234300
2016-07-11,1.0183295011520386,1.0183295011520386,0.9942269797230014,1.0002525921225192,343300
2016-07-12,1.0243550539016724,1.0243550539016724,1.0123037579734377,1.0183294418530358,5580800
2016-07-13,1.0484575033187866,1.066534339485775,1.0123037591538484,1.0243550550961356,5788300
2016-07-14,1.0484575033187866,1.0544831153744494,1.0243550550961356,1.0484575033187866,6727000
2016-07-15,1.0424320697784424,1.0665345221286113,1.030380843603358,1.030380843603358,4139800
2016-07-18,1.0364062786102295,1.04243189066242,1.0123037585705057,1.030380666558039,2756600
2016-07-19,1.0243550539016724,1.030380665950309,1.0183294418530358,1.030380665950309,558300
2016-07-20,1.0123035907745361,1.0243548847122976,1.0123035907745361,1.0243548847122976,1555700
2016-07-21,1.0123035907745361,1.0243548847122976,1.00627797972113,1.0183292736588918,2018300
2016-07-22,1.0183295011520386,1.0243551135515565,1.0002525921225192,1.006278204522037,3582100
2016-07-25,1.0243550539016724,1.030380665950309,1.0123037579734377,1.0183294418530358,2244000
2016-07-26,1.0243550539016724,1.0243550539016724,1.0123037579734377,1.0243550539016724,4560800
2016-07-27,1.0183295011520386,1.0243551135515565,1.012303816921555,1.0183295011520386,1644800
2016-07-28,1.0123035907745361,1.0243548847122976,1.0123035907745361,1.0183292736588918,2236900
2016-07-29,1.006278395652771,1.024355308115787,1.006278395652771,1.0183296945717748,5243800
2016-08-01,1.0243550539016724,1.0364062779989454,1.0123037579734377,1.0123037579734377,4370500
2016-08-02,1.006278395652771,1.024355308115787,1.006278395652771,1.024355308115787,2109200
2016-08-03,1.0303806066513062,1.0303806066513062,1.0002524763110532,1.0062780880129123,3294400
2016-08-04,1.0364062786102295,1.0364062786102295,1.018329442453658,1.030380666558039,1141500
2016-08-05,1.0484575033187866,1.0484575033187866,1.0183294430404728,1.0243550550961356,876200
2016-08-08,1.0243550539016724,1.0484575020962184,1.0183294418530358,1.0484575020962184,622000
2016-08-09,1.0183295011520386,1.0303807259510744,1.0183295011520386,1.0303807259510744,2404600
2016-08-10,1.0123035907745361,1.0243548847122976,1.0123035907745361,1.0183292736588918,3303000
2016-08-11,1.0123035907745361,1.0183292736588918,1.0002523686677243,1.0123035907745361,3108900
2016-08-12,1.0183295011520386,1.04243195075011,1.0002525921225192,1.012303816921555,4233800
2016-08-15,1.0544830560684204,1.0544830560684204,1.0183293857677913,1.0183293857677913,2336200
2016-08-16,1.0544830560684204,1.0785855029355063,1.0364062209181057,1.0544830560684204,4731500
2016-08-17,1.066534161567688,1.066534161567688,1.036406106315304,1.0484573284162577,4321700
2016-08-18,1.0544830560684204,1.0544830560684204,1.0484574443516488,1.0544830560684204,1773400
2016-08-19,1.0424320697784424,1.0544832959535269,1.0424320697784424,1.0484576828659846,2985200
2016-08-22,1.0785859823226929,1.0785859823226929,1.0424322959532346,1.0484579103481442,2680300
2016-08-23,1.0785859823226929,1.0785859823226929,1.0665347535328733,1.0785859823226929,2760600
2016-08-24,1.0544830560684204,1.0785855029355063,1.0484574443516488,1.0785855029355063,2920700
2016-08-25,1.0593866109848022,1.0775475069963736,1.0291184509655165,1.0412257149732307,3749800
2016-08-26,1.077547311782837,1.077547311782837,1.0412255263399195,1.0412255263399195,929000
2016-08-29,1.06544029712677,1.0775475617496895,1.0593866648153103,1.0775475617496895,2479700
2016-08-30,1.041225552558899,1.0654400767972538,1.0351719214993103,1.059386445737665,1870800
2016-09-01,1.0230648517608643,1.0412257483546694,1.017011147397941,1.0412257483546694,1853600
2016-09-02,1.029118537902832,1.0351721704180847,1.0230649053875795,1.029118537902832,489500
2016-09-05,1.017011046409607,1.0351720133650317,1.0109574148127922,1.029118381768217,2607200
2016-09-06,1.053333044052124,1.053333044052124,1.0230648821629786,1.0230648821629786,4130600
2016-09-07,1.06544029712677,1.06544029712677,1.0351721355694712,1.0533330325038504,4482900
2016-09-08,1.053333044052124,1.0654403088077822,1.047279411674295,1.0654403088077822,2625000
2016-09-09,1.053333044052124,1.059386676429953,1.047279411674295,1.053333044052124,1656100
2016-09-13,1.0472794771194458,1.0472794771194458,1.035172211607197,1.0472794771194458,1806800
2016-09-14,1.0230648517608643,1.0412257483546694,1.017011147397941,1.0412257483546694,3869000
2016-09-15,1.041225552558899,1.041225552558899,1.023064659380133,1.023064659380133,3920300
2016-09-19,1.029118537902832,1.0412258029333372,1.029118537902832,1.0412258029333372,675700
2016-09-20,1.041225552558899,1.041225552558899,1.0291182904397216,1.0291182904397216,228300
2016-09-21,1.0472794771194458,1.0472794771194458,1.0291185788510726,1.0291185788510726,323800
2016-09-22,1.041225552558899,1.0472791836184876,1.0291182904397216,1.0472791836184876,676500
2016-09-23,1.0472794771194458,1.0472794771194458,1.0291185788510726,1.0412258443633216,129200
2016-09-26,1.041225552558899,1.0472791836184876,1.0351719214993103,1.0472791836184876,436100
2016-09-27,1.041225552558899,1.0472791836184876,1.0351719214993103,1.041225552558899,2094600
2016-09-28,1.0351721048355103,1.0472793690989686,1.0291184727037812,1.0351721048355103,1936700
2016-09-29,1.0472794771194458,1.065440375387819,1.0412258443633216,1.0412258443633216,4710400
2016-09-30,1.0472794771194458,1.0593867426316945,1.0472794771194458,1.0593867426316945,3262200
2016-10-04,1.041225552558899,1.0533328146780763,1.0351719214993103,1.0472791836184876,3820300
2016-10-05,1.041225552558899,1.041225552558899,1.0291182904397216,1.041225552558899,3739400
2016-10-06,1.06544029712677,1.06544029712677,1.0291185032580115,1.0351721355694712,6023900
2016-10-07,1.053333044052124,1.0714939411856113,1.0412257792964659,1.053333044052124,4790900
2016-10-10,1.0351721048355103,1.0472793690989686,1.0291184727037812,1.0472793690989686,3047000
2016-10-11,1.06544029712677,1.0714939294382297,1.0351721355694712,1.0351721355694712,10964700
2016-10-12,1.041225552558899,1.059386445737665,1.0351719214993103,1.0533328146780763,8932700
2016-10-13,1.041225552558899,1.041225552558899,1.0351719214993103,1.041225552558899,8516700
2016-10-14,1.041225552558899,1.0472791836184876,1.0351719214993103,1.0351719214993103,2447200
2016-10-17,1.0593866109848022,1.0593866109848022,1.0412257149732307,1.0412257149732307,6385600
2016-10-18,1.041225552558899,1.059386445737665,1.041225552558899,1.0472791836184876,11000800
2016-10-19,1.0472794771194458,1.0593867426316945,1.035172211607197,1.0412258443633216,8516800
2016-10-20,1.041225552558899,1.041225552558899,1.0351719214993103,1.041225552558899,3801900
2016-10-21,1.041225552558899,1.0533328146780763,1.0351719214993103,1.041225552558899,2632200
2016-10-24,1.041225552558899,1.0472791836184876,1.0351719214993103,1.041225552558899,4662800
2016-10-25,1.053333044052124,1.053333044052124,1.0412257792964659,1.047279411674295,3266500
2016-10-26,1.0593866109848022,1.0593866109848022,1.0412257149732307,1.053332978980945,5531500
2016-10-27,1.0714937448501587,1.0714937448501587,1.0533328510443878,1.0593864823129782,2250100
2016-10-28,1.077547311782837,1.077547311782837,1.0593864190613782,1.065440049968531,1630400
2016-10-31,1.1138691902160645,1.1138691902160645,1.0654400698884186,1.0775473319290865,3345100
2016-11-01,1.06544029712677,1.089654826372609,1.0593866648153103,1.089654826372609,1807400
2016-11-02,1.0714937448501587,1.0714937448501587,1.0593864823129782,1.0654401135815685,319300
2016-11-03,1.0714937448501587,1.0714937448501587,1.0593864823129782,1.0654401135815685,1290100
2016-11-04,1.0714937448501587,1.077547376118749,1.0654401135815685,1.077547376118749,791700
2016-11-07,1.1017619371414185,1.1017619371414185,1.0714937096284547,1.0775473406980525,3238800
2016-11-08,1.0896544456481934,1.0957080758445195,1.0775471852555412,1.0957080758445195,820400
2016-11-09,1.0896544456481934,1.0896544456481934,1.065439924862889,1.0775471852555412,414600
2016-11-10,1.06198251247406,1.0741194438990729,1.043777115336541,1.0741194438990729,1819500
2016-11-11,1.0316402912139893,1.055914156588776,1.0255718248702925,1.055914156588776,7292500
2016-11-14,1.0195033550262451,1.031640360875009,1.013434888272778,1.031640360875009,4298200
2016-11-15,1.0316402912139893,1.0316402912139893,1.013434819841074,1.0195032861847708,8820900
2016-11-16,1.0255718231201172,1.0316402894534578,1.0195032844449516,1.0316402894534578,10633400
2016-11-17,1.0134347677230835,1.0316402381597445,1.0134347677230835,1.0255717721281312,9090000
2016-11-18,1.0134347677230835,1.0195032337546965,1.0073663016914702,1.0134347677230835,1714900
2016-11-21,0.9891608953475952,1.013434759271618,0.9891608953475952,1.013434759271618,1609500
2016-11-22,1.0134347677230835,1.0134347677230835,0.9952293696282438,1.001297835659857,3923500
2016-11-23,1.0316402912139893,1.0316402912139893,1.0012978871536806,1.013434819841074,4894200
2016-11-24,0.9952293634414673,1.0255717657527332,0.9952293634414674,1.0255717657527332,1022600
2016-11-25,1.0073662996292114,1.0073662996292114,1.0012978336100216,1.0012978336100216,193900
2016-11-28,1.0073662996292114,1.0134347656484015,0.9952293675908316,1.0012978336100216,1071700
2016-11-29,1.0134347677230835,1.0195032337546965,1.001297835659857,1.0073663016914702,3123800
2016-11-30,1.0559141635894775,1.0559141635894775,1.0134348265601378,1.0134348265601378,1602200
2016-12-01,1.06198251247406,1.06198251247406,1.0316401839115283,1.043777115336541,1275700
2016-12-02,1.0437772274017334,1.0559141601298283,1.0377087610376858,1.049845693765781,3986800
2016-12-05,1.0437772274017334,1.0437772274017334,1.0195032896037177,1.0437772274017334,3302200
2016-12-06,1.0437772274017334,1.049845693765781,1.0377087610376858,1.0377087610376858,3799300
2016-12-07,1.0316402912139893,1.0437772239013827,1.0195032861847708,1.0437772239013827,1713900
2016-12-08,1.0316402912139893,1.037708757557686,1.0195032861847708,1.0316402912139893,2612900
2016-12-09,1.0255718231201172,1.0316402894534578,1.0195032844449516,1.0316402894534578,961900
2016-12-13,1.0195033550262451,1.031640360875009,1.0195033550262451,1.0195033550262451,484300
2016-12-14,1.0134347677230835,1.0316402381597445,1.0134347677230835,1.0195032337546965,3064000
2016-12-15,1.0073662996292114,1.0255717700286027,1.0073662996292114,1.0134347656484015,3560700
2016-12-16,1.0195033550262451,1.0255718941215421,1.007366421519311,1.013434888272778,5272400
2016-12-19,1.0195033550262451,1.0255718941215421,1.013434888272778,1.013434888272778,7529300
2016-12-20,1.0195033550262451,1.0255718941215421,1.013434888272778,1.0195033550262451,3681900
2016-12-21,1.0255718231201172,1.0316402894534578,1.0195032844449516,1.0255718231201172,5900100
2016-12-22,1.0195033550262451,1.031640360875009,1.0195033550262451,1.031640360875009,2214300
2016-12-23,1.0012978315353394,1.0195032295551878,1.0012978315353394,1.0195032295551878,2011600
2016-12-27,1.0377087593078613,1.0377087593078613,1.0134348215503095,1.0134348215503095,3102000
2016-12-28,1.0377087593078613,1.0498456920157244,1.0316402929539297,1.0377087593078613,9005800
2016-12-29,1.0377087593078613,1.0377087593078613,1.0316402929539297,1.0377087593078613,1945900
2016-12-30,1.0437772274017334,1.0559141601298283,1.0377087610376858,1.0437772274017334,3350800
2017-01-02,1.0437772274017334,1.0437772274017334,1.0437772274017334,1.0437772274017334,0
2017-01-03,1.0377087593078613,1.0498456920157244,1.025571826599998,1.0498456920157244,4959500
2017-01-04,1.0377087593078613,1.043777225661793,1.0316402929539297,1.0377087593078613,8203100
2017-01-05,1.0316402912139893,1.0437772239013827,1.0255718248702925,1.0437772239013827,2287500
2017-01-06,1.0316402912139893,1.037708757557686,1.0255718248702925,1.0316402912139893,3861400
2017-01-09,1.0255718231201172,1.0377087557867986,1.0255718231201172,1.0316402894534578,4327900
2017-01-10,1.0377087593078613,1.0377087593078613,1.025571826599998,1.0316402929539297,5503700
2017-01-11,1.0498456954956055,1.0498456954956055,1.0316402963734659,1.0377087627475123,3763700
2017-01-12,1.0437772274017334,1.049845693765781,1.0437772274017334,1.049845693765781,1761600
2017-01-13,1.0498456954956055,1.0498456954956055,1.043777229121559,1.0498456954956055,394000
2017-01-16,1.0559141635894775,1.0559141635894775,1.0437772308216164,1.049845697205547,236900
2017-01-17,1.0801880359649658,1.0801880359649658,1.0437772374308287,1.049845703853185,4972100
2017-01-18,1.0680512189865112,1.0741196860671978,1.0619827519058247,1.0619827519058247,265300
2017-01-19,1.0801880359649658,1.0801880359649658,1.0619826366978973,1.0619826366978973,2462200
2017-01-20,1.06198251247406,1.0801879096115792,1.06198251247406,1.0680509781865664,268800
2017-01-23,1.0680512189865112,1.0741196860671978,1.0619827519058247,1.0619827519058247,322900
2017-01-24,1.0741196870803833,1.0801881541667941,1.0680512199939725,1.0680512199939725,7290100
2017-01-25,1.06198251247406,1.0741194438990729,1.06198251247406,1.0741194438990729,1617600
2017-01-26,1.0923248529434204,1.0923248529434204,1.0619825240501437,1.068050989828799,4446400
2017-01-27,1.0923248529434204,1.0983933187220758,1.0801879213861099,1.0923248529434204,3788500
2017-01-31,1.0801880359649658,1.086256502387322,1.0741195695426096,1.0741195695426096,1704100
2017-02-02,1.086256504058838,1.0923249704905322,1.0741195711954494,1.0801880376271438,2889600
2017-02-03,1.0741196870803833,1.0862566212532048,1.0680512199939725,1.0801881541667941,333000
2017-02-06,1.0741196870803833,1.0862566212532048,1.0680512199939725,1.0741196870803833,2604600
2017-02-07,1.0741196870803833,1.0741196870803833,1.055914285821151,1.0741196870803833,3475200
2017-02-08,1.06198251247406,1.0741194438990729,1.06198251247406,1.0741194438990729,1508700
2017-02-10,1.0741196870803833,1.0741196870803833,1.055914285821151,1.0619827529075616,1704600
2017-02-13,1.0741196870803833,1.0741196870803833,1.0619827529075616,1.0680512199939725,1457500
2017-02-14,1.0741196870803833,1.0741196870803833,1.0680512199939725,1.0680512199939725,3090600
2017-02-15,1.0680512189865112,1.0741196860671978,1.0619827519058247,1.0741196860671978,2231400
2017-02-16,1.0801880359649658,1.0801880359649658,1.0741195695426096,1.0741195695426096,1443400
2017-02-17,1.0801880359649658,1.086256502387322,1.0680511031202535,1.0801880359649658,2411000
2017-02-20,1.0741196870803833,1.0801881541667941,1.0680512199939725,1.0801881541667941,2822100
2017-02-21,1.06198251247406,1.0680509781865664,1.0559140467615538,1.0680509781865664,2077000
2017-02-22,1.06198251247406,1.06198251247406,1.043777115336541,1.06198251247406,4014000
2017-02-23,1.06198251247406,1.0741194438990729,1.06198251247406,1.06198251247406,8527500
2017-02-24,1.0559141635894775,1.0680510963573386,1.0559141635894775,1.061982629973408,660300
2017-02-27,1.0391887426376343,1.0637849016057983,1.0330396295932573,1.0637849016057983,3060400
2017-02-28,1.0453377962112427,1.0514868360346459,1.0391887563878395,1.0514868360346459,5559200
2017-03-01,1.0514869689941406,1.063785050196027,1.0453379283931974,1.0453379283931974,214400
2017-03-02,1.0514869689941406,1.0576360095950839,1.0453379283931974,1.0514869689941406,3366400
2017-03-03,1.0453377962112427,1.0514868360346459,1.0330396432620996,1.0514868360346459,1796700
2017-03-06,1.0453377962112427,1.0514868360346459,1.0391887563878395,1.0453377962112427,1702400
2017-03-07,1.0514869689941406,1.0576360095950839,1.0514869689941406,1.0514869689941406,2184900
2017-03-08,1.0576359033584595,1.0637849433417486,1.0514868633751704,1.0576359033584595,430400
2017-03-09,1.0453377962112427,1.0576358758580489,1.0391887563878395,1.0576358758580489,467500
2017-03-10,1.0453377962112427,1.0514868360346459,1.0391887563878395,1.0453377962112427,876900
2017-03-13,1.0514869689941406,1.0514869689941406,1.0391888877922542,1.0453379283931974,1454500
2017-03-14,1.0514869689941406,1.0514869689941406,1.0453379283931974,1.0514869689941406,362800
2017-03-15,1.0453377962112427,1.0514868360346459,1.0391887563878395,1.0453377962112427,1387300
2017-03-16,1.0576359033584595,1.0576359033584595,1.0453378233918813,1.0514868633751704,2262000
2017-03-17,1.0760829448699951,1.0760829448699951,1.0453377471946428,1.063784865799854,1731200
2017-03-20,1.0760829448699951,1.0760829448699951,1.063784865799854,1.063784865799854,675900
2017-03-21,1.0699340105056763,1.0760830506451757,1.0637849703661768,1.0760830506451757,674600
2017-03-22,1.0637849569320679,1.0822320771176053,1.0576359168702223,1.0637849569320679,2812300
2017-03-23,1.0760829448699951,1.0760829448699951,1.0699339053349246,1.0699339053349246,143000
2017-03-24,1.0637849569320679,1.0760830370557595,1.0637849569320679,1.0760830370557595,838800
2017-03-27,1.0514869689941406,1.0699340907969703,1.0514869689941406,1.0699340907969703,2098000
2017-03-28,1.0576359033584595,1.0637849433417486,1.0514868633751704,1.0576359033584595,573400
2017-03-29,1.0576359033584595,1.0576359033584595,1.0514868633751704,1.0576359033584595,1625400
2017-03-30,1.0576359033584595,1.0637849433417486,1.0514868633751704,1.0576359033584595,1231800
2017-03-31,1.0576359033584595,1.0576359033584595,1.0514868633751704,1.0576359033584595,537400
2017-04-03,1.0514869689941406,1.0576360095950839,1.0514869689941406,1.0514869689941406,208700
2017-04-04,1.0514869689941406,1.063785050196027,1.0514869689941406,1.0576360095950839,542100
2017-04-05,1.0576359033584595,1.0576359033584595,1.0514868633751704,1.0576359033584595,739800
2017-04-06,1.0514869689941406,1.0576360095950839,1.0514869689941406,1.0576360095950839,769900
2017-04-07,1.0514869689941406,1.0576360095950839,1.0453379283931974,1.0514869689941406,980400
2017-04-10,1.0576359033584595,1.0576359033584595,1.0514868633751704,1.0514868633751704,121300
2017-04-11,1.0514869689941406,1.0576360095950839,1.0453379283931974,1.0514869689941406,409100
2017-04-12,1.0453377962112427,1.0514868360346459,1.0453377962112427,1.0514868360346459,1101600
2017-04-13,1.0453377962112427,1.0514868360346459,1.0453377962112427,1.0514868360346459,533300
2017-04-14,1.0453377962112427,1.0453377962112427,1.0391887563878395,1.0453377962112427,138700
2017-04-17,1.0453377962112427,1.0453377962112427,1.0391887563878395,1.0453377962112427,228900
2017-04-18,1.0453377962112427,1.0514868360346459,1.0453377962112427,1.0453377962112427,143600
2017-04-19,1.0453377962112427,1.0514868360346459,1.0391887563878395,1.0453377962112427,161300
2017-04-20,1.0453377962112427,1.0514868360346459,1.0391887563878395,1.0453377962112427,1552900
2017-04-21,1.0391887426376343,1.0453377823796752,1.0391887426376343,1.0453377823796752,210100
2017-04-24,1.0391887426376343,1.0391887426376343,1.0391887426376343,1.0391887426376343,0
2017-04-25,1.0576359033584595,1.0576359033584595,1.0391887834085922,1.0453378233918813,794900
2017-04-26,1.0453377962112427,1.0514868360346459,1.0391887563878395,1.0453377962112427,427500
2017-04-27,1.0453377962112427,1.0576358758580489,1.0391887563878395,1.0453377962112427,2328800
2017-04-28,1.0453377962112427,1.0514868360346459,1.0391887563878395,1.0453377962112427,282500
2017-05-02,1.0453377962112427,1.0453377962112427,1.0391887563878395,1.0391887563878395,654800
2017-05-03,1.0514869689941406,1.0514869689941406,1.0453379283931974,1.0453379283931974,103000
2017-05-04,1.0514869689941406,1.0576360095950839,1.0453379283931974,1.0514869689941406,4976300
2017-05-05,1.0453377962112427,1.0514868360346459,1.0453377962112427,1.0514868360346459,138600
2017-05-08,1.0514869689941406,1.0576360095950839,1.0453379283931974,1.0453379283931974,410300
2017-05-09,1.0576359033584595,1.0576359033584595,1.0453378233918813,1.0576359033584595,2174100
2017-05-11,1.0576359033584595,1.0699339833250376,1.0514868633751704,1.0576359033584595,754200
2017-05-12,1.0514869689941406,1.0576360095950839,1.0514869689941406,1.0576360095950839,1471900
2017-05-15,1.0576359033584595,1.0576359033584595,1.0514868633751704,1.0514868633751704,523200
2017-05-16,1.0453377962112427,1.0576358758580489,1.0453377962112427,1.0576358758580489,1052800
2017-05-17,1.0576359033584595,1.0637849433417486,1.0453378233918813,1.0514868633751704,862400
2017-05-18,1.0570138692855835,1.0632315918243493,1.0570138692855835,1.0570138692855835,4702600
2017-05-19,1.0570138692855835,1.0632315918243493,1.0570138692855835,1.0570138692855835,2415000
2017-05-22,1.0570138692855835,1.0632315918243493,1.0445783500869525,1.0570138692855835,1792300
2017-05-23,1.0570138692855835,1.0632315918243493,1.0507961467468176,1.0570138692855835,1511700
2017-05-24,1.0570138692855835,1.0570138692855835,1.0507961467468176,1.0570138692855835,1747000
2017-05-25,1.0632320642471313,1.0632320642471313,1.0570143389456619,1.0570143389456619,3836600
2017-05-26,1.0632320642471313,1.0632320642471313,1.0570143389456619,1.0570143389456619,271000
2017-05-29,1.0632320642471313,1.0632320642471313,1.0507966136441924,1.0632320642471313,705600
2017-05-31,1.0507961511611938,1.0570138737260801,1.0507961511611938,1.0507961511611938,853900
2017-06-01,1.0570138692855835,1.0632315918243493,1.0507961467468176,1.0570138692855835,2466500
2017-06-02,1.0632320642471313,1.0632320642471313,1.0570143389456619,1.0570143389456619,641900
2017-06-05,1.0570138692855835,1.0632315918243493,1.0570138692855835,1.0632315918243493,2684000
2017-06-06,1.0570138692855835,1.0694493143631152,1.0570138692855835,1.0632315918243493,2377100
2017-06-07,1.0632320642471313,1.0632320642471313,1.0570143389456619,1.0570143389456619,71200
2017-06-08,1.075667381286621,1.075667381286621,1.0632319322277668,1.0632319322277668,4371400
2017-06-09,1.075667381286621,1.075667381286621,1.0632319322277668,1.075667381286621,599100
2017-06-13,1.0881025791168213,1.0881025791168213,1.0694494098353127,1.0756671329291487,3347500
2017-06-14,1.0881025791168213,1.0881025791168213,1.0756671329291487,1.0881025791168213,1528700
2017-06-15,1.0881025791168213,1.0943203022106576,1.081884856022985,1.0881025791168213,123900
2017-06-16,1.075667381286621,1.0881028303454754,1.069449656757194,1.0818851058160484,265500
2017-06-19,1.0818849802017212,1.0881027040092277,1.0756672563942147,1.0756672563942147,176600
2017-06-20,1.075667381286621,1.0881028303454754,1.075667381286621,1.0881028303454754,37000
2017-06-21,1.069449543952942,1.0818849917001203,1.069449543952942,1.0818849917001203,212300
2017-06-22,1.069449543952942,1.075667267826531,1.069449543952942,1.069449543952942,271600
2017-06-23,1.069449543952942,1.075667267826531,1.069449543952942,1.069449543952942,3232100
2017-06-26,1.069449543952942,1.069449543952942,1.069449543952942,1.069449543952942,0
2017-06-27,1.069449543952942,1.069449543952942,1.069449543952942,1.069449543952942,0
2017-06-28,1.075667381286621,1.075667381286621,1.069449656757194,1.075667381286621,532300
2017-06-29,1.0818849802017212,1.0818849802017212,1.0694495325867084,1.0756672563942147,2279900
2017-06-30,1.1067558526992798,1.1067558526992798,1.0756672343002995,1.0881026816598918,4182300
2017-07-03,1.0881025791168213,1.0943203022106576,1.081884856022985,1.0943203022106576,209500
2017-07-04,1.0881025791168213,1.0943203022106576,1.081884856022985,1.0943203022106576,198100
2017-07-05,1.0881025791168213,1.0881025791168213,1.0756671329291487,1.0881025791168213,317600
2017-07-06,1.0570138692855835,1.0818847594406469,1.0507961467468176,1.0818847594406469,2234200
2017-07-07,1.0570138692855835,1.0632315918243493,1.0507961467468176,1.0570138692855835,1063900
2017-07-10,1.0570138692855835,1.0632315918243493,1.0507961467468176,1.0570138692855835,1801800
2017-07-11,1.0507961511611938,1.0632315962909666,1.0507961511611938,1.0632315962909666,332300
2017-07-12,1.0570138692855835,1.0570138692855835,1.0507961467468176,1.0570138692855835,596200
2017-07-13,1.0507961511611938,1.0570138737260801,1.0507961511611938,1.0570138737260801,445200
2017-07-14,1.0570138692855835,1.0570138692855835,1.0570138692855835,1.0570138692855835,742400
2017-07-17,1.0570138692855835,1.0632315918243493,1.0507961467468176,1.0570138692855835,316600
2017-07-18,1.0507961511611938,1.0570138737260801,1.0507961511611938,1.0507961511611938,363100
2017-07-19,1.0570138692855835,1.0570138692855835,1.0507961467468176,1.0507961467468176,217700
2017-07-20,1.0507961511611938,1.0570138737260801,1.0507961511611938,1.0570138737260801,181400
2017-07-21,1.0507961511611938,1.0570138737260801,1.0507961511611938,1.0507961511611938,288300
2017-07-24,1.0570138692855835,1.0570138692855835,1.0507961467468176,1.0570138692855835,1004900
2017-07-25,1.0507961511611938,1.0632315962909666,1.0507961511611938,1.0570138737260801,772600
2017-07-26,1.0632320642471313,1.0632320642471313,1.0507966136441924,1.0507966136441924,2993500
2017-07-27,1.0507961511611938,1.0632315962909666,1.0445783544752079,1.0570138737260801,2909500
2017-07-28,1.0445786714553833,1.0570141944798483,1.0445786714553833,1.0507964700281769,948400
2017-07-31,1.0632320642471313,1.0632320642471313,1.0445788142215906,1.0507966136441924,3865200
2017-08-01,1.0632320642471313,1.0694497895486008,1.0507966136441924,1.0694497895486008,2590700
2017-08-02,1.0632320642471313,1.0632320642471313,1.0570143389456619,1.0632320642471313,375100
2017-08-03,1.0632320642471313,1.0632320642471313,1.0632320642471313,1.0632320642471313,920400
2017-08-04,1.0632320642471313,1.0694497895486008,1.0570143389456619,1.0694497895486008,1160400
2017-08-07,1.069449543952942,1.069449543952942,1.0570140962057637,1.063231820079353,697000
2017-08-08,1.075667381286621,1.075667381286621,1.069449656757194,1.069449656757194,932700
2017-08-09,1.069449543952942,1.075667267826531,1.069449543952942,1.075667267826531,295200
2017-08-10,1.075667381286621,1.075667381286621,1.069449656757194,1.075667381286621,355300
2017-08-11,1.0818849802017212,1.0881027040092277,1.0694495325867084,1.0756672563942147,3153600
2017-08-14,1.0818849802017212,1.0881027040092277,1.0818849802017212,1.0881027040092277,1246500
2017-08-15,1.0881025791168213,1.0881025791168213,1.081884856022985,1.0881025791168213,158200
2017-08-16,1.0818849802017212,1.0881027040092277,1.0756672563942147,1.0881027040092277,651700
2017-08-17,1.075667381286621,1.0818851058160484,1.069449656757194,1.0818851058160484,1209600
2017-08-18,1.0818849802017212,1.0818849802017212,1.0756672563942147,1.0756672563942147,100700
2017-08-21,1.075667381286621,1.0818851058160484,1.075667381286621,1.0818851058160484,233500
2017-08-22,1.0818849802017212,1.0818849802017212,1.0756672563942147,1.0818849802017212,290200
2017-08-23,1.0818849802017212,1.0881027040092277,1.0756672563942147,1.0881027040092277,564900
2017-08-24,1.0709857940673828,1.0961854350710398,1.0709857940673828,1.0898855248201256,4517600
2017-08-25,1.0835859775543213,1.0961858022769029,1.064686240470449,1.0709861528317397,3499200
2017-08-28,1.0835859775543213,1.0961858022769029,1.0835859775543213,1.0835859775543213,2752200
2017-08-29,1.0835859775543213,1.0835859775543213,1.0772860651930305,1.0772860651930305,3953300
2017-08-30,1.0772861242294312,1.0835860369359638,1.0709862115228987,1.0835860369359638,5750600
2017-08-31,1.0772861242294312,1.0772861242294312,1.0772861242294312,1.0772861242294312,0
2017-09-01,1.0772861242294312,1.0772861242294312,1.0772861242294312,1.0772861242294312,0
2017-09-04,1.0772861242294312,1.0772861242294312,1.0772861242294312,1.0772861242294312,0
2017-09-05,1.0835859775543213,1.0835859775543213,1.0772860651930305,1.0772860651930305,1181800
2017-09-06,1.0835859775543213,1.089885889915612,1.0772860651930305,1.089885889915612,3852100
2017-09-07,1.0835859775543213,1.0835859775543213,1.0772860651930305,1.0835859775543213,332500
2017-09-08,1.0835859775543213,1.0835859775543213,1.0772860651930305,1.0835859775543213,138400
2017-09-11,1.0835859775543213,1.089885889915612,1.0835859775543213,1.0835859775543213,909800
2017-09-12,1.089885950088501,1.089885950088501,1.0835860373793904,1.089885950088501,303800
2017-09-13,1.089885950088501,1.089885950088501,1.0835860373793904,1.089885950088501,870500
2017-09-14,1.089885950088501,1.089885950088501,1.0835860373793904,1.089885950088501,938100
2017-09-15,1.0961858034133911,1.0961858034133911,1.0835859786777464,1.0898858910455689,3628500
2017-09-18,1.0835859775543213,1.089885889915612,1.0835859775543213,1.089885889915612,834800
2017-09-19,1.0835859775543213,1.0961858022769029,1.0835859775543213,1.0835859775543213,2915400
2017-09-20,1.0835859775543213,1.089885889915612,1.0835859775543213,1.089885889915612,47000
2017-09-21,1.0835859775543213,1.089885889915612,1.0772860651930305,1.0835859775543213,2645200
2017-09-22,1.0835859775543213,1.0835859775543213,1.0835859775543213,1.0835859775543213,0
2017-09-25,1.089885950088501,1.089885950088501,1.0835860373793904,1.089885950088501,6114200
2017-09-26,1.0835859775543213,1.089885889915612,1.0835859775543213,1.089885889915612,2028900
2017-09-27,1.0961858034133911,1.0961858034133911,1.0835859786777464,1.0835859786777464,2976000
2017-09-28,1.0835859775543213,1.0961858022769029,1.0772860651930305,1.0961858022769029,1035200
2017-09-29,1.0835859775543213,1.089885889915612,1.0772860651930305,1.0835859775543213,1383200
2017-10-02,1.089885950088501,1.0961858627976115,1.0772861246702798,1.0835860373793904,3567200
2017-10-03,1.0835859775543213,1.1024857146381937,1.0835859775543213,1.089885889915612,3072600
2017-10-04,1.0835859775543213,1.089885889915612,1.0835859775543213,1.0835859775543213,3304600
2017-10-05,1.089885950088501,1.0961858627976115,1.089885950088501,1.089885950088501,925000
2017-10-06,1.0961858034133911,1.0961858034133911,1.0898858910455689,1.0961858034133911,218300
2017-10-09,1.089885950088501,1.0961858627976115,1.089885950088501,1.089885950088501,3289200
2017-10-10,1.089885950088501,1.0961858627976115,1.0835860373793904,1.089885950088501,243400
2017-10-11,1.0961858034133911,1.1024857157812133,1.0835859786777464,1.0898858910455689,2899800
2017-10-12,1.0835859775543213,1.0961858022769029,1.0835859775543213,1.089885889915612,1492900
2017-10-13,1.0835859775543213,1.089885889915612,1.0835859775543213,1.089885889915612,124100
2017-10-16,1.0835859775543213,1.0961858022769029,1.0772860651930305,1.0835859775543213,1948200
2017-10-17,1.0772861242294312,1.0835860369359638,1.0772861242294312,1.0835860369359638,4293700
2017-10-18,1.0772861242294312,1.0772861242294312,1.0772861242294312,1.0772861242294312,0
2017-10-19,1.0835859775543213,1.0835859775543213,1.0772860651930305,1.0835859775543213,3693800
2017-10-20,1.0772861242294312,1.0835860369359638,1.0709862115228987,1.0835860369359638,6904100
2017-10-23,1.0772861242294312,1.0898859496424962,1.0772861242294312,1.0772861242294312,3597600
2017-10-24,1.089885950088501,1.089885950088501,1.0835860373793904,1.0835860373793904,692200
2017-10-25,1.0835859775543213,1.089885889915612,1.0772860651930305,1.0835859775543213,3148800
2017-10-26,1.089885950088501,1.089885950088501,1.0835860373793904,1.0835860373793904,128500
2017-10-27,1.0961858034133911,1.0961858034133911,1.0898858910455689,1.0898858910455689,3395000
2017-10-30,1.089885950088501,1.0961858627976115,1.0835860373793904,1.0961858627976115,1229100
2017-10-31,1.0835859775543213,1.0961858022769029,1.0835859775543213,1.0961858022769029,4088000
2017-11-01,1.089885950088501,1.0961858627976115,1.0835860373793904,1.0961858627976115,5017000
2017-11-02,1.0835859775543213,1.0961858022769029,1.0835859775543213,1.0961858022769029,3693600
2017-11-03,1.0835859775543213,1.089885889915612,1.0835859775543213,1.0835859775543213,2623600
2017-11-06,1.0835859775543213,1.089885889915612,1.0772860651930305,1.089885889915612,782800
2017-11-07,1.0772861242294312,1.0835860369359638,1.0709862115228987,1.0835860369359638,6291300
2017-11-08,1.0772861242294312,1.0772861242294312,1.0646862988163661,1.0772861242294312,5041000
2017-11-09,1.0709857940673828,1.077285704318297,1.0646858838164686,1.077285704318297,2588000
2017-11-10,1.0646861791610718,1.077286003158099,1.0646861791610718,1.0709860911595854,2275300
2017-11-13,1.0753756761550903,1.0753756761550903,1.0689746363683539,1.0753756761550903,6433400
2017-11-14,1.0817768573760986,1.0945789377203146,1.0753757408975726,1.0817768573760986,2142300
2017-11-15,1.0625741481781006,1.0881783969229681,1.0625741481781006,1.0817773538133646,1526200
2017-11-16,1.0689749717712402,1.0689749717712402,1.05617288818097,1.0689749717712402,3114300
2017-11-17,1.0689749717712402,1.0753760135663752,1.0689749717712402,1.0689749717712402,496700
2017-11-20,1.0817768573760986,1.0881778975482066,1.0689747007254646,1.0689747007254646,1250300
2017-11-21,1.0817768573760986,1.0881778975482066,1.0753757408975726,1.0881778975482066,469400
2017-11-22,1.0817768573760986,1.0881778975482066,1.0753757408975726,1.0817768573760986,1514700
2017-11-23,1.0753756761550903,1.08177679224824,1.0689746363683539,1.08177679224824,2582700
2017-11-24,1.0753756761550903,1.08177679224824,1.0625735965816174,1.0753756761550903,1795800
2017-11-27,1.0753756761550903,1.08177679224824,1.0689746363683539,1.0753756761550903,1967600
2017-11-28,1.0689749717712402,1.0817771316679474,1.0689749717712402,1.0753760135663752,234800
2017-11-29,1.0753756761550903,1.08177679224824,1.0689746363683539,1.0753756761550903,245200
2017-11-30,1.0753756761550903,1.0753756761550903,1.0689746363683539,1.0753756761550903,1470500
2017-12-01,1.0753756761550903,1.0753756761550903,1.0753756761550903,1.0753756761550903,0
2017-12-04,1.0753756761550903,1.0753756761550903,1.0689746363683539,1.0753756761550903,549400
2017-12-05,1.0689749717712402,1.0753760135663752,1.0689749717712402,1.0753760135663752,3071100
2017-12-06,1.0561727285385132,1.068974810193725,1.0497716877109073,1.068974810193725,1059700
2017-12-07,1.0689749717712402,1.0689749717712402,1.062573929976105,1.062573929976105,1776600
2017-12-08,1.0689749717712402,1.0753760135663752,1.062573929976105,1.0689749717712402,353900
2017-12-11,1.0817768573760986,1.0817768573760986,1.0689747007254646,1.0689747007254646,386200
2017-12-12,1.0817768573760986,1.0881778975482066,1.0753757408975726,1.0753757408975726,2046000
2017-12-13,1.0817768573760986,1.0817768573760986,1.0753757408975726,1.0753757408975726,280000
2017-12-14,1.0817768573760986,1.0817768573760986,1.0753757408975726,1.0817768573760986,640100
2017-12-15,1.0881778001785278,1.1009798793772192,1.0753756446734253,1.081776760579182,2087300
2017-12-18,1.0881778001785278,1.0945788397778735,1.081776760579182,1.0881778001785278,633000
2017-12-19,1.1009800434112549,1.1009800434112549,1.0881779623051928,1.0881779623051928,2996400
2017-12-20,1.0753756761550903,1.0945788718217129,1.0625735965816174,1.0945788718217129,2104800
2017-12-21,1.0753756761550903,1.0881778320349764,1.0689746363683539,1.0753756761550903,1846500
2017-12-22,1.1009800434112549,1.107381083964286,1.0881779623051928,1.0881779623051928,590100
2017-12-25,1.1009800434112549,1.1009800434112549,1.1009800434112549,1.1009800434112549,0
2017-12-26,1.0945794582366943,1.100980501452755,1.0945794582366943,1.100980501452755,52100
2017-12-27,1.0881778001785278,1.1009798793772192,1.0881778001785278,1.1009798793772192,1423200
2017-12-28,1.0945794582366943,1.100980501452755,1.088178415020634,1.0945794582366943,1484100
2017-12-29,1.2161989212036133,1.2161989212036133,1.0881780263069538,1.0945790672364655,5999100
2018-01-02,1.0881778001785278,1.1201829981752565,1.0881778001785278,1.1073809189765649,1133300
2018-01-03,1.0945794582366943,1.100980501452755,1.088178415020634,1.0945794582366943,917400
2018-01-04,1.1073813438415527,1.1073813438415527,1.094579259731132,1.094579259731132,467400
2018-01-05,1.113782286643982,1.1201833281287745,1.0881781207048116,1.1073812451591893,567600
2018-01-08,1.113782286643982,1.113782286643982,1.0945791621896042,1.0945791621896042,523700
2018-01-09,1.113782286643982,1.113782286643982,1.1009802036743968,1.113782286643982,146900
2018-01-10,1.1009800434112549,1.113782124517317,1.1009800434112549,1.1009800434112549,965300
2018-01-11,1.1009800434112549,1.113782124517317,1.0881779623051928,1.1009800434112549,4142100
2018-01-12,1.1009800434112549,1.107381083964286,1.0945790028582238,1.1009800434112549,2263500
2018-01-15,1.1009800434112549,1.107381083964286,1.0945790028582238,1.1009800434112549,1108400
2018-01-16,1.1073813438415527,1.1073813438415527,1.1009803017863424,1.1009803017863424,376000
2018-01-17,1.1073813438415527,1.113782385896763,1.1009803017863424,1.1073813438415527,3567100
2018-01-18,1.1009800434112549,1.113782124517317,1.1009800434112549,1.113782124517317,334600
2018-01-19,1.0881778001785278,1.1009798793772192,1.081776760579182,1.1009798793772192,4495500
2018-01-22,1.1073813438415527,1.1073813438415527,1.0881782176759216,1.094579259731132,1426200
2018-01-23,1.1009800434112549,1.107381083964286,1.1009800434112549,1.1009800434112549,783500
2018-01-24,1.1009800434112549,1.107381083964286,1.1009800434112549,1.107381083964286,1352900
2018-01-25,1.113782286643982,1.113782286643982,1.0945791621896042,1.1009802036743968,3823800
2018-01-26,1.1073813438415527,1.1073813438415527,1.1009803017863424,1.1009803017863424,151600
2018-01-29,1.1073813438415527,1.1073813438415527,1.094579259731132,1.1073813438415527,122500
2018-01-30,1.1073813438415527,1.1073813438415527,1.0881782176759216,1.1073813438415527,978000
2018-02-02,1.1009800434112549,1.107381083964286,1.0881779623051928,1.107381083964286,3783300
2018-02-05,1.0945794582366943,1.100980501452755,1.088178415020634,1.0945794582366943,265100
2018-02-06,1.1009800434112549,1.107381083964286,1.0881779623051928,1.0945790028582238,7593900
2018-02-07,1.1009800434112549,1.107381083964286,1.0881779623051928,1.1009800434112549,1821600
2018-02-08,1.1009800434112549,1.107381083964286,1.0945790028582238,1.1009800434112549,3477900
2018-02-09,1.0817768573760986,1.1009799778924225,1.0689747007254646,1.1009799778924225,2885200
2018-02-12,1.1073813438415527,1.113782385896763,1.0817771756207113,1.0817771756207113,1711800
2018-02-13,1.113782286643982,1.113782286643982,1.1009802036743968,1.1073812451591893,2770900
2018-02-14,1.0945794582366943,1.1137825878848757,1.0945794582366943,1.1073815446688153,3075000
2018-02-15,1.1009800434112549,1.113782124517317,1.1009800434112549,1.107381083964286,11800
2018-02-19,1.1265842914581299,1.1265842914581299,1.1009801272952178,1.1009801272952178,1286800
2018-02-20,1.1290501356124878,1.1355389232715578,1.1095837726352777,1.1290501356124878,623200
2018-02-21,1.1290501356124878,1.1355389232715578,1.1095837726352777,1.1225613479534178,5432500
2018-02-22,1.116072654724121,1.1290502311402806,1.116072654724121,1.1290502311402806,201200
2018-02-23,1.1095837354660034,1.1160725229077095,1.1030949480242975,1.1160725229077095,489300
2018-02-26,1.1030950546264648,1.1095838426952418,1.0771398249989015,1.1095838426952418,4243600
2018-02-27,1.1030950546264648,1.1095838426952418,1.0901174011364556,1.1030950546264648,3440000
2018-02-28,1.0966060161590576,1.1095835893333172,1.0966060161590576,1.1030948027461875,2505800
2018-03-01,1.0966060161590576,1.1030948027461875,1.0836283656323604,1.0966060161590576,2399700
2018-03-02,1.0901172161102295,1.096606080430103,1.083628429142798,1.096606080430103,1702900
2018-03-05,1.0901172161102295,1.0901172161102295,1.083628429142798,1.083628429142798,380500
2018-03-06,1.0901172161102295,1.0901172161102295,1.0771396421753665,1.0901172161102295,2320500
2018-03-07,1.0771397352218628,1.0901173102777668,1.0706509476939108,1.0901173102777668,2993900
2018-03-08,1.0706506967544556,1.077139482761564,1.0641619107473475,1.077139482761564,1810400
2018-03-09,1.0706506967544556,1.077139482761564,1.0576731247402391,1.0706506967544556,2136300
2018-03-12,1.0836284160614014,1.0836284160614014,1.0706508422832017,1.0706508422832017,278400
2018-03-13,1.0771397352218628,1.0836285227498148,1.0706509476939108,1.0836285227498148,1278500
2018-03-14,1.0836284160614014,1.0836284160614014,1.0706508422832017,1.0771396291723014,98600
2018-03-15,1.0966060161590576,1.1030948027461875,1.0771395790452307,1.0836283656323604,3119100
2018-03-16,1.0836284160614014,1.0966060671920421,1.0836284160614014,1.0966060671920421,1032300
2018-03-19,1.0771397352218628,1.0901173102777668,1.0771397352218628,1.0836285227498148,92400
2018-03-20,1.0252294540405273,1.0771397552283082,1.0187406663920546,1.0771397552283082,2889500
2018-03-21,0.9927853941917419,1.0317181956995762,0.9862966068325107,1.0317181956995762,1884700
2018-03-22,1.0511845350265503,1.0511845350265503,1.0057629471425413,1.0057629471425413,634600
2018-03-23,1.031718134880066,1.0511844958102228,1.025229347903347,1.0382069218567849,418100
2018-03-26,1.0252294540405273,1.0382070293374726,1.0252294540405273,1.0317182416889998,2992900
2018-03-27,1.0382070541381836,1.0511846297451373,1.0317182663347066,1.0317182663347066,453500
2018-03-28,1.0382070541381836,1.0446958419416605,1.0317182663347066,1.0382070541381836,1946400
2018-03-29,1.044695496559143,1.044695496559143,1.0317179252426512,1.044695496559143,452200
2018-03-30,1.0382070541381836,1.0446958419416605,1.0317182663347066,1.0446958419416605,573700
2018-04-02,1.0187406539916992,1.0382070167001678,1.0187406539916992,1.0382070167001678,1570000
2018-04-03,0.9927853941917419,1.0187406209811138,0.9798078194732796,1.0187406209811138,2034300
2018-04-04,0.9798077940940857,0.9992741556675575,0.9798077940940857,0.9927853684764002,1499200
2018-04-05,0.9927853941917419,0.992785394191742,0.9798078194732796,0.9798078194732796,258800
2018-04-06,0.9733190536499023,0.9927854161583128,0.9603414786442954,0.9927854161583128,2659700
2018-04-09,0.9927853941917419,0.992785394191742,0.9733190321140484,0.9733190321140484,631100
2018-04-10,1.0057626962661743,1.0122514818664134,0.9862963394654569,0.9862963394654569,1115000
2018-04-11,1.031718134880066,1.031718134880066,1.0122516965974666,1.0122516965974666,540200
2018-04-12,1.0576730966567993,1.0576730966567993,1.0122515184606493,1.03171795331753,682600
2018-04-13,1.044695496559143,1.057673067875635,1.0317179252426512,1.057673067875635,1940400
2018-04-16,1.0511845350265503,1.0511845350265503,1.0317181733701657,1.0446957478077554,603800
2018-04-17,1.031718134880066,1.0511844958102228,1.025229347903347,1.0511844958102228,1162500
2018-04-18,1.0252294540405273,1.0382070293374726,1.0252294540405273,1.0382070293374726,406400
2018-04-19,1.044695496559143,1.044695496559143,1.0252291395844053,1.0317179252426512,2770600
2018-04-20,1.0382070541381836,1.0446958419416605,1.0317182663347066,1.0382070541381836,1357000
2018-04-23,1.0382070541381836,1.0446958419416605,1.0382070541381836,1.0382070541381836,1544200
2018-04-24,1.044695496559143,1.044695496559143,1.0317179252426512,1.044695496559143,170300
2018-04-25,1.031718134880066,1.0446957088335038,1.031718134880066,1.0446957088335038,211200
2018-04-26,1.0511845350265503,1.0771396839017295,1.025229386151371,1.0317181733701657,3840000
2018-04-27,1.0576730966567993,1.0641618824916166,1.051184310821982,1.0576730966567993,1227800
2018-04-30,1.044695496559143,1.0706506391921269,1.044695496559143,1.064161853533881,1166000
2018-05-02,1.0901172161102295,1.096606080430103,1.0511844943056408,1.0576732812730723,1382800
2018-05-03,1.0706506967544556,1.083628268768672,1.0706506967544556,1.083628268768672,730600
2018-05-04,1.0771397352218628,1.0966061751581677,1.0706509476939108,1.0836285227498148,2811300
2018-05-07,1.0771397352218628,1.0771397352218628,1.0641621601659588,1.0706509476939108,696100
2018-05-08,1.0836284160614014,1.090117202950501,1.0706508422832017,1.0771396291723014,813600
2018-05-14,1.0966060161590576,1.1095835893333172,1.070650792458101,1.070650792458101,695000
2018-05-15,1.1030950546264648,1.1095838426952418,1.096606266557688,1.096606266557688,1468700
2018-05-16,1.1186909675598145,1.1186909675598145,1.1055298318276716,1.1055298318276716,1745700
2018-05-17,1.1252713203430176,1.1318518479576254,1.112110265113802,1.1186907927284098,674100
2018-05-18,1.138432264328003,1.138432264328003,1.1252712103848466,1.1252712103848466,1843700
2018-05-21,1.1450130939483643,1.1450130939483643,1.1318520365264895,1.138432565237427,1480500
2018-05-22,1.1450130939483643,1.158174151370239,1.138432565237427,1.1450130939483643,4986800
2018-05-23,1.1318517923355103,1.1515933742091815,1.1318517923355103,1.138432319626734,1961600
2018-05-24,1.1252713203430176,1.1318518479576254,1.1186907927284098,1.1318518479576254,1319300
2018-05-25,1.1186909675598145,1.1252714962028414,1.1121104389167875,1.1252714962028414,663300
2018-05-28,1.138432264328003,1.138432264328003,1.1186906834132682,1.1186906834132682,262100
2018-05-30,1.138432264328003,1.138432264328003,1.138432264328003,1.138432264328003,0
2018-05-31,1.138432264328003,1.138432264328003,1.138432264328003,1.138432264328003,0
2018-06-01,1.1252713203430176,1.1318518479576254,1.1186907927284098,1.1252713203430176,997100
2018-06-04,1.1186909675598145,1.131852024845868,1.1186909675598145,1.1252714962028414,1671400
2018-06-05,1.138432264328003,1.138432264328003,1.1252712103848466,1.1252712103848466,1589800
2018-06-06,1.1318517923355103,1.138432319626734,1.1252712650442864,1.138432319626734,793000
2018-06-07,1.138432264328003,1.138432264328003,1.1318517373564247,1.1318517373564247,390900
2018-06-08,1.1450130939483643,1.1450130939483643,1.1318520365264895,1.138432565237427,1114700
2018-06-11,1.1450130939483643,1.1515936226593018,1.138432565237427,1.1450130939483643,1519800
2018-06-12,1.138432264328003,1.1450127912995811,1.1252712103848466,1.1450127912995811,1050100
2018-06-13,1.10552978515625,1.1450130337936621,1.10552978515625,1.1450130337936621,2254400
2018-06-14,1.1318517923355103,1.1318517923355103,1.1252712650442864,1.1252712650442864,1061500
2018-06-18,1.1186909675598145,1.138432553488895,1.1186909675598145,1.131852024845868,870800
2018-06-19,1.1186909675598145,1.138432553488895,1.1186909675598145,1.1252714962028414,298600
2018-06-20,1.1186909675598145,1.131852024845868,1.1121104389167875,1.131852024845868,1591100
2018-06-21,1.1186909675598145,1.131852024845868,1.1186909675598145,1.1252714962028414,251500
2018-06-22,1.1186909675598145,1.131852024845868,1.1186909675598145,1.1252714962028414,539600
2018-06-25,1.1186909675598145,1.1252714962028414,1.1186909675598145,1.1186909675598145,216800
2018-06-26,1.0989494323730469,1.1186910990689733,1.0923689029564374,1.1186910990689733,799400
2018-06-27,1.10552978515625,1.10552978515625,1.0989492567910288,1.0989492567910288,494600
2018-06-28,1.0989494323730469,1.112110569652364,1.0989494323730469,1.1055299617896561,219500
2018-06-29,1.1647546291351318,1.1647546291351318,1.0989492664579763,1.0989492664579763,1215300
2018-07-02,1.1186909675598145,1.1252714962028414,1.1121104389167875,1.1121104389167875,224700
2018-07-03,1.1318517923355103,1.1318517923355103,1.1055296047245422,1.1186907377530628,466300
2018-07-04,1.1186909675598145,1.131852024845868,1.1186909675598145,1.131852024845868,101800
2018-07-05,1.1186909675598145,1.1252714962028414,1.1121104389167875,1.1252714962028414,102700
2018-07-06,1.138432264328003,1.1450127912995811,1.11211015644169,1.1186906834132682,752100
2018-07-09,1.1252713203430176,1.145012903186841,1.1186907927284098,1.1384323755722332,1710000
2018-07-10,1.1252713203430176,1.1384323755722332,1.1186907927284098,1.1384323755722332,175800
2018-07-11,1.1252713203430176,1.1318518479576254,1.1186907927284098,1.1252713203430176,867600
2018-07-12,1.138432264328003,1.1581738452427377,1.1252712103848466,1.138432264328003,1478200
2018-07-13,1.138432264328003,1.1450127912995811,1.138432264328003,1.1450127912995811,1349700
2018-07-16,1.1450130939483643,1.1450130939483643,1.138432565237427,1.1450130939483643,3251800
2018-07-17,1.1450130939483643,1.1450130939483643,1.138432565237427,1.1450130939483643,1833600
2018-07-18,1.1450130939483643,1.1450130939483643,1.138432565237427,1.1450130939483643,278000
2018-07-19,1.1318517923355103,1.1450128469179577,1.1318517923355103,1.138432319626734,298300
2018-07-20,1.1318517923355103,1.138432319626734,1.1186907377530628,1.138432319626734,1649900
2018-07-23,1.138432264328003,1.1450127912995811,1.1252712103848466,1.138432264328003,166100
2018-07-24,1.138432264328003,1.1450127912995811,1.1318517373564247,1.1450127912995811,668200
2018-07-25,1.138432264328003,1.1450127912995811,1.1318517373564247,1.138432264328003,192800
2018-07-26,1.1318517923355103,1.1450128469179577,1.1252712650442864,1.138432319626734,758000
2018-07-27,1.1318517923355103,1.1318517923355103,1.1252712650442864,1.1318517923355103,366100
2018-07-30,1.138432264328003,1.1450127912995811,1.1318517373564247,1.1318517373564247,1291500
2018-07-31,1.138432264328003,1.1450127912995811,1.1318517373564247,1.138432264328003,1530900
2018-08-01,1.1186909675598145,1.138432553488895,1.1121104389167875,1.138432553488895,2239000
2018-08-02,1.1252713203430176,1.1252713203430176,1.112110265113802,1.1252713203430176,2562600
2018-08-03,1.1318517923355103,1.1318517923355103,1.1186907377530628,1.1186907377530628,317600
2018-08-06,1.1252713203430176,1.1318518479576254,1.1252713203430176,1.1318518479576254,208800
2018-08-07,1.1252713203430176,1.1384323755722332,1.1252713203430176,1.1252713203430176,2264100
2018-08-08,1.1318517923355103,1.1318517923355103,1.1186907377530628,1.1318517923355103,2484800
2018-08-09,1.1450130939483643,1.1450130939483643,1.1252715078155522,1.1318520365264895,334900
2018-08-10,1.1450130939483643,1.1450130939483643,1.1318520365264895,1.138432565237427,1264500
2018-08-13,1.1318517923355103,1.1450128469179577,1.1252712650442864,1.1450128469179577,3073900
2018-08-14,1.1450130939483643,1.1450130939483643,1.1318520365264895,1.138432565237427,3460200
2018-08-15,1.1450130939483643,1.1450130939483643,1.138432565237427,1.1450130939483643,1460100
2018-08-16,1.1450130939483643,1.1450130939483643,1.138432565237427,1.1450130939483643,562100
2018-08-17,1.138432264328003,1.1450127912995811,1.1318517373564247,1.1450127912995811,241800
2018-08-20,1.1515934467315674,1.1515934467315674,1.1384323913202934,1.1384323913202934,170300
2018-08-21,1.1450130939483643,1.1515936226593018,1.138432565237427,1.1515936226593018,2322700
2018-08-23,1.139349341392517,1.1526750516779853,1.139349341392517,1.139349341392517,722900
2018-08-24,1.1460121870040894,1.1526750420914098,1.139349331916769,1.1460121870040894,898700
2018-08-27,1.1526750326156616,1.1526750326156616,1.1460121775831142,1.1460121775831142,42300
2018-08-28,1.139349341392517,1.1460121965352512,1.132686486249783,1.1460121965352512,1674200
2018-08-29,1.1326866149902344,1.1460123267902946,1.1326866149902344,1.1460123267902946,1911400
2018-08-30,1.1460121870040894,1.1460121870040894,1.1326864768294485,1.139349331916769,1141500
2018-09-03,1.1460121870040894,1.1526750420914098,1.139349331916769,1.1460121870040894,157900
2018-09-04,1.1460121870040894,1.1593378971787303,1.139349331916769,1.1460121870040894,403100
2018-09-05,1.159338116645813,1.159338116645813,1.1460124039485644,1.1526752602971886,193300
2018-09-06,1.1526750326156616,1.159337887648209,1.1460121775831142,1.159337887648209,196000
2018-09-07,1.159338116645813,1.159338116645813,1.1526752602971886,1.1526752602971886,86100
2018-09-12,1.1526750326156616,1.159337887648209,1.1460121775831142,1.1526750326156616,1747500
2018-09-13,1.1460121870040894,1.1593378971787303,1.139349331916769,1.1526750420914098,1814900
2018-09-14,1.139349341392517,1.1526750516779853,1.139349341392517,1.1460121965352512,1327200
2018-09-18,1.139349341392517,1.1460121965352512,1.132686486249783,1.1460121965352512,276600
2018-09-19,1.139349341392517,1.1460121965352512,1.139349341392517,1.1460121965352512,400000
2018-09-20,1.139349341392517,1.1460121965352512,1.139349341392517,1.139349341392517,121500
2018-09-21,1.1326866149902344,1.1526751826903248,1.1260237590902042,1.1526751826903248,2596000
2018-09-24,1.1326866149902344,1.1393494708902645,1.1193608237626664,1.1326866149902344,910600
2018-09-25,1.1260238885879517,1.13268674525424,1.1260238885879517,1.13268674525424,836400
2018-09-26,1.1326866149902344,1.1326866149902344,1.1260237590902042,1.1326866149902344,367600
2018-09-27,1.1260238885879517,1.13268674525424,1.1260238885879517,1.13268674525424,946600
2018-09-28,1.1260238885879517,1.13268674525424,1.1260238885879517,1.13268674525424,934400
2018-10-01,1.1326866149902344,1.1326866149902344,1.1260237590902042,1.1326866149902344,357200
2018-10-02,1.1260238885879517,1.13268674525424,1.1193609524941468,1.1260238885879517,1239600
2018-10-03,1.1326866149902344,1.1326866149902344,1.1193608237626664,1.1326866149902344,400600
2018-10-04,1.1326866149902344,1.1326866149902344,1.1260237590902042,1.1326866149902344,253100
2018-10-05,1.1126983165740967,1.1326869699659916,1.1126983165740967,1.1260241119778707,803000
2018-10-08,1.1193610429763794,1.126023979608775,1.1126981857715068,1.1193610429763794,151200
2018-10-09,1.1260238885879517,1.1260238885879517,1.1193609524941468,1.1193609524941468,167200
2018-10-10,1.1326866149902344,1.1326866149902344,1.1193608237626664,1.1260237590902042,382400
2018-10-11,1.1260238885879517,1.13268674525424,1.1126980958278585,1.1260238885879517,1028100
2018-10-12,1.1193610429763794,1.126023979608775,1.1193610429763794,1.1193610429763794,360300
2018-10-15,1.1260238885879517,1.1260238885879517,1.1193609524941468,1.1193609524941468,245300
2018-10-16,1.1193610429763794,1.126023979608775,1.1126981857715068,1.126023979608775,1012400
2018-10-17,1.1326866149902344,1.1326866149902344,1.1193608237626664,1.1193608237626664,151600
2018-10-18,1.1193610429763794,1.126023979608775,1.1193610429763794,1.126023979608775,276400
2018-10-19,1.1193610429763794,1.126023979608775,1.1126981857715068,1.1193610429763794,1876900
2018-10-22,1.1193610429763794,1.126023979608775,1.1126981857715068,1.126023979608775,398300
2018-10-23,1.1193610429763794,1.126023979608775,1.1126981857715068,1.1193610429763794,2168700
2018-10-24,1.1260238885879517,1.1260238885879517,1.1126980958278585,1.1193609524941468,293800
2018-10-25,1.1193610429763794,1.126023979608775,1.1126981857715068,1.1193610429763794,262400
2018-10-26,1.1126983165740967,1.1193611745622174,1.106035458585976,1.1193611745622174,3388100
2018-10-29,1.1193610429763794,1.126023979608775,1.1060353285666344,1.1060353285666344,3171800
2018-10-30,1.1260238885879517,1.13268674525424,1.1126980958278585,1.1193609524941468,3586300
2018-10-31,1.1260238885879517,1.13268674525424,1.1193609524941468,1.13268674525424,3334600
2018-11-01,1.1260238885879517,1.1260238885879517,1.1193609524941468,1.1193609524941468,2358600
2018-11-02,1.1193610429763794,1.1326868368136473,1.1193610429763794,1.126023979608775,1612100
2018-11-05,1.1260238885879517,1.13268674525424,1.1126980958278585,1.1260238885879517,3988600
2018-11-07,1.1126983165740967,1.1326869699659916,1.1126983165740967,1.1260241119778707,485700
2018-11-08,1.1193610429763794,1.126023979608775,1.1060353285666344,1.1193610429763794,1244300
2018-11-09,1.1193610429763794,1.1193610429763794,1.1126981857715068,1.1193610429763794,1609900
2018-11-12,1.1126983165740967,1.1193611745622174,1.099372600597855,1.1193611745622174,881800
2018-11-13,1.0993720293045044,1.1126977383559846,1.0927091747787643,1.1060348838302445,2019400
2018-11-14,1.1060352325439453,1.1060352325439453,1.0993723759175222,1.1060352325439453,639700
2018-11-15,1.1092818975448608,1.1160458051627087,1.102517989927013,1.1092818975448608,1693800
2018-11-16,1.1092818975448608,1.1295736203984044,1.1092818975448608,1.1092818975448608,734700
2018-11-19,1.129573941230774,1.129573941230774,1.1160461221527778,1.1160461221527778,578000
2018-11-21,1.1160454750061035,1.1295732862399048,1.1160454750061035,1.1228093806230042,1668800
2018-11-22,1.1092818975448608,1.1228097127805565,1.1092818975448608,1.1228097127805565,2188800
2018-11-23,1.1092818975448608,1.1228097127805565,1.1092818975448608,1.1160458051627087,803000
2018-11-26,1.1160454750061035,1.1295732862399048,1.1092815693892029,1.1092815693892029,808600
2018-11-27,1.1092818975448608,1.1228097127805565,1.1092818975448608,1.1160458051627087,732800
2018-11-28,1.1160454750061035,1.1160454750061035,1.1025176637723022,1.1160454750061035,628900
2018-11-29,1.1160454750061035,1.1228093806230042,1.1025176637723022,1.1160454750061035,1122400
2018-11-30,1.1092818975448608,1.1160458051627087,1.102517989927013,1.1092818975448608,1731900
2018-12-03,1.1092818975448608,1.1228097127805565,1.1092818975448608,1.1160458051627087,3261100
2018-12-04,1.1092818975448608,1.1160458051627087,1.102517989927013,1.1092818975448608,1156700
2018-12-05,1.1092818975448608,1.1431015162662392,1.102517989927013,1.1092818975448608,2652300
2018-12-06,1.1092818975448608,1.1160458051627087,1.102517989927013,1.1092818975448608,1846900
2018-12-07,1.1092818975448608,1.1295736203984044,1.102517989927013,1.1160458051627087,5979600
2018-12-10,1.1092818975448608,1.1160458051627087,1.102517989927013,1.1092818975448608,525300
2018-12-11,1.1025179624557495,1.1160457773543748,1.1025179624557495,1.1092818699050622,463000
2018-12-12,1.1092818975448608,1.1160458051627087,1.095754082309165,1.102517989927013,2432200
2018-12-13,1.1160454750061035,1.1160454750061035,1.1092815693892029,1.1092815693892029,927000
2018-12-14,1.1025179624557495,1.1228096848036875,1.1025179624557495,1.1160457773543748,818000
2018-12-17,1.1092818975448608,1.1160458051627087,1.102517989927013,1.1092818975448608,590600
2018-12-18,1.1092818975448608,1.1160458051627087,1.102517989927013,1.1092818975448608,4244300
2018-12-19,1.1160454750061035,1.1295732862399048,1.1092815693892029,1.1092815693892029,6859300
2018-12-20,1.1160454750061035,1.1228093806230042,1.1092815693892029,1.1160454750061035,508800
2018-12-21,1.0957541465759277,1.1160458706195955,1.088990238561372,1.1160458706195955,4041100
2018-12-24,1.1092818975448608,1.1160458051627087,1.095754082309165,1.102517989927013,1361000
2018-12-26,1.1228097677230835,1.1228097677230835,1.1092819518254302,1.1092819518254302,681500
2018-12-27,1.143101453781128,1.1498653610292418,1.1228096514046517,1.1228096514046517,930300
2018-12-28,1.1769211292266846,1.1836850372748264,1.143101588985976,1.143101588985976,4951800
2018-12-31,1.1701569557189941,1.197212581773774,1.1701569557189941,1.183684768746384,7588500
2019-01-02,1.1904486417770386,1.1904486417770386,1.1295734042338594,1.149865203836335,3830000
2019-01-03,1.1904486417770386,1.2107403607473906,1.1701569228066868,1.183684735453588,13081600
2019-01-04,1.1836848258972168,1.1972126395777585,1.176920919056946,1.1904487327374877,3563700
2019-01-07,1.1836848258972168,1.1904487327374877,1.1701570122166751,1.1836848258972168,3018100
2019-01-08,1.1769211292266846,1.1836850372748264,1.170157221178543,1.1836850372748264,2121800
2019-01-09,1.1769211292266846,1.1836850372748264,1.170157221178543,1.1836850372748264,2300400
2019-01-10,1.1633930206298828,1.1769208333250007,1.1633930206298828,1.1769208333250007,2509700
2019-01-11,1.1566290855407715,1.1701568978997312,1.1566290855407715,1.1701568978997312,831300
2019-01-14,1.1498655080795288,1.1633933243057581,1.1498655080795288,1.1566294161926434,3644400
2019-01-15,1.1633930206298828,1.1769208333250007,1.1566291142823237,1.1566291142823237,2811300
2019-01-16,1.1566290855407715,1.1769208040792112,1.1566290855407715,1.1633929917202512,2038600
2019-01-17,1.1633930206298828,1.1701569269774417,1.1566291142823237,1.1633930206298828,4520600
2019-01-18,1.1701569557189941,1.1769208622326892,1.163393049205299,1.1701569557189941,3828500
2019-01-22,1.1769211292266846,1.1836850372748264,1.170157221178543,1.1769211292266846,3928300
2019-01-23,1.1769211292266846,1.1836850372748264,1.170157221178543,1.1836850372748264,1312000
2019-01-24,1.1769211292266846,1.1836850372748264,1.170157221178543,1.1769211292266846,10476600
2019-01-25,1.1836848258972168,1.1972126395777585,1.176920919056946,1.1836848258972168,17761100
2019-01-28,1.217504620552063,1.217504620552063,1.1769211708286629,1.1836850791158962,13679500
2019-01-29,1.1972126960754395,1.2107405103943725,1.190448788915973,1.2107405103943725,6781600
2019-01-30,1.1972126960754395,1.203976603234906,1.190448788915973,1.1972126960754395,4150400
2019-01-31,1.1836848258972168,1.2039765464180294,1.1836848258972168,1.2039765464180294,5983800
2019-02-04,1.1769211292266846,1.1836850372748264,1.1769211292266846,1.1769211292266846,302600
2019-02-07,1.1836848258972168,1.1836848258972168,1.176920919056946,1.176920919056946,916000
2019-02-08,1.1904486417770386,1.2107403607473906,1.183684735453588,1.183684735453588,4852000
2019-02-11,1.1836848258972168,1.1972126395777585,1.176920919056946,1.1904487327374877,3375600
2019-02-12,1.1972126960754395,1.1972126960754395,1.1836848817565064,1.190448788915973,5347700
2019-02-13,1.1904486417770386,1.1972125481004892,1.183684735453588,1.1972125481004892,1433700
2019-02-14,1.1769211292266846,1.19721285337111,1.1769211292266846,1.190448945322968,4593200
2019-02-15,1.1836848258972168,1.1904487327374877,1.176920919056946,1.1836848258972168,2149400
2019-02-18,1.2039765119552612,1.217504325248581,1.1836847920152813,1.1904486986619411,2223000
2019-02-19,1.2039765119552612,1.2107404186019213,1.1972126053086012,1.2039765119552612,383000
2019-02-20,1.2107404470443726,1.2107404470443726,1.2039765402388163,1.2039765402388163,4068300
2019-02-21,1.1972126960754395,1.217504417553839,1.1972126960754395,1.2107405103943725,1866900
2019-02-22,1.1972126960754395,1.2107405103943725,1.190448788915973,1.1972126960754395,796800
2019-02-25,1.1972126960754395,1.203976603234906,1.1972126960754395,1.1972126960754395,1580700
2019-02-26,1.1972126960754395,1.203976603234906,1.190448788915973,1.1972126960754395,1682800
2019-02-27,1.205776572227478,1.2126275689822674,1.192074578717899,1.2126275689822674,1361000
2019-02-28,1.205776572227478,1.2126275689822674,1.192074578717899,1.205776572227478,3756900
2019-03-01,1.198925495147705,1.212627487739285,1.1920744988519152,1.2057764914434952,1675300
2019-03-04,1.205776572227478,1.205776572227478,1.192074578717899,1.1989255754726884,200300
2019-03-05,1.2126274108886719,1.219478406750278,1.1989254191654595,1.2057764150270656,802900
2019-03-06,1.205776572227478,1.2194785657370568,1.1989255754726884,1.2126275689822674,392100
2019-03-07,1.205776572227478,1.2126275689822674,1.192074578717899,1.205776572227478,7879300
2019-03-08,1.198925495147705,1.2057764914434952,1.1920744988519152,1.2057764914434952,1929600
2019-03-11,1.2126274108886719,1.219478406750278,1.1989254191654595,1.2057764150270656,549000
2019-03-12,1.198925495147705,1.2194784840350752,1.1920744988519152,1.2057764914434952,7591200
2019-03-13,1.2126274108886719,1.2126274108886719,1.1989254191654595,1.2057764150270656,462100
2019-03-14,1.198925495147705,1.212627487739285,1.198925495147705,1.212627487739285,506200
2019-03-15,1.198925495147705,1.212627487739285,1.1920744988519152,1.2057764914434952,2128200
2019-03-18,1.2194784879684448,1.23318048060422,1.1989254990147822,1.1989254990147822,3185800
2019-03-19,1.2126274108886719,1.2263294026118843,1.2126274108886719,1.219478406750278,1557600
2019-03-20,1.2126274108886719,1.2263294026118843,1.2057764150270656,1.2126274108886719,817500
2019-03-21,1.2126274108886719,1.2263294026118843,1.2057764150270656,1.2126274108886719,5292200
2019-03-22,1.2400314807891846,1.2468825587987558,1.212627495432174,1.212627495432174,4773200
2019-03-25,1.2331804037094116,1.2400313996001062,1.226329407818717,1.2331804037094116,1327800
2019-03-26,1.2331804037094116,1.2537334730518086,1.226329407818717,1.2331804037094116,3487900
2019-03-27,1.2400314807891846,1.2537335551380084,1.2331804844499321,1.2331804844499321,2734300
2019-03-28,1.2263294458389282,1.2468825158185373,1.2263294458389282,1.2400314380451238,2607500
2019-03-29,1.2331804037094116,1.2605844689425032,1.226329407818717,1.2331804037094116,5097200
2019-04-01,1.2331804037094116,1.2400313996001062,1.226329407818717,1.2331804037094116,1484700
2019-04-02,1.2400314807891846,1.2468825587987558,1.2331804844499321,1.2400314807891846,2870000
2019-04-03,1.2331804037094116,1.246882477161114,1.226329407818717,1.2331804037094116,1270600
2019-04-04,1.2605847120285034,1.2605847120285034,1.233180641510923,1.233180641510923,1769500
2019-04-05,1.2537333965301514,1.267435387475239,1.2468824010576076,1.2468824010576076,3023300
2019-04-08,1.2605847120285034,1.2605847120285034,1.2468827176048776,1.2537337148166905,5455400
2019-04-09,1.2674357891082764,1.28798878203887,1.253733793821214,1.2605847914647452,4860700
2019-04-10,1.2674357891082764,1.2742867867518077,1.2605847914647452,1.2742867867518077,3341100
2019-04-11,1.2674357891082764,1.2742867867518077,1.2605847914647452,1.2674357891082764,3491700
2019-04-12,1.2879886627197266,1.3016906567374376,1.2674356716931603,1.2742866687020156,4083200
2019-04-15,1.2879886627197266,1.3016906567374376,1.2879886627197266,1.2879886627197266,4239100
2019-04-16,1.2674357891082764,1.2948397796824012,1.2674357891082764,1.28798878203887,694100
2019-04-17,1.2674357891082764,1.2811377843953389,1.2605847914647452,1.2742867867518077,1392500
2019-04-18,1.2537333965301514,1.274286382947783,1.2400313239147556,1.274286382947783,3343600
2019-04-19,1.2605847120285034,1.281137703663942,1.2537337148166905,1.2537337148166905,3264800
2019-04-22,1.2537333965301514,1.274286382947783,1.2468824010576076,1.2605843920026953,2385800
2019-04-23,1.2605847120285034,1.2674357092403161,1.2537337148166905,1.2605847120285034,2038000
2019-04-24,1.2742863893508911,1.2742863893508911,1.2605843983369527,1.2605843983369527,993600
2019-04-25,1.2674357891082764,1.2811377843953389,1.2674357891082764,1.2811377843953389,176100
2019-04-26,1.2811375856399536,1.2811375856399536,1.2674355924786154,1.2742865890592845,337400
2019-04-29,1.2742863893508911,1.2879883803648293,1.2742863893508911,1.2811373848578602,301000
2019-04-30,1.2811375856399536,1.301690575381961,1.2674355924786154,1.2742865890592845,2884800
2019-05-02,1.2811375856399536,1.2879885822206227,1.2811375856399536,1.2879885822206227,2642200
2019-05-03,1.2811375856399536,1.2948395788012919,1.2742865890592845,1.2879885822206227,4046100
2019-05-06,1.2811375856399536,1.2879885822206227,1.2742865890592845,1.2879885822206227,5890900
2019-05-07,1.3153926134109497,1.3222436102253043,1.274286632524822,1.2811376293391765,4889200
2019-05-08,1.301690697669983,1.3153926921185624,1.294839700445693,1.3085416948942725,3357200
2019-05-09,1.3085417747497559,1.3085417747497559,1.294839779464994,1.3085417747497559,419900
2019-05-10,1.329094648361206,1.3496476381803204,1.30854157687177,1.3153925734781415,2250800
2019-05-13,1.301690697669983,1.3290947682374707,1.2811377059971136,1.3290947682374707,2327800
2019-05-14,1.3153926134109497,1.3153926134109497,1.2948396229678858,1.308541616596595,2485700
2019-05-15,1.3153926134109497,1.3222436102253043,1.3016906197822404,1.3153926134109497,3921800
2019-05-16,1.319420337677002,1.3263646487082452,1.3124760266457585,1.319420337677002,2059000
2019-05-17,1.3124758005142212,1.3263644201837839,1.3124758005142212,1.3263644201837839,2069000
2019-05-21,1.319420337677002,1.3263646487082452,1.3124760266457585,1.319420337677002,3660900
2019-05-23,1.319420337677002,1.3333089597394887,1.3124760266457585,1.319420337677002,4107100
2019-05-24,1.3263646364212036,1.3263646364212036,1.3194203254542902,1.3263646364212036,273700
2019-05-27,1.319420337677002,1.3263646487082452,1.3124760266457585,1.3263646487082452,2439700
2019-05-28,1.3124758005142212,1.3333087300185653,1.3124758005142212,1.3194201103490026,3435900
2019-05-29,1.3055315017700195,1.319420121557567,1.298587191876246,1.319420121557567,6339700
2019-05-30,1.3055315017700195,1.3124758116637933,1.298587191876246,1.3124758116637933,6732300
2019-05-31,1.2916430234909058,1.3055316448000478,1.2916430234909058,1.3055316448000478,1145400
2019-06-03,1.2985872030258179,1.2985872030258179,1.2846985831190236,1.2916428930724209,3570500
2019-06-04,1.3055315017700195,1.319420121557567,1.2916428819824721,1.3055315017700195,2979200
2019-06-05,1.3055315017700195,1.3055315017700195,1.3055315017700195,1.3055315017700195,0
2019-06-06,1.3055315017700195,1.3055315017700195,1.3055315017700195,1.3055315017700195,0
2019-06-07,1.2985872030258179,1.312475822932612,1.2985872030258179,1.3055315129792149,1229100
2019-06-10,1.2985872030258179,1.3055315129792149,1.2916428930724209,1.3055315129792149,2730000
2019-06-11,1.2916430234909058,1.2985873341454768,1.2846987128363347,1.2985873341454768,1963200
2019-06-12,1.2916430234909058,1.2985873341454768,1.2846987128363347,1.2985873341454768,4839200
2019-06-13,1.2846986055374146,1.291642915611992,1.2777542954628371,1.291642915611992,2485900
2019-06-14,1.277754306793213,1.2985872372016793,1.277754306793213,1.2846986169293684,2336100
2019-06-17,1.2846986055374146,1.291642915611992,1.2777542954628371,1.2846986055374146,1138400
2019-06-18,1.2916430234909058,1.2916430234909058,1.2846987128363347,1.2846987128363347,1076800
2019-06-19,1.277754306793213,1.2916429270655239,1.277754306793213,1.2846986169293684,3546000
2019-06-20,1.2846986055374146,1.291642915611992,1.2777542954628371,1.2777542954628371,2931700
2019-06-21,1.3541419506072998,1.3541419506072998,1.277754447891649,1.284698758794643,9095300
2019-06-24,1.3124758005142212,1.3194201103490026,1.2985871808446585,1.3194201103490026,2973000
2019-06-25,1.3124758005142212,1.3194201103490026,1.30553149067944,1.3124758005142212,1179200
2019-06-26,1.3124758005142212,1.3194201103490026,1.2985871808446585,1.3124758005142212,1284300
2019-06-27,1.3055315017700195,1.319420121557567,1.298587191876246,1.3124758116637933,1406500
2019-06-28,1.2985872030258179,1.312475822932612,1.2985872030258179,1.3055315129792149,4383900
2019-07-01,1.3055315017700195,1.3055315017700195,1.298587191876246,1.298587191876246,1156400
2019-07-02,1.3124758005142212,1.3124758005142212,1.30553149067944,1.30553149067944,2320900
2019-07-03,1.3055315017700195,1.319420121557567,1.3055315017700195,1.3124758116637933,6243100
2019-07-04,1.3124758005142212,1.3194201103490026,1.30553149067944,1.3124758005142212,800900
2019-07-05,1.319420337677002,1.3471976645846928,1.3124760266457585,1.3124760266457585,8751900
2019-07-08,1.3263646364212036,1.333308947388117,1.3194203254542902,1.3194203254542902,4701600
2019-07-09,1.3124758005142212,1.3263644201837839,1.3124758005142212,1.3263644201837839,3569500
2019-07-10,1.319420337677002,1.3263646487082452,1.3124760266457585,1.319420337677002,2436100
2019-07-11,1.319420337677002,1.319420337677002,1.3124760266457585,1.3124760266457585,740800
2019-07-12,1.319420337677002,1.3333089597394887,1.3124760266457585,1.319420337677002,1951000
2019-07-15,1.319420337677002,1.3333089597394887,1.319420337677002,1.319420337677002,1065400
2019-07-16,1.319420337677002,1.3263646487082452,1.3124760266457585,1.319420337677002,2711400
2019-07-17,1.3055315017700195,1.3263644314513408,1.298587191876246,1.319420121557567,2071600
2019-07-18,1.3055315017700195,1.3124758116637933,1.298587191876246,1.3055315017700195,6194400
2019-07-19,1.3055315017700195,1.3124758116637933,1.298587191876246,1.3055315017700195,1658400
2019-07-22,1.2916430234909058,1.3124759554546188,1.2916430234909058,1.3124759554546188,1505100
2019-07-23,1.2916430234909058,1.3124759554546188,1.2846987128363347,1.2985873341454768,2761900
2019-07-24,1.2916430234909058,1.3055316448000478,1.2846987128363347,1.2916430234909058,2362000
2019-07-25,1.2846986055374146,1.2985872256865694,1.2846986055374146,1.291642915611992,2656500
2019-07-26,1.2985872030258179,1.3055315129792149,1.2846985831190236,1.2846985831190236,1268400
2019-07-29,1.3124758005142212,1.3263644201837839,1.2916428710098773,1.2985871808446585,582600
2019-07-31,1.3263646364212036,1.3263646364212036,1.2916430815866367,1.3124760144873768,2815900
2019-08-01,1.319420337677002,1.319420337677002,1.3124760266457585,1.319420337677002,3914400
2019-08-02,1.3263646364212036,1.333308947388117,1.3124760144873768,1.3194203254542902,2709700
2019-08-05,1.319420337677002,1.3263646487082452,1.3124760266457585,1.3263646487082452,2854100
2019-08-06,1.3124758005142212,1.3263644201837839,1.30553149067944,1.3124758005142212,3073800
2019-08-07,1.3124758005142212,1.3124758005142212,1.30553149067944,1.3124758005142212,310800
2019-08-08,1.3124758005142212,1.3194201103490026,1.3124758005142212,1.3124758005142212,234700
2019-08-09,1.3263646364212036,1.3402532583550304,1.3194203254542902,1.3194203254542902,4065300
2019-08-13,1.333309292793274,1.347198001107806,1.3263649800273771,1.3263649800273771,4773200
2019-08-14,1.3263646364212036,1.3402532583550304,1.3194203254542902,1.333308947388117,1484600
2019-08-15,1.3124758005142212,1.3263644201837839,1.3124758005142212,1.3194201103490026,4172900
2019-08-16,1.319420337677002,1.3263646487082452,1.3124760266457585,1.319420337677002,2729000
2019-08-19,1.3471975326538086,1.3471975326538086,1.3194202084663476,1.3194202084663476,751700
2019-08-20,1.333309292793274,1.347198001107806,1.3263649800273771,1.347198001107806,2663200
2019-08-21,1.333309292793274,1.347198001107806,1.3263649800273771,1.333309292793274,2884700
2019-08-22,1.333309292793274,1.3541423138737028,1.3263649800273771,1.333309292793274,5813100
2019-08-23,1.33527672290802,1.3563600197434578,1.3282489572962073,1.3493322541316453,3976600
2019-08-26,1.3493324518203735,1.3633880688808413,1.3282491518960522,1.3352769185374926,6229000
2019-08-27,1.3423043489456177,1.3563598787077342,1.3423043489456177,1.349332113826676,7071100
2019-08-28,1.3493324518203735,1.356360218461814,1.3493324518203735,1.3493324518203735,4015300
2019-08-29,1.3493324518203735,1.356360218461814,1.342304685178933,1.342304685178933,282300
2019-08-30,1.3704155683517456,1.377443333623082,1.3493321887601657,1.3493321887601657,1952800
2019-09-03,1.3633878231048584,1.3914988846030794,1.3563599739527317,1.3704155884794136,1321600
2019-09-04,1.3704155683517456,1.377443333623082,1.3563599540315021,1.3704155683517456,2971500
2019-09-05,1.3704155683517456,1.3704155683517456,1.3633878030804092,1.3704155683517456,1739700
2019-09-06,1.3633878231048584,1.3704155884794136,1.3633878231048584,1.3704155884794136,283800
2019-09-10,1.3704155683517456,1.377443333623082,1.3633878030804092,1.3633878030804092,1489500
2019-09-11,1.3423043489456177,1.3704154922474165,1.3352765840645595,1.3704154922474165,3530400
2019-09-12,1.3423043489456177,1.3563598787077342,1.3282488191835011,1.3423043489456177,4143700
2019-09-13,1.356359839439392,1.356359839439392,1.342304310084201,1.342304310084201,1667500
2019-09-17,1.3493324518203735,1.356360218461814,1.342304685178933,1.356360218461814,2749800
2019-09-18,1.3423043489456177,1.3633877273663584,1.3423043489456177,1.3633877273663584,1891800
2019-09-19,1.3423043489456177,1.3563598787077342,1.3352765840645595,1.349332113826676,2689000
2019-09-20,1.3282487392425537,1.3493320326168259,1.3282487392425537,1.3423042681587352,5987900
2019-09-23,1.33527672290802,1.3493322541316453,1.3212211916843946,1.3282489572962073,6353600
2019-09-24,1.3282487392425537,1.3423042681587352,1.321220974784463,1.3423042681587352,6028300
2019-09-25,1.33527672290802,1.3493322541316453,1.3282489572962073,1.3282489572962073,4098600
2019-09-26,1.3493324518203735,1.3493324518203735,1.3352769185374926,1.3352769185374926,3255300
2019-09-27,1.3493324518203735,1.3704158355222817,1.342304685178933,1.3493324518203735,6068400
2019-09-30,1.3493324518203735,1.3633880688808413,1.342304685178933,1.3493324518203735,2818500
2019-10-01,1.3493324518203735,1.356360218461814,1.342304685178933,1.356360218461814,8845900
2019-10-02,1.3704155683517456,1.3704155683517456,1.3493321887601657,1.3493321887601657,5651600
2019-10-03,1.3704155683517456,1.377443333623082,1.3633878030804092,1.3704155683517456,8403500
2019-10-04,1.3704155683517456,1.377443333623082,1.3563599540315021,1.3704155683517456,1351900
2019-10-07,1.3493324518203735,1.3704158355222817,1.342304685178933,1.3704158355222817,718500
2019-10-08,1.3493324518203735,1.356360218461814,1.342304685178933,1.3493324518203735,4153800
2019-10-09,1.33527672290802,1.3563600197434578,1.33527672290802,1.3493322541316453,2047900
2019-10-10,1.3141932487487793,1.342304307403011,1.3141932487487793,1.342304307403011,3237700
2019-10-11,1.321221113204956,1.3282488783993254,1.3071655828162176,1.321221113204956,1490900
2019-10-14,1.3282487392425537,1.3352765037006444,1.3141932103263723,1.3282487392425537,3557400
2019-10-15,1.321221113204956,1.3282488783993254,1.314193348010587,1.3282488783993254,3969100
2019-10-16,1.3071657419204712,1.328249040069774,1.3071657419204712,1.328249040069774,7138200
2019-10-17,1.3071657419204712,1.3212212740200064,1.3001379758707037,1.3071657419204712,2483300
2019-10-18,1.3071657419204712,1.314193507970239,1.3001379758707037,1.3071657419204712,2811600
2019-10-21,1.33527672290802,1.33527672290802,1.3001378948489568,1.3001378948489568,884400
2019-10-22,1.3071657419204712,1.328249040069774,1.3071657419204712,1.328249040069774,3650100
2019-10-23,1.3071657419204712,1.3212212740200064,1.3001379758707037,1.314193507970239,2387100
2019-10-24,1.3001376390457153,1.3141931675039027,1.2931098748166214,1.307165403274809,3875300
2019-10-25,1.2790546417236328,1.3071657051315444,1.2649990262420998,1.3001379392795664,5531800
2019-10-29,1.2931101322174072,1.2931101322174072,1.279054600961388,1.279054600961388,484000
2019-10-30,1.2931101322174072,1.3071656634734268,1.2860823665893977,1.2931101322174072,1611400
2019-10-31,1.272026777267456,1.307165689895347,1.272026777267456,1.300137924125284,2637000
2019-11-01,1.272026777267456,1.2860823925851583,1.2649990114973932,1.272026777267456,2780400
2019-11-04,1.2931101322174072,1.300137897845417,1.2720267515558035,1.2720267515558035,979800
2019-11-05,1.2860822677612305,1.3141933281130929,1.2860822677612305,1.293110032849196,4638600
2019-11-06,1.3141932487487793,1.349332072066569,1.3001377194216635,1.3001377194216635,5588100
2019-11-07,1.3001376390457153,1.3423042244202779,1.3001376390457153,1.3212209317329966,2158400
2019-11-08,1.3071657419204712,1.3212212740200064,1.3001379758707037,1.3071657419204712,5950100
2019-11-11,1.321221113204956,1.3282488783993254,1.3071655828162176,1.314193348010587,924600
2019-11-12,1.33527672290802,1.33527672290802,1.314193426072582,1.3212211916843946,1016300
2019-11-13,1.3141932487487793,1.3282487780758951,1.3141932487487793,1.3282487780758951,591300
2019-11-14,1.33527672290802,1.3423044885198325,1.314193426072582,1.3212211916843946,8497800
2019-11-15,1.33527672290802,1.3493322541316453,1.3282489572962073,1.3423044885198325,7381700
2019-11-18,1.33527672290802,1.3493322541316453,1.3282489572962073,1.33527672290802,1093500
2019-11-19,1.3388372659683228,1.3459587340137982,1.324594329877372,1.3388372659683228,426900
2019-11-20,1.3317158222198486,1.3459587585706605,1.324594354044443,1.3317158222198486,914800
2019-11-21,1.3245943784713745,1.3317158467781078,1.3174729101646414,1.3245943784713745,1443000
2019-11-22,1.3245943784713745,1.3317158467781078,1.3174729101646414,1.3317158467781078,1406500
2019-11-25,1.3317158222198486,1.3317158222198486,1.317472885869037,1.3317158222198486,2733800
2019-11-26,1.3317158222198486,1.3388372903952546,1.324594354044443,1.3317158222198486,4337500
2019-11-27,1.345958948135376,1.3530804173137687,1.3245945406001975,1.3317160097785903,2065900
2019-11-28,1.3317158222198486,1.3459587585706605,1.324594354044443,1.3459587585706605,862600
2019-11-29,1.3245943784713745,1.3388373150848412,1.310351441857908,1.3317158467781078,2030000
2019-12-02,1.3103514909744263,1.3245944281217674,1.3032300224007556,1.3245944281217674,718600
2019-12-03,1.2889872789382935,1.310351774171261,1.281865808825511,1.3032303040584785,1929600
2019-12-04,1.296108603477478,1.303230072323953,1.2818655808899235,1.296108603477478,1578600
2019-12-05,1.3032300472259521,1.3103515159352797,1.2961085785166249,1.3103515159352797,733900
2019-12-06,1.3103514909744263,1.317472959548097,1.296108553827085,1.3032300224007556,1315700
2019-12-09,1.3103514909744263,1.3245944281217674,1.3103514909744263,1.317472959548097,1019600
2019-12-10,1.3245943784713745,1.3317158467781078,1.310351441857908,1.3174729101646414,904100
2019-12-11,1.3245943784713745,1.3317158467781078,1.3174729101646414,1.3174729101646414,1894300
2019-12-12,1.3174729347229004,1.3317158716018613,1.3032299978439392,1.3245944031623809,6136000
2019-12-13,1.3103514909744263,1.317472959548097,1.3032300224007556,1.317472959548097,2091300
2019-12-16,1.296108603477478,1.3174730100169023,1.296108603477478,1.3174730100169023,2293900
2019-12-17,1.2889872789382935,1.310351774171261,1.2889872789382935,1.3032303040584785,3765600
2019-12-18,1.2818655967712402,1.2961086195352547,1.2818655967712402,1.2889870657059443,2734300
2019-12-19,1.2818655967712402,1.2961086195352547,1.2676226589018318,1.2889870657059443,8546200
2019-12-20,1.274743914604187,1.2961084027291685,1.267622446860724,1.2818653823476502,4233800
2019-12-23,1.3032300472259521,1.3032300472259521,1.2747440874940394,1.2818655562033667,4532800
2019-12-24,1.3032300472259521,1.3032300472259521,1.288987024912694,1.3032300472259521,394300
2019-12-26,1.296108603477478,1.303230072323953,1.296108603477478,1.303230072323953,3040700
2019-12-27,1.3174729347229004,1.3174729347229004,1.2961085294044588,1.3032299978439392,2412200
2019-12-30,1.3103514909744263,1.317472959548097,1.3103514909744263,1.317472959548097,193900
2019-12-31,1.296108603477478,1.3103515411704276,1.296108603477478,1.3103515411704276,2263400
2020-01-02,1.3103514909744263,1.3103514909744263,1.296108553827085,1.3032300224007556,406700
2020-01-03,1.3174729347229004,1.3174729347229004,1.2961085294044588,1.3103514662834197,1743900
2020-01-06,1.3103514909744263,1.317472959548097,1.3103514909744263,1.3103514909744263,2790700
2020-01-07,1.3103514909744263,1.3245944281217674,1.3032300224007556,1.3103514909744263,2784800
2020-01-08,1.3103514909744263,1.317472959548097,1.3032300224007556,1.3103514909744263,4196900
2020-01-09,1.3103514909744263,1.317472959548097,1.3032300224007556,1.3103514909744263,3107300
2020-01-10,1.3103514909744263,1.317472959548097,1.3032300224007556,1.317472959548097,5884900
2020-01-13,1.3032300472259521,1.3245944533539342,1.3032300472259521,1.3103515159352797,1081100
2020-01-14,1.296108603477478,1.3174730100169023,1.296108603477478,1.3103515411704276,2688300
2020-01-15,1.296108603477478,1.3103515411704276,1.296108603477478,1.303230072323953,849500
2020-01-16,1.3103514909744263,1.317472959548097,1.3032300224007556,1.3032300224007556,1258400
2020-01-17,1.3032300472259521,1.3103515159352797,1.2961085785166249,1.3103515159352797,419800
2020-01-20,1.3032300472259521,1.3032300472259521,1.2961085785166249,1.3032300472259521,3199900
2020-01-21,1.2889872789382935,1.3032303040584785,1.2889872789382935,1.3032303040584785,1898200
2020-01-22,1.3032300472259521,1.3103515159352797,1.288987024912694,1.288987024912694,7762500
2020-01-23,1.3103514909744263,1.3103514909744263,1.296108553827085,1.3103514909744263,3160500
2020-01-24,1.3103514909744263,1.3103514909744263,1.296108553827085,1.3032300224007556,385300
2020-01-28,1.296108603477478,1.3103515411704276,1.2818655808899235,1.3103515411704276,952800
2020-01-29,1.2818655967712402,1.2961086195352547,1.2676226589018318,1.2961086195352547,3904400
2020-01-30,1.2818655967712402,1.2889870657059443,1.2676226589018318,1.2889870657059443,5998900
2020-01-31,1.296108603477478,1.3103515411704276,1.2818655808899235,1.2889870497363982,5206500
2020-02-03,1.274743914604187,1.2889868500911132,1.274743914604187,1.2889868500911132,1255500
2020-02-04,1.2676225900650024,1.281865527160964,1.2676225900650024,1.2747440586129832,1666200
2020-02-05,1.2676225900650024,1.2747440586129832,1.2533796529690409,1.2747440586129832,4958500
2020-02-06,1.2676225900650024,1.281865527160964,1.2676225900650024,1.2676225900650024,2407500
2020-02-07,1.2818655967712402,1.2961086195352547,1.2676226589018318,1.2676226589018318,6694900
2020-02-10,1.296108603477478,1.303230072323953,1.2747441120434488,1.2818655808899235,2241100
2020-02-11,1.3032300472259521,1.3032300472259521,1.2818655562033667,1.2961085785166249,2712800
2020-02-12,1.3174729347229004,1.3245944031623809,1.288986976070378,1.3032299978439392,6397100
2020-02-13,1.3388372659683228,1.3459587340137982,1.3174728618318963,1.3174728618318963,4849700
2020-02-14,1.3530805110931396,1.3673234504370757,1.3388375717492038,1.3388375717492038,7987400
2020-02-17,1.3530805110931396,1.3602019807651076,1.3459590414211717,1.3530805110931396,4625700
2020-02-18,1.3530805110931396,1.3602019807651076,1.3459590414211717,1.3530805110931396,6985500
2020-02-19,1.3530805110931396,1.3530805110931396,1.3459590414211717,1.3530805110931396,578200
2020-02-20,1.345958948135376,1.3530804173137687,1.3388374789569832,1.3530804173137687,904300
2020-02-21,1.3530805110931396,1.3602019807651076,1.3388375717492038,1.3459590414211717,966400
2020-02-24,1.3530805110931396,1.3530805110931396,1.3317161020772357,1.3459590414211717,1447600
2020-02-25,1.345958948135376,1.3602018864921614,1.3388374789569832,1.345958948135376,5015100
2020-02-26,1.3530805110931396,1.3673234504370757,1.3459590414211717,1.3530805110931396,6540300
2020-02-27,1.3707560300827026,1.3707560300827026,1.3563270328192438,1.3635415314509733,2953100
2020-02-28,1.3707560300827026,1.3707560300827026,1.341898035555785,1.3563270328192438,5164900
2020-03-02,1.3346835374832153,1.3635415320222228,1.3346835374832153,1.3635415320222228,2242300
2020-03-03,1.3418978452682495,1.3491123428769287,1.3346833476595705,1.3346833476595705,4035600
2020-03-04,1.356326937675476,1.3635414358011222,1.341897941424184,1.341897941424184,640700
2020-03-05,1.3635414838790894,1.370755982259116,1.3563269854990627,1.3563269854990627,564300
2020-03-06,1.3635414838790894,1.370755982259116,1.3563269854990627,1.3635414838790894,323000
2020-03-09,1.356326937675476,1.356326937675476,1.327468945172892,1.356326937675476,2751800
2020-03-10,1.356326937675476,1.3635414358011222,1.334683443298538,1.334683443298538,3268600
2020-03-11,1.3707560300827026,1.3779705287144322,1.3563270328192438,1.3635415314509733,1736900
2020-03-12,1.3346835374832153,1.3707560306569748,1.3274690388484633,1.3707560306569748,3673400
2020-03-13,1.2986109256744385,1.3202545070384433,1.2697529318605727,1.3202545070384433,4649300
2020-03-16,1.2481094598770142,1.2913964514085694,1.2264659641112363,1.284181952819977,5311600
2020-03-17,1.1543209552764893,1.1976079491725968,1.0821758794460314,1.1976079491725968,8728100
2020-03-18,1.1687498092651367,1.1976078016408978,1.1543208130772562,1.1543208130772562,5510900
2020-03-19,1.1182481050491333,1.1759641690143263,1.0966046133135325,1.1759641690143263,4277400
2020-03-20,1.1687498092651367,1.1759643073590769,1.0893902442281926,1.0893902442281926,4624500
2020-03-23,1.1398918628692627,1.1543208596391665,1.1254627800957542,1.1543208596391665,3618300
2020-03-24,1.161535382270813,1.1759643793419177,1.1326773881286036,1.1326773881286036,4967400
2020-03-25,1.1976076364517212,1.2192512137517875,1.1543206538587671,1.1615351509575929,5350000
2020-03-26,1.2192515134811401,1.2264660123535105,1.168749935370937,1.204822429732789,3653400
2020-03-27,1.2264659404754639,1.2408949373745812,1.212036857572741,1.212036857572741,3508100
2020-03-30,1.17596435546875,1.2192514318069028,1.1615353586905672,1.2192514318069028,2131100
2020-03-31,1.147106409072876,1.1831789025013655,1.147106409072876,1.1759644038156676,2096600
2020-04-01,1.1398918628692627,1.1543208596391665,1.1254627800957542,1.1543208596391665,5517900
2020-04-02,1.147106409072876,1.1543209077585739,1.1326774117014802,1.1326774117014802,8323100
2020-04-03,1.147106409072876,1.1543209077585739,1.147106409072876,1.147106409072876,2710200
2020-04-06,1.1398918628692627,1.1615353580241186,1.1254627800957542,1.1543208596391665,3613000
2020-04-07,1.1398918628692627,1.1471063612542147,1.132677364484311,1.1471063612542147,5456900
2020-04-08,1.1398918628692627,1.1471063612542147,1.132677364484311,1.1398918628692627,2192300
2020-04-09,1.1398918628692627,1.1471063612542147,1.1182482817108024,1.1398918628692627,5714300
2020-04-10,1.1254627704620361,1.1398918531120348,1.1182482721388387,1.1398918531120348,3990300
2020-04-13,1.1182481050491333,1.1326771855431248,1.1182481050491333,1.1326771855431248,1955500
2020-04-14,1.1110337972640991,1.1326773786940847,1.1110337972640991,1.125462794215019,3934200
2020-04-15,1.132677435874939,1.1471064335542767,1.1110338533523223,1.1182483521919913,6906600
2020-04-16,1.1543209552764893,1.175964452224543,1.125462873342139,1.1326774583284354,7782700
2020-04-17,1.1543209552764893,1.175964452224543,1.1543209552764893,1.1615354542591738,8357200
2020-04-20,1.17596435546875,1.1831788538578412,1.1615353586905672,1.1615353586905672,5198100
2020-04-21,1.132677435874939,1.1831789277526208,1.12546285103166,1.175964428912952,5900100
2020-04-22,1.1182481050491333,1.1398916827883252,1.1038191105587327,1.1326771855431248,8965200
2020-04-23,1.1110337972640991,1.1326773786940847,1.1110337972640991,1.125462794215019,4173200
2020-04-24,1.1110337972640991,1.125462794215019,1.1110337972640991,1.1182482957395592,4429900
2020-04-27,1.1110337972640991,1.125462794215019,1.1038192987886393,1.1182482957395592,2124900
2020-04-28,1.1038192510604858,1.1254627455510202,1.1038192510604858,1.1182482473875088,4602000
2020-04-29,1.1254627704620361,1.1326773547888374,1.103819275492444,1.1110337738156413,3874700
2020-04-30,1.132677435874939,1.1543209323939456,1.132677435874939,1.132677435874939,3051600
2020-05-04,1.147106409072876,1.1687499051299697,1.125462827012174,1.1326774117014802,2187900
2020-05-05,1.1543209552764893,1.175964452224543,1.1543209552764893,1.1543209552764893,2453700
2020-05-06,1.161535382270813,1.18317887787747,1.161535382270813,1.1687498808063652,1286600
2020-05-08,1.17596435546875,1.1903933522469325,1.1615353586905672,1.1687498570796586,1942900
2020-05-12,1.161535382270813,1.1903933764130223,1.161535382270813,1.18317887787747,3547600
2020-05-13,1.161535382270813,1.1687498808063652,1.1471063851997083,1.161535382270813,1564000
2020-05-14,1.1398918628692627,1.1543208596391665,1.1398918628692627,1.1543208596391665,1323900
2020-05-15,1.1398918628692627,1.1543208596391665,1.132677364484311,1.1471063612542147,1181400
2020-05-18,1.1398918628692627,1.1543208596391665,1.1398918628692627,1.1398918628692627,1259200
2020-05-19,1.147106409072876,1.1543209077585739,1.139891910387178,1.147106409072876,1289900
2020-05-20,1.1398918628692627,1.1471063612542147,1.132677364484311,1.1398918628692627,2063100
2020-05-21,1.1398918628692627,1.1543208596391665,1.132677364484311,1.1398918628692627,1481000
2020-05-22,1.132677435874939,1.1543209323939456,1.132677435874939,1.1471064335542767,2015500
2020-05-27,1.147106409072876,1.147106409072876,1.1326774117014802,1.139891910387178,1769500
2020-05-28,1.132677435874939,1.1543209323939456,1.12546285103166,1.1471064335542767,2455100
2020-05-29,1.1543209552764893,1.1543209552764893,1.125462873342139,1.1326774583284354,2323300
2020-06-02,1.1543209552764893,1.1543209552764893,1.1543209552764893,1.1543209552764893,0
2020-06-03,1.1398918628692627,1.1543208596391665,1.132677364484311,1.132677364484311,2134900
2020-06-04,1.1687498092651367,1.1687498092651367,1.1471063149833158,1.1471063149833158,1616600
2020-06-05,1.1687498092651367,1.1759643073590769,1.1543208130772562,1.1687498092651367,1536800
2020-06-09,1.190393328666687,1.197607826912868,1.1687498339281444,1.1831788304205062,3934700
2020-06-10,1.2120368480682373,1.226465930857811,1.1976078512822685,1.1976078512822685,3052000
2020-06-11,1.1976076364517212,1.2120366306493724,1.1903931393528955,1.2120366306493724,2304100
2020-06-12,1.204822301864624,1.2264658821883059,1.15432081511777,1.1615353132244635,4092800
2020-06-15,1.161535382270813,1.2192514565588382,1.161535382270813,1.204822373484127,2701200
2020-06-16,1.1976076364517212,1.204822133550547,1.1687496480564186,1.1759641451552443,1514300
2020-06-17,1.2120368480682373,1.2120368480682373,1.1831788544962998,1.1976078512822685,1482900
2020-06-18,1.161535382270813,1.204822373484127,1.161535382270813,1.204822373484127,2672000
2020-06-19,1.1687498092651367,1.1831788054530172,1.1615353111711963,1.1687498092651367,3250200
2020-06-22,1.17596435546875,1.17596435546875,1.1615353586905672,1.1687498570796586,2312500
2020-06-23,1.1687498092651367,1.1903933035469574,1.1687498092651367,1.1759643073590769,1338400
2020-06-24,1.17596435546875,1.1831788538578412,1.1687498570796586,1.1687498570796586,2268100
2020-06-25,1.1687498092651367,1.1759643073590769,1.1615353111711963,1.1759643073590769,991000
2020-06-26,1.1543209552764893,1.1687499532418584,1.1471064562938045,1.1687499532418584,4230500
2020-06-29,1.1398918628692627,1.1543208596391665,1.1398918628692627,1.1543208596391665,1218400
2020-06-30,1.1687498092651367,1.1831788054530172,1.1471063149833158,1.1471063149833158,4578600
2020-07-01,1.1687498092651367,1.1831788054530172,1.1687498092651367,1.1759643073590769,448000
2020-07-02,1.17596435546875,1.1831788538578412,1.1687498570796586,1.17596435546875,1252900
2020-07-03,1.17596435546875,1.1831788538578412,1.1687498570796586,1.1831788538578412,1400500
2020-07-06,1.1687498092651367,1.1831788054530172,1.1615353111711963,1.1759643073590769,1498400
2020-07-07,1.17596435546875,1.17596435546875,1.1543208603014758,1.1687498570796586,2208900
2020-07-08,1.17596435546875,1.1831788538578412,1.1687498570796586,1.17596435546875,2969200
2020-07-09,1.1687498092651367,1.1831788054530172,1.1687498092651367,1.1759643073590769,4352300
2020-07-10,1.161535382270813,1.1759643793419177,1.1543208837352605,1.1687498808063652,2051300
2020-07-13,1.1543209552764893,1.1687499532418584,1.1543209552764893,1.1615354542591738,1780300
2020-07-14,1.147106409072876,1.1615354064442718,1.147106409072876,1.1543209077585739,2698900
2020-07-15,1.147106409072876,1.1543209077585739,1.139891910387178,1.1543209077585739,1979000
2020-07-16,1.1398918628692627,1.1471063612542147,1.1398918628692627,1.1471063612542147,877900
2020-07-17,1.1398918628692627,1.1687498564090704,1.132677364484311,1.1398918628692627,3146000
2020-07-20,1.1543209552764893,1.1615354542591738,1.13989195731112,1.13989195731112,1283000
2020-07-21,1.1543209552764893,1.1615354542591738,1.1471064562938045,1.1543209552764893,727600
2020-07-22,1.1543209552764893,1.1615354542591738,1.1471064562938045,1.1543209552764893,1178800
2020-07-23,1.1543209552764893,1.1615354542591738,1.1471064562938045,1.1543209552764893,1232100
2020-07-24,1.161535382270813,1.161535382270813,1.1543208837352605,1.1543208837352605,1197300
2020-07-27,1.1398918628692627,1.1543208596391665,1.1398918628692627,1.1543208596391665,1469500
2020-07-28,1.132677435874939,1.1471064335542767,1.12546285103166,1.1471064335542767,2682900
2020-07-29,1.1254627704620361,1.1326773547888374,1.1182482721388387,1.1326773547888374,2009700
2020-07-30,1.1110337972640991,1.125462794215019,1.1110337972640991,1.125462794215019,2162900
2020-08-03,1.0821757316589355,1.1110337236486885,1.0821757316589355,1.1110337236486885,7003500
2020-08-04,1.1110337972640991,1.1110337972640991,1.0749613048867994,1.0821758033622595,1595800
2020-08-05,1.1182481050491333,1.1182481050491333,1.111033607803933,1.111033607803933,899700
2020-08-06,1.1182481050491333,1.1254626022943335,1.1182481050491333,1.1182481050491333,849900
2020-08-07,1.1110337972640991,1.1182482957395592,1.1110337972640991,1.1182482957395592,477100
2020-08-10,1.1254627704620361,1.1326773547888374,1.1110337738156413,1.1182482721388387,1074800
2020-08-11,1.1398918628692627,1.1398918628692627,1.1254627800957542,1.132677364484311,740700
2020-08-12,1.147106409072876,1.147106409072876,1.125462827012174,1.139891910387178,866000
2020-08-13,1.1543209552764893,1.1543209552764893,1.13989195731112,1.1471064562938045,770200
2020-08-14,1.1398918628692627,1.1543208596391665,1.1398918628692627,1.1543208596391665,866200
2020-08-17,1.1646498441696167,1.1646498441696167,1.1500001748737212,1.157325009521669,881900
2020-08-18,1.1500000953674316,1.1646497636505093,1.1426751739069823,1.1573249295089705,891300
2020-08-19,1.135350227355957,1.15732481492381,1.135350227355957,1.149999981507493,919100
2020-08-21,1.1500000953674316,1.1573249295089705,1.1353503397654434,1.1353503397654434,881600
2020-08-24,1.1573249101638794,1.1573249101638794,1.1426751548067668,1.1500000761447777,815100
2020-08-25,1.1646498441696167,1.1646498441696167,1.1500001748737212,1.157325009521669,764100
2020-08-26,1.1719746589660645,1.1719746589660645,1.1573249899183122,1.1646498244421883,923300
2020-08-27,1.1646498441696167,1.1719746788175645,1.157325009521669,1.1719746788175645,382000
2020-08-28,1.1719746589660645,1.1719746589660645,1.1646498244421883,1.1646498244421883,455500
2020-09-01,1.1646498441696167,1.1719746788175645,1.157325009521669,1.1719746788175645,1354700
2020-09-02,1.1719746589660645,1.1719746589660645,1.1573249899183122,1.1646498244421883,488000
2020-09-03,1.1719746589660645,1.1792994934899403,1.1646498244421883,1.1719746589660645,573400
2020-09-04,1.1646498441696167,1.1792995134655122,1.1646498441696167,1.1719746788175645,773700
2020-09-07,1.179299235343933,1.1866240682644194,1.1719744024234469,1.1719744024234469,668000
2020-09-08,1.201273798942566,1.201273798942566,1.1792992989950626,1.1792992989950626,2354700
2020-09-09,1.1939491033554077,1.2012739375162027,1.186624269194613,1.2012739375162027,628600
2020-09-10,1.2159233093261719,1.2159233093261719,1.201273644577008,1.201273644577008,1316200
2020-09-11,1.2305731773376465,1.2378980982410261,1.2012738429997443,1.2085986765842198,2879000
2020-09-14,1.2525477409362793,1.259872574377634,1.2232483198519584,1.230573153293313,5137000
2020-09-15,1.2159233093261719,1.2525475585179713,1.2085984769515898,1.2525475585179713,1498600
2020-09-17,1.2159233093261719,1.2305729740753357,1.2085984769515898,1.2159233093261719,1878300
2020-09-18,1.1719746589660645,1.2159236661093207,1.1719746589660645,1.2085988315854446,2793900
2020-09-21,1.179299235343933,1.2012737341053918,1.179299235343933,1.1866240682644194,498700
2020-09-22,1.1866241693496704,1.2085986699830764,1.1792993358052017,1.193949002894139,423700
2020-09-23,1.179299235343933,1.1939489011849056,1.1719744024234469,1.1866240682644194,845600
2020-09-24,1.1646498441696167,1.1792995134655122,1.1646498441696167,1.1719746788175645,1028900
2020-09-25,1.1719746589660645,1.1792994934899403,1.1646498244421883,1.1719746589660645,417000
2020-09-28,1.1646498441696167,1.1719746788175645,1.1646498441696167,1.1719746788175645,249000
2020-09-29,1.1646498441696167,1.1866243481134602,1.1646498441696167,1.1719746788175645,1164700
2020-09-30,1.1426750421524048,1.1792992959561002,1.135350208855446,1.1719744626591413,2389300
2020-10-01,1.1500000953674316,1.1646497636505093,1.1280255056239046,1.1500000953674316,4919000
2020-10-02,1.1426750421524048,1.1573247960652233,1.1280253755584868,1.135350208855446,7497300
2020-10-05,1.1280254125595093,1.1426750796339595,1.1207005790222841,1.1426750796339595,1093400
2020-10-06,1.1060508489608765,1.1280253483211564,1.1060508489608765,1.1280253483211564,2059100
2020-10-07,1.0987260341644287,1.1207005338911813,1.0987260341644287,1.1060508674066796,2764500
2020-10-08,1.1133757829666138,1.128025450534242,1.0987261153989858,1.1060509491828,2249800
2020-10-09,1.1133757829666138,1.128025450534242,1.1060509491828,1.1207006167504279,1254000
2020-10-12,1.1133757829666138,1.1207006167504279,1.1133757829666138,1.1133757829666138,478500
2020-10-13,1.0987260341644287,1.1207005338911813,1.0987260341644287,1.1060508674066796,1535300
2020-10-14,1.0987260341644287,1.1133757006489304,1.0987260341644287,1.1060508674066796,2209900
2020-10-15,1.1060508489608765,1.1060508489608765,1.0914011827206898,1.098726015840783,2226900
2020-10-16,1.0987260341644287,1.1060508674066796,1.0914012009221778,1.0987260341644287,1966800
2020-10-19,1.076751708984375,1.0987262122733017,1.076751708984375,1.0987262122733017,2802800
2020-10-20,1.0694266557693481,1.076751488700462,1.0621018228382346,1.076751488700462,1851900
2020-10-21,1.091401219367981,1.091401219367981,1.0694267192698368,1.0694267192698368,1692900
2020-10-22,1.0987260341644287,1.1060508674066796,1.0914012009221778,1.0987260341644287,758700
2020-10-23,1.0832509994506836,1.1127271884384118,1.0832509994506836,1.1053581411914797,956700
2020-10-26,1.075882077217102,1.0906201734234762,1.075882077217102,1.0906201734234762,631900
2020-10-27,1.0979890823364258,1.0979890823364258,1.07588194082935,1.0832509879983754,1543800
2020-10-28,1.0537748336791992,1.097989209666722,1.0537748336791992,1.090620161643132,3950900
2020-10-30,1.0537748336791992,1.0611439695487712,1.0316676896084285,1.0537748336791992,2131100
2020-11-02,1.0316675901412964,1.0464056847675192,1.0316675901412964,1.0464056847675192,1526800
2020-11-03,1.0021915435791016,1.0464058337529218,1.0021915435791016,1.0464058337529218,5476400
2020-11-04,0.9948223233222961,1.00956041750032,0.9874532762332842,1.0021913704113081,3393300
2020-11-05,1.0169296264648438,1.0169296264648438,0.9948224816787782,1.0021915299408,3821900
2020-11-06,1.0021915435791016,1.0242986886660117,0.9948224952167982,1.0169296403037082,4351500
2020-11-09,1.0021915435791016,1.009560591941405,0.9948224952167982,1.009560591941405,2934100
2020-11-10,1.0611439943313599,1.105358283505508,1.0316677137026107,1.039036761898302,10158000
2020-11-11,1.075882077217102,1.075882077217102,1.046405796958371,1.0685130291139149,2807900
2020-11-12,1.0832509994506836,1.0979890939445478,1.0758819522037515,1.0979890939445478,1948900
2020-11-13,1.0979890823364258,1.0979890823364258,1.07588194082935,1.0906200351674005,1292100
2020-11-16,1.1053582429885864,1.1053582429885864,1.08325109921185,1.0979891950630076,2689600
2020-11-17,1.1200965642929077,1.1274656137017296,1.097989416066442,1.1200965642929077,3689500
2020-11-18,1.1200965642929077,1.1274656137017296,1.105358465475264,1.1200965642929077,1511800
2020-11-19,1.112727165222168,1.1274652594085324,1.112727165222168,1.1200962123153502,686600
2020-11-20,1.1200965642929077,1.1200965642929077,1.105358465475264,1.1200965642929077,1054400
2020-11-23,1.1348345279693604,1.1348345279693604,1.1127273823755128,1.1200964309067953,2486000
2020-11-24,1.0979890823364258,1.127465271012527,1.0979890823364258,1.127465271012527,3249800
2020-11-25,1.0906201601028442,1.10535825612921,1.0832511120896613,1.10535825612921,1036800
2020-11-26,1.0906201601028442,1.0979892081160272,1.0832511120896613,1.0979892081160272,765000
2020-11-27,1.0832509994506836,1.0906200466976157,1.0758819522037515,1.0906200466976157,635900
2020-11-30,1.1053582429885864,1.1053582429885864,1.0758820512862712,1.0906201471374288,2664400
2020-12-01,1.0979890823364258,1.1200962238435017,1.0906200351674005,1.105358129505451,510400
2020-12-02,1.112727165222168,1.112727165222168,1.0979890710358036,1.0979890710358036,1638700
2020-12-03,1.112727165222168,1.1274652594085324,1.1053581181289858,1.112727165222168,1755800
2020-12-04,1.1200965642929077,1.1274656137017296,1.1127275148840858,1.1127275148840858,745400
2020-12-07,1.1569418907165527,1.1569418907165527,1.120096556096078,1.120096556096078,1472600
2020-12-08,1.1569418907165527,1.1643109400714482,1.1495727535156597,1.1569418907165527,701700
2020-12-09,1.149572491645813,1.1643106748442789,1.149572491645813,1.1569416271680346,1008100
2020-12-10,1.171679973602295,1.1790490228576682,1.1495727379901788,1.1569418750915486,1683300
2020-12-11,1.149572491645813,1.1790487701967671,1.142203443969569,1.1716797225205229,1096000
2020-12-14,1.1422035694122314,1.1643108027148712,1.1422035694122314,1.1495726178977823,1130100
2020-12-15,1.149572491645813,1.149572491645813,1.142203443969569,1.149572491645813,531900
2020-12-16,1.1569418907165527,1.1716799894263437,1.1495727535156597,1.1569418907165527,896600
2020-12-17,1.1422035694122314,1.1643108027148712,1.1422035694122314,1.1643108027148712,407000
2020-12-18,1.1274654865264893,1.1495726322593252,1.1274654865264893,1.1495726322593252,4037200
2020-12-21,1.112727165222168,1.1348343065017148,1.1053581181289858,1.1348343065017148,1988100
2020-12-22,1.1053582429885864,1.1127272909141652,1.0906201471374288,1.1127272909141652,1315100
2020-12-23,1.112727165222168,1.112727165222168,1.0979890710358036,1.1053581181289858,1542200
2020-12-24,1.1053582429885864,1.120096338839744,1.1053582429885864,1.120096338839744,688300
2020-12-28,1.1053582429885864,1.120096338839744,1.1053582429885864,1.1127272909141652,817900
2020-12-29,1.112727165222168,1.112727165222168,1.0979890710358036,1.112727165222168,1616000
2020-12-30,1.112727165222168,1.1200962123153502,1.0979890710358036,1.112727165222168,2404300
2020-12-31,1.1053582429885864,1.1127272909141652,1.0979891950630076,1.1127272909141652,1292000
2021-01-04,1.112727165222168,1.112727165222168,1.0906200239426211,1.1053581181289858,1411500
2021-01-05,1.0832509994506836,1.1053581411914797,1.0832509994506836,1.1053581411914797,3157000
2021-01-06,1.075882077217102,1.0906201734234762,1.075882077217102,1.0906201734234762,1258800
2021-01-07,1.0537748336791992,1.0832511136195417,1.046405785655609,1.0832511136195417,2974400
2021-01-08,1.0316675901412964,1.0537747320806305,1.0316675901412964,1.0537747320806305,3217800
2021-01-11,1.0316675901412964,1.0464056847675192,1.0169294955150736,1.0316675901412964,6478000
2021-01-12,1.0021915435791016,1.031667737028315,0.9948224952167982,1.0242986886660117,3840200
2021-01-13,1.0316675901412964,1.0537747320806305,1.0095604482019622,1.0095604482019622,4171000
2021-01-14,1.0537748336791992,1.0537748336791992,1.0169295935612481,1.0537748336791992,5740400
2021-01-15,1.0390366315841675,1.0537747261271244,1.031667584312689,1.0537747261271244,885800
2021-01-18,1.0390366315841675,1.046405678855646,1.031667584312689,1.046405678855646,1021700
2021-01-19,1.0242987871170044,1.0390368852581708,1.0242987871170044,1.0390368852581708,2824900
2021-01-20,1.0316675901412964,1.0390366374544078,1.024298542828185,1.0316675901412964,2710900
2021-01-21,1.0464057922363281,1.0537748403062612,1.0316676960964615,1.0390367441663948,3272700
2021-01-22,1.0390366315841675,1.0537747261271244,1.031667584312689,1.046405678855646,1655000
2021-01-25,1.0316675901412964,1.0316675901412964,1.0095604482019622,1.0316675901412964,4364900
2021-01-26,1.0316675901412964,1.0390366374544078,1.024298542828185,1.0390366374544078,2010700
2021-01-27,1.0242987871170044,1.0390368852581708,1.0169297380464213,1.0242987871170044,2293900
2021-01-29,1.0464057922363281,1.0464057922363281,1.016929599956595,1.0242986480265284,1647400
2021-02-02,1.0390366315841675,1.046405678855646,1.031667584312689,1.031667584312689,1523900
2021-02-03,1.0685129165649414,1.0685129165649414,1.0242985447570399,1.046405686738004,2397100
2021-02-04,1.0611439943313599,1.0685130425270513,1.0537748582896849,1.0685130425270513,1000700
2021-02-05,1.0390366315841675,1.0685129085160543,1.031667584312689,1.0611438612445758,1493600
2021-02-08,1.0390366315841675,1.046405678855646,1.031667584312689,1.0390366315841675,553100
2021-02-09,1.0390366315841675,1.0537747261271244,1.031667584312689,1.0390366315841675,1470800
2021-02-10,1.0464057922363281,1.0537748403062612,1.0316676960964615,1.0390367441663948,2131500
2021-02-11,1.0464057922363281,1.0537748403062612,1.0390367441663948,1.0464057922363281,1374300
2021-02-15,1.0464057922363281,1.0685130242921101,1.0390367441663948,1.0537748403062612,2175600
2021-02-16,1.0832509994506836,1.0832509994506836,1.0464056753700508,1.0464056753700508,2839300
2021-02-17,1.0611439943313599,1.0906201871141252,1.0537748582896849,1.083251138918434,3427500
2021-02-18,1.0390366315841675,1.0685129085160543,1.0390366315841675,1.0611438612445758,2792200
2021-02-19,1.0685129165649414,1.0685129165649414,1.039036639411016,1.046405686738004,2110300
2021-02-22,1.0685129165649414,1.0758819638919295,1.0611438692379533,1.0758819638919295,1980600
2021-02-23,1.075882077217102,1.075882077217102,1.0537748450615583,1.0685130291139149,1442800
2021-02-24,1.0889945030212402,1.0889945030212402,1.074178265697698,1.074178265697698,2233400
2021-02-25,1.0964025259017944,1.0964025259017944,1.0741781718579904,1.0889944078871931,2027900
2021-02-26,1.1186267137527466,1.1186267137527466,1.0964023630107842,1.0964023630107842,5289000
2021-03-01,1.1112189292907715,1.1260351675514357,1.0964026910301072,1.1260351675514357,1346400
2021-03-02,1.1112189292907715,1.1186270484211036,1.0964026910301072,1.1186270484211036,1523200
2021-03-03,1.1112189292907715,1.1112189292907715,1.0964026910301072,1.1112189292907715,1829000
2021-03-04,1.1038106679916382,1.1112187861678182,1.0964025498154581,1.1112187861678182,1002000
2021-03-05,1.0889945030212402,1.1112188590065535,1.0889945030212402,1.1112188590065535,947500
2021-03-08,1.0889945030212402,1.1186269776683246,1.081586384359469,1.1038107403447825,3449400
2021-03-09,1.1112189292907715,1.1112189292907715,1.088994571899775,1.088994571899775,2131700
2021-03-10,1.1186267137527466,1.1186267137527466,1.1038104799247717,1.1112185968387591,2569600
2021-03-11,1.126035213470459,1.126035213470459,1.1112189746055976,1.1186270940380283,1749900
2021-03-12,1.1112189292907715,1.1260351675514357,1.0964026910301072,1.1260351675514357,2778800
2021-03-15,1.1186267137527466,1.1186267137527466,1.1038104799247717,1.1112185968387591,819400
2021-03-16,1.1112189292907715,1.1186270484211036,1.1112189292907715,1.1186270484211036,529000
2021-03-17,1.1334432363510132,1.1334432363510132,1.1112188799468934,1.12603511754964,577700
2021-03-18,1.140851378440857,1.148259497393454,1.126035140535663,1.126035140535663,1234700
2021-03-19,1.1112189292907715,1.148259524942432,1.1112189292907715,1.1408514058121,4405000
2021-03-22,1.126035213470459,1.126035213470459,1.0964027357407362,1.103810855173167,2635600
2021-03-23,1.1112189292907715,1.1260351675514357,1.1038108101604394,1.1186270484211036,896700
2021-03-24,1.1112189292907715,1.1112189292907715,1.0964026910301072,1.1112189292907715,914900
2021-03-25,1.1112189292907715,1.1112189292907715,1.1038108101604394,1.1112189292907715,456100
2021-03-26,1.0964025259017944,1.1186268799455985,1.0964025259017944,1.1038106439163957,2308500
2021-03-29,1.1112189292907715,1.1186270484211036,1.1038108101604394,1.1038108101604394,1395500
2021-03-30,1.1038106679916382,1.1186269043439983,1.0964025498154581,1.1112187861678182,1384500
2021-03-31,1.1038106679916382,1.1112187861678182,1.0964025498154581,1.1038106679916382,815500
2021-04-01,1.1186267137527466,1.1186267137527466,1.1038104799247717,1.1038104799247717,1437700
2021-04-02,1.1186267137527466,1.1334429475807215,1.1112185968387591,1.1186267137527466,744200
2021-04-05,1.1186267137527466,1.126034830666734,1.1112185968387591,1.1186267137527466,482100
2021-04-06,1.140851378440857,1.140851378440857,1.118627021583066,1.118627021583066,1024600
2021-04-07,1.1556674242019653,1.1556674242019653,1.1334430710392498,1.140851188760155,2159900
2021-04-08,1.1556674242019653,1.1630756302346,1.1482593064810602,1.1556674242019653,816000
2021-04-09,1.1556674242019653,1.1556674242019653,1.1482593064810602,1.1556674242019653,653000
2021-04-12,1.1482594013214111,1.155667519654189,1.1334431646558554,1.155667519654189,788700
2021-04-13,1.1334432363510132,1.1482594739537597,1.12603511754964,1.1482594739537597,1805500
2021-04-14,1.1334432363510132,1.1408513551523864,1.1334432363510132,1.1334432363510132,412400
2021-04-15,1.1334432363510132,1.1408513551523864,1.1186269987482667,1.1334432363510132,2059900
2021-04-16,1.1334432363510132,1.1408513551523864,1.12603511754964,1.1334432363510132,908600
2021-04-19,1.1186267137527466,1.1334429475807215,1.1186267137527466,1.1334429475807215,499700
2021-04-20,1.126035213470459,1.126035213470459,1.1112189746055976,1.1186270940380283,1629300
2021-04-21,1.1186267137527466,1.126034830666734,1.1112185968387591,1.126034830666734,226400
2021-04-22,1.1186267137527466,1.126034830666734,1.1186267137527466,1.1186267137527466,182900
2021-04-23,1.126035213470459,1.126035213470459,1.1112189746055976,1.126035213470459,548500
2021-04-26,1.1112189292907715,1.1260351675514357,1.1038108101604394,1.1260351675514357,2084300
2021-04-27,1.0964025259017944,1.1112187619309972,1.0889944078871931,1.1038106439163957,2298600
2021-04-28,1.1112189292907715,1.1112189292907715,1.088994571899775,1.0964026910301072,432900
2021-04-30,1.1112189292907715,1.1112189292907715,1.1038108101604394,1.1112189292907715,551600
2021-05-03,1.0889945030212402,1.1038107403447825,1.0889945030212402,1.1038107403447825,888900
2021-05-04,1.0964025259017944,1.1038106439163957,1.0815862898725916,1.0889944078871931,816200
2021-05-05,1.0964025259017944,1.0964025259017944,1.0815862898725916,1.0964025259017944,247400
2021-05-06,1.0889945030212402,1.0964026216830114,1.081586384359469,1.0964026216830114,581000
2021-05-07,1.0889945030212402,1.1038107403447825,1.0889945030212402,1.0964026216830114,587600
2021-05-10,1.0889945030212402,1.0964026216830114,1.081586384359469,1.0889945030212402,480600
2021-05-11,1.0889945030212402,1.0889945030212402,1.074178265697698,1.081586384359469,681600
2021-05-12,1.081586241722107,1.0889943594069107,1.081586241722107,1.081586241722107,142200
2021-05-17,1.0741780996322632,1.08899433466525,1.0741780996322632,1.0815862171487567,1214500
2021-05-18,1.0741780996322632,1.0741780996322632,1.06676998211577,1.0741780996322632,650000
2021-05-19,1.0519537925720215,1.074178236260018,1.0519537925720215,1.074178236260018,1386300
2021-05-20,1.0371376276016235,1.0593619845196043,1.0371376276016235,1.051953865546944,1810900
2021-05-21,1.0149133205413818,1.037137678551137,1.0149133205413818,1.029729559214552,2229400
2021-05-24,1.0297294855117798,1.0445457231244792,1.02232136670543,1.02232136670543,1346400
2021-05-25,1.0445455312728882,1.0445455312728882,1.0297292963814855,1.0371374138271867,946000
2021-05-27,1.0445455312728882,1.0519536487185897,1.0371374138271867,1.0445455312728882,2084700
2021-05-28,1.0519537925720215,1.0593619110307744,1.0445456741132686,1.0519537925720215,598400
2021-05-31,1.0297294855117798,1.0371376043181295,1.02232136670543,1.0297294855117798,1156400
2021-06-01,1.0371376276016235,1.0371376276016235,1.022321389656303,1.0371376276016235,757300
2021-06-02,1.081586241722107,1.081586241722107,1.0297293296167511,1.037137447301555,1811400
2021-06-03,1.081586241722107,1.0889943594069107,1.0667700063524992,1.081586241722107,3522400
2021-06-04,1.0519537925720215,1.074178236260018,1.037137555654516,1.074178236260018,2402500
2021-06-08,1.0519537925720215,1.0667701178012652,1.0445456741132686,1.0593619110307744,3530600
2021-06-09,1.0371376276016235,1.0593619845196043,1.0371376276016235,1.051953865546944,3399100
2021-06-10,1.0445455312728882,1.0445455312728882,1.0297292963814855,1.0371374138271867,2122400
2021-06-11,1.0445455312728882,1.0519536487185897,1.0371374138271867,1.0445455312728882,1761500
2021-06-14,1.081586241722107,1.081586241722107,1.0445455649863589,1.0445455649863589,2091200
2021-06-15,1.0741780996322632,1.0815862171487567,1.06676998211577,1.0741780996322632,1263700
2021-06-16,1.0593619346618652,1.0815863788456204,1.05195381603786,1.0741782602216154,1771400
2021-06-17,1.0667701959609985,1.0667701959609985,1.0519538696461976,1.059361988647726,1337800
2021-06-18,1.081586241722107,1.081586241722107,1.0519536826711628,1.0593618003559666,2807600
2021-06-21,1.0667701959609985,1.081586433964055,1.059361988647726,1.0741783149625268,702600
2021-06-22,1.0593619346618652,1.0741782602216154,1.0593619346618652,1.0667701415976103,1012200
2021-06-23,1.0593619346618652,1.0667701415976103,1.05195381603786,1.0593619346618652,840200
2021-06-24,1.0593619346618652,1.0667701415976103,1.0593619346618652,1.0593619346618652,400500
2021-06-25,1.0667701959609985,1.0667701959609985,1.059361988647726,1.0667701959609985,341700
2021-06-28,1.0445455312728882,1.0593617661642911,1.0445455312728882,1.0593617661642911,551400
2021-06-29,1.0519537925720215,1.0593619110307744,1.0445456741132686,1.0445456741132686,621700
2021-06-30,1.0593619346618652,1.0593619346618652,1.0445456974138552,1.05195381603786,418300
2021-07-01,1.0519537925720215,1.0593619110307744,1.0445456741132686,1.0593619110307744,516000
2021-07-02,1.0519537925720215,1.0519537925720215,1.0445456741132686,1.0519537925720215,204400
2021-07-05,1.0297294855117798,1.051953841930829,1.0297294855117798,1.051953841930829,1753700
2021-07-06,1.0519537925720215,1.0519537925720215,1.029729437195763,1.029729437195763,3198300
2021-07-07,1.0445455312728882,1.0593617661642911,1.0371374138271867,1.0593617661642911,2807800
2021-07-08,1.0445455312728882,1.0519536487185897,1.0297292963814855,1.0445455312728882,744300
2021-07-09,1.0445455312728882,1.0445455312728882,1.0371374138271867,1.0445455312728882,258800
2021-07-12,1.0445455312728882,1.0445455312728882,1.0297292963814855,1.0445455312728882,866700
2021-07-13,1.022321343421936,1.0445456993348228,1.022321343421936,1.0371375806971939,1468800
2021-07-14,1.0149133205413818,1.029729559214552,1.0149133205413818,1.022321439877967,1677400
2021-07-15,1.0297294855117798,1.0371376043181295,1.02232136670543,1.02232136670543,915100
2021-07-16,1.0519537925720215,1.0519537925720215,1.0223213187370102,1.0223213187370102,619300
2021-07-19,1.0371376276016235,1.051953865546944,1.0371376276016235,1.0445457465742838,568300
2021-07-21,1.0371376276016235,1.0445457465742838,1.0297295086289633,1.0371376276016235,733900
2021-07-22,1.0371376276016235,1.0445457465742838,1.0297295086289633,1.0445457465742838,755700
2021-07-23,1.022321343421936,1.0445456993348228,1.0149132247843071,1.0371375806971939,2858000
2021-07-26,1.0297294855117798,1.0445457231244792,1.02232136670543,1.0297294855117798,710500
2021-07-27,1.0445455312728882,1.0445455312728882,1.0297292963814855,1.0297292963814855,356200
2021-07-28,1.0445455312728882,1.0519536487185897,1.0371374138271867,1.0445455312728882,144100
2021-07-29,1.0445455312728882,1.0519536487185897,1.0371374138271867,1.0519536487185897,503600
2021-07-30,1.0445455312728882,1.0445455312728882,1.0371374138271867,1.0445455312728882,329500
2021-08-02,1.0371376276016235,1.0445457465742838,1.0371376276016235,1.0445457465742838,195700
2021-08-03,1.0445455312728882,1.0445455312728882,1.0297292963814855,1.0445455312728882,700000
2021-08-04,1.0371376276016235,1.0445457465742838,1.022321389656303,1.0445457465742838,2024000
2021-08-05,1.022321343421936,1.0371375806971939,1.022321343421936,1.0371375806971939,580300
2021-08-06,1.0297294855117798,1.0371376043181295,1.02232136670543,1.0297294855117798,500600
2021-08-09,1.0297294855117798,1.0371376043181295,1.0297294855117798,1.0297294855117798,298700
2021-08-11,1.0371376276016235,1.051953865546944,1.0297295086289633,1.0371376276016235,766300
2021-08-12,1.0371376276016235,1.0371376276016235,1.0297295086289633,1.0371376276016235,95900
2021-08-13,1.0371376276016235,1.0371376276016235,1.0297295086289633,1.0371376276016235,361800
2021-08-16,1.0371376276016235,1.0371376276016235,1.022321389656303,1.0297295086289633,215900
2021-08-17,1.0445455312728882,1.0445455312728882,1.0297292963814855,1.0371374138271867,938700
2021-08-18,1.0593619346618652,1.0667701415976103,1.03713757878985,1.0445456974138552,1507100
2021-08-19,1.0445455312728882,1.0667699719217185,1.0445455312728882,1.0593617661642911,1117800
2021-08-20,1.0371376276016235,1.0593619845196043,1.0371376276016235,1.051953865546944,1137000
2021-08-23,1.0667701959609985,1.0667701959609985,1.037137631643141,1.0445457506446694,2357000
2021-08-24,1.0667701959609985,1.0741783149625268,1.0519538696461976,1.0667701959609985,1174800
2021-08-25,1.0667701959609985,1.0667701959609985,1.059361988647726,1.0667701959609985,536400
2021-08-26,1.0667701959609985,1.0741783149625268,1.059361988647726,1.0667701959609985,596100
2021-08-27,1.0593619346618652,1.0667701415976103,1.05195381603786,1.0593619346618652,718200
2021-08-30,1.0667701959609985,1.0741783149625268,1.059361988647726,1.059361988647726,1935300
2021-09-01,1.0593619346618652,1.0889944974696255,1.05195381603786,1.0741782602216154,3212000
2021-09-02,1.0593619346618652,1.0667701415976103,1.05195381603786,1.0593619346618652,559600
2021-09-03,1.0593619346618652,1.0667701415976103,1.0593619346618652,1.0593619346618652,527900
2021-09-06,1.0667701959609985,1.081586433964055,1.059361988647726,1.059361988647726,1306100
2021-09-07,1.081586241722107,1.0889943594069107,1.0667700063524992,1.0741781240373032,951200
2021-09-08,1.081586241722107,1.0889943594069107,1.0741781240373032,1.081586241722107,843500
2021-09-09,1.0741780996322632,1.08899433466525,1.06676998211577,1.0815862171487567,912500
2021-09-10,1.0741780996322632,1.0741780996322632,1.06676998211577,1.0741780996322632,240000
2021-09-13,1.0667701959609985,1.081586433964055,1.059361988647726,1.0741783149625268,1469700
2021-09-14,1.056504726409912,1.0789836187935622,1.0490117920563033,1.07149059511713,2385800
2021-09-15,1.0490117073059082,1.0565046410541576,1.0415187735576585,1.0565046410541576,1860700
2021-09-17,1.034026026725769,1.056504832033913,1.034026026725769,1.056504832033913,5508000
2021-09-20,1.041519045829773,1.0490119815368129,1.034026110122733,1.041519045829773,1655400
2021-09-21,1.0490117073059082,1.0490117073059082,1.034025839809409,1.0415187735576585,602900
2021-09-22,1.056504726409912,1.063997660763521,1.0490117920563033,1.0490117920563033,792600
2021-09-23,1.056504726409912,1.07149059511713,1.056504726409912,1.056504726409912,301100
2021-09-24,1.063997745513916,1.071490680464358,1.0565048105634738,1.0565048105634738,732300
2021-09-27,1.056504726409912,1.07149059511713,1.0415188577026944,1.063997660763521,1895400
2021-09-28,1.056504726409912,1.056504726409912,1.0415188577026944,1.056504726409912,534000
2021-09-29,1.056504726409912,1.056504726409912,1.0490117920563033,1.056504726409912,229400
2021-09-30,1.0490117073059082,1.0565046410541576,1.034025839809409,1.0565046410541576,3760300
2021-10-01,1.041519045829773,1.0490119815368129,1.041519045829773,1.0490119815368129,679400
2021-10-04,1.0490117073059082,1.0565046410541576,1.0415187735576585,1.0415187735576585,1024200
2021-10-05,1.041519045829773,1.0565049172438528,1.041519045829773,1.0490119815368129,961500
2021-10-06,1.056504726409912,1.063997660763521,1.0490117920563033,1.0490117920563033,351100
2021-10-07,1.063997745513916,1.071490680464358,1.0565048105634738,1.0565048105634738,929200
2021-10-08,1.0789835453033447,1.0789835453033447,1.0565046544507455,1.0639975882940063,527200
2021-10-11,1.0939693450927734,1.101462278470986,1.0789834783363483,1.0789834783363483,2490800
2021-10-12,1.1089553833007812,1.1089553833007812,1.0864765796907772,1.093969514227445,580900
2021-10-13,1.1089553833007812,1.1089553833007812,1.093969514227445,1.1089553833007812,518500
2021-10-14,1.0939693450927734,1.1089552118491985,1.0864764117145609,1.1089552118491985,1871500
2021-10-15,1.0939693450927734,1.101462278470986,1.0864764117145609,1.0939693450927734,507600
2021-10-18,1.101462483406067,1.1089554181783943,1.0939695486337395,1.0939695486337395,934300
2021-10-20,1.0939693450927734,1.116448145227411,1.0939693450927734,1.101462278470986,949200
2021-10-21,1.0939693450927734,1.1089552118491985,1.0939693450927734,1.0939693450927734,626800
2021-10-22,1.0939693450927734,1.101462278470986,1.0939693450927734,1.0939693450927734,359800
2021-10-25,1.0939693450927734,1.101462278470986,1.0864764117145609,1.0939693450927734,1060500
2021-10-26,1.0939693450927734,1.101462278470986,1.0939693450927734,1.101462278470986,660500
2021-10-27,1.101462483406067,1.101462483406067,1.0939695486337395,1.0939695486337395,207700
2021-10-28,1.0939693450927734,1.101462278470986,1.0864764117145609,1.101462278470986,905300
2021-10-29,1.0939693450927734,1.101462278470986,1.0864764117145609,1.101462278470986,574200
2021-11-01,1.0939693450927734,1.0939693450927734,1.0864764117145609,1.0939693450927734,719700
2021-11-02,1.0939693450927734,1.0939693450927734,1.0864764117145609,1.0939693450927734,441000
2021-11-03,1.1089553833007812,1.1089553833007812,1.0864765796907772,1.0864765796907772,416400
2021-11-05,1.0939693450927734,1.1089552118491985,1.0864764117145609,1.1089552118491985,666600
2021-11-08,1.0939693450927734,1.101462278470986,1.0864764117145609,1.0939693450927734,1083200
2021-11-09,1.0939693450927734,1.101462278470986,1.0864764117145609,1.0939693450927734,624200
2021-11-10,1.0714904069900513,1.1014622284650035,1.0714904069900513,1.086476362388931,1357900
2021-11-11,1.0789835453033447,1.0789835453033447,1.0714905221372668,1.0714905221372668,663300
2021-11-12,1.0789835453033447,1.0789835453033447,1.0714905221372668,1.0714905221372668,386800
2021-11-15,1.063997745513916,1.0864766396880727,1.063997745513916,1.0789837047376305,799200
2021-11-16,1.063997745513916,1.0789837047376305,1.063997745513916,1.071490680464358,605200
2021-11-17,1.056504726409912,1.07149059511713,1.056504726409912,1.063997660763521,872900
2021-11-18,1.056504726409912,1.063997660763521,1.0490117920563033,1.056504726409912,1389800
2021-11-19,1.041519045829773,1.0565049172438528,1.041519045829773,1.0565049172438528,2691300
2021-11-22,1.0490117073059082,1.0565046410541576,1.034025839809409,1.0415187735576585,4697800
2021-11-23,1.0714904069900513,1.078983429350895,1.056504540913979,1.056504540913979,5829200
2021-11-24,1.0714904069900513,1.078983429350895,1.063997473952015,1.063997473952015,757100
2021-11-25,1.0789835453033447,1.0864764791466055,1.0639975882940063,1.0714905221372668,815100
2021-11-26,1.0864765644073486,1.093969498838614,1.0565047373594636,1.0789836299760835,5278600
2021-11-29,1.063997745513916,1.063997745513916,1.0490118756130318,1.0565048105634738,2331400
2021-11-30,1.0714904069900513,1.078983429350895,1.063997473952015,1.063997473952015,3573600
2021-12-01,1.0939693450927734,1.0939693450927734,1.056504588878899,1.0714904556353242,7153100
2021-12-02,1.0789835453033447,1.093969412989866,1.0714905221372668,1.093969412989866,1432300
2021-12-06,1.0789835453033447,1.093969412989866,1.0714905221372668,1.0789835453033447,2360900
2021-12-07,1.0939693450927734,1.0939693450927734,1.0714904556353242,1.0789834783363483,1080400
2021-12-08,1.0864765644073486,1.093969498838614,1.0789836299760835,1.093969498838614,1790900
2021-12-09,1.0864765644073486,1.093969498838614,1.0789836299760835,1.0864765644073486,972300
2021-12-10,1.0939693450927734,1.0939693450927734,1.0789834783363483,1.0864764117145609,2457900
2021-12-13,1.0939693450927734,1.101462278470986,1.0789834783363483,1.0864764117145609,1216100
2021-12-14,1.0939693450927734,1.101462278470986,1.0864764117145609,1.0939693450927734,3409900
2021-12-15,1.0939693450927734,1.101462278470986,1.0864764117145609,1.0864764117145609,1846700
2021-12-16,1.0864765644073486,1.093969498838614,1.0864765644073486,1.093969498838614,1196700
2021-12-17,1.0864765644073486,1.093969498838614,1.0565047373594636,1.0864765644073486,2454300
2021-12-20,1.0714904069900513,1.086476362388931,1.056504540913979,1.086476362388931,1337400
2021-12-21,1.0714904069900513,1.078983429350895,1.0714904069900513,1.0714904069900513,204500
2021-12-22,1.056504726409912,1.0864765531471712,1.056504726409912,1.07149059511713,1326600
2021-12-23,1.063997745513916,1.071490680464358,1.0565048105634738,1.0565048105634738,1700000
2021-12-24,1.0714904069900513,1.0714904069900513,1.063997473952015,1.063997473952015,100700
2021-12-27,1.0789835453033447,1.0789835453033447,1.0639975882940063,1.0714905221372668,844700
2021-12-28,1.0714904069900513,1.078983429350895,1.063997473952015,1.078983429350895,1145800
2021-12-29,1.063997745513916,1.0789837047376305,1.0565048105634738,1.071490680464358,1568100
2021-12-30,1.056504726409912,1.07149059511713,1.056504726409912,1.063997660763521,1817100
2021-12-31,1.056504726409912,1.07149059511713,1.056504726409912,1.063997660763521,700400
2022-01-03,1.056504726409912,1.063997660763521,1.056504726409912,1.056504726409912,411600
2022-01-04,1.056504726409912,1.063997660763521,1.056504726409912,1.056504726409912,291400
2022-01-05,1.0714904069900513,1.0714904069900513,1.056504540913979,1.063997473952015,603400
2022-01-06,1.056504726409912,1.07149059511713,1.0490117920563033,1.063997660763521,2722900
2022-01-07,1.056504726409912,1.063997660763521,1.0490117920563033,1.056504726409912,1726600
2022-01-10,1.063997745513916,1.063997745513916,1.0490118756130318,1.0565048105634738,820800
2022-01-11,1.0864765644073486,1.0864765644073486,1.0565047373594636,1.0565047373594636,2728600
2022-01-12,1.0789835453033447,1.0789835453033447,1.0714905221372668,1.0789835453033447,1293500
2022-01-13,1.0864765644073486,1.093969498838614,1.071490606221994,1.0789836299760835,5007700
2022-01-14,1.0864765644073486,1.0864765644073486,1.071490606221994,1.0864765644073486,821300
2022-01-17,1.0714904069900513,1.086476362388931,1.063997473952015,1.086476362388931,1022600
2022-01-19,1.0490117073059082,1.0714905085506568,1.0490117073059082,1.0714905085506568,2589900
2022-01-20,1.0490117073059082,1.0565046410541576,1.0415187735576585,1.0490117073059082,1510400
2022-01-21,1.041519045829773,1.0565049172438528,1.034026110122733,1.0490119815368129,1717800
2022-01-24,1.0490117073059082,1.0490117073059082,1.0415187735576585,1.0415187735576585,732100
2022-01-25,1.041519045829773,1.0565049172438528,1.034026110122733,1.0490119815368129,992700
2022-01-26,1.034026026725769,1.0490118969311983,1.034026026725769,1.0415189618284837,615500
2022-01-27,1.041519045829773,1.0490119815368129,1.034026110122733,1.041519045829773,408800
2022-01-28,1.041519045829773,1.0565049172438528,1.041519045829773,1.041519045829773,852400
2022-01-31,1.041519045829773,1.0565049172438528,1.041519045829773,1.0490119815368129,1575000
2022-02-03,1.063997745513916,1.063997745513916,1.0415189406625895,1.0490118756130318,2423900
2022-02-04,1.0490117073059082,1.063997574802407,1.0490117073059082,1.0565046410541576,1125300
2022-02-07,1.056504726409912,1.056504726409912,1.0490117920563033,1.056504726409912,2046100
2022-02-08,1.056504726409912,1.056504726409912,1.0415188577026944,1.056504726409912,1553500
2022-02-09,1.0490117073059082,1.0565046410541576,1.0415187735576585,1.0565046410541576,1317300
2022-02-10,1.0490117073059082,1.0565046410541576,1.0415187735576585,1.0490117073059082,1322000
2022-02-11,1.0490117073059082,1.0565046410541576,1.0415187735576585,1.0490117073059082,1529600
2022-02-14,1.0490117073059082,1.063997574802407,1.0490117073059082,1.0490117073059082,2555500
2022-02-15,1.070420265197754,1.070420265197754,1.0627744133220784,1.0627744133220784,686700
2022-02-16,1.070420265197754,1.070420265197754,1.055128561446403,1.070420265197754,492000
2022-02-17,1.0627743005752563,1.0704201516398044,1.0551284495107083,1.0704201516398044,925200
2022-02-18,1.0551284551620483,1.062774306267548,1.0551284551620483,1.062774306267548,262100
2022-02-21,1.0627743005752563,1.0704201516398044,1.0551284495107083,1.0627743005752563,1317200
2022-02-22,1.070420265197754,1.070420265197754,1.055128561446403,1.0627744133220784,1171500
2022-02-23,1.0551284551620483,1.0704201573730479,1.0551284551620483,1.0704201573730479,1316900
2022-02-24,1.0551284551620483,1.062774306267548,1.0474826040565486,1.062774306267548,1058900
2022-02-25,1.0627743005752563,1.0627743005752563,1.0474825984461602,1.0551284495107083,596000
2022-02-28,1.0627743005752563,1.0627743005752563,1.0474825984461602,1.0627743005752563,973800
2022-03-01,1.0474826097488403,1.062774312042939,1.0474826097488403,1.062774312042939,596600
2022-03-02,1.0474826097488403,1.062774312042939,1.0474826097488403,1.0474826097488403,751000
2022-03-03,1.0474826097488403,1.0551284608958895,1.0474826097488403,1.0474826097488403,798000
2022-03-04,1.0398368835449219,1.0551285876764176,1.0398368835449219,1.0551285876764176,1879400
2022-03-07,1.0245451927185059,1.0474827492136243,1.0245451927185059,1.0398368970485847,3605300
2022-03-08,1.0245451927185059,1.0321910448835454,1.0168993405534665,1.0245451927185059,1162900
2022-03-09,1.0168992280960083,1.0398367820544947,1.0168992280960083,1.0245450794155038,2644900
2022-03-10,1.0398368835449219,1.0474827356106697,1.016899327347678,1.0245451794134262,1892500
2022-03-11,1.0474826097488403,1.0474826097488403,1.0321909074547417,1.039836758601791,292000
2022-03-14,1.0474826097488403,1.0474826097488403,1.0321909074547417,1.0474826097488403,234900
2022-03-15,1.0321910381317139,1.0474827423617656,1.0321910381317139,1.0474827423617656,884400
2022-03-16,1.0245451927185059,1.0398368970485847,1.0245451927185059,1.0321910448835454,663100
2022-03-17,1.0245451927185059,1.0398368970485847,1.0168993405534665,1.0321910448835454,3331200
2022-03-18,1.0321910381317139,1.0398368902467399,1.016899333901662,1.024545186016688,4669500
2022-03-21,1.0321910381317139,1.0474827423617656,1.0321910381317139,1.0321910381317139,600100
2022-03-22,1.0398368835449219,1.0474827356106697,1.032191031479174,1.032191031479174,552700
2022-03-23,1.0321910381317139,1.0398368902467399,1.024545186016688,1.0398368902467399,2731600
2022-03-24,1.0168992280960083,1.0321909307349992,1.0092533767765128,1.0245450794155038,6859600
2022-03-25,1.0245451927185059,1.0398368970485847,1.0168993405534665,1.0245451927185059,5021100
2022-03-28,1.0398368835449219,1.0474827356106697,1.032191031479174,1.032191031479174,1398900
2022-03-29,1.0321910381317139,1.0474827423617656,1.024545186016688,1.0474827423617656,3909500
2022-03-30,1.0398368835449219,1.0627744397421655,1.032191031479174,1.0398368835449219,3110000
2022-03-31,1.078066110610962,1.078066110610962,1.047482703291592,1.047482703291592,3696700
2022-04-01,1.070420265197754,1.085711968949105,1.0627744133220784,1.070420265197754,1615700
2022-04-04,1.070420265197754,1.0780661170734294,1.070420265197754,1.070420265197754,1310200
2022-04-05,1.0627743005752563,1.0780660027043525,1.0627743005752563,1.0780660027043525,1971400
2022-04-06,1.0857117176055908,1.0857117176055908,1.0627741672886337,1.0627741672886337,1957800
2022-04-07,1.0627743005752563,1.0857118537689006,1.0627743005752563,1.0857118537689006,1030500
2022-04-08,1.0627743005752563,1.0704201516398044,1.0551284495107083,1.0627743005752563,1711700
2022-04-11,1.070420265197754,1.070420265197754,1.055128561446403,1.0627744133220784,1354000
2022-04-12,1.070420265197754,1.070420265197754,1.055128561446403,1.070420265197754,569100
2022-04-13,1.078066110610962,1.078066110610962,1.062774406951277,1.0704202587811196,372600
2022-04-14,1.070420265197754,1.0780661170734294,1.0627744133220784,1.0780661170734294,1346200
2022-04-15,1.070420265197754,1.0780661170734294,1.0627744133220784,1.070420265197754,362500
2022-04-18,1.078066110610962,1.078066110610962,1.062774406951277,1.0704202587811196,904000
2022-04-20,1.078066110610962,1.0857119624408045,1.078066110610962,1.0857119624408045,1331900
2022-04-21,1.078066110610962,1.0857119624408045,1.078066110610962,1.078066110610962,427800
2022-04-22,1.0857117176055908,1.0933575677112433,1.0780658674999384,1.0780658674999384,2285800
2022-04-25,1.078066110610962,1.0857119624408045,1.078066110610962,1.0857119624408045,908300
2022-04-26,1.078066110610962,1.0857119624408045,1.078066110610962,1.078066110610962,364600
2022-04-27,1.078066110610962,1.0857119624408045,1.078066110610962,1.078066110610962,1641200
2022-04-28,1.1086496114730835,1.1086496114730835,1.0857119647882194,1.0857119647882194,3010300
2022-04-29,1.116295337677002,1.1239411886628117,1.1010036357053827,1.1086494866911925,2882200
2022-05-05,1.116295337677002,1.1239411886628117,1.1086494866911925,1.116295337677002,3486500
2022-05-06,1.116295337677002,1.1239411886628117,1.1086494866911925,1.116295337677002,3549800
2022-05-09,1.116295337677002,1.1239411886628117,1.1086494866911925,1.116295337677002,2736500
2022-05-10,1.1239413022994995,1.1239413022994995,1.1086495987818044,1.116295450540652,5190600
2022-05-11,1.1392329931259155,1.1392329931259155,1.1162954381049017,1.1162954381049017,3830300
2022-05-12,1.1239413022994995,1.1392330058171947,1.1239413022994995,1.1392330058171947,3101700
2022-05-13,1.1239413022994995,1.131587154058347,1.116295450540652,1.1239413022994995,4380000
2022-05-17,1.146878719329834,1.154524570167041,1.1162953159810058,1.1239411668182129,2982900
2022-05-18,1.1086496114730835,1.146878870704951,1.1086496114730835,1.146878870704951,4250800
2022-05-19,1.16217041015625,1.16217041015625,1.1162953055612177,1.1162953055612177,8175600
2022-05-20,1.154524803161621,1.1774623603022694,1.1468789507814052,1.1698165079220533,6558300
2022-05-23,1.1851080656051636,1.1927539170364947,1.1468788084485089,1.1545246598798398,7171900
2022-05-24,1.1774622201919556,1.1927539231327748,1.169816368721546,1.1851080716623652,3716600
2022-05-25,1.1698163747787476,1.1774622262887469,1.1621705232687485,1.1774622262887469,2588500
2022-05-26,1.1927540302276611,1.1927540302276611,1.169816473756917,1.169816473756917,4931500
2022-05-27,1.1698163747787476,1.192753929308745,1.1698163747787476,1.192753929308745,1191700
2022-05-30,1.1774622201919556,1.1774622201919556,1.1545246657807267,1.169816368721546,1696400
2022-05-31,1.1927540302276611,1.200399973530323,1.169816473756917,1.1774623259138317,5550400
2022-06-01,1.1927540302276611,1.2080458256872377,1.1851081780707464,1.1927540302276611,1462100
2022-06-02,1.1774622201919556,1.2003998657489237,1.169816368721546,1.1927539231327748,2377700
2022-06-03,1.1851080656051636,1.1927539170364947,1.1774622141738327,1.1774622141738327,1919500
2022-06-07,1.2003998756408691,1.2003998756408691,1.1851080814282982,1.1851080814282982,2128500
2022-06-08,1.1927540302276611,1.2080458256872377,1.1851081780707464,1.200399973530323,2937300
2022-06-09,1.1851080656051636,1.1927539170364947,1.1698163627425018,1.1927539170364947,4693300
2022-06-10,1.1774622201919556,1.1851080716623652,1.169816368721546,1.1851080716623652,1780100
2022-06-13,1.146878719329834,1.1774621226786621,1.139232868492627,1.1774621226786621,3482900
2022-06-14,1.154524803161621,1.154524803161621,1.123941393640757,1.1392330984011891,2110800
2022-06-15,1.1698163747787476,1.1774622262887469,1.14687882024875,1.1545246717587492,3080200
2022-06-16,1.154524803161621,1.1774623603022694,1.1468789507814052,1.1698165079220533,1838700
2022-06-17,1.1774622201919556,1.1774622201919556,1.1392329628399074,1.146878814310317,5239800
2022-06-20,1.16217041015625,1.1774621116879274,1.1468787086245724,1.1698162609220886,1632700
2022-06-21,1.1698163747787476,1.1698163747787476,1.1545246717587492,1.1621705232687485,840900
2022-06-22,1.16217041015625,1.1698162609220886,1.1545245593904112,1.1698162609220886,508800
2022-06-23,1.1392329931259155,1.1621705481469293,1.1315871414522443,1.1621705481469293,1901600
2022-06-24,1.146878719329834,1.146878719329834,1.1239411668182129,1.139232868492627,1977500
2022-06-27,1.116295337677002,1.15452459260605,1.1086494866911925,1.1468787416202404,2867800
2022-06-28,1.116295337677002,1.1315870396486212,1.0933576935738398,1.116295337677002,3881700
2022-06-29,1.1392329931259155,1.1392329931259155,1.1162954381049017,1.123941289778573,1007500
2022-06-30,1.1392329931259155,1.1392329931259155,1.1162954381049017,1.1315871414522443,997500
2022-07-01,1.1315871477127075,1.1392329994286792,1.1162954442807642,1.1315871477127075,2011100
2022-07-04,1.1239413022994995,1.1392330058171947,1.116295450540652,1.131587154058347,682400
2022-07-05,1.1392329931259155,1.1392329931259155,1.1162954381049017,1.1315871414522443,680700
2022-07-06,1.1239413022994995,1.1392330058171947,1.116295450540652,1.1392330058171947,851500
2022-07-07,1.1239413022994995,1.1392330058171947,1.116295450540652,1.131587154058347,3465600
2022-07-08,1.1239413022994995,1.131587154058347,1.116295450540652,1.131587154058347,773400
2022-07-12,1.1239413022994995,1.1239413022994995,1.1086495987818044,1.116295450540652,891900
2022-07-13,1.1086496114730835,1.1239413151658306,1.1086496114730835,1.1239413151658306,571200
2022-07-14,1.1086496114730835,1.116295463319457,1.10100375962671,1.116295463319457,743300
2022-07-15,1.116295337677002,1.116295337677002,1.1010036357053827,1.1086494866911925,341000
2022-07-18,1.1086496114730835,1.116295463319457,1.10100375962671,1.116295463319457,534200
2022-07-19,1.101003646850586,1.1086494979137926,1.093357704641645,1.1086494979137926,1194500
2022-07-20,1.1086496114730835,1.116295463319457,1.10100375962671,1.10100375962671,810800
2022-07-21,1.1086496114730835,1.116295463319457,1.1086496114730835,1.1086496114730835,297400
2022-07-22,1.116295337677002,1.1239411886628117,1.1086494866911925,1.116295337677002,1066300
2022-07-25,1.116295337677002,1.1239411886628117,1.1086494866911925,1.116295337677002,370300
2022-07-26,1.116295337677002,1.1239411886628117,1.1086494866911925,1.1239411886628117,1820300
2022-07-27,1.116295337677002,1.1239411886628117,1.1086494866911925,1.116295337677002,479100
2022-07-28,1.146878719329834,1.146878719329834,1.1239411668182129,1.1239411668182129,840400
2022-07-29,1.154524803161621,1.154524803161621,1.1392330984011891,1.1468789507814052,614300
2022-08-01,1.154524803161621,1.154524803161621,1.1392330984011891,1.154524803161621,443100
2022-08-02,1.1392329931259155,1.154524696473258,1.1315871414522443,1.154524696473258,1404400
2022-08-03,1.154524803161621,1.154524803161621,1.131587246020973,1.1392330984011891,824200
2022-08-04,1.1698163747787476,1.1698163747787476,1.14687882024875,1.1545246717587492,799200
2022-08-05,1.16217041015625,1.1698162609220886,1.1545245593904112,1.1698162609220886,562200
2022-08-08,1.146878719329834,1.1774621226786621,1.146878719329834,1.162170421004248,3753300
2022-08-09,1.146878719329834,1.154524570167041,1.139232868492627,1.146878719329834,450900
2022-08-10,1.1392329931259155,1.154524696473258,1.1392329931259155,1.1468788447995868,685200
2022-08-11,1.154524803161621,1.1621706555418372,1.1468789507814052,1.1468789507814052,1069200
2022-08-12,1.154524803161621,1.1621706555418372,1.1468789507814052,1.1621706555418372,555700
2022-08-15,1.154524803161621,1.1621706555418372,1.1468789507814052,1.154524803161621,687800
2022-08-16,1.16217041015625,1.1698162609220886,1.1468787086245724,1.1545245593904112,813600
2022-08-17,1.1698163747787476,1.1698163747787476,1.1545246717587492,1.1545246717587492,913300
2022-08-18,1.16217041015625,1.1698162609220886,1.1545245593904112,1.16217041015625,601800
2022-08-19,1.1774622201919556,1.1774622201919556,1.1621705172511363,1.169816368721546,1872200
2022-08-22,1.16217041015625,1.1774621116879274,1.1545245593904112,1.1774621116879274,848400
2022-08-23,1.154524803161621,1.1698165079220533,1.154524803161621,1.1621706555418372,908600
2022-08-24,1.16217041015625,1.1774621116879274,1.1468787086245724,1.1545245593904112,1569700
2022-08-25,1.154524803161621,1.1698165079220533,1.154524803161621,1.1698165079220533,599300
2022-08-26,1.16217041015625,1.1698162609220886,1.1545245593904112,1.1545245593904112,390000
2022-08-29,1.146878719329834,1.169816271841455,1.139232868492627,1.154524570167041,2996900
2022-08-30,1.1392329931259155,1.154524696473258,1.1392329931259155,1.1468788447995868,2561100
2022-09-01,1.1392329931259155,1.154524696473258,1.1315871414522443,1.1468788447995868,2092800
2022-09-02,1.1567015647888184,1.1567015647888184,1.1409641438478704,1.1488328543183444,1119600
2022-09-05,1.140964150428772,1.1567015714604911,1.140964150428772,1.1567015714604911,373500
2022-09-06,1.140964150428772,1.1488328609446317,1.140964150428772,1.1488328609446317,359500
2022-09-07,1.140964150428772,1.1488328609446317,1.140964150428772,1.1488328609446317,415100
2022-09-08,1.1488327980041504,1.1488327980041504,1.1409640879193896,1.1409640879193896,382900
2022-09-09,1.140964150428772,1.1488328609446317,1.1330954399129125,1.1488328609446317,1631800
2022-09-12,1.140964150428772,1.1488328609446317,1.1330954399129125,1.140964150428772,526100
2022-09-13,1.140964150428772,1.1488328609446317,1.1330954399129125,1.140964150428772,834700
2022-09-14,1.133095383644104,1.1409640937692083,1.125226579716576,1.133095383644104,703100
2022-09-15,1.125226616859436,1.1409641314315517,1.125226616859436,1.1330954210467072,1715100
2022-09-19,1.1094892024993896,1.1252266233599952,1.1094892024993896,1.1252266233599952,1428000
2022-09-20,1.125226616859436,1.125226616859436,1.1173579064745918,1.1173579064745918,275000
2022-09-21,1.1173577308654785,1.1252264400136403,1.109489021717317,1.1252264400136403,565300
2022-09-22,1.1094892024993896,1.1173579129296924,1.1016204920690869,1.1173579129296924,1104300
2022-09-23,1.0937516689300537,1.1173577977884017,1.0937516689300537,1.1173577977884017,2385300
2022-09-26,1.0937516689300537,1.0937516689300537,1.0858829593106043,1.0937516689300537,1138300
2022-09-27,1.0858830213546753,1.1016204414927626,1.0858830213546753,1.093751731423719,822200
2022-09-28,1.0937516689300537,1.0937516689300537,1.0858829593106043,1.0858829593106043,607900
2022-09-29,1.0858830213546753,1.1094891515618062,1.0858830213546753,1.093751731423719,1322200
2022-09-30,1.1016205549240112,1.1094892658032773,1.085883133165479,1.085883133165479,1735200
2022-10-03,1.0858830213546753,1.1016204414927626,1.0858830213546753,1.093751731423719,730600
2022-10-04,1.1016205549240112,1.1094892658032773,1.0937518440447451,1.0937518440447451,1209700
2022-10-05,1.1094892024993896,1.1094892024993896,1.0937517816387843,1.1094892024993896,313600
2022-10-06,1.1173577308654785,1.1173577308654785,1.1016203125691555,1.109489021717317,329100
2022-10-07,1.1173577308654785,1.1173577308654785,1.1016203125691555,1.109489021717317,280200
2022-10-11,1.1016205549240112,1.1094892658032773,1.0937518440447451,1.1094892658032773,523600
2022-10-12,1.1016205549240112,1.1094892658032773,1.1016205549240112,1.1016205549240112,511700
2022-10-13,1.1094892024993896,1.1173579129296924,1.1016204920690869,1.1016204920690869,686200
2022-10-14,1.125226616859436,1.125226616859436,1.101620485704903,1.1094891960897475,265300
2022-10-17,1.1173577308654785,1.1252264400136403,1.109489021717317,1.109489021717317,600500
2022-10-18,1.133095383644104,1.133095383644104,1.1173578695914717,1.1173578695914717,535300
2022-10-19,1.133095383644104,1.1409640937692083,1.1173578695914717,1.133095383644104,673800
2022-10-20,1.133095383644104,1.133095383644104,1.1173578695914717,1.133095383644104,237700
2022-10-21,1.1094892024993896,1.1330954275927254,1.1094892024993896,1.1330954275927254,388600
2022-10-25,1.1016205549240112,1.1173579766825434,1.1016205549240112,1.1094892658032773,413700
2022-10-26,1.1016205549240112,1.1094892658032773,1.1016205549240112,1.1016205549240112,192800
2022-10-27,1.1173577308654785,1.1173577308654785,1.1016203125691555,1.109489021717317,2366000
2022-10-28,1.1094892024993896,1.1252266233599952,1.1016204920690869,1.1094892024993896,853800
2022-10-31,1.1016205549240112,1.1094892658032773,1.1016205549240112,1.1094892658032773,701100
2022-11-01,1.0937516689300537,1.1094890881689523,1.0937516689300537,1.1094890881689523,694000
2022-11-02,1.1016205549240112,1.1094892658032773,1.0937518440447451,1.1016205549240112,1024500
2022-11-03,1.0858830213546753,1.1016204414927626,1.0858830213546753,1.1016204414927626,1223800
2022-11-04,1.0937516689300537,1.101620378549503,1.0858829593106043,1.0937516689300537,656800
2022-11-07,1.1094892024993896,1.1094892024993896,1.0937517816387843,1.0937517816387843,681400
2022-11-08,1.1016205549240112,1.1173579766825434,1.0937518440447451,1.1094892658032773,510400
2022-11-09,1.0937516689300537,1.1094890881689523,1.0858829593106043,1.101620378549503,1693800
2022-11-10,1.0937516689300537,1.0937516689300537,1.0858829593106043,1.0937516689300537,808100
2022-11-11,1.0937516689300537,1.1094890881689523,1.0937516689300537,1.101620378549503,2462200
2022-11-14,1.1094892024993896,1.1094892024993896,1.0937517816387843,1.1016204920690869,818600
2022-11-15,1.1094892024993896,1.1094892024993896,1.0937517816387843,1.1016204920690869,632500
2022-11-16,1.0937516689300537,1.1094890881689523,1.0937516689300537,1.1094890881689523,582600
2022-11-17,1.1016205549240112,1.1094892658032773,1.0937518440447451,1.0937518440447451,274300
2022-11-21,1.1094892024993896,1.1173579129296924,1.1016204920690869,1.1094892024993896,916400
2022-11-22,1.1094892024993896,1.1173579129296924,1.1016204920690869,1.1094892024993896,1126100
2022-11-23,1.1094892024993896,1.1173579129296924,1.1016204920690869,1.1094892024993896,248500
2022-11-24,1.1094892024993896,1.1173579129296924,1.1016204920690869,1.1094892024993896,1737000
2022-11-25,1.133095383644104,1.133095383644104,1.1094891594663674,1.1094891594663674,1449900
2022-11-29,1.140964150428772,1.1567015714604911,1.1252266355946245,1.1330954399129125,1721600
2022-11-30,1.140964150428772,1.1567015714604911,1.140964150428772,1.140964150428772,992600
2022-12-01,1.140964150428772,1.1645702819763506,1.140964150428772,1.140964150428772,1101300
2022-12-02,1.1488327980041504,1.1724389282584327,1.1409640879193896,1.1488327980041504,2339500
2022-12-05,1.140964150428772,1.1567015714604911,1.140964150428772,1.1488328609446317,433300
2022-12-06,1.140964150428772,1.1488328609446317,1.140964150428772,1.140964150428772,247200
2022-12-07,1.140964150428772,1.1488328609446317,1.140964150428772,1.140964150428772,1125900
2022-12-08,1.125226616859436,1.1409641314315517,1.125226616859436,1.1409641314315517,827500
2022-12-09,1.1488327980041504,1.1488327980041504,1.1252265739474447,1.1252265739474447,1270600
2022-12-12,1.1488327980041504,1.1488327980041504,1.1330953778346289,1.1409640879193896,595400
2022-12-13,1.1488327980041504,1.1488327980041504,1.1409640879193896,1.1488327980041504,252800
2022-12-14,1.1567015647888184,1.1567015647888184,1.1409641438478704,1.1488328543183444,264200
2022-12-15,1.140964150428772,1.1567015714604911,1.1330954399129125,1.1567015714604911,1276700
2022-12-16,1.140964150428772,1.1488328609446317,1.1330954399129125,1.1330954399129125,1033300
2022-12-19,1.1488327980041504,1.1488327980041504,1.1330953778346289,1.1409640879193896,583300
2022-12-20,1.140964150428772,1.1488328609446317,1.1330954399129125,1.1488328609446317,533900
2022-12-21,1.140964150428772,1.1488328609446317,1.1330954399129125,1.140964150428772,1564400
2022-12-22,1.140964150428772,1.1488328609446317,1.140964150428772,1.140964150428772,179600
2022-12-23,1.133095383644104,1.1409640937692083,1.133095383644104,1.1409640937692083,414300
2022-12-27,1.1567015647888184,1.1567015647888184,1.1409641438478704,1.1409641438478704,469200
2022-12-28,1.1567015647888184,1.1567015647888184,1.1409641438478704,1.1488328543183444,205200
2022-12-29,1.1567015647888184,1.1567015647888184,1.1488328543183444,1.1488328543183444,318900
2022-12-30,1.1488327980041504,1.164570218173672,1.1488327980041504,1.1567015080889111,297300
2023-01-03,1.1488327980041504,1.1567015080889111,1.1409640879193896,1.1488327980041504,636800
2023-01-04,1.1724389791488647,1.1724389791488647,1.1488328478699439,1.1488328478699439,833300
2023-01-05,1.1645703315734863,1.1724390424244613,1.1567016207225114,1.1724390424244613,2500400
2023-01-06,1.1645703315734863,1.1724390424244613,1.1567016207225114,1.1645703315734863,350300
2023-01-09,1.1960450410842896,1.1960450410842896,1.1645702012038888,1.1645702012038888,1366900
2023-01-10,1.2039138078689575,1.2039138078689575,1.1881763871860838,1.1960450975275205,2041600
2023-01-11,1.1881765127182007,1.20391393506375,1.1881765127182007,1.20391393506375,1706900
2023-01-12,1.2117825746536255,1.2117825746536255,1.1803077318218214,1.1881764425297723,662300
2023-01-13,1.2039138078689575,1.2117825182103943,1.1881763871860838,1.2117825182103943,1331100
2023-01-16,1.2117825746536255,1.2196512853615764,1.1960451532377234,1.1960451532377234,841800
2023-01-17,1.2353887557983398,1.2353887557983398,1.203913820305039,1.203913820305039,2858400
2023-01-18,1.2353887557983398,1.2353887557983398,1.2196512411504759,1.2353887557983398,627600
2023-01-19,1.2432574033737183,1.2432574033737183,1.2196511794964433,1.2275198895213941,1931800
2023-01-20,1.2432574033737183,1.251126113398669,1.2353886933487674,1.2432574033737183,2513600
2023-01-25,1.2432574033737183,1.251126113398669,1.2275198895213941,1.251126113398669,4217200
2023-01-26,1.2589948177337646,1.2589948177337646,1.2432573977549863,1.2432573977549863,858500
2023-01-27,1.2589948177337646,1.2589948177337646,1.2432573977549863,1.2589948177337646,1460200
2023-01-30,1.2511261701583862,1.2668635909222459,1.2432574597764565,1.258994880540316,2706000
2023-01-31,1.2353887557983398,1.2668635974892133,1.2353887557983398,1.258994887066495,5499500
2023-02-02,1.2904698848724365,1.2983385962470753,1.2432576166246048,1.2432576166246048,4738200
2023-02-03,1.2668635845184326,1.2904697155448965,1.2668635845184326,1.2904697155448965,812200
2023-02-07,1.306207299232483,1.306207299232483,1.2589950312878762,1.2668637426119773,5070800
2023-02-08,1.2983382940292358,1.3062070035722528,1.2826008749432016,1.2983382940292358,2179700
2023-02-09,1.2904698848724365,1.2983385962470753,1.282601173497798,1.2983385962470753,2935200
2023-02-10,1.2747323513031006,1.298338483374795,1.2747323513031006,1.298338483374795,325600
2023-02-13,1.2904698848724365,1.2983385962470753,1.2747324621231593,1.282601173497798,1975200
2023-02-14,1.2985858917236328,1.314818199647948,1.2661211791228157,1.2985858917236328,1728800
2023-02-15,1.2985858917236328,1.3229343536101055,1.2823535837993179,1.2985858917236328,1967600
2023-02-16,1.290469765663147,1.3148182280760656,1.290469765663147,1.290469765663147,555900
2023-02-17,1.290469765663147,1.290469765663147,1.2742374573878679,1.290469765663147,710000
2023-02-20,1.2742373943328857,1.2904697018049176,1.2742373943328857,1.2904697018049176,269200
2023-02-21,1.2823536396026611,1.3067021025486898,1.2742374852873182,1.2742374852873182,1064200
2023-02-22,1.290469765663147,1.2985859198007865,1.2823536115255074,1.2823536115255074,486700
2023-02-23,1.290469765663147,1.2985859198007865,1.2823536115255074,1.290469765663147,633600
2023-02-24,1.2742373943328857,1.2904697018049176,1.2661211438446855,1.2904697018049176,889400
2023-02-27,1.2661212682724,1.2904698286254799,1.2580051137387713,1.2661212682724,385400
2023-02-28,1.258005142211914,1.2661212969292401,1.2417728327772615,1.2661212969292401,1393700
2023-03-01,1.2742373943328857,1.2904697018049176,1.2580049901086698,1.2661211438446855,911100
2023-03-02,1.2661212682724,1.2742375195582225,1.2580051137387713,1.2742375195582225,726000
2023-03-03,1.2661212682724,1.2742375195582225,1.2580051137387713,1.2742375195582225,185000
2023-03-06,1.2742373943328857,1.2823535480689017,1.2661211438446855,1.2661211438446855,387800
2023-03-07,1.2661212682724,1.2742375195582225,1.2580051137387713,1.2742375195582225,555000
2023-03-08,1.290469765663147,1.290469765663147,1.2661212064980392,1.2661212064980392,1499200
2023-03-09,1.2661212682724,1.2904698286254799,1.2580051137387713,1.282353674091851,1635300
2023-03-10,1.2498887777328491,1.2742373345507436,1.2417726243776108,1.2661210844433257,2154800
2023-03-13,1.258005142211914,1.2661212969292401,1.2417728327772615,1.2498889874945878,1126500
2023-03-14,1.258005142211914,1.2661212969292401,1.2498889874945878,1.258005142211914,816300
2023-03-15,1.2742373943328857,1.2742373943328857,1.2580049901086698,1.2580049901086698,952500
2023-03-16,1.2742373943328857,1.2742373943328857,1.2580049901086698,1.2742373943328857,1030500
2023-03-17,1.2742373943328857,1.2985858555409333,1.2742373943328857,1.2742373943328857,3179900
2023-03-20,1.2742373943328857,1.2823535480689017,1.2661211438446855,1.2742373943328857,543700
2023-03-21,1.258005142211914,1.2742375483987625,1.258005142211914,1.2742375483987625,421600
2023-03-22,1.2498887777328491,1.2742373345507436,1.2498887777328491,1.2661210844433257,1498600
2023-03-23,1.2985858917236328,1.3229343536101055,1.2498888711985008,1.2580050251606583,4295300
2023-03-24,1.290469765663147,1.3148182280760656,1.2823536115255074,1.306702073938426,1718100
2023-03-27,1.2742373943328857,1.2904697018049176,1.2742373943328857,1.2823535480689017,711200
2023-03-28,1.2985858917236328,1.2985858917236328,1.2823535837993179,1.2823535837993179,1958700
2023-03-29,1.3067021369934082,1.3148182915226931,1.290469827934838,1.298585982464123,1949200
2023-03-30,1.2985858917236328,1.314818199647948,1.2904697377614753,1.3067020456857903,2872500
2023-03-31,1.2985858917236328,1.2985858917236328,1.2904697377614753,1.2985858917236328,877800
2023-04-03,1.3148181438446045,1.3310504510799899,1.298585836609219,1.298585836609219,3129600
2023-04-04,1.2985858917236328,1.3229343536101055,1.2904697377614753,1.314818199647948,850800
2023-04-05,1.3148181438446045,1.3229342974622973,1.298585836609219,1.298585836609219,715700
2023-04-06,1.3067021369934082,1.3148182915226931,1.298585982464123,1.3148182915226931,150100
2023-04-07,1.3148181438446045,1.3229342974622973,1.3067019902269117,1.3148181438446045,218500
2023-04-10,1.3067021369934082,1.3148182915226931,1.3067021369934082,1.3148182915226931,143900
2023-04-11,1.3148181438446045,1.3148181438446045,1.3067019902269117,1.3067019902269117,83800
2023-04-12,1.3067021369934082,1.3148182915226931,1.3067021369934082,1.3148182915226931,436300
2023-04-13,1.3148181438446045,1.3148181438446045,1.3067019902269117,1.3067019902269117,337400
2023-04-14,1.2985858917236328,1.314818199647948,1.2985858917236328,1.314818199647948,481800
2023-04-17,1.2985858917236328,1.314818199647948,1.2985858917236328,1.3067020456857903,1384700
2023-04-18,1.2985858917236328,1.3067020456857903,1.2985858917236328,1.3067020456857903,363800
2023-04-19,1.290469765663147,1.306702073938426,1.290469765663147,1.2985859198007865,2253300
2023-04-20,1.2985858917236328,1.314818199647948,1.2904697377614753,1.2904697377614753,352100
2023-04-25,1.2985858917236328,1.3067020456857903,1.2904697377614753,1.3067020456857903,275300
2023-04-26,1.290469765663147,1.2985859198007865,1.2823536115255074,1.2985859198007865,859100
2023-04-27,1.2985858917236328,1.2985858917236328,1.2823535837993179,1.2904697377614753,212300
2023-04-28,1.3067021369934082,1.3067021369934082,1.298585982464123,1.298585982464123,207200
2023-05-02,1.3067021369934082,1.3067021369934082,1.298585982464123,1.3067021369934082,287300
2023-05-03,1.2985858917236328,1.3067020456857903,1.2904697377614753,1.3067020456857903,273400
2023-05-05,1.2985858917236328,1.3067020456857903,1.2985858917236328,1.2985858917236328,333000
2023-05-08,1.2985858917236328,1.3067020456857903,1.2904697377614753,1.2985858917236328,321000
2023-05-09,1.290469765663147,1.2985859198007865,1.290469765663147,1.290469765663147,565400
2023-05-10,1.290469765663147,1.2985859198007865,1.290469765663147,1.290469765663147,275800
2023-05-11,1.2985858917236328,1.2985858917236328,1.2823535837993179,1.2904697377614753,724100
2023-05-12,1.290469765663147,1.2985859198007865,1.2823536115255074,1.290469765663147,398600
2023-05-15,1.2985858917236328,1.2985858917236328,1.2823535837993179,1.2904697377614753,819300
2023-05-16,1.2823536396026611,1.2985859482333468,1.266121234219784,1.290469793918004,1980300
2023-05-17,1.2742373943328857,1.2742373943328857,1.2580049901086698,1.2742373943328857,1526000
2023-05-18,1.2661212682724,1.2742375195582225,1.2661212682724,1.2742375195582225,549100
2023-05-19,1.2742373943328857,1.2742373943328857,1.2661211438446855,1.2661211438446855,272700
2023-05-22,1.2742373943328857,1.2823535480689017,1.2661211438446855,1.2742373943328857,270800
2023-05-23,1.2742373943328857,1.2823535480689017,1.2661211438446855,1.2823535480689017,256900
2023-05-24,1.2742373943328857,1.2742373943328857,1.2661211438446855,1.2742373943328857,343500
2023-05-25,1.2661212682724,1.282353674091851,1.2661212682724,1.2742375195582225,436900
2023-05-26,1.2661212682724,1.2742375195582225,1.2661212682724,1.2661212682724,469000
2023-05-29,1.2742373943328857,1.2742373943328857,1.2661211438446855,1.2742373943328857,166000
2023-05-30,1.2661212682724,1.2742375195582225,1.2661212682724,1.2661212682724,216300
2023-05-31,1.3229341506958008,1.3229341506958008,1.266120984922629,1.266120984922629,1879900
2023-06-01,1.2823536396026611,1.2985859482333468,1.2742374852873182,1.2985859482333468,397400
2023-06-02,1.2742373943328857,1.2904697018049176,1.2742373943328857,1.2823535480689017,329200
2023-06-06,1.2985858917236328,1.2985858917236328,1.2742374298371604,1.2742374298371604,945300
2023-06-07,1.2823536396026611,1.3148182568640328,1.2823536396026611,1.3148182568640328,239600
2023-06-08,1.290469765663147,1.2985859198007865,1.2823536115255074,1.2823536115255074,374500
2023-06-09,1.290469765663147,1.306702073938426,1.290469765663147,1.2985859198007865,420600
2023-06-12,1.2985858917236328,1.2985858917236328,1.2823535837993179,1.2985858917236328,170700
2023-06-13,1.2823536396026611,1.2985859482333468,1.2823536396026611,1.2985859482333468,148300
2023-06-14,1.2823536396026611,1.2985859482333468,1.2823536396026611,1.2823536396026611,1135500
2023-06-15,1.290469765663147,1.290469765663147,1.2823536115255074,1.2823536115255074,1133800
2023-06-16,1.3067021369934082,1.3067021369934082,1.2823536734055532,1.290469827934838,1071900
2023-06-19,1.290469765663147,1.306702073938426,1.2823536115255074,1.306702073938426,576700
2023-06-20,1.290469765663147,1.2985859198007865,1.2823536115255074,1.290469765663147,575700
2023-06-21,1.3067021369934082,1.3067021369934082,1.290469827934838,1.290469827934838,705900
2023-06-22,1.2823536396026611,1.3067021025486898,1.2742374852873182,1.3067021025486898,1899100
2023-06-23,1.2742373943328857,1.2904697018049176,1.2742373943328857,1.2823535480689017,2944900
2023-06-26,1.2661212682724,1.2742375195582225,1.2661212682724,1.2742375195582225,506800
2023-06-27,1.2661212682724,1.282353674091851,1.2661212682724,1.2742375195582225,1844800
2023-06-28,1.2661212682724,1.282353674091851,1.2661212682724,1.2661212682724,786700
2023-06-30,1.2661212682724,1.282353674091851,1.2661212682724,1.2742375195582225,897400
2023-07-03,1.2742373943328857,1.2742373943328857,1.249888836372654,1.2661211438446855,1557500
2023-07-04,1.2661212682724,1.2742375195582225,1.2661212682724,1.2742375195582225,281900
2023-07-05,1.2498887777328491,1.2742373345507436,1.2498887777328491,1.2661210844433257,3122300
2023-07-06,1.2742373943328857,1.2742373943328857,1.249888836372654,1.249888836372654,1172800
2023-07-07,1.2661212682724,1.2742375195582225,1.2580051137387713,1.2742375195582225,134200
2023-07-10,1.2661212682724,1.2742375195582225,1.2580051137387713,1.2661212682724,309800
2023-07-11,1.258005142211914,1.2661212969292401,1.2498889874945878,1.2661212969292401,898500
2023-07-12,1.258005142211914,1.258005142211914,1.2498889874945878,1.258005142211914,2754700
2023-07-13,1.258005142211914,1.2661212969292401,1.2498889874945878,1.258005142211914,2586400
2023-07-14,1.258005142211914,1.2661212969292401,1.2498889874945878,1.2661212969292401,1041500
2023-07-17,1.2417726516723633,1.2580049587396336,1.2417726516723633,1.2580049587396336,1427100
2023-07-18,1.2498887777328491,1.2580049310880874,1.2417726243776108,1.2498887777328491,496300
2023-07-20,1.2498887777328491,1.2498887777328491,1.2417726243776108,1.2417726243776108,573000
2023-07-21,1.2417726516723633,1.2498888052059984,1.2336564981387281,1.2498888052059984,1491700
2023-07-24,1.2336565256118774,1.2417726793262567,1.2336565256118774,1.2417726793262567,1461000
2023-07-25,1.2336565256118774,1.2417726793262567,1.225540371897498,1.2336565256118774,1407700
2023-07-26,1.2336565256118774,1.2498888330406361,1.225540371897498,1.2336565256118774,1598200
2023-07-27,1.2336565256118774,1.2498888330406361,1.225540371897498,1.2336565256118774,1083400
2023-07-28,1.2336565256118774,1.2417726793262567,1.225540371897498,1.2336565256118774,1858000
2023-07-31,1.2255403995513916,1.2417727073464269,1.2255403995513916,1.2336565534489092,2096100
2023-08-01,1.2174241542816162,1.2336564608583558,1.2093080009932464,1.225540307569986,4788800
2023-08-02,1.2174241542816162,1.2174241542816162,1.2093080009932464,1.2174241542816162,2974200
2023-08-03,1.2174241542816162,1.225540307569986,1.2093080009932464,1.2174241542816162,2282800
2023-08-04,1.2174241542816162,1.2336564608583558,1.2093080009932464,1.2174241542816162,1789300
2023-08-07,1.2255403995513916,1.2336565534489092,1.217424245653874,1.2255403995513916,1000700
2023-08-08,1.2174241542816162,1.2336564608583558,1.2093080009932464,1.225540307569986,4127100
2023-08-09,1.2174241542816162,1.225540307569986,1.2011918477048766,1.2174241542816162,2543700
2023-08-10,1.2255403995513916,1.2255403995513916,1.2093080917563566,1.217424245653874,650200
2023-08-11,1.2093080282211304,1.2255403351633445,1.2093080282211304,1.2255403351633445,2019800
2023-08-14,1.2174241542816162,1.2336564608583558,1.2093080009932464,1.225540307569986,2293700
2023-08-15,1.2174241542816162,1.225540307569986,1.2093080009932464,1.2174241542816162,1834300
2023-08-16,1.2174241542816162,1.225540307569986,1.2093080009932464,1.2174241542816162,3980900
2023-08-17,1.2174241542816162,1.2174241542816162,1.2011918477048766,1.2174241542816162,4959900
2023-08-18,1.2174241542816162,1.2336564608583558,1.2093080009932464,1.2174241542816162,5221300
2023-08-21,1.2255403995513916,1.2255403995513916,1.217424245653874,1.2255403995513916,2641100
2023-08-22,1.2174241542816162,1.225540307569986,1.2174241542816162,1.225540307569986,2828800
2023-08-23,1.2255403995513916,1.2255403995513916,1.217424245653874,1.217424245653874,581800
2023-08-24,1.2336565256118774,1.2336565256118774,1.2174242181831185,1.225540371897498,2781200
2023-08-25,1.2336565256118774,1.2417726793262567,1.225540371897498,1.2336565256118774,1246600
2023-08-28,1.2255403995513916,1.2417727073464269,1.2255403995513916,1.2336565534489092,2638200
2023-08-29,1.2336565256118774,1.2336565256118774,1.2174242181831185,1.2336565256118774,7804100
2023-08-30,1.2472169399261475,1.2555875153791982,1.2304757890200455,1.2472169399261475,3941900
2023-09-01,1.2472169399261475,1.2555875153791982,1.2388463644730965,1.2472169399261475,1103100
2023-09-04,1.2555874586105347,1.2555874586105347,1.2388463084613477,1.2555874586105347,2236100
2023-09-05,1.2555874586105347,1.2639580336851282,1.2472168835359412,1.2555874586105347,1032500
2023-09-06,1.2555874586105347,1.2555874586105347,1.2472168835359412,1.2555874586105347,2108700
2023-09-07,1.2555874586105347,1.2555874586105347,1.2472168835359412,1.2555874586105347,1875000
2023-09-08,1.2555874586105347,1.2555874586105347,1.2472168835359412,1.2555874586105347,1583200
2023-09-11,1.2555874586105347,1.2639580336851282,1.2472168835359412,1.2555874586105347,1634300
2023-09-12,1.2555874586105347,1.2555874586105347,1.2472168835359412,1.2472168835359412,1876000
2023-09-13,1.2472169399261475,1.2555875153791982,1.2388463644730965,1.2555875153791982,3252900
2023-09-14,1.2472169399261475,1.2555875153791982,1.2472169399261475,1.2472169399261475,5308500
2023-09-15,1.2137346267700195,1.2555875036441044,1.2053640513952024,1.2555875036441044,88887900
2023-09-18,1.2304757833480835,1.2388463587625496,1.2137346325191511,1.2221052079336174,5370500
2023-09-19,1.2137346267700195,1.2304757775196535,1.2137346267700195,1.2304757775196535,3076200
2023-09-20,1.2221050262451172,1.2304756004151427,1.2137344520750917,1.2221050262451172,2047900
2023-09-21,1.2304757833480835,1.2304757833480835,1.2221052079336174,1.2221052079336174,1291000
2023-09-22,1.2221050262451172,1.2304756004151427,1.2221050262451172,1.2304756004151427,575700
2023-09-25,1.2221050262451172,1.2304756004151427,1.2221050262451172,1.2304756004151427,706300
2023-09-26,1.2388461828231812,1.2388461828231812,1.2221050343718056,1.2304756085974935,1666700
2023-09-27,1.2472169399261475,1.2472169399261475,1.2304757890200455,1.2304757890200455,1642500
2023-09-29,1.2221050262451172,1.247216748755194,1.2137344520750917,1.247216748755194,7154400
2023-10-02,1.2304757833480835,1.2388463587625496,1.2221052079336174,1.2221052079336174,1446100
2023-10-03,1.2388461828231812,1.2388461828231812,1.2221050343718056,1.2388461828231812,975200
2023-10-04,1.2304757833480835,1.2388463587625496,1.2221052079336174,1.2388463587625496,1422500
2023-10-05,1.2388461828231812,1.2388461828231812,1.2221050343718056,1.2388461828231812,1007800
2023-10-06,1.2388461828231812,1.2388461828231812,1.2221050343718056,1.2388461828231812,674300
2023-10-09,1.2304757833480835,1.2388463587625496,1.2221052079336174,1.2388463587625496,942900
2023-10-10,1.2304757833480835,1.2388463587625496,1.2221052079336174,1.2304757833480835,1600600
2023-10-11,1.2388461828231812,1.2388461828231812,1.2304756085974935,1.2304756085974935,550800
2023-10-12,1.2388461828231812,1.2388461828231812,1.2304756085974935,1.2388461828231812,1315900
2023-10-13,1.2388461828231812,1.2388461828231812,1.2304756085974935,1.2388461828231812,1086200
2023-10-16,1.2388461828231812,1.2388461828231812,1.2304756085974935,1.2388461828231812,602200
2023-10-17,1.2388461828231812,1.2388461828231812,1.2304756085974935,1.2388461828231812,2213400
2023-10-18,1.2304757833480835,1.2472169341770158,1.2304757833480835,1.2388463587625496,1171100
2023-10-19,1.2388461828231812,1.2388461828231812,1.2304756085974935,1.2304756085974935,1095500
2023-10-20,1.2388461828231812,1.2388461828231812,1.2221050343718056,1.2304756085974935,1022400
2023-10-23,1.2388461828231812,1.2388461828231812,1.2304756085974935,1.2388461828231812,278100
2023-10-24,1.2388461828231812,1.2388461828231812,1.2304756085974935,1.2388461828231812,307800
2023-10-25,1.2388461828231812,1.2388461828231812,1.2304756085974935,1.2388461828231812,1107500
2023-10-26,1.2388461828231812,1.2388461828231812,1.2304756085974935,1.2388461828231812,223900
2023-10-27,1.2304757833480835,1.2472169341770158,1.2304757833480835,1.2388463587625496,749000
2023-10-30,1.2388461828231812,1.247216757048869,1.2304756085974935,1.2388461828231812,1834000
2023-10-31,1.2472169399261475,1.2555875153791982,1.2304757890200455,1.2388463644730965,1450300
2023-11-01,1.2555874586105347,1.2639580336851282,1.2388463084613477,1.2388463084613477,2649500
2023-11-02,1.2639579772949219,1.2639579772949219,1.2472168278926243,1.2639579772949219,397800
2023-11-03,1.2639579772949219,1.2639579772949219,1.2555874025937732,1.2639579772949219,690300
2023-11-06,1.2806992530822754,1.2806992530822754,1.255587526500693,1.2639581020278872,1664600
2023-11-07,1.2723286151885986,1.2806991903054874,1.2723286151885986,1.2723286151885986,679600
2023-11-08,1.2890698909759521,1.297440466908123,1.2723287391116105,1.2723287391116105,2254300
2023-11-09,1.2890698909759521,1.297440466908123,1.2806993150437813,1.297440466908123,1041800
2023-11-10,1.2806992530822754,1.2890698286094695,1.2723286775550813,1.2890698286094695,1144400
2023-11-14,1.2806992530822754,1.2890698286094695,1.2723286775550813,1.2806992530822754,1146700
2023-11-15,1.2806992530822754,1.2890698286094695,1.2723286775550813,1.2723286775550813,988000
2023-11-16,1.2974404096603394,1.2974404096603394,1.2723286829718472,1.280699258534678,2379100
2023-11-17,1.2974404096603394,1.2974404096603394,1.280699258534678,1.2974404096603394,909900
2023-11-20,1.2974404096603394,1.2974404096603394,1.2890698340975086,1.2890698340975086,187100
2023-11-21,1.2974404096603394,1.2974404096603394,1.2890698340975086,1.2890698340975086,566400
2023-11-22,1.2974404096603394,1.2974404096603394,1.280699258534678,1.2890698340975086,892400
2023-11-23,1.2890698909759521,1.297440466908123,1.2806993150437813,1.297440466908123,1071600
2023-11-24,1.2974404096603394,1.2974404096603394,1.280699258534678,1.2890698340975086,382400
2023-11-27,1.2890698909759521,1.297440466908123,1.2806993150437813,1.297440466908123,806000
2023-11-28,1.2806992530822754,1.2974404041366636,1.2806992530822754,1.2974404041366636,3702500
2023-11-29,1.2890698909759521,1.2890698909759521,1.2806993150437813,1.2806993150437813,1745100
2023-11-30,1.2806992530822754,1.2974404041366636,1.2806992530822754,1.2890698286094695,2767700
2023-12-01,1.2890698909759521,1.2890698909759521,1.2723287391116105,1.2806993150437813,1733300
2023-12-04,1.2974404096603394,1.2974404096603394,1.2723286829718472,1.2890698340975086,1584700
2023-12-05,1.2974404096603394,1.2974404096603394,1.2890698340975086,1.2974404096603394,1002100
2023-12-06,1.3058110475540161,1.3141817233015396,1.297440471591629,1.297440471591629,1765300
2023-12-07,1.3141815662384033,1.3141815662384033,1.297440316529307,1.305810891491293,1239200
2023-12-08,1.3141815662384033,1.322552141200389,1.305810891491293,1.3141815662384033,1061100
2023-12-11,1.3141815662384033,1.322552141200389,1.297440316529307,1.3141815662384033,1290400
2023-12-12,1.2974404096603394,1.3225522361339632,1.2974404096603394,1.3225522361339632,1243800
2023-12-13,1.3058110475540161,1.3141817233015396,1.2890698956292421,1.297440471591629,3190600
2023-12-14,1.2974404096603394,1.30581098522317,1.2890698340975086,1.30581098522317,3138400
2023-12-15,1.2974404096603394,1.30581098522317,1.2974404096603394,1.2974404096603394,1140700
2023-12-18,1.2974404096603394,1.30581098522317,1.2890698340975086,1.2974404096603394,1528300
2023-12-19,1.2974404096603394,1.30581098522317,1.2890698340975086,1.2974404096603394,879200
2023-12-20,1.2974404096603394,1.30581098522317,1.2890698340975086,1.2974404096603394,1674500
2023-12-21,1.2890698909759521,1.297440466908123,1.2890698909759521,1.297440466908123,497900
2023-12-22,1.2806992530822754,1.2890698286094695,1.2723286775550813,1.2890698286094695,1907400
2023-12-26,1.2890698909759521,1.2890698909759521,1.2723287391116105,1.2806993150437813,754500
2023-12-27,1.2723286151885986,1.289069765422376,1.2639580400717099,1.289069765422376,2929400
2023-12-28,1.2806992530822754,1.2806992530822754,1.2639581020278872,1.2723286775550813,1081400
2023-12-29,1.2890698909759521,1.2890698909759521,1.2723287391116105,1.2806993150437813,1098000
2024-01-02,1.2974404096603394,1.30581098522317,1.280699258534678,1.2890698340975086,612200
2024-01-03,1.3058110475540161,1.3058110475540161,1.2890698956292421,1.297440471591629,824700
2024-01-04,1.2890698909759521,1.305811042840294,1.2890698909759521,1.297440466908123,849600
2024-01-05,1.3058110475540161,1.3058110475540161,1.2890698956292421,1.297440471591629,892200
2024-01-08,1.3141815662384033,1.3141815662384033,1.297440316529307,1.297440316529307,728100
2024-01-09,1.3058110475540161,1.3225522992639267,1.3058110475540161,1.3141817233015396,877300
2024-01-10,1.2974404096603394,1.3141816605711325,1.2974404096603394,1.30581098522317,620900
2024-01-11,1.3058110475540161,1.3058110475540161,1.280699319666855,1.297440471591629,2095700
2024-01-12,1.3058110475540161,1.3058110475540161,1.297440471591629,1.3058110475540161,498900
2024-01-15,1.3141815662384033,1.322552141200389,1.297440316529307,1.305810891491293,855400
2024-01-16,1.3141815662384033,1.3141815662384033,1.305810891491293,1.3141815662384033,347300
2024-01-17,1.3058110475540161,1.3225522992639267,1.3058110475540161,1.3141817233015396,1031700
2024-01-18,1.3058110475540161,1.3141817233015396,1.3058110475540161,1.3058110475540161,379700
2024-01-19,1.3058110475540161,1.3141817233015396,1.3058110475540161,1.3058110475540161,372300
2024-01-22,1.32255220413208,1.32255220413208,1.305810953626376,1.3141816287717927,1322000
2024-01-23,1.3141815662384033,1.322552141200389,1.305810891491293,1.322552141200389,1508900
2024-01-24,1.3141815662384033,1.322552141200389,1.305810891491293,1.3141815662384033,1393500
2024-01-26,1.2974404096603394,1.330922811696794,1.2890698340975086,1.3225522361339632,5288000
2024-01-29,1.3141815662384033,1.322552141200389,1.297440316529307,1.305810891491293,1959000
2024-01-30,1.3309227228164673,1.3392932978203027,1.3225521478126319,1.3225521478126319,1571000
2024-01-31,1.32255220413208,1.3392933548526547,1.3141816287717927,1.3309227794923675,2846600
2024-02-02,1.32255220413208,1.3309227794923675,1.3141816287717927,1.32255220413208,2622600
2024-02-05,1.32255220413208,1.3309227794923675,1.3141816287717927,1.32255220413208,533300
2024-02-06,1.3476639986038208,1.3476639986038208,1.3225522712485958,1.3225522712485958,1651600
2024-02-07,1.3476639986038208,1.3560345743888957,1.3392934228187459,1.3476639986038208,1592200
2024-02-08,1.356034517288208,1.36440509272081,1.339293366423004,1.347663941855606,2315200
2024-02-09,1.3727755546569824,1.3727755546569824,1.35603440517588,1.35603440517588,1702400
2024-02-13,1.356034517288208,1.3727756681534118,1.347663941855606,1.3727756681534118,3399100
2024-02-14,1.356034517288208,1.36440509272081,1.339293366423004,1.356034517288208,1284600
2024-02-15,1.3705154657363892,1.3705154657363892,1.361895880013496,1.3705154657363892,1122700
2024-02-16,1.3618956804275513,1.3705152648872436,1.3532760959678591,1.3705152648872436,2759800
2024-02-19,1.353276252746582,1.361895838204864,1.353276252746582,1.353276252746582,1285900
2024-02-20,1.353276252746582,1.361895838204864,1.353276252746582,1.361895838204864,879600
2024-02-21,1.353276252746582,1.3705154236631458,1.353276252746582,1.361895838204864,866000
2024-02-22,1.353276252746582,1.361895838204864,1.353276252746582,1.353276252746582,382000
2024-02-23,1.353276252746582,1.361895838204864,1.353276252746582,1.353276252746582,475800
2024-02-26,1.353276252746582,1.361895838204864,1.3446565645347364,1.361895838204864,880100
2024-02-27,1.3446565866470337,1.3532762750006264,1.3446565866470337,1.3532762750006264,613600
2024-02-28,1.3446565866470337,1.3532762750006264,1.3446565866470337,1.3532762750006264,802000
2024-02-29,1.3446565866470337,1.3532762750006264,1.3360370010470064,1.3446565866470337,1328800
2024-03-01,1.3187978267669678,1.3532762718401197,1.3015586556071745,1.3446565835066577,5242200
2024-03-04,1.3187978267669678,1.336036997926761,1.3187978267669678,1.3187978267669678,2225400
2024-03-05,1.3274174928665161,1.3274174928665161,1.310178320661014,1.318797906763765,916000
2024-03-06,1.3187978267669678,1.3274174123468645,1.3187978267669678,1.3274174123468645,809600
2024-03-07,1.3274174928665161,1.3274174928665161,1.318797906763765,1.318797906763765,262100
2024-03-08,1.3274174928665161,1.3274174928665161,1.318797906763765,1.3274174928665161,863400
2024-03-11,1.3274174928665161,1.336037078969267,1.318797906763765,1.3274174928665161,841800
2024-03-12,1.3274174928665161,1.3274174928665161,1.318797906763765,1.318797906763765,518200
2024-03-13,1.3187978267669678,1.3274174123468645,1.3187978267669678,1.3274174123468645,827000
2024-03-14,1.3187978267669678,1.3274174123468645,1.3187978267669678,1.3187978267669678,667000
2024-03-15,1.3101781606674194,1.3274173307677446,1.3101781606674194,1.3187977457175821,2768700
2024-03-18,1.3187978267669678,1.3187978267669678,1.3101782411870713,1.3101782411870713,871800
2024-03-19,1.3187978267669678,1.3187978267669678,1.3101782411870713,1.3187978267669678,491800
2024-03-20,1.3015586137771606,1.3187977843829144,1.3015586137771606,1.3187977843829144,1526800
2024-03-21,1.284319519996643,1.3101782774520891,1.284319519996643,1.3015586916336073,7584200
2024-03-22,1.3015586137771606,1.3015586137771606,1.284319443171407,1.2929390284742837,3325400
2024-03-25,1.2929390668869019,1.3101782380048235,1.2929390668869019,1.3015586524458627,1164600
2024-03-26,1.3015586137771606,1.3015586137771606,1.2929390284742837,1.3015586137771606,1417600
2024-03-27,1.3015586137771606,1.3101781990800376,1.2929390284742837,1.3015586137771606,2966100
2024-03-29,1.3101781606674194,1.3101781606674194,1.301558575617257,1.301558575617257,405800
2024-04-01,1.3187978267669678,1.3187978267669678,1.3101782411870713,1.3101782411870713,1096700
2024-04-02,1.3274174928665161,1.3274174928665161,1.310178320661014,1.318797906763765,969000
2024-04-03,1.3274174928665161,1.3274174928665161,1.310178320661014,1.3274174928665161,503300
2024-04-04,1.3274174928665161,1.336037078969267,1.310178320661014,1.3274174928665161,1127200
2024-04-05,1.3274174928665161,1.336037078969267,1.318797906763765,1.318797906763765,3339800
2024-04-08,1.3187978267669678,1.3274174123468645,1.3101782411870713,1.3274174123468645,3485100
2024-04-09,1.3187978267669678,1.3446565835066577,1.3187978267669678,1.3274174123468645,5910100
2024-04-12,1.3274174928665161,1.3274174928665161,1.318797906763765,1.318797906763765,675400
2024-04-15,1.3187978267669678,1.3274174123468645,1.3187978267669678,1.3274174123468645,820500
2024-04-16,1.3101781606674194,1.3187977457175821,1.301558575617257,1.3187977457175821,2389100
2024-04-17,1.3101781606674194,1.3187977457175821,1.301558575617257,1.3101781606674194,1671700
2024-04-18,1.3015586137771606,1.3187977843829144,1.3015586137771606,1.3101781990800376,1480800
2024-04-19,1.3101781606674194,1.3187977457175821,1.301558575617257,1.3101781606674194,1949300
2024-04-22,1.3101781606674194,1.3187977457175821,1.301558575617257,1.3101781606674194,910800
2024-04-23,1.3187978267669678,1.3274174123468645,1.3015586556071745,1.3101782411870713,6732400
2024-04-24,1.3274174928665161,1.3274174928665161,1.318797906763765,1.3274174928665161,2955600
2024-04-25,1.3274174928665161,1.3446566650720182,1.3274174928665161,1.3274174928665161,1355700
2024-04-26,1.3274174928665161,1.336037078969267,1.3274174928665161,1.3274174928665161,528700
2024-04-29,1.3446565866470337,1.3446565866470337,1.3274174154469793,1.3274174154469793,2218200
2024-04-30,1.3705154657363892,1.3791350514592824,1.3446566058141427,1.3446566058141427,2686500
2024-05-02,1.3877546787261963,1.3963742647071267,1.3618959207834054,1.3705155067643358,3208000
2024-05-03,1.3705154657363892,1.3963742229050689,1.3705154657363892,1.3877546371821756,1054900
2024-05-06,1.3618956804275513,1.3791348493469358,1.3618956804275513,1.3705152648872436,1045400
2024-05-07,1.3618956804275513,1.3705152648872436,1.3532760959678591,1.3705152648872436,1137400
2024-05-08,1.3705154657363892,1.3705154657363892,1.3360370200912495,1.361895880013496,4304700
2024-05-09,1.3791348934173584,1.3877544781524906,1.3618957239470941,1.3705153086822264,1395700
2024-05-10,1.3618956804275513,1.387754433806628,1.3618956804275513,1.3791348493469358,5148900
2024-05-13,1.353276252746582,1.3705154236631458,1.353276252746582,1.361895838204864,1661000
2024-05-14,1.353276252746582,1.361895838204864,1.3446565645347364,1.353276252746582,1529800
2024-05-15,1.3446565866470337,1.3618958606006537,1.3360370010470064,1.3532762750006264,2020500
2024-05-16,1.3446565866470337,1.3532762750006264,1.3360370010470064,1.3446565866470337,2560200
2024-05-17,1.336037039756775,1.3446566256065424,1.3274174539070074,1.336037039756775,4482300
2024-05-20,1.3446565866470337,1.3618958606006537,1.3360370010470064,1.3360370010470064,3681800
2024-05-21,1.3446565866470337,1.3532762750006264,1.3360370010470064,1.3446565866470337,2292900
2024-05-23,1.3446565866470337,1.3532762750006264,1.3360370010470064,1.3446565866470337,2383300
2024-05-24,1.336037039756775,1.3446566256065424,1.336037039756775,1.3446566256065424,1666100
2024-05-27,1.336037039756775,1.3446566256065424,1.3274174539070074,1.3446566256065424,1453100
2024-05-28,1.336037039756775,1.3446566256065424,1.3274174539070074,1.336037039756775,1666200
2024-05-29,1.3187978267669678,1.336036997926761,1.3187978267669678,1.336036997926761,1548300
2024-05-30,1.3274174928665161,1.3274174928665161,1.318797906763765,1.3274174928665161,372200
2024-05-31,1.3274174928665161,1.3446566650720182,1.310178320661014,1.3274174928665161,3426200
2024-06-04,1.336037039756775,1.3446566256065424,1.3274174539070074,1.3274174539070074,2160900
2024-06-05,1.353276252746582,1.361895838204864,1.3446565645347364,1.3446565645347364,4176500
2024-06-06,1.353276252746582,1.3705154236631458,1.3446565645347364,1.361895838204864,5077700
2024-06-07,1.3877546787261963,1.3877546787261963,1.353276334802475,1.353276334802475,5278800
2024-06-10,1.3705154657363892,1.3791350514592824,1.3446566058141427,1.3791350514592824,4945200
2024-06-11,1.3791348934173584,1.3877544781524906,1.3705153086822264,1.3705153086822264,5036700
2024-06-12,1.3705154657363892,1.3877546371821756,1.3705154657363892,1.3791350514592824,1810000
2024-06-13,1.3791348934173584,1.3791348934173584,1.3705153086822264,1.3705153086822264,1426000
2024-06-14,1.3705154657363892,1.3791350514592824,1.361895880013496,1.3791350514592824,707700
2024-06-18,1.3618956804275513,1.3705152648872436,1.3532760959678591,1.3705152648872436,842600
2024-06-19,1.353276252746582,1.361895838204864,1.353276252746582,1.353276252746582,464300
2024-06-20,1.3705154657363892,1.3705154657363892,1.353276294290603,1.361895880013496,1379800
2024-06-21,1.3618956804275513,1.3705152648872436,1.3532760959678591,1.3618956804275513,3360400
2024-06-24,1.3446565866470337,1.3618958606006537,1.3360370010470064,1.3618958606006537,3943000
2024-06-25,1.3446565866470337,1.3532762750006264,1.3446565866470337,1.3446565866470337,1372300
2024-06-26,1.3446565866470337,1.3532762750006264,1.3360370010470064,1.3446565866470337,1185900
2024-06-27,1.336037039756775,1.3446566256065424,1.336037039756775,1.3446566256065424,1944000
2024-06-28,1.336037039756775,1.3532763142098783,1.336037039756775,1.3446566256065424,4400100
2024-07-01,1.353276252746582,1.353276252746582,1.3360369790764546,1.3446565645347364,1031800
2024-07-02,1.353276252746582,1.353276252746582,1.3446565645347364,1.353276252746582,2933100
2024-07-03,1.353276252746582,1.361895838204864,1.3446565645347364,1.353276252746582,1752100
2024-07-04,1.3705154657363892,1.3705154657363892,1.3446566058141427,1.353276294290603,1790700
2024-07-05,1.3705154657363892,1.3791350514592824,1.361895880013496,1.361895880013496,889800
2024-07-09,1.3705154657363892,1.3791350514592824,1.361895880013496,1.3705154657363892,344100
2024-07-10,1.3791348934173584,1.3877544781524906,1.3705153086822264,1.3705153086822264,2449800
2024-07-11,1.3877546787261963,1.3877546787261963,1.379135092745266,1.379135092745266,171900
2024-07-12,1.3705154657363892,1.3877546371821756,1.361895880013496,1.3877546371821756,1520400
2024-07-15,1.3705154657363892,1.3791350514592824,1.361895880013496,1.3705154657363892,1562700
2024-07-16,1.3705154657363892,1.3705154657363892,1.353276294290603,1.3705154657363892,1049200
2024-07-17,1.3791348934173584,1.3791348934173584,1.3618957239470941,1.3705153086822264,1140100
2024-07-18,1.3791348934173584,1.3877544781524906,1.3705153086822264,1.3791348934173584,1347700
2024-07-19,1.3877546787261963,1.3877546787261963,1.379135092745266,1.379135092745266,238300
2024-07-22,1.3791348934173584,1.3877544781524906,1.3705153086822264,1.3877544781524906,766100
2024-07-23,1.3791348934173584,1.3877544781524906,1.3705153086822264,1.3791348934173584,745800
2024-07-24,1.3791348934173584,1.3877544781524906,1.3705153086822264,1.3791348934173584,928800
2024-07-25,1.3791348934173584,1.3877544781524906,1.3705153086822264,1.3791348934173584,480100
2024-07-26,1.3877546787261963,1.3963742647071267,1.379135092745266,1.379135092745266,1687300
2024-07-29,1.4049938917160034,1.4049938917160034,1.3791351330180976,1.387754719250733,889400
2024-07-30,1.4049938917160034,1.4049938917160034,1.387754719250733,1.4049938917160034,1120900
2024-07-31,1.3963741064071655,1.4049936914109364,1.3963741064071655,1.3963741064071655,208800
2024-08-01,1.4049938917160034,1.4049938917160034,1.3963743054833682,1.3963743054833682,451500
2024-08-02,1.3791348934173584,1.404993647622755,1.3791348934173584,1.404993647622755,684100
2024-08-05,1.3446565866470337,1.379135031800708,1.3360370010470064,1.379135031800708,2899700
2024-08-06,1.3618956804275513,1.3705152648872436,1.3360368242949225,1.344656408754615,2659300
2024-08-07,1.3791348934173584,1.3877544781524906,1.3618957239470941,1.3618957239470941,1717200
2024-08-08,1.3877546787261963,1.3877546787261963,1.3705155067643358,1.3705155067643358,1156300
2024-08-09,1.3877546787261963,1.404993850688057,1.379135092745266,1.3963742647071267,817000
2024-08-12,1.4049938917160034,1.4049938917160034,1.387754719250733,1.387754719250733,1243900
2024-08-13,1.3963741064071655,1.4049936914109364,1.3877545214033944,1.4049936914109364,735000
2024-08-14,1.4222328662872314,1.43085245132051,1.3963741111873957,1.3963741111873957,1647300
2024-08-15,1.4222328662872314,1.43085245132051,1.4136132812539528,1.4222328662872314,658100
2024-08-16,1.4394721984863281,1.4480917844904593,1.4222330264780656,1.4308526124821968,1749200
2024-08-19,1.448091745376587,1.448091745376587,1.4394721596052762,1.4394721596052762,720700
2024-08-20,1.448091745376587,1.4567114339014653,1.4308525738339655,1.448091745376587,1451300
2024-08-21,1.4394721984863281,1.4480917844904593,1.4394721984863281,1.4480917844904593,404600
2024-08-22,1.4308525323867798,1.439472117908409,1.4222329468651507,1.4308525323867798,635400
2024-08-23,1.4222328662872314,1.43085245132051,1.4222328662872314,1.43085245132051,360700
2024-08-26,1.4567112922668457,1.4567112922668457,1.4308524347135774,1.4394720196468143,719500
2024-08-27,1.4394721984863281,1.456711473248161,1.4394721984863281,1.456711473248161,381300
2024-08-28,1.4394721984863281,1.4480917844904593,1.4308526124821968,1.4480917844904593,1017800
2024-08-29,1.4308525323867798,1.439472117908409,1.4308525323867798,1.439472117908409,954400
2024-08-30,1.448091745376587,1.4567114339014653,1.4308525738339655,1.4308525738339655,974900
2024-09-02,1.448091745376587,1.4567114339014653,1.4394721596052762,1.448091745376587,1761100
2024-09-03,1.4567112922668457,1.4567112922668457,1.4480916045800512,1.4480916045800512,2102600
2024-09-04,1.4394721984863281,1.456711473248161,1.4308526124821968,1.4480917844904593,3470200
2024-09-05,1.4719253778457642,1.4719253778457642,1.4364573295637115,1.4453243416342247,2605200
2024-09-06,1.4719253778457642,1.4807923899162774,1.463058365775251,1.463058365775251,878900
2024-09-09,1.4719253778457642,1.4807923899162774,1.463058365775251,1.4719253778457642,1126800
2024-09-10,1.4719253778457642,1.4807923899162774,1.463058365775251,1.4719253778457642,3659100
2024-09-11,1.445324420928955,1.4719254585999053,1.4275903958149883,1.463058446042922,2947000
2024-09-12,1.418723225593567,1.4453242603083118,1.4098562140219852,1.4453242603083118,4763800
2024-09-13,1.4364572763442993,1.4453242880862978,1.4187232528603022,1.4187232528603022,2462600
2024-09-17,1.4541913270950317,1.4630583390032907,1.4364573032785137,1.4364573032785137,879200
2024-09-18,1.463058352470398,1.4719253644602757,1.4541913404805202,1.4541913404805202,1496700
2024-09-19,1.4541913270950317,1.4719253509115497,1.4453243151867727,1.4630583390032907,2943100
2024-09-20,1.463058352470398,1.4807923764501536,1.4541913404805202,1.4541913404805202,4557600
2024-09-23,1.4541913270950317,1.4630583390032907,1.4453243151867727,1.4630583390032907,1144100
2024-09-24,1.463058352470398,1.4719253644602757,1.4453243284906425,1.4453243284906425,1700400
2024-09-25,1.463058352470398,1.4719253644602757,1.4541913404805202,1.463058352470398,937800
2024-09-26,1.4719253778457642,1.4807923899162774,1.454191353704738,1.454191353704738,1172500
2024-09-27,1.4807924032211304,1.4896594153713132,1.4630583789207647,1.4719253910709476,2572500
2024-09-30,1.507393479347229,1.5251275028708005,1.4807923383587536,1.4807923383587536,4663800
2024-10-01,1.5428615808486938,1.5428615808486938,1.5073935325497285,1.51626054462447,2303000
2024-10-02,1.5339946746826172,1.5428616873695467,1.5251276619956875,1.5339946746826172,1290500
2024-10-03,1.55172860622406,1.55172860622406,1.5251275697718256,1.5339945819225704,2166400
2024-10-04,1.5428615808486938,1.5428615808486938,1.525127556699211,1.5339945687739525,1688700
2024-10-07,1.507393479347229,1.542861526394372,1.507393479347229,1.5339945146325862,1734000
2024-10-08,1.5251275300979614,1.5428615539381274,1.5073935062577954,1.5162605181778783,1843200
2024-10-09,1.587196707725525,1.587196707725525,1.5251276206016573,1.5339946330479242,3799200
2024-10-10,1.55172860622406,1.5871966548270393,1.5428615940733152,1.5783296426762945,2972100
2024-10-11,1.5339946746826172,1.5517287000564761,1.5339946746826172,1.5517287000564761,993400
2024-10-14,1.587196707725525,1.587196707725525,1.5428616454941908,1.5428616454941908,1973200
2024-10-15,1.5960637331008911,1.6049307456189863,1.569462695546606,1.5871967205827962,2226200
2024-10-16,1.6137977838516235,1.631531808008819,1.5960636539913062,1.5960636539913062,3147400
2024-10-17,1.6226649284362793,1.640398954041627,1.596063784325127,1.6137979156336053,2499500
2024-10-18,1.587196707725525,1.6315318756599853,1.5694626828329914,1.6226648632137184,2175800
2024-10-21,1.587196707725525,1.6226648632137184,1.578329695279258,1.578329695279258,3563800
2024-10-22,1.6137977838516235,1.6226647959302214,1.5694626177555129,1.5871966419127084,4796100
2024-10-23,1.6226649284362793,1.6226649284362793,1.6137979156336053,1.6137979156336053,685300
2024-10-24,1.6137977838516235,1.6226647959302214,1.5871966419127084,1.6226647959302214,3448700
2024-10-25,1.631531834602356,1.6403988468254838,1.6049306922298492,1.6137978101561006,2180600
2024-10-28,1.6226649284362793,1.631531941238953,1.6137979156336053,1.6226649284362793,1168100
2024-10-29,1.5960637331008911,1.6226648763583034,1.578329708064701,1.6226648763583034,2039900
2024-10-30,1.5960637331008911,1.6137978638402084,1.578329708064701,1.5871967205827962,3063900
2024-11-01,1.631531834602356,1.6403988468254838,1.5871966677835938,1.5871966677835938,2208600
2024-11-04,1.6581329107284546,1.6669999231625805,1.6137978485578246,1.6315318734260766,3349000
2024-11-05,1.6403988599777222,1.658132884566164,1.6315318476835015,1.658132884566164,1121500
2024-11-06,1.6403988599777222,1.6403988599777222,1.6226648353892805,1.6403988599777222,1742000
2024-11-07,1.6137977838516235,1.6403988200874169,1.5960636539913062,1.631531808008819,1467100
2024-11-08,1.6137977838516235,1.6137977838516235,1.6049306660699039,1.6137977838516235,443300
2024-11-11,1.6049307584762573,1.6137978767685148,1.5960637458871276,1.6137978767685148,1861300
2024-11-12,1.6226649284362793,1.631531941238953,1.6049307971278008,1.6049307971278008,854900
2024-11-13,1.6137977838516235,1.631531808008819,1.6049306660699039,1.6137977838516235,1264900
2024-11-14,1.6226649284362793,1.6226649284362793,1.6049307971278008,1.6137979156336053,393300
2024-11-15,1.6137977838516235,1.631531808008819,1.6049306660699039,1.6137977838516235,1114900
2024-11-18,1.631531834602356,1.631531834602356,1.6049306922298492,1.6137978101561006,1177300
2024-11-19,1.6137977838516235,1.631531808008819,1.6049306660699039,1.6226647959302214,3253500
2024-11-20,1.6226649284362793,1.6226649284362793,1.6049307971278008,1.6226649284362793,945300
2024-11-21,1.5960637331008911,1.6226648763583034,1.5960637331008911,1.6226648763583034,2483800
2024-11-22,1.631531834602356,1.631531834602356,1.5960636800067216,1.6049306922298492,1137100
2024-11-25,1.6492657661437988,1.6492657661437988,1.613797719249239,1.6226647309728788,2209500
2024-11-26,1.6403988599777222,1.649265872271943,1.6315318476835015,1.649265872271943,544600
2024-11-27,1.6403988599777222,1.6403988599777222,1.6226648353892805,1.6403988599777222,552300
2024-11-28,1.6226649284362793,1.640398954041627,1.6226649284362793,1.640398954041627,216100
2024-11-29,1.6226649284362793,1.631531941238953,1.6137979156336053,1.6226649284362793,542500
2024-12-02,1.6226649284362793,1.631531941238953,1.6137979156336053,1.6226649284362793,716300
2024-12-03,1.6226649284362793,1.631531941238953,1.6137979156336053,1.6137979156336053,1526500
2024-12-04,1.6403988599777222,1.6403988599777222,1.6226648353892805,1.6226648353892805,679100
2024-12-05,1.6492657661437988,1.6581327778674388,1.6226647309728788,1.6403987544201588,775000
2024-12-06,1.6492657661437988,1.6581327778674388,1.6403987544201588,1.6492657661437988,275600
2024-12-09,1.6581329107284546,1.6581329107284546,1.6315318734260766,1.6492658982943287,708000
2024-12-10,1.6226649284362793,1.6581329796469748,1.6049307971278008,1.6581329796469748,2032700
2024-12-11,1.631531834602356,1.631531834602356,1.5960636800067216,1.6226648223792282,6165900
2024-12-12,1.6403988599777222,1.649265872271943,1.6226648353892805,1.6226648353892805,2039500
2024-12-13,1.6226649284362793,1.6492659668443008,1.6226649284362793,1.640398954041627,434400
2024-12-16,1.6403988599777222,1.6403988599777222,1.6137978230950598,1.6226648353892805,585100
2024-12-17,1.6403988599777222,1.6403988599777222,1.6226648353892805,1.6315318476835015,460400
2024-12-18,1.6226649284362793,1.640398954041627,1.6226649284362793,1.640398954041627,856800
2024-12-19,1.6137977838516235,1.6226647959302214,1.6049306660699039,1.6226647959302214,487500
2024-12-20,1.6137977838516235,1.631531808008819,1.6049306660699039,1.6049306660699039,832000
2024-12-23,1.6226649284362793,1.631531941238953,1.6137979156336053,1.6226649284362793,991400
2024-12-24,1.6137977838516235,1.6226647959302214,1.6137977838516235,1.6226647959302214,535700
2024-12-26,1.6226649284362793,1.6226649284362793,1.6049307971278008,1.6137979156336053,660100
2024-12-27,1.6137977838516235,1.6226647959302214,1.6049306660699039,1.6226647959302214,1172800
2024-12-30,1.6403988599777222,1.6403988599777222,1.6049307050977144,1.6137978230950598,4008300
2024-12-31,1.6403988599777222,1.649265872271943,1.6226648353892805,1.6403988599777222,1364400
2025-01-02,1.675866961479187,1.6847339740502572,1.6315318986238359,1.6492659237659764,3121300
2025-01-03,1.6847339868545532,1.7024680121314757,1.6669999615776308,1.675866974216092,2485900
2025-01-06,1.6669999361038208,1.7024679861156702,1.6581329236008584,1.6847339611097454,2953800
2025-01-07,1.6847339868545532,1.6936009994930143,1.675866974216092,1.675866974216092,1122500
2025-01-08,1.6936010122299194,1.6936010122299194,1.6758669868196263,1.6758669868196263,1110900
2025-01-09,1.6847339868545532,1.6936009994930143,1.675866974216092,1.6936009994930143,405000
2025-01-10,1.6847339868545532,1.6936009994930143,1.675866974216092,1.675866974216092,1056400
2025-01-13,1.6581329107284546,1.6936009604649587,1.6581329107284546,1.6847339480308325,1391800
2025-01-14,1.6669999361038208,1.6758669486067832,1.6581329236008584,1.6581329236008584,695600
2025-01-15,1.6403988599777222,1.6758669091546057,1.6403988599777222,1.6758669091546057,1409400
2025-01-16,1.6581329107284546,1.6669999231625805,1.6403988858602025,1.6403988858602025,1627700
2025-01-17,1.6403988599777222,1.6669998968603847,1.6403988599777222,1.6669998968603847,1585600
2025-01-20,1.6403988599777222,1.658132884566164,1.6403988599777222,1.6403988599777222,1508900
2025-01-21,1.6492657661437988,1.6581327778674388,1.6403987544201588,1.6403987544201588,1709400
2025-01-22,1.675866961479187,1.6847339740502572,1.6492659237659764,1.6492659237659764,2405000
2025-01-23,1.6669999361038208,1.6936009736127078,1.6669999361038208,1.6758669486067832,1710700
2025-01-24,1.6669999361038208,1.6847339611097454,1.6581329236008584,1.6669999361038208,770600
2025-01-27,1.6581329107284546,1.6669999231625805,1.6492658982943287,1.6669999231625805,892800
2025-01-28,1.6669999361038208,1.6758669486067832,1.6403988985949338,1.6581329236008584,1188400
2025-01-31,1.675866961479187,1.6847339740502572,1.6581329363370465,1.6669999489081166,1397800
2025-02-03,1.6581329107284546,1.6847339480308325,1.6581329107284546,1.6847339480308325,381900
2025-02-04,1.7113349437713623,1.7290690739120453,1.6758668948962427,1.6758668948962427,2283200
2025-02-05,1.720202088356018,1.7379361130684512,1.7113349702966763,1.7113349702966763,1462300
2025-02-06,1.7290691137313843,1.746803138577347,1.720202101308403,1.7290691137313843,1765900
2025-02-07,1.7290691137313843,1.7379361261543658,1.7113349831822957,1.7290691137313843,1291900
2025-02-10,1.7290691137313843,1.7379361261543658,1.7113349831822957,1.7290691137313843,1723900
2025-02-12,1.7290691137313843,1.7290691137313843,1.7113349831822957,1.7290691137313843,3507600
2025-02-13,1.7290691137313843,1.746803138577347,1.7113349831822957,1.7290691137313843,3027800
2025-02-14,1.7645372152328491,1.7734042279161797,1.7290691644995269,1.7290691644995269,2312000
2025-02-17,1.7645372152328491,1.7822712405995103,1.7556702025495186,1.7645372152328491,1237800
2025-02-18,1.7676351070404053,1.776746619252548,1.749411973998326,1.7676351070404053,2018100
2025-02-19,1.7585234642028809,1.7676350849187867,1.7494119521047669,1.7676350849187867,1295000
2025-02-20,1.712965965270996,1.7585235273987636,1.712965965270996,1.7585235273987636,2835900
2025-02-21,1.7403005361557007,1.7403005361557007,1.703854485749654,1.703854485749654,2590100
2025-02-24,1.722077488899231,1.7494120263537116,1.712965976414404,1.7311890013840578,2009000
2025-02-25,1.712965965270996,1.7403005025476566,1.7038544528454427,1.7220774776965497,1395200
2025-02-26,1.722077488899231,1.7311890013840578,1.7038544639295772,1.712965976414404,1709700
2025-02-27,1.722077488899231,1.7311890013840578,1.712965976414404,1.722077488899231,1305700
2025-02-28,1.6947429180145264,1.7220774549298106,1.6947429180145264,1.712965942624716,3390700
2025-03-03,1.712965965270996,1.7220774776965497,1.6947429404198893,1.7038544528454427,1418700
2025-03-04,1.712965965270996,1.7311889901221031,1.6947429404198893,1.712965965270996,2376500
2025-03-05,1.7403005361557007,1.7494120487572125,1.7129659983511656,1.7129659983511656,1623100
2025-03-06,1.749411940574646,1.7585234526127074,1.7311889164985232,1.7403004285365846,1366000
2025-03-07,1.749411940574646,1.76763507326856,1.7403004285365846,1.749411940574646,3735500
2025-03-10,1.749411940574646,1.7585234526127074,1.7403004285365846,1.749411940574646,1851000
2025-03-11,1.722077488899231,1.7403005138688847,1.7038544639295772,1.7311890013840578,4823200
2025-03-12,1.7038544416427612,1.7220774663740537,1.685631416911469,1.7220774663740537,5890000
2025-03-13,1.7038544416427612,1.7311889787397,1.685631416911469,1.7038544416427612,7137000
2025-03-14,1.6947429180145264,1.712965942624716,1.6856314057094317,1.6947429180145264,2834800
2025-03-17,1.7038544416427612,1.7220774663740537,1.6947429292771152,1.6947429292771152,3318100
2025-03-19,1.6856313943862915,1.7129659311179573,1.6856313943862915,1.7038544188740687,2027900
2025-03-20,1.6674084663391113,1.6947430046517689,1.6674084663391113,1.685631491880883,1687600
2025-03-21,1.6674084663391113,1.685631491880883,1.6674084663391113,1.6674084663391113,3590500
2025-03-24,1.6765198707580566,1.6765198707580566,1.6582968463940222,1.6674083585760393,1471100
2025-03-25,1.6765198707580566,1.6856313829400738,1.6582968463940222,1.6765198707580566,1366000
2025-03-26,1.6765198707580566,1.6856313829400738,1.6582968463940222,1.6765198707580566,1568900
2025-03-27,1.6856313943862915,1.6856313943862915,1.6674083698985145,1.676519882142403,846400
2025-03-28,1.658296823501587,1.685631359670291,1.658296823501587,1.685631359670291,2644600
2025-04-02,1.6856313943862915,1.7038544188740687,1.658296857654626,1.658296857654626,3891200
2025-04-03,1.6765198707580566,1.6947428951220909,1.6674083585760393,1.6674083585760393,2467100
2025-04-04,1.6947429180145264,1.6947429180145264,1.6674083810992424,1.6674083810992424,3531700
2025-04-07,1.6400737762451172,1.6856314475183576,1.5034009796609904,1.6856314475183576,7965800
2025-04-08,1.6400737762451172,1.6674084224561805,1.6127392386518513,1.6400737762451172,2637300
2025-04-09,1.649185299873352,1.649185299873352,1.5854047117265604,1.6309622746885544,6515800
2025-04-10,1.6947429180145264,1.6947429180145264,1.6491852478712585,1.6491852478712585,4655800
2025-04-11,1.6947429180145264,1.703854430319621,1.6491852478712585,1.6856314057094317,1486000
2025-04-14,1.7311890125274658,1.7311890125274658,1.685631449810084,1.6947429623535604,1468800
2025-04-15,1.7403005361557007,1.758523561358724,1.7129659983511656,1.7311890235541891,1700800
2025-04-16,1.7585234642028809,1.7585234642028809,1.7311889279085388,1.7403004400066528,1240600
2025-04-17,1.7403005361557007,1.758523561358724,1.7403005361557007,1.758523561358724,559400
2025-04-18,1.7403005361557007,1.7494120487572125,1.7311890235541891,1.7403005361557007,999100
2025-04-21,1.722077488899231,1.767635159941162,1.712965976414404,1.7403005138688847,2723700
2025-04-22,1.7403005361557007,1.7403005361557007,1.6947429731481423,1.7220775109526774,2240300
2025-04-23,1.749411940574646,1.749411940574646,1.722077404460462,1.7403004285365846,2404800
2025-04-24,1.7403005361557007,1.7494120487572125,1.7311890235541891,1.7494120487572125,2812400
2025-04-25,1.749411940574646,1.749411940574646,1.7311889164985232,1.7403004285365846,2182200
2025-04-28,1.7403005361557007,1.7494120487572125,1.7311890235541891,1.7403005361557007,1679000
2025-04-29,1.7403005361557007,1.758523561358724,1.7311890235541891,1.7494120487572125,4176500
2025-04-30,1.722077488899231,1.7403005138688847,1.7038544639295772,1.7403005138688847,9542700
2025-05-02,1.749411940574646,1.749411940574646,1.7129658924224007,1.722077404460462,4747600
2025-05-05,1.7311890125274658,1.7676351713191685,1.7220774999839894,1.7494120376144184,5039300
2025-05-06,1.712965965270996,1.7403005025476566,1.7038544528454427,1.7311889901221031,4479600
2025-05-07,1.7403005361557007,1.7403005361557007,1.7129659983511656,1.7129659983511656,5722200
2025-05-08,1.7311890125274658,1.740300525070942,1.7220774999839894,1.740300525070942,3422000
2025-05-09,1.749411940574646,1.76763507326856,1.7311889164985232,1.7311889164985232,7922200
2025-05-13,1.7403005361557007,1.7676351825780336,1.7311890235541891,1.758523561358724,2275700
2025-05-14,1.7585234642028809,1.7676350849187867,1.7403004400066528,1.7403004400066528,2779000
2025-05-15,1.822304129600525,1.849638665476263,1.7585234372726788,1.7585234372726788,5877100
2025-05-16,1.8131927251815796,1.8496387751774959,1.8040812126826007,1.8223042376805587,2335100
2025-05-19,1.8040812015533447,1.8223042264388862,1.7858581766678032,1.8040812015533447,2098400
2025-05-20,1.8131927251815796,1.8405272626785167,1.8131927251815796,1.8131927251815796,3699300
2025-05-21,1.822304129600525,1.8314156415591043,1.804081105683366,1.8131926176419455,2199200
2025-05-22,1.8405271768569946,1.8405271768569946,1.804081128560513,1.8131926406346333,3559000
2025-05-23,1.8040812015533447,1.8223042264388862,1.794969689110574,1.8223042264388862,2399800
2025-05-26,1.822304129600525,1.822304129600525,1.804081105683366,1.804081105683366,1549500
2025-05-27,1.8040812015533447,1.8223042264388862,1.794969689110574,1.8223042264388862,877500
2025-05-28,1.8131927251815796,1.8314157501795378,1.8040812126826007,1.8040812126826007,2582400
2025-05-29,1.822304129600525,1.822304129600525,1.804081105683366,1.8131926176419455,1541900
2025-05-30,1.8405271768569946,1.8496386889311152,1.8131926406346333,1.8223041527087538,1852900
2025-06-03,1.8678617477416992,1.876973259984904,1.8314156987688797,1.8405272110120845,2396100
2025-06-04,1.84963858127594,1.8769731159073395,1.8314155581883402,1.8678616043635397,3421400
2025-06-05,1.8587501049041748,1.8769731281102493,1.8405270816981003,1.8496385933011374,2043000
2025-06-06,1.8951963186264038,1.9043078310338157,1.858750268996756,1.858750268996756,3835000
2025-06-09,1.8951963186264038,1.9043078310338157,1.87697329381158,1.8860848062189919,2371300
2025-06-10,1.9043078422546387,1.9407541093346312,1.8860848173324387,1.8951963297935386,6301000
2025-06-11,1.9043078422546387,1.9316423796379387,1.8951963297935386,1.9043078422546387,5753400
2025-06-12,1.9407541751861572,1.9589772007266808,1.8951963940992482,1.9043079068695101,6285600
2025-06-13,1.9316424131393433,1.9498656556131904,1.9134193879010928,1.9407541429940651,3984400
2025-06-16,1.958977222442627,1.958977222442627,1.9134194408506944,1.9316424665932264,3779900
2025-06-17,1.9772001504898071,1.995423175331922,1.9498656132266345,1.958977125647692,3977400
2025-06-18,1.9772001504898071,2.022757712595095,1.9680886380687495,1.9772001504898071,5462600
2025-06-19,1.958977222442627,1.9954232739276914,1.940754196700095,1.9772002481851592,6825000
2025-06-20,1.9498655796051025,2.004534653188789,1.904307801049776,1.9498655796051025,26408900
2025-06-23,1.958977222442627,1.9772002481851592,1.9225309537219604,1.9316424665932264,3991700
2025-06-24,1.913419485092163,1.9772002939013473,1.9043079720102236,1.9589772677374682,3503400
2025-06-25,1.9407541751861572,1.9772002262672042,1.9134194196397718,1.9134194196397718,5475600
2025-06-26,1.876973271369934,1.9589770992917706,1.876973271369934,1.9407540746948266,5870800
2025-06-30,1.913419485092163,1.9316425112560422,1.8951964589282841,1.8951964589282841,5459700
2025-07-01,1.9498655796051025,1.968088604132998,1.904307801049776,1.9134193133137236,3629100
2025-07-02,1.9680885076522827,1.9863115312868391,1.9498654840177263,1.9498654840177263,3189400
2025-07-03,2.013646125793457,2.0227576378779513,1.9589770532864923,1.9680885653709865,8588500
2025-07-04,1.9954231977462769,2.022757735316495,1.9863116852228708,2.004534710269683,3398400
2025-07-07,1.958977222442627,2.0136462996702233,1.949865709571361,1.9954232739276914,2829000
2025-07-08,1.9863115549087524,2.013646090685659,1.9498655072062105,1.9498655072062105,2161800
2025-07-09,1.9954231977462769,1.9954231977462769,1.9589771476526527,1.9863116852228708,2183000
2025-07-10,1.9498655796051025,2.0136461654527364,1.9407540673411547,1.995423140924841,4839100
2025-07-11,1.958977222442627,1.9772002481851592,1.940754196700095,1.958977222442627,3129300
2025-07-14,1.958977222442627,1.9772002481851592,1.949865709571361,1.958977222442627,3711000
2025-07-15,2.0227575302124023,2.0227575302124023,1.9589769490157998,1.9589769490157998,2568000
2025-07-16,1.9954231977462769,2.022757735316495,1.9772001726994648,2.022757735316495,3407900
2025-07-17,2.0045344829559326,2.0045344829559326,1.986311459975607,2.0045344829559326,2978000
2025-07-18,1.9498655796051025,2.0136461654527364,1.9316423378416192,2.004534653188789,7394900
2025-07-21,1.958977222442627,1.9772002481851592,1.940754196700095,1.940754196700095,3131200
2025-07-22,1.958977222442627,1.9772002481851592,1.949865709571361,1.958977222442627,1608200
2025-07-23,1.9498655796051025,1.968088604132998,1.9407540673411547,1.9589770918690501,1744500
2025-07-24,1.9680885076522827,1.9680885076522827,1.9498654840177263,1.9498654840177263,2736200
2025-07-25,1.9772001504898071,1.9863116629108646,1.9498656132266345,1.958977125647692,2372000
2025-07-28,2.0227575302124023,2.0227575302124023,1.977199972214829,1.977199972214829,3306800
2025-07-29,1.9863115549087524,2.0318691145369296,1.977200042983117,2.0227576026112946,3743100
2025-07-30,2.013646125793457,2.0227576378779513,1.9863115895399748,1.9863115895399748,4933400
2025-07-31,2.040980339050293,2.077426381620478,2.0136458071226544,2.0136458071226544,10124400
2025-08-01,2.0500924587249756,2.0592039720743287,2.0318694320262694,2.0409809453756225,1846200
2025-08-04,2.0500924587249756,2.077426998773035,2.013646405327563,2.0500924587249756,5654100
2025-08-05,2.0683155059814453,2.1138730731810247,2.0500924791016137,2.0500924791016137,3175600
2025-08-06,2.0227575302124023,2.0683150882099754,2.0136460186128877,2.0683150882099754,3091600
2025-08-07,2.0227575302124023,2.031869041811917,2.004534507013373,2.0136460186128877,5842400
2025-08-08,2.0227575302124023,2.031869041811917,2.004534507013373,2.0136460186128877,4377400
2025-08-11,1.9954231977462769,2.0318692478399014,1.9863116852228708,2.022757735316495,5404900
2025-08-12,1.958977222442627,2.0045347867989576,1.949865709571361,1.9954232739276914,3265800
2025-08-13,2.040980339050293,2.040980339050293,1.949865232624831,1.9771997645524695,13509600
2025-08-14,2.0045344829559326,2.0409805289165837,1.9680884369952816,2.0409805289165837,13062200
2025-08-15,2.0045344829559326,2.0045344829559326,1.9589769255051188,2.0045344829559326,14202100
2025-08-18,1.9954231977462769,2.022757735316495,1.9772001726994648,2.004534710269683,8709100
2025-08-19,1.9954231977462769,2.013646222793089,1.9863116852228708,1.9954231977462769,22973400
2025-08-20,1.9954231977462769,2.013646222793089,1.9954231977462769,1.9954231977462769,4529700
2025-08-21,1.9863115549087524,2.0045345787600235,1.9863115549087524,2.0045345787600235,23839100
2025-08-22,2.0227575302124023,2.0227575302124023,1.9863114838143436,1.9863114838143436,3072600
2025-08-25,1.958977222442627,2.0227578125414896,1.958977222442627,2.0227578125414896,9792100
2025-08-26,1.9559822082519531,1.9934174634054798,1.9372646922403853,1.9746997242635207,4458100
2025-08-27,1.9091882705688477,1.974699571542774,1.9091882705688477,1.9559820569787951,4064700
2025-08-28,1.9279059171676636,1.9653409488594025,1.9091884013217943,1.9091884013217943,9486000
2025-08-29,1.9185471534729004,1.946623427157239,1.909188395578121,1.92790591136768,12080800
2025-09-02,1.9091882705688477,1.9466232996968056,1.8904707560048688,1.9279057851328267,5218700
2025-09-03,1.9279059171676636,1.946623433013533,1.9091884013217943,1.918547159244729,7443900
2025-09-04,1.9279059171676636,1.9653409488594025,1.918547159244729,1.9279059171676636,10421100
2025-09-08,1.9653408527374268,1.9840583676678496,1.9372645803417925,1.9559820952722153,5244800
2025-09-09,1.9466233253479004,1.993417335504837,1.9372645679425884,1.9653408401585242,3546600
2025-09-10,1.9185471534729004,1.9653409429467978,1.9185471534729004,1.946623427157239,6879700
2025-09-11,1.9372648000717163,1.946623558598424,1.9279060415450084,1.9279060415450084,5173700
2025-09-12,1.9279059171676636,1.946623433013533,1.918547159244729,1.9372646750905984,10852400
2025-09-17,1.9653408527374268,1.9653408527374268,1.9185470654113697,1.9372645803417925,9879600
2025-09-18,1.9559822082519531,1.9840584822693046,1.9466234502461692,1.9653409662577368,6735200
2025-09-19,1.9559822082519531,1.9653409662577368,1.9372646922403853,1.9559822082519531,76660100
2025-09-22,1.9653408527374268,1.9746996102026382,1.946623337807004,1.9559820952722153,11737500
2025-09-23,1.9746997356414795,1.9840584937011871,1.9653409775817716,1.9653409775817716,3639700
2025-09-24,2.021493673324585,2.021493673324585,1.9746996616490358,1.9840584193580688,3006400
2025-09-25,2.0402114391326904,2.0495701979903003,2.0121351625598605,2.0121351625598605,6842800
2025-09-26,2.0402114391326904,2.0589289568479106,2.0308526802750806,2.0402114391326904,3278100
2025-09-29,2.021493673324585,2.049569946451684,2.012134915615552,2.040211188742651,7820500
2025-09-30,1.9653408527374268,2.030852378124285,1.9559820952722153,2.021493620659074,7630800
2025-10-01,1.9559822082519531,1.9840584822693046,1.9559822082519531,1.9653409662577368,5821700
2025-10-02,2.0308525562286377,2.0308525562286377,1.9559822668104956,1.9559822668104956,3236000
2025-10-03,2.0308525562286377,2.0308525562286377,2.0027762813707337,2.0308525562286377,1613300
2025-10-06,2.049569845199585,2.05892860244628,2.0121348162128045,2.0308523307061948,4475000
2025-10-07,2.0308525562286377,2.0495700728005737,2.0214937979426697,2.0495700728005737,1324300
2025-10-08,2.0682873725891113,2.0682873725891113,2.0214935860638685,2.030852343368917,3791100
2025-10-09,2.115081310272217,2.115081310272217,2.040211246481112,2.0682875204027766,8851500
2025-10-10,2.115081310272217,2.115081310272217,2.0589287624288883,2.105722552298329,3517400
2025-10-13,2.105722427368164,2.1150811847868076,2.0495698828563036,2.0870049125308774,6730800
2025-10-14,2.077646255493164,2.105722529105592,2.0589287397515452,2.105722529105592,1407700
2025-10-15,2.087005138397217,2.105722655260209,2.0682876215342247,2.0682876215342247,2857900
2025-10-16,2.049569845199585,2.0963636314330603,2.04021108795289,2.0870048741863654,2198800
2025-10-17,2.0682873725891113,2.0682873725891113,2.049569857979014,2.049569857979014,521500
2025-10-21,2.021493673324585,2.06828746186975,2.012134915615552,2.06828746186975,1400200
2025-10-22,2.0121350288391113,2.0308525453104185,2.0121350288391113,2.021493787074765,433000
2025-10-23,2.049569845199585,2.05892860244628,2.0027760589661097,2.0214935734595,2763600
2025-10-24,2.049569845199585,2.07764611693967,2.049569845199585,2.049569845199585,913200
2025-10-27,2.049569845199585,2.068287359692975,2.04021108795289,2.049569845199585,2032200
2025-10-28,2.0589284896850586,2.068287246419203,2.0402109762167693,2.0495697329509137,12100700
2025-10-29,2.0308525562286377,2.0589288310865417,2.0027762813707337,2.0589288310865417,6343000
2025-10-30,1.993417501449585,2.030852534187163,1.984058520134795,2.030852534187163,1527300
2025-10-31,1.9653408527374268,2.002776105728651,1.9653408527374268,1.9934173482634396,13325500
2025-11-03,1.9746997356414795,1.9840584937011871,1.946623461462356,1.9653409775817716,8190200
2025-11-04,1.9466233253479004,1.9840583549691482,1.9372645679425884,1.9746995975638362,3362500
2025-11-05,1.9746997356414795,1.9840584937011871,1.918547187283233,1.946623461462356,2848400
2025-11-06,2.0027763843536377,2.0121351431208336,1.9746998849216402,1.984058643688836,2331800
2025-11-07,2.0027763843536377,2.0121351431208336,1.984058643688836,2.0027763843536377,2154500
2025-11-10,2.0027763843536377,2.0121351431208336,1.9934176255864418,2.0027763843536377,5403800
2025-11-11,2.0682873725891113,2.07764612989416,2.01213482875882,2.01213482875882,6424900
2025-11-12,2.087005138397217,2.1337989305546965,2.0682876215342247,2.0682876215342247,9880800
2025-11-13,2.115081310272217,2.115081310272217,2.087005036350553,2.087005036350553,5245900
2025-11-14,2.105722427368164,2.1150811847868076,2.0495698828563036,2.1150811847868076,12237400
2025-11-17,2.0682873725891113,2.115081159114354,2.0589286152840627,2.105722401809306,1746800
2025-11-18,2.087005138397217,2.105722655260209,2.0495701046712327,2.0682876215342247,10151500
2025-11-19,2.0963635444641113,2.105722301322553,2.0589285170303464,2.0963635444641113,9478000
2025-11-20,2.133798837661743,2.171233869758028,2.0963638055654585,2.0963638055654585,7369000
2025-11-21,2.1244401931762695,2.1525164687489915,2.1244401931762695,2.13379895170051,3201500
2025-11-24,2.133798837661743,2.1618751117339565,2.124440079637672,2.124440079637672,2462200
2025-11-25,2.133798837661743,2.1618751117339565,2.124440079637672,2.133798837661743,2560900
2025-11-26,2.1525163650512695,2.180592639271414,2.124440090831125,2.124440090831125,4420400
2025-11-27,2.105722427368164,2.171233729298668,2.0963636699495205,2.152516214461381,2382500
2025-11-28,2.115081310272217,2.1244400682461047,2.0682875204027766,2.105722552298329,11427400
2025-12-01,2.1244401931762695,2.143157710224751,2.105722676127788,2.115081434652029,4347800
2025-12-02,2.143157482147217,2.1805925122602963,2.115081209562407,2.124439967090677,6773800
2025-12-03,2.171233892440796,2.171233892440796,2.124440101831588,2.152516376197113,4222200
2025-12-04,2.049569845199585,2.171233689406621,2.04021108795289,2.171233689406621,8234700
2025-12-05,2.049569845199585,2.068287359692975,2.0027760589661097,2.05892860244628,3623800
2025-12-08,2.049379348754883,2.0875072985857726,2.030315373839438,2.0684433236703277,4780000
2025-12-09,2.0970394611358643,2.1065714493894605,2.039847531614288,2.0493795198678844,4556300
2025-12-10,2.0970394611358643,2.0970394611358643,2.0684434963750764,2.0970394611358643,1750900
2025-12-11,2.087507486343384,2.106571462973508,2.0589115213981968,2.097039474658446,4788600
2025-12-12,2.0970394611358643,2.0970394611358643,2.05891150812148,2.0875074728822685,3431400
2025-12-15,2.0779755115509033,2.1161034650592727,2.0684435231738107,2.097039488305088,2800000
2025-12-16,2.1256353855133057,2.1256353855133057,2.068443457078276,2.077975445150781,2754200
2025-12-17,2.0970394611358643,2.1351674141502484,2.077975484628672,2.1256354258966526,6177400
2025-12-18,2.116103410720825,2.12563539885315,2.0875074463238508,2.0970394344561756,5379400
2025-12-19,2.1256353855133057,2.1351673735858108,2.077975445150781,2.1161033974408006,12236100
2025-12-22,2.1446993350982666,2.1637633110071874,2.106571383280425,2.1256353591893458,931900
2025-12-23,2.1637630462646484,2.173295033052843,2.125635099111869,2.1446990726882587,3515700
2025-12-24,2.1637630462646484,2.173295033052843,2.1446990726882587,2.1637630462646484,1788400
2025-12-26,2.154231071472168,2.173295045154714,2.144699084630895,2.163763058313441,507600
2025-12-29,2.2018911838531494,2.2018911838531494,2.1542312457901938,2.1542312457901938,2285100
2025-12-30,2.2018911838531494,2.2114231714657406,2.192359196240558,2.2018911838531494,2308900
2025-12-31,2.2018911838531494,2.2114231714657406,2.192359196240558,2.2114231714657406,2631000
2026-01-02,2.2400190830230713,2.2495510704174477,2.2018911334455646,2.2018911334455646,1618000
2026-01-05,2.2876791954040527,2.297211182582382,2.2400190322519054,2.2400190322519054,7251000
2026-01-06,2.2590830326080322,2.297211209020662,2.2495510453200005,2.2876792217326303,5407000
2026-01-07,2.2781472206115723,2.2876792078417254,2.2495510316606113,2.2590830188907645,10557600
2026-01-08,2.2781472206115723,2.297211195071878,2.2495510316606113,2.2781472206115723,6901200
2026-01-09,2.2781472206115723,2.2781472206115723,2.2495510316606113,2.2781472206115723,2513300
2026-01-12,2.2876791954040527,2.3067431697607113,2.2781472082257235,2.2781472082257235,5320900
2026-01-13,2.2781472206115723,2.297211195071878,2.268615233381419,2.2876792078417254,7040700
2026-01-14,2.2876791954040527,2.2876791954040527,2.259083006608564,2.2781472082257235,10437400
2026-01-15,2.2876791954040527,2.297211182582382,2.268615221047394,2.2781472082257235,6728400
2026-01-16,2.3639352321624756,2.3639352321624756,2.2781473425011205,2.287679330241271,7886700
2026-01-19,2.3639352321624756,2.3639352321624756,2.3639352321624756,2.3639352321624756,0
2026-01-20,2.354403257369995,2.3829992207477058,2.335339281784855,2.3734672329551354,8216400
2026-01-21,2.3639352321624756,2.3829992076427766,2.354403244422325,2.354403244422325,4651200
2026-01-22,2.335339307785034,2.373467259379807,2.306743344088954,2.363935271481114,3752300
2026-01-23,2.354403257369995,2.3734672329551354,2.335339281784855,2.335339281784855,12022200
2026-01-26,2.3829991817474365,2.4211271322937136,2.354403218837729,2.354403218837729,6411300
2026-01-27,2.3639352321624756,2.392531195382927,2.354403244422325,2.3829992076427766,9747400
2026-01-28,2.3639352321624756,2.373467219902626,2.354403244422325,2.3639352321624756,7902400
2026-01-29,2.392531156539917,2.42112711929611,2.3544032061983264,2.363935193783724,7748800
2026-01-30,2.46878719329834,2.46878719329834,2.392531288412066,2.392531288412066,5689200
2026-02-03,2.449723243713379,2.4783192083566643,2.411595290855665,2.468787220142236,6459000
2026-02-04,2.430659055709839,2.4878509800181865,2.4211270683251143,2.449723030479288,7811000
2026-02-05,2.4401910305023193,2.4878509671800004,2.4306590431667834,2.4306590431667834,6123600
2026-02-06,2.46878719329834,2.478319181409124,2.4306592408552032,2.4306592408552032,9269500
2026-02-09,2.4592552185058594,2.468787206668265,2.4211272658562373,2.468787206668265,6621500
2026-02-10,2.4592552185058594,2.4783191948306706,2.4401912421810485,2.4592552185058594,6099200
2026-02-11,2.46878719329834,2.478319181409124,2.4497232170767713,2.4592552051875556,5742300
2026-02-12,2.506915330886841,2.5259793067881424,2.468787151823719,2.468787151823719,6851600
2026-02-13,2.5355112552642822,2.5450432430665324,2.4878510889925147,2.506915291857531,7258300
2026-02-16,2.5337636470794678,2.553179674185611,2.514347851427866,2.5337636470794678,5786500
2026-02-19,2.56288743019104,2.56288743019104,2.5143477122934956,2.5337635068707023,5589200
2026-02-20,2.494931936264038,2.572595346604755,2.4852240389032647,2.5628874492439815,3596300
2026-02-23,2.5240557193756104,2.5240557193756104,2.494932026242954,2.494932026242954,2378200
2026-02-24,2.56288743019104,2.56288743019104,2.5143477122934956,2.524055609582099,1995200
2026-02-25,2.5531795024871826,2.5628873996601387,2.533763476686745,2.5628873996601387,3442700
2026-02-26,2.5337636470794678,2.553179674185611,2.514347851427866,2.553179674185611,4045700
2026-02-27,2.417268753051758,2.5434714185159506,2.4075608557083585,2.5337635211725513,11648300
2026-03-02,2.3784372806549072,2.4269767697591824,2.359021485013197,2.4075609741174726,8051200
2026-03-03,2.4269766807556152,2.4269766807556152,2.3687292959665682,2.3784371934314095,6535200
2026-03-04,2.3784372806549072,2.4269767697591824,2.359021485013197,2.4172688719383277,3337500
2026-03-05,2.3784372806549072,2.4075609741174726,2.368729382834052,2.3881451784757624,4060600
2026-03-06,2.3784372806549072,2.3881451784757624,2.359021485013197,2.3784372806549072,833900
2026-03-09,2.281358003616333,2.3590214153440767,2.232818515945577,2.3590214153440767,6748500
2026-03-10,2.3396055698394775,2.3396055698394775,2.30077374908546,2.30077374908546,4639300
2026-03-11,2.349313497543335,2.368729292444145,2.329897702642525,2.33960560009293,4911600
2026-03-12,2.3396055698394775,2.368729261814094,2.3298976725146057,2.3396055698394775,2831000
2026-03-13,2.32989764213562,2.3493134365322064,2.32989764213562,2.3396055393339132,2637500
2026-03-16,2.32989764213562,2.3396055393339132,2.2910658218879214,2.32989764213562,4214400
2026-03-17,2.3590214252471924,2.368729322822097,2.339605630097383,2.339605630097383,894800
2026-03-18,2.36872935295105,2.3978530460462015,2.349313557554282,2.3590214552526656,1124100
2026-03-19,2.2716500759124756,2.368729281419216,2.2522342811020337,2.359021384013995,4295300
2026-03-20,2.2716500759124756,2.2716500759124756,2.2716500759124756,2.2716500759124756,0
2026-03-24,2.2522342205047607,2.2619421176487866,2.038660251881663,2.2036947347846305,10744500
2026-03-25,2.232818603515625,2.2522343993454053,2.2036949097709546,2.223110705600735,6488600
2026-03-26,2.2522342205047607,2.2522342205047607,2.2036947347846305,2.2328184262167086,4650400
2026-03-27,2.2522342205047607,2.2619421176487866,2.2328184262167086,2.2619421176487866,3324400
2026-03-30,2.2231106758117676,2.232818573596575,2.184279084672538,2.232818573596575,2889500
2026-03-31,2.2425265312194824,2.252234429263329,2.2134028370879424,2.2231107351317894,2341900
2026-04-01,2.2425265312194824,2.2619423273071755,2.232818633175636,2.2425265312194824,1606300
2026-04-02,2.232818603515625,2.2522343993454053,2.2134028076858447,2.2522343993454053,1261400
2026-04-03,2.21340274810791,2.310481956098284,2.2036948504543266,2.2328185434150774,3819200
2026-04-06,2.2036948204040527,2.232818512967664,2.193986922882849,2.2036948204040527,2701000
2026-04-07,2.21340274810791,2.2328185434150774,2.184279055147159,2.2036948504543266,1608800
2026-04-08,2.2425265312194824,2.252234429263329,2.203694939044096,2.2134028370879424,2902600
2026-04-09,2.2425265312194824,2.252234429263329,2.2231107351317894,2.2425265312194824,1414300
2026-04-10,2.261942148208618,2.2716500454838022,2.232818456383066,2.24252635365825,937400
2026-04-13,2.2522342205047607,2.2619421176487866,2.2231105290726827,2.2619421176487866,2740200
2026-04-14,2.2716500759124756,2.2716500759124756,2.242526383696813,2.2522342811020337,869800
2026-04-15,2.261942148208618,2.281357942758986,2.252234250933434,2.261942148208618,2257800
2026-04-16,2.2522342205047607,2.2619421176487866,2.2231105290726827,2.2619421176487866,2548400
2026-04-17,2.320189952850342,2.329897850918563,2.242526536850025,2.2619423329864676,3478100
2026-04-20,2.32989764213562,2.3396055393339132,2.310481847739034,2.320189744937327,2178900
2026-04-21,2.3104820251464844,2.329897821033888,2.300773895748238,2.329897821033888,695000
2026-04-22,2.3104820251464844,2.33960571897759,2.2716502019171325,2.320189923090186,2408700
2026-04-23,2.3396055698394775,2.3590213644892217,2.310481877864861,2.310481877864861,2705200
2026-04-24,2.3396055698394775,2.3590213644892217,2.3201897751897333,2.3396055698394775,1286100
2026-04-27,2.36872935295105,2.3881451483478173,2.339605659855898,2.339605659855898,2390100
2026-04-28,2.36872935295105,2.3784372506494336,2.339605659855898,2.36872935295105,2261900
2026-04-29,2.349313497543335,2.37843718989455,2.349313497543335,2.368729292444145,1064600
2026-04-30,2.3881452083587646,2.397853106301095,2.349313616589442,2.349313616589442,2393300
2026-05-04,2.4269766807556152,2.4366845782204565,2.3881450908962507,2.3881450908962507,2980700
2026-05-05,2.44639253616333,2.4561004338681633,2.3881451499343314,2.426976740753664,2170400
2026-05-06,2.417268753051758,2.446392445081956,2.4075608557083585,2.446392445081956,6678100
2026-05-07,2.4561004638671875,2.4561004638671875,2.4172688725735627,2.4172688725735627,4448000
2026-05-08,2.465808391571045,2.4755162895120906,2.436684697747908,2.4561004936299993,1656300
2026-05-11,2.5046398639678955,2.5143477614462775,2.4366845816192213,2.465808274054367,3909500
2026-05-12,2.5046398639678955,2.5046398639678955,2.475516171532749,2.5046398639678955,2596400
2026-05-13,2.4852240085601807,2.504639803044672,2.4755161113179347,2.504639803044672,2872600
2026-05-14,2.4366846084594727,2.4755161988007335,2.349313530191636,2.4755161988007335,6144600
2026-05-15,2.465808391571045,2.465808391571045,2.3881452080426797,2.436684697747908,4890500
2026-05-18,2.4075608253479004,2.4463924142318136,2.3784371336849652,2.4463924142318136,2181600
2026-05-19,2.417268753051758,2.417268753051758,2.3784371636781603,2.4075608557083585,2866900
2026-05-20,2.397853136062622,2.4269768302510895,2.397853136062622,2.417268932188267,2162300
2026-05-21,2.397853136062622,2.397853136062622,2.3687294418741547,2.397853136062622,1625600
2026-05-22,2.3104820251464844,2.397853106639801,2.300773895748238,2.397853106639801,3031000
2026-05-25,2.232818603515625,2.33960571203396,2.223110705600735,2.3104820182892896,2050100
2026-05-26,2.2425265312194824,2.2813581233948685,2.2231107351317894,2.232818633175636,1653100
2026-05-27,2.2425265312194824,2.2425265312194824,2.2425265312194824,2.2425265312194824,0
2026-05-28,2.232818603515625,2.2619422972602954,2.1939870118560645,2.242526501430515,2228700
2026-05-29,2.2231106758117676,2.2522343691661897,2.21340277802696,2.2425264713813826,4414500
2026-06-02,2.2231106758117676,2.2231106758117676,2.2231106758117676,2.2231106758117676,0
2026-06-03,2.1745710372924805,2.2716500084622018,2.155155243058536,2.223110522877341,3544300
2026-06-04,2.232818603515625,2.232818603515625,2.164863318111394,2.1842791139411744,20000800
2026-06-05,2.1745710372924805,2.2522342142282574,2.164863140175508,2.2425263171112855,1891400
2026-06-08,2.1551554203033447,2.184279114049459,2.1551554203033447,2.1648633182187162,3108600
2026-06-09,2.1551554203033447,2.1745712161340873,2.145447522387973,2.1551554203033447,1601100
2026-06-10,2.184278964996338,2.203694759502165,2.1357394787317694,2.145447375984683,8254600
2026-06-11,2.1454474925994873,2.2036948792829794,2.1454474925994873,2.1842790837218153,2858800
2026-06-12,2.1454474925994873,2.1939869815023973,2.1357395948189053,2.1551553903800693,5349800
2026-06-15,2.1551554203033447,2.1745712161340873,2.1357396244726017,2.145447522387973,5964000
2026-06-16,2.13573956489563,2.1551553601847644,2.1163237696064954,2.1551553601847644,8729300
2026-06-18,2.13573956489563,2.184279053118466,2.1260316672510626,2.13573956489563,6837900
2026-06-19,2.13573956489563,2.1648632578293316,2.1260316672510626,2.13573956489563,8470000
2026-06-22,2.1745710372924805,2.193986831526425,2.1357394488245918,2.145447345941564,5273500
2026-06-23,2.164863348007202,2.193987042154058,2.164863348007202,2.1745712460561544,1511100
2026-06-24,2.1454474925994873,2.1745711859412333,2.1357395948189053,2.1745711859412333,2452900
2026-06-25,2.1454474925994873,2.1648632881606513,2.1454474925994873,2.1454474925994873,1545500
2026-06-26,2.13573956489563,2.145447462540197,2.1163237696064954,2.145447462540197,1319400
2026-06-29,2.1260316371917725,2.135739534699083,2.116323739684462,2.135739534699083,1238500
2026-06-30,2.1454474925994873,2.1648632881606513,2.1260316970383233,2.1357395948189053,3354500
2026-07-01,2.116323709487915,2.1648631963318863,2.116323709487915,2.1454474015942977,1741200
2026-07-02,2.067784309387207,2.116323798267403,2.067784309387207,2.116323798267403,2710200
2026-07-03,2.1260316371917725,2.1260316371917725,2.0774921496552206,2.0774921496552206,2842400
2026-07-06,2.164863348007202,2.1745712460561544,2.1066159597134906,2.1260317558113946,1807800
2026-07-07,2.13573956489563,2.1648632578293316,2.1260316672510626,2.1648632578293316,2757200
2026-07-08,2.13573956489563,2.1648632578293316,2.1260316672510626,2.13573956489563,7403200
2026-07-09,2.1551554203033447,2.1648633182187162,2.1260317265572306,2.1357396244726017,1947400
2026-07-10,2.1551554203033447,2.1745712161340873,2.145447522387973,2.1551554203033447,1408400
2026-07-13,2.1551554203033447,2.1745712161340873,2.1357396244726017,2.1551554203033447,6830300
2026-07-14,2.1745710372924805,2.2036947286433968,2.155155243058536,2.164863140175508,5989100
2026-07-15,2.1939868927001953,2.2328184822508046,2.184278995312543,2.184278995312543,5991200
2026-07-16,2.1745710372924805,2.2036947286433968,2.1745710372924805,2.2036947286433968,3865100
2026-07-17,2.21340274810791,2.2231106457614938,2.1745711574935753,2.184279055147159,6359800
2026-07-20,2.184278964996338,2.223110554007993,2.174571067743424,2.213402656755079,4663100
2026-07-21,2.184278964996338,2.203694759502165,2.1648631704905106,2.184278964996338,3085800
2026-07-22,2.1745710372924805,2.193986831526425,2.145447345941564,2.1842789344094524,3014100
2026-07-23,2.184278964996338,2.1939868622492518,2.174571067743424,2.174571067743424,7974700
2026-07-24,2.1745710372924805,2.193986831526425,2.1745710372924805,2.1842789344094524,563800
2026-07-27,2.1745710372924805,2.1842789344094524,2.164863140175508,2.1745710372924805,2320900
2026-07-28,2.1939868927001953,2.2036947900878476,2.1551553031495865,2.1745710979248907,12425600
2026-07-29,2.184278964996338,2.203694759502165,2.184278964996338,2.1939868622492518,9610100
2026-07-30,2.184278964996338,2.1939868622492518,2.174571067743424,2.184278964996338,6086500
2026-07-31,2.1551554203033447,2.1939870119648304,2.1551554203033447,2.184279114049459,5632500
2026-08-03,2.1454474925994873,2.1745711859412333,2.1357395948189053,2.1551553903800693,1560600
2026-08-04,2.0969078540802,2.1454473395197717,2.087199956992286,2.1454473395197717,3078000
2026-08-05,2.1260316371917725,2.1454474322063932,2.0969079446698413,2.0969079446698413,1654200
2026-08-06,2.13573956489563,2.145447462540197,2.096907974317361,2.1260316672510626,3811600
2026-08-07,2.0969078540802,2.1357394424318574,2.0677841628164573,2.1357394424318574,6604800
2026-08-10,2.087200164794922,2.106615960903796,2.087200164794922,2.096908062849359,699700
2026-08-11,2.0774922370910645,2.0872001350069533,2.067784339175176,2.0872001350069533,1385500
2026-08-12,2.087200164794922,2.096908062849359,2.0580762391770633,2.0774922667404847,2097000
2026-08-13,2.1260316371917725,2.1454474322063932,2.1066158421771517,2.1066158421771517,12986800
2026-08-14,2.1260316371917725,2.1454474322063932,2.116323739684462,2.135739534699083,1857100
2026-08-17,2.1260316371917725,2.164863227221014,2.1260316371917725,2.135739534699083,5006200
2026-08-18,2.1260316371917725,2.1551553297137036,2.1260316371917725,2.1260316371917725,7292700
2026-08-19,2.1260316371917725,2.1454474322063932,2.116323739684462,2.1260316371917725,1590000
2026-08-20,2.13573956489563,2.1551553601847644,2.1163237696064954,2.13573956489563,3321300
2026-08-21,2.13573956489563,2.13573956489563,2.1260316672510626,2.13573956489563,1840800
2026-08-24,2.13573956489563,2.13573956489563,2.1163237696064954,2.13573956489563,6955600
2026-08-26,2.087200164794922,2.1357396550671077,2.0774922667404847,2.1357396550671077,4573000
2026-08-27,2.0799999237060547,2.130000114440918,2.0799999237060547,2.119999885559082,2215800
2026-08-28,2.059999942779541,2.0999999046325684,2.059999942779541,2.0899999141693115,4875500
2026-08-31,2.059999942779541,2.059999942779541,2.059999942779541,2.059999942779541,0
2026-09-01,2.0799999237060547,2.0999999046325684,2.049999952316284,2.0799999237060547,5729500
2026-09-02,2.0999999046325684,2.109999895095825,2.059999942779541,2.0799999237060547,1990600
2026-09-03,2.0799999237060547,2.119999885559082,2.0799999237060547,2.119999885559082,2229400
