Date,Open,High,Low,Close,Volume
2017-11-30,4.384706835146326,4.423856153326208,3.836618620761373,3.9227468967437744,38194900
2017-12-01,3.9227468967437744,3.9227468967437744,3.9227468967437744,3.9227468967437744,0
2017-12-04,3.9227472204360625,3.9227472204360625,3.781809962043256,3.7974696159362793,23671800
2017-12-05,3.5860635832668777,3.750490112050341,3.5860635832668777,3.7191708087921143,20502700
2017-12-06,3.6173831043812283,3.82095896117556,3.609553464772906,3.81312894821167,9809800
2017-12-07,3.8679378589514983,4.079343352078042,3.84444819377941,4.040194034576416,5880400
2017-12-08,4.087173107170809,4.259429661023569,4.087173107170809,4.141982078552246,14189200
2017-12-11,4.149812365909972,4.243770288755219,4.149812365909972,4.212450981140137,8854800
2017-12-12,4.228110634947678,4.228110634947678,4.196791327332596,4.212450981140137,10799100
2017-12-13,4.212450981140137,4.228110634947678,4.188961313751027,4.212450981140137,6272500
2017-12-14,4.165471105204107,4.220279694819684,4.09500249186349,4.126321792602539,13295600
2017-12-15,4.095001858704563,4.141980802549369,4.087171848052701,4.110661506652832,23425200
2017-12-18,4.110662901692557,4.157641861480658,4.055853928595312,4.1498122215271,5521400
2017-12-19,4.1498122215271,4.157641861480658,4.110662901692557,4.1498122215271,10428400
2017-12-20,4.157642310442059,4.290749564226342,4.134153014689318,4.243770599365234,8383000
2017-12-21,4.243770599365234,4.267259895117976,4.1811319795504245,4.243770599365234,7800300
2017-12-22,4.259429801988927,4.259429801988927,4.220280482084319,4.2515997886657715,3622200
2017-12-25,4.2515997886657715,4.2515997886657715,4.2515997886657715,4.2515997886657715,0
2017-12-26,4.251599918079134,4.306408892942784,4.243770277873239,4.259429931640625,8247300
2017-12-27,4.235939971993526,4.298578582740439,4.235939971993526,4.282918930053711,2795900
2017-12-28,4.290748596191406,4.306408247612137,4.28291858380327,4.290748596191406,5533800
2017-12-29,4.314238617022208,4.697900295257568,4.290748951269469,4.697900295257568,18298600
2018-01-02,4.361217725548184,4.369047365498685,4.290749099215759,4.29857873916626,9040700
2018-01-03,4.32989759053486,4.32989759053486,4.26725861613853,4.306407928466797,8927100
2018-01-04,4.36904698080561,4.400366284561127,4.306408373294577,4.345557689666748,9554600
2018-01-05,4.3533873238408125,4.416025931278651,4.3533873238408125,4.392536640167236,13017200
2018-01-08,4.392536640167236,4.43168558313811,4.376876988307777,4.392536640167236,9821400
2018-01-09,4.400366627126392,4.400366627126392,4.345558027965205,4.384706974029541,10186000
2018-01-10,4.384707296000897,4.416026604494392,4.36904764175415,4.36904764175415,5694800
2018-01-11,4.345557879939425,4.36121753250285,4.306408561853079,4.322068214416504,5714800
2018-01-12,4.345557053301594,4.361216702886146,4.306407742662464,4.329897403717041,4306500
2018-01-15,4.337728023529053,4.353387676657636,4.306408717271886,4.337728023529053,569700
2018-01-16,4.306407928466797,4.314237940274656,4.24376932742598,4.306407928466797,6423000
2018-01-17,4.251598965878326,4.322067578727001,4.251598965878326,4.306407928466797,11142400
2018-01-18,4.306408717271886,4.337728023529053,4.290749064143302,4.337728023529053,13231100
2018-01-19,4.275088627946388,4.337727228987205,4.275088627946388,4.306407928466797,10014400
2018-01-22,4.306407928466797,4.314237940274656,4.290748278206593,4.306407928466797,6756300
2018-01-23,4.282919816740032,4.337728799168386,4.282919816740032,4.314239501953125,6912200
2018-01-24,4.306408717271886,4.337728023529053,4.298578704029803,4.337728023529053,5453900
2018-01-25,4.329899157881848,4.337728799168386,4.3064094873109395,4.314239501953125,4810400
2018-01-26,4.314237940274656,4.314237940274656,4.290748278206593,4.306407928466797,8866900
2018-01-29,4.306407928466797,4.322067578727001,4.290748278206593,4.306407928466797,12332500
2018-01-30,4.275088627946388,4.314237940274656,4.275088627946388,4.306407928466797,4300300
2018-02-02,4.494324195827676,4.5413035248165015,4.32989803778899,4.345557689666748,9679600
2018-02-05,4.275089445959174,4.322068405728929,4.235940126139919,4.29857873916626,6398400
2018-02-06,4.228110777743927,4.282919381243577,4.196791469071095,4.275089740753174,7648200
2018-02-07,4.275088627946388,4.345557240795064,4.26725861613853,4.306407928466797,6175100
2018-02-08,4.290748278206593,4.337727228987205,4.290748278206593,4.306407928466797,2426400
2018-02-09,4.26725861613853,4.314237940274656,4.228109677165776,4.306407928466797,4017400
2018-02-12,4.314239013152969,4.37687762977095,4.314239013152969,4.361217975616455,3329800
2018-02-13,4.384707296000897,4.384707296000897,4.345558347061833,4.36904764175415,4960800
2018-02-14,4.345558384801073,4.384707334080129,4.2281107902526855,4.2281107902526855,4217300
2018-02-15,4.29857873916626,4.322068405728929,4.275089445959174,4.29857873916626,1147900
2018-02-16,4.29857873916626,4.29857873916626,4.29857873916626,4.29857873916626,0
2018-02-19,4.306408717271886,4.376877343028302,4.306408717271886,4.337728023529053,1410000
2018-02-20,4.306408373294577,4.353387328927852,4.306408373294577,4.345557689666748,2187500
2018-02-21,4.306407742662464,4.345557053301594,4.306407742662464,4.329897403717041,5762300
2018-02-22,4.337727228987205,4.345557240795064,4.306407928466797,4.306407928466797,4461700
2018-02-23,4.322068214416504,4.36121753250285,4.314238574812575,4.322068214416504,7501300
2018-02-26,4.306407928466797,4.337727228987205,4.298577916658939,4.306407928466797,5442500
2018-02-27,4.353386691416122,4.376876352470699,4.314237754132488,4.329897403717041,5452700
2018-02-28,4.337728410562957,4.345558424503673,4.188961505889893,4.188961505889893,8284900
2018-03-01,4.196790376645367,4.306407928466797,4.196790376645367,4.306407928466797,3487700
2018-03-02,4.298579472668754,4.3690481110258315,4.298579472668754,4.314239501953125,3871600
2018-03-05,4.322068214416504,4.322068214416504,4.275089256726229,4.322068214416504,4441400
2018-03-06,4.329899157881848,4.329899157881848,4.275090175453494,4.314239501953125,4579700
2018-03-07,4.298578879381293,4.306408892942784,4.204620956776975,4.259429931640625,4185700
2018-03-08,4.23594041823433,4.298579035579992,4.2124511234075115,4.275089740753174,2163900
2018-03-09,4.243769355237517,4.306407956688836,4.212450054511858,4.267258644104004,1493400
2018-03-12,4.329898064520566,4.376877020443875,4.306408399881134,4.353387355804443,5054700
2018-03-13,4.361217681062055,4.416026280223242,4.337728014738989,4.384706974029541,4594900
2018-03-14,4.345557716495002,4.423855976367185,4.345557716495002,4.353387355804443,6032100
2018-03-15,4.384706824670204,4.4081964901931245,4.322068214416504,4.322068214416504,3370300
2018-03-16,4.361217214262468,4.369046853295064,4.290748596191406,4.290748596191406,14236000
2018-03-19,4.322067578727001,4.322067578727001,4.306407928466797,4.306407928466797,4617200
2018-03-20,4.306408708545288,4.384706974029541,4.243770096157886,4.384706974029541,2264700
2018-03-21,4.384706470025337,4.392536482351525,4.36121717975785,4.3768768310546875,4778700
2018-03-22,4.322068361642138,4.384706974029541,4.322068361642138,4.384706974029541,1816900
2018-03-23,4.30640808282966,4.416025638580322,4.30640808282966,4.416025638580322,1556100
2018-03-26,4.384707296000897,4.384707296000897,4.337728333260656,4.36904764175415,1734400
2018-03-27,4.3690468187285,4.3768768310546875,4.36121717975785,4.3768768310546875,2064000
2018-03-28,4.306408561853079,4.369047172106779,4.306408561853079,4.322068214416504,2405400
2018-03-29,4.322067578727001,4.337727228987205,4.306407928466797,4.306407928466797,3732600
2018-03-30,4.275089256726229,4.329898227376,4.275089256726229,4.322068214416504,2841400
2018-04-02,4.306407742662464,4.345557053301594,4.306407742662464,4.329897403717041,655400
2018-04-03,4.306408717271886,4.345558036771135,4.298578704029803,4.337728023529053,856400
2018-04-04,4.329899157881848,4.337728799168386,4.298579472668754,4.314239501953125,1848200
2018-04-05,4.314237940274656,4.322067578727001,4.306407928466797,4.306407928466797,6298500
2018-04-06,4.306407928466797,4.314237940274656,4.26725861613853,4.306407928466797,2284200
2018-04-09,4.290748909289654,4.369047172106779,4.275089256726229,4.322068214416504,1042500
2018-04-10,4.306408477440917,4.541303634643555,4.306408477440917,4.541303634643555,1916400
2018-04-11,4.494324837055131,4.494324837055131,4.361217963780948,4.408196926116943,3173300
2018-04-12,4.337727516134826,4.416025772619012,4.337727516134826,4.3768768310546875,3755600
2018-04-13,4.345557528461013,4.408196133648362,4.345557528461013,4.3768768310546875,4431000
2018-04-16,4.416025638580322,4.416025638580322,4.353387035294229,4.416025638580322,1710500
2018-04-17,4.3142387217715035,4.416026280223242,4.3142387217715035,4.384706974029541,2642100
2018-04-18,4.372888730210176,4.412283897399902,4.357130588193538,4.412283897399902,1231100
2018-04-19,4.420163156260092,4.451679440293368,4.365009471349987,4.412283897399902,2579700
2018-04-20,4.412283837505104,4.435921238061065,4.325613869738228,4.3492512702941895,4871100
2018-04-23,4.357130793946233,4.388647079467773,4.333493391953198,4.388647079467773,2543900
2018-04-24,4.357129949023515,4.42804138984415,4.349250691319175,4.36500883102417,4469600
2018-04-25,4.349250896337708,4.349250896337708,4.325613497814133,4.333492755889893,3606200
2018-04-26,4.341371708099165,4.3965250079289016,4.341371708099165,4.380766868591309,2871500
2018-04-27,4.341371708099165,4.388646126111944,4.301976171903343,4.380766868591309,2277400
2018-04-30,4.3807678202355085,4.41228410575705,4.325614132720933,4.388647079467773,5940400
2018-05-02,4.372888295744441,4.396525318569085,4.309855358236747,4.325613498687744,2804700
2018-05-03,4.333493706961338,4.349251850867591,4.309856303250064,4.341372966766357,3306700
2018-05-04,4.309855358236747,4.333492756765095,4.309855358236747,4.325613498687744,2868900
2018-05-07,4.301977634429932,4.309856518925444,4.278340229535787,4.301977634429932,1819200
2018-05-08,4.2783393845453475,4.309855667710402,4.2783393845453475,4.286218643188477,3981000
2018-05-14,4.199549042654821,4.36500973154436,4.191670159028719,4.294097900390625,4554800
2018-05-15,4.333493706961338,4.3886473984851175,4.301977419148831,4.341372966766357,4701400
2018-05-16,4.357129949023515,4.37288808872851,4.33349255161418,4.36500883102417,1640300
2018-05-17,4.365009306500855,4.388646706484992,4.35713042364196,4.372888565063477,5175100
2018-05-18,4.37288867085015,4.380767553899647,4.317734986688732,4.3492512702941895,4855800
2018-05-21,4.349250589916123,4.380766868591309,4.301976171903343,4.380766868591309,3776000
2018-05-22,4.34137180931852,4.3886462284335055,4.34137180931852,4.36500883102417,2099300
2018-05-23,4.380767177233338,4.380767177233338,4.3177346154420775,4.333492755889893,3654300
2018-05-24,4.294098159343811,4.3728892545788645,4.294098159343811,4.341372966766357,2203000
2018-05-25,4.349250896337708,4.388646435309097,4.333492755889893,4.333492755889893,4888400
2018-05-28,4.372888295744441,4.372888295744441,4.317734616314097,4.325613498687744,1401900
2018-05-30,4.325613498687744,4.325613498687744,4.325613498687744,4.325613498687744,0
2018-05-31,4.262580871582031,4.262580871582031,4.262580871582031,4.262580871582031,0
2018-06-01,4.309856094577471,4.33349349714428,4.17591206571145,4.215307235717773,5542500
2018-06-04,4.191668810993871,4.215305829974308,4.089240726868931,4.136515140533447,3466400
2018-06-05,4.238944482342054,4.317735195159912,4.175911912087768,4.317735195159912,3470200
2018-06-06,4.325613154799915,4.341371669701808,4.191669159466883,4.231064319610596,3873700
2018-06-07,4.215306180412376,4.309855015601695,4.175911020268663,4.231064319610596,3653500
2018-06-08,4.207428025045583,4.294097617746801,4.120758056640625,4.120758056640625,4494500
2018-06-11,4.1365159494935515,4.309855500162693,4.128636691156732,4.238944053649902,5913700
2018-06-12,4.294096596939133,4.294096596939133,4.191668886668645,4.207427024841309,2612500
2018-06-13,4.1837913613668185,4.309856518925444,4.175912476871307,4.301977634429932,9810900
2018-06-14,4.223186699617564,4.341372966766357,4.223186699617564,4.341372966766357,37735000
2018-06-18,4.223186339778483,4.349251480287055,4.183790795517677,4.317735195159912,2076100
2018-06-19,4.317735302676458,4.333493445632426,4.262581614478691,4.294097900390625,4657300
2018-06-20,4.32561418630256,4.32561418630256,4.254702730852589,4.294097900390625,2848000
2018-06-21,4.294097951434188,4.309856094577471,4.136516520001358,4.215307235717773,6689400
2018-06-22,4.2074282945991275,4.2074282945991275,4.112879061325528,4.160153865814209,6017000
2018-06-25,4.1995490925744905,4.246823522004339,4.120758376858075,4.215307235717773,5197100
2018-06-26,4.175911905300055,4.215307073793072,4.1365163611032845,4.168032646179199,4743000
2018-06-27,4.168033120201557,4.183791264531658,4.152274975871456,4.175912380218506,3225500
2018-06-28,4.144395779424883,4.246823522004339,4.144395779424883,4.215307235717773,3026700
2018-06-29,4.175912644846658,4.246824110973884,4.175912644846658,4.199549674987793,6498400
2018-07-02,4.191670790175355,4.207428935504051,4.175912644846658,4.199549674987793,2845200
2018-07-03,4.199547767903152,4.215305906075815,4.191668886668645,4.207427024841309,1266100
2018-07-04,4.1995490925744905,4.215307235717773,4.191670208854733,4.215307235717773,521300
2018-07-05,4.207428351998016,4.215307235717773,4.1995490925744905,4.215307235717773,3244300
2018-07-06,4.1522747120596435,4.215307285375317,4.097121022556542,4.14439582824707,7031900
2018-07-09,4.128637571524407,4.191670524548607,4.128637571524407,4.175912380218506,1125800
2018-07-10,4.17591206571145,4.215307235717773,4.144395779424883,4.215307235717773,1847900
2018-07-11,4.14439520783037,4.238944053649902,4.128636691156732,4.238944053649902,1524900
2018-07-12,4.238944475451885,4.238944475451885,4.160153762762097,4.168032646179199,832100
2018-07-13,4.23106521633103,4.23106521633103,4.14439562022414,4.168032646179199,1625900
2018-07-16,4.168031591596021,4.19166898727417,4.152273453045142,4.19166898727417,1329000
2018-07-17,4.199548766234342,4.199548766234342,4.089241772803138,4.120758056640625,1984100
2018-07-18,4.1207570026452744,4.152273278421619,4.112877745849367,4.136515140533447,2890500
2018-07-19,4.16803172307179,4.16803172307179,4.089241027832031,4.089241027832031,1350800
2018-07-20,4.081363201141357,4.112879490285012,4.057726172135517,4.081363201141357,2385200
2018-07-23,4.057725327106682,4.112878633770398,4.057725327106682,4.065604209899902,3937600
2018-07-24,4.097121542499354,4.207428935504051,4.081363397170657,4.199549674987793,999200
2018-07-25,4.136515140533447,4.168031416309791,4.1207570026452744,4.136515140533447,723800
2018-07-26,4.144394397329354,4.191668810993871,4.1049988647571025,4.136515140533447,1934700
2018-07-27,4.104999914721882,4.136516198559368,4.104999914721882,4.120758056640625,1039500
2018-07-30,4.144394397329354,4.152273278421619,4.112877745849367,4.136515140533447,1528700
2018-07-31,4.1207570026452744,4.191668810993871,4.1207570026452744,4.136515140533447,5000200
2018-08-01,4.136515314494263,4.207427125825049,4.128636057366993,4.19166898727417,1782200
2018-08-02,4.136516894994655,4.175912444276125,4.049846911997702,4.081363201141357,2026100
2018-08-03,4.089242138743969,4.199549142046399,4.07348399541505,4.14439582824707,3340700
2018-08-06,4.175911800526916,4.199548825888925,4.144395516241741,4.183790683746338,2222700
2018-08-07,4.207427024841309,4.207427024841309,4.175910748495982,4.207427024841309,3510300
2018-08-08,4.207428084812092,4.238944369097267,4.175911800526916,4.183790683746338,6598000
2018-08-09,4.168031491557825,4.215305906075815,4.168031491557825,4.207427024841309,3208400
2018-08-10,4.2389435770615425,4.2547017162597625,4.199548041214157,4.231064319610596,8168500
2018-08-13,4.175911362288041,4.23106466614719,4.097120284140047,4.104999542236328,739200
2018-08-14,4.097119607961195,4.175910673105699,4.097119607961195,4.136515140533447,1838600
2018-08-15,4.175912444276125,4.175912444276125,4.081363201141357,4.081363201141357,2770600
2018-08-16,4.081362351190068,4.104999750977178,4.057725327106682,4.065604209899902,776200
2018-08-17,4.065604270899229,4.136516095620778,4.057725387987795,4.128636837005615,2643900
2018-08-20,4.12075789095752,4.128636773748237,4.073483467102051,4.073483467102051,1830700
2018-08-21,4.0892416710409885,4.199548661727165,4.081362412425825,4.128636837005615,3200400
2018-08-23,4.191670790175355,4.199549674987793,4.160154499517962,4.199549674987793,4901700
2018-08-24,4.215305906075815,4.215305906075815,4.144394472150654,4.207427024841309,1388200
2018-08-27,4.2074271545088475,4.2074271545088475,4.0971198081970215,4.0971198081970215,2768000
2018-08-28,4.0971212828642045,4.175912380218506,4.089242398551052,4.175912380218506,1698500
2018-08-29,4.175910748495982,4.207427024841309,4.136515215212498,4.207427024841309,2951700
2018-08-30,4.22318696975708,4.231065854362292,4.144396245185901,4.22318696975708,6792900
2018-09-03,4.191670258233826,4.199549142046399,4.120758425401806,4.14439582824707,888400
2018-09-04,4.14439582824707,4.160153971575989,4.120758425401806,4.14439582824707,3518400
2018-09-05,4.112878695479019,4.128636837005615,4.073483529514392,4.128636837005615,4257900
2018-09-06,4.152274503641242,4.168032646179199,4.097120816906513,4.168032646179199,1572000
2018-09-07,4.112879427194305,4.175912380218506,4.0734842542209515,4.175912380218506,5128900
2018-09-12,4.2862183457100445,4.301976486198901,4.065604003162331,4.104999542236328,3670500
2018-09-13,4.104999914721882,4.168032482396855,4.089241772803138,4.120758056640625,2701900
2018-09-14,4.120758115175987,4.191669942669503,4.120758115175987,4.183790683746338,3627800
2018-09-18,4.144171714782715,4.167943420417878,4.096628681350833,4.144171714782715,1651600
2018-09-19,4.144171781388485,4.239257849780487,4.144171781388485,4.199638843536377,4203200
2018-09-20,4.231333247313411,4.263028596310351,4.191713872148055,4.215485572814941,5104200
2018-09-21,4.278877729030751,4.2868013800611475,4.199639329534318,4.247182369232178,9472500
2018-09-24,4.160019412929938,4.215486474457511,4.152095385066666,4.207562446594238,395100
2018-09-25,4.20756249364982,4.20756249364982,4.175867137519152,4.199638843536377,569000
2018-09-26,4.160019887598835,4.3026490048660815,4.160019887598835,4.223410606384277,1937100
2018-09-27,4.223409229583573,4.239256904113707,4.1996379067075535,4.231333255767822,3670900
2018-09-28,4.231334199667045,4.239257849780487,4.199638843536377,4.199638843536377,18672900
2018-10-01,4.207561895262952,4.231333597899437,4.152094841003418,4.152094841003418,4995600
2018-10-02,4.152095426651408,4.207562488734503,4.152095426651408,4.183791160583496,3296100
2018-10-03,4.207562965151611,4.207562965151611,4.136248216946815,4.167943954467773,2280400
2018-10-04,4.18378966471426,4.19171331198543,4.144170294843467,4.160017967224121,6674900
2018-10-05,4.160017967224121,4.19171331198543,4.128322622462812,4.160017967224121,7283700
2018-10-08,4.160017967224121,4.175865639604775,4.160017967224121,4.160017967224121,699500
2018-10-09,4.167942478818137,4.17586612701416,4.152094426749375,4.17586612701416,914500
2018-10-10,4.239257246886001,4.239257246886001,4.096628164582279,4.152094841003418,5051200
2018-10-11,4.088704137757319,4.175866543639902,3.977770407076646,4.152094841003418,8665900
2018-10-12,4.215485961694187,4.255104962676039,4.104551852132846,4.128323554992676,5963600
2018-10-15,4.104552745819092,4.223410530320407,4.057009707586262,4.104552745819092,1820000
2018-10-16,4.104551324337894,4.152094346105706,4.104551324337894,4.120398998260498,4878100
2018-10-17,4.120400009147552,4.17586707040397,4.120400009147552,4.144171714782715,1578900
2018-10-18,4.12040046642913,4.144172174702474,4.064933776855469,4.064933776855469,6351100
2018-10-19,4.033238030219479,4.1996388386303165,4.017390352172659,4.183791160583496,3072900
2018-10-22,4.136247686958179,4.167943420417878,4.136247686958179,4.144171714782715,891600
2018-10-23,4.1124753502183715,4.16794239786666,4.104551324337894,4.120398998260498,2482400
2018-10-24,4.160017967224121,4.167941992333605,4.136246269733983,4.160017967224121,1315400
2018-10-25,4.104552315880326,4.112476343675022,4.072856960378427,4.096628665924072,2784100
2018-10-26,4.104552745819092,4.104552745819092,4.072857386997206,4.104552745819092,1751500
2018-10-29,4.104552745819092,4.104552745819092,4.072857386997206,4.104552745819092,1043200
2018-10-30,4.09662860280949,4.1203999301504615,4.049085570289113,4.057009220123291,1105400
2018-10-31,4.041162137899415,4.191715285310378,4.041162137899415,4.167943954467773,3474400
2018-11-01,4.167943482536676,4.183791160583496,4.104552392510946,4.183791160583496,619500
2018-11-02,4.191715240478516,4.255105959165463,4.167943909890154,4.191715240478516,1025100
2018-11-05,4.270953200921784,4.270953200921784,4.128324098500401,4.183791160583496,1968400
2018-11-07,4.199637745711867,4.215485419634471,4.1124753502183715,4.120398998260498,4388900
2018-11-08,4.1837900717892635,4.199637745711867,4.1124753502183715,4.120398998260498,3843200
2018-11-09,4.120398597353328,4.167941992333605,4.088703252592019,4.160017967224121,3779600
2018-11-12,4.120399460593506,4.136247136294313,4.041161082089476,4.0887041091918945,1985500
2018-11-13,4.049084654527956,4.120398998260498,4.009465280802272,4.120398998260498,3081900
2018-11-14,4.080779605320848,4.175865639604775,4.064931932940193,4.160017967224121,3926700
2018-11-15,4.160019925627911,4.207562965151611,4.104552857264349,4.167943954467773,6240700
2018-11-16,4.207562965151611,4.215486993991473,4.136248216946815,4.167943954467773,1881200
2018-11-19,4.144172201463305,4.215486948905364,4.144172201463305,4.191715240478516,1714900
2018-11-21,4.120400009147552,4.17586707040397,4.001542614487068,4.144171714782715,8501000
2018-11-22,4.096629095032861,4.14417213326569,4.080781415621918,4.104552745819092,1394300
2018-11-23,4.096629095032861,4.112476774443804,4.072857386997206,4.104552745819092,5414300
2018-11-26,4.0728563966574285,4.088704072214913,3.993618018870006,4.00946569442749,2636700
2018-11-27,4.033237381685873,4.0411610305159575,3.9064555998590276,3.9777703285217285,5004300
2018-11-28,4.025314050178878,4.025314050178878,3.8113702050816056,3.8826849460601807,7881000
2018-11-29,3.922303207496576,3.9619225844766954,3.8192935074573517,3.9381508827209473,8953400
2018-11-30,3.961923435370402,3.961923435370402,3.684588870462166,3.724207878112793,11881500
2018-12-03,3.7955223048155045,3.9143800735473633,3.755902922625408,3.9143800735473633,4662600
2018-12-04,3.9143792596235243,3.9143792596235243,3.803445541531702,3.827216863632202,4038100
2018-12-05,3.819108827285301,3.892085552215576,3.802891820261234,3.892085552215576,8926900
2018-12-06,3.8272173023334397,3.908302727590491,3.7299152559977338,3.786674976348877,5038800
2018-12-07,3.7866749620195357,3.8272172878506807,3.7542409466970357,3.802891969680786,6412300
2018-12-10,3.754240685984224,3.770457692519286,3.6001789305791676,3.632612943649292,3821200
2018-12-11,3.5677449436774555,3.689372686904493,3.5677449436774555,3.6001789569854736,1843900
2018-12-12,3.624504273644519,3.6488299769475017,3.5839619503314646,3.6001789569854736,6266800
2018-12-13,3.6326129569116516,3.6326129569116516,3.583961937128845,3.616395950317383,3033400
2018-12-14,3.632613051978892,3.632613051978892,3.551528016885513,3.5920703411102295,2402900
2018-12-17,3.519094739746885,3.575854082875688,3.4299009891450165,3.4866607189178467,1940800
2018-12-18,3.4461175197193725,3.4461175197193725,3.202862204050638,3.3163814544677734,3628700
2018-12-19,3.3407064762952743,3.5839619636535645,3.324489469580984,3.5839619636535645,2024400
2018-12-20,3.4785517353727835,3.5515284695807705,3.4055750011647965,3.535311460494995,3026200
2018-12-21,3.551528746128773,3.9083033604409074,3.47044369438602,3.8839776515960693,6446600
2018-12-24,3.843434827687131,3.843434827687131,3.6731564169886513,3.754241466522217,735000
2018-12-26,3.6731561989946564,3.7947835727546715,3.6731561989946564,3.7380242347717285,1006600
2018-12-27,3.7947833702636613,3.892085805381169,3.762349354105816,3.875868797302246,769500
2018-12-28,3.8110003783425843,3.900194116098645,3.762349354105816,3.875868797302246,1559000
2018-12-31,3.916411139141448,3.9812791717049874,3.859651803970337,3.859651803970337,2282400
2019-01-02,3.770457813209642,3.8434341516313877,3.6569387638305235,3.6893727779388428,2540500
2019-01-03,3.7299154607389053,3.9001942444952538,3.6893731325289076,3.8191092014312744,1604900
2019-01-04,3.819108827285301,3.892085552215576,3.7947831234272273,3.892085552215576,629900
2019-01-07,3.851543617248535,4.054256439208984,3.851543617248535,4.054256439208984,4165300
2019-01-08,4.054256023558081,4.094798738451256,3.8920859372733516,3.9893879890441895,2142100
2019-01-09,4.078581809997559,4.111015827892077,4.013713387564531,4.078581809997559,6980100
2019-01-10,4.135341373000158,4.175884090896282,3.9569542648740392,4.094799041748047,3672500
2019-01-11,4.111014899172077,4.135340213775635,4.070472192640943,4.135340213775635,5965600
2019-01-14,4.135340213775635,4.159665915023096,4.119123208491962,4.135340213775635,2195600
2019-01-15,4.135341422560622,4.135341422560622,4.062365070774623,4.119124412536621,4231200
2019-01-16,4.0623649896118685,4.13534133993986,4.0623649896118685,4.127233028411865,6824100
2019-01-17,4.135340213775635,4.16777422434298,4.12723190445575,4.135340213775635,4787400
2019-01-18,4.0137137889656795,4.151558572124878,4.0137137889656795,4.1434502601623535,3303600
2019-01-22,4.159666982846059,4.2407520300796655,4.159666982846059,4.192101001739502,4243800
2019-01-23,4.1434497528222005,4.19210077857242,4.135341055208506,4.175883769989014,3956900
2019-01-24,4.175883769989014,4.183992080958725,4.167775072375319,4.175883769989014,2939000
2019-01-25,4.200209140777588,4.208317838490196,4.167775123215135,4.200209140777588,4914400
2019-01-28,4.2164261495588145,4.2164261495588145,4.175883820927742,4.200209140777588,3236400
2019-01-29,4.183992593263039,4.183992593263039,4.078582217886032,4.1434502601623535,3383500
2019-01-30,4.151557922363281,4.167774930394233,4.102906898270427,4.151557922363281,1467700
2019-01-31,4.216426322587582,4.216426322587582,4.167775294247418,4.192101001739502,5075600
2019-02-04,4.1921003811676725,4.1921003811676725,4.127232352983437,4.167774677276611,645100
2019-02-07,4.183992080958725,4.216426098125538,4.151558063791912,4.175883769989014,2421300
2019-02-08,4.20020987431483,4.20020987431483,4.167775851088002,4.183992862701416,3008600
2019-02-11,4.1434502601623535,4.167775582693959,4.127233249593273,4.1434502601623535,3119100
2019-02-12,4.200209345684612,4.200209345684612,4.135341307395121,4.159667015075684,3020200
2019-02-13,4.151557670230552,4.1921003811676725,4.151557670230552,4.167774677276611,2962900
2019-02-14,4.143449611669791,4.1839919384251845,4.13534091433233,4.151557922363281,2979300
2019-02-15,4.183992862701416,4.183992862701416,4.1110165037630795,4.183992862701416,1836300
2019-02-18,4.183992862701416,4.1921015618301505,4.175884550216736,4.183992862701416,2254700
2019-02-19,4.183992862701416,4.216426885928244,4.167775851088002,4.183992862701416,5318500
2019-02-20,4.232642935430245,4.313728361710047,4.224534624788645,4.281294345855713,9209200
2019-02-21,4.224534705272096,4.289402738216593,4.224534705272096,4.273185729980469,7916400
2019-02-22,4.3137278156588765,4.3137278156588765,4.183991382020198,4.248859405517578,1766200
2019-02-25,4.289402431397444,4.289402431397444,4.175883381864544,4.265077114105225,2798500
2019-02-26,4.273185107651055,4.273185107651055,4.208317084153674,4.248859405517578,1675300
2019-02-27,4.167775359339858,4.240752096311859,4.0623649896118685,4.127233028411865,1637500
2019-02-28,4.1839912296266535,4.1839912296266535,4.078580888604732,4.135340213775635,3785600
2019-03-01,4.078582217886032,4.183992593263039,4.078582217886032,4.1434502601623535,2364100
2019-03-04,4.094799228455112,4.192101291869594,4.094799228455112,4.1434502601623535,2205000
2019-03-05,4.143450038111864,4.183992369039857,4.102907320539861,4.127233028411865,1949300
2019-03-06,4.127232995930938,4.175884024648056,4.127232995930938,4.159667015075684,1186200
2019-03-07,4.143449360029496,4.200208691368729,4.143449360029496,4.167774677276611,774900
2019-03-08,4.135340213775635,4.1839912296266535,4.119123208491962,4.135340213775635,3355200
2019-03-11,4.094797893888405,4.16777422434298,4.094797893888405,4.135340213775635,2030800
2019-03-12,4.102907402512619,4.12723311087063,4.0785820807986255,4.119124412536621,1980900
2019-03-13,4.102907320539861,4.13534133993986,4.102907320539861,4.127233028411865,2016000
2019-03-14,4.094798312881171,4.127232326767268,4.094798312881171,4.111015319824219,2476000
2019-03-15,4.119124363170511,4.127233061407341,4.094799041748047,4.094799041748047,16524400
2019-03-18,4.094797893888405,4.1839912296266535,4.094797893888405,4.135340213775635,2457600
2019-03-19,4.127233028411865,4.13534133993986,4.102907320539861,4.127233028411865,1309500
2019-03-20,4.09479872707198,4.183992080958725,4.09479872707198,4.175883769989014,967400
2019-03-21,4.1921014116232005,4.200209723817351,4.09479934542914,4.102907657623291,3415000
2019-03-22,4.086689616087674,4.111015319824219,4.062364298995073,4.111015319824219,1839600
2019-03-25,4.078582334396796,4.111016356461484,4.046147925688068,4.102907657623291,2412900
2019-03-26,4.094799090822627,4.151558432584625,4.054256372440614,4.119124412536621,592400
2019-03-27,4.102907320539861,4.159667047811864,4.102907320539861,4.127233028411865,1586500
2019-03-28,4.10290673203293,4.127232436415738,4.046147012902349,4.070472717285156,2295600
2019-03-29,4.127232436415738,4.135340746780703,4.013712998154575,4.070472717285156,1670900
2019-04-01,4.054256372440614,4.135341422560622,4.054256372440614,4.119124412536621,3080900
2019-04-02,4.175883458537398,4.200208776276251,4.06236440692019,4.070472717285156,3057100
2019-04-03,4.094799041748047,4.143450071236988,4.086690343511217,4.094799041748047,2150300
2019-04-04,4.127233061407341,4.1839924024891,4.094799041748047,4.094799041748047,4016100
2019-04-05,4.1272327442387935,4.175883769989014,4.1272327442387935,4.175883769989014,932100
2019-04-08,4.167775294247418,4.192101001739502,4.1353412753539756,4.192101001739502,1823000
2019-04-09,4.19210077857242,4.200209089542132,4.167775072375319,4.175883769989014,1587400
2019-04-10,4.151557670230552,4.1758833741216135,4.143449360029496,4.167774677276611,1134400
2019-04-11,4.151558382829806,4.151558382829806,4.078582031918399,4.094799041748047,957600
2019-04-12,4.12723190445575,4.16777422434298,4.094797893888405,4.135340213775635,585600
2019-04-15,4.135340213775635,4.175882920306769,4.12723190445575,4.135340213775635,788300
2019-04-16,4.135341307395121,4.175884024648056,4.111015986358565,4.159667015075684,6503200
2019-04-17,4.1434502601623535,4.1434502601623535,4.135341561555798,4.1434502601623535,1737900
2019-04-18,4.175882920306769,4.175882920306769,4.078580888604732,4.135340213775635,5296900
2019-04-19,4.12723190445575,4.143448909739424,4.12723190445575,4.135340213775635,372500
2019-04-22,4.135341679687977,4.159667389558513,4.086690646590948,4.102907657623291,2432700
2019-04-23,4.127232663018306,4.127232663018306,4.070472940771375,4.0866899490356445,1164600
2019-04-24,4.151558349639859,4.151558349639859,4.094799009011867,4.127233028411865,2180000
2019-04-25,4.127233028411865,4.175884057511863,4.102907320539861,4.127233028411865,3858400
2019-04-26,4.175883627731694,4.175883627731694,4.102906898270427,4.151557922363281,658600
2019-04-29,4.135341055208506,4.175883769989014,4.09479872707198,4.175883769989014,425800
2019-04-30,4.119124816247759,4.183992862701416,4.119124816247759,4.183992862701416,3329500
2019-05-02,4.135341422560622,4.159667130918634,4.119124412536621,4.119124412536621,403800
2019-05-03,4.111016100846629,4.151558432584625,4.102907402512619,4.119124412536621,1433900
2019-05-06,4.119123656138434,4.1758833741216135,4.102906649092375,4.167774677276611,807200
2019-05-07,4.12723190445575,4.159665915023096,4.119123208491962,4.135340213775635,877800
2019-05-08,4.119123629973771,4.119123629973771,4.062364298995073,4.111015319824219,1977900
2019-05-09,4.108574705374236,4.108574705374236,4.027216483133357,4.059759616851807,3179800
2019-05-10,4.027215957641602,4.051623498717995,3.9946728281695454,4.027215957641602,2662600
2019-05-13,3.986537424913645,4.0272161446705335,3.937722728438546,3.994673013687134,3408900
2019-05-14,3.9377233631586974,3.9377233631586974,3.7912788621833435,3.8075504302978516,13828700
2019-05-15,3.840093382923522,3.9702663095605133,3.677377709558242,3.8156862258911133,4146000
2019-05-16,3.7506003269008716,3.8075506242299366,3.7180571890143184,3.775007486343384,6186800
2019-05-17,3.775007294068836,3.8726370907006666,3.775007294068836,3.8075504302978516,3474100
2019-05-21,3.7912788621833435,3.897044248900036,3.775007294068836,3.8075504302978516,3126800
2019-05-23,3.8075501676849806,3.8482292791379384,3.734328310192318,3.791278600692749,3415200
2019-05-24,3.726192459712031,3.799414707644857,3.6041555091389106,3.685513734817505,3097100
2019-05-27,3.701785507894664,3.9051803074944855,3.636698846149095,3.831958055496216,2202900
2019-05-28,3.8400936457489165,3.9377234443948734,3.831958055496216,3.831958055496216,37809900
2019-05-29,3.823822170544802,3.856365308238773,3.7506003047057686,3.7587358951568604,2391300
2019-05-30,3.677377748164011,3.89704410348562,3.677377748164011,3.709920883178711,1788800
2019-05-31,3.7750070337005175,3.8482292791379384,3.734328310192318,3.791278600692749,7878000
2019-06-03,3.7505998771845497,3.8563648686616747,3.7505998771845497,3.791278600692749,2385600
2019-06-04,3.856364768503648,3.945858578608955,3.718056646634217,3.7261922359466553,1458400
2019-06-05,3.7261922359466553,3.7261922359466553,3.7261922359466553,3.7261922359466553,0
2019-06-06,3.7261922359466553,3.7261922359466553,3.7261922359466553,3.7261922359466553,0
2019-06-07,3.7261922359466553,3.750599779773465,3.6611059696681587,3.7261922359466553,8145000
2019-06-10,3.7261922359466553,3.750599779773465,3.685513513494969,3.7261922359466553,17511300
2019-06-11,3.7261922681547324,3.7261922681547324,3.7017851120617022,3.7180566787719727,15412400
2019-06-12,3.7099204379718533,3.71805641472156,3.677377306862473,3.70178484916687,15745200
2019-06-13,3.677378072683725,3.7831434647874245,3.6041558184665785,3.775007486343384,2321500
2019-06-14,3.766871736612268,3.799414873123169,3.6773779172348964,3.799414873123169,2596200
2019-06-17,3.766871895844148,3.7994150337307007,3.7261927795135543,3.775007486343384,1746800
2019-06-18,3.742463259125454,3.9214508533477783,3.742463259125454,3.9214508533477783,3309600
2019-06-19,3.9214517769281882,4.067895889282227,3.8889086408495133,4.067895889282227,1770900
2019-06-20,4.002809355048377,4.092303167377685,3.856364864337737,3.8889083862304688,2092300
2019-06-21,3.8726370283825107,4.067895842614513,3.8726370283825107,4.03535270690918,9910000
2019-06-24,4.051625097152906,4.051625097152906,3.929588119514684,3.9621312618255615,1561700
2019-06-25,3.9702660717106935,4.0272163600043935,3.94585852819572,3.9784016609191895,1724300
2019-06-26,3.962129836936136,3.9784014022398786,3.937722682952881,3.937722682952881,1486300
2019-06-27,3.93772413335375,3.9621312963270126,3.9051809907594928,3.953995704650879,2571400
2019-06-28,3.9458593137962557,4.002810001373291,3.872637444562719,4.002810001373291,3421100
2019-07-01,3.9702668406735486,4.035353118726424,3.913316153404874,3.9865384101867676,921500
2019-07-02,4.019080509471594,4.059759228758591,3.913315141024908,3.937722682952881,2655100
2019-07-03,3.978402832981001,3.978402832981001,3.929588119514684,3.9621312618255615,1949900
2019-07-04,3.9702669600121276,4.0353532400213705,3.9295878410339355,3.9295878410339355,2338300
2019-07-05,3.9214525279093926,3.97026724137571,3.9214525279093926,3.9621312618255615,3031200
2019-07-08,3.953995411237709,3.962131002310127,3.9377238411480406,3.945859432220459,724000
2019-07-09,3.96213086194453,3.9946740009709676,3.9458592924313116,3.9865384101867676,1023300
2019-07-10,3.9621301265256235,3.9946732595116647,3.953994537251486,3.970266103744507,2243600
2019-07-11,3.945859725029884,3.9621312963270126,3.93772413335375,3.953995704650879,3147800
2019-07-12,3.9702669600121276,3.978402551040868,3.9051806800028843,3.9295878410339355,2850800
2019-07-15,3.9377238411480406,3.970266981327377,3.8645015817721173,3.945859432220459,1121700
2019-07-16,3.953995390009817,3.962130981038557,3.9051806800028843,3.9295878410339355,1521300
2019-07-17,3.921451034205624,3.945858187669525,3.8889079042906154,3.9133150577545166,1840900
2019-07-18,3.905179520018591,3.905179520018591,3.80754974105959,3.8238213062286377,758700
2019-07-19,3.945858987422223,3.945858987422223,3.799414873123169,3.799414873123169,1733900
2019-07-22,3.791278600692749,3.8075501676849806,3.7505998771845497,3.791278600692749,1971900
2019-07-23,3.823821730389763,3.953994654126417,3.7994145739011618,3.8889083862304688,2218600
2019-07-24,3.8482292748231224,3.93772308715243,3.823821730389763,3.8889083862304688,1452300
2019-07-25,3.8319570562366163,3.9295864414789614,3.8319570562366163,3.9214508533477783,896300
2019-07-26,3.888907739748407,3.9458580207177136,3.8238210947275384,3.840092658996582,3220800
2019-07-29,3.823821941895711,3.9133157591751635,3.8156863519310944,3.8726370334625244,1191800
2019-07-31,3.8889086211704775,3.8889086211704775,3.693649417741713,3.7506000995635986,3743800
2019-08-01,3.742464381565457,3.7668719291687016,3.685514083732567,3.766871929168701,1664700
2019-08-02,3.742464018193411,3.742464018193411,3.6936493156713612,3.709920883178711,2498900
2019-08-05,3.693648894216283,3.7099204598670044,3.5960195003119546,3.620426654815674,3176800
2019-08-06,3.5878835296428466,3.6204266609998776,3.4333034617245857,3.5960195064544678,3804200
2019-08-07,3.579748218348739,3.701785164372683,3.579748218348739,3.6529700756073,2211100
2019-08-08,3.6529696779812797,3.856364436566733,3.6529696779812797,3.8238213062286377,1727200
2019-08-09,3.7343286001013674,3.8075504632785,3.7343286001013674,3.799414873123169,1619100
2019-08-13,3.742464542388916,3.87263748862541,3.734328951468099,3.742464542388916,4299700
2019-08-14,3.7506001683568178,3.8238220315339504,3.7506001683568178,3.799414873123169,1692500
2019-08-15,3.685513148349457,3.9133150577545166,3.669241583391953,3.9133150577545166,2082600
2019-08-16,3.80754974105959,3.8400928713976854,3.7505994569402805,3.8238213062286377,2507700
2019-08-19,3.799414918595828,3.8563652141991107,3.799414918595828,3.831958055496216,1395700
2019-08-20,3.831957070834407,3.848228635103451,3.7668708137582314,3.840092658996582,4394000
2019-08-21,3.8400936457489165,3.8563652141991107,3.7750073719481407,3.831958055496216,4259400
2019-08-22,3.7912779661894507,3.840092658996582,3.7912779661894507,3.840092658996582,2901600
2019-08-23,3.8238210801607417,3.937722417554836,3.7994139278225014,3.9214508533477783,1950100
2019-08-26,3.8400928214733927,3.9133150577545166,3.807549691558384,3.9133150577545166,1651700
2019-08-27,3.856364386430897,4.010944447499543,3.856364386430897,3.9133150577545166,10726800
2019-08-28,3.897045011138498,3.9784028676241414,3.831958725949983,3.953995704650879,1675700
2019-08-29,3.953994537251486,4.019080803223569,3.872636704786383,3.970266103744507,2263000
2019-08-30,4.027217226168372,4.067896344794245,3.9051806461804057,4.051624774932861,4207900
2019-09-03,4.0678956229443255,4.0678956229443255,3.856364864337737,3.8889083862304688,1082000
2019-09-04,3.9214522710583726,3.9865385514170453,3.8319584415927808,3.945859432220459,2158500
2019-09-05,3.9458580056860186,3.9539939817618937,3.864500184650731,3.9214508533477783,2514500
2019-09-06,3.9539956702202708,3.97026724137571,3.7912795707210227,3.9621312618255615,2916600
2019-09-10,3.8726366735402853,3.986537638072428,3.8400931528720728,3.9784016609191895,3493200
2019-09-11,4.019080820546187,4.019080820546187,3.9458585770396257,4.010944843292236,4036400
2019-09-12,3.945859432220459,4.002810121506713,3.9214522710583726,3.945859432220459,2109400
2019-09-13,3.921452562056621,3.9621312963270126,3.8726378481652355,3.953995704650879,1294200
2019-09-17,3.8889082712794036,3.970266103744507,3.8482291610744785,3.970266103744507,3443500
2019-09-18,4.0109455704841865,4.0109455704841865,3.897044583891655,3.9865384101867676,1195400
2019-09-19,4.002808944167851,4.002808944167851,3.905179552345396,3.937722682952881,1290900
2019-09-20,3.9295869618339854,3.986537638072428,3.905179806263755,3.9784016609191895,16011500
2019-09-23,3.962130160835649,3.962130160835649,3.8563647837427673,3.8645007610321045,1192700
2019-09-24,3.864501444865218,3.9865384101867676,3.864501444865218,3.9865384101867676,1692900
2019-09-25,3.9295878621307905,3.970266981327377,3.905180700968704,3.945859432220459,1302300
2019-09-26,3.921451404265445,3.9865376702375275,3.921451404265445,3.970266103744507,850600
2019-09-27,4.010945214307014,4.010945214307014,3.872637079699007,3.9051802158355713,3120800
2019-09-30,3.929586759036984,3.9377227357703437,3.8075498236496497,3.848228931427002,3208300
2019-10-01,3.8645015610246927,3.978402551040868,3.8563655820511222,3.9295878410339355,1476300
2019-10-02,3.888908304955365,3.937723004857138,3.8645007610321045,3.8645007610321045,832200
2019-10-03,3.8238213062286377,3.880771978292662,3.7994141524474236,3.8238213062286377,2214000
2019-10-04,3.831957365905006,3.897043627992991,3.831957365905006,3.848228931427002,2344700
2019-10-07,3.8726363896804954,3.880771978292662,3.80754974105959,3.8238213062286377,758200
2019-10-08,3.856364436566733,3.9377226503566862,3.80754974105959,3.8238213062286377,2166600
2019-10-09,3.81568641825029,3.823822008356308,3.766871713779823,3.7831432819366455,882400
2019-10-10,3.799415230613934,3.8238223913212095,3.701785811895182,3.742464542388916,1645100
2019-10-11,3.7424643263098747,3.7750074640038456,3.7261927574628895,3.7587358951568604,2158800
2019-10-14,3.783143261351063,3.937723351972136,3.783143261351063,3.9051802158355713,1163100
2019-10-15,3.905180700968704,3.970266981327377,3.905180700968704,3.945859432220459,1200500
2019-10-16,3.872637079699007,3.9214517839038536,3.856365123685941,3.9051802158355713,1704000
2019-10-17,3.8645018348929274,3.97026724137571,3.8645018348929274,3.9621312618255615,1334300
2019-10-18,3.9621297526270296,3.9621297526270296,3.8970434927970126,3.9133150577545166,1312300
2019-10-21,3.9295864414789614,3.937722417554836,3.864500184650731,3.9214508533477783,917800
2019-10-22,3.8807723276660284,3.9214514382232135,3.823821650474919,3.8645007610321045,3227100
2019-10-23,3.8238219875493766,3.9133158058973208,3.791278851412812,3.9051802158355713,4575800
2019-10-24,3.840092658996582,3.9051793040174507,3.8238210947275384,3.840092658996582,1975300
2019-10-25,3.864501101692474,3.937723351972136,3.8238219875493766,3.9051802158355713,2627900
2019-10-29,3.8482289242618366,3.994673013687134,3.8482289242618366,3.994673013687134,4129900
2019-10-30,3.9865371101760085,3.9865371101760085,3.8726361607266058,3.9214508533477783,2528400
2019-10-31,3.8726364664717474,4.019080555897045,3.8726364664717474,3.994673013687134,4178800
2019-11-01,3.978401448195434,4.051623686880443,3.9458583172120347,3.994673013687134,1454400
2019-11-04,4.019081185164214,4.1085750033529616,3.9865380490855387,4.067895889282227,7715400
2019-11-05,4.09230375289917,4.100439343577815,4.059760226350153,4.09230375289917,6340500
2019-11-06,4.092303138515011,4.092303138515011,3.9946733494149065,4.059759616851807,3341100
2019-11-07,3.9946733253812976,4.043488025665283,3.9946733253812976,4.043488025665283,4659400
2019-11-08,4.0109449162741315,4.067895594253796,4.0109449162741315,4.059759616851807,4424400
2019-11-11,4.051624774932861,4.067896344794245,4.043488796029756,4.051624774932861,7677000
2019-11-12,4.0678958695069865,4.214339981149117,4.059759891554478,4.189932823181152,14219300
2019-11-13,4.189932983246539,4.189932983246539,4.084167593492121,4.165525436401367,23416600
2019-11-14,4.149252414703369,4.157388390117379,4.132980851820009,4.149252414703369,7109400
2019-11-15,4.149254614754487,4.165526186265491,4.141119022971419,4.157390594482422,7910200
2019-11-18,4.181796821957082,4.189932799864315,4.14925368621771,4.173661231994629,3420300
2019-11-19,4.1899325281303135,4.1899325281303135,4.157389394501495,4.181796550750732,7115300
2019-11-20,4.1899325281303135,4.206204094944723,4.173660961315904,4.181796550750732,5908100
2019-11-21,4.1817977577764935,4.1817977577764935,4.1004399002214775,4.157390594482422,6078200
2019-11-22,4.157389394501495,4.181796550750732,4.1411178276870855,4.181796550750732,3681300
2019-11-25,4.165523977586729,4.181795540470088,4.141116827234019,4.149252414703369,892000
2019-11-26,4.092303458506922,4.189932867296266,4.08416748046875,4.08416748046875,10004500
2019-11-27,4.092302138583939,4.157388390117379,4.092302138583939,4.149252414703369,2419100
2019-11-28,4.108575344085693,4.157390052252012,4.108575344085693,4.108575344085693,2016100
2019-11-29,4.108575463420118,4.124847033281502,3.9865384954873253,4.051624774932861,3707100
2019-12-02,4.0516244563284225,4.181797004983217,4.0516244563284225,4.165525436401367,4028800
2019-12-03,4.181797004983217,4.181797004983217,4.149253867819518,4.165525436401367,4080000
2019-12-04,4.084167345478304,4.181796751040788,4.035352642697061,4.124846458435059,2966200
2019-12-05,4.124846551340206,4.189932823181152,4.124846551340206,4.189932823181152,9590600
2019-12-06,4.149253667772607,4.311969733690907,4.149253667772607,4.295698165893555,7031800
2019-12-09,4.303834731039771,4.328242282238775,4.27129158807101,4.3119707107543945,7776700
2019-12-10,4.311969733690907,4.3282413014882595,4.295698165893555,4.295698165893555,5448100
2019-12-11,4.263155608356387,4.320106302524152,4.230612465387626,4.3119707107543945,13850600
2019-12-12,4.27129158807101,4.328242282238775,4.27129158807101,4.3119707107543945,11490300
2019-12-13,4.328241553459956,4.434006556327543,4.328241553459956,4.336377143859863,5278000
2019-12-16,4.27129086888141,4.36892028134909,4.27129086888141,4.336377143859863,2785200
2019-12-17,4.393326888502864,4.393326888502864,4.181796152134285,4.35264778137207,3533300
2019-12-18,4.393328353074051,4.393328353074051,4.3445136410109315,4.368920803070068,7973700
2019-12-19,4.287561520318574,4.368919346635445,4.287561520318574,4.35264778137207,2135200
2019-12-20,4.311969062185994,4.393326888502864,4.271289955055201,4.35264778137207,5762800
2019-12-23,4.393327418167203,4.425870552617387,4.377055850942111,4.385191440582275,2187400
2019-12-24,4.409599923761758,4.409599923761758,4.328242070323226,4.368920803070068,763900
2019-12-26,4.393327418167203,4.393327418167203,4.377055850942111,4.385191440582275,1116900
2019-12-27,4.368919765064772,4.458413576556876,4.3445126088044965,4.442142009735107,4219300
2019-12-30,4.466549757119199,4.580451127890566,4.425871028653544,4.523500442504883,10275700
2019-12-31,4.45027826021775,4.474685808048276,4.401463552501511,4.434006690979004,4197400
2020-01-02,4.434006553140617,4.490957237678231,4.434006553140617,4.4746856689453125,6506000
2020-01-03,4.490957237678231,4.490957237678231,4.450278121873535,4.4746856689453125,5516400
2020-01-06,4.466549553130299,4.466549553130299,4.352648575505635,4.377056121826172,1717800
2020-01-07,4.393328273030944,4.466550145819153,4.368920723471648,4.458414554595947,6384900
2020-01-08,4.442141688558475,4.442141688558475,4.360783860331982,4.417734146118164,4548100
2020-01-09,4.393327961854543,4.45841423880953,4.393327961854543,4.434006690979004,2520100
2020-01-10,4.401463552501511,4.434006690979004,4.368920414024017,4.434006690979004,1332200
2020-01-13,4.434007421781982,4.434007421781982,4.393328685952945,4.409600257873535,1254400
2020-01-14,4.368921016977294,4.401464159946055,4.246884036872006,4.3119707107543945,3195200
2020-01-15,4.328242282238775,4.360785425207537,4.255020016586629,4.3119707107543945,3997100
2020-01-16,4.27129158807101,4.352649445492913,4.27129158807101,4.3119707107543945,4228700
2020-01-17,4.287562415353167,4.336377121333427,4.287562415353167,4.32010555267334,7610300
2020-01-20,4.311969733690907,4.3282413014882595,4.2875621880224895,4.295698165893555,2902300
2020-01-21,4.336377874008533,4.352649445492913,4.303834731039771,4.3119707107543945,7298800
2020-01-22,4.295698393655609,4.352648689993513,4.295698393655609,4.32010555267334,7238300
2020-01-23,4.311969462008102,4.311969462008102,4.295697895235967,4.303833484649658,4016900
2020-01-24,4.295698165893555,4.303833755819842,4.279426598096203,4.295698165893555,231400
2020-01-28,4.1736609728111365,4.1736609728111365,4.0109449162741315,4.059759616851807,14528900
2020-01-29,4.059759616851807,4.1167102948314716,4.051624027394571,4.059759616851807,9704300
2020-01-30,4.027216775211491,4.076031867274287,3.9377233449675257,4.067895889282227,6955500
2020-01-31,4.010945097334055,4.189932728810048,4.010945097334055,4.124846458435059,17342700
2020-02-03,4.027216483133357,4.124846272233461,3.9377230593799966,4.059759616851807,6475800
2020-02-04,4.084168020021969,4.149254301146648,4.076032428853803,4.1329827308654785,6242600
2020-02-05,4.149252414703369,4.157388390117379,4.05162303740321,4.149252414703369,6988800
2020-02-06,4.1655253230944504,4.222476005554199,4.1655253230944504,4.222476005554199,6247300
2020-02-07,4.230611348308899,4.246882915496826,4.198068213933042,4.246882915496826,3382600
2020-02-10,4.238748030994266,4.246883621969211,4.189933321310118,4.206204891204834,4559200
2020-02-11,4.206203987109063,4.279426229869062,4.206203987109063,4.2387471199035645,2441200
2020-02-12,4.230611142732568,4.2387471199035645,4.214339576335317,4.2387471199035645,4620600
2020-02-13,4.238747325875243,4.246882915496826,4.222475758687316,4.246882915496826,761600
2020-02-14,4.246882806974808,4.303833484649658,4.246882806974808,4.303833484649658,3149000
2020-02-17,4.230611142732568,4.279426229869062,4.124846155122811,4.2387471199035645,2280500
2020-02-18,4.238747573693444,4.238747573693444,4.189932869275711,4.222476005554199,4160300
2020-02-19,4.222475863997542,4.222475863997542,4.108574890841311,4.124846458435059,2490500
2020-02-20,4.141119022971419,4.214340900798501,4.076032736927406,4.157390594482422,2278200
2020-02-21,4.157390052252012,4.206204760418331,4.067896226641354,4.108575344085693,2547300
2020-02-24,3.823822327109762,4.019081549213205,3.823822327109762,3.9865384101867676,4518300
2020-02-25,3.953994867645845,4.076031820513236,3.9133157540417884,4.03535270690918,2434600
2020-02-26,3.9214517991531763,4.1004390486003075,3.8889086628900618,4.08416748046875,3888100
2020-02-27,4.084167457321564,4.1004390253609015,4.002809617124876,4.067895889282227,2693900
2020-02-28,3.978402025452456,4.05975986471579,3.953994867645845,4.03535270690918,10299800
2020-03-02,3.9051796047263507,4.027216152168962,3.831957365905006,3.848228931427002,9238500
2020-03-03,3.9051802158355713,3.945858942033885,3.856365123685941,3.9051802158355713,4231700
2020-03-04,3.897044701029314,3.937723820007506,3.8645015610246927,3.9295878410339355,3966700
2020-03-05,3.8889079870416534,3.970265813560366,3.8889079870416534,3.937722682952881,5215900
2020-03-06,3.8645018348929274,3.97026724137571,3.8645018348929274,3.9621312618255615,2104600
2020-03-09,3.840093731543352,3.905180394743071,3.465847648827576,3.5797486305236816,13366100
2020-03-10,3.5797479346612335,3.86450052752122,3.498390106407627,3.620426654815674,12452600
2020-03-11,3.6366987359198273,3.8400935293547005,3.6366987359198273,3.7506000995635986,6912700
2020-03-12,3.7424636501785216,3.7424636501785216,3.5472048592910816,3.6285626888275146,8106800
2020-03-13,3.3682175978483198,3.51466209424049,3.2380450570061887,3.2624526023864746,18318600
2020-03-16,3.1810945156078803,3.441439786781266,3.107872268672715,3.417032241821289,9268200
2020-03-17,3.2543169811805206,3.490254931280523,3.1648233495459155,3.3844895362854004,8023700
2020-03-18,3.3844897251431405,3.6936499487134795,3.262453141894966,3.311267852783203,15759300
2020-03-19,3.3031306867122328,3.587883258542741,3.3031306867122328,3.4577107429504395,9129900
2020-03-20,3.4983910607821653,3.945859432220459,3.4983910607821653,3.945859432220459,15056200
2020-03-23,3.5797488445243295,3.8482299399733098,3.368218049355542,3.742464542388916,8226500
2020-03-24,3.6855138729957115,3.8075504401994857,3.5716125079531698,3.7831432819366455,3898500
2020-03-25,3.80754974105959,3.8645004131236145,3.718056326602185,3.8238213062286377,6660700
2020-03-26,3.831957282785519,3.8645004131236145,3.7017847614331374,3.8238213062286377,4127300
2020-03-27,3.8238213062286377,3.8645004131236145,3.7587350455524473,3.8238213062286377,5482300
2020-03-30,3.7180570093093563,3.84009357651313,3.7180570093093563,3.7831432819366455,3803000
2020-03-31,3.783143189256398,4.271290609947113,3.742464075888515,4.019081115722656,8928600
2020-04-01,3.9458585361628744,3.97026607972713,3.8563647270202632,3.8563647270202637,7966500
2020-04-02,3.823821650474919,3.9784017274695733,3.799414494496408,3.8645007610321045,7465800
2020-04-03,3.8563648081409467,3.880772352218628,3.742463840982857,3.880772352218628,7289700
2020-04-06,3.945858963504868,3.945858963504868,3.7424641675721966,3.7831432819366455,4948500
2020-04-07,3.791279159087401,4.108575344085693,3.7261928815323095,4.108575344085693,7444300
2020-04-08,4.059759870041267,4.059759870041267,3.8400935097697224,3.8726370334625244,6611700
2020-04-09,3.897043439753378,4.027215957641602,3.864500310281322,4.027215957641602,2184900
2020-04-10,3.978401758619969,4.059759592426611,3.905179902166367,4.043488025665283,762900
2020-04-13,4.0272175815155276,4.035353561136522,3.921452562056621,3.953995704650879,1510800
2020-04-14,3.9458583172120347,4.019080555897045,3.9051795974551466,3.994673013687134,1459700
2020-04-15,4.027217161802863,4.035353140575935,3.9621308833975775,4.002810001373291,4000900
2020-04-16,3.937722728438546,4.124845925565453,3.937722728438546,3.994673013687134,4407700
2020-04-17,3.99467443892127,4.059760724109784,3.93772413335375,3.953995704650879,1775700
2020-04-20,3.9946732595116647,4.019080803223569,3.9621301265256235,3.970266103744507,2091400
2020-04-21,3.9784017526398476,3.9865377299806584,3.872636762822569,3.880772352218628,3389600
2020-04-22,3.823821650474919,3.8807723276660284,3.750599794594635,3.8645007610321045,3324700
2020-04-23,3.880772352218628,3.9133154856923675,3.823821674667207,3.880772352218628,1759300
2020-04-24,3.831958055496216,3.8889087390442914,3.799414918595828,3.831958055496216,2253700
2020-04-27,3.8319579655559095,3.945858942033885,3.8319579655559095,3.9051802158355713,1212300
2020-04-28,3.9458586191661076,3.9458586191661076,3.864500785481758,3.880772352218628,2931600
2020-04-29,3.9051806800028843,3.9458594110362464,3.897044701029314,3.9295878410339355,1940100
2020-04-30,3.9051794160937443,4.124845734002474,3.9051794160937443,4.027215957641602,4417900
2020-05-04,3.897044191301152,3.9377233049585705,3.8400935097697224,3.8726370334625244,3922200
2020-05-05,3.8726368192564817,3.9133155427190705,3.8726368192564817,3.8889083862304688,1795100
2020-05-06,3.848229478320411,3.92958731749261,3.848229478320411,3.8970441818237305,5665400
2020-05-08,3.929655193751409,3.954113409992668,3.8481267695969796,3.8888909816741943,2820300
2020-05-12,3.8644323348999023,3.9541133672464697,3.848126727996557,3.8644323348999023,2053600
2020-05-13,3.8481266139992103,3.913349428436758,3.8155154011585974,3.8562796115875244,2798900
2020-05-14,3.8318213212832184,3.8725855350494385,3.7176820669966983,3.8725855350494385,4695100
2020-05-15,3.831821741996901,3.831821741996901,3.7421410838749236,3.75844669342041,3185200
2020-05-18,3.7502929336216075,3.8318209648132324,3.7421403248806038,3.8318209648132324,3514200
2020-05-19,3.8481261864367906,4.035640833813863,3.839973578510629,3.929654598236084,4120400
2020-05-20,3.9459613021045183,4.035641958056794,3.9378083031508275,4.011183738708496,2840600
2020-05-21,4.01118467028063,4.068254121184934,4.01118467028063,4.060101509094238,6280000
2020-05-22,4.068253176358783,4.1090173936144625,4.011183738708496,4.011183738708496,2409500
2020-05-27,4.011184037420754,4.125323309977648,4.011184037420754,4.076406478881836,2534300
2020-05-28,4.076405013471363,4.092710617974998,3.994876990953191,4.084558010101318,1969900
2020-05-29,3.9948782795060795,4.100864937343968,3.9948782795060795,4.043795108795166,7452300
2020-06-02,4.043795108795166,4.043795108795166,4.043795108795166,4.043795108795166,0
2020-06-03,4.035641995582767,4.051947604885382,3.9785725574018125,4.003030776977539,2394500
2020-06-04,4.0274902832185,4.125323960845716,4.0274902832185,4.060101509094238,3008400
2020-06-05,4.076406328321224,4.141628767373339,4.003030890009393,4.043795108795166,2144800
2020-06-09,4.149780824576244,4.190544645351673,4.027488584737332,4.035641193389893,3617500
2020-06-10,4.076406201953498,4.109017420468614,3.9948781556657056,4.051947593688965,1864500
2020-06-11,4.068253329061508,4.1579343771363675,4.011183889269108,4.043795108795166,2498300
2020-06-12,4.0601007185581945,4.12532315761031,4.003030890009393,4.043795108795166,2095200
2020-06-15,4.043794351205654,4.133475382479113,4.003030140056901,4.019335746765137,2102200
2020-06-16,4.084559200960472,4.092711811211056,4.027489374180822,4.051947593688965,2047900
2020-06-17,4.117170699173221,4.117170699173221,4.027489647786024,4.076406478881836,2954700
2020-06-18,4.076405402921635,4.109016615044503,4.027488584737332,4.035641193389893,1008600
2020-06-19,4.019336757101286,4.141629032531687,3.962267313655145,4.117170810699463,12999100
2020-06-22,4.0274902832185,4.076407122032108,4.0274902832185,4.060101509094238,565900
2020-06-23,4.0356413534733715,4.068252566889843,3.9459607109562422,4.019335746765137,1147000
2020-06-24,4.043794190798766,4.092711008983069,3.9948773726144644,4.035641193389893,2861700
2020-06-25,3.962267072455008,4.0274895117124725,3.9296558528262757,3.9948782920837402,2071200
2020-06-26,4.035643295623542,4.04379629727945,3.962268224502952,3.9704208374023438,1603200
2020-06-29,3.921501950959855,4.0682524055127605,3.921501950959855,4.035641193389893,1149200
2020-06-30,3.978572520406507,4.0519475672077885,3.978572520406507,4.011183738708496,4369600
2020-07-01,4.068254121184934,4.084560122879281,4.019337282371326,4.060101509094238,4398800
2020-07-02,4.060101509094238,4.076407122032108,4.003031669433456,4.060101509094238,2090900
2020-07-03,4.0601007185581945,4.0601007185581945,3.9948782795060795,4.043795108795166,3444900
2020-07-06,4.003030765916289,4.1497816379907055,3.9948781556657056,4.051947593688965,2552400
2020-07-07,4.05194771929848,4.100864937343968,3.986725280246364,4.043795108795166,3142200
2020-07-08,4.043795367689937,4.182393253927296,4.0356423679082445,4.117170810699463,1694000
2020-07-09,4.117170547106997,4.117170547106997,4.019336499772422,4.043795108795166,3816900
2020-07-10,4.0437950593860545,4.149781715928945,4.035642060225957,4.100864887237549,1408000
2020-07-13,4.10086508880795,4.157934530708189,4.0356422585904514,4.076406478881836,1938200
2020-07-14,4.149781715928945,4.157934326332646,4.068253279353555,4.100864887237549,2215100
2020-07-15,4.157934464498999,4.2068512948158805,4.117170633613137,4.1823930740356445,3755800
2020-07-16,4.190545558929443,4.215004167731954,4.157934339697027,4.190545558929443,2149300
2020-07-17,4.239461261592095,4.239461261592095,4.109016419314275,4.157933235168457,5015400
2020-07-20,4.15793402707728,4.174239635467529,4.15793402707728,4.174239635467529,4469400
2020-07-21,4.174238840453185,4.174238840453185,4.084558205765331,4.157933235168457,1813100
2020-07-22,4.174239635467529,4.198698242431088,4.15793402707728,4.174239635467529,5031800
2020-07-23,4.174240513097262,4.329144019751117,4.174240513097262,4.280227184295654,2806200
2020-07-24,4.247615538692304,4.272073759612082,4.125323267824175,4.223156929016113,2268300
2020-07-27,4.272073902878252,4.272073902878252,4.149782016665415,4.166087627410889,957100
2020-07-28,4.190545871558695,4.247615703851229,4.182393260520577,4.206851482391357,1829500
2020-07-29,4.1986985206604,4.255767959429829,4.18239291118965,4.1986985206604,2039100
2020-07-30,4.198698037748568,4.2557674699541765,4.157933824381977,4.247614860534668,4067700
2020-08-03,4.198699053827955,4.263921499993163,4.100865384580143,4.141629219055176,1722500
2020-08-04,4.149781388765345,4.190545215082874,4.084558955652206,4.1334757804870605,1599400
2020-08-05,4.141629032531687,4.182393253927296,4.076406589303854,4.117170810699463,2850800
2020-08-06,4.141629016914466,4.166087627410889,4.10901779542352,4.166087627410889,3325800
2020-08-07,4.174240254145603,4.182393253927296,4.117170810699463,4.117170810699463,2265600
2020-08-10,4.15793413239715,4.263920783996582,4.1171703047671695,4.263920783996582,247000
2020-08-11,4.174240238405412,4.239462681387305,4.133476405919942,4.166087627410889,2343900
2020-08-12,4.166087792176481,4.182393403566828,4.141629180712739,4.149782180786133,425100
2020-08-13,4.231309739601901,4.231309739601901,4.157934302605327,4.1986985206604,1327000
2020-08-14,4.174240238405412,4.174240238405412,4.157934627659939,4.166087627410889,2439700
2020-08-17,4.198698242431088,4.296531892772584,4.14978141726034,4.174239635467529,1140200
2020-08-18,4.231310086348171,4.255768308180396,4.019336757101286,4.117170810699463,1424600
2020-08-19,4.117170172208776,4.157933998526305,4.092711565413166,4.1334757804870605,2252100
2020-08-21,4.100864592089592,4.198698242431088,4.100864592089592,4.174239635467529,1578700
2020-08-24,4.174239635467529,4.198698242431088,4.15793402707728,4.174239635467529,2238600
2020-08-25,4.174240260726031,4.263921314683892,4.174240260726031,4.206851482391357,1583400
2020-08-26,4.2476142586126056,4.2476142586126056,4.157933235168457,4.157933235168457,1600800
2020-08-27,4.182393260520577,4.206851482391357,4.166087649687913,4.206851482391357,1383100
2020-08-28,4.223155656307367,4.223155656307367,4.149780626904241,4.157933235168457,5252600
2020-09-01,4.117169416334786,4.198697442758424,4.051946606439581,4.157933235168457,6190000
2020-09-02,4.166087025650589,4.206850852248028,4.15793402707728,4.174239635467529,2115300
2020-09-03,4.17424044213778,4.190546053679082,4.0845597730388405,4.141629219055176,3101100
2020-09-04,4.141628590262836,4.141628590262836,4.084559152910924,4.109017372131348,1032900
2020-09-07,4.100864563930491,4.157933998526305,4.084558955652206,4.1334757804870605,625100
2020-09-08,4.157934792103086,4.157934792103086,4.10086534661509,4.149782180786133,1684200
2020-09-09,4.141628418687031,4.198698242431088,4.125322810296781,4.174239635467529,912700
2020-09-10,4.198698736359339,4.198698736359339,4.109017685284846,4.125323295593262,2283500
2020-09-11,4.125323295593262,4.133476295125677,4.076406464668016,4.125323295593262,2143800
2020-09-14,4.117170810699463,4.133476421506422,4.092712200110812,4.117170810699463,2012400
2020-09-15,4.125322810296781,4.198698242431088,4.117170200479841,4.174239635467529,1285600
2020-09-17,4.157934464498999,4.198698684141272,4.092712024076491,4.1823930740356445,2408200
2020-09-18,4.190545545460243,4.206851155024042,4.100864887237549,4.100864887237549,14637000
2020-09-21,4.10901781091777,4.141629032531687,4.076406589303854,4.117170810699463,8402200
2020-09-22,4.117170810699463,4.14978203231338,4.100865199892505,4.117170810699463,2225700
2020-09-23,4.117170810699463,4.125323421724729,4.060100978496895,4.117170810699463,3275200
2020-09-24,4.117170810699463,4.133476421506422,4.076406589303854,4.117170810699463,2254700
2020-09-25,4.1171705344541705,4.1253231449324295,4.084559315028333,4.092711925506592,2237600
2020-09-28,4.100865199892505,4.133476421506422,4.100865199892505,4.117170810699463,2645500
2020-09-29,4.10901749764125,4.133476106365147,4.100864887237549,4.100864887237549,2366600
2020-09-30,4.117170810699463,4.133476421506422,4.100865199892505,4.117170810699463,1313800
2020-10-01,4.084559235668318,4.1008648450644305,3.888891534158575,3.9051971435546875,1796200
2020-10-02,3.9051972935961774,3.9378085136413574,3.8644330741614983,3.9378085136413574,2500200
2020-10-05,3.937808596398827,4.076406478881836,3.9296559855943998,4.076406478881836,1299300
2020-10-06,4.076406315793673,4.1171705344541705,3.9378084388556642,4.092711925506592,2712600
2020-10-07,4.092711500008924,4.100864498395959,3.986724853515625,3.986724853515625,2797800
2020-10-08,4.060100978496895,4.117170810699463,4.043795367689937,4.117170810699463,2063300
2020-10-09,4.100865206357261,4.27207392572201,4.076406595730052,4.206851482391357,1626300
2020-10-12,4.157934530708189,4.198698750999575,4.060100868516566,4.076406478881836,886500
2020-10-13,4.08455947844268,4.10086508880795,4.060100868516566,4.076406478881836,951800
2020-10-14,4.11717043085223,4.11717043085223,4.003030776977539,4.003030776977539,2366300
2020-10-15,4.003029981267025,4.076405402921635,3.9785717665530305,4.035641193389893,1224800
2020-10-16,4.035641958056794,4.035641958056794,3.9459613021045183,4.011183738708496,3416400
2020-10-19,4.068253479320993,4.076406478881836,3.9785728166902117,4.076406478881836,712000
2020-10-20,4.076407122032108,4.076407122032108,3.994879057342761,4.060101509094238,1145600
2020-10-21,3.945961338796584,4.051947604885382,3.945961338796584,4.003030776977539,1720200
2020-10-22,4.043794351205654,4.043794351205654,3.9622663176644775,4.019335746765137,1490600
2020-10-23,4.043794675955792,4.060100283973502,3.9785722438849502,3.986724853515625,1623000
2020-10-26,3.986725156658731,4.068253202946523,3.970419547401173,4.051947593688965,597900
2020-10-27,3.9867264519576433,4.0601019118347494,3.9704208374023438,3.9704208374023438,2304700
2020-10-28,3.994878900645808,4.003031512416722,3.9296564514526455,3.9541146755218506,1988300
2020-10-30,3.954113369194099,3.970418976105476,3.823668513903083,3.945960760116577,4342200
2020-11-02,3.91334993450612,4.068253021152737,3.91334993450612,3.978572368621826,679200
2020-11-03,3.954114636805261,4.003031473221165,3.9459620251141727,3.9622676372528076,768600
2020-11-04,3.9948783430986263,4.011183953121217,3.921502903618767,3.9378085136413574,436000
2020-11-05,3.970419599313498,4.239462349959079,3.9541139898427478,4.1986985206604,4489600
2020-11-06,4.190545243857779,4.198698242431088,4.15793402707728,4.174239635467529,2291700
2020-11-09,4.182392948499539,4.198698558115747,4.133476119650914,4.190545558929443,1275000
2020-11-10,4.1986985206604,4.206851131017578,4.125323083663825,4.1986985206604,1559900
2020-11-11,4.19869724162676,4.223155454004073,4.019335203330504,4.084558010101318,2514500
2020-11-12,4.092711429183859,4.239461898803711,4.092711429183859,4.239461898803711,7118500
2020-11-13,4.133475607367102,4.2557674699541765,4.133475607367102,4.247614860534668,1898300
2020-11-16,4.280644664373635,4.280644664373635,4.149185453603871,4.239563465118408,2668700
2020-11-17,4.313509957525091,4.313509957525091,4.231347941451921,4.305293560028076,6198700
2020-11-18,4.305293067706468,4.313509464263916,4.272428265035376,4.313509464263916,4324500
2020-11-19,4.313509232759815,4.313509232759815,4.247779630945311,4.272428035736084,1257500
2020-11-20,4.297076567679256,4.297076567679256,4.231346969912579,4.247779369354248,1188400
2020-11-23,4.223130574302091,4.297076567679256,4.182049771587571,4.247779369354248,3020300
2020-11-24,4.247779133034745,4.280643930089695,4.190265542298941,4.206697940826416,1459800
2020-11-25,4.206698062266957,4.272427658274363,4.206698062266957,4.264211654663086,612700
2020-11-26,4.264211541406513,4.280643939971924,4.190265551972524,4.280643939971924,2716700
2020-11-27,4.214915266116156,4.27242847776454,4.075239651919732,4.149185657501221,1967400
2020-11-30,4.173834434926,4.223131645758268,4.025942802429199,4.025942802429199,8101200
2020-12-01,4.067023507365095,4.173834323883057,4.067023507365095,4.173834323883057,1068500
2020-12-02,4.157400820867997,4.190265618520764,4.083454830259624,4.132752418518066,3151300
2020-12-03,4.149184741869896,4.23134673450727,4.132752343342421,4.206697940826416,1723600
2020-12-04,4.214915527706702,4.214915527706702,4.165618318185964,4.173834323883057,565700
2020-12-07,4.1820504618086884,4.2313476682698905,4.091672054073467,4.149185657501221,2450500
2020-12-08,4.173833119618677,4.198481913156896,4.099887130783302,4.140968322753906,3061300
2020-12-09,4.116320019691683,4.190265618520764,4.108103624388845,4.132752418518066,3459400
2020-12-10,4.149185080854567,4.1656174807245545,4.124536285159928,4.157401084899902,1125800
2020-12-11,4.124536655694865,4.247779861681194,4.124536655694865,4.239563465118408,2643100
2020-12-14,4.231346949367385,4.239562953158674,4.132752553196092,4.182049751281738,1587600
2020-12-15,4.140968688788784,4.255995487983107,4.12453628890388,4.23134708404541,1373300
2020-12-16,4.182049538924845,4.239562737881365,4.182049538924845,4.206697940826416,1791800
2020-12-17,4.231347460334973,4.264212263027415,4.206698662425967,4.239563465118408,1684200
2020-12-18,4.239563936577373,4.239563936577373,4.132753511838806,4.173834323883057,4728800
2020-12-21,4.190265888443494,4.239563088098204,4.108103889018977,4.23134708404541,1723900
2020-12-22,4.214914311589281,4.214914311589281,4.116319920994969,4.140968322753906,754900
2020-12-23,4.132753052257651,4.264212263027415,4.1163206509114305,4.239563465118408,1112900
2020-12-24,4.247779745867817,4.280644547664217,4.173833745936245,4.255995750427246,1463800
2020-12-28,4.255995487983107,4.27242788786801,4.2231306882133,4.23134708404541,892100
2020-12-29,4.198482265596491,4.239563069236321,4.1656174659729,4.1656174659729,664200
2020-12-30,4.1738333759770825,4.247779369354248,4.1738333759770825,4.247779369354248,2529700
2020-12-31,4.173833849669763,4.190266250976363,4.067023045287192,4.099887847900391,3432500
2021-01-04,4.108104244443366,4.140969047056565,4.083455446593791,4.099887847900391,1774300
2021-01-05,4.108103525889136,4.165617116292125,4.075238729024365,4.140968322753906,2115200
2021-01-06,4.140969047056565,4.1491854435995394,4.083455446593791,4.099887847900391,2201100
2021-01-07,4.108103889018977,4.27242788786801,4.091671489134074,4.23134708404541,3790600
2021-01-08,4.157400976535413,4.264211768795917,4.140968577093744,4.247779369354248,4847000
2021-01-11,4.264211541406513,4.305292341930397,4.255995146234166,4.280643939971924,7566300
2021-01-12,4.280644431852562,4.288860436189711,4.20669843392158,4.272428035736084,853500
2021-01-13,4.272428035736084,4.288860436189711,4.231347230491684,4.272428035736084,2931900
2021-01-14,4.2642120313989365,4.280644431852562,4.247779630945311,4.272428035736084,5720500
2021-01-15,4.280644279814464,4.280644279814464,4.157401084899902,4.157401084899902,1413800
2021-01-18,4.157401550505852,4.157401550505852,4.0834555469197085,4.091671943664551,2165700
2021-01-19,4.132753143830044,4.206698755636826,4.091671943664551,4.091671943664551,2732100
2021-01-20,4.132752910563307,4.198482513694604,4.099887717218321,4.124536514282227,2843600
2021-01-21,4.157401550505852,4.1820503489610195,4.091671943664551,4.091671943664551,2370400
2021-01-22,4.099887948630033,4.108104345374876,4.058807140243901,4.091671943664551,3232600
2021-01-25,4.108104345374876,4.165617947250694,4.0834555469197085,4.091671943664551,2280500
2021-01-26,4.1163203780506095,4.1163203780506095,3.9930771802337706,4.075239181518555,3624900
2021-01-27,4.0588076264427535,4.075240030121494,4.009510415406535,4.017726421356201,5283500
2021-01-29,3.960212254926572,4.034157857863058,3.8534014607324867,3.98486065864563,9338600
2021-02-02,3.9848615975126074,4.058807609650711,3.9848615975126074,4.025942802429199,4424300
2021-02-03,4.050590286045333,4.108103881425849,4.0259418821531945,4.0834550857543945,5166000
2021-02-04,4.0259418821531945,4.0834550857543945,4.0259418821531945,4.0834550857543945,1287500
2021-02-05,4.108104231361785,4.108104231361785,4.0177258285736075,4.034158229827881,2283900
2021-02-08,4.050590024087003,4.099887220462464,4.050590024087003,4.058806419372559,2711200
2021-02-09,4.058807272050424,4.099888081770623,4.05059087503876,4.067023277282715,5449300
2021-02-10,4.067022685899864,4.108103881425849,4.067022685899864,4.0834550857543945,4185600
2021-02-11,4.083454821670644,4.083454821670644,4.034157625295182,4.058806419372559,1787800
2021-02-15,4.108104478782287,4.108104478782287,4.058807272050424,4.067023277282715,2570500
2021-02-16,4.083455057080487,4.09988745681963,3.960212254926572,3.98486065864563,2758400
2021-02-17,4.017726404734119,4.042375206039955,3.9930779952076882,4.025942802429199,3886600
2021-02-18,4.017726070550852,4.099888081770623,3.993077663074607,4.067023277282715,4822700
2021-02-19,4.099887220462464,4.099887220462464,3.9848604289197214,4.058806419372559,5805600
2021-02-22,4.058807746514075,4.058807746514075,4.001294136047363,4.001294136047363,5047100
2021-02-23,4.0012926916028215,4.02594148484174,3.993076688376034,4.009509086608887,4379700
2021-02-24,4.017725713568906,4.157401316121781,4.009509709066621,4.050590515136719,7566400
2021-02-25,4.1491850769518335,4.1491850769518335,4.0259418821531945,4.0834550857543945,4069200
2021-02-26,4.091672416872222,4.091672416872222,3.9930779952076882,4.025942802429199,8267000
2021-03-01,4.050590631082154,4.099887834844973,4.025942225090419,4.034158229827881,2363700
2021-03-02,4.067022422878823,4.0752388181643795,4.025941621788918,4.058806419372559,3039200
2021-03-03,4.075239312202248,4.075239312202248,4.0259421098505275,4.050590515136719,2991800
2021-03-04,4.067023277282715,4.067023277282715,4.0259424675625155,4.067023277282715,3332800
2021-03-05,4.0259424675625155,4.067023277282715,4.009510065318562,4.067023277282715,2074200
2021-03-08,4.009510398818444,4.042375206039955,4.009510398818444,4.025942802429199,2809600
2021-03-09,4.025941621788918,4.067022422878823,4.025941621788918,4.058806419372559,1623100
2021-03-10,4.058807272050424,4.075239674294378,4.0341584727948065,4.067023277282715,2680800
2021-03-11,4.067023032336428,4.075239428853239,4.0177258285736075,4.034158229827881,3352300
2021-03-12,4.034158944377079,4.050591348541937,4.001294136047363,4.001294136047363,3772900
2021-03-15,4.001294001123363,4.042375206039955,4.001294001123363,4.025942802429199,2352000
2021-03-16,4.009509086608887,4.034157488068527,3.993076688376034,4.009509086608887,1060000
2021-03-17,4.0341588250349405,4.0341588250349405,4.001294017677462,4.017726421356201,1589300
2021-03-18,4.009509086608887,4.02594148484174,4.0012926916028215,4.009509086608887,3322300
2021-03-19,4.025941853883144,4.025941853883144,3.960212254926572,3.98486065864563,8459000
2021-03-22,3.960212254926572,4.0588066533614295,3.960212254926572,3.98486065864563,2179900
2021-03-23,3.9766446546657153,4.001293058384773,3.960212254926572,3.98486065864563,2661200
2021-03-24,4.001294136047363,4.034158944377079,3.9848617318825057,4.001294136047363,802300
2021-03-25,3.9848607407982426,4.025941936882694,3.8944823444800423,3.9109151363372803,1243600
2021-03-26,3.9109151451436994,3.9602123454884532,3.9109151451436994,3.943779945373535,2032700
2021-03-29,3.9519961971158604,3.9684285982601932,3.8944825972210215,3.9026989936828613,1893300
2021-03-30,3.902698659949915,3.993077054404858,3.902698659949915,3.98486065864563,1527000
2021-03-31,3.9273481581826353,3.9930777689004398,3.7055105261203543,3.8123209476470947,3724900
2021-04-01,3.8369690129979506,3.8862662115987368,3.80410421393076,3.8205366134643555,3322600
2021-04-02,3.828752279281616,3.8451846773643124,3.8123198811989205,3.828752279281616,471800
2021-04-05,3.82875297917741,3.8369693756103516,3.804104573437276,3.8369693756103516,971400
2021-04-06,3.8205369779074085,3.828752982568281,3.647996570456282,3.689077377319336,4934200
2021-04-07,3.697293106943216,3.8616170883178706,3.697293106943216,3.861617088317871,3640700
2021-04-08,3.8451851231750096,3.8862663190343394,3.7137259232720647,3.7712395191192627,3171000
2021-04-09,3.7301584521816222,3.787672050016605,3.705510047237582,3.7465908527374268,2052300
2021-04-12,3.7548067446348825,3.7712391429838177,3.6972931545239685,3.7219419479370117,1369600
2021-04-13,3.7219425475055523,3.738374948501587,3.705510146509518,3.738374948501587,2158800
2021-04-14,3.7301586740395987,3.7630234771059015,3.6972938709732954,3.754807472229004,1808300
2021-04-15,3.7548067446348825,3.7712391429838177,3.7055095495880765,3.7219419479370117,1686400
2021-04-16,3.7219419496081825,3.7219419496081825,3.664428359471445,3.680860757827759,1984000
2021-04-19,3.721941835807052,3.721941835807052,3.672644250466141,3.6972930431365967,1043600
2021-04-20,3.713725666163638,3.738374460328616,3.6808608684631956,3.705509662628174,1400900
2021-04-21,3.7055097956773477,3.7055097956773477,3.6315638023066183,3.639779806137085,2473500
2021-04-22,3.656212205577324,3.6890770044578023,3.6233474066968454,3.639779806137085,1946300
2021-04-23,3.6479967967356397,3.6808616009763724,3.6233479976654053,3.6233479976654053,673300
2021-04-26,3.631563464697272,3.738374247018785,3.6233470698513393,3.7301578521728516,1208500
2021-04-27,3.766912623666662,3.766912623666662,3.7253350649599115,3.7419660091400146,2853600
2021-04-28,3.7419663554728806,3.758597301192239,3.7003887929179724,3.7336506843566895,1332800
2021-04-30,3.7336502276415007,3.7752277851104736,3.675442123000508,3.7752277851104736,4033700
2021-05-03,3.767959560776843,3.7846688990302684,3.7512498241413694,3.7596046924591064,1484500
2021-05-04,3.767960282470136,3.8180883068316436,3.759605412552156,3.8013789653778076,1395800
2021-05-05,3.801377977182107,3.801377977182107,3.7596044352157896,3.793023109436035,1310800
2021-05-06,3.7930238324259444,3.8347973823547363,3.7261864712455557,3.8347973823547363,1945700
2021-05-07,3.8431520123428218,3.951762927946377,3.801378859067533,3.935053586959839,1577500
2021-05-10,3.960116411956647,4.001889953199537,3.943407075135894,3.985180616378784,1810800
2021-05-11,3.8932798239150577,3.943407844152949,3.8765704838357604,3.901634693145752,613000
2021-05-12,3.8598614145629613,3.9016349668830674,3.726186684550013,3.8097333908081055,5456700
2021-05-17,3.834796913790544,3.9099887367399333,3.7596046924591064,3.7596046924591064,3666100
2021-05-18,3.7428955697112625,3.7930235873577707,3.6760582128492514,3.7345407009124756,4171200
2021-05-19,3.717831637144731,3.742895847015985,3.6760584852021085,3.684412956237793,3280400
2021-05-20,3.692767089882302,3.7763137755032092,3.692767089882302,3.7178308963775635,2096500
2021-05-21,3.7261862536872554,3.759604932326256,3.684412706197467,3.7011220455169678,2105600
2021-05-24,3.7011216085391943,3.843151175177078,3.7011216085391943,3.7679593563079834,3158000
2021-05-25,3.717831147634519,3.834796913790544,3.717831147634519,3.7596046924591064,2762900
2021-05-27,3.809733436913663,3.926698827090513,3.709477388190649,3.8013789653778076,25015300
2021-05-28,3.742895098105667,3.88492466273272,3.742895098105667,3.793023109436035,2140000
2021-05-31,3.7178318597265045,3.834797648285479,3.709477388190649,3.8013789653778076,1209700
2021-06-01,3.7596046924591064,3.776314030712532,3.7345404858879445,3.7596046924591064,488700
2021-06-02,3.7261857609955444,3.793023109436035,3.7261857609955444,3.793023109436035,962100
2021-06-03,3.7512495706259266,3.8013779803804923,3.7178308963775635,3.7178308963775635,1000400
2021-06-04,3.71783169643854,3.71783169643854,3.6259305216698254,3.659349203109741,2446700
2021-06-08,3.6760585438296993,3.7011223557185824,3.6175756521187927,3.659349203109741,2779500
2021-06-09,3.6677029823744682,3.6677029823744682,3.5507376194000244,3.5507376194000244,2611100
2021-06-10,3.559092017095948,3.5925106878157425,3.5340278148651123,3.5340278148651123,811400
2021-06-11,3.567447264695962,3.567447264695962,3.4337725526229543,3.45048189163208,2766100
2021-06-14,3.4671912081269642,3.534028563729459,3.4337725303257165,3.483900547027588,2132200
2021-06-15,3.4839007645881193,3.5006101045321976,3.4337727447558835,3.458836555480957,1944600
2021-06-16,3.4588365802125587,3.4588365802125587,3.3836447491176083,3.425417900085449,3141800
2021-06-17,3.425417219534264,3.4421265562780596,3.3836440768657803,3.433772087097168,1923200
2021-06-18,3.442127809667617,3.6760590076446533,3.4003546517881817,3.6760590076446533,7773600
2021-06-21,3.5925117077165907,3.5925117077165907,3.467191457748413,3.467191457748413,1364700
2021-06-22,3.492255235369114,3.492255235369114,3.4421272155368787,3.458836555480957,1362100
2021-06-23,3.458836555480957,3.4671914246440405,3.4254178755928,3.458836555480957,978800
2021-06-24,3.4755458954250353,3.492255235369114,3.4254178755928,3.458836555480957,1965300
2021-06-25,3.458836328416437,3.500609874725342,3.4421269895692874,3.500609874725342,978300
2021-06-28,3.500610387108223,3.500610387108223,3.3919994695133853,3.4087088108062744,1679700
2021-06-29,3.408707882790468,3.46719076058476,3.391998546046672,3.433772087097168,1434300
2021-06-30,3.4170637504981802,3.442127563758828,3.325162172317505,3.325162172317505,4222900
2021-07-01,3.325162117669081,3.42541816582824,3.3000981056292913,3.3919994831085205,3153900
2021-07-02,3.3836450672292306,3.3836450672292306,3.3168075015002674,3.325162172317505,1634700
2021-07-05,3.3335163535877967,3.3585803623587083,3.266678996865366,3.3418710231781006,1394900
2021-07-06,3.341871535121682,3.350226405182909,3.2917435099007126,3.300098180770874,1523300
2021-07-07,3.291743516921997,3.3168075295859434,3.275034175146033,3.291743516921997,2739600
2021-07-08,3.291743297618369,3.291743297618369,3.1831323841194488,3.2165510654449463,4161100
2021-07-09,3.1914870608995574,3.249969952528402,3.1914870608995574,3.2081964015960693,2131200
2021-07-12,3.224906010883663,3.2416155521629073,3.1497139714868796,3.1747779846191406,1415300
2021-07-13,3.183132655663228,3.199841997751402,3.1497139714868796,3.1747779846191406,1281500
2021-07-14,3.1747777862395155,3.1747777862395155,3.0912310810191563,3.1246497631073,2066200
2021-07-15,3.099585338910168,3.116294677729816,2.9742650985717773,2.9742650985717773,3962700
2021-07-16,3.0076839923858643,3.057812211638763,2.965910642334319,3.0076839923858643,4523900
2021-07-19,3.016038646522589,3.1246495552760254,3.016038646522589,3.082876205444336,2395600
2021-07-21,3.0995855616903083,3.0995855616903083,2.9909746523652463,3.0076839923858643,3827400
2021-07-22,3.0243933164889265,3.0912308754106737,3.007683976556251,3.082876205444336,2396400
2021-07-23,3.0745215601489635,3.1162949103158555,3.049457550048828,3.049457550048828,984800
2021-07-26,3.0578122242369994,3.0661668942817295,2.9909746646881104,2.9909746646881104,1159900
2021-07-27,3.0160386748223016,3.07452156432646,2.9826199946433802,2.9909746646881104,2584700
2021-07-28,3.0076837762110733,3.0411026530414005,2.9575557597521294,2.9742650985717773,5476800
2021-07-29,2.9826200027553105,3.032748222351074,2.957555992552952,3.032748222351074,1733000
2021-07-30,3.0327483331725325,3.0327483331725325,2.840590715408325,2.840590715408325,4903400
2021-08-02,2.865654753562409,2.865654753562409,2.7319798271462745,2.7570438385009766,5640700
2021-08-03,2.782107817237235,2.848945379257202,2.757043806176392,2.848945379257202,2369000
2021-08-04,2.8238813549485875,2.840590695577427,2.765398463556597,2.8155264854431152,2163500
2021-08-05,2.840590689616285,2.874009370803833,2.8071718092376856,2.874009370803833,2271700
2021-08-06,2.874009098447589,2.9241371154785156,2.840590420426971,2.9241371154785156,4234800
2021-08-09,2.915782486259908,2.915782486259908,2.8572997989157884,2.865654468536377,1616600
2021-08-11,2.865654675085481,2.9408467070904285,2.865654675085481,2.907428026199341,1823200
2021-08-12,2.882364258912593,2.924137613553718,2.882364258912593,2.899073600769043,1436300
2021-08-13,2.9324917793273926,2.9492011183054716,2.890718431882194,2.9324917793273926,1751900
2021-08-16,2.9324919823505935,3.041102892418527,2.899073302080782,3.032748222351074,1846000
2021-08-17,3.032748387364905,3.1747777862395155,3.032748387364905,3.1246497631073,4927500
2021-08-18,3.1497137027939512,3.308452638281118,3.0995856808057045,3.2165510654449463,6039300
2021-08-19,3.258324410978348,3.28338842039313,3.133004164713396,3.1664228439331055,5149400
2021-08-20,3.1747774767063386,3.4421271065365993,3.1747774767063386,3.275033712387085,5060800
2021-08-23,3.300097968285687,3.325161979282362,3.2416152759601125,3.266679286956787,1903500
2021-08-24,3.275033804556287,3.492255223063913,3.241615124785883,3.475545883178711,5910100
2021-08-25,3.4755452297656517,3.534028107559944,3.417062750353372,3.433772087097168,3587100
2021-08-26,3.4337727326567493,3.5423832427195188,3.4337727326567493,3.475545883178711,5577800
2021-08-27,3.475545678386244,3.517319224828835,3.4421270005849967,3.483900547027588,3542900
2021-08-30,3.46719128888214,3.508964437915616,3.3585803843073716,3.3669352531433105,9411900
2021-09-01,3.3418705358152843,3.4839000973285557,3.3084518623276926,3.433772087097168,7446800
2021-09-02,3.433772587862478,3.4671912662236934,3.3418710231781006,3.3418710231781006,4998900
2021-09-03,3.358580855586454,3.3836450672292306,3.266679476596843,3.325162172317505,2128700
2021-09-06,3.3418715422498897,3.350226412328938,3.258324833370069,3.291743516921997,1499600
2021-09-07,3.2750337241643708,3.30009773337693,3.233260176285733,3.258324384689331,1706200
2021-09-08,3.2416152255232387,3.3335165977478027,3.2249056859277228,3.3335165977478027,4135100
2021-09-09,3.291743297953462,3.325161979282362,3.266679286956787,3.266679286956787,3663000
2021-09-10,3.283388627621237,3.316807308950137,3.2583246166245625,3.266679286956787,2064500
2021-09-13,3.266679054426851,3.28338839390189,3.233260176285733,3.258324384689331,1762800
2021-09-14,3.27503396357317,3.27503396357317,3.1831323905513016,3.2081964015960693,2663300
2021-09-15,3.2081963886646623,3.2583246097431973,3.183132377720921,3.2249057292938232,2369800
2021-09-17,3.2081966687954893,3.2416155521629073,3.1330046293987053,3.1747779846191406,10121400
2021-09-20,3.174777693580659,3.174777693580659,2.874009364374513,2.88236403465271,8320100
2021-09-21,2.90742773787243,2.9993291012091485,2.90742773787243,2.9826197624206543,8590900
2021-09-22,2.9826197679816016,2.9993291068012495,2.9241370821128334,2.9742650985717773,4633800
2021-09-23,2.974265308559106,3.0745215477462575,2.9492012985600797,3.066166877746582,6076400
2021-09-24,3.074521545378475,3.074521545378475,2.990974646255017,3.016038656234741,3363000
2021-09-27,3.032748222351074,3.0661669026208855,3.007684012957669,3.032748222351074,3467100
2021-09-28,3.0661668753852336,3.0661668753852336,2.9993293162482586,3.016038656234741,4894900
2021-09-29,2.9909746728227633,3.04945756248598,2.957555992552952,3.032748222351074,3035200
2021-09-30,3.0160386748223016,3.0661668942817295,2.9826199946433802,2.9909746646881104,7062900
2021-10-01,2.999329101613475,3.0494573171767456,2.982619762822728,3.041102647781372,7497500
2021-10-04,3.04110286540551,3.049457535398751,2.990974646255017,3.016038656234741,3053400
2021-10-05,3.007683994607774,3.074521553930667,2.990974654574812,3.057812213897705,5378800
2021-10-06,3.0745215053857664,3.550738087188089,3.0745215053857664,3.5089645385742188,34330100
2021-10-07,3.500609874725342,3.542383022652184,3.433772519336744,3.500609874725342,6956400
2021-10-08,3.5006098084155863,3.575802030994473,3.4421269243673347,3.5423829555511475,5758600
2021-10-11,3.5674476623535156,3.6092212137237936,3.5423834518549273,3.5674476623535156,7429300
2021-10-12,3.56744699134085,3.6092205348538067,3.5089641100991185,3.5590925216674805,8065600
2021-10-13,3.55909239288885,3.7596044383790277,3.525673320258466,3.7178308963775635,10727700
2021-10-14,3.701122852358928,3.701122852358928,3.5674481086619325,3.6008667945861816,4477800
2021-10-15,3.6175756325151216,3.667703654403351,3.5758024801326496,3.6342849731445312,3447400
2021-10-18,3.6342849731445312,3.7011223356621707,3.6175756325151216,3.6342849731445312,5274000
2021-10-20,3.634285012482086,3.6593492228885482,3.5758025188371882,3.5841569900512695,4706700
2021-10-21,3.5925123222961997,3.650994823472555,3.5590936363719505,3.6008667945861816,7819400
2021-10-22,3.6342850590146663,3.6342850590146663,3.5590932235967574,3.5758025646209717,2314000
2021-10-25,3.5507383538935926,3.650994400038881,3.5507383538935926,3.5758025646209717,1921900
2021-10-26,3.575802564620972,3.625930587693616,3.5423834841904283,3.5758025646209717,1930000
2021-10-27,3.6004862368893082,3.6004862368893082,3.515368440507201,3.574950695037842,1593800
2021-10-28,3.5749504406595247,3.5749504406595247,3.489832650334039,3.5238797664642334,1936100
2021-10-29,3.489833138795818,3.506856699243653,3.3706682156609706,3.4132273197174072,2572400
2021-11-01,3.387691502116752,3.4387621793297285,3.302573706761791,3.404715061187744,3123000
2021-11-02,3.4217391558590595,3.6175103187561035,3.4217391558590595,3.6175103187561035,4062000
2021-11-03,3.626022295821044,3.626022295821044,3.481321818399961,3.5494160652160645,3119100
2021-11-05,3.5409037975490576,3.5919744785667427,3.447274418620148,3.489833116531372,2995100
2021-11-08,3.5323922140896924,3.5323922140896924,3.4217388691429114,3.4557859897613525,1562700
2021-11-09,3.4557860208591866,3.4813215644896527,3.4132273226400054,3.430250883102417,1599000
2021-11-10,3.4387621793297285,3.4387621793297285,3.3621561635102637,3.404715061187744,1385100
2021-11-11,3.40471480029525,3.4132267821153315,3.3195970114625952,3.336620569229126,3003000
2021-11-12,3.353644621876869,3.447274406346103,3.3281092814589455,3.421738862991333,1447400
2021-11-15,3.413227019201033,3.413227019201033,3.277038141735356,3.3110854625701904,1743700
2021-11-16,3.3110856603785344,3.3706681202595714,3.285550117492676,3.285550117492676,2878200
2021-11-17,3.3110856620968683,3.319597442084291,3.2600147792354903,3.2940618991851807,957600
2021-11-18,3.294061948857486,3.4047152932994025,3.2515030482786127,3.3706681728363037,2549000
2021-11-19,3.3791799529520783,3.489833094457149,3.3281092722574304,3.3706681728363037,2042400
2021-11-22,3.3366210947652997,3.4302508801652425,3.3281093145413823,3.4132273197174072,2062500
2021-11-23,3.379179698366199,3.438762154687706,3.285549921209857,3.3110854625701904,2575500
2021-11-24,3.285550630572098,3.3195979587578734,3.2685270679476472,3.302574396133423,1502300
2021-11-25,3.294061897475681,3.33662100032755,3.2429912175776496,3.285550117492676,1260900
2021-11-26,3.2770383145712114,3.2770383145712114,3.1493616157198376,3.1748969554901123,2837100
2021-11-29,3.149361606826365,3.166385166625142,3.0897791475306455,3.132338047027588,3414700
2021-11-30,3.1578733867257536,3.2344794058202506,3.106802707329422,3.132338047027588,8052300
2021-12-01,3.132338055872988,3.191920515336962,3.064243613548747,3.1748969554901123,2856100
2021-12-02,3.1919207617417062,3.260015006385735,3.132338297678181,3.2259678840637207,1922400
2021-12-06,3.242991202028912,3.311085644503313,3.1493616226647667,3.208944082260132,3483100
2021-12-07,3.191920757293701,3.2429914407055547,3.166385415587774,3.191920757293701,1984000
2021-12-08,3.2089440805051668,3.285550099943026,3.1578734008799274,3.200432300567627,4257900
2021-12-09,3.2004325488382483,3.27703857421875,3.174897207044748,3.27703857421875,1866900
2021-12-10,3.285550343548766,3.302574107622907,3.166385415587774,3.191920757293701,1705900
2021-12-13,3.191920522375742,3.2344794220867166,3.1834087424335467,3.208944082260132,2871100
2021-12-14,3.200432291674543,3.200432291674543,3.1323380523634383,3.1578733921051025,2876100
2021-12-15,3.1493615575952973,3.1493615575952973,3.0557317772288113,3.0727553367614746,7444300
2021-12-16,3.089779089410738,3.1493615475856895,3.0216846485596713,3.03019642829895,5307000
2021-12-17,3.0216851634507815,3.0982913970947266,2.9450791327437074,3.0982913970947266,18195700
2021-12-20,3.021684644642184,3.089779085404969,2.98763752572921,3.0131728649139404,2522100
2021-12-21,3.021684696630704,3.0897791385650635,3.0046611368813236,3.0897791385650635,2432800
2021-12-22,3.0812671557535336,3.1238262580638234,3.0387082563800836,3.0897791385650635,1473200
2021-12-23,3.064243399410311,3.2344791889190674,3.064243399410311,3.2344791889190674,3221400
2021-12-24,3.2089440715884314,3.2259676314162076,3.1493616121912145,3.1578733921051025,649300
2021-12-27,3.174896962491352,3.2515029819711065,3.1663851825491567,3.208944082260132,1130600
2021-12-28,3.2515032258052314,3.2515032258052314,3.1834089811612025,3.2259678840637207,1775800
2021-12-29,3.2515029801928663,3.2515029801928663,3.1408498410048473,3.200432300567627,2242400
2021-12-30,3.1663849542902955,3.2344791889190674,3.1663849542902955,3.2344791889190674,904300
2021-12-31,3.2174558604427066,3.2259676403802464,3.1578734008799274,3.200432300567627,2482300
2022-01-03,3.200432314314853,3.2855501140558694,3.200432314314853,3.268526554107666,769200
2022-01-04,3.2600147741335643,3.294061894029971,3.208944094288954,3.268526554107666,1510500
2022-01-05,3.268526786966239,3.285550348127246,3.1834089811612025,3.2259678840637207,2226600
2022-01-06,3.2089443229027137,3.2770385675467426,3.1919207617417062,3.2259678840637207,2035000
2022-01-07,3.2344794850056546,3.362156389559065,3.2004323645745707,3.353644609451294,1851800
2022-01-10,3.353644621876869,3.421738862991333,3.3025739410410218,3.421738862991333,2723800
2022-01-11,3.4132273226400054,3.4387624603967746,3.362156438315921,3.430250883102417,1680600
2022-01-12,3.4217388535309516,3.430250836583572,3.336621052373205,3.3706681728363037,1838900
2022-01-13,3.3536446249063725,3.472809546964331,3.3536446249063725,3.4387624263763428,1956700
2022-01-14,3.421738670218157,3.4642977714538574,3.3962033312388376,3.4642977714538574,828700
2022-01-17,3.464297958663117,3.464297958663117,3.362156394289316,3.3791799545288086,1331600
2022-01-19,3.3621566324716756,3.430251081190448,3.3195977288579805,3.3876919746398926,1267700
2022-01-20,3.4047155360853707,3.421739097530849,3.3536448517489363,3.3876919746398926,3773300
2022-01-21,3.370668174409062,3.42173885512754,3.362156394289316,3.3791799545288086,756400
2022-01-24,3.3621561635102637,3.413227043660072,3.3281090453682793,3.404715061187744,1086300
2022-01-25,3.3451333026945496,3.3876922092556763,3.285550630572098,3.302574396133423,1974600
2022-01-26,3.3195974333803364,3.336620993310546,3.2515029907226562,3.2515029907226562,1598100
2022-01-27,3.2515027475762603,3.2600145269048566,3.2004320716046815,3.2344791889190674,1083700
2022-01-28,3.2259676525367014,3.2770383323543912,3.2259676525367014,3.260014772415161,241600
2022-01-31,3.1748971325385713,3.242991375723253,3.0046613216400146,3.0046613216400146,5891200
2022-02-03,3.0216846485596713,3.089779089410738,2.9876375296025564,3.03019642829895,6419000
2022-02-04,3.021685121581287,3.0301969026530196,2.987637997294356,2.996149778366089,2083400
2022-02-07,3.021684413419053,3.06424330880361,3.00466085526523,3.038707971572876,4220700
2022-02-08,3.0472197506497873,3.0557315297266987,3.0131726343421414,3.038707971572876,4334500
2022-02-09,3.055732055337257,3.1493618442251825,3.047220274796251,3.1153147220611572,4435800
2022-02-10,3.1153141153274073,3.336620569229126,3.1153141153274073,3.336620569229126,8995000
2022-02-11,3.302574003505234,3.660069181991451,3.2600148990668933,3.6004865169525146,20985800
2022-02-14,3.6089978218078613,3.6260217869967124,3.523880025231953,3.6089978218078613,11915200
2022-02-15,3.608997569739614,4.009051794515342,3.608997569739614,3.99202823638916,31084600
2022-02-16,3.9920289101995756,3.9920289101995756,3.8132813167672284,3.949469804763794,14856800
2022-02-17,4.000539867888428,4.196310991986079,3.9835163095266166,4.179287433624268,27767200
2022-02-18,4.179287466661708,4.2388701243358735,4.094169674179793,4.170775890350342,16503000
2022-02-21,4.16226400344243,4.196311121214557,3.855839943493276,3.8983986377716064,9098000
2022-02-22,3.9239342298249205,4.009052025356919,3.84732801090929,3.9579813480377197,8007800
2022-02-23,3.9154222473348885,4.068634685166149,3.8983986882284887,3.9579813480377197,9143300
2022-02-24,3.9664932217192623,4.1707763521692325,3.9409580840840754,4.085658550262451,10388800
2022-02-25,4.119704702338696,4.153751815095743,4.034586514572479,4.068634033203125,6056300
2022-02-28,4.1111932001770235,4.332499864754214,4.068634507209318,4.179287433624268,15880400
2022-03-01,4.170775857380185,4.2388700908274295,4.1282167585388345,4.179287433624268,6508100
2022-03-02,4.204823532625246,4.48571248584208,4.204823532625246,4.443153381347656,26094500
2022-03-03,4.46868852563045,4.562318303621618,4.392082306740069,4.477200508117676,23520200
2022-03-04,4.485711975986063,4.502735534674157,4.323987965512345,4.3410115242004395,10724100
2022-03-07,4.341011561956615,4.451664897328465,4.264405750130738,4.349523544311523,16264400
2022-03-08,4.3410125112915265,4.375059636409597,4.119706198024065,4.2984538078308105,10454700
2022-03-09,4.298453397131675,4.57083037205177,4.196311625662932,4.5112481117248535,19876900
2022-03-10,4.494224949502388,4.494224949502388,4.332500903359203,4.409106731414795,14534600
2022-03-11,4.409106288733648,4.417618272037289,4.366547589836556,4.400594711303711,7203400
2022-03-14,4.383571620625989,4.383571620625989,4.255894698496348,4.2984538078308105,4177600
2022-03-15,4.221846542532312,4.298452758279947,4.145240326784677,4.213334560394287,2891000
2022-03-16,4.213334603091182,4.323987936764956,4.196311044516267,4.238870143890381,5060200
2022-03-17,4.2473817006472405,4.298452782010039,4.12821679117256,4.170775890350342,7038800
2022-03-18,4.17077590959072,4.272917261040211,4.153752351015806,4.238870143890381,9714800
2022-03-21,4.20482302674055,4.255893702465296,4.20482302674055,4.238870143890381,1865400
2022-03-22,4.247381307153709,4.4346408391391385,4.247381307153709,4.315475940704346,9535600
2022-03-23,4.315477370389846,4.366548058066953,4.28994182361442,4.2984538078308105,10814000
2022-03-24,4.255894698496348,4.323988948732491,4.230359151720922,4.2984538078308105,8298200
2022-03-25,4.323987974796522,4.40910576841975,4.264405722197091,4.375058650970459,5553400
2022-03-28,4.332500932948882,4.349524495507917,4.247382714279958,4.2984538078308105,1636300
2022-03-29,4.306964902909035,4.306964902909035,4.238870660313431,4.264406204223633,4494300
2022-03-30,4.264406645091003,4.2984537699087015,4.221847536132009,4.255894660949707,1803600
2022-03-31,4.281429204920305,4.281429204920305,4.179287448511937,4.230358123779297,5772200
2022-04-01,4.213334560394287,4.323987892946727,4.179287443589482,4.213334560394287,2650400
2022-04-04,4.1963115306139,4.3410119981995,4.170776392730382,4.323988437652588,3159200
2022-04-05,4.349524023820788,4.409106283379099,4.298453341682076,4.366547584533691,3440500
2022-04-06,4.358035619412737,4.502736089012649,4.358035619412737,4.48571252822876,6296600
2022-04-07,4.494224029379612,4.55380628279389,4.468688488006592,4.468688488006592,9364600
2022-04-08,4.468688488006592,4.502735605921511,4.443152946633572,4.468688488006592,2746800
2022-04-11,4.468689006456734,4.621901054849288,4.468689006456734,4.5112481117248535,7284300
2022-04-12,4.511247626319253,4.519759202932815,4.46868852563045,4.477200508117676,7994600
2022-04-13,4.5112481117248535,4.553806811119264,4.485712567389241,4.5112481117248535,12439900
2022-04-14,4.562318794522371,4.613389477319889,4.5112481117248535,4.5112481117248535,8576500
2022-04-15,4.511247048212597,4.570829294493187,4.230357750234453,4.315475940704346,11928600
2022-04-18,4.332500465748859,4.426129846790052,4.3069649217270864,4.383571147918701,8995200
2022-04-20,4.400595690789452,4.553807771493636,4.392083705591212,4.5452961921691895,18019800
2022-04-21,4.54529470625199,4.570829841751349,4.451664929049132,4.468688488006592,6063900
2022-04-22,4.485712046964052,4.485712046964052,4.426129387676112,4.468688488006592,5807600
2022-04-25,4.553807771493636,4.647437579305312,4.5452961921691895,4.5452961921691895,25053300
2022-04-26,4.570829841751349,4.621900518623728,4.349523575304374,4.468688488006592,14392100
2022-04-27,4.463283661456116,4.567891774847504,4.437131840946115,4.533022403717041,5070700
2022-04-28,4.5940448689753595,4.620197110045008,4.533023250263359,4.559175491333008,6587900
2022-04-29,4.611479480583135,4.611479480583135,4.5068713494076125,4.567892551422119,6539800
2022-05-05,4.594043731689453,4.672500019800256,4.55045681258886,4.594043731689453,5701400
2022-05-06,4.524305310340961,4.611478738968055,4.437131881713867,4.437131881713867,6277800
2022-05-09,4.4371316435393915,4.4371316435393915,4.262784379968046,4.288936614990234,10273700
2022-05-10,4.25406780771791,4.323806556094314,4.166894372247406,4.271502494812012,13654000
2022-05-11,4.271502534976503,4.367393522733575,4.271502534976503,4.349958419799805,9441800
2022-05-12,4.3935453044707184,4.489436291326138,4.23663312062381,4.271502494812012,7534600
2022-05-13,4.4458493287066965,4.515588076501982,4.402262819172506,4.463284015655518,12998800
2022-05-17,4.489436660878359,4.576610103524628,4.472001972349105,4.567892551422119,10730300
2022-05-18,4.567891685958382,4.6201961573119465,4.515587630280502,4.550457000732422,5530700
2022-05-19,4.533023250263359,4.611479557796534,4.524306113690657,4.559175491333008,7994200
2022-05-20,4.559174729307316,4.576609415214438,4.4458490630731715,4.51558780670166,5869800
2022-05-23,4.524305599724201,4.524305599724201,4.358675866900881,4.376110553741455,8737000
2022-05-24,4.445849301103753,4.445849301103753,4.332523628802157,4.376110553741455,5528000
2022-05-25,4.332523438645985,4.437131970773845,4.332523438645985,4.419697284698486,3665800
2022-05-26,4.402262387291996,4.428414207311762,4.280219174947475,4.3673930168151855,5112500
2022-05-27,4.4022626876831055,4.437132060539249,4.349958212723177,4.4022626876831055,3956600
2022-05-30,4.376110734834816,4.445849485083062,4.323806672148632,4.341241359710693,3118100
2022-05-31,4.306372260608979,4.419697944864003,4.280220019751757,4.384828567504883,30234000
2022-06-01,4.410979913634557,4.410979913634557,4.271502419345945,4.280219554901123,1921800
2022-06-02,4.341241335113009,4.341241335113009,4.1930462838372975,4.254067897796631,3510200
2022-06-03,4.280219554901123,4.2976542416872,4.219198358987716,4.280219554901123,2099400
2022-06-07,4.262784328654516,4.297653697813908,4.0797199327298745,4.09715461730957,7254900
2022-06-08,4.097155485227479,4.2889374719057995,4.097155485227479,4.2104811668396,4962400
2022-06-09,4.210480261377674,4.227914945901313,4.079719919612547,4.10587215423584,3089000
2022-06-10,4.1320242548233885,4.1320242548233885,3.9925467691274514,4.044850826263428,5388600
2022-06-13,3.966394764106126,4.036133503713813,3.8356344195038745,3.9402425289154053,8310800
2022-06-14,3.8705042648627734,4.2279155571038585,3.8705042648627734,4.17561149597168,5536200
2022-06-15,4.20176409886675,4.20176409886675,3.957678043400416,4.009982109069824,4599100
2022-06-16,4.018699455854205,4.097155342511805,3.8617868511875217,3.9576778411865234,5884200
2022-06-17,3.9228076289240437,3.9228076289240437,3.783330157356287,3.8879382610321045,9065500
2022-06-20,3.8530696163716773,3.9140908137985866,3.7658961802791415,3.8792214393615723,1677200
2022-06-21,3.792047931884578,3.887938917619107,3.792047931884578,3.853069543838501,3899900
2022-06-22,3.8530695192572115,3.8792213415879644,3.504375367999977,3.5218100547790527,10678600
2022-06-23,3.5741139834277695,3.7658959466071016,3.565396848197276,3.739743709564209,5365200
2022-06-24,3.7223090668613996,3.7746131258817908,3.608983397812696,3.6787221431732178,6337900
2022-06-27,3.6002664360361525,3.7833308592702437,3.6002664360361525,3.7484614849090576,3284000
2022-06-28,3.7658960357439706,3.8966559770263394,3.65257036533525,3.8617866039276123,4868000
2022-06-29,3.879221505527418,3.879221505527418,3.748461556996176,3.774613380432129,3632900
2022-06-30,3.818200307059702,3.853069682091465,3.731026869480295,3.774613380432129,5661600
2022-07-01,3.7746132174681586,3.8269172777576443,3.731026708398115,3.7658960819244385,2121200
2022-07-04,3.7658965037443153,3.8007658811763747,3.7223095741163577,3.731027126312256,2295800
2022-07-05,3.800764998968604,3.818199683637813,3.6612871059392607,3.7135915756225586,5139700
2022-07-06,3.7048741629204445,3.7484610840486066,3.330028012948015,3.338745355606079,7921800
2022-07-07,3.338745622236621,3.6177010252475865,3.338745622236621,3.5305275917053223,5114000
2022-07-08,3.5392446377489977,3.5828315612561052,3.478223235812044,3.547962188720703,3659500
2022-07-12,3.5479621598085442,3.600266218185425,3.4607885213425575,3.600266218185425,1134400
2022-07-13,3.5741143988168544,3.643853151468773,3.5479625744102625,3.565397262573242,3082800
2022-07-14,3.4869409580019566,3.5741143988168544,3.4869409580019566,3.565397262573242,2070700
2022-07-15,3.513092741900064,3.591548620607895,3.478223162264133,3.5566792488098145,884100
2022-07-18,3.626418099589736,3.6351356506347656,3.530527532148688,3.6351356506347656,1786400
2022-07-19,3.6525705005777773,3.6787223235322797,3.5653970646032174,3.643852949142456,2695000
2022-07-20,3.661287621793689,3.7048745474456948,3.5915488732910634,3.6525704860687256,2512500
2022-07-21,3.600265917434865,3.7658956296301858,3.600265917434865,3.7135915756225586,2820800
2022-07-22,3.6787223089193453,3.7310267859720443,3.6002664246917564,3.6525704860687256,2990900
2022-07-25,3.6612874568330875,3.6787221431732178,3.626418084152826,3.6787221431732178,353600
2022-07-26,3.687439709877805,3.687439709877805,3.617700964220419,3.6351356506347656,1539100
2022-07-27,3.6700050234634585,3.6787221588327754,3.5915487267610438,3.6351356506347656,1936200
2022-07-28,3.6264180703042057,3.704874366373038,3.617700935005285,3.6874396800994873,1781800
2022-07-29,3.6961572083539282,3.887939193427922,3.6961572083539282,3.8007657527923584,5656600
2022-08-01,3.8182004968591543,3.8966563867427264,3.757178879682368,3.835635185241699,2556600
2022-08-02,3.8356351441938767,3.94896082530552,3.722309463082233,3.792048215866089,3404000
2022-08-03,3.7746135127638123,3.8269175771451507,3.74846168841102,3.8007657527923584,1963200
2022-08-04,3.7484614224966823,3.870504230728804,3.7484614224966823,3.853069543838501,3405300
2022-08-05,3.8007648413022563,3.9228076289240437,3.8007648413022563,3.8879382610321045,1676500
2022-08-08,3.8792207112212926,3.914090079113232,3.8530688931401653,3.8879382610321045,1607900
2022-08-09,3.8879389908086917,3.9228083652457064,3.844352064924558,3.8792214393615723,2614400
2022-08-10,3.8094821843131537,3.957677213817327,3.8094821843131537,3.9402425289154053,2803800
2022-08-11,3.9576780643690683,4.001264993829056,3.9053739984225415,3.966395616531372,1662000
2022-08-12,3.966394948397311,4.088437748381256,3.9576773977034674,4.044850826263428,2786100
2022-08-15,4.062285874542262,4.079720561810333,3.9751124382019043,3.9751124382019043,1474900
2022-08-16,3.9315258516855742,4.097155169684869,3.9315258516855742,4.088438034057617,4100300
2022-08-17,4.027415965432484,4.132024075155896,4.027415965432484,4.0797200202941895,2988500
2022-08-18,4.0622852350889085,4.114589288659825,3.9838293625703662,4.10587215423584,3009700
2022-08-19,4.1145897366413315,4.149459525160772,3.983829796315207,4.0186991691589355,3247000
2022-08-22,4.018699397339964,4.018699397339964,3.861786794958006,3.9228084087371826,2254500
2022-08-23,3.8966563867427264,3.8966563867427264,3.7920482564474574,3.835635185241699,2239900
2022-08-24,3.8879391025166847,3.905373790236124,3.5653971718691837,3.582831859588623,3696300
2022-08-25,3.6002662778060732,3.687439709877805,3.5653969049773804,3.6351356506347656,5560000
2022-08-26,3.643852815217417,3.774613172211197,3.6177009932240907,3.722309112548828,2758900
2022-08-29,3.678722359455104,3.92280839824311,3.670005223610391,3.8269174098968506,3861000
2022-08-30,3.818199525248226,3.957676996815983,3.765895473410317,3.8879382610321045,5949200
2022-09-01,4.079720344671929,4.09715503101206,3.6525703215008773,3.6787221431732178,5825900
2022-09-02,3.739743861535675,3.7484614127961287,3.5741141286685627,3.6177010536193848,3182700
2022-09-05,3.617701313464776,3.739744130146926,3.574114385383275,3.7048747539520264,1379600
2022-09-06,3.704874885400328,3.7658965037443153,3.6787226444883996,3.731027126312256,3252100
2022-09-07,3.739743709564209,3.739743709564209,3.670004965017436,3.739743709564209,1261800
2022-09-08,3.70487455911971,3.7746133078420816,3.696157007691548,3.7484614849090576,3304500
2022-09-09,3.704874425994705,3.774613172211197,3.6961568748797857,3.722309112548828,1689300
2022-09-12,3.7223093178844846,3.809482755463892,3.7223093178844846,3.774613380432129,1312700
2022-09-13,3.7746133478013637,3.853069648782461,3.7135921498611637,3.8269174098968506,2662400
2022-09-14,3.739744005400366,3.8269174429797737,3.739744005400366,3.774613380432129,1280000
2022-09-15,3.7746126521887446,3.8181995704070086,3.757177968036571,3.783330202102661,5490900
2022-09-19,3.887939115723321,3.8966562517747794,3.7658963012726874,3.8094828128814697,3038800
2022-09-20,3.861786827654882,3.887939066831879,3.765896253915953,3.870504379272461,1483800
2022-09-21,3.835634254559183,3.835634254559183,3.7746126521887446,3.783330202102661,3460100
2022-09-22,3.7658965218270803,3.844352413588053,3.7658965218270803,3.8182005882263184,2064100
2022-09-23,3.783330932027939,3.835634994575584,3.765896244512058,3.774613380432129,1244700
2022-09-26,3.757177968036571,3.8617860729496143,3.757177968036571,3.783330202102661,3178300
2022-09-27,3.7658960367719936,3.835634782988485,3.713591977109625,3.722309112548828,2283600
2022-09-28,3.739743658587587,3.739743658587587,3.539244562910774,3.5566792488098145,4242500
2022-09-29,3.591548815513747,3.6438528760493,3.5828316799290163,3.6177010536193848,1963800
2022-09-30,3.6177013270621807,3.6351360152251604,3.5392450224908956,3.565397262573242,2044300
2022-10-03,3.5653971532653115,3.6438530397555424,3.4782235072851058,3.626418352127075,1395800
2022-10-04,3.6177010399018297,3.6177010399018297,3.5218100547790527,3.5218100547790527,926100
2022-10-05,3.556679425564921,3.661287546157837,3.556679425564921,3.661287546157837,1331700
2022-10-06,3.661287472418429,3.6787221588327754,3.6089834131753897,3.6351356506347656,813300
2022-10-07,3.6787222357907337,3.6787222357907337,3.5218100547790527,3.5218100547790527,1896400
2022-10-11,3.513093009214368,3.530527696440029,3.399767334409707,3.504375457763672,3917800
2022-10-12,3.4607881863966283,3.46950552861575,3.364897214148457,3.4259188175201416,6314200
2022-10-13,3.425919487360022,3.4433541752071166,3.3997674555893806,3.4346368312835693,1397300
2022-10-14,3.4695060689681276,3.5566795047360245,3.443354038237759,3.5130929946899414,2499400
2022-10-17,3.5130929946899414,3.5479623689971,3.4520713818145485,3.5130929946899414,1669300
2022-10-18,3.55667922098658,3.6351355147563624,3.5130927144177986,3.608983278274536,2790700
2022-10-19,3.617701313464776,3.7223094420494762,3.5915490734807247,3.7048747539520264,4541000
2022-10-20,3.696157262505581,3.9140910751252713,3.696157262505581,3.835635185241699,6895100
2022-10-21,3.835634856948198,3.8966560532263967,3.809482618774881,3.853069543838501,2774700
2022-10-25,3.835634856948198,3.8966560532263967,3.809482618774881,3.853069543838501,3462400
2022-10-26,3.853069659089973,3.9489606476927546,3.853069659089973,3.9228084087371826,4818900
2022-10-27,3.922808441950715,3.992547192188387,3.861786827654882,3.870504379272461,2384900
2022-10-28,3.844352280453981,3.8879392087817686,3.774613527670125,3.792048215866089,1895200
2022-10-31,3.7920482564474574,3.9228086271544234,3.7920482564474574,3.835635185241699,3212500
2022-11-01,3.870504369607347,3.870504369607347,3.731026869480295,3.774613380432129,2908200
2022-11-02,3.7920481251028075,3.8443521884387932,3.748461613494025,3.8094828128814697,2568400
2022-11-03,3.8184045082901803,3.880854773989513,3.6935031260704547,3.791639804840088,4489200
2022-11-04,3.7916400222976048,3.8986979914168867,3.7559540325911778,3.8897767066955566,1864900
2022-11-07,3.90761970154877,3.925462696401984,3.827326012004032,3.8897767066955566,2185600
2022-11-08,3.943304793004411,3.943304793004411,3.81840385748327,3.863011121749878,1954400
2022-11-09,3.9254618540915214,3.9254618540915214,3.863011172800423,3.9165401458740234,1274500
2022-11-10,3.9254623019846973,3.9433052950451066,3.863011613568008,3.880854606628418,1817300
2022-11-11,3.9968338695843637,3.9968338695843637,3.8630112224743254,3.970069169998169,2636400
2022-11-14,3.871933776008993,3.9968347420513783,3.871933776008993,3.978991746902466,1691400
2022-11-15,3.970069169998169,3.970069169998169,3.916540196236247,3.970069169998169,456300
2022-11-16,3.8986980045749444,3.9433057045638056,3.8719337249100714,3.9076197147369385,764000
2022-11-17,3.907619036184905,3.9254620279999304,3.836247068924803,3.845168352127075,1643800
2022-11-21,3.836247682571411,3.907619661248183,3.8273259725315403,3.836247682571411,3520500
2022-11-22,3.8362468482720047,3.880854112538612,3.827325140172409,3.863011121749878,5438800
2022-11-23,3.7648749961137535,3.9522266387939453,3.7648749961137535,3.9522266387939453,3535200
2022-11-24,3.9522269625148727,3.9522269625148727,3.8451689937602405,3.871933698654175,4666300
2022-11-25,3.8719328298494733,3.8986971033273465,3.81840385748327,3.863011121749878,4880900
2022-11-29,3.79163964132637,3.9254623019846973,3.79163964132637,3.880854606628418,7735200
2022-11-30,3.86301169234985,3.8986976791984453,3.7559537318040643,3.8005614280700684,16677700
2022-12-01,3.818404155849926,3.9700693766999238,3.8094824470531963,3.9343833923339844,4128400
2022-12-02,3.9700698263516943,4.041442228577731,3.91654084374007,4.01467752456665,4169600
2022-12-05,4.014677209969494,4.032520202775161,3.9165405368330766,3.925462245941162,2600300
2022-12-06,3.907619036184905,3.961148011629981,3.738110401236922,3.845168352127075,4517900
2022-12-07,3.8451686205075988,3.8986975996888273,3.8451686205075988,3.880854606628418,3504800
2022-12-08,3.8451686205075988,3.8986975996888273,3.8451686205075988,3.880854606628418,1593000
2022-12-09,3.8451686205075988,3.8986975996888273,3.8094826343867796,3.880854606628418,2922700
2022-12-12,3.8451690068572457,3.8986979914168867,3.827326012004032,3.8897767066955566,1459100
2022-12-13,3.8451687863297432,3.880854773989513,3.7737968110102025,3.791639804840088,4270500
2022-12-14,3.81840434362224,3.9254623019846973,3.8005613505618303,3.880854606628418,3627200
2022-12-15,3.9254623019846973,3.9254623019846973,3.8362473366826495,3.880854606628418,1975300
2022-12-16,3.827325313361027,4.255557537078857,3.800561038672055,4.255557537078857,7391000
2022-12-19,4.157421274805084,4.157421274805084,3.925462361502785,3.9522266387939453,4885300
2022-12-20,3.943305069050996,3.943305069050996,3.8897760929375576,3.8986973762512207,3200200
2022-12-21,3.863011613568008,3.9165405927492367,3.8273256274471894,3.880854606628418,1981700
2022-12-22,3.8451685656104106,3.9433052387468286,3.8451685656104106,3.925462245941162,1938400
2022-12-23,3.9254623019846973,3.9343835858096465,3.880854606628418,3.880854606628418,581700
2022-12-27,3.88977629468283,4.077127933502197,3.880854585495951,4.077127933502197,1521400
2022-12-28,4.014677245425572,4.130656912391944,3.9789912594990744,4.077127933502197,3193800
2022-12-29,4.0682058158524725,4.175263762882953,3.9968338511654853,4.148499488830566,2013600
2022-12-30,4.121734789367713,4.228792736398194,4.0414415418000855,4.148499488830566,9341600
2023-01-03,4.148500193800979,4.148500193800979,4.01467752456665,4.01467752456665,1167800
2023-01-04,4.014677267286745,4.050363253407564,3.880854606628418,3.880854606628418,3360300
2023-01-05,3.8986972049822732,4.0235985691705585,3.8630112224743254,3.970069169998169,2734400
2023-01-06,3.996834045164434,4.005755328478097,3.8986973762512207,3.8986973762512207,1224000
2023-01-09,3.907619368171839,3.9879126254558375,3.907619368171839,3.9522266387939453,1816100
2023-01-10,3.925462077013183,3.970069344402472,3.8630113921755953,3.8986973762512207,3864000
2023-01-11,3.934383994401811,3.970069984228678,3.8986980045749444,3.9076197147369385,1046300
2023-01-12,3.9433057045638056,3.9433057045638056,3.889776719823505,3.9076197147369385,2108500
2023-01-13,3.8897769207011517,3.943305908205821,3.8094832267388594,3.854090929031372,2820200
2023-01-16,3.8362471168241195,3.8986973762512207,3.8362471168241195,3.8986973762512207,1402800
2023-01-17,3.907618863066988,3.943304845116055,3.8897758720424545,3.9165401458740234,1202000
2023-01-18,3.9165405368330766,3.961148231552495,3.89869754402741,3.925462245941162,1582400
2023-01-19,3.925462696401984,3.9522269759765276,3.871933711842343,3.8897767066955566,3730200
2023-01-20,3.871932930806546,3.9968338695843637,3.871932930806546,3.970069169998169,3903200
2023-01-25,3.9700699573073117,3.9700699573073117,3.871933698654175,3.871933698654175,846600
2023-01-26,3.9076193089242874,3.9076193089242874,3.863011613568008,3.880854606628418,1108800
2023-01-27,3.9076198915526605,3.9076198915526605,3.800561917227798,3.8184049129486084,2653100
2023-01-30,3.863011988552679,3.880854983345118,3.827325998967802,3.871933698654175,2381500
2023-01-31,3.8362468482720047,3.889775820638208,3.8005608666945356,3.863011121749878,6523700
2023-02-02,3.8808542137282993,3.970069169998169,3.8808542137282993,3.970069169998169,2153200
2023-02-03,4.005755618786783,4.005755618786783,3.8986976588011073,3.9522266387939453,1261800
2023-02-07,4.014676860838337,4.014676860838337,3.943304895822442,3.970069169998169,2836900
2023-02-08,3.970069970829741,3.970069970829741,3.8362477221359157,3.8897767066955566,889600
2023-02-09,3.871933052554854,3.880854335757126,3.836247068924803,3.845168352127075,1233900
2023-02-10,3.8451681309611434,3.880854112538612,3.8362468482720047,3.863011121749878,780200
2023-02-13,3.845169054415331,3.8719337597314616,3.7827183589513997,3.8273260593414307,1850200
2023-02-14,3.82732540809997,3.9165403682890334,3.8184041247863068,3.8986973762512207,1242500
2023-02-15,3.9165405927492367,3.9254623019846973,3.8719333228034687,3.880854606628418,4150600
2023-02-16,3.880854606628418,3.9700695719304657,3.880854606628418,3.880854606628418,2051500
2023-02-17,3.880854606628418,3.9076193089242874,3.8362473366826495,3.880854606628418,2348700
2023-02-20,3.9165409458775047,3.9343839405466974,3.836247682571411,3.836247682571411,1556600
2023-02-21,3.8451684001377826,3.9076190849753702,3.8451684001377826,3.8986973762512207,1043500
2023-02-22,3.8986971033273465,3.8986971033273465,3.8451681309611434,3.863011121749878,839500
2023-02-23,3.8986979512083115,3.8986979512083115,3.836247682571411,3.836247682571411,1826100
2023-02-24,3.8451681309611434,3.907618811426942,3.8362468482720047,3.863011121749878,2570600
2023-02-27,3.8540906772406043,3.88977666657899,3.8273259725315403,3.836247682571411,2488800
2023-02-28,3.82732577808678,3.854090481436081,3.7648750872120966,3.773796796798706,4530100
2023-03-01,3.7737968110102025,3.800561514460295,3.7381108233504325,3.791639804840088,1391800
2023-03-02,3.7737969885239617,3.845168967200733,3.7648752784840904,3.836247682571411,1558400
2023-03-03,3.8184044214943658,3.854090408342961,3.7916397186526596,3.8005614280700684,2341600
2023-03-06,3.8184046879022184,3.9165409458775047,3.8094829778623476,3.836247682571411,3515100
2023-03-07,3.8540909505506002,4.023599624633789,3.845169239878053,4.023599624633789,2559400
2023-03-08,4.014678077831989,4.014678077831989,3.907620097855012,3.9879133701324463,1647500
2023-03-09,3.9433056505865687,3.987912924554276,3.836247682571411,3.836247682571411,2808700
2023-03-10,3.8362475021200653,3.8362475021200653,3.7827180952198804,3.791639804840088,1167400
2023-03-13,3.7916398189850202,3.827325806777919,3.7737968250885707,3.8094828128814697,838600
2023-03-14,3.7827180520766284,3.818404464739912,3.7291890711974904,3.7381107807159424,2451300
2023-03-15,3.7827176886436416,3.7827176886436416,3.7291887129074186,3.7648746967315674,1492400
2023-03-16,3.7827176886436416,3.809482389216995,3.7648746967315674,3.7648746967315674,1170800
2023-03-17,3.7648751154350806,3.81840452253496,3.7648751154350806,3.8094828128814697,3389000
2023-03-20,3.8005611059661994,3.8005611059661994,3.7470317048194928,3.7648746967315674,1690900
2023-03-21,3.7827176886436416,3.7827176886436416,3.7381104215686976,3.7648746967315674,860300
2023-03-22,3.7559534134807717,3.7827176886436416,3.7559534134807717,3.7648746967315674,2421400
2023-03-23,3.7648750872120966,3.782718080974788,3.7559538030360144,3.773796796798706,672800
2023-03-24,3.7559534134807717,3.7827176886436416,3.7470317048194928,3.7648746967315674,1451200
2023-03-27,3.7559531232270635,3.773796113760262,3.6845811610942705,3.7113454341888428,4385500
2023-03-28,3.738110999185576,3.845168967200733,3.738110999185576,3.836247682571411,3181100
2023-03-29,3.791639804840088,3.8362475021200653,3.7648751013899955,3.791639804840088,830300
2023-03-30,3.827326198103726,3.8451691938245367,3.782718496096413,3.8184049129486084,918200
2023-03-31,3.81840452253496,3.871933504224308,3.7916398189850202,3.8094828128814697,2008500
2023-04-03,3.8273260593414307,3.863012049489232,3.80948306426753,3.8273260593414307,549900
2023-04-04,3.836247716604875,3.836247716604875,3.7559540271759033,3.7559540271759033,1405700
2023-04-05,3.773796796798706,3.800561500148007,3.7559538030360144,3.773796796798706,1043600
2023-04-06,3.7648750872120966,3.800561500148007,3.7648750872120966,3.773796796798706,2946900
2023-04-07,3.773796183627829,3.79163917449137,3.7559531927642875,3.78271746635437,560300
2023-04-10,3.7827176680692456,3.8540900607398285,3.7827176680692456,3.845168352127075,406300
2023-04-11,3.8451690068572457,3.8986979914168867,3.827326012004032,3.8897767066955566,719600
2023-04-12,3.8897760443698792,3.8986973275721515,3.836247068924803,3.845168352127075,614800
2023-04-13,3.8362479331964825,3.854090929031372,3.800561941526703,3.854090929031372,772900
2023-04-14,3.8540905103278584,3.871933504224308,3.7916398189850202,3.8094828128814697,3549600
2023-04-17,3.809483011658367,3.8184047217773873,3.747032317056883,3.7559540271759033,1140200
2023-04-18,3.7559533930519478,3.9522263030172278,3.7470316844391944,3.845168352127075,2711600
2023-04-19,3.8540906772406043,3.880854956539119,3.8184046879022184,3.836247682571411,2340800
2023-04-20,3.8630113439421003,3.871933052554854,3.8273253603120496,3.845168352127075,650100
2023-04-25,3.8451681654978245,3.9968338012695312,3.8451681654978245,3.9968338012695312,1395200
2023-04-26,3.8986976588011073,3.961148348164677,3.8986976588011073,3.9522266387939453,2109500
2023-04-27,3.9254549584116227,3.934499560915441,3.8621410157210985,3.907365322113037,572000
2023-04-28,3.8892756541413815,3.943544562595189,3.853096381838843,3.8711860179901123,1313000
2023-05-02,3.898319285220007,3.979722843262714,3.898319285220007,3.9344985485076904,1425600
2023-05-03,3.9073651171183093,3.9797236585164564,3.88023044844854,3.943544387817383,2156300
2023-05-05,3.943543758391138,4.006857256363631,3.907364493466611,3.988767623901367,744700
2023-05-08,3.9616332523610973,4.015902147850734,3.934498588970857,3.9706778526306152,1096000
2023-05-09,3.9525877986137092,3.961632829207945,3.8530950498218965,3.9164085388183594,812000
2023-05-10,3.9706774730418313,3.9706774730418313,3.9254536134358653,3.952587842941284,1065500
2023-05-11,3.9525881633381426,4.024946689605713,3.9525881633381426,4.024946689605713,873400
2023-05-12,4.006857623670578,4.115395859684671,3.9797233881352287,4.033992290496826,1365100
2023-05-15,4.0430368186733325,4.0430368186733325,3.9525886497091096,3.9616336822509766,821900
2023-05-16,3.9525883589768407,4.015902288240191,3.934498726514577,3.988767623901367,1067400
2023-05-17,3.952589051505566,4.1787097125476365,3.952589051505566,4.14253044128418,5658200
2023-05-18,4.142530305050249,4.169664973250939,4.097306433103656,4.124440670013428,4354900
2023-05-19,4.024947057504808,4.160619522303023,4.024947057504808,4.070171356201172,3883100
2023-05-22,4.033991284963353,4.124439433020444,4.033991284963353,4.088260173797607,4036700
2023-05-23,4.070171217534495,4.097305882086037,3.988767655170729,4.05208158493042,4537700
2023-05-24,3.988767623901367,4.079216217503542,3.8892748610043477,3.988767623901367,3262000
2023-05-25,3.988768437327889,3.988768437327889,3.8078720758151974,3.8711860179901123,3670000
2023-05-26,3.8711850770575587,3.889274708811951,3.717422991499802,3.81691575050354,3983200
2023-05-29,3.816916217648855,3.889275184813146,3.744557681775458,3.844050884246826,2566300
2023-05-30,3.8892747957814255,3.8892747957814255,3.825960867579846,3.853095531463623,4144200
2023-05-31,3.8078711502717644,3.844050413780549,3.8078711502717644,3.81691575050354,10916200
2023-06-01,3.7897815185173718,3.835005382257932,3.780736486994755,3.81691575050354,2308600
2023-06-02,3.81691575050354,3.8983193090437265,3.8078711502717644,3.81691575050354,2245900
2023-06-06,3.807871166161704,3.979722884190976,3.798826134601343,3.9706778526306152,4388400
2023-06-07,3.970678218067425,3.970678218067425,3.8440507836042612,3.862140417098999,2878900
2023-06-08,3.8530957786002626,3.8530957786002626,3.798826447351886,3.825961112976074,2619700
2023-06-09,3.816916080671052,3.835005713990218,3.807871479656908,3.825961112976074,1811000
2023-06-12,3.8530950498218965,3.970677428511384,3.825960389329986,3.9164085388183594,2847600
2023-06-13,3.9164095486210813,3.9254545815474784,3.8530960432999337,3.889275312423706,1664600
2023-06-14,3.8530960432999337,3.9073649469855924,3.8530960432999337,3.889275312423706,1268800
2023-06-15,3.8802297640565495,3.8892747957814255,3.825960867579846,3.853095531463623,1972200
2023-06-16,3.835005751211451,3.9073647164812844,3.8169161177167132,3.862140417098999,5206400
2023-06-19,3.8350063456277454,3.961634231008794,3.8350063456277454,3.907365322113037,817200
2023-06-20,3.880230188369751,3.8983198225068008,3.8440509200956523,3.880230188369751,906000
2023-06-21,3.8802300505937364,3.8802300505937364,3.8440507836042612,3.862140417098999,1480300
2023-06-22,3.853095345934416,3.88022957722081,3.8169156520678396,3.835005283355713,2048600
2023-06-23,3.880230279497309,3.9073649469855924,3.8621406449354225,3.889275312423706,2264700
2023-06-26,3.8621405182151753,3.889275184813146,3.8350058516172045,3.844050884246826,1850200
2023-06-27,3.835005468013871,3.8892747957814255,3.835005468013871,3.853095531463623,1417200
2023-06-28,3.871184977222289,3.88022957722081,3.8169156520678396,3.835005283355713,1062500
2023-06-30,3.835006124573368,3.8530961911201698,3.7083786777822274,3.753602981567383,4659700
2023-07-03,3.7536031979295847,3.9254549584116227,3.7445581641348173,3.907365322113037,2186600
2023-07-04,3.9254545815474784,3.9525888177448536,3.87118567786182,3.889275312423706,2068500
2023-07-05,3.9254536134358653,3.9797225037375057,3.916408582740191,3.952587842941284,1322300
2023-07-06,3.92545492644392,3.9525891650253504,3.853096381838843,3.8711860179901123,3092200
2023-07-07,3.8621409842690047,3.907365290292651,3.8440513481177354,3.8711860179901123,1683200
2023-07-10,3.8983189089206847,3.97972245910562,3.889274309617246,3.9164085388183594,1471700
2023-07-11,3.934499015916265,4.024947184880488,3.9254544146652877,3.9616336822509766,2595900
2023-07-12,4.024946363343472,4.024946363343472,3.916408582740191,3.952587842941284,1769300
2023-07-13,3.9525882208007364,4.006857116290373,3.925453988701339,3.9706778526306152,2137300
2023-07-14,3.9706779449139917,4.024946841664904,3.952588312663688,3.9797229766845703,2134800
2023-07-17,3.9344982128407375,3.9706774730418313,3.907363983335318,3.952587842941284,2044600
2023-07-18,3.9797229766845703,4.015902241185178,3.934498680413384,3.9797229766845703,2708500
2023-07-20,3.952588312663688,4.015902241185178,3.9435437121839625,3.9797229766845703,4275800
2023-07-21,3.979723413351929,4.1244404872331595,3.979723413351929,4.097306251525879,4016900
2023-07-24,4.115395683882448,4.133485317230225,4.06112635254824,4.133485317230225,3895600
2023-07-25,4.115395820603482,4.187754356398471,4.070171520086167,4.151575088500977,4955400
2023-07-26,4.151575225227225,4.214888730487534,4.133485590682721,4.1696648597717285,3490500
2023-07-27,4.160619735717773,4.223933670882131,4.133485500140833,4.160619735717773,2989500
2023-07-28,4.151574330413387,4.160618930090749,4.1063500381541385,4.1153950691223145,2959700
2023-07-31,4.169663961058925,4.169663961058925,4.0701707768630655,4.1153950691223145,5494700
2023-08-01,4.052080914574772,4.133484463471548,4.052080914574772,4.088260173797607,2535400
2023-08-02,4.070170984168363,4.12443987886904,3.9797228263338997,4.024946689605713,2468600
2023-08-03,3.970678534307057,4.088261377033029,3.970678534307057,4.061126708984375,2246600
2023-08-04,4.0701716048472685,4.079216637655451,3.9887680347372343,4.043036937713623,1141200
2023-08-07,4.043036937713623,4.061126572039086,3.979723433219954,4.043036937713623,731700
2023-08-08,4.015902260225169,4.124440054241587,4.015902260225169,4.106350421905518,1957900
2023-08-09,4.124440670013428,4.142530305050249,4.033992494829324,4.124440670013428,3091900
2023-08-10,4.070171356201172,4.088260989421542,4.006857424284438,4.070171356201172,2709700
2023-08-11,4.024947439113448,4.09730641014622,4.006857804177985,4.061126708984375,1993800
2023-08-14,4.024946920378878,4.061126185587026,4.006857287774803,4.05208158493042,951700
2023-08-15,4.024946841664904,4.052081505685787,3.9797229766845703,3.9797229766845703,1784400
2023-08-16,3.997812457900792,4.024946689605713,3.9164089002043574,4.024946689605713,1714400
2023-08-17,4.024946910728251,4.024946910728251,3.8983194828033447,3.8983194828033447,2833300
2023-08-18,3.889274725041581,3.9706778526306152,3.8350053982611008,3.9706778526306152,1955600
2023-08-21,3.9164093821234203,3.9706782835019543,3.9164093821234203,3.9616336822509766,874200
2023-08-22,3.943543620531218,3.988767484460494,3.934498588970857,3.9706778526306152,1463100
2023-08-23,3.9435445947102084,3.9435445947102084,3.8892756858144515,3.907365322113037,1729000
2023-08-24,3.90736435687146,3.979722884190976,3.871185093211702,3.9706778526306152,1007100
2023-08-25,3.9254536134358653,3.9706774730418313,3.916408582740191,3.952587842941284,1227600
2023-08-28,3.9254544146652877,3.9616336822509766,3.9254544146652877,3.9616336822509766,522000
2023-08-29,3.9435440484581323,3.9706782835019543,3.9254544146652877,3.9616336822509766,1538900
2023-08-30,3.943543620531218,4.052081411510493,3.943543620531218,3.9706778526306152,4894400
2023-09-01,4.07017113793609,4.07017113793609,3.925454079933658,3.9797229766845703,1321800
2023-09-04,3.9797227796792636,4.024946642420913,3.9706777483564344,4.015902042388916,615500
2023-09-05,3.970678487709106,4.006857757155451,3.889275347100286,3.925454616546631,1490900
2023-09-06,3.9254541472898263,3.9435437798505273,3.8892748821684244,3.8983194828033447,1941600
2023-09-07,3.898319285220007,3.952588180151532,3.898319285220007,3.9344985485076904,859600
2023-09-08,3.925454489357824,3.925454489357824,3.880230188369751,3.880230188369751,1401500
2023-09-11,3.889275312423706,3.8983199140591953,3.87118567786182,3.889275312423706,1039400
2023-09-12,3.8892748821684244,3.9164091153640457,3.853095617047023,3.8983194828033447,947100
2023-09-13,3.889275481768772,3.9616340231669196,3.889275481768772,3.943544387817383,1267700
2023-09-14,3.9616333444342664,4.015902241185178,3.952588312663688,3.9797229766845703,1530700
2023-09-15,3.9887683227690225,4.14253044128418,3.961634084966897,4.14253044128418,3671900
2023-09-18,4.12443987886904,4.12443987886904,3.997812457900792,4.024946689605713,1948300
2023-09-19,4.024946888825894,4.024946888825894,3.970677991439104,3.988767623901367,1266900
2023-09-20,3.9797233881352287,4.070171558737891,3.9797233881352287,4.033992290496826,1359600
2023-09-21,4.006857075083057,4.05208136983808,3.9254539483311888,3.9344985485076904,3493600
2023-09-22,3.9344985485076904,3.952588180151532,3.916408916863849,3.9344985485076904,1478000
2023-09-25,3.9344981687160345,3.9344981687160345,3.8983189089206847,3.9164085388183594,2196700
2023-09-26,3.91640853881836,3.9344981687160345,3.889274309617246,3.9164085388183594,1577900
2023-09-27,3.8983198225068008,3.9073648552207745,3.8711855869466754,3.880230188369751,1764300
2023-09-29,3.880230620420274,3.92545492644392,3.8440513481177354,3.8711860179901123,4783600
2023-10-02,3.8711860179901123,3.9164098927228124,3.8621409842690047,3.8711860179901123,563500
2023-10-03,3.871186049515866,3.9254549584116227,3.8621410157210985,3.907365322113037,1267900
2023-10-04,3.8802300505937364,3.898319684088474,3.8530958159970714,3.862140417098999,2488500
2023-10-05,3.8530958159970714,3.8892750829865466,3.8440507836042612,3.862140417098999,1561100
2023-10-06,3.8892756541413815,3.898320256571543,3.8621409842690047,3.8711860179901123,1125800
2023-10-09,3.8983196462527383,3.8983196462527383,3.816916080671052,3.825961112976074,1529700
2023-10-10,3.8621409842690047,3.8892756541413815,3.835006314396628,3.8711860179901123,1578800
2023-10-11,3.88022957722081,3.8892746085101617,3.825960683357191,3.835005283355713,1413800
2023-10-12,3.825961112976074,3.8621403796144063,3.825961112976074,3.825961112976074,1226400
2023-10-13,3.835005713990218,3.835005713990218,3.816916080671052,3.825961112976074,563800
2023-10-16,3.825960881634826,3.825960881634826,3.789781617184116,3.798826217651367,2173700
2023-10-17,3.8169156520678396,3.835005283355713,3.7988260207799667,3.835005283355713,1623400
2023-10-18,3.8350049886334245,3.91640853881836,3.81691535873575,3.9164085388183594,7897000
2023-10-19,3.889275312423706,3.9073649469855924,3.8530960432999337,3.889275312423706,2643200
2023-10-20,3.9073646785577605,3.9073646785577605,3.825961112976074,3.825961112976074,2556400
2023-10-23,3.8259612139203445,3.844050847716788,3.789781946327458,3.8078715801239014,2000100
2023-10-24,3.816916181376678,3.844050847716788,3.7716923125310147,3.8078715801239014,2438000
2023-10-25,3.7988265836805057,3.853095916876448,3.7988265836805057,3.844050884246826,1109000
2023-10-26,3.8530958159970714,3.8802300505937364,3.8440507836042612,3.862140417098999,1312700
2023-10-27,3.862140417098999,3.898319684088474,3.8530958159970714,3.862140417098999,1094500
2023-10-30,3.8621396491253353,3.9254535694125954,3.8621396491253353,3.9164085388183594,1349900
2023-10-31,3.9164095835395885,3.934499218262761,3.8983199488164164,3.925454616546631,1303700
2023-11-01,3.9459583477274554,3.95507162424726,3.882167150268591,3.927732229232788,1854300
2023-11-02,3.927732229232788,3.95507162424726,3.9186193872579254,3.927732229232788,1787100
2023-11-03,3.9915242195129395,4.055315422697656,3.955071979251678,3.9915242195129395,2735700
2023-11-06,3.991523764497262,4.037088842357135,3.982410488198328,4.018862724304199,2609200
2023-11-07,4.046202795643217,4.046202795643217,3.955072190131096,3.9732983112335205,1389200
2023-11-08,3.955071234712705,4.000636309189203,3.955071234712705,3.982410192489624,1094800
2023-11-09,3.973298285519995,4.00975052748894,3.9550721645355225,3.9550721645355225,1376700
2023-11-10,3.9641840155160852,3.97329729099976,3.9459578990936275,3.945957899093628,789600
2023-11-14,3.973297617995014,4.018862695528635,3.9550715000725796,4.000636577606201,1138300
2023-11-15,3.955071528391391,4.046202118656068,3.955071528391391,4.018862724304199,2229000
2023-11-16,4.0188631824363945,4.0188631824363945,3.9824109421751337,3.9915242195129395,1135000
2023-11-17,3.9824109421751337,4.00975033964357,3.9824109421751337,3.9915242195129395,952900
2023-11-20,3.982410192489624,4.000636309189203,3.9641840757900453,3.982410192489624,901300
2023-11-21,3.9824109868342945,4.046202625279358,3.9824109868342945,4.0370893478393555,1679400
2023-11-22,4.037088542588361,4.037088542588361,3.982410192489624,3.982410192489624,811500
2023-11-23,3.9824111545122305,3.9824111545122305,3.9641850334098065,3.9732983112335205,792600
2023-11-24,3.973298285519995,4.0279766484734125,3.9550721645355225,3.9550721645355225,1617100
2023-11-27,3.9732977094028326,4.055315024668174,3.9732977094028326,4.046202182769775,1240700
2023-11-28,4.055315613952893,4.182898895429322,4.055315613952893,4.109994411468506,2807900
2023-11-29,4.137332475405614,4.1828979852386565,4.100880241357143,4.1464457511901855,1681800
2023-11-30,4.100881133700903,4.155559496671515,4.064428891720495,4.109994411468506,6391100
2023-12-01,4.109993451630199,4.137332409458328,4.0644279425234515,4.119106292724609,1346300
2023-12-04,4.073541227511567,4.137332860303408,4.073541227511567,4.1008806228637695,1467500
2023-12-05,4.073541227511567,4.1099938994961525,4.064428385424132,4.1008806228637695,1497700
2023-12-06,4.1008806228637695,4.1099938994961525,4.064428385424132,4.1008806228637695,1529500
2023-12-07,4.100880530748712,4.10999380717639,4.027976057507035,4.055315017700195,2371800
2023-12-08,4.055315468174375,4.100880986284419,4.009750384609318,4.0370893478393555,1014000
2023-12-11,4.018862843811092,4.100880594760688,4.018862843811092,4.0826544761657715,740200
2023-12-12,4.09176778793335,4.128220463852962,4.064428824174883,4.09176778793335,1264300
2023-12-13,4.046202795927334,4.146446679270208,4.046202795927334,4.128220558166504,1381800
2023-12-14,4.155559035226088,4.182898430948048,4.091767401571483,4.137332916259766,1299100
2023-12-15,4.155559539794922,4.255803423553803,4.109994454119071,4.155559539794922,5197000
2023-12-18,4.15555859242985,4.1828979852386565,4.1282196341659505,4.1464457511901855,2033500
2023-12-19,4.146446136935791,4.164672255655609,4.1008806228637695,4.1008806228637695,1412300
2023-12-20,4.146446584540271,4.146446584540271,4.09176778793335,4.09176778793335,1568300
2023-12-21,4.082654059257171,4.137332409458328,4.082654059257171,4.119106292724609,2303000
2023-12-22,4.109993451630199,4.137332409458328,4.10088017599089,4.119106292724609,1317400
2023-12-26,4.1347972066273035,4.153256105045936,4.088649740533296,4.097879409790039,1545700
2023-12-27,4.097879309316609,4.1440263341843115,4.097879309316609,4.125567436218262,610900
2023-12-28,4.116338152913518,4.1532559483580025,4.116338152913518,4.144026279449463,1694500
2023-12-29,4.107108583888239,4.15325604936355,4.097879354850085,4.11633825302124,1594400
2024-01-02,4.088649434333828,4.10710833137007,3.9871257206819,4.033272743225098,2021300
2024-01-03,4.014813837715937,4.060961300256564,3.968666815270128,4.042502403259277,1885800
2024-01-04,4.014814737858872,4.070191441266487,4.014814737858872,4.051732540130615,1168600
2024-01-05,4.051731694561141,4.060961363250366,3.996355002710274,4.0148138999938965,1344600
2024-01-08,4.033272743225098,4.060961308826872,4.014813846188855,4.033272743225098,686600
2024-01-09,4.033272734713224,4.051731631710512,4.014813837715937,4.042502403259277,2135800
2024-01-10,4.042502465966743,4.060961363250366,3.9778961054266517,4.0148138999938965,4414700
2024-01-11,4.033272628397484,4.097878986232397,4.024043400189529,4.07942008972168,2458000
2024-01-12,4.079420615901406,4.097879514793024,3.9778964519500732,3.9778964519500732,3639100
2024-01-15,3.996354680889244,4.162485183158407,3.996354680889244,4.134796619415283,2167300
2024-01-16,4.107108583888239,4.2178624130100175,4.097879354850085,4.11633825302124,1586700
2024-01-17,4.1071080556721595,4.162485183158407,4.088649159875007,4.134796619415283,1270400
2024-01-18,4.1347978045158955,4.171715606691446,4.060962200164795,4.060962200164795,2583100
2024-01-19,4.0609610960248945,4.162485244451586,4.051731427943015,4.107108116149902,2204700
2024-01-22,4.10710870394614,4.12556760265688,4.051732007813917,4.070190906524658,3193100
2024-01-23,4.060961308826872,4.125567228406314,4.033272743225098,4.033272743225098,2549900
2024-01-24,4.042502403259277,4.088649425705086,4.042502403259277,4.042502403259277,5552500
2024-01-26,4.042502465966743,4.09787915781761,4.0148138999938965,4.0148138999938965,3325100
2024-01-29,4.0517312661725065,4.199402868923027,4.042502038553913,4.1717143058776855,3890600
2024-01-30,4.171714901180807,4.217862366143352,4.125567436218262,4.125567436218262,1215800
2024-01-31,4.116337882743113,4.199403137088742,4.07942008972168,4.07942008972168,4854700
2024-02-02,4.079420357469034,4.22709153924697,4.060961459746792,4.144026279449463,3734000
2024-02-05,4.107108214440351,4.217862033599459,4.070190421418918,4.07942008972168,2682000
2024-02-06,4.088649685717084,4.1440263802305495,4.088649685717084,4.11633825302124,900300
2024-02-07,4.11633825302124,4.1440263802305495,4.11633825302124,4.11633825302124,1256400
2024-02-08,4.11633825302124,4.15325604936355,4.088649685717084,4.11633825302124,4486500
2024-02-09,4.116337784231781,4.162485244451586,4.107108116149902,4.107108116149902,2289500
2024-02-13,4.10710836005948,4.227091411680589,4.10710836005948,4.199403285980225,2447700
2024-02-14,4.18094407895556,4.199402974752712,4.11633772361813,4.134796619415283,1033700
2024-02-15,4.1347972066273035,4.144026435789193,4.088649740533296,4.097879409790039,3765300
2024-02-16,4.116338144118042,4.180944506055261,4.097879246435241,4.153255939483643,2847500
2024-02-19,4.153255939483643,4.171714837166443,4.134797041800842,4.153255939483643,913100
2024-02-20,4.16248560837246,4.245550427897645,4.144026270594824,4.153255939483643,6497900
2024-02-21,4.199402868923027,4.245549887205556,4.144025742832344,4.1717143058776855,3947000
2024-02-22,4.171714837166443,4.227091530214845,4.125567372912024,4.153255939483643,3258300
2024-02-23,4.153255630042378,4.153255630042378,4.088649272918701,4.088649272918701,3035800
2024-02-26,4.097879247977898,4.097879247977898,3.8763720356060687,3.9040606021881104,8596600
2024-02-27,3.9040604327581647,3.9871256888045568,3.894830764266425,3.9686667919158936,3971100
2024-02-28,3.9686666062914076,3.9778958342566564,3.913289478120729,3.9502077102661133,3000000
2024-02-29,3.9502082686423874,4.04250276181502,3.9225197006431687,3.9963552951812744,6302600
2024-03-01,3.9963550480030463,4.070190637974353,3.9871258193040484,4.005584716796875,2168000
2024-03-04,4.051731685846544,4.051731685846544,4.005584662784156,4.024043560028076,1224700
2024-03-05,4.024043592415933,4.024043592415933,3.9040605393173444,3.931749105453491,3213200
2024-03-06,3.9409782886505127,3.977896083009712,3.9317490601081246,3.9409782886505127,1868400
2024-03-07,3.9502078950272304,3.9871256888045568,3.9317489981385676,3.9686667919158936,2721600
2024-03-08,3.968666823645657,4.051731640261341,3.9594371550801255,4.033272743225098,3009800
2024-03-11,4.060961363250366,4.060961363250366,3.9778961054266517,4.0148138999938965,2171100
2024-03-12,4.005584981084495,4.079420575927458,4.005584981084495,4.070190906524658,2531900
2024-03-13,4.0517319910848535,4.07019088971938,3.9963552951812744,3.9963552951812744,2552700
2024-03-14,3.9963558367230005,4.051732540130615,3.9963558367230005,4.051732540130615,2247200
2024-03-15,4.024043614289702,4.051731740481526,3.9963550480030463,4.005584716796875,6883900
2024-03-18,4.005584716796875,4.0332728429886995,3.9778961505102197,4.005584716796875,2635200
2024-03-19,3.9871261214433145,4.01481424973331,3.9686672225516966,3.9778964519500732,1880500
2024-03-20,3.968666921811222,4.051731740481526,3.968666921811222,4.005584716796875,1023600
2024-03-21,4.005585496901469,4.060962200164795,4.005585496901469,4.060962200164795,2369100
2024-03-22,4.07019088971938,4.07019088971938,3.9871260659114403,3.9963552951812744,4431000
2024-03-25,3.996355002710274,4.0148138999938965,3.9686668768322533,4.0148138999938965,3444900
2024-03-26,3.9963558367230005,4.051732540130615,3.9963558367230005,4.051732540130615,2227700
2024-03-27,4.0148138999938965,4.024043568683121,3.9686668768322533,4.0148138999938965,5000400
2024-03-29,4.01481424973331,4.051732047516547,3.9686672225516966,3.9778964519500732,2548300
2024-04-01,4.005584662784156,4.051731685846544,3.996354994114783,4.024043560028076,964500
2024-04-02,4.014813945495873,4.0332728429886995,3.9778961505102197,4.005584716796875,3264100
2024-04-03,4.0148138999938965,4.033272797277519,4.0055846713994985,4.0148138999938965,1765100
2024-04-04,4.014813986815221,4.180944506055261,4.0055847580212385,4.153255939483643,4904100
2024-04-05,4.144026109747672,4.217862137707821,4.125567212781339,4.208632469177246,1566600
2024-04-08,4.199403240741488,4.227091366143578,4.134796881311915,4.208632469177246,2717000
2024-04-09,4.208632469177246,4.236321034674154,4.208632469177246,4.208632469177246,2669500
2024-04-12,4.2086326235792395,4.236321190091958,4.088649568848853,4.162485599517822,3814900
2024-04-15,4.107108638951929,4.153256105045936,4.070190842114664,4.097879409790039,2755200
2024-04-16,4.0701903240119774,4.134796680300744,4.0701903240119774,4.107108116149902,1949400
2024-04-17,4.107108214440351,4.13479677925383,4.042502296700246,4.07942008972168,2874500
2024-04-18,4.088649805235399,4.12556760265688,4.042502778505977,4.070190906524658,2334700
2024-04-19,4.070190787545928,4.134797151192395,4.070190787545928,4.11633825302124,1439600
2024-04-22,4.088649640286162,4.1440263341843115,4.088649640286162,4.125567436218262,1618300
2024-04-23,4.12556813392455,4.144027035012325,4.060962200164795,4.060962200164795,2780200
2024-04-24,4.079420511371406,4.116338308208672,4.060961612952775,4.097879409790039,2879200
2024-04-25,4.097879409790039,4.116338308208672,4.060961612952775,4.097879409790039,3032400
2024-04-26,4.097878941119856,4.107108169226208,4.079420044812349,4.088649272918701,487600
2024-04-29,4.088649577546422,4.153255939483643,4.07942034875244,4.153255939483643,2120000
2024-04-30,4.116338207282658,4.153256003214757,4.107108538252212,4.125567436218262,2330800
2024-05-02,4.125566951469311,4.144025847266464,4.1071080556721595,4.134796619415283,3729700
2024-05-03,4.153975982104552,4.172687567541625,4.088485210015106,4.1352643966674805,806600
2024-05-06,4.1352643721081455,4.1633315270373705,4.097841201456257,4.144619941711426,954000
2024-05-07,4.144619911410077,4.219466698286033,4.125908326220933,4.191399097442627,2471300
2024-05-08,4.191399435855722,4.425294492664368,4.191399435855722,4.322380542755127,8358100
2024-05-09,4.331736599146293,4.350448186018913,4.210111061414545,4.284957408905029,4035000
2024-05-10,4.303668571402784,4.303668571402784,4.200754630691764,4.228822231292725,2674400
2024-05-13,4.228822237586457,4.266245407697184,4.200754636943724,4.238178253173828,931700
2024-05-14,4.23817870986438,4.27560188400769,4.210111106197186,4.256890296936035,1439000
2024-05-15,4.256890394748194,4.256890394748194,4.125908836117572,4.1539764404296875,2848900
2024-05-16,4.153975939074543,4.200754679122962,4.125908338149987,4.163331508636475,2052000
2024-05-17,4.153976394516226,4.238178760402455,4.153976394516226,4.182043552398682,2834700
2024-05-20,4.182043081788365,4.275601453853464,4.153975927064339,4.191399097442627,2564600
2024-05-21,4.1913995947640625,4.200755165409009,4.15397641994541,4.172688007354736,2913200
2024-05-23,4.144620945141147,4.182044124853341,4.107197765428953,4.116553783416748,2550900
2024-05-24,4.116553343549871,4.116553343549871,4.041706992123054,4.069774150848389,6311700
2024-05-27,4.097841776866528,4.097841776866528,4.041707013006371,4.05106258392334,4927200
2024-05-28,4.05106258392334,4.069774171876726,4.032350995969955,4.05106258392334,2972800
2024-05-29,4.0510626648745935,4.0510626648745935,3.948148706014747,3.966860294342041,5001700
2024-05-30,3.966860066314545,4.022995274189056,3.957504495748413,3.985572099685669,6393600
2024-05-31,4.004283921806692,4.135265040251183,3.9762163162231445,3.9762163162231445,16447000
2024-06-04,3.9762156562040376,4.200754679122962,3.9762156562040376,4.163331508636475,9261500
2024-06-05,4.163332011120768,4.219467219744998,4.125908836117572,4.1539764404296875,2305500
2024-06-06,4.153976540726686,4.153976540726686,4.032350995969955,4.05106258392334,3694300
2024-06-07,4.051062588756864,4.088485764708287,4.051062588756864,4.060418605804443,2324300
2024-06-10,4.060418622134463,4.079130210185428,4.032351016998291,4.032351016998291,748800
2024-06-11,4.032351081270783,4.060418686854331,3.9762163162231445,3.9762163162231445,2358100
2024-06-12,3.9855723287887908,3.9949278998927102,3.948148706014747,3.966860294342041,3288600
2024-06-13,3.948148012161255,3.976215612779282,3.892013257044579,3.948148012161255,4728900
2024-06-14,3.948148012161255,3.9575040277403897,3.9294364271223627,3.948148012161255,4499100
2024-06-18,3.9481482051830423,4.041706581070874,3.9481482051830423,4.0229949951171875,1924200
2024-06-19,4.041706600277349,4.041706600277349,3.9762158260685303,4.004283428192139,6233900
2024-06-20,4.0229949951171875,4.041706581070874,3.994927393126958,4.0229949951171875,1630100
2024-06-21,4.0229949951171875,4.097841338931933,4.004283409163501,4.0229949951171875,9607100
2024-06-24,4.032350565034331,4.032350565034331,4.013638979080644,4.0229949951171875,3430300
2024-06-25,4.022995510155905,4.022995510155905,3.9762163162231445,3.9762163162231445,5114200
2024-06-26,3.9762160830001068,4.022995274189056,3.966860066314545,3.985572099685669,5296300
2024-06-27,3.9668598561757333,3.9949274586261474,3.929436683654785,3.929436683654785,9110700
2024-06-28,3.9855716283584166,3.9855716283584166,3.9294364271223627,3.948148012161255,3391300
2024-07-01,3.948148706014747,3.9855723287887908,3.9387931349108274,3.966860294342041,6363400
2024-07-02,3.966859597200147,3.976215612779282,3.9387924427014975,3.948148012161255,6438900
2024-07-03,3.9481487106395967,3.985572333457479,3.9387931395247184,3.9762163162231445,4178500
2024-07-04,3.9762163162231445,3.9949279045723576,3.9668602989888098,3.9762163162231445,1541600
2024-07-05,3.9762160982027526,3.994927685525988,3.9294369068349475,3.9575045108795166,1240700
2024-07-09,3.948148334687108,3.9762159375979884,3.882658004760742,3.882658004760742,8851800
2024-07-10,3.8920135167574093,3.957504291823399,3.8920135167574093,3.9387927055358887,2955500
2024-07-11,3.938792923556281,3.9762160982027526,3.9294369068349475,3.9575045108795166,1137500
2024-07-12,3.957504291823399,3.976215878110909,3.92943668933243,3.9387927055358887,4703800
2024-07-15,3.9668598619074507,3.9668598619074507,3.9387927055358887,3.9387927055358887,4763600
2024-07-16,3.938792908496719,4.032350844755189,3.938792908496719,3.985572099685669,3339200
2024-07-17,3.9855718232098143,4.041706581070874,3.9762158071732716,4.0229949951171875,2280200
2024-07-18,3.994927393126958,4.041706581070874,3.9855718232098143,4.0229949951171875,3528800
2024-07-19,4.032350839486298,4.284957490113811,4.032350839486298,4.210111141204834,12162200
2024-07-22,4.191399569105788,4.24753433099013,4.163331965103901,4.182043552398682,5014600
2024-07-23,4.1820430456642494,4.256889831893685,4.1820430456642494,4.228822231292725,5914100
2024-07-24,4.228822733651392,4.275601924836954,4.200755129716169,4.2194671630859375,4397200
2024-07-25,4.2568903270553005,4.2568903270553005,4.163331944915636,4.2007551193237305,1975300
2024-07-26,4.210110694804275,4.219466710485588,4.153975939074543,4.163331508636475,1906600
2024-07-29,4.163331460636734,4.266245401347754,4.163331460636734,4.228822231292725,1865000
2024-07-30,4.247534356992043,4.247534356992043,4.163331990590356,4.172688007354736,3146000
2024-07-31,4.182043552398682,4.22882274369535,4.153976394516226,4.182043552398682,1448600
2024-08-01,4.21011118217339,4.228822769582716,4.14462040318103,4.172688007354736,2310100
2024-08-02,4.163332011120768,4.191399615432883,4.135264852928089,4.1539764404296875,1577500
2024-08-05,4.125908978969966,4.13526499610442,3.948148668490427,4.013639450073242,3017400
2024-08-06,4.163331496599221,4.191399097442627,4.041706415929477,4.191399097442627,3855300
2024-08-07,4.182043093879718,4.191399109561031,4.051061997177013,4.163331508636475,2538000
2024-08-08,4.097842193560651,4.153976963128942,4.069774585716759,4.116553783416748,3108700
2024-08-09,4.125908326220933,4.191399097442627,4.125908326220933,4.191399097442627,1032500
2024-08-12,4.19139955397759,4.238178745105415,4.172687966750345,4.210111141204834,3109000
2024-08-13,4.247534260326143,4.275601863861084,4.172687912392199,4.275601863861084,2346300
2024-08-14,4.228823101536935,4.32238104592768,4.219467530157594,4.31302547454834,1879100
2024-08-15,4.313025536973232,4.313025536973232,4.238179180377341,4.24753475189209,444200
2024-08-16,4.284957369355297,4.331736559164793,4.247534195955467,4.322380542755127,2042000
2024-08-19,4.322380628627115,4.331736645222655,4.22882269326884,4.256890296936035,2493900
2024-08-20,4.303669457049531,4.3691602411827875,4.191399923780636,4.31302547454834,3426300
2024-08-21,4.275601924836954,4.341092257153424,4.200755129716169,4.2194671630859375,1071000
2024-08-22,4.238178664783187,4.29431342540105,4.238178664783187,4.284957408905029,4025800
2024-08-23,4.303668961491197,4.369159738083329,4.303668961491197,4.3317365646362305,2092300
2024-08-26,4.359804175187343,4.378515763857353,4.313025426572052,4.341092586517334,3332800
2024-08-27,4.350448186018913,4.350448186018913,4.266245822032408,4.284957408905029,1279100
2024-08-28,4.284957389044186,4.3504481658545195,4.275601818710949,4.303668975830078,4032100
2024-08-29,4.32238058807055,4.359803761862721,4.247534240486208,4.294313430786133,2904100
2024-08-30,4.322380582650271,4.322380582650271,4.228822648287165,4.284957408905029,4903900
2024-09-02,4.284957408905029,4.331736599146293,4.219467077910566,4.284957408905029,2027300
2024-09-03,4.303669021276601,4.331736624811542,4.238178689894112,4.275601863861084,2795100
2024-09-04,4.135264675755977,4.322380542755127,4.135264675755977,4.322380542755127,3099000
2024-09-05,4.331736178450644,4.331736178450644,4.238178253173828,4.238178253173828,3077700
2024-09-06,4.238179180377341,4.284957930190036,4.210111573594144,4.24753475189209,926000
2024-09-09,4.210111141204834,4.284957490113811,4.210111141204834,4.210111141204834,2075400
2024-09-10,4.210111573594144,4.266246341041063,4.200755555959921,4.24753475189209,1225200
2024-09-11,4.2568903270553005,4.26624589759761,4.191399548781422,4.2007551193237305,1985000
2024-09-12,4.19139955397759,4.266245902886567,4.172687966750345,4.210111141204834,2237300
2024-09-13,4.238179180377341,4.256890769526314,4.228823162743117,4.24753475189209,2292000
2024-09-17,4.238178645139164,4.303668975830078,4.200755025447959,4.303668975830078,2280100
2024-09-18,4.266245802258293,4.322380562615971,4.256890231925056,4.303668975830078,3199100
2024-09-19,4.266245782655382,4.369159732564623,4.266245782655382,4.322380542755127,2650700
2024-09-20,4.275602165016375,4.415938854217529,4.275602165016375,4.415938854217529,7184000
2024-09-23,4.378515243530273,4.406582846259566,4.331736500474,4.378515243530273,1795400
2024-09-24,4.378515698900066,4.4346504640773095,4.322380933722823,4.3972272872924805,3933200
2024-09-25,4.397226671548461,4.56563138961792,4.387871101722044,4.56563138961792,3496200
2024-09-26,4.537563897303411,4.537563897303411,4.434649950015132,4.444005966186523,2153100
2024-09-27,4.444005909013719,4.528208268995345,4.415938306980044,4.50014066696167,4711400
2024-09-30,4.500141164926969,4.509497182013289,4.35980403146832,4.481429576873779,7711500
2024-10-01,4.4252943799631455,4.453361982357915,4.331736448846258,4.444005966186523,2773100
2024-10-02,4.425294892940831,4.425294892940831,4.350448539371174,4.3972272872924805,2978000
2024-10-03,4.350448539371174,4.415938875684895,4.350448539371174,4.3972272872924805,1224500
2024-10-04,4.387871742248535,4.397227313440647,4.331736976737486,4.387871742248535,3719700
2024-10-07,4.387871716156002,4.415938875684895,4.359804110507652,4.3972272872924805,4260500
2024-10-08,4.41593890194433,4.41593890194433,4.378515724936964,4.387871742248535,5445200
2024-10-09,4.3878713394263045,4.415938496545434,4.256890231925056,4.303668975830078,4965800
2024-10-10,4.303669409177315,4.387871781252089,4.294313837902043,4.341092586517334,1695100
2024-10-11,4.387871830060937,4.387871830060937,4.303669457049531,4.31302547454834,814600
2024-10-14,4.313024992282734,4.341092149401864,4.256890231925056,4.303668975830078,1749700
2024-10-15,4.266246147805922,4.415938854217529,4.266246147805922,4.415938854217529,1839200
2024-10-16,4.378515812562128,4.378515812562128,4.284957868171382,4.31302547454834,1063400
2024-10-17,4.3223804841910995,4.397226829976665,4.294313327581218,4.378515243530273,2004700
2024-10-18,4.378515677614628,4.444006459729433,4.359804089313177,4.415938854217529,1215200
2024-10-21,4.415937907220259,4.425293922424316,4.313024416691791,4.425293922424316,1335300
2024-10-22,4.415938759095191,4.537564303494452,4.406583188205719,4.5282087326049805,3055600
2024-10-23,4.52820831349224,4.52820831349224,4.472073554992676,4.472073554992676,2122700
2024-10-24,4.481429144378976,4.490785160562362,4.4440059718842395,4.453361988067627,1929800
2024-10-25,4.472074005906909,4.500141164926969,4.4627179888205895,4.481429576873779,1249800
2024-10-28,4.490785160562362,4.5001407306263435,4.415938369453484,4.453361988067627,581700
2024-10-29,4.406582799389504,4.472073574314995,4.387871213142136,4.453361988067627,1160000
2024-10-30,4.402814627709864,4.487847675195936,4.33667821346117,4.346126079559326,3202000
2024-11-01,4.355574217876887,4.676809310913086,4.355574217876887,4.676809310913086,3286200
2024-11-04,4.610672899371773,4.724049991031608,4.591776717428467,4.676809310913086,6655200
2024-11-05,4.695705129826443,4.771290302276611,4.6579127688616,4.771290302276611,5242000
2024-11-06,4.809083089990236,4.809083089990236,4.714601728673551,4.724050045013428,2681100
2024-11-07,4.724050204799635,4.742946387598012,4.686257839202881,4.686257839202881,5556600
2024-11-08,4.676809154104163,4.72404983263875,4.676809154104163,4.714601516723633,2824300
2024-11-11,4.7146019361168054,4.903564216544026,4.7146019361168054,4.8468756675720215,5543400
2024-11-12,4.846875587797638,4.875219636556857,4.827979405117981,4.865771770477295,13165200
2024-11-13,4.884668037345939,4.884668037345939,4.6957057567720035,4.733498573303223,5580500
2024-11-14,4.733498715490908,4.733498715490908,4.563432612813764,4.582328796386719,9168800
2024-11-15,4.563431817180264,4.610672493136525,4.516191591744479,4.5445356369018555,6017300
2024-11-18,4.544535466816228,4.657912544243385,4.544535466816228,4.648464679718018,3447100
2024-11-19,4.657913368023459,4.657913368023459,4.591776953087889,4.620121002197266,2347200
2024-11-20,4.639017397115111,4.65791358089177,4.6012250295617925,4.6295695304870605,3835800
2024-11-21,4.601224472233561,4.6484651512134105,4.516191880798538,4.535088062286377,4310800
2024-11-22,4.582328531339104,4.639017078779031,4.535088300399429,4.5917768478393555,3479800
2024-11-25,4.591776956358233,4.610673139284788,4.497296041725458,4.506743907928467,8317600
2024-11-26,4.55398416519165,4.57288034635342,4.497295621706338,4.55398416519165,3201300
2024-11-27,4.5445356369018555,4.582327997458673,4.516191591744479,4.5445356369018555,1347200
2024-11-28,4.516191825329914,4.572880369097172,4.487847328186035,4.487847328186035,1800100
2024-11-29,4.459502600388778,4.582327997458673,4.459502600388778,4.5445356369018555,3203100
2024-12-02,4.563432605846778,4.733498708264282,4.553984739335001,4.695705890655518,3430000
2024-12-03,4.648465471164079,4.79963493347168,4.648465471164079,4.79963493347168,3198500
2024-12-04,4.733498125940837,4.809082850818692,4.733498125940837,4.780738353729248,1643400
2024-12-05,4.799635175985544,4.799635175985544,4.724050441012631,4.742946624755859,3180800
2024-12-06,4.7618426225509625,4.7618426225509625,4.724050256540283,4.733498573303223,860800
2024-12-09,4.7240498100708574,4.799634534948711,4.7240498100708574,4.780738353729248,2128400
2024-12-10,4.780738992242315,4.7901873093742084,4.7051542572694025,4.742946624755859,4725900
2024-12-11,4.705153809088302,4.724049991031608,4.65791312896978,4.676809310913086,3283800
2024-12-12,4.676809364355085,4.752394543512537,4.6390170000366195,4.724050045013428,5384600
2024-12-13,4.724050204799635,4.752394704257468,4.657913339745048,4.686257839202881,1007600
2024-12-16,4.657913339745048,4.742946387598012,4.657913339745048,4.686257839202881,1951100
2024-12-17,4.6862577868308035,4.724050152005202,4.591776873894805,4.639017105102539,3143100
2024-12-18,4.66736085928921,4.66736085928921,4.620120185100999,4.648464679718018,1228800
2024-12-19,4.58232855734094,4.667361604243603,4.553984508720406,4.639017105102539,4067800
2024-12-20,4.67680911748291,4.67680911748291,4.55398416519165,4.55398416519165,5875500
2024-12-23,4.544536166379153,4.60122471381908,4.544536166379153,4.5917768478393555,2008800
2024-12-24,4.610672950744629,4.620120816561294,4.563432270099744,4.610672950744629,1327900
2024-12-26,4.610673297006427,4.629569480579382,4.582328796386719,4.582328796386719,1254300
2024-12-27,4.5728803535038605,4.676809124795859,4.5728803535038605,4.667361259460449,1962100
2024-12-30,4.66736144520169,4.695705492856392,4.629569081315079,4.676809310913086,3307800
2024-12-31,4.676809310913086,4.714601674799698,4.66736144520169,4.676809310913086,4248900
2025-01-02,4.6768089691669825,4.705153465270996,4.6390166080419535,4.705153465270996,1955900
2025-01-03,4.667361840599636,4.705154207687847,4.657913523567307,4.695705890655518,1516000
2025-01-06,4.6768087238145775,4.714601082956963,4.639016364672192,4.648464679718018,2168000
2025-01-07,4.629568723398206,4.799634347740005,4.629568723398206,4.771290302276611,5969900
2025-01-08,4.7334979030092015,4.7334979030092015,4.657912731170654,4.657912731170654,3578400
2025-01-09,4.65791312896978,4.695705492856392,4.639016947026475,4.676809310913086,2621200
2025-01-10,4.629568500146824,4.66736085928921,4.629568500146824,4.648464679718018,3288400
2025-01-13,4.629568889838732,4.6390167551593695,4.55398416519165,4.55398416519165,2857400
2025-01-14,4.601224415720552,4.610672731608678,4.487847328186035,4.487847328186035,1653600
2025-01-15,4.487847328186035,4.525639690697541,4.487847328186035,4.487847328186035,1915300
2025-01-16,4.487847593179418,4.51619209199695,4.468951410807905,4.478399276733398,3885600
2025-01-17,4.478399408278365,4.516192224652014,4.412262993295692,4.506743907928467,1851900
2025-01-20,4.487847096066629,4.553983952301298,4.46895091578822,4.5445356369018555,1587500
2025-01-21,4.506743904718685,4.620121002197266,4.506743904718685,4.620121002197266,1832400
2025-01-22,4.6295695304870605,4.695705948445088,4.582328845785134,4.6295695304870605,1951900
2025-01-23,4.5917771629337425,4.6295695304870605,4.535088611603765,4.6295695304870605,1593200
2025-01-24,4.64846571426372,4.64846571426372,4.563432662008474,4.6295695304870605,1511300
2025-01-27,4.64846511793148,4.64846511793148,4.42171049118042,4.42171049118042,523500
2025-01-28,4.421710306312793,4.705153465270996,4.421710306312793,4.705153465270996,873000
2025-01-31,4.695705897824445,4.695705897824445,4.535088562714609,4.582328796386719,2040700
2025-02-03,4.535088562714609,4.582328796386719,4.535088562714609,4.582328796386719,1924700
2025-02-04,4.535088326133207,4.705153969418003,4.535088326133207,4.639017105102539,3893000
2025-02-05,4.629569132898479,4.629569132898479,4.582328452253594,4.610672950744629,3812100
2025-02-06,4.6295692908077495,4.686257839202881,4.582328608551539,4.686257839202881,2505200
2025-02-07,4.6295692390692045,4.705153969418003,4.591776873894805,4.639017105102539,1356400
2025-02-10,4.657913016697078,4.657913016697078,4.535088062286377,4.535088062286377,1607400
2025-02-12,4.516191659645848,4.705153465270996,4.516191659645848,4.705153465270996,1930000
2025-02-13,4.705153644773834,4.705153644773834,4.57288037578997,4.601224422454834,1313300
2025-02-14,4.629569212799307,4.657913261259007,4.5917768478393555,4.5917768478393555,1072500
2025-02-17,4.629569480579382,4.629569480579382,4.516192379141654,4.582328796386719,636900
2025-02-18,4.54453642924081,4.629569480579382,4.535088562714609,4.582328796386719,1987900
2025-02-19,4.553984350938293,4.591776714803299,4.535088169005791,4.563432216644287,1932300
2025-02-20,4.544535927770045,4.5728804252620545,4.497295699310699,4.535088062286377,1684200
2025-02-21,4.5445358786046075,4.620120603738243,4.535088013223152,4.601224422454834,1544500
2025-02-24,4.553984405580331,4.724050045013428,4.553984405580331,4.724050045013428,1844100
2025-02-25,4.724049988330817,4.724049988330817,4.563432216644287,4.563432216644287,3004600
2025-02-26,4.572880979157083,4.667361898040379,4.572880979157083,4.6295695304870605,2145600
2025-02-27,4.639017340023201,4.7146020741996235,4.639017340023201,4.695705890655518,2649900
2025-02-28,4.724050019557847,4.790186882019043,4.6957055212114716,4.790186882019043,10935500
2025-03-03,4.77129067115013,4.77129067115013,4.648465263258385,4.676809310913086,2428700
2025-03-04,4.667361898040379,4.724050449370356,4.6295695304870605,4.6295695304870605,2920100
2025-03-05,4.714601674799698,4.714601674799698,4.629569081315079,4.676809310913086,2486500
2025-03-06,4.705154022001258,4.724050204799635,4.657913339745048,4.686257839202881,3168200
2025-03-07,4.639016998715144,4.70515386151388,4.591776768590779,4.610672950744629,2132300
2025-03-10,4.6484651512134105,4.6484651512134105,4.516191880798538,4.535088062286377,5719500
2025-03-11,4.535088274368464,4.535088274368464,4.468951410807905,4.478399276733398,1822500
2025-03-12,4.49729585647583,4.506743722289668,4.450055175845081,4.49729585647583,5566600
2025-03-13,4.4878473058652055,4.55398416519165,4.478398990024072,4.55398416519165,4389700
2025-03-14,4.506743670846779,4.591776714803299,4.478399172687768,4.563432216644287,4866700
2025-03-17,4.54453624546062,4.6390171595046015,4.516192196507693,4.572880744934082,1902300
2025-03-19,4.572880532870796,4.629569078668304,4.516191987073288,4.563432216644287,2147000
2025-03-20,4.525639983899177,4.610673030319331,4.525639983899177,4.5917768478393555,1503200
2025-03-21,4.620121213338452,4.64846571426372,4.5917771629337425,4.6295695304870605,9217800
2025-03-24,4.5823282411714255,4.639016785021652,4.5823282411714255,4.601224422454834,1084400
2025-03-25,4.6295695304870605,4.686258081817038,4.5917771629337425,4.6295695304870605,3552300
2025-03-26,4.65791358089177,4.65791358089177,4.572880979157083,4.6295695304870605,5982800
2025-03-27,4.591776768590779,4.629569132898479,4.582328452253594,4.610672950744629,1983300
2025-03-28,4.610673056482005,4.695705652864138,4.58232855734094,4.639017105102539,4126400
2025-04-02,4.7051540505664695,4.7051540505664695,4.582328636371072,4.620121002197266,2156100
2025-04-03,4.544536087945893,4.620120816561294,4.535088222129228,4.610672950744629,474200
2025-04-04,4.620120923795926,4.620120923795926,4.506743828241303,4.52564001083374,841500
2025-04-07,4.487847511788617,4.487847511788617,4.279989509471645,4.383918285369873,4333400
2025-04-08,4.39336643813688,4.39336643813688,4.308333396911621,4.308333396911621,3525400
2025-04-09,4.251644926344842,4.327229652952137,4.176060199737549,4.176060199737549,5037900
2025-04-10,4.270541034260506,4.383918122213851,4.213852490283833,4.308333396911621,4395600
2025-04-11,4.308333210452622,4.336677706474496,4.279989164951228,4.298885345458984,3481900
2025-04-14,4.365022024896687,4.4311588860692455,4.355574159312326,4.4028143882751465,3666600
2025-04-15,4.402814124189634,4.48784716195105,4.402814124189634,4.412262439727783,1469700
2025-04-16,4.412262944328553,4.431159127045399,4.32722989684248,4.346126079559326,1975100
2025-04-17,4.374470471966271,4.374470471966271,4.289437426558727,4.317781925201416,1720600
2025-04-18,4.32722989684248,4.346126079559326,4.317782030744324,4.346126079559326,1395200
2025-04-21,4.365022103341057,4.393366601644539,4.3272297392834265,4.383918285369873,464400
2025-04-22,4.383918021117367,4.412262517712307,4.365021840227569,4.39336633682251,666300
2025-04-23,4.39336633682251,4.468951060381699,4.383918021117367,4.39336633682251,748200
2025-04-24,4.440606751653607,4.440606751653607,4.383918206585917,4.4028143882751465,1684700
2025-04-25,4.440606594085693,4.468951090874032,4.393366366799118,4.440606594085693,1707300
2025-04-28,4.4406064853012674,4.48784716195105,4.365021763078,4.412262439727783,2832800
2025-04-29,4.412262619462438,4.412262619462438,4.308333396911621,4.308333396911621,1773600
2025-04-30,4.308333380996134,4.487847328186035,4.308333380996134,4.487847328186035,4101100
2025-05-02,4.4878472412714965,4.4878472412714965,4.365021840227569,4.39336633682251,4715300
2025-05-05,4.402814202007164,4.431158698602104,4.374470155932713,4.39336633682251,1039800
2025-05-06,4.393366259171967,4.4311586202835995,4.383917943633818,4.412262439727783,779300
2025-05-07,4.440606672532966,4.468951169822037,4.402814309827873,4.42171049118042,7387600
2025-05-08,4.525496871977012,4.525496871977012,4.389829003131803,4.428591251373291,4205100
2025-05-09,4.428591128067012,4.4673533752292345,4.4189003352352385,4.457662582397461,3851600
2025-05-13,4.4867351042296715,4.593331067268132,4.44797285183705,4.5448784828186035,6544000
2025-05-14,4.5448784828186035,4.5448784828186035,4.496425436286578,4.5448784828186035,5854700
2025-05-15,4.544877713316136,4.583639959145843,4.4770435520729395,4.496424674987793,4951100
2025-05-16,4.496425436286578,4.5448784828186035,4.438282057697646,4.5448784828186035,6022700
2025-05-19,4.496424995819786,4.5642591619031325,4.496424995819786,4.535187244415283,2554200
2025-05-20,4.506115992267923,4.544878242611875,4.477044073468723,4.486734867095947,1954200
2025-05-21,4.5351876886791995,4.55456881487551,4.4867351042296715,4.5448784828186035,1251800
2025-05-22,4.544878242611875,4.544878242611875,4.477044073468723,4.486734867095947,2547300
2025-05-23,4.496425041900492,4.535187290893237,4.496425041900492,4.525496959686279,1013400
2025-05-26,4.506115789009886,4.5448780376053834,4.506115789009886,4.535187244415283,1213700
2025-05-27,4.525496959686279,4.525496959686279,4.47704391740412,4.525496959686279,1005600
2025-05-28,4.486734899226407,4.506116024537176,4.467353773915639,4.477044105529785,1712300
2025-05-29,4.486734498810345,4.515805953140794,4.457662582397461,4.457662582397461,1070700
2025-05-30,4.506115608772054,4.506115608772054,4.3316850349868234,4.341375827789307,10222100
2025-06-03,4.428591487956143,4.428591487956143,4.321995068556265,4.370448112487793,2522400
2025-06-04,4.370447559243095,4.418900134958652,4.3413756441478295,4.389828681945801,1581900
2025-06-05,4.380138318909452,4.428591361456958,4.380138318909452,4.399519443511963,1295500
2025-06-06,4.399519760937733,4.496425390942035,4.399519760937733,4.438282012939453,1249600
2025-06-09,4.43828145881635,4.486734498810345,4.43828145881635,4.457662582397461,431500
2025-06-10,4.457662897012807,4.515806271859815,4.3607572722677945,4.380138397216797,1739000
2025-06-11,4.409210004485901,4.457662582397461,4.399519211654128,4.457662582397461,919400
2025-06-12,4.486734815477545,4.486734815477545,4.312304228854054,4.380138397216797,3148500
2025-06-13,4.4092100501051865,4.477043752299689,4.360757009609879,4.447972297668457,1108700
2025-06-16,4.48673458787129,4.573949414676272,4.389828968042174,4.554568290710449,4300300
2025-06-17,4.506116184983711,4.525497310984571,4.418900886938593,4.438282012939453,967600
2025-06-18,4.457662817319494,4.486734735264489,4.389829112251937,4.399519443511963,2840900
2025-06-19,4.409210205078125,4.457662785193983,4.389829080615291,4.409210205078125,3977300
2025-06-20,4.380138028536035,4.389828821236086,4.341375781900688,4.3510661125183105,7909100
2025-06-23,4.360757085909463,4.438281582392439,4.321994837667974,4.428591251373291,920300
2025-06-24,4.409209804648507,4.47704350306677,4.38013788955324,4.389828681945801,2769600
2025-06-25,4.4285909273512125,4.457662380364064,4.38013788955324,4.389828681945801,4229700
2025-06-26,4.389829428978549,4.486735058982851,4.389829428978549,4.438282012939453,3630800
2025-06-30,4.4770435520729395,4.583639959145843,4.4382813062432325,4.496424674987793,3718400
2025-07-01,4.506115711837113,4.583640207700406,4.506115711837113,4.554568290710449,1375200
2025-07-02,4.573949414676272,4.573949414676272,4.535187166744626,4.554568290710449,1422300
2025-07-03,4.554568468591908,4.63209342956543,4.544878137271756,4.63209342956543,3357500
2025-07-04,4.603021387980789,4.670855553732293,4.573949470635158,4.6611647605896,3573300
2025-07-07,4.641783792855518,4.641783792855518,4.583640418286766,4.622402667999268,1127600
2025-07-08,4.60302165384035,4.641783904485039,4.55456860949325,4.5933308601379395,2127500
2025-07-09,4.59333035223608,4.632093060677107,4.583640021687643,4.603021144866943,3644000
2025-07-10,4.573949198253129,4.632093029481882,4.535186952155576,4.6127119064331055,1360400
2025-07-11,4.622402636162816,4.661164885608346,4.564259261994522,4.63209342956543,3510100
2025-07-14,4.632093383071547,4.699927087879123,4.632093383071547,4.641783714294434,1846900
2025-07-15,4.641783391225545,4.670855307035708,4.603021144866943,4.603021144866943,2235400
2025-07-16,4.6127123366123755,4.66116491771177,4.603021543143017,4.622402667999268,1789600
2025-07-17,4.622402667999268,4.651474586324877,4.6127123366123755,4.622402667999268,1791900
2025-07-18,4.622402667999268,4.680546042568021,4.6127123366123755,4.622402667999268,3010900
2025-07-21,4.622402667999268,4.632093461468626,4.603021543143017,4.622402667999268,1532900
2025-07-22,4.622402268046244,4.632093060677107,4.59333035223608,4.603021144866943,1578200
2025-07-23,4.603021144866943,4.641783391225545,4.59333035223608,4.603021144866943,2648000
2025-07-24,4.622402512183726,4.670855553732293,4.622402512183726,4.6611647605896,1456200
2025-07-25,4.63209342956543,4.641783760885581,4.603021511440051,4.63209342956543,603300
2025-07-28,4.622402796268707,4.72899921697732,4.622402796268707,4.709618091583252,2449500
2025-07-29,4.719308180205311,4.719308180205311,4.651474475860596,4.651474475860596,1867000
2025-07-30,4.622402589766204,4.651474507599778,4.6030214652379735,4.641783714294434,909900
2025-07-31,4.622402667999268,4.651474586324877,4.603021543143017,4.622402667999268,2131200
2025-08-01,4.651474183856408,4.6999267607634465,4.59333035223608,4.603021144866943,4730100
2025-08-04,4.603021113867506,4.632093029481882,4.573949198253129,4.6127119064331055,1474000
2025-08-05,4.612712304842665,4.63209342956543,4.612712304842665,4.63209342956543,1718800
2025-08-06,4.6127119374978065,4.632093060677107,4.603021144866943,4.603021144866943,1694600
2025-08-07,4.593330749673658,4.66116491771177,4.593330749673658,4.622402667999268,3123900
2025-08-08,4.622402827910145,4.7096181238216985,4.622402827910145,4.69992733001709,3834400
2025-08-11,4.699927095226997,4.787142386781612,4.699927095226997,4.758070468902588,2393700
2025-08-12,4.777451483666135,4.854976442201043,4.767761152650801,4.787142276763916,2915900
2025-08-13,4.787142122378104,4.854976285627573,4.787142122378104,4.825904369354248,5269500
2025-08-14,4.854976395353662,4.884047850201591,4.77745143756682,4.79683256149292,3972200
2025-08-15,4.7968323609048,4.825904276619477,4.709617537925617,4.72899866104126,3836100
2025-08-18,4.73868962882778,4.825904925618302,4.73868962882778,4.80652379989624,7410400
2025-08-19,4.80652379989624,4.816214131716029,4.73868962882778,4.80652379989624,5274900
2025-08-20,4.80652361530871,5.048787908571921,4.787142490330951,4.971263408660889,7328300
2025-08-21,4.971263040316196,4.990644163857914,4.893738546149325,4.942191123962402,4575700
2025-08-22,4.942191358460861,4.9518821517327485,4.874357653887473,4.884047985076904,2441500
2025-08-25,4.884047753337248,4.951881916774479,4.884047753337248,4.942191123962402,5959000
2025-08-26,4.9518821517327485,4.9518821517327485,4.864666860615586,4.884047985076904,5576200
2025-08-27,4.884048063554476,4.893738856982076,4.845285814009001,4.864666938781738,1752000
2025-08-28,4.884048303058099,4.951882474130359,4.864667177334951,4.9228105545043945,7834800
2025-08-29,4.922810202105468,4.922810202105468,4.825904580426709,4.893738746643066,9189200
2025-09-02,4.903429109538223,4.903429109538223,4.825904611692948,4.884047985076904,5156000
2025-09-03,4.884047553844575,4.9518817145110665,4.835594515928165,4.874357223510742,4862200
2025-09-04,4.864666783067347,4.922810155524433,4.864666783067347,4.90342903137207,9287500
2025-09-08,4.913120065379419,4.961572647094727,4.893738940276802,4.961572647094727,15320500
2025-09-09,4.971263440687271,4.971263440687271,4.942191521992109,4.961572647094727,9104100
2025-09-10,4.971263330283859,5.000334786250922,4.942191412234337,4.990644454956055,5756100
2025-09-11,4.980953661578726,5.000334786250922,4.980953661578726,4.990644454956055,25143100
2025-09-12,5.0003346617904345,5.058478034359806,5.0003346617904345,5.019715785980225,3205400
2025-09-17,5.0294068663803175,5.087550242270656,4.990644615786758,5.068169116973877,6286300
2025-09-18,5.068169038273222,5.106931288264865,5.068169038273222,5.087550163269043,6790900
2025-09-19,5.087550163269043,5.0972409568081885,5.019715994742434,5.087550163269043,7493400
2025-09-22,5.087549975681306,5.136003017425537,5.087549975681306,5.136003017425537,3126600
2025-09-23,5.068168960169914,5.126312334261356,5.068168960169914,5.106931209564209,5317400
2025-09-24,5.126312492864216,5.126312492864216,5.058478323284249,5.068169116973877,4828800
2025-09-25,5.087550163269043,5.087550163269043,5.068169038273222,5.087550163269043,6808700
2025-09-26,5.087550195303045,5.087550195303045,5.058478276585025,5.077859401702881,6942200
2025-09-29,5.077859401702881,5.155384364256775,5.077859401702881,5.077859401702881,4794600
2025-09-30,5.097240587838787,5.145693165779813,5.058477878570557,5.058477878570557,8089700
2025-10-01,5.058477878570557,5.106930918594018,5.029406424222429,5.058477878570557,6057700
2025-10-02,5.087550163269043,5.136003206799831,5.068169038273222,5.087550163269043,7049900
2025-10-03,5.0972409568081885,5.0972409568081885,5.039097119738255,5.087550163269043,2387900
2025-10-06,5.0972409568081885,5.106931288264865,5.068169038273222,5.087550163269043,2396000
2025-10-07,5.0778590021634535,5.08754979500112,5.029406424222429,5.058477878570557,9385200
2025-10-08,5.097240447998047,5.11662157105923,5.048787409303875,5.097240447998047,6544900
2025-10-09,5.1263123023774435,5.136003095706974,5.077859259894705,5.116621971130371,7489900
2025-10-10,5.136002862621794,5.2038365645202065,5.116621738924756,5.174765110015869,13380400
2025-10-13,5.155384141706739,5.155384141706739,5.106931099962508,5.136003017425537,3845100
2025-10-14,5.136002835024581,5.145693165779813,5.058477878570557,5.058477878570557,3785200
2025-10-15,5.058478135318102,5.145693426954047,5.058478135318102,5.116621971130371,7558600
2025-10-16,5.153502553449167,5.212512539939434,5.123998029169992,5.163337707519531,4051600
2025-10-17,5.123998029169992,5.192842700764664,5.123998029169992,5.163337707519531,6198200
2025-10-21,5.15350250717316,5.242017017147783,5.133832668175017,5.212512493133545,8341500
2025-10-22,5.222346916319343,5.222346916319343,5.18300724029541,5.18300724029541,8432200
2025-10-23,5.183007411247706,5.2125124037217905,5.153502418773622,5.202677249908447,10571500
2025-10-24,5.133832714274398,5.22234722504384,5.133832714274398,5.163337707519531,9947600
2025-10-27,5.2223470792264575,5.310861587524414,5.163337563349802,5.310861587524414,28264400
2025-10-28,5.31086163338186,5.350201310972649,5.242016963115006,5.2616868019104,21662700
2025-10-29,5.24201692722993,5.251852081043273,5.183007411247706,5.202677249908447,7970400
2025-10-30,5.21251218806249,5.242016710349927,5.1633373589621945,5.232182025909424,14826500
2025-10-31,5.173172645168632,5.2321821602242595,5.173172645168632,5.192842483520508,9187400
2025-11-03,5.192842600609495,5.31086163338186,5.183007446728824,5.2616868019104,8127400
2025-11-04,5.251852171129832,5.28135669514407,5.202677339151496,5.212512493133545,6457600
2025-11-05,5.2321821602242595,5.2321821602242595,5.183007329861601,5.192842483520508,9588900
2025-11-06,5.21251243940489,5.291191794586466,5.21251243940489,5.2616868019104,17691600
2025-11-07,5.281356595103113,5.310861587524414,5.24201691785201,5.310861587524414,18176500
2025-11-10,5.310861453653859,5.5075598349512145,5.310861453653859,5.35020112991333,9059000
2025-11-11,5.350201381813527,5.42888073803688,5.350201381813527,5.379705905914307,7841400
2025-11-12,5.369870877870344,5.40921055346921,5.330531202271478,5.340365886688232,7725800
2025-11-13,5.3993756268564255,5.3993756268564255,5.301026433728666,5.310861587524414,8815800
2025-11-14,5.301026262423368,5.350201091881111,5.251851901931554,5.291191577911377,17252300
2025-11-17,5.291191794586466,5.31086163338186,5.232182278200284,5.2616868019104,10576200
2025-11-18,5.2616868019104,5.301026479501188,5.232182278200284,5.2616868019104,8736600
2025-11-19,5.261686756477562,5.330531426149966,5.24201691785201,5.310861587524414,10705900
2025-11-20,5.320696408474441,5.369871240779341,5.242017051959367,5.271522045135498,7528400
2025-11-21,5.301026433728666,5.310861587524414,5.251852071647758,5.310861587524414,8284500
2025-11-24,5.310861285956136,5.310861285956136,5.192842260904335,5.222346782684326,18735100
2025-11-25,5.27152170160329,5.281356386043794,5.21251218806249,5.232182025909424,8286200
2025-11-26,5.291191849126119,5.291191849126119,5.15350250717316,5.212512493133545,12915300
2025-11-27,5.20267738586907,5.232182379114203,5.143667868344761,5.163337707519531,6282800
2025-11-28,5.114162534877382,5.173172517441979,5.094492697011158,5.123997688293457,7059200
2025-12-01,5.1239979405256815,5.192842610929352,5.104328101691197,5.153502464294434,4243500
2025-12-02,5.1633373589621945,5.232182025909424,5.153502205555765,5.232182025909424,8823500
2025-12-03,5.232182332131688,5.232182332131688,5.133832668175017,5.212512493133545,4808800
2025-12-04,5.212512493133545,5.232182332131688,5.163337661155209,5.212512493133545,7611000
2025-12-05,5.2026771682134765,5.222347006565352,5.163337491509725,5.192842483520508,5180300
2025-12-08,5.13383262545995,5.183007457029135,5.104328101691197,5.153502464294434,9601100
2025-12-09,5.173172815137257,5.212512493133545,5.15350250717316,5.212512493133545,7499900
2025-12-10,5.212512149308857,5.212512149308857,5.163337320574163,5.173172473907471,4734300
2025-12-11,5.17317271714555,5.340366110979769,5.17317271714555,5.310861587524414,5136600
2025-12-12,5.330531336222862,5.35020117451658,5.212512306460554,5.301026344299316,4338900
2025-12-15,5.232182278200284,5.301026479501188,5.202677285524218,5.2616868019104,8747600
2025-12-16,5.232181932815511,5.330531120300293,5.232181932815511,5.330531120300293,5281100
2025-12-17,5.3600358963012695,5.3797057347312105,5.291191696279447,5.3600358963012695,2709400
2025-12-18,5.291191652316229,5.438715673798015,5.291191652316229,5.409210681915283,4043700
2025-12-19,5.409210586704707,5.56656929006702,5.409210586704707,5.507559776306152,15167400
2025-12-22,5.537064645344979,5.537064645344979,5.360035639007366,5.43871545791626,4530800
2025-12-23,5.369870961569232,5.468220152099342,5.369870961569232,5.458385467529297,6001900
2025-12-24,5.458385585542629,5.566569462981779,5.438715747011335,5.5272297859191895,4173100
2025-12-26,5.537065064224928,5.59607458114624,5.458385708329844,5.59607458114624,7433200
2025-12-29,5.605909004418939,5.605909004418939,5.507559814141857,5.5665693283081055,8833100
2025-12-30,5.576404306562124,5.684588646949835,5.478055119375985,5.655083656311035,6839800
2025-12-31,5.655083962035773,5.655083962035773,5.527229777298791,5.635414123535156,7198600
2026-01-02,5.556734561920166,5.556734561920166,5.478055210857341,5.556734561920166,5993000
2026-01-05,5.566569246320057,5.566569246320057,5.497725048623047,5.556734561920166,10283400
2026-01-06,5.517395101136513,5.605909140044369,5.517395101136513,5.5272297859191895,5693200
2026-01-07,5.576404438119569,5.6255787983897925,5.5272296088834185,5.615744113922119,7820300
2026-01-08,5.615744330393354,5.615744330393354,5.586239337921143,5.586239337921143,11093100
2026-01-09,5.58623899079778,5.694423331185491,5.537064631687668,5.655083656311035,8947200
2026-01-12,5.655084068571606,5.832112618412192,5.655084068571606,5.812442779541016,18032200
2026-01-13,5.812442798422125,5.812442798422125,5.704258918762207,5.704258918762207,10466900
2026-01-14,5.704258527594027,5.743598202766462,5.596074186386873,5.6059088706970215,13503200
2026-01-15,5.576404443510128,5.605908965907598,5.448550262545285,5.507559776306152,7044200
2026-01-16,5.507559694248866,5.546899369503321,5.478055172290985,5.497725009918213,8100700
2026-01-19,5.497725009918213,5.497725009918213,5.497725009918213,5.497725009918213,0
2026-01-20,5.507559776306152,5.556734605589839,5.458385415988394,5.507559776306152,8311100
2026-01-21,5.537064939667808,5.596074455261692,5.517395101136513,5.5272297859191895,9393100
2026-01-22,5.527229570788644,5.586239084085763,5.527229570788644,5.556734561920166,9079300
2026-01-23,5.566569195524587,5.645248545869456,5.546899357938369,5.6059088706970215,8337300
2026-01-26,5.605909202429661,5.792772905039443,5.605909202429661,5.7534332275390625,5907100
2026-01-27,5.782938047819093,5.822277724147174,5.714093379761985,5.733763217926025,7574100
2026-01-28,5.704258918762207,5.75343328161691,5.674753925876623,5.704258918762207,23874400
2026-01-29,5.674753925876623,5.7140936037467664,5.64524893299104,5.704258918762207,22131700
2026-01-30,5.723928622680028,5.773102984374796,5.723928622680028,5.743598461151123,8800000
2026-02-03,5.743598497367702,5.87145221375304,5.743598497367702,5.802608013153076,8668400
2026-02-04,5.802607976564409,5.8419476535066,5.743598461151123,5.743598461151123,8901000
2026-02-05,5.74359859663235,5.792772959487054,5.694423764811695,5.704258918762207,12327300
2026-02-06,5.704258918762207,5.704258918762207,5.655084086941551,5.704258918762207,6771400
2026-02-09,5.704258918762207,5.75343328161691,5.664919240892064,5.704258918762207,3496600
2026-02-10,5.704258747493661,5.7140934321829375,5.664919070804679,5.68458890914917,5647800
2026-02-11,5.684589079827135,5.7337634426818385,5.664919240892064,5.704258918762207,6328800
2026-02-12,5.74359859663235,5.74359859663235,5.684589079827135,5.704258918762207,16280200
2026-02-13,5.704258613655107,5.733763135996612,5.694423460230653,5.723928451538086,17384500
2026-02-16,5.733763045886843,5.7534328834606985,5.694423370739133,5.714093208312988,7486100
2026-02-19,5.68458902639637,5.792772905039443,5.68458902639637,5.7534332275390625,7271500
2026-02-20,5.753433316753584,5.7829383098193565,5.733763477698387,5.76326847076416,5592300
2026-02-23,5.763268033243098,5.832112230226971,5.733763042417209,5.822277545928955,5882200
2026-02-24,5.812442608219387,5.8616174384308755,5.77310293163657,5.7927727699279785,8744600
2026-02-25,5.792772994863977,5.792772994863977,5.743598631708963,5.76326847076416,7732100
2026-02-26,5.753432973879591,5.782937965187023,5.694423460230653,5.723928451538086,13019700
2026-02-27,5.763267996698747,5.773102680934402,5.596074143999352,5.655083656311035,11171500
2026-03-02,5.723928324684495,5.723928324684495,5.517394797007442,5.546899318695068,10411100
2026-03-03,5.5468994521467305,5.5468994521467305,5.497725091828972,5.507559776306152,13569100
2026-03-04,5.478055215460514,5.527229575433138,5.39937539536565,5.448550224304199,6195100
2026-03-05,5.448550262545285,5.56656929006702,5.428880424624996,5.507559776306152,4811200
2026-03-06,5.507559776306152,5.56656929006702,5.448550262545285,5.507559776306152,5455300
2026-03-09,5.497725289270141,5.832112545923987,5.4190459347633535,5.694423675537109,15948700
2026-03-10,5.664919115769053,5.694423639037008,5.605909131301259,5.635414123535156,5476000
2026-03-11,5.605909176580635,5.605909176580635,5.556734814414877,5.586239337921143,5181300
2026-03-12,5.58623899079778,5.684588646949835,5.556734469124896,5.655083656311035,11879400
2026-03-13,5.6059088706970215,5.655083699145524,5.537064673628221,5.6059088706970215,14344200
2026-03-16,5.605909255120896,5.782938274502493,5.576404731201265,5.704258918762207,7733100
2026-03-17,5.704258484387063,5.704258484387063,5.605908828235007,5.655083656311035,14306500
2026-03-18,5.664918937889148,5.763268127304045,5.664918937889148,5.723928451538086,10904300
2026-03-19,5.723928658772578,5.900957206128699,5.723928658772578,5.802608013153076,15661000
2026-03-20,5.802608013153076,5.802608013153076,5.802608013153076,5.802608013153076,0
2026-03-24,5.861617666040145,5.900957344150538,5.664919275488176,5.76326847076416,11597300
2026-03-25,5.723928757697278,5.8222779523726365,5.664919240892064,5.704258918762207,11912700
2026-03-26,5.704258865146561,5.792772905039443,5.694423711288492,5.7534332275390625,19822800
2026-03-27,5.753432879979162,5.910792049440701,5.7435981956811455,5.822277545928955,27353000
2026-03-30,5.792772663693945,6.294354234375222,5.782937979211568,6.107490539550781,44169200
2026-03-31,6.294354294728418,6.294354294728418,5.920626901496065,5.950131893157959,15259200
2026-04-01,6.294354437263821,6.343528799192619,5.832112527544268,5.910792350769043,7248500
2026-04-02,5.910792122903874,6.077985509775498,5.851782140518683,6.048480987548828,24149700
2026-04-03,6.028811099064866,6.186169800193501,6.028811099064866,6.097655296325684,29053500
2026-04-06,6.097655296325684,6.136994971607843,6.077985458684604,6.097655296325684,24740800
2026-04-07,6.1074907559743234,6.1468304332297174,6.009141562835836,6.077985763549805,8825600
2026-04-08,5.9993062988764905,6.087820805558749,5.8026079162114,5.900957107543945,17861600
2026-04-09,5.861617341850841,5.959966531687413,5.861617341850841,5.891121864318848,18886300
2026-04-10,5.891121864318848,5.940296693720098,5.841947503883526,5.891121864318848,12982400
2026-04-13,5.9304622710578405,6.0779858278431105,5.891122124420359,5.920627117156982,12157000
2026-04-14,5.920626945810454,5.959966622343472,5.881287269277436,5.900957107543945,14387900
2026-04-15,5.900957107543945,5.910792261160168,5.871452115661214,5.900957107543945,16708100
2026-04-16,5.900957017785469,5.910792171252091,5.871452026351533,5.891121864318848,28020300
2026-04-17,5.900957017785469,5.900957017785469,5.8812871798181545,5.891121864318848,10752700
2026-04-20,5.89112208874704,5.900957242588342,5.832112572597071,5.861617565155029,7790900
2026-04-21,5.851782067788924,5.881287058614812,5.8124423926650195,5.822277545928955,15450200
2026-04-22,5.822277665916212,5.900957017785469,5.802607827948897,5.891121864318848,11865700
2026-04-23,5.891122170532699,5.891122170532699,5.851782492553239,5.871452331542969,22655300
2026-04-24,5.881287269277436,5.900957107543945,5.871452115661214,5.900957107543945,12084400
2026-04-27,5.900956892736236,6.048480908847826,5.900956892736236,5.930461883544922,6952800
2026-04-28,5.940296821156609,5.999306336324477,5.891121990700417,5.959966659545898,29487000
2026-04-29,5.959966577734635,5.9698017312772444,5.891121909834171,5.950131893157959,20719600
2026-04-30,5.910792073218389,6.1271602872702635,5.910792073218389,6.097655296325684,14427900
2026-05-04,6.097655681014863,6.264849545994933,6.05831600325084,6.196005344390869,11018100
2026-05-05,6.196005344390869,6.196005344390869,6.05831600325084,6.196005344390869,4513100
2026-05-06,6.196005083114545,6.225509605710425,6.136995099990924,6.166500091552734,10024200
2026-05-07,6.159999847412109,6.239999771118164,6.110000133514404,6.199999809265137,10440300
2026-05-08,6.199999809265137,6.25,6.059999942779541,6.059999942779541,12264000
2026-05-11,6.059999942779541,6.190000057220459,6.059999942779541,6.099999904632568,12843400
2026-05-12,6.130000114440918,6.230000019073486,6.099999904632568,6.099999904632568,7823600
2026-05-13,6.130000114440918,6.130000114440918,5.949999809265137,6.0,8381600
2026-05-14,6.0,6.099999904632568,5.929999828338623,5.980000019073486,7370300
2026-05-15,5.980000019073486,5.980000019073486,5.849999904632568,5.909999847412109,14683800
2026-05-18,5.920000076293945,6.039999961853027,5.909999847412109,5.980000019073486,6278500
2026-05-19,6.0,6.0,5.929999828338623,5.949999809265137,8335700
2026-05-20,5.980000019073486,6.019999980926514,5.940000057220459,5.989999771118164,10190600
2026-05-21,5.989999771118164,6.03000020980835,5.880000114440918,5.920000076293945,9157800
2026-05-22,5.920000076293945,5.96999979019165,5.860000133514404,5.940000057220459,12216800
2026-05-25,5.940000057220459,5.960000038146973,5.920000076293945,5.940000057220459,12043900
2026-05-26,5.940000057220459,5.980000019073486,5.820000171661377,5.900000095367432,12953700
2026-05-27,5.900000095367432,5.900000095367432,5.900000095367432,5.900000095367432,0
2026-05-28,5.900000095367432,5.940000057220459,5.820000171661377,5.900000095367432,11899000
2026-05-29,5.849999904632568,5.900000095367432,5.809999942779541,5.809999942779541,24848700
2026-06-02,5.809999942779541,5.809999942779541,5.809999942779541,5.809999942779541,0
2026-06-03,5.900000095367432,5.900000095367432,5.760000228881836,5.840000152587891,7398900
2026-06-04,5.849999904632568,6.150000095367432,5.840000152587891,6.039999961853027,20305500
2026-06-05,6.039999961853027,6.039999961853027,5.909999847412109,5.909999847412109,6040800
2026-06-08,5.929999828338623,6.090000152587891,5.909999847412109,6.019999980926514,5232300
2026-06-09,6.099999904632568,6.099999904632568,5.96999979019165,6.019999980926514,8075700
2026-06-10,6.019999980926514,6.090000152587891,6.010000228881836,6.03000020980835,12305800
2026-06-11,6.03000020980835,6.099999904632568,5.96999979019165,6.050000190734863,6839100
2026-06-12,6.039999961853027,6.079999923706055,5.989999771118164,6.0,6094100
2026-06-15,6.070000171661377,6.079999923706055,5.980000019073486,6.010000228881836,9681200
2026-06-16,6.010000228881836,6.03000020980835,5.909999847412109,6.0,7452100
2026-06-18,6.0,6.079999923706055,5.96999979019165,6.010000228881836,7883300
2026-06-19,6.019999980926514,6.050000190734863,5.989999771118164,6.019999980926514,11169000
2026-06-22,6.019999980926514,6.159999847412109,6.019999980926514,6.099999904632568,7409200
2026-06-23,6.130000114440918,6.28000020980835,6.070000171661377,6.079999923706055,19777700
2026-06-24,6.199999809265137,6.199999809265137,6.059999942779541,6.090000152587891,17997700
2026-06-25,6.190000057220459,6.190000057220459,5.96999979019165,6.0,11630300
2026-06-26,6.0,6.039999961853027,5.960000038146973,6.03000020980835,3593500
2026-06-29,5.980000019073486,6.050000190734863,5.960000038146973,5.960000038146973,7403700
2026-06-30,5.960000038146973,6.019999980926514,5.940000057220459,5.980000019073486,13857700
2026-07-01,5.940000057220459,6.019999980926514,5.940000057220459,5.980000019073486,3908700
2026-07-02,5.980000019073486,6.059999942779541,5.980000019073486,6.039999961853027,2122200
2026-07-03,6.039999961853027,6.099999904632568,6.010000228881836,6.039999961853027,10182000
2026-07-06,6.179999828338623,6.179999828338623,6.019999980926514,6.150000095367432,2523900
2026-07-07,6.139999866485596,6.139999866485596,6.050000190734863,6.090000152587891,11302800
2026-07-08,6.090000152587891,6.159999847412109,6.059999942779541,6.119999885559082,5884900
2026-07-09,6.110000133514404,6.199999809265137,6.079999923706055,6.159999847412109,13161500
2026-07-10,6.199999809265137,6.25,6.159999847412109,6.239999771118164,6163300
2026-07-13,6.239999771118164,6.579999923706055,6.199999809265137,6.449999809265137,17132100
2026-07-14,6.480000019073486,6.599999904632568,6.429999828338623,6.5,16354100
2026-07-15,6.53000020980835,6.679999828338623,6.5,6.619999885559082,17847300
2026-07-16,6.639999866485596,6.78000020980835,6.619999885559082,6.699999809265137,17356100
2026-07-17,6.760000228881836,6.78000020980835,6.590000152587891,6.75,9476900
2026-07-20,6.739999771118164,6.75,6.670000076293945,6.730000019073486,5527900
2026-07-21,6.690000057220459,6.739999771118164,6.559999942779541,6.619999885559082,4221000
2026-07-22,6.599999904632568,6.599999904632568,6.460000038146973,6.590000152587891,12702300
2026-07-23,6.599999904632568,6.639999866485596,6.510000228881836,6.559999942779541,6669700
2026-07-24,6.599999904632568,6.690000057220459,6.550000190734863,6.630000114440918,26659700
2026-07-27,6.630000114440918,6.659999847412109,6.550000190734863,6.590000152587891,5623800
2026-07-28,6.599999904632568,6.599999904632568,6.519999980926514,6.570000171661377,5924400
2026-07-29,6.570000171661377,6.650000095367432,6.489999771118164,6.570000171661377,11669200
2026-07-30,6.570000171661377,6.659999847412109,6.489999771118164,6.599999904632568,8730700
2026-07-31,6.599999904632568,6.659999847412109,6.53000020980835,6.570000171661377,8809000
2026-08-03,6.570000171661377,6.619999885559082,6.519999980926514,6.570000171661377,3220500
2026-08-04,6.599999904632568,6.710000038146973,6.539999961853027,6.690000057220459,4591300
2026-08-05,6.739999771118164,6.809999942779541,6.630000114440918,6.809999942779541,7537300
2026-08-06,6.849999904632568,6.849999904632568,6.739999771118164,6.78000020980835,3175100
2026-08-07,6.78000020980835,6.789999961853027,6.71999979019165,6.78000020980835,5325400
2026-08-10,6.760000228881836,6.940000057220459,6.71999979019165,6.829999923706055,5136400
2026-08-11,6.829999923706055,6.949999809265137,6.679999828338623,6.909999847412109,14801300
2026-08-12,6.920000076293945,7.0,6.769999980926514,6.800000190734863,13247300
2026-08-13,6.800000190734863,6.800000190734863,6.650000095367432,6.690000057220459,5485300
2026-08-14,6.659999847412109,6.690000057220459,6.539999961853027,6.539999961853027,5266300
2026-08-17,6.539999961853027,6.639999866485596,6.53000020980835,6.53000020980835,17007300
2026-08-18,6.53000020980835,6.75,6.53000020980835,6.710000038146973,11541600
2026-08-19,6.710000038146973,6.75,6.539999961853027,6.539999961853027,11318300
2026-08-20,6.639999866485596,6.679999828338623,6.559999942779541,6.619999885559082,12243400
2026-08-21,6.639999866485596,6.670000076293945,6.559999942779541,6.639999866485596,15387700
2026-08-24,6.650000095367432,6.699999809265137,6.579999923706055,6.650000095367432,7670800
2026-08-26,6.639999866485596,6.760000228881836,6.539999961853027,6.550000190734863,11087600
2026-08-27,6.550000190734863,6.699999809265137,6.409999847412109,6.449999809265137,12718400
2026-08-28,6.420000076293945,6.539999961853027,6.300000190734863,6.360000133514404,31775600
2026-08-31,6.360000133514404,6.360000133514404,6.360000133514404,6.360000133514404,0
2026-09-01,6.360000133514404,6.480000019073486,6.289999961853027,6.349999904632568,23137800
2026-09-02,6.349999904632568,6.550000190734863,6.320000171661377,6.480000019073486,27143800
2026-09-03,6.480000019073486,6.579999923706055,6.380000114440918,6.400000095367432,10020000
2026-09-04,6.400000095367432,6.400000095367432,6.019999980926514,6.199999809265137,25895000
