Date,Open,High,Low,Close,Volume
2015-01-02,13.317103268925413,13.550305475750973,13.218912742838503,13.50121021270752,430300
2015-01-05,13.550301195385785,13.550301195385785,13.255729710176384,13.390741348266602,565800
2015-01-06,13.390744630582434,13.501209257243612,12.887517927368902,13.36619758605957,547900
2015-01-07,13.439842046029794,13.648497225299332,13.132996331871471,13.231186866760254,1372500
2015-01-08,13.562578840185651,13.562578840185651,13.24345906264638,13.403018951416016,829100
2015-01-09,13.403017782720312,13.439838932141605,13.304827270581377,13.329374313354492,1293400
2015-01-12,13.145265110592101,13.488931843336402,13.010253472501883,13.390741348266602,1286900
2015-01-13,13.439837109494999,13.439837109494999,13.071622153647928,13.317099571228027,1937800
2015-01-14,13.206634967421598,13.34164661067219,13.206634967421598,13.317099571228027,1550200
2015-01-15,13.427563004511379,13.427563004511379,13.145265613026574,13.317099571228027,767300
2015-01-16,13.353921003140533,13.353921003140533,13.071622435055295,13.132991790771484,1550100
2015-01-19,13.083896540303153,13.16981293599196,12.961158999393874,13.132991790771484,2015800
2015-01-20,13.047075395082679,13.292551647424341,13.034801289834821,13.132991790771484,1132400
2015-01-21,13.047077603813724,13.15754222869873,13.047077603813724,13.15754222869873,1684900
2015-01-22,13.206641002473054,13.623951398430261,13.206641002473054,13.562582015991211,1704000
2015-01-23,13.636222718776079,13.77123557820976,13.62394978016495,13.722140312194824,2197800
2015-01-26,13.501211029865871,13.722140312194822,13.501211029865871,13.722140312194824,1450900
2015-01-27,13.501208528187693,13.85714943347353,13.501208528187693,13.709863662719727,1457800
2015-01-28,13.79578081827894,13.79578081827894,13.206637703295776,13.636220932006836,1620400
2015-01-29,13.304829253626313,13.6484960973351,13.304829253626313,13.62394905090332,1738000
2015-01-30,13.525758524129381,13.636221988857505,13.525758524129381,13.62394905090332,2686200
2015-02-04,13.808054288844879,14.114899939708097,13.746684924567582,13.795780181884766,1724800
2015-02-05,13.869422155336741,13.869422155336741,13.660767041640955,13.771231651306152,1596200
2015-02-06,13.771231331426547,13.78350426625294,13.513480971702519,13.746683120727539,1760200
2015-02-09,13.50121263355216,13.79578426463127,13.427569140520578,13.562582015991211,599100
2015-02-10,13.562580429347053,13.734413275445869,13.538032211033808,13.55030632019043,946100
2015-02-11,13.538030409289565,13.538030409289565,13.317102326490527,13.36619758605957,1144000
2015-02-12,13.31710561537617,13.341652665961343,12.973437542994867,13.304831504821777,1003700
2015-02-13,13.317099727335385,13.623945332384375,13.317099727335385,13.574850082397461,447400
2015-02-16,13.574850082397461,13.943063872037776,13.550301872142457,13.574850082397461,1527200
2015-02-17,13.513484098503644,13.73441219329834,13.513484098503644,13.73441219329834,422400
2015-02-18,13.74668545244935,13.74668545244935,13.673043148907293,13.68531608581543,285800
2015-02-23,13.685315558460402,13.832602500915527,13.673042622025196,13.832602500915527,846600
2015-02-24,13.918518610281234,14.188543104964202,13.820328097764381,14.114899635314941,1592100
2015-02-25,14.053528461481969,14.605850315850187,13.869421566866928,14.556755065917969,2192400
2015-02-26,14.556755679815975,14.556755679815975,14.139446623054614,14.4340181350708,1784400
2015-02-27,14.470842706838035,14.470842706838035,14.053532380771927,14.15172290802002,1661700
2015-03-02,14.397196638920752,14.397196638920752,14.16399447124451,14.176268577575684,759400
2015-03-03,14.34810138411927,14.397196638920752,14.11489921644303,14.176268577575684,1052800
2015-03-04,14.286729803848385,14.335825047001556,14.225360457276185,14.249907493591309,1277700
2015-03-05,14.280799713981288,14.29315245112144,14.083140603994199,14.231385231018066,1575300
2015-03-06,13.959602817939826,14.14490680574347,13.959602817939826,14.120200157165527,766800
2015-03-09,13.897830034169226,13.934890584382924,13.57663545729413,13.873122215270996,736500
2015-03-10,14.05843306817541,14.095493633535462,13.848421234244901,13.910189628601074,1168000
2015-03-11,13.786654768220872,14.021374463977624,13.6384113079118,13.885483741760254,989800
2015-03-12,13.836069254990562,13.984312715299634,13.836069254990562,13.885483741760254,1257500
2015-03-13,14.083141688839014,14.083141688839014,13.885483741760252,13.885483741760254,463100
2015-03-16,14.194324578604391,14.194324578604391,13.885483741760252,13.885483741760254,460700
2015-03-17,13.885478519275072,14.083136392012475,13.885478519275072,14.033721923828125,1233300
2015-03-18,14.009015429905562,14.194319393062123,14.009015429905562,14.095490455627441,532000
2015-03-19,14.169613198342464,14.589636784862902,13.638406759139096,14.28079605102539,1058400
2015-03-20,14.280793202549216,14.29314593405705,14.23137874211688,14.268439292907715,1303600
2015-03-23,14.34256693408466,14.453749815285459,14.157262917506133,14.231385231018066,1379200
2015-03-24,14.095492646512898,14.379626769401439,14.095492646512898,14.219029426574707,1120100
2015-03-25,14.231383340207698,14.354918942135457,14.194321599308726,14.219029426574707,1213600
2015-03-26,14.515516284962189,14.515516284962189,14.181967685675737,14.219029426574707,940100
2015-03-27,14.429037388190805,14.429037388190805,14.206671714782715,14.206671714782715,1157400
2015-03-30,14.21903131574371,14.268445798706932,14.21903131574371,14.231385231018066,636700
2015-03-31,14.330212293003525,14.367272855768448,14.194321599308726,14.219029426574707,1432200
2015-04-01,14.243732267639485,14.243732267639485,14.194317804452547,14.206671714782715,350500
2015-04-02,14.81200314334967,14.81200314334967,14.206675512941716,14.219029426574707,1470200
2015-04-03,14.231383340207698,14.293150552104553,14.10784656014589,14.219029426574707,333600
2015-04-06,14.21902947631916,14.379626819707731,14.095492695825165,14.181967735290527,626400
2015-04-07,14.181965013464087,14.330209592859154,14.181965013464087,14.256087303161621,597000
2015-04-08,14.00901946861647,14.305506366395795,14.00901946861647,14.231385231018066,1117800
2015-04-09,14.23137953544305,14.23137953544305,14.144903341265609,14.206671714782715,367500
2015-04-10,14.157257251595777,14.515512404234514,14.157257251595777,14.206671714782715,498500
2015-04-13,14.219025625112883,14.26844008829982,14.144903341265609,14.206671714782715,599400
2015-04-14,14.194321648966739,14.21902947631916,14.13255325871974,14.181967735290527,654500
2015-04-15,14.194322396063196,14.280798618214158,14.144907916891555,14.169615745544434,494200
2015-04-16,14.169612899271646,14.330210218853574,14.144905075581867,14.157258987426758,553300
2015-04-17,14.157258047682566,14.206672513648163,14.120197492741816,14.144904136657715,747500
2015-04-20,14.144904136657717,14.169611958707415,14.132550225632867,14.144904136657715,891500
2015-04-21,14.157258047682566,14.169611958707415,14.120197492741816,14.144904136657715,1441600
2015-04-22,14.144904136657717,14.157258047682566,14.132550225632867,14.144904136657715,678900
2015-04-23,14.13255786895752,14.26844860745718,14.13255786895752,14.13255786895752,585900
2015-04-24,14.206675562642948,14.21902947631916,13.971957093465223,14.181967735290527,746200
2015-04-27,14.194317804452547,14.490804583574178,14.18196389412238,14.206671714782715,1190200
2015-04-28,14.033720504561565,14.330208461816929,14.033720504561565,14.206671714782715,1565700
2015-04-29,14.206675562642948,14.21902947631916,14.18196773529053,14.181967735290527,1325900
2015-04-30,14.181965328381178,14.194319239960729,14.033721923828125,14.033721923828125,1557300
2015-05-05,14.20667428156114,14.20667428156114,13.996662480539522,14.083137512207031,993900
2015-05-06,14.07078651011212,14.07078651011212,14.021372031913572,14.0460786819458,832700
2015-05-07,13.73724192743364,14.14491178666375,13.73724192743364,14.13255786895752,1111600
2015-05-08,14.132555605855133,14.144909521583083,13.996666067250443,14.070788383483887,2011700
2015-05-11,13.922540844107138,14.379624988718918,13.922540844107138,13.959601402282715,618100
2015-05-12,13.897833153223496,13.897833153223496,13.712529182434082,13.712529182434082,721700
2015-05-13,13.712527749079813,13.712527749079813,13.403687044624267,13.539576530456543,1085800
2015-05-14,13.761947042883497,13.774299780013848,13.539581280658295,13.551935195922852,718100
2015-05-15,13.539576530456543,13.551930441386874,13.52722261952621,13.539576530456543,174100
2015-05-18,13.712532564344645,14.503164291381838,13.514873454451143,14.503164291381836,526300
2015-05-19,13.77429816171252,14.12020067967582,13.638408644170266,13.650762557983398,1223700
2015-05-20,13.626054730357133,13.873127115949444,13.539579689933342,13.650762557983398,1401500
2015-05-21,13.650758597632498,13.650758597632498,13.57663631439209,13.57663631439209,757200
2015-05-22,13.539577945732425,13.947247623976269,13.539577945732425,13.712529182434082,1278600
2015-05-25,13.737237598407189,13.749591512220322,13.650762557983398,13.650762557983398,1453900
2015-05-26,13.700490566798225,13.700490566798225,12.917250070750988,13.414545059204102,640300
2015-05-27,13.41454611994948,13.688058978048907,13.37724928927747,13.551301956176758,1188500
2015-05-28,13.762657482160165,13.762657482160165,13.526442557258937,13.638334274291992,1637200
2015-05-29,13.78752207435184,13.78752207435184,13.588604004222452,13.613468170166016,2732900
2015-06-01,13.799955511601375,13.799955511601375,13.56373940105486,13.638334274291992,1447100
2015-06-02,13.650757745542732,13.7750820660178,13.451839781298293,13.625893592834473,1642400
2015-06-03,13.775085763580135,13.775085763580135,13.638329922864695,13.675626754760742,1793200
2015-06-04,13.58859624710672,13.700487894091918,13.58859624710672,13.663189888000488,1065400
2015-06-05,13.663190414719157,13.700488422248432,13.576164101773363,13.625893592834473,1009200
2015-06-08,13.228062818943997,13.60103355441607,12.979414081102545,13.588602066040039,905500
2015-06-09,13.426978792055104,13.61346413106002,13.426978792055104,13.551301956176758,786900
2015-06-10,13.30265065312343,13.63832559049151,13.30265065312343,13.526433944702148,396100
2015-06-11,13.625900397881308,13.625900397881308,13.35238746762509,13.464279174804688,290500
2015-06-12,13.787516305253513,13.787516305253513,13.364814990276496,13.426977157592773,120200
2015-06-15,13.638333073266859,13.638333073266859,13.426982334293216,13.464279174804688,1163100
2015-06-16,13.240497267067314,13.638334625158162,13.178336254356688,13.451848030090332,968900
2015-06-17,13.464273834367491,13.514003330539927,13.451841163913205,13.476706504821777,474900
2015-06-18,13.514003330539927,13.514003330539927,13.464273834367491,13.476706504821777,1100400
2015-06-19,13.476708764075939,13.476708764075939,13.290222232932912,13.402113914489746,1144500
2015-06-22,13.402113877075113,13.402113877075113,13.364817045208593,13.377249717712402,1836600
2015-06-23,13.389681816101074,13.43941131833913,13.36481647215962,13.389681816101074,896600
2015-06-24,13.240492123742051,13.402113302426946,13.240492123742051,13.389681816101074,1116900
2015-06-25,13.389682009950858,13.402113496456707,13.352383993498691,13.364816665649414,1695400
2015-06-26,13.352381706237793,13.377247046279809,13.339949036216785,13.352381706237793,729500
2015-06-29,13.725354916439851,13.725354916439851,13.128600921903018,13.178330421447754,688300
2015-06-30,13.190761375022003,13.228059387409653,13.178329889870865,13.21562671661377,1301100
2015-07-01,13.240492123742051,13.501572306903057,13.240492123742051,13.389681816101074,1395800
2015-07-02,13.277788667420541,13.47670665431685,13.277788667420541,13.426977157592773,1323000
2015-07-03,13.426978840758153,13.47670834371617,13.339951321347968,13.364816665649414,840600
2015-07-06,13.054007128426093,13.37724949425618,13.054007128426093,13.31508731842041,336200
2015-07-07,13.265354583177212,13.315084074601758,13.265354583177212,13.302651405334473,1634300
2015-07-08,13.302651265606029,13.302651265606029,13.066436480231737,13.165895462036133,1771600
2015-07-09,12.979413273882942,13.364817845051952,12.879954259189969,13.128602981567383,948000
2015-07-10,13.31508412505217,13.327516794366563,13.103733489285897,13.141030311584473,877200
2015-07-13,13.004273662495626,13.315083261326167,13.004273662495626,13.252921104431152,1156500
2015-07-14,13.05400859306968,13.35238564778504,13.05400859306968,13.277791976928711,791000
2015-07-15,13.265357814880774,13.364816821960048,13.265357814880774,13.31508731842041,2547900
2015-07-16,13.22806113950842,13.327520147759655,13.22806113950842,13.265357971191406,582100
2015-07-20,13.563737783601006,13.563737783601006,13.265360697524034,13.339954376220703,802900
2015-07-21,13.339949036216785,13.377247046279809,13.339949036216785,13.352381706237793,503700
2015-07-22,13.06643808953456,13.551300389136978,13.06643808953456,13.53886890411377,548200
2015-07-23,13.526442905246526,13.53887558204678,13.352388986978948,13.451848030090332,648400
2015-07-24,13.588598318357205,13.613462473896881,13.402111816408372,13.426977157592773,596000
2015-07-27,13.141032222732502,13.787516893366327,13.141032222732502,13.414545059204102,767200
2015-07-28,13.103734836063909,13.464273983724649,13.103734836063909,13.426977157592773,1652500
2015-07-29,13.43941307067871,13.43941307067871,13.414547723495108,13.439413070678711,1463600
2015-07-30,13.426980843555246,13.538872538312006,13.426980843555246,13.501574516296387,1386700
2015-07-31,13.501572741886388,13.88697728588163,13.489141255160009,13.725356101989746,1176300
2015-08-03,13.451840790220777,14.110758078256696,13.451840790220777,13.924271583557129,1758200
2015-08-04,13.949136394730402,14.04859538054015,13.924271055455648,13.961567878723145,1512900
2015-08-05,13.986440081219849,14.235087667756936,13.936710563912431,13.998872756958008,1428400
2015-08-06,14.259949551629031,14.259949551629031,13.737789154052733,13.737789154052734,1827800
2015-08-07,13.98643599471472,13.998868666820346,13.47670829483274,13.551301956176758,2118500
2015-08-10,13.06643808953456,13.762651047913064,13.06643808953456,13.53886890411377,953000
2015-08-11,13.240491220423124,13.551300884617515,13.240491220423124,13.414545059204102,982100
2015-08-12,13.426976540719172,13.426976540719172,13.265355387380076,13.352381706237793,1092700
2015-08-13,13.178331480097631,13.37724949425618,13.178331480097631,13.31508731842041,1322900
2015-08-14,13.302654195420862,13.302654195420862,13.054006686147032,13.190762519836426,2287100
2015-08-17,13.054005092602866,13.514003225017222,13.04157242224566,13.091301918029785,1438800
2015-08-18,13.103733489285897,13.153462980898867,13.078869336301713,13.141030311584473,1370200
2015-08-19,13.466429493663219,13.466429493663219,13.028394608945833,13.141032218933105,978600
2015-08-20,13.141034425453192,13.141034425453192,12.640424067617529,13.078457832336426,2122100
2015-08-21,13.078455458320642,13.11600092995571,12.740543826506974,13.065939903259277,1803300
2015-08-24,12.69048358594702,13.053426350366603,12.677968030110353,12.953304290771484,1523500
2015-08-25,12.828151068436222,13.153548357599558,12.828151068436222,13.01587963104248,1677200
2015-08-26,13.003367450000942,13.078458410219632,12.828153220241845,12.978336334228516,864700
2015-08-27,12.978334545696086,13.266186369663913,12.90324359582561,13.116002082824707,1737300
2015-08-28,13.391338152854901,13.516491325522814,13.128517445091573,13.341277122497559,1432400
2015-09-01,13.716734670389517,13.91697878048222,13.316246450204115,13.391337394714355,2450500
2015-09-02,13.328763961791992,13.579070352109607,13.291218480664082,13.328763961791992,1317700
2015-09-03,13.391337394714355,13.441398422237532,13.26618542268094,13.391337394714355,1389500
2015-09-04,13.141033001068186,13.403853708831514,13.141033001068186,13.341277122497559,536800
2015-09-07,12.903245698291574,13.453917130082068,12.903245698291574,13.353795051574707,1030000
2015-09-08,13.453914716873033,13.64164328201441,13.141032979271335,13.366308212280273,1133900
2015-09-09,13.403853686598726,13.629128919607664,13.278700514138404,13.366308212280273,818800
2015-09-10,13.14103225709848,13.616612615343167,13.14103225709848,13.391337394714355,1702100
2015-09-11,13.453916825723585,13.51649342176239,13.39134022968478,13.41637134552002,669100
2015-09-14,13.20360903474835,13.51649075977296,13.20360903474835,13.441398620605469,882100
2015-09-15,13.579067814100918,13.766796378202217,13.428883530560958,13.453914642333984,2052900
2015-09-17,13.554033471223772,13.766793096378988,13.49145690025774,13.629125595092773,3161100
2015-09-18,13.754276062416146,13.829368178199232,13.641638485515863,13.704215049743652,2802200
2015-09-21,13.704222957758386,13.866921641216354,13.278703507722064,13.666677474975586,1950100
2015-09-22,13.341277526936484,13.704220306417055,13.341277526936484,13.691704750061035,2066600
2015-09-23,13.829376969494911,13.829376969494911,13.554040627991318,13.591586112976074,946400
2015-09-25,13.591579642483177,13.829370385797857,13.591579642483177,13.641640663146973,1977200
2015-09-28,13.64164301487454,13.766796184884027,13.64164301487454,13.679189682006836,1854500
2015-09-29,13.303732051417567,13.741765781935971,13.303732051417567,13.691704750061035,1659500
2015-09-30,13.403855234636087,13.82937463788632,13.403855234636087,13.741766929626465,2179500
2015-10-01,13.766795092514165,14.004584664405126,13.741763983078805,13.854401588439941,2598800
2015-10-02,13.85440546687413,13.92949762265269,13.541523672637231,13.791830062866211,1703200
2015-10-05,14.204832975166854,14.242378453742441,14.004587637815485,14.01710319519043,1571200
2015-10-06,14.26740459921971,14.392557752750152,14.017099485707753,14.204829216003418,2441900
2015-10-07,13.979553816394635,14.392557546148012,13.979553816394635,14.154767990112305,1938700
2015-10-08,14.004584211711704,14.24237496946515,14.004584211711704,14.142252922058105,2176200
2015-10-09,14.392558040575718,14.58028658107669,14.017099766024822,14.142252922058105,1312700
2015-10-12,14.392562519627706,14.48016903998531,14.142257323213611,14.267409324645996,2088900
2015-10-13,14.455134061087522,14.467649614917942,14.229858866335595,14.242374420166016,1979100
2015-10-15,14.317470922636971,14.705444887380652,14.167287798927944,14.1923189163208,2825500
2015-10-16,14.192313476276183,14.204829030175283,14.12973690032959,14.12973690032959,1563500
2015-10-19,14.079680725722756,14.6428677160418,14.079680725722756,14.267409324645996,1270900
2015-10-20,14.267405777526474,14.267405777526474,14.204830389142247,14.229860305786133,765900
2015-10-21,14.079675801017281,14.380041931653912,14.01709922541409,14.242374420166016,1404100
2015-10-22,13.541519796161982,14.605318069458008,13.541519796161982,14.605318069458008,2070100
2015-10-23,14.580287074778917,14.780532369922454,14.392558527921281,14.768016815185547,1642000
2015-10-26,14.768018902541694,14.768018902541694,14.530228103126362,14.567774772644043,997600
2015-10-27,14.768020391877679,14.768020391877679,14.492684088726513,14.530229568481445,1252600
2015-10-28,14.405074804860703,14.567773443950461,14.405074804860703,14.442620277404785,2324500
2015-10-29,14.567774208841872,14.59280412733579,14.142254852503239,14.392560005187988,1752400
2015-10-30,14.104709856611999,14.467652638708136,14.104709856611999,14.380044937133789,652800
2015-11-02,14.204831729119299,14.367529186524774,14.017101965610523,14.329983711242676,1538100
2015-11-03,14.154770408524755,14.430105479703423,14.154770408524755,14.392560005187988,2368000
2015-11-04,14.64286515787274,14.74298721894664,14.380044449166473,14.392560005187988,1093100
2015-11-05,14.19231588304019,14.405075561209506,14.19231588304019,14.392560005187988,1642300
2015-11-06,14.392560663387403,14.68041130375155,14.304954154328605,14.455137252807617,461100
2015-11-09,14.217343717179572,14.705439588518662,14.217343717179572,14.342496871948242,429900
2015-11-11,14.12973958500596,14.342499267519754,14.12973958500596,14.329983711242676,1815900
2015-11-12,14.154770888847702,14.392560493580005,14.154770888847702,14.380044937133789,875200
2015-11-13,14.793048551552362,14.793048551552362,14.204831729119299,14.329983711242676,1617900
2015-11-16,14.117224944211351,14.380045675327883,13.967041839794648,14.355015754699707,1008900
2015-11-17,14.392561232416579,14.392561232416579,14.342500197611011,14.355015754699707,1723900
2015-11-18,14.462091914102821,14.487287773862064,14.22273725341361,14.298323631286621,810100
2015-11-19,14.29832363128662,14.323518289641143,14.184944665179467,14.298323631286621,1571200
2015-11-20,14.109357536536208,14.436896487549438,14.109357536536208,14.373908042907715,1388600
2015-11-23,14.058974390900174,14.726649370730374,14.058974390900174,14.449501991271973,976700
2015-11-24,14.714046635665222,14.714046635665222,14.487288689125034,14.512484550476074,1849800
2015-11-25,14.084164518746741,14.726643364935946,14.084164518746741,14.512484550476074,585600
2015-11-26,14.12195400475887,14.80222649342164,14.12195400475887,14.474687576293945,1102200
2015-11-27,14.18494535172083,14.575471585652533,14.18494535172083,14.487288475036621,1260400
2015-11-30,14.5502752829487,14.5502752829487,14.09675944778476,14.436896324157715,2116800
2015-12-01,14.23533847733919,14.550279588778531,14.222740544544417,14.462095260620117,3096900
2015-12-02,14.487288475036621,14.575471585652533,14.474690544547268,14.487288475036621,2217700
2015-12-03,14.34871365567121,14.739239857263987,14.34871365567121,14.676251411437988,1332500
2015-12-04,14.676251411437987,14.701447270330258,14.462091416472397,14.676251411437988,1399400
2015-12-07,14.361314219207255,14.714049129476344,14.361314219207255,14.68885326385498,886500
2015-12-08,14.688851593026097,14.688851593026097,14.247934807450678,14.411703109741211,1540400
2015-12-09,14.802228024785839,14.802228024785839,14.34871338589382,14.373908042907715,1669300
2015-12-10,14.298330102730311,14.499892266412685,14.247939561809718,14.273134231567383,1286600
2015-12-11,14.298324477866734,14.323519137712992,14.235336026143905,14.285726547241211,1060500
2015-12-14,14.058967072365009,14.285724993340141,13.794416565028907,13.945588111877441,737900
2015-12-15,13.97078350404646,14.260528658816698,13.882600405012845,13.920392990112305,907400
2015-12-16,14.172353181620137,14.172353181620137,14.03377949412797,14.04637622833252,1880100
2015-12-17,14.172352426798025,14.172352426798025,14.033778746686316,14.071571350097656,1174500
2015-12-18,14.071573865098635,14.096768538074151,13.970792770385742,13.970792770385742,1314800
2015-12-21,13.529867793680927,13.93299317173916,13.27791518327254,13.794418334960938,767700
2015-12-22,14.17234901278956,14.17234901278956,13.303112135289961,13.731431007385254,1043100
2015-12-23,14.084165892270663,14.084165892270663,13.731431007385252,13.731431007385254,1235300
2015-12-28,13.731433018704221,14.071570021507277,13.706238352610525,13.744030952453613,1903900
2015-12-29,13.76922384093826,14.63846065769774,13.76922384093826,14.172348022460938,1209800
2015-12-30,14.37390880775491,14.575470880209975,14.184944665179467,14.298323631286621,1227000
2015-12-31,14.247933113172854,14.562874151735073,14.159748805420223,14.298323631286621,574500
2016-01-04,14.298327522465165,14.298327522465165,13.630651473999023,13.630651473999023,1242900
2016-01-05,13.454280884970869,14.0463691431098,13.454280884970869,13.945588111877441,579300
2016-01-06,13.945588660010463,13.945588660010463,13.693636072026544,13.844807624816895,856300
2016-01-07,14.046371734571203,14.046371734571203,13.718833923339842,13.718833923339844,939100
2016-01-08,13.618055219174957,13.983386888071708,13.618055219174957,13.744030952453613,314800
2016-01-11,13.668444039312298,13.668444039312298,13.378697606423891,13.40389347076416,1056400
2016-01-12,13.580260305864483,13.794420356446626,13.466881314214525,13.668444633483887,1484800
2016-01-13,13.542467604985994,13.718835057463696,13.542467604985994,13.65584659576416,544400
2016-01-14,13.73142726434901,13.73142726434901,13.580255726922212,13.605451583862305,885300
2016-01-15,13.542464039455277,13.718831445498049,13.429085078528114,13.517268180847168,1053400
2016-01-18,13.353500119318914,13.580256843399226,13.177132710452286,13.542464256286621,1257700
2016-01-19,13.706235143798407,13.706235143798407,13.252720447639915,13.290513038635254,889500
2016-01-20,13.403892013026079,13.403892013026079,13.13934147324909,13.290513038635254,903800
2016-01-21,13.227525816807063,13.328306869775103,13.214927884834827,13.240123748779297,1062600
2016-01-22,13.340903389246854,13.366098049118861,13.240122346949251,13.353501319885254,917800
2016-01-26,13.36610221862793,13.37870015319621,13.30311494859686,13.36610221862793,680000
2016-01-27,13.605453130554956,14.046369864489522,13.542464682448669,13.781819343566895,670900
2016-01-28,13.744034706579026,14.159757022621063,13.744034706579026,13.970792770385742,1545900
2016-01-29,14.222738944695296,14.525082089330704,13.769224227742185,14.411703109741211,1827700
2016-02-02,14.487285772053509,14.487285772053509,14.071563754706947,14.424297332763672,1022200
2016-02-03,13.882603539283904,14.273129810091445,13.87000560760498,13.87000560760498,1048400
2016-02-04,13.983388953093975,14.210145787044317,13.94559514626453,14.04637622833252,537400
2016-02-05,13.895199546961683,14.361312182198485,13.895199546961683,14.172348022460938,908400
2016-02-08,14.172348022460938,14.172348022460938,14.172348022460938,14.172348022460938,0
2016-02-09,14.172348022460938,14.172348022460938,14.172348022460938,14.172348022460938,0
2016-02-10,14.588071593193497,14.588071593193497,14.046372519071934,14.05897045135498,210200
2016-02-11,13.932994277428744,14.07156792379903,13.920396345557378,14.033775329589844,1464500
2016-02-12,14.373909884519428,14.373909884519428,13.681039307497949,14.008578300476074,342500
2016-02-15,14.424301892512268,14.424301892512268,14.121958730031078,14.26053237915039,518000
2016-02-16,13.958185556393367,14.386505524958533,13.958185556393367,14.134552955627441,722800
2016-02-17,13.983381414028784,14.273126568408388,13.983381414028784,14.134552955627441,628100
2016-02-18,14.159750091437147,14.42430063591261,14.134555430794393,14.172348022460938,707600
2016-02-19,14.096761637723022,14.399105975269858,14.008578523366143,14.172348022460938,1267400
2016-02-22,14.172348195694994,14.247934581356832,14.096761810033158,14.109359741210938,1055500
2016-02-23,14.046374708917417,14.474694862077039,14.046374708917417,14.235340118408203,464200
2016-02-24,14.033774556953942,14.235336650179052,14.021176625776162,14.109359741210938,705700
2016-02-25,14.096761467451001,14.159749920404302,13.794418334960938,13.794418334960938,1058700
2016-02-26,13.794425253935472,14.008585380551724,13.769230580959956,13.970792770385742,763900
2016-02-29,13.744028798607827,14.03377522241184,13.744028798607827,13.882603645324707,1481700
2016-03-01,13.882603539283904,13.920396132915789,13.756626625304438,13.87000560760498,1419000
2016-03-02,14.172352426798025,14.399110450076458,13.769228119996546,14.071571350097656,1191000
2016-03-03,14.109359741210938,14.285727173485329,13.920395579163609,14.109359741210938,973200
2016-03-04,14.285728426830044,14.285728426830044,13.80701781271877,14.05897045135498,1224000
2016-03-07,14.084164908104059,14.42430063591261,14.084164908104059,14.172348022460938,1192300
2016-03-08,14.411703566937977,14.424301498715323,14.084165750561242,14.159750938415527,861200
2016-03-09,13.95030436522695,14.267645235467196,13.95030436522695,14.153402328491211,370700
2016-03-10,13.988384514926915,14.166094606842359,13.988384514926915,14.140707969665527,1096000
2016-03-11,13.975690591058894,14.280337500536122,13.975690591058894,14.140707969665527,1268900
2016-03-14,14.458050677242536,14.470743392196734,13.937610626220703,13.937610626220703,621000
2016-03-15,13.886837111558622,13.899531037965106,13.696433057699156,13.772595405578613,1388700
2016-03-16,13.709127669601697,13.874145089458993,13.709127669601697,13.78528881072998,702900
2016-03-17,13.721820989143508,14.013774034808954,13.721820989143508,13.823369979858398,1542200
2016-03-18,14.013775758107576,14.26764826611395,13.74720932206098,14.25495433807373,2106400
2016-03-21,14.013776709944977,14.204180801242398,13.924921628747473,13.96300220489502,933700
2016-03-22,13.96300014409914,13.975694071128059,13.709127656318332,13.861451148986816,1307400
2016-03-23,13.721819863485777,14.128015793023405,13.721819863485777,13.886836051940918,676700
2016-03-24,13.747206503802198,13.912223902816699,13.747206503802198,13.886836051940918,554300
2016-03-25,13.823369979858398,13.823369979858398,13.810676053379172,13.823369979858398,39600
2016-03-28,13.836063890796805,13.975694673009261,13.836063890796805,13.899532318115234,296800
2016-03-29,13.848754797176877,13.899529285842924,13.848754797176877,13.87414264678955,1419200
2016-03-30,13.924921106899246,14.128019119487808,13.886839321619158,13.975695610046387,1177500
2016-03-31,13.848759265892692,14.077245143897347,13.848759265892692,13.96300220489502,1163100
2016-04-01,14.08993760007052,14.08993760007052,13.836063890796805,13.899532318115234,1021400
2016-04-04,13.785290244905507,14.026470041542138,13.785290244905507,13.924921035766602,821700
2016-04-05,13.962998394008903,13.962998394008903,13.848755486186606,13.886836051940918,685100
2016-04-06,13.188691454188202,14.35650634765625,13.099835157351448,14.35650634765625,1030200
2016-04-07,13.912226245690832,14.153404816829386,13.81067724620517,13.899532318115234,769600
2016-04-08,13.912226245690832,14.08993760007052,13.785289391053974,13.899532318115234,568700
2016-04-11,13.810676651430656,13.96300014409914,13.810676651430656,13.861451148986816,729200
2016-04-12,13.836063294928982,13.975694071128059,13.836063294928982,13.861451148986816,714800
2016-04-13,13.874143419771615,14.128015877246066,13.836061643230924,13.937610626220703,690400
2016-04-14,13.836060184996747,14.26764392249677,13.836060184996747,14.02646541595459,479000
2016-04-15,13.84875273719619,14.153399623876718,13.84875273719619,14.01377010345459,2665300
2016-04-18,13.83606533699028,14.001082781042566,13.83606533699028,13.96300220489502,367900
2016-04-19,13.899529977378808,14.026466810638997,13.848755486186606,13.886836051940918,1962700
2016-04-20,14.140709718461295,14.140709718461295,13.886836051940918,13.886836051940918,2638800
2016-04-21,13.836058814278054,14.28033643193983,13.836058814278054,14.01377010345459,633200
2016-04-22,13.874147123697515,14.051857286092524,13.874147123697515,13.96300220489502,2261000
2016-04-25,13.899530060239378,13.962998477247831,13.886836134725813,13.937610626220703,2234700
2016-04-26,13.861449411624497,13.975692319446793,13.836061560748714,13.886836051940918,815700
2016-04-27,13.759903598741442,13.950307681930667,13.759903598741442,13.924921035766602,990100
2016-04-28,14.026470638847389,14.039164567749802,13.874147123697515,13.96300220489502,576400
2016-04-29,13.848757892366779,13.988388675325288,13.848757892366779,13.95030689239502,904200
2016-05-03,14.06454737639331,14.06454737639331,13.721819863485777,13.886836051940918,506600
2016-05-04,13.87414264678955,13.937609849702636,13.772593669457455,13.87414264678955,1069300
2016-05-05,13.734513442561422,13.874144210045287,13.58218995940038,13.83606243133545,596900
2016-05-06,13.683736716791241,13.772592975398457,13.455252134587978,13.709124565124512,3487100
2016-05-09,13.62027309791217,13.709129387777612,13.099834129590334,13.264851570129395,926000
2016-05-10,13.214076477609092,13.582191917628263,13.036366326912697,13.518723487854004,2301100
2016-05-11,13.239464333742639,13.63296641933575,13.239464333742639,13.518723487854004,974900
2016-05-12,13.506033690221084,13.772600184454392,13.417177385103402,13.569500923156738,1660100
2016-05-13,13.429866946997423,13.582190435497871,13.429866946997423,13.531415939331055,1528900
2016-05-16,13.671047291507614,13.671047291507614,13.163301097746121,13.277544021606445,2350700
2016-05-17,13.620269775390625,13.747206609627971,13.353704602499063,13.620269775390625,582500
2016-05-18,13.379095999713329,13.518725598569764,13.32832149007828,13.4552583694458,2158800
2016-05-19,13.429868412505808,13.594885845695037,13.201382549542318,13.518723487854004,566400
2016-05-20,13.404479094082127,13.823368952282253,13.404479094082127,13.620269775390625,291700
2016-05-23,13.479724872940702,13.696933803309612,13.479724872940702,13.594717979431152,453600
2016-05-24,13.5308313369751,13.709708400366788,13.5308313369751,13.530831336975098,751300
2016-05-25,13.53082941564814,13.811923470574703,13.53082941564814,13.748038291931152,915500
2016-05-26,13.811923932079008,13.850254553142525,13.569160488823634,13.79914665222168,339200
2016-05-27,13.645827942152273,13.926920890808105,13.645827942152273,13.926920890808105,604000
2016-05-30,13.760820188656353,13.914143937741946,13.760820188656353,13.82470417022705,550300
2016-05-31,13.684157704859137,13.888589370306592,13.684157704859137,13.82470417022705,1923600
2016-06-01,13.96525290598664,13.96525290598664,13.824705211523629,13.850259780883789,810700
2016-06-02,13.74803965382496,13.850255462376863,13.735262373128833,13.786370277404785,1406300
2016-06-03,13.914140185395553,13.914140185395553,13.72248463684234,13.735261917114258,280500
2016-06-06,13.799148922689437,13.799148922689437,13.607493348820514,13.709709167480469,486200
2016-06-07,13.824702849671104,13.96525052012254,13.70970974421401,13.914142608642578,656000
2016-06-08,13.978023987357819,14.054686449590232,13.926916085372376,14.029131889343262,387400
2016-06-09,14.054690942469511,14.054690942469511,13.569165109144953,13.9013671875,408700
2016-06-10,13.901362355893307,13.901362355893307,13.81192383454055,13.773591995239258,85700
2016-06-13,13.77359491212193,13.77359491212193,13.505278072732793,13.671379089355469,392000
2016-06-14,13.773591995239256,13.837477175566281,13.607491013792377,13.773591995239258,667500
2016-06-15,13.77359491212193,13.863034670924122,13.633048460445229,13.671379089355469,707800
2016-06-16,13.811926759540894,13.811926759540894,13.56916326658901,13.671379089355469,391000
2016-06-17,13.786370367429061,13.786370367429061,13.658599996650572,13.696931838989258,1213400
2016-06-20,13.696935470535207,14.016360263663769,13.620272984040442,13.888589859008789,398800
2016-06-21,13.91414442734334,13.91414442734334,13.773596738521086,13.888589859008789,716300
2016-06-23,13.811925888061525,13.99080295736201,13.799148606394734,13.811925888061523,567000
2016-06-24,13.978023696190403,13.978023696190403,13.696930850379987,13.79914665222168,1757100
2016-06-27,13.735264309208352,13.990803866608157,13.72248702671118,13.914142608642578,291000
2016-06-28,13.709710140021803,14.054689466352851,13.709710140021803,13.952473640441895,465300
2016-06-29,14.054689361628276,14.11857455697379,13.939696253708098,14.041912078857422,770800
2016-06-30,14.041913077343535,14.105798277231772,13.965251812284723,14.05469036102295,942000
2016-07-01,14.054689915320509,14.156905744496681,13.939696802870115,14.003582000732422,391100
2016-07-04,14.06746664439913,14.169682469548452,13.939696253708098,14.041912078857422,1201900
2016-07-05,14.05468829832347,14.47632884979248,13.926917917298884,14.47632884979248,754000
2016-07-06,14.47632884979248,14.47632884979248,14.47632884979248,14.47632884979248,0
2016-07-07,14.47632884979248,14.47632884979248,14.47632884979248,14.47632884979248,0
2016-07-08,14.374112266708503,14.374112266708503,14.067464830794117,14.18245792388916,688100
2016-07-11,14.335787296659696,14.348563364314257,14.156908945896001,14.271902084350586,808600
2016-07-12,14.310229765444955,14.310229765444955,14.15690601871087,14.246344566345215,550000
2016-07-13,14.169680642765579,14.374112266708503,14.144126080518415,14.18245792388916,1981100
2016-07-14,14.182457419946715,14.22078804344687,14.054687050268129,14.118572235107422,1174500
2016-07-15,14.374112266708503,14.374112266708503,14.105795455656265,14.18245792388916,905500
2016-07-18,14.067467471076528,14.323007048966668,14.067467471076528,14.246344566345215,459600
2016-07-19,14.284676416910353,14.34856039750127,14.131352670176268,14.246344566345215,464700
2016-07-20,14.054685102181798,14.246339411626378,14.054685102181798,14.105792999267578,287000
2016-07-21,14.029136211340731,14.246345166322193,14.029136211340731,14.220791816711426,401200
2016-07-22,14.246340924356776,14.246340924356776,14.067463874816895,14.067463874816895,915400
2016-07-25,14.144126080518415,14.297449798475608,14.118572736779848,14.18245792388916,405200
2016-07-26,14.182461296434935,14.182461296434935,14.003582973693865,14.131353378295898,695000
2016-07-27,14.18245792388916,14.22078854875131,14.144126080518415,14.18245792388916,272600
2016-07-28,14.067464830794117,14.195233986504146,14.054687549670536,14.18245792388916,2160300
2016-07-29,14.118578390990407,14.182463603684479,14.105801104749776,14.169686317443848,901700
2016-08-01,14.169681502479868,14.182458784378683,14.118573593393277,14.156904220581055,402700
2016-08-02,14.156902858607577,14.156902858607577,14.080241611607267,14.118572235107422,789700
2016-08-03,14.208008793439138,14.208008793439138,14.093015720369037,14.105792999267578,371500
2016-08-04,14.067467644702365,14.118575560911186,14.016359728493544,14.05469036102295,2444600
2016-08-05,13.99080416628276,14.144127904006746,13.952473536478951,14.041912078857422,6566600
2016-08-08,14.054690361022951,14.220791393328827,14.041913077343535,14.05469036102295,954200
2016-08-09,14.284674602551865,14.284674602551865,14.067465684306686,14.156904220581055,1328100
2016-08-10,14.067465684306686,14.182458784378683,14.016357775220095,14.156904220581055,816600
2016-08-11,14.067465684306686,14.156904220581053,14.041911120509058,14.156904220581055,1202200
2016-08-12,14.284679456591363,14.284679456591363,14.093023818509144,14.169686317443848,580000
2016-08-15,14.182463603684479,14.23357153013792,14.041915892055703,14.169686317443848,377000
2016-08-16,13.965252228059375,14.323007652172246,13.965252228059375,14.220791816711426,916400
2016-08-17,14.003579643684805,14.233565829874891,14.003579643684805,14.18245792388916,327400
2016-08-18,14.220785529348252,14.220785529348252,14.067461843945239,14.144123077392578,241000
2016-08-19,14.054690891832902,14.169684012272956,14.054690891832902,14.131353378295898,628000
2016-08-22,14.080247750777596,14.23357153013792,14.067470464536965,14.169686317443848,733700
2016-08-23,14.093018174532684,14.208011267627727,14.093018174532684,14.18245792388916,1511000
2016-08-24,14.208173135213752,14.246747016906738,14.053876382200222,14.246747016906738,729000
2016-08-25,14.246753708084427,14.285327607894159,14.208179808274696,14.259612083435059,1941300
2016-08-26,14.092453131282,14.32389892101532,14.092453131282,14.272466659545898,203200
2016-08-29,14.16960081954919,14.259606962194189,14.16960081954919,14.208174705505371,328100
2016-08-30,14.272466659545898,14.362472810556929,14.233891543762452,14.272466659545898,1297700
2016-09-01,14.272465292521073,14.311039178368052,14.143884038042183,14.18245792388916,671800
2016-09-02,14.311040438018809,14.311040438018809,14.05387913266754,14.105311393737793,1364800
2016-09-05,14.07959367831483,14.11816756489471,14.05387816267549,14.092452049255371,1019800
2016-09-06,14.041020488157324,14.272466271599614,14.041020488157324,14.195317268371582,484700
2016-09-07,14.079593079412916,14.195315960471817,14.079593079412916,14.14388370513916,575400
2016-09-08,14.092451449806504,14.156742075532748,14.092451449806504,14.14388370513916,234900
2016-09-09,14.375331386813322,14.375331386813322,14.092453331589796,14.131027221679688,2710400
2016-09-13,13.989586898684003,14.311038800143907,13.989586898684003,14.11816692352295,897200
2016-09-14,14.07959367831483,14.11816756489471,14.002445905155065,14.092452049255371,825900
2016-09-15,14.002447782293865,14.272467477034802,13.616705186057969,14.079595565795898,2267200
2016-09-19,14.066732525327014,14.066732525327014,13.732423530683073,13.822429656982422,539100
2016-09-20,14.041017381347226,14.041017381347226,13.822430017849355,13.873862266540527,1651200
2016-09-21,13.93815477973183,13.963870294454289,13.848148638840676,13.861005783081055,1669800
2016-09-22,13.88672388626251,13.989588407726233,13.88672388626251,13.951014518737793,504300
2016-09-23,14.0795952193877,14.118169110189662,13.886724539136013,14.028162956237793,1012400
2016-09-26,14.015304928716265,14.079595565795898,13.976731036965248,14.079595565795898,1576800
2016-09-27,14.092453938460208,14.092453938460208,13.95101551787854,14.079595565795898,247700
2016-09-28,14.0795990780529,14.092457453924823,14.002451275305793,14.05388355255127,687900
2016-09-29,14.066733360290527,14.13102397985254,14.041017848210668,14.066733360290527,670500
2016-09-30,13.976729762155859,14.053878764863086,13.976729762155859,14.041020393371582,2367000
2016-10-04,14.015303650388574,14.401046211441116,14.015303650388574,14.041020393371582,975700
2016-10-05,14.143884559127674,14.143884559127674,13.951013896545367,13.989587783813477,1937200
2016-10-06,13.989587783813477,14.015303299911626,13.938155525375409,13.989587783813477,395200
2016-10-07,13.989587783813477,14.002446154983435,13.912438783035492,13.989587783813477,1434500
2016-10-10,14.002449989318848,14.028165512458761,13.98959161462784,14.002449989318848,422400
2016-10-11,14.131030057502619,14.46534044201621,14.002449989318848,14.002449989318848,1021900
2016-10-12,14.002445269040404,14.285322059431103,13.976728528327602,14.11816692352295,2255800
2016-10-13,14.323898434975685,14.323898434975685,14.002446505138867,14.041020393371582,2527100
2016-10-14,14.028165512458761,14.143888432193627,14.002449989318848,14.002449989318848,1575700
2016-10-17,14.131021591555912,14.311035050656994,13.88671875,13.88671875,1488500
2016-10-18,13.925295234309692,14.015301367606622,13.886721352359809,13.976727485656738,706000
2016-10-19,14.195320704715556,14.195320704715556,14.002449989318848,14.002449989318848,579200
2016-10-20,14.143888432193627,14.143888432193627,13.951017716796919,14.002449989318848,973100
2016-10-21,14.015301367606622,14.015301367606622,13.822430731615603,13.976727485656738,667700
2016-10-24,14.041019564706282,14.323897589615644,14.041019564706282,14.208174705505371,245700
2016-10-25,14.131025334745573,14.208174330865404,14.118166964351985,14.14388370513916,1376400
2016-10-26,13.989587534214524,14.131025935835254,13.976729163273982,14.092452049255371,1415600
2016-10-27,14.143884306775796,14.143884306775796,14.002445905155065,14.092452049255371,1373900
2016-10-28,14.06673627825373,14.131026911152006,14.041020760839517,14.105311393737793,1207100
2016-10-31,13.976728568747603,14.233889845410886,13.861005687688703,14.14388370513916,2912900
2016-11-01,14.143884678343243,14.19531693721482,14.105310790750003,14.156743049621582,859500
2016-11-02,14.143885008300163,14.208175639949888,14.131026636721856,14.195317268371582,1684000
2016-11-03,14.20817150299408,14.22102987082845,14.118164154394945,14.169597625732422,4205700
2016-11-04,14.015299664202889,14.182454767325343,14.015299664202889,14.169597625732422,3168100
2016-11-07,14.143884038042183,14.221033035977861,14.143884038042183,14.18245792388916,1193200
2016-11-08,14.19531693721482,14.259607567364736,14.143884678343243,14.156743049621582,2098000
2016-11-09,14.14388559379027,14.19531785599074,14.092453331589796,14.131027221679688,1354600
2016-11-10,14.233891060776955,14.246749432268459,14.041020393371582,14.041020393371582,1191700
2016-11-11,14.015303924971253,14.015303924971253,13.693851988836666,13.951014518737793,1642300
2016-11-14,13.629560074726237,13.976727464226078,13.629560074726237,13.963869094848633,1121700
2016-11-15,13.963868395189698,14.041017381347226,13.809571649116178,13.873862266540527,2894400
2016-11-16,13.737909702049915,13.932131604300931,13.737909702049915,13.854442596435547,1449200
2016-11-17,13.802646921867378,13.996868776075063,13.802646921867378,13.828543663024902,798700
2016-11-18,13.841496752601545,13.841496752601545,13.530743133990264,13.595483779907227,2051600
2016-11-21,13.673169025359545,13.763805163713966,13.66022065278755,13.724961280822754,3047300
2016-11-22,13.724963056668436,14.035716629655473,13.724963056668436,13.919183731079102,1368300
2016-11-23,13.660222147345563,13.983924088112875,13.660222147345563,13.89328670501709,1672200
2016-11-24,13.970976731039954,13.970976731039954,13.85444382630957,13.880340576171875,620800
2016-11-25,13.867387539936606,13.9839204054963,13.789698551288616,13.828543663024902,397200
2016-11-28,13.970975490821179,13.970975490821179,13.776754823395052,13.854442596435547,1150200
2016-11-29,13.776751415534436,13.880335910515369,13.776751415534436,13.828543663024902,1425800
2016-11-30,13.724957705862401,13.776749947835206,13.582528114318848,13.582528114318848,8604100
2016-12-01,13.569587621518199,13.634328270268702,13.466003077447462,13.478951454162598,492200
2016-12-02,13.47894730293187,13.595480187828077,13.47894730293187,13.49189567565918,2205900
2016-12-05,13.582531815100767,13.582531815100767,13.47894730293187,13.49189567565918,1630400
2016-12-06,13.56958559850913,13.867392044433178,13.491897819450672,13.802651405334473,1129800
2016-12-07,13.983924367490967,13.983924367490967,13.737910196090864,13.919183731079102,917600
2016-12-08,14.087509881437919,14.087509881437919,13.724964020818291,13.776756286621094,1806100
2016-12-09,13.919184781190793,14.009820938110352,13.802651873822773,14.009820938110352,1761400
2016-12-13,14.22993329909593,14.22993329909593,13.880335936584828,13.970972061157227,885900
2016-12-14,13.841494443887317,14.074560236383752,13.841494443887317,13.89328670501709,1692200
2016-12-15,13.750858306884766,13.7897021940577,13.660222158539616,13.750858306884766,588800
2016-12-16,13.660223225576555,13.75085938100154,13.647274850565841,13.699067115783691,2864400
2016-12-19,13.595482585347993,13.724963865805119,13.595482585347993,13.699067115783691,1220200
2016-12-20,13.59548273889877,13.828548552423898,13.59548273889877,13.776756286621094,2123700
2016-12-21,13.9580285995184,13.9580285995184,13.750859536307184,13.776756286621094,1925500
2016-12-22,13.78970342695303,13.78970342695303,13.76380791146414,13.776756286621094,302000
2016-12-23,13.673169025359545,13.737908418569976,13.673169025359545,13.724961280822754,345100
2016-12-27,13.919183122781844,13.919183122781844,13.724962456859027,13.763806343078613,67600
2016-12-28,13.76380791146414,13.802651802109986,13.737911161150228,13.776756286621094,482300
2016-12-29,13.802651802109986,13.854444067912791,13.76380791146414,13.776756286621094,288900
2016-12-30,13.85444592613232,13.983927225418444,13.776758134420794,13.789705276489258,371400
2017-01-02,13.789705276489258,13.789705276489258,13.789705276489258,13.789705276489258,0
2017-01-03,13.763806785306436,13.89328682180685,13.763806785306436,13.8414945602417,626100
2017-01-04,13.906233787536621,13.958026043856458,13.841493158430627,13.906233787536621,363000
2017-01-05,13.945080479573821,13.996872741738327,13.906235356831742,13.919183731079102,1333900
2017-01-06,14.087508891819981,14.087508891819981,13.893286982584382,13.919183731079102,1214000
2017-01-09,13.91918323051922,14.074560011425099,13.789701962351876,13.854442596435547,1787600
2017-01-10,13.970970546527113,13.970970546527113,13.530735872346042,13.582528114318848,2144900
2017-01-11,13.595480756181574,13.608429129450185,13.181142690184751,13.37536334991455,2365000
2017-01-12,13.59548424707959,13.647276518627839,13.41421067924814,13.530743598937988,2489200
2017-01-13,13.517789947260066,13.53073831880054,13.323569313451676,13.465997695922852,1387900
2017-01-16,13.466002475282183,13.478950851418299,13.142300480829967,13.194092750549316,1441800
2017-01-17,13.284728954923516,13.284728954923516,12.88333797454834,12.88333797454834,4286800
2017-01-18,12.896283216710211,13.09050385481824,12.896283216710211,13.025764465332031,1918800
2017-01-19,13.051661491394041,13.051661491394041,13.012817606221844,13.051661491394043,2393100
2017-01-20,13.077559532717164,13.077559532717164,12.896285992593025,13.038714408874512,2425300
2017-01-23,13.064611096577133,13.103454985411886,13.051662722023893,13.077559471130371,2343200
2017-01-24,13.077559471130371,13.15524724879988,12.973974944354385,13.077559471130371,2039200
2017-01-25,13.14229965209961,13.219988669192258,13.09050738564619,13.14229965209961,1117100
2017-01-26,13.207040929812585,13.569586812443688,13.194092553869487,13.556639671325684,1461300
2017-01-27,13.59547720412961,13.59547720412961,13.297672105707301,13.543684959411621,1186500
2017-01-31,13.465998539789704,13.543687539076362,13.155245012292577,13.517790794372559,846900
2017-02-02,13.517792092388984,13.517792092388984,13.142297901901092,13.362415313720703,1635300
2017-02-03,13.284723184068833,13.375359299854805,13.284723184068833,13.336515426635742,1991900
2017-02-06,13.349463795983585,13.375359299854805,13.27177481472099,13.336515426635742,918900
2017-02-07,13.401264190673828,13.401264190673828,13.297679642528493,13.401264190673828,1076900
2017-02-08,13.401264190673828,13.414211333073082,13.116406065861549,13.401264190673828,832800
2017-02-10,13.375363918894982,13.453052926986652,13.168194877083716,13.258831024169922,630100
2017-02-13,13.323567057287898,13.349463795983585,13.232930941501925,13.336515426635742,1221700
2017-02-14,13.336515426635742,13.349463795983585,13.219982572154082,13.336515426635742,1179700
2017-02-15,13.38830766920265,13.41420317307387,13.297671553416677,13.336515426635742,1444600
2017-02-16,13.414207573276798,13.414207573276798,13.284727541799,13.362415313720703,1342300
2017-02-17,13.401260434506426,13.414207573276798,13.336519801355093,13.362415313720703,348600
2017-02-20,13.401260434506426,13.401260434506426,13.336519801355093,13.362415313720703,838200
2017-02-21,13.41420317307387,13.62137337816597,13.336515426635742,13.336515426635742,988800
2017-02-22,13.478943784988623,13.478943784988623,13.323567057287898,13.336515426635742,2187900
2017-02-23,13.25882962402925,13.349466996368985,13.25882962402925,13.323570251464844,1433200
2017-02-24,13.284730570901079,13.569587445998458,13.25883381780578,13.29767894744873,1278400
2017-02-27,13.349468072359452,13.349468072359452,13.077558403073377,13.129350662231445,1454900
2017-02-28,13.077559089641237,13.103454603167348,12.766804283553432,12.961026191711426,3760100
2017-03-01,12.948075294494629,12.986919174627202,12.896283042709639,12.948075294494629,2005900
2017-03-02,12.909233037325787,12.999869180638232,12.857440779029414,12.92218017578125,3256500
2017-03-03,12.883339394426443,12.922183288800202,12.818598747253418,12.818598747253418,1005000
2017-03-06,12.831544919606097,13.025766827764091,12.831544919606097,12.961026191711426,691200
2017-03-07,12.967559225835961,12.967559225835961,12.784548870018158,12.810693740844727,892500
2017-03-08,12.876057044615845,12.967561616063165,12.876057044615845,12.94141674041748,734900
2017-03-09,12.902197854508282,12.902197854508282,12.78454843312137,12.862981796264648,1013400
2017-03-10,12.797621305431441,12.836837365015237,12.797621305431441,12.810693740844727,430300
2017-03-13,12.876058446082615,12.915274517163242,12.784552618019251,12.889129638671875,299100
2017-03-14,12.928346633911131,13.006778774115897,12.889129317152358,12.928346633911133,754600
2017-03-15,12.862984209686688,12.954488778309079,12.862984209686688,12.91527271270752,797600
2017-03-16,12.967561616063165,12.967561616063165,12.915273111428084,12.94141674041748,1040600
2017-03-17,12.967562704013515,12.967562704013515,12.823769615867183,12.928346633911133,2766500
2017-03-20,12.915273612842242,13.006778187842079,12.784551722851333,12.993705749511719,344500
2017-03-21,12.993704350223164,13.124426226136668,12.980633159956772,13.045992851257324,1817600
2017-03-22,13.045996239491876,13.05906867980957,12.876059501987964,13.05906867980957,1687500
2017-03-23,13.12442855846849,13.12442855846849,12.889129638671875,12.889129638671875,1300900
2017-03-24,12.980635466735238,13.03292397706155,12.823769935756303,12.889129638671875,1631800
2017-03-27,12.889129638671875,12.928346956408927,12.849913567591248,12.889129638671875,1306700
2017-03-28,12.993704350223164,13.045992851257324,12.941415849189001,13.045992851257324,1013700
2017-03-29,13.098283500979013,13.098283500979013,12.902200673605241,12.94141674041748,1633100
2017-03-30,12.941416340889809,12.941416340889809,12.88912783786898,12.91527271270752,1185100
2017-03-31,13.032922156168448,13.032922156168448,12.876056647105958,12.91527271270752,1109700
2017-04-03,12.941419175013323,12.993707689485147,12.915275541105672,12.95449161529541,585400
2017-04-04,12.954489178240323,12.980634053886007,12.8891282357824,12.94141674041748,1019500
2017-04-05,13.006780592539917,13.006780592539917,12.836842602796079,12.902203559875488,1728700
2017-04-06,12.928344216713919,12.928344216713919,12.849910844517355,12.876055717468262,663100
2017-04-07,12.915271780238465,12.928344216713919,12.836838408041903,12.876055717468262,1000000
2017-04-10,12.876054231231198,12.902197854508282,12.849909361298101,12.862981796264648,2338100
2017-04-11,12.849909361298101,12.889125419541733,12.849909361298101,12.862981796264648,583700
2017-04-12,12.849909361298101,12.928342724441379,12.823765738021017,12.862981796264648,264300
2017-04-13,12.823769891760218,12.915274472853222,12.784552574157715,12.784552574157715,216200
2017-04-14,12.79761971899992,12.862980641307944,12.732258796691895,12.732258796691895,84800
2017-04-17,12.745334588806614,12.745334588806614,12.601541519165039,12.601541519165039,521300
2017-04-18,12.575398416114533,12.653831803930546,12.53618234553473,12.614614486694336,735300
2017-04-19,12.510035435763482,12.510035435763482,12.209376865717552,12.22244930267334,767300
2017-04-20,12.222452955866366,12.313957548594471,11.843360897434332,11.987154006958008,1521000
2017-04-21,12.157090999426222,12.157090999426222,11.830287484638724,12.026369094848633,1418900
2017-04-24,11.908719062805176,11.908719062805176,11.908719062805176,11.908719062805176,0
2017-04-25,12.130946119848113,12.248595584636648,11.934864509638205,12.026369094848633,1168600
2017-04-26,12.06558516755932,12.130946119848113,11.961008142559837,12.026369094848633,887400
2017-04-27,12.091729704675458,12.353172259769584,12.013296314819,12.248595237731934,663000
2017-04-28,12.248596088217873,12.274740968870884,12.03944202961988,12.078658103942871,868400
2017-05-02,12.091725921295083,12.549251184547046,12.039437426636805,12.28780746459961,405200
2017-05-03,12.41852855682373,12.666898579431576,12.327024008492835,12.41852855682373,1057500
2017-05-04,12.57539551478188,12.57539551478188,12.418530021997487,12.470818519592285,459900
2017-05-05,12.43160514194144,12.483893650824896,12.196306228637694,12.196306228637695,120300
2017-05-08,12.353168336164462,12.353168336164462,12.104798299376275,12.144014358520508,301300
2017-05-09,12.144015757208223,12.144015757208223,12.01329388279683,12.091727256774902,639800
2017-05-11,12.248590330796747,12.876053458309684,12.000220314621503,12.49696159362793,1637400
2017-05-12,12.745336225051547,12.745336225051547,12.130945309241683,12.157090187072754,263700
2017-05-15,12.287807406486715,12.287807406486715,12.117870734643034,12.144014358520508,682300
2017-05-16,12.287808542634442,12.876055717468263,12.261664916339694,12.876055717468262,2327800
2017-05-17,12.797621527575114,12.797621527575114,12.235519261607397,12.444674491882324,1147900
2017-05-18,12.313951573972428,12.483889482769786,12.313951573972428,12.41852855682373,393400
2017-05-19,12.496961917290191,12.784547996803283,12.405456122303324,12.41852855682373,1290000
2017-05-22,12.588469645794751,12.941416740417482,12.431604131889506,12.94141674041748,1098200
2017-05-23,12.849915418049969,12.849915418049969,12.496968234185127,12.536184310913086,479000
2017-05-24,12.53617996528319,12.941415526530463,12.523107528686523,12.523107528686523,799400
2017-05-25,12.53617996528319,12.640756964744174,12.483891465552697,12.523107528686523,927200
2017-05-26,12.516518786781349,12.529694371273097,12.463817705307248,12.490167617797852,524600
2017-05-29,12.47699643877966,12.635099723104528,12.253016471862793,12.253016471862793,229300
2017-05-31,12.332065764314093,12.450643525128475,12.213489259992748,12.226663589477539,2228100
2017-06-01,12.305716995182753,12.384768005427597,12.25301590285514,12.345242500305176,1109600
2017-06-02,12.384767150215529,12.516520500183105,12.332066061527113,12.516520500183105,316300
2017-06-05,12.450643184503374,12.819550786338725,12.450643184503374,12.806376457214355,562600
2017-06-06,12.661450285163918,12.806379245524106,12.635100364685059,12.635100364685059,428200
2017-06-07,12.63509864509572,12.687799735374293,12.516520877845654,12.529696464538574,455700
2017-06-08,12.490169235883315,12.700974845582207,12.490169235883315,12.569221496582031,504300
2017-06-09,12.529697597395087,12.898605262699412,12.529697597395087,12.648275375366211,609100
2017-06-13,12.529698743366048,12.938131953185131,12.490171976098395,12.621925354003906,1053900
2017-06-14,12.819552133711664,12.819552133711664,12.345242310071987,12.450644493103027,526000
2017-06-15,12.463821886608413,12.503347396850586,12.397945198542578,12.503347396850586,280100
2017-06-16,12.424294575591833,12.595573437140557,12.424294575591833,12.450644493103027,1632900
2017-06-19,12.635098558304506,12.635098558304506,12.397943025433408,12.437468528747559,373700
2017-06-20,12.450645748063112,12.4769969247235,12.292542457580566,12.292542457580566,826800
2017-06-21,12.279366668273541,12.463821132397502,12.266192336652233,12.318893432617188,1108400
2017-06-22,12.437468906100863,12.476995667107353,12.41111898858967,12.450644493103027,810400
2017-06-23,12.46382008010519,12.529696758622872,12.384767814585343,12.450644493103027,669200
2017-06-26,12.450644493103026,12.450644493103026,12.450644493103026,12.450644493103027,0
2017-06-27,12.384769439697266,12.384769439697266,12.384769439697266,12.384769439697266,0
2017-06-28,12.556045514620065,12.68779885946741,12.31889125298507,12.33206558227539,476300
2017-06-29,12.384768860203451,12.437469956168405,12.213491240687278,12.318893432617188,301400
2017-06-30,12.318889785849722,12.318889785849722,12.094909880180245,12.21348762512207,831600
2017-07-03,12.266192910597752,12.450646126859194,12.094914026574056,12.384769439697266,395800
2017-07-04,12.318890945316527,12.490168530250132,12.187137603759767,12.187137603759766,479700
2017-07-05,12.187139789270796,12.371594249229748,12.160788613636711,12.253016471862793,1022100
2017-07-06,12.266192059679836,12.371594249229748,12.253016471862793,12.253016471862793,376900
2017-07-07,12.27936669256567,12.292542280706284,12.14761458063926,12.173964500427246,489100
2017-07-10,12.187139035525428,12.450644493103026,12.173963448523264,12.450644493103027,295900
2017-07-11,12.397946152911551,12.52969953918533,12.38477056298549,12.424297332763672,351900
2017-07-12,12.371595107459518,12.411120617159357,12.371595107459518,12.384769439697266,741100
2017-07-13,12.503344999070295,12.516520585455428,12.239839553833008,12.239839553833008,1801200
2017-07-14,12.292542831566545,12.411120617159357,12.292542831566545,12.384769439697266,733700
2017-07-17,12.450642673167566,12.450642673167566,12.3188905918838,12.397941589355469,1200600
2017-07-18,12.411121849990764,12.424297440030577,12.358420746324931,12.371596336364746,674800
2017-07-19,12.292543946489893,12.424297332763672,12.292543946489893,12.424297332763672,760800
2017-07-20,12.318889237191813,12.41111580959771,12.305713653564453,12.305713653564453,1518200
2017-07-21,12.279363836655016,12.397941589355469,12.23983833791918,12.397941589355469,296800
2017-07-24,12.384769439697266,12.39794502842831,12.30571842029759,12.384769439697266,1000800
2017-07-25,12.516520791868958,12.516520791868958,12.318892018805107,12.437468528747559,95600
2017-07-26,12.450644493103026,12.582397850138392,12.345242310071987,12.450644493103027,692100
2017-07-27,12.516518786781349,12.516518786781349,12.4506421208155,12.490167617797852,265500
2017-07-28,12.5033432022896,12.5033432022896,12.43746653632375,12.490167617797852,295100
2017-07-31,12.358418087510367,12.476995859370787,12.266191490060331,12.345242500305176,1942800
2017-08-01,12.305716995182753,12.384768005427597,12.292541407977561,12.345242500305176,260800
2017-08-02,12.411120516337727,12.437470437092465,12.29254273170818,12.358419418334961,344200
2017-08-03,12.4374719911064,12.4374719911064,12.21349323897933,12.266194343566895,110300
2017-08-04,12.266192336652233,12.371594528582142,12.266192336652233,12.318893432617188,219100
2017-08-07,12.38477056298549,12.43747166619632,12.358420639626782,12.424297332763672,194400
2017-08-08,12.332068040027334,12.50334691986715,12.332068040027334,12.463821411132812,141300
2017-08-09,12.411121849990764,12.450647363616781,12.332069566245304,12.371596336364746,49500
2017-08-10,12.358420746324931,12.490172877242799,12.266194129033083,12.371596336364746,356500
2017-08-11,12.292544052619288,12.384770669911136,12.292544052619288,12.371596336364746,162600
2017-08-14,12.371595107459518,12.424296205890402,12.292542831566545,12.384769439697266,1235200
2017-08-15,12.424292759507994,12.450642673167566,12.345240505543373,12.397941589355469,688900
2017-08-16,12.384767438830993,12.556046295183108,12.384767438830993,12.437468528747559,1177000
2017-08-17,12.437470159732918,12.437470159732918,12.292542457580566,12.292542457580566,1899200
2017-08-18,12.318894009028636,12.384769439697266,12.279367242835498,12.384769439697266,730500
2017-08-21,12.371595107459518,12.39794502842831,12.292542831566545,12.384769439697266,849100
2017-08-22,12.384769439697266,12.39794502842831,12.332068341266382,12.384769439697266,1049100
2017-08-23,12.384767150215529,12.516520500183105,12.358417234117855,12.516520500183105,589800
2017-08-24,12.450646297696583,12.556048496004589,12.437470708784753,12.503347396850586,1116900
2017-08-25,12.450644115349975,12.450644115349975,12.384767438830993,12.437468528747559,1079300
2017-08-28,12.490619491944667,12.5039076896962,12.384316444396973,12.384316444396973,155600
2017-08-29,12.384320286139655,12.47733643202266,12.18500232696533,12.185002326965332,288400
2017-08-30,12.224862098693848,12.291301821445419,12.184998771935827,12.224862098693848,1869300
2017-08-31,12.224862098693848,12.224862098693848,12.224862098693848,12.224862098693848,0
2017-09-01,12.224862098693848,12.224862098693848,12.224862098693848,12.224862098693848,0
2017-09-05,12.17171217611241,12.264727039868855,12.158423976366496,12.211575508117676,509000
2017-09-06,12.238151907609504,12.238151907609504,12.091985512101878,12.211575508117676,1396400
2017-09-07,12.224862936214603,12.238151135121749,12.012256822629853,12.091984748840332,490100
2017-09-08,12.091983494770227,12.145135017654024,11.839512810647994,12.078695297241211,277100
2017-09-11,11.959105392390608,12.065408450055486,11.959105392390608,12.025545120239258,567800
2017-09-12,12.078696334534005,12.490620355450522,11.985681478307509,12.450757026672363,398000
2017-09-13,12.437472096272336,12.623503124842205,12.317882078512461,12.397608757019043,411900
2017-09-14,12.35774517059326,12.517199791649812,12.264729024552429,12.357745170593262,232100
2017-09-15,12.344454765319824,12.477334226098804,12.171711973200134,12.344454765319824,1042200
2017-09-18,12.278017205615658,12.278017205615658,12.171714125091661,12.185002326965332,93300
2017-09-19,12.184999822051022,12.264726482437982,12.07869676338013,12.15842342376709,314900
2017-09-20,12.211574895714294,12.264726424799955,12.105271837542972,12.198287963867188,222000
2017-09-21,12.158425650032402,12.251441793825444,11.97239589691162,11.972395896911621,200700
2017-09-22,11.97239589691162,11.97239589691162,11.97239589691162,11.972395896911621,0
2017-09-25,12.078696313824446,12.33116575196308,12.02554478646724,12.251439094543457,334400
2017-09-26,12.25143943458523,12.25143943458523,12.052120251039275,12.025545120239258,1307800
2017-09-27,12.012256267902755,12.184999044021186,12.012256267902755,12.038832664489746,2181100
2017-09-28,12.038833419164702,12.038833419164702,11.959105491638184,11.959105491638184,216500
2017-09-29,12.012257121714244,12.13184838039138,11.85280253255554,11.89266586303711,418900
2017-10-02,11.959105591994676,11.959105591994676,11.826226134079542,11.89266586303711,218100
2017-10-03,12.038834931254087,12.09198646720351,11.919243658559736,12.012258529663086,220600
2017-10-04,12.038833178640072,12.118559837341309,11.972393451567447,12.118559837341309,566700
2017-10-05,12.09198484808791,12.09198484808791,12.012256921223047,12.025545120239258,420400
2017-10-06,11.945817193374396,12.065408450055486,11.945817193374396,12.025545120239258,230200
2017-10-09,12.06541006561251,12.06541006561251,11.998970328867586,12.012258529663086,13100
2017-10-10,11.998969181080444,12.344454765319824,11.998969181080444,12.344454765319824,109100
2017-10-11,12.344451336045962,12.424179243811523,12.238148303846616,12.291299819946289,250100
2017-10-12,12.384315313536549,12.41089170661282,12.211572560237292,12.2780122756958,390200
2017-10-13,12.2780122756958,12.2780122756958,12.2780122756958,12.2780122756958,0
2017-10-16,12.424182593336305,12.47733412376548,12.304591333062547,12.410894393920898,449300
2017-10-17,12.464042564078252,12.464042564078252,12.291299819946289,12.291299819946289,201000
2017-10-18,12.291299819946289,12.291299819946289,12.291299819946289,12.291299819946289,0
2017-10-19,12.158421164194923,12.304588793127309,11.892663566907201,11.945815086364746,445200
2017-10-20,12.012257784028266,12.145137249269911,11.879378318786621,11.879378318786621,493400
2017-10-23,11.892665566930333,12.105271680515083,11.892665566930333,12.091984748840332,176800
2017-10-24,12.14513637692035,12.14513637692035,11.945817193374396,12.025545120239258,2783900
2017-10-25,12.052123482169087,12.065411684747817,11.985685003740931,11.998971939086914,423100
2017-10-26,12.025544126462039,12.078695650902098,11.892664681745742,12.052119255065918,543300
2017-10-27,11.932528994358185,12.118559978887927,11.932528994358185,12.025545120239258,2569700
2017-10-30,12.012256921223047,12.264726366369034,11.998968722206836,12.025545120239258,2578000
2017-10-31,12.078698312621334,12.078698312621334,11.945818838623085,11.98568344116211,3250000
2017-11-01,11.972395194509161,12.09198646720351,11.972395194509161,12.012258529663086,1564200
2017-11-02,12.105271981915381,12.11856018115338,11.839514333317542,11.89266586303711,2936500
2017-11-03,11.972395618179151,11.972395618179151,11.75978946685791,11.75978946685791,1886700
2017-11-06,11.852804705785035,11.852804705785035,11.294712907786389,11.361152648925781,3568100
2017-11-07,11.36115051230095,11.71992301940918,11.347862313125574,11.71992301940918,466100
2017-11-08,11.507319432324255,11.626910716739378,11.055530698859435,11.334576606750488,1428100
2017-11-09,11.294712560418228,12.158425366968928,11.175121283491874,11.75978946685791,4018500
2017-11-10,11.89266308686123,12.065405834933555,11.520602465676602,11.826223373413086,4023400
2017-11-13,11.77307443358516,11.786362632630407,11.547180118745608,11.587044715881348,606700
2017-11-14,11.587042901730856,11.693345942984443,11.268132510737885,11.281420707702637,989400
2017-11-15,11.361150644616819,11.361150644616819,11.201696054352496,11.214982986450195,1954100
2017-11-16,11.294710615915948,11.42759007123145,11.188407558556507,11.414301872253418,3519500
2017-11-17,11.414303411825555,11.414303411825555,11.02895446011325,11.055529594421387,623800
2017-11-20,11.161833927458972,11.188410332002942,10.922652622726817,11.068819046020508,434400
2017-11-21,11.068814794102275,11.387723922729492,10.962511751226534,11.387723922729492,605500
2017-11-22,11.2282719932038,11.613620930861076,11.068817391473118,11.108680725097656,2679500
2017-11-23,11.202593612078221,11.202593612078221,11.028181829434812,11.095263481140137,368700
2017-11-24,11.216009500391499,11.242842674255371,10.934267572201614,11.242842674255371,297300
2017-11-27,11.095265241913824,11.108680550802974,10.880603666495647,11.001350402832031,346400
2017-11-28,10.93426740485491,11.06843071316862,10.89401892415125,10.961100578308105,462400
2017-11-29,10.934269438710448,10.961102617154815,10.74644230750537,10.84035587310791,399800
2017-11-30,10.840354604429992,10.934268159041556,10.639110267816749,10.65252685546875,3478300
2017-12-01,10.65252685546875,10.65252685546875,10.65252685546875,10.65252685546875,0
2017-12-04,10.679360730396212,10.826939374648267,10.61227906319932,10.692776679992676,765700
2017-12-05,10.733026285751384,10.947686606750182,10.665944615570151,10.800107955932617,703800
2017-12-06,10.867189051552275,10.98793451612281,10.679360640870826,10.84035587310791,683100
2017-12-07,10.97451978661325,10.97451978661325,10.800107955932617,10.800107955932617,1097900
2017-12-08,10.800104337525909,10.813520922962425,10.733022689819336,10.733022689819336,498800
2017-12-11,10.733024003576872,10.826937554175798,10.719607416498121,10.759857177734375,558800
2017-12-12,10.759857206704558,10.853770757556338,10.746440619589682,10.773272514343262,722000
2017-12-13,10.853770757556338,10.853770757556338,10.759857206704558,10.773272514343262,1203200
2017-12-14,10.853770085316144,11.055013761670331,10.800105019656622,10.934267044067383,1356200
2017-12-15,10.867186281090255,11.041596778609234,10.692773864357209,10.894018173217773,1557100
2017-12-18,10.89401966594925,11.028182983398438,10.733024452695958,11.028182983398438,505200
2017-12-19,11.001350402832031,11.028183579562912,10.920853431591969,11.001350402832031,1366600
2017-12-20,10.974519755805709,11.041600146322196,10.947686576017965,10.987935066223145,556200
2017-12-21,11.055016996267423,11.430673845273935,10.974520013963502,11.377007484436035,1585800
2017-12-22,11.41725643889331,11.685581826519044,11.37700667114217,11.470921516418457,1348100
2017-12-25,11.470921516418457,11.470921516418457,11.470921516418457,11.470921516418457,0
2017-12-26,11.48433640173618,11.48433640173618,11.269674844008584,11.403838157653809,371200
2017-12-27,11.470920650403336,11.605082694349242,11.444087473928388,11.524585723876953,1999000
2017-12-28,11.551418471854863,11.73924688258776,11.538003162105376,11.658748626708984,419000
2017-12-29,11.658748412703419,11.859993408968164,11.484337873874193,11.725830078125,600900
2018-01-02,11.739247975565036,11.752664566040039,11.511171055395938,11.752664566040039,411800
2018-01-03,11.873408590719412,12.249064081290948,11.806326933248304,12.034403800964355,970200
2018-01-04,12.141735076904297,12.141735076904297,12.047820235869173,12.141735076904297,433400
2018-01-05,12.141734097037624,12.316145896911621,12.034403955496119,12.316145896911621,397200
2018-01-08,12.329561500861065,13.080873789156525,12.235647944627724,12.879630088806152,1022700
2018-01-09,12.86621199650759,12.879628582822509,12.624718560743387,12.745465278625488,576100
2018-01-10,12.745465278625488,12.879628582822509,12.624718560743387,12.745465278625488,265900
2018-01-11,12.61129975560962,12.732046452247674,12.289309417558723,12.410056114196777,494800
2018-01-12,12.544221601806049,12.745465278625488,12.410058297609028,12.745465278625488,353800
2018-01-15,12.745468356530495,12.839381924461954,12.624721609489244,12.678386688232422,778400
2018-01-16,12.664968217183404,12.664968217183404,12.168565992684893,12.316145896911621,1115200
2018-01-17,12.316145738762057,12.316145738762057,11.819743520637765,12.034403800964355,665800
2018-01-18,12.034403076203139,12.047818383308478,11.444086061380133,11.618497848510742,861100
2018-01-19,11.591666630179747,12.208815574645996,11.591666630179747,12.208815574645996,476600
2018-01-22,12.181982815427546,12.26248106287585,12.034404187827931,12.074652671813965,406900
2018-01-23,12.235649982424434,12.235649982424434,11.658749402107814,12.181984901428223,268100
2018-01-24,12.181984100485499,12.181984100485499,11.766080069978884,11.87341022491455,296900
2018-01-25,12.074650199746557,12.074650199746557,11.873406541541172,11.940486907958984,726000
2018-01-26,11.940489989508663,12.275897026062012,11.806327942573107,12.275897026062012,430100
2018-01-29,12.342976274500957,12.396641338671463,11.980737411219053,12.356392860412598,415600
2018-01-30,12.32956067757433,12.356393851549965,11.953905198248515,12.007570266723633,407600
2018-02-02,12.168567795755685,12.463726368467885,12.007572559588048,12.262482643127441,808400
2018-02-05,12.141735648079544,12.342979369308622,11.953907236649728,12.101487159729004,820800
2018-02-06,11.953903924949667,11.953903924949667,11.108678226890719,11.484334945678711,1580400
2018-02-07,11.564834988006607,12.020988782992534,11.538003089200805,11.819745063781738,869600
2018-02-08,12.034404187827931,12.155150919262269,11.698997169166432,12.074652671813965,860300
2018-02-09,11.739246667104586,11.833160231008991,11.618499925241009,11.725830078125,607700
2018-02-12,11.779493872178215,11.980738846534182,11.779493872178215,11.913657188415527,622700
2018-02-13,11.913655017287054,12.047817029598653,11.806324895647386,11.940486907958984,597100
2018-02-14,11.725833590107504,11.83316377513776,11.699001683588307,11.739250183105469,261400
2018-02-15,11.739250183105469,11.80633186861856,11.699001683588307,11.739250183105469,66600
2018-02-16,11.739250183105469,11.739250183105469,11.739250183105469,11.739250183105469,0
2018-02-19,11.900243078390492,12.517392158508303,11.900243078390492,12.5173921585083,299000
2018-02-20,12.503970686305236,12.503970686305236,11.846573371393267,11.940486907958984,305900
2018-02-21,11.953905198248515,12.074651922186566,11.940488611260697,12.007570266723633,785800
2018-02-22,11.98074065614737,12.168567791878226,11.98074065614737,12.047821044921875,490300
2018-02-23,12.034403825269365,12.034403825269365,11.81974354450924,11.859992027282715,718300
2018-02-26,11.859992324752582,12.007570951607654,11.806327253216534,11.846575736999512,832800
2018-02-27,11.846575061298283,12.074651922186566,11.766078098323687,12.007570266723633,683700
2018-02-28,12.20881719253861,12.20881719253861,11.685581731323632,11.819745063781738,1275400
2018-03-01,11.886823645431035,11.886823645431035,11.672163369676928,11.698996543884277,665000
2018-03-02,11.766076578303899,11.900238592421672,11.645329869964709,11.685578346252441,867300
2018-03-05,11.806328474640654,11.994155604710368,11.658748553041464,11.819745063781738,644400
2018-03-06,11.886825450534428,12.074653860080504,11.712413630129435,11.819745063781738,423600
2018-03-07,11.739246581927038,11.806328246861888,11.672164916992188,11.672164916992188,424900
2018-03-08,11.967323475019727,11.967323475019727,11.672164916992188,11.672164916992188,512400
2018-03-09,11.739246581927038,11.806328246861888,11.672164916992188,11.672164916992188,212800
2018-03-12,11.801023751799681,12.194391167072952,11.801023751799681,12.072311401367188,510500
2018-03-13,12.072315414088587,12.167267093199403,11.977365028579754,12.140137672424316,996100
2018-03-14,11.895979353458465,12.262217478708235,11.895979353458465,12.140137672424316,332700
2018-03-15,11.950236161709046,12.316474264289354,11.950236161709046,12.207959175109863,1338800
2018-03-16,12.072314666834547,12.330038973837265,12.072314666834547,12.207959175109863,2163000
2018-03-19,12.316471053898674,12.330035759910833,12.0994409321104,12.113005638122559,181500
2018-03-20,12.031619502663466,12.316471880017238,12.031619502663466,12.167263984680176,267100
2018-03-21,12.207959175109863,12.207959175109863,12.180829756014038,12.207959175109863,282500
2018-03-22,12.248652010151696,12.248652010151696,11.963799577655056,12.207959175109863,285100
2018-03-23,11.936669965979654,12.140135409458152,11.882412428145273,12.126570701599121,867000
2018-03-26,12.072311401367188,12.180826461194188,12.004490459176475,12.072311401367188,640700
2018-03-27,12.085874557495117,12.16726148873004,12.072309853355733,12.085874557495117,255300
2018-03-28,12.072314969567126,12.194394771355874,11.882414205541902,12.099444389343262,396500
2018-03-29,12.072309853355733,12.113003965773888,12.058746442817736,12.085874557495117,270800
2018-03-30,12.126572515517465,12.207959481243943,12.085879679455195,12.099444389343262,213600
2018-04-02,12.20795595658204,12.248648780895543,12.099440896011659,12.194391250610352,159700
2018-04-03,12.08587619003997,12.248648780895543,12.08587619003997,12.194391250610352,550800
2018-04-04,12.194395220372504,12.207959930760047,11.990929738967298,12.140137672424316,272500
2018-04-05,12.20795595658204,12.20795595658204,12.126569014353473,12.194391250610352,158700
2018-04-06,12.275778192838919,12.275778192838919,11.9637964234979,12.194391250610352,183500
2018-04-09,12.262215226704715,12.465680670742701,12.045185074770396,12.343602180480957,576200
2018-04-10,12.11300805399017,12.357166342897118,12.11300805399017,12.27578067779541,322700
2018-04-11,12.438554063016756,12.438554063016756,12.207959175109863,12.207959175109863,154700
2018-04-12,12.343602180480957,12.411423132759122,12.207957688721134,12.343602180480957,280700
2018-04-13,12.35717034996462,12.35717034996462,12.07231784253569,12.221527099609375,303900
2018-04-16,12.330038973837265,12.343603683385178,12.180829756014038,12.207959175109863,327600
2018-04-17,12.34360289596814,12.614890601611014,12.316473478602942,12.574197769165039,2241800
2018-04-18,12.547065139455812,12.614887371902899,12.479242907008727,12.560629844665527,712400
2018-04-19,12.73696856154363,12.750531974674596,12.492809014763369,12.601324081420898,1399200
2018-04-20,12.601325390430095,12.669147637536746,12.438552773535191,12.614890098571777,1114500
2018-04-23,12.614890580412204,12.614890580412204,12.235087793150422,12.357166290283203,403500
2018-04-24,12.6555854876179,12.6555854876179,12.180830955505371,12.180830955505371,168100
2018-04-25,12.207956811844529,12.302907173095235,12.099441743671822,12.167263984680176,267400
2018-04-26,12.27578142924752,12.343603683385178,12.167266340068029,12.207959175109863,1468400
2018-04-27,12.22152066255373,12.22152066255373,12.126569014353473,12.194391250610352,357200
2018-04-30,12.153696784590656,12.262211830502961,12.085874557495117,12.085874557495117,639200
2018-05-02,12.085877904857645,12.411423132759122,11.801025507043414,12.343602180480957,1050400
2018-05-03,11.977359407363878,12.34359865433218,11.977359407363878,12.058746337890625,946200
2018-05-04,12.05874979702381,12.221522411168346,12.045185089111328,12.045185089111328,470200
2018-05-07,11.909541484619236,11.977363735633613,11.882413360374592,11.92310619354248,680200
2018-05-08,11.882412474966793,12.180828287430902,11.868847767054312,12.045185089111328,696900
2018-05-14,11.80102725190052,12.750534953804804,11.55686894167492,11.895978927612305,2462500
2018-05-15,12.072314981930038,12.207959493745767,11.81459196180248,11.895978927612305,929000
2018-05-16,11.868852615356445,12.058754722898968,11.719644648174498,11.868852615356445,628900
2018-05-17,11.801027239815424,12.275781737082351,11.801027239815424,12.099444389343262,807600
2018-05-18,12.207959930760047,12.343604447431508,12.140137672424316,12.140137672424316,757300
2018-05-21,12.153698426296849,12.275778192838919,11.895975480842582,12.194391250610352,1366800
2018-05-22,12.194391250610352,12.235085368525416,12.004490541412965,12.194391250610352,849800
2018-05-23,11.977364893342278,12.18083037245014,11.773899414234418,11.99092960357666,1084600
2018-05-24,11.733204983977016,12.180830061467805,11.733204983977016,12.099444389343262,1276000
2018-05-25,12.113011981884283,12.248655232239527,11.936674592180445,12.221527099609375,1003200
2018-05-28,12.397857874449747,12.397857874449747,11.93666822338421,12.072311401367188,511100
2018-05-30,12.072311401367188,12.072311401367188,12.072311401367188,12.072311401367188,0
2018-05-31,11.716444969177246,11.716444969177246,11.716444969177246,11.716444969177246,0
2018-06-01,11.976499650229705,12.222873775027303,11.839624846378847,12.127060890197754,509700
2018-06-04,12.127061235818973,12.318685705604498,11.908062587684032,12.140748977661133,777400
2018-06-05,12.14074804141595,12.523995646097594,12.031248725792624,12.38712215423584,571600
2018-06-06,12.387124301373985,12.606122970581055,12.140750145848514,12.606122970581055,996100
2018-06-07,12.647184118721476,12.647184118721476,12.42818546295166,12.42818546295166,517400
2018-06-08,12.236562987990146,12.482937168697484,12.168126875869365,12.22287654876709,1056300
2018-06-11,12.222874123379189,12.45556051335629,12.11337479931172,12.140748977661133,709700
2018-06-12,12.140747752672771,12.29130898174035,12.044936180114746,12.044936180114746,628500
2018-06-13,12.140751107453543,12.414499465644548,12.127063363210208,12.359749794006348,499000
2018-06-14,12.168124989268732,12.387123646905094,11.976500511169434,11.976500511169434,1491000
2018-06-18,11.78487483167346,12.05862443114676,11.771188395967659,11.880687713623047,620900
2018-06-19,11.812254293837094,12.017565257285783,11.812254293837094,11.825942039489746,954200
2018-06-20,11.949126794633889,11.949126794633889,11.771191337973121,11.78487777709961,476600
2018-06-21,11.771192631640716,11.949128107856797,11.771192631640716,11.798566818237305,467100
2018-06-22,11.771188395967659,12.22287340762984,11.702750996099335,11.880687713623047,479200
2018-06-25,12.113374352686598,12.154436271364203,11.730125427246094,11.730125427246094,726700
2018-06-26,11.88068858471419,11.976500168353843,11.798563437783823,11.839625358581543,692700
2018-06-27,11.812251179828039,11.949124684265412,11.771189259030319,11.839625358581543,560900
2018-06-28,11.784877309533691,12.12706307548765,11.784877309533691,11.990189552307129,575000
2018-06-29,11.908062763467692,12.058625315284209,11.798563437783823,11.839625358581543,2702400
2018-07-02,11.839626404698848,11.853314147952474,11.689065144914073,11.757502555847168,670400
2018-07-03,11.771190371180525,11.990189043239411,11.716440703165805,11.908063888549805,442400
2018-07-04,11.812252295857805,11.962813556564525,11.812252295857805,11.908063888549805,326300
2018-07-05,11.839625697479226,11.976500511169434,11.839625697479226,11.976500511169434,371400
2018-07-06,11.908064013425255,11.949125938533134,11.57956600189209,11.57956600189209,872800
2018-07-09,11.634315477234606,11.798564480273008,11.634315477234606,11.757502555847168,1276300
2018-07-10,11.771192969292693,12.086003303527832,11.771192969292693,12.086003303527832,889500
2018-07-11,12.05862642633137,12.154438018798828,12.03125093972064,12.154438018798828,893800
2018-07-12,12.181816243460647,12.250253677368164,12.113380114888612,12.250253677368164,531800
2018-07-13,12.318688704157873,12.45556354522705,12.195501608262658,12.45556354522705,901200
2018-07-16,12.31868833841267,12.565062522888184,12.31868833841267,12.565062522888184,604500
2018-07-17,12.565061046438489,12.606122970581055,12.537685560120087,12.606122970581055,529600
2018-07-18,12.633498191833496,12.633498191833496,12.523998848213553,12.633498191833496,486000
2018-07-19,12.619810713740256,12.633497151564422,12.578747484262655,12.606122970581055,2217700
2018-07-20,12.592436707088137,12.606124451855708,12.455563175417998,12.565062522888184,1957300
2018-07-23,12.55137279202705,12.592434714497053,12.318686389138742,12.52399730682373,370100
2018-07-24,12.592437744140625,12.647187422384638,12.524000320001786,12.592437744140625,1156800
2018-07-25,12.660871944778622,12.660871944778622,12.578746795654297,12.578746795654297,555200
2018-07-26,12.592431947815504,12.79774412572636,12.510308120918916,12.688244819641113,1241500
2018-07-27,12.68824817170274,13.003058433532715,12.61981076098556,13.003058433532715,1139600
2018-07-30,13.00305609709601,13.139930893936207,12.920930957924933,13.08518123626709,603500
2018-07-31,13.139939313952036,13.317874836395871,12.729315965640602,12.825127601623535,1663000
2018-08-01,13.057811273264688,13.345247423837684,12.866186737770906,13.139936447143555,1143000
2018-08-02,13.003058433532715,13.139933254967074,12.907246841729686,13.003058433532715,1182600
2018-08-03,13.139933075167148,13.263118846370416,12.838809255332999,13.057807922363281,504500
2018-08-06,12.825119094130372,13.098867376302916,12.742995262145996,12.742995262145996,226200
2018-08-07,13.003058433532715,13.12624551175663,12.866183612098354,13.003058433532715,905600
2018-08-08,13.057811273264688,13.139936447143555,12.975686099385824,13.139936447143555,1110500
2018-08-09,13.030436444679868,13.16730998729927,12.961999020702521,12.989373207092285,748300
2018-08-10,12.989370690322271,13.15361969284248,12.961996509236421,13.003058433532715,482600
2018-08-13,13.003058976418725,13.003058976418725,12.729310627455876,12.838809967041016,196800
2018-08-14,12.701937823735118,12.879874614491717,12.674563635722379,12.77037525177002,522200
2018-08-15,12.77037525177002,12.934624295852565,12.674563635722379,12.77037525177002,551100
2018-08-16,12.770371273387749,12.770371273387749,12.565060358579377,12.578746795654297,784900
2018-08-17,12.510310781751196,12.66087203330778,12.496623039245605,12.496623039245605,545700
2018-08-20,12.496622869213466,12.57874671245967,12.42818546295166,12.42818546295166,261500
2018-08-21,12.469248196340757,13.003058433532715,12.441874015254909,13.003058433532715,1256400
2018-08-23,13.085184220577277,13.153620329270648,12.79774812592577,12.86618423461914,1109400
2018-08-24,12.866185320843904,12.920934995621892,12.633498876703655,12.660874366760254,1402600
2018-08-27,12.79774812592577,12.989371318803373,12.79774812592577,12.86618423461914,319200
2018-08-28,13.003059062676089,13.044120988959131,12.825122308336098,12.86618423461914,1053300
2018-08-29,12.962819616511762,13.114673253918637,12.879989521946392,12.97662353515625,356200
2018-08-30,12.907599449157715,12.962819071031069,12.672915727061056,12.907599449157715,923200
2018-09-03,12.700522811662093,13.100865334189788,12.700522811662093,12.83857250213623,332500
2018-09-04,12.783355891117584,12.879989907217997,12.769550655520458,12.852380752563477,1076500
2018-09-05,12.70052475574777,12.949013710021973,12.70052475574777,12.949013710021973,776800
2018-09-06,12.935206495544474,12.949011727899773,12.810962037425636,12.83857250213623,1042200
2018-09-07,12.921401908279078,12.949012374368102,12.769548294407903,12.810962677001953,1714800
2018-09-12,12.838575132933551,13.376966139719546,12.810964662565198,12.97662353515625,1651400
2018-09-13,12.85237575760774,13.018034570772299,12.85237575760774,12.93520450592041,1260200
2018-09-14,13.059448944928635,13.10086331908497,12.921399275688561,12.93520450592041,606300
2018-09-18,12.71433007436922,13.252722373346938,12.71433007436922,13.114672660827637,1038100
2018-09-19,13.238917138787082,13.307941995046733,13.087062191707926,13.114672660827637,878200
2018-09-20,13.114673744198775,13.252723468122026,13.004234491676069,13.073259353637695,530800
2018-09-21,13.156087047967576,13.211306669667369,13.100867426267781,13.114672660827637,1715600
2018-09-24,13.238914291487689,13.252719523078447,13.156084218482484,13.169889450073242,841400
2018-09-25,13.183697517087287,13.183697517087287,13.100867426267781,13.114672660827637,491800
2018-09-26,13.100867426267781,13.321745913066959,12.976622948308336,13.114672660827637,735000
2018-09-27,13.28033152592702,13.28033152592702,13.087062191707926,13.114672660827637,3479200
2018-09-28,13.114672476443992,13.252722187022405,12.990428000231342,13.045647621154785,3055600
2018-10-01,13.22511174791429,13.22511174791429,13.045647650376209,13.10086727142334,618500
2018-10-02,13.100867271423342,13.128477740216713,13.073258119169582,13.10086727142334,1174200
2018-10-03,13.169892282527432,13.183697517087287,13.045647804567986,13.114672660827637,799200
2018-10-04,13.22511174791429,13.22511174791429,13.059452884772895,13.10086727142334,830200
2018-10-05,13.21130576817531,13.21130576817531,12.921402444898442,12.962818145751953,1027900
2018-10-08,12.976618880076746,13.045643714696784,12.893790131764076,12.93520450592041,326800
2018-10-09,13.100864729207618,13.100864729207618,12.493449015557866,12.631497383117676,364000
2018-10-10,12.75574583760677,12.75574583760677,12.217354797086731,12.272574424743652,584000
2018-10-11,12.079306401068735,12.231160064727801,11.80320823235229,11.899842262268066,2645300
2018-10-12,11.927448794403654,12.755743026733398,11.927448794403654,12.755743026733398,1053000
2018-10-15,12.83857202934019,12.83857202934019,12.465838668710031,12.590083122253418,454300
2018-10-16,12.76954850482987,12.76954850482987,12.383011188990407,12.672914505004883,674900
2018-10-17,12.76955236576905,12.76955236576905,12.424429328856373,12.728137969970703,457000
2018-10-18,12.562479577810215,12.741942405700685,12.534869101802478,12.741942405700684,555800
2018-10-19,12.548675407076255,12.686723849236149,12.479650527726273,12.645309448242188,983400
2018-10-22,12.728136709646007,12.824770729120203,12.603892218013598,12.700526237487793,286000
2018-10-23,12.507256165265769,12.70052417279506,12.203547603597446,12.424426078796387,685200
2018-10-24,12.603890011038276,12.603890011038276,12.41062068939209,12.41062068939209,552000
2018-10-25,12.369206828318198,12.617695778586114,12.231157118938334,12.56247615814209,429200
2018-10-26,12.410622925462954,12.562477890023672,12.396817689313837,12.493453025817871,378400
2018-10-29,12.50725524101995,12.521059157295147,12.38301077876692,12.479644775390625,278600
2018-10-30,12.507255851354955,12.507255851354955,12.272572148211353,12.396815299987793,773600
2018-10-31,12.424426478129922,12.728135049559743,12.424426478129922,12.617695808410645,1042900
2018-11-01,12.783352298934632,12.783352298934632,12.479643783840077,12.631497383117676,225200
2018-11-02,12.493454199546889,12.893796869704,12.493454199546889,12.728137969970703,390300
2018-11-05,12.907597347373299,12.907597347373299,12.507254824845605,12.83857250213623,236200
2018-11-07,12.893794214554468,12.935208601824574,12.810964123474621,12.907599449157715,2024400
2018-11-08,12.97662298909468,12.97662298909468,12.769549736204516,12.907599449157715,1245400
2018-11-09,12.976622862419317,12.990428096887799,12.769549611550561,12.949013710021973,1315100
2018-11-12,12.976622862419317,12.976622862419317,12.631499899944977,12.949013710021973,744000
2018-11-13,12.93520450592041,12.976618880076746,12.879984901532225,12.93520450592041,1495200
2018-11-14,12.686720279532326,12.94901448395167,12.645305890191267,12.879989624023438,153800
2018-11-15,12.94901383642782,13.004233458301174,12.893794214554468,12.907599449157715,1528400
2018-11-16,12.97662353515625,13.05945362972162,12.728135884539517,12.97662353515625,1411100
2018-11-19,13.087062783550284,13.087062783550284,12.907599992314745,12.97662353515625,1787900
2018-11-21,12.879988979951221,13.045647845571281,12.852379827284361,12.907599449157715,1063600
2018-11-22,12.65910958885725,13.156086150243503,12.645304355239412,12.962818145751953,1755500
2018-11-23,12.935209299707973,13.031843314065052,12.935209299707973,12.990428924560547,634800
2018-11-26,12.907595361995927,12.990424110308597,12.755740462524,12.93520450592041,968500
2018-11-27,13.004234005524603,13.018039240708779,12.838575132933551,12.97662353515625,1110900
2018-11-28,12.976623689212477,13.073259020109262,12.893794910203468,12.990428924560547,1275900
2018-11-29,13.114673253918637,13.183698113299831,12.935209146143409,12.97662353515625,1286400
2018-11-30,13.128478979899047,13.238918232421753,12.921404394014171,13.073259353637695,7043000
2018-12-03,13.225112143528976,13.459795869134494,13.156087286020357,13.294137001037598,387300
2018-12-04,13.34936111978763,13.390775521625269,13.280336239031502,13.32175064086914,1597200
2018-12-05,13.321744399545185,13.542624177789204,13.225110401684319,13.307940483093262,849500
2018-12-06,13.142284263462896,13.390771924274093,12.852380895400046,13.183698654174805,2100000
2018-12-07,13.252723516387816,13.390771924274093,13.128479027712345,13.183698654174805,1378900
2018-12-10,13.363162769312735,13.363162769312735,13.114673791961794,13.183698654174805,599300
2018-12-11,13.01803585219294,13.252719523078447,12.976620157420664,13.169889450073242,1220300
2018-12-12,13.25272464752197,13.584042434575057,13.156089305559929,13.252724647521973,1690500
2018-12-13,13.378140449523928,13.587173354141978,13.308462371651645,13.378140449523926,907100
2018-12-14,13.336334365755395,13.336334365755395,13.085495116665244,13.196979522705078,854600
2018-12-17,12.987945975297867,13.935564807486646,12.987945975297867,13.615047454833984,833500
2018-12-18,13.517502061254392,13.670794175316725,13.406017612299674,13.433889389038086,1453200
2018-12-19,13.503559394895479,13.587173354141978,13.33633280540128,13.378140449523926,677800
2018-12-20,13.183046390086881,13.364208919947393,13.169110504174713,13.238788604736328,608100
2018-12-21,13.238784159470365,13.447817061967752,13.238784159470365,13.266655921936035,1500800
2018-12-24,13.447817035976119,13.531430994212736,13.196977819263827,13.364204406738281,152800
2018-12-26,13.169108594138956,13.280593007268251,12.97401153566221,13.085495948791504,332800
2018-12-27,13.113368289525265,13.322402591210114,13.113368289525265,13.238788604736328,711400
2018-12-28,13.183046390086881,13.280594933473607,13.169110504174713,13.238788604736328,218900
2018-12-31,13.294526490277429,13.419946764647777,13.294526490277429,13.378140449523926,340100
2019-01-02,13.36420751987933,13.406013844236872,12.834655871687135,12.94614028930664,408700
2019-01-03,13.16910912454565,13.16910912454565,12.904333964949098,12.94614028930664,373700
2019-01-04,13.02975318720978,13.169108033185902,12.695298633069331,12.834654808044434,492300
2019-01-07,12.862525754487352,12.960075612428632,12.263297367986222,12.542008399963379,804700
2019-01-08,12.611687069431255,12.625622953919912,12.207555722253858,12.30510425567627,1243100
2019-01-09,12.332975913723306,12.472330770359154,12.040328987089222,12.193619728088379,1804300
2019-01-10,12.319040355858618,12.542009195584711,12.068199746667208,12.52807331085205,1648900
2019-01-11,12.542008399963379,12.709235019149675,12.458394425870717,12.542008399963379,1430700
2019-01-14,12.542008399963379,12.542008399963379,12.346910013079853,12.542008399963379,915600
2019-01-15,12.542007421066288,12.611685505871998,12.360844932171014,12.388716697692871,1214100
2019-01-16,12.528070506818755,12.528070506818755,12.305101716997548,12.33297348022461,1239600
2019-01-17,12.332975921311768,12.458394893661476,12.305104152568001,12.34691047668457,1204900
2019-01-18,12.458393453499651,12.472329336260579,12.221490091558524,12.388716697692871,1725400
2019-01-22,12.542005346421366,12.542005346421366,12.24935850184492,12.277230262756348,1131600
2019-01-23,12.193618106520672,12.374780592154563,12.179682224010627,12.319038391113281,882000
2019-01-24,12.33297348022461,12.416586111908153,12.319037598611079,12.33297348022461,1293400
2019-01-25,12.444456657272527,12.444456657272527,12.332972273272215,12.36084270477295,2693000
2019-01-28,12.430520777022815,12.430520777022815,12.291164632523083,12.36084270477295,2432800
2019-01-29,12.31903861288716,12.430523016976725,12.207554208797596,12.388716697692871,3197200
2019-01-30,12.402652952694831,12.472331047058105,12.36084662767651,12.472331047058105,2384000
2019-01-31,12.542007507653395,12.681363678226896,12.444458985651305,12.597749710083008,2657400
2019-02-04,12.737107371830982,12.737107371830982,12.30510425567627,12.30510425567627,332500
2019-02-07,12.444459871021133,12.542008399963379,12.305103690533038,12.542008399963379,507300
2019-02-08,12.555945134060499,12.667429554400732,12.416588944135649,12.583815574645996,2642800
2019-02-11,12.54200924926819,12.597751459438307,12.40265305934334,12.583815574645996,1687200
2019-02-12,12.65349191251262,12.65349191251262,12.48626530522378,12.597749710083008,1220500
2019-02-13,12.569883389667865,12.625625610351562,12.555947502247097,12.625625610351562,1171800
2019-02-14,12.653490159299995,12.709232354006211,12.569877531740046,12.61168384552002,870800
2019-02-15,12.514139839984795,12.72317416429819,12.514139839984795,12.625625610351562,1326000
2019-02-18,12.625625610351562,12.625625610351562,12.569883389667865,12.625625610351562,129100
2019-02-19,12.597747964593777,12.653490159299995,12.402649618622641,12.61168384552002,662900
2019-02-20,12.778915467413512,12.87646401435583,12.625624703789969,12.681366920471191,1411100
2019-02-21,12.681366920471191,12.751043694573262,12.653495147630942,12.681366920471191,1091600
2019-02-22,12.681366920471191,12.751043694573262,12.611688817369844,12.681366920471191,914400
2019-02-25,12.751039439289844,12.751039439289844,12.555942410513087,12.695297241210938,1707800
2019-02-26,12.862528127935706,12.862528127935706,12.653495147630942,12.681366920471191,2438800
2019-02-27,12.681362849103449,12.751039600835709,12.639555203265472,12.709233283996582,1805600
2019-02-28,12.806782636944321,12.806782636944321,12.500201188080919,12.597749710083008,3977100
2019-03-01,12.696499757934083,12.696499757934083,12.414355587942786,12.54132080078125,307700
2019-03-04,12.428464710745546,12.682393823292667,12.428464710745546,12.513107299804688,361700
2019-03-05,12.428464554105016,12.654179915910882,12.428464554105016,12.49899959564209,760400
2019-03-06,12.414354326974285,12.682390924898241,12.414354326974285,12.611854553222656,490600
2019-03-07,12.513106489714893,12.682393002243382,12.513106489714893,12.625964164733887,204200
2019-03-08,12.4989997531716,12.597751234233526,12.4989997531716,12.513107299804688,538000
2019-03-11,12.625964982130007,12.625964982130007,12.38614207084628,12.513107299804688,530800
2019-03-12,12.61185855420881,12.625966102093283,12.45667956358905,12.527215957641602,1340500
2019-03-13,12.470786251916023,12.611857684927864,12.456678705003922,12.484893798828125,581200
2019-03-14,12.484889822387107,12.611853668048825,12.372032173774938,12.470782279968262,806200
2019-03-15,12.484893798828125,12.597751483385487,12.484893798828125,12.484893798828125,3132000
2019-03-18,12.499000861872654,12.61185855420881,12.414358265305445,12.527215957641602,205800
2019-03-19,12.597751483385487,12.611857684927864,12.442571158091821,12.484893798828125,411100
2019-03-20,12.456678705003922,12.527215094194704,12.34382102044656,12.484893798828125,903500
2019-03-21,12.583643936473385,12.76703801022153,12.372036114270761,12.484893798828125,527400
2019-03-22,12.400249055946825,12.597750663757324,12.315605125351,12.597750663757324,463800
2019-03-25,12.414357409637342,12.583643936473385,12.414357409637342,12.484893798828125,359400
2019-03-26,12.484893573280265,12.484893573280265,12.386142092049292,12.41435718536377,464100
2019-03-27,12.400249392578335,12.555428366618774,12.400249392578335,12.442570686340332,238000
2019-03-28,12.428460998081023,12.58363992858043,12.357924631356093,12.470782279968262,668900
2019-03-29,12.56953439277913,12.56953439277913,12.386140348164759,12.428462982177734,1030100
2019-04-01,12.484894625932935,12.541323471949937,12.357929386052222,12.372036933898926,138000
2019-04-02,12.372035822641575,12.527214798907695,12.301499435113453,12.357928276062012,638100
2019-04-03,12.343821838205518,12.499000828409827,12.31560674251211,12.372036933898926,233700
2019-04-04,12.301499435113453,12.470785957959134,12.301499435113453,12.357928276062012,860400
2019-04-05,12.414357117010573,12.414357117010573,12.315605636323324,12.357928276062012,539500
2019-04-08,12.40024963870653,12.484893573280265,12.372035890761751,12.41435718536377,242300
2019-04-09,12.414353455662178,12.527211104274347,12.414353455662178,12.470782279968262,293400
2019-04-10,12.442569181479218,12.470784270821202,12.372034148863275,12.428462982177734,1020200
2019-04-11,12.428462982177734,12.442569181479218,12.315603970179307,12.428462982177734,916400
2019-04-12,12.357924631356093,12.541318646693192,12.357924631356093,12.470782279968262,617200
2019-04-15,12.58363992858043,12.58363992858043,12.386138370824488,12.470782279968262,139300
2019-04-16,12.484893798828125,12.569536389561284,12.400249862725241,12.484893798828125,207800
2019-04-17,12.484893551908206,12.513107299804688,12.428464710745546,12.513107299804688,505000
2019-04-18,12.442572015704576,12.555429708040732,12.414358265305445,12.527215957641602,832700
2019-04-19,12.555428366618774,12.625964753135218,12.442570686340332,12.442570686340332,63300
2019-04-22,12.484893325472003,12.484893325472003,12.386141846201113,12.442570686340332,89200
2019-04-23,12.414356938955558,12.47078577909478,12.386141846201113,12.442570686340332,427500
2019-04-24,12.414358046639089,12.484894439449212,12.343821653828964,12.456679344177246,655800
2019-04-25,12.414358232069226,12.456679530239526,12.372036933898926,12.372036933898926,368600
2019-04-26,12.372035822641575,12.40024957043101,12.343820729482449,12.357928276062012,647900
2019-04-29,12.372035890761751,12.498999774567805,12.357928344104513,12.41435718536377,511000
2019-04-30,12.372032173774938,12.555424843742742,12.372032173774938,12.470782279968262,807700
2019-05-02,12.682395572932936,12.682395572932936,12.259178533141883,12.343822479248047,194900
2019-05-03,12.273285042375123,12.414357825482217,12.273285042375123,12.38614273071289,401600
2019-05-06,12.273285042375123,12.38614273071289,12.230963745590904,12.38614273071289,500100
2019-05-07,12.301500540035217,12.499000828409827,12.27328544434181,12.372036933898926,668100
2019-05-08,12.27328324906128,12.343819630308385,12.202746867814174,12.24506950378418,972400
2019-05-09,12.202746391296387,12.245069025613692,12.202746391296387,12.202746391296387,1326300
2019-05-10,12.202750127853292,12.273286527944625,11.991142272949219,11.991142272949219,623200
2019-05-13,12.174533072870938,12.174533072870938,11.821852513443748,11.906495094299316,559600
2019-05-14,11.652568661456328,11.723105058487734,11.440959470362113,11.638461112976074,2687400
2019-05-15,11.652564840334028,11.835958874328952,11.62434975262584,11.737207412719727,1400700
2019-05-16,11.737207412719727,11.821851330474859,11.694886126526878,11.737207412719727,1543000
2019-05-17,11.73720972451746,11.835961205577087,11.708995976621635,11.723103523254395,728800
2019-05-21,11.850066207506782,11.864173752711732,11.638458410910774,11.652565956115723,1113500
2019-05-23,11.708994155494675,11.723101699933256,11.215240863100222,11.497385025024414,1554700
2019-05-24,11.342210828855654,11.821856777959136,11.342210828855654,11.553818702697754,1000200
2019-05-27,11.680781256162835,11.765425193291218,11.455065884313465,11.469173431396484,585000
2019-05-28,11.426850310281516,11.666673190906476,11.426850310281516,11.52560043334961,11683800
2019-05-29,11.567923093157656,11.864174842834473,11.511494252522533,11.864174842834473,959800
2019-05-30,11.86417558580828,12.484894217035762,11.779532992239838,12.38614273071289,1015200
2019-05-31,12.301500356290807,12.597752129797493,12.259177713382858,12.456679344177246,1940800
2019-06-03,12.555426435160664,12.978643343784281,12.216853446409557,12.823464393615723,318300
2019-06-04,12.696502990235516,13.049183628853168,12.499001348276478,12.978647232055664,936000
2019-06-05,12.978647232055664,12.978647232055664,12.978647232055664,12.978647232055664,0
2019-06-06,12.978647232055664,12.978647232055664,12.978647232055664,12.978647232055664,0
2019-06-07,12.710612605775323,12.99275689348014,12.710612605775323,12.894006729125977,597400
2019-06-10,12.696500707113314,12.936323605877247,12.51310664656621,12.640071868896484,693600
2019-06-11,12.555427938886426,12.767037091226758,12.527214192462825,12.640071868896484,316900
2019-06-12,12.513106260255878,12.738821606154808,12.513106260255878,12.555427551269531,554400
2019-06-13,12.442572015704576,12.625966102093283,12.414358265305445,12.527215957641602,496000
2019-06-14,12.75293023291931,12.75293023291931,12.287391956188017,12.41435718536377,913400
2019-06-17,12.301497454434854,12.527212781886407,12.301497454434854,12.400247573852539,637900
2019-06-18,12.329068520897607,12.628041373706473,12.329068520897607,12.5283842086792,367600
2019-06-19,12.5283842086792,12.57109422830131,12.471437063274037,12.5283842086792,527900
2019-06-20,12.656515625272577,12.656515625272577,12.485674189057088,12.5283842086792,862800
2019-06-21,12.642275232802184,12.65651235490645,12.485670962835343,12.585328102111816,2158400
2019-06-24,12.656515625272577,12.656515625272577,12.514147082896148,12.5283842086792,214300
2019-06-25,12.499909957113097,12.5283842086792,12.485674189057088,12.5283842086792,383200
2019-06-26,12.514142406105279,12.528379526567628,12.400248157859563,12.457195281982422,458400
2019-06-27,12.457197173554778,12.528381428949011,12.172461509704588,12.17246150970459,584400
2019-06-28,12.215175389423937,12.485675374066771,12.186702492882528,12.3575439453125,673700
2019-07-01,12.357538154199053,12.514142406105279,12.314826792812008,12.457195281982422,267000
2019-07-02,12.471437575392086,12.499910470400335,12.400253301280811,12.428726196289062,552600
2019-07-03,12.400252509395047,12.52838392306739,12.371778258478075,12.485673904418945,364900
2019-07-04,12.49991114347389,12.49991114347389,12.329069691043918,12.3575439453125,540600
2019-07-05,12.386015383936561,12.642278211281246,12.386015383936561,12.485673904418945,122600
2019-07-08,12.386012749566635,12.428722759131125,12.37177562713623,12.37177562713623,412000
2019-07-09,12.442958161520073,12.485669522907118,12.386011037397214,12.457195281982422,123400
2019-07-10,12.45719574264801,12.514142868876764,12.215170116744149,12.32906436920166,223000
2019-07-11,12.229408850932938,12.371776006421403,12.229408850932938,12.314828872680664,176600
2019-07-12,12.286355677837017,12.357539932666894,12.229408545518464,12.243645668029785,149800
2019-07-15,12.272118286750523,12.314828295623048,12.186698269005474,12.257881164550781,153300
2019-07-16,12.215169889948022,12.24364413139702,12.172459885501087,12.186697006225586,87000
2019-07-17,12.18669844663384,12.22940845612889,12.087039947509766,12.087039947509766,303000
2019-07-18,12.1582256527099,12.1582256527099,11.95890998840332,11.95890998840332,487700
2019-07-19,12.058568684391055,12.129752948287248,12.001621544819482,12.07280445098877,596400
2019-07-22,12.101277449597184,12.115514572451133,11.987383182219116,12.0300931930542,325000
2019-07-23,12.044328260283406,12.087038263829106,11.816539764404297,11.816539764404297,475000
2019-07-24,11.816539326674349,11.930433570394824,11.57451371933672,11.588750839233398,567700
2019-07-25,11.659935752186453,11.745357128704057,11.47485859223063,11.546041488647461,697700
2019-07-26,11.560278611021515,11.688409996934562,11.517568601626072,11.546041488647461,512200
2019-07-29,11.546040519213253,11.560277640391924,11.474857628773114,11.51756763458252,207300
2019-07-31,11.460623462129258,11.489096354100269,11.40367632046028,11.446386337280273,1933900
2019-08-01,11.403674139536369,11.446384148188182,11.304016321243225,11.432147026062012,445400
2019-08-02,11.403673454595655,11.531804830581816,11.318252084696011,11.4179105758667,536000
2019-08-05,11.360961922911121,11.403672604677709,11.304014799797843,11.375198364257812,744200
2019-08-06,11.304017066955566,11.360964201490283,11.218596365153491,11.304017066955566,1586800
2019-08-07,11.375199027082962,11.389436148122497,11.247068332043625,11.346725463867188,767800
2019-08-08,11.432145487371091,11.432145487371091,11.332488361354482,11.375198364257812,787500
2019-08-09,11.346728499927822,11.702649153654153,11.346728499927822,11.446386337280273,389600
2019-08-13,11.588751094227492,11.588751094227492,11.304014799797843,11.375198364257812,583800
2019-08-14,11.346725085297123,11.446382892659017,11.346725085297123,11.389435768127441,764500
2019-08-15,11.26130439849976,11.432145772094486,11.247067956798503,11.389435768127441,483400
2019-08-16,11.417910009256502,11.417910009256502,11.289777960765548,11.389435768127441,389900
2019-08-19,11.318251241144536,11.503329730694317,11.318251241144536,11.375198364257812,235900
2019-08-20,11.546042711956401,11.588754083603854,11.460622684115222,11.531806945800781,514400
2019-08-21,11.53180277297646,11.588749890173014,11.247066508130501,11.261302947998047,466700
2019-08-22,11.275545015474473,11.389439299854864,11.247071444379374,11.360965728759766,538000
2019-08-23,11.375198647562911,11.389435768127441,11.304015081330078,11.389435768127441,471600
2019-08-26,11.389437285373923,11.389437285373923,11.061990936264888,11.175885200500488,590300
2019-08-27,11.104700936081253,11.147410943089085,10.492518285486875,10.933858871459961,3552200
2019-08-28,11.10470037969954,11.3467253246321,10.990805449370747,11.133173942565918,682000
2019-08-29,11.190122519560594,11.403674608185918,11.17588539684933,11.289779663085938,1310700
2019-08-30,11.40367632046028,11.503333478949251,11.318254929093333,11.446386337280273,1321500
2019-09-03,11.531804593579896,11.560277477810192,11.061989784240723,11.061989784240723,513300
2019-09-04,11.204356696968363,11.645697907654876,11.047752452002943,11.332488059997559,731000
2019-09-05,11.389434895771792,11.602986256976937,11.175882855703428,11.31825065612793,579800
2019-09-06,11.403674139536369,11.460621270314352,11.218595625076249,11.432147026062012,547300
2019-09-10,11.489093022442008,11.659934397907602,11.46062013872769,11.574514389038086,922800
2019-09-11,11.674172778272455,11.674172778272455,11.503331384373057,11.617225646972656,809300
2019-09-12,11.546040357286683,11.91619735638123,11.531804594034266,11.688408851623535,1189700
2019-09-13,11.789047198915625,11.789047198915625,11.573394439914987,11.674032211303711,640200
2019-09-17,11.904060686564376,12.019075659683905,11.674030740325316,11.803422927856445,1253100
2019-09-18,11.760296668779228,11.875311681146357,11.674034723960332,11.83218002319336,680100
2019-09-19,11.832177718404143,11.93281686293721,11.77467022342246,11.889686584472656,716800
2019-09-20,11.87530938780729,12.062209089581902,11.87530938780729,11.94719409942627,3626000
2019-09-23,11.97594538753574,11.97594538753574,11.717161012473483,11.803422927856445,252400
2019-09-24,11.860933882128167,11.875311100743149,11.774671941525304,11.846556663513184,412100
2019-09-25,11.932815115387573,11.947192329799172,11.717161012473483,11.803422927856445,463300
2019-09-26,11.717163881008556,11.932818036717975,11.717163881008556,11.918440818786621,502000
2019-09-27,11.875311100743149,11.918441385501064,11.789049160140287,11.846556663513184,507100
2019-09-30,11.860934452994393,11.860934452994393,11.74591944071293,11.774672508239746,486000
2019-10-01,11.846554180882363,11.932816103407689,11.83217696528035,11.860931396484375,113100
2019-10-02,11.860934461828691,11.860934461828691,11.774672517009796,11.83218002319336,96100
2019-10-03,11.77467192995871,11.846556651875977,11.77467192995871,11.78904914855957,208000
2019-10-04,11.78904668956106,12.004700810331004,11.78904668956106,11.860931396484375,528100
2019-10-07,11.860932726938112,11.961570505267355,11.78904801195141,11.875309944152832,52600
2019-10-08,11.889686947233171,11.889686947233171,11.587772246596057,11.7171630859375,414100
2019-10-09,11.717164438152407,11.904064166886082,11.616526650021592,11.846556663513184,228200
2019-10-10,11.80342694685366,11.817804166160618,11.717165002099014,11.774672508239746,297400
2019-10-11,11.78904914855957,11.860933870476837,11.78904914855957,11.78904914855957,145700
2019-10-14,11.789047108072475,12.004701236498146,11.789047108072475,11.990324020385742,179600
2019-10-15,11.975948319425072,12.004702755287783,11.860933318148168,11.918440818786621,276000
2019-10-16,11.918441819884821,12.292241290975799,11.889688752693942,12.205979347229004,354400
2019-10-17,12.205977952839776,12.205977952839776,11.832178524450978,11.961570739746094,268000
2019-10-18,11.975948333740234,12.033455834447427,11.918440833033044,11.975948333740234,289200
2019-10-21,11.860933332325851,12.033455834447427,11.860933332325851,11.975948333740234,163300
2019-10-22,11.975947043356673,12.134092310489882,11.904062332446369,12.076584815979004,823900
2019-10-23,12.191600735343224,12.205977952839776,11.860932959444082,11.961570739746094,402900
2019-10-24,11.932818592394101,12.047833599026914,11.77467192995871,11.78904914855957,793500
2019-10-25,11.904064166886082,11.932818604116047,11.832179444898202,11.846556663513184,455500
2019-10-29,11.87531091032996,12.019078980913457,11.81780340787916,11.932818412780762,1027700
2019-10-30,12.004703133616015,12.03345619929791,11.860933691945508,11.932818412780762,311400
2019-10-31,11.932817675839916,12.033455456141928,11.918440458343364,11.961570739746094,1067000
2019-11-01,11.932818604116047,11.932818604116047,10.063822687866324,11.846556663513184,950100
2019-11-04,11.932818036717975,11.975948319425072,11.83217888228546,11.918440818786621,693900
2019-11-05,11.918439666343943,12.033454656499577,11.918439666343943,11.94719409942627,746100
2019-11-06,11.889684843239408,11.918437900975974,11.688407954736915,11.803422927856445,1003900
2019-11-07,11.918441194396308,11.975948696847109,11.803426189494706,11.932818412780762,701900
2019-11-08,11.932818580557235,11.932818580557235,11.71716441501936,11.731541633605957,455200
2019-11-11,11.731541645243164,11.832179433275117,11.659656923325898,11.78904914855957,684500
2019-11-12,11.918438582885189,12.07658383720111,11.789046387950933,12.019076347351074,582500
2019-11-13,11.860932054334915,12.162846743288732,11.860932054334915,12.076584815979004,423300
2019-11-14,12.076586677004775,12.076586677004775,11.803426378755269,11.846556663513184,511900
2019-11-15,11.84655320000461,11.86093041441621,11.774668499033247,11.803422927856445,236300
2019-11-18,11.932816527022922,12.076584574886576,11.789047108072475,11.990324020385742,275700
2019-11-19,11.832177757773955,12.076584955031043,11.832177757773955,12.004701614379883,443900
2019-11-20,11.817804174962792,11.975949474195819,11.774672517009796,11.83218002319336,526300
2019-11-21,11.860931501128336,11.860931501128336,11.515886550156335,11.602147102355957,944600
2019-11-22,11.731541645243164,11.904064155192383,11.645281075812068,11.78904914855957,3165800
2019-11-25,11.78904779962955,11.78904779962955,11.674032806157019,11.7171630859375,825100
2019-11-26,11.846556063481371,11.846556063481371,11.357742309570312,11.357742309570312,3247100
2019-11-27,11.559017739359094,11.602148018865975,11.400871781565852,11.487133026123047,782000
2019-11-28,11.515888429687177,11.587773148977146,11.487133993536396,11.544641494750977,423900
2019-11-29,11.501512096774194,11.544642383232713,11.14208984375,11.14208984375,1117700
2019-12-02,11.185217478258632,11.314608984569336,11.113332774885643,11.1708402633667,999300
2019-12-03,11.156467062931869,11.199597349390388,10.926436354826775,11.14208984375,706700
2019-12-04,11.027074354712788,11.14208936101045,11.027074354712788,11.113335609436035,1188600
2019-12-05,11.244250615700366,11.302435556784985,11.186065674615747,11.273343086242676,417400
2019-12-06,11.273344151299584,11.491538047790527,11.273344151299584,11.491538047790527,388400
2019-12-09,11.476989869111826,11.520628919792193,11.346074104309082,11.346074104309082,407300
2019-12-10,11.360620819352253,11.360620819352253,11.113334465935312,11.215158462524414,417800
2019-12-11,11.331527703395738,11.331527703395738,10.938779015492363,11.156972885131836,810800
2019-12-12,11.12788086034828,12.131572145925183,11.12788086034828,11.927924156188965,5460700
2019-12-13,11.95701862387266,12.320674896240236,11.564269183841157,12.320674896240234,24535600
2019-12-16,12.146121111828142,12.65523910522461,11.957019667227613,12.65523910522461,1580900
2019-12-17,12.56796210470234,12.56796210470234,12.160666053866995,12.364314079284668,2333600
2019-12-18,12.218851005809377,12.364314079284668,12.015204367630384,12.364314079284668,1472600
2019-12-19,12.087934669809512,12.291581287189777,11.957018194500177,12.247942924499512,524500
2019-12-20,12.000655326736185,12.829791069030762,12.000655326736185,12.829791069030762,1517000
2019-12-23,12.655236633561465,13.004346284376217,12.378858506809395,12.873431205749512,1811700
2019-12-24,12.727967103322348,13.091623306274414,12.495227355391156,13.091623306274414,1963500
2019-12-26,13.0188947376704,13.0188947376704,12.698876818145706,12.771608352661133,278500
2019-12-27,12.698876208905943,12.902524218331218,12.509776170372168,12.538867950439453,332400
2019-12-30,12.538867518496515,12.742515520906457,12.291581153869629,12.291581153869629,743600
2019-12-31,12.349764104928061,12.36431068573082,12.087932586669922,12.087932586669922,826700
2020-01-02,12.218848549078087,12.3934047570475,12.1461184142023,12.33521842956543,584800
2020-01-03,12.43704496186933,12.640691589337091,12.43704496186933,12.480683326721191,1068400
2020-01-06,12.597052657590387,12.597052657590387,12.073388141218263,12.277034759521484,433500
2020-01-07,12.218848549078087,12.65523629452482,12.1461184142023,12.33521842956543,775500
2020-01-08,12.33521842956543,12.437043115420654,12.175210190704934,12.33521842956543,443700
2020-01-09,12.407952446431784,12.466137398374164,12.320675712137552,12.364314079284668,977000
2020-01-10,12.291581287189777,12.50977587511818,12.14611961580938,12.247942924499512,392600
2020-01-13,12.247941002935695,12.247941002935695,12.01520125545047,12.073386192321777,545600
2020-01-14,12.073386192321777,12.204302647091795,12.000654674423064,12.073386192321777,670600
2020-01-15,11.957016318579164,12.073386192321777,11.942469737551757,12.073386192321777,981400
2020-01-16,12.000655174255371,12.146118216111393,11.957016816593915,12.000655174255371,713000
2020-01-17,12.073386695183382,12.073386695183382,11.913377071694082,12.000655174255371,758200
2020-01-20,12.000654388540312,12.000654388540312,11.797006420722935,11.811553001403809,231100
2020-01-21,11.884284660676938,12.015201113904688,11.884284660676938,11.942469596862793,413800
2020-01-22,11.869739214441251,12.000655680183218,11.869739214441251,11.927924156188965,827600
2020-01-23,11.927924156188965,11.927924156188965,11.855192632194713,11.927924156188965,705600
2020-01-24,12.117025563678647,12.117025563678647,11.869739214441251,11.927924156188965,139500
2020-01-28,11.927924665220676,11.927924665220676,11.636999944066707,11.855193138122559,633200
2020-01-29,11.855193138122559,11.971563026584146,11.6951848882975,11.855193138122559,493300
2020-01-30,11.986109753503797,11.986109753503797,11.578815138993264,11.63700008392334,756200
2020-01-31,11.63700008392334,11.869739863643645,11.476991138556002,11.63700008392334,1716200
2020-02-03,11.549721084376673,11.622451908766525,11.491536147417126,11.578813552856445,393200
2020-02-04,11.62245366473129,12.102479813981322,11.62245366473129,11.971563339233398,957400
2020-02-05,12.14611801687051,12.14611801687051,11.738822061250145,11.840646743774414,1052300
2020-02-06,11.76791553827306,11.942470357954983,11.76791553827306,11.782462120056152,423600
2020-02-07,11.88428541806101,11.986108716065866,11.76791553827306,11.782462120056152,712100
2020-02-10,11.927925068078771,11.927925068078771,11.666093503816253,11.724278450012207,322200
2020-02-11,11.927922872374227,11.927922872374227,11.753368065918599,11.811553001403809,403700
2020-02-12,11.782461041635187,11.942469264888842,11.695182946163388,11.826099395751953,1060100
2020-02-13,11.82610135962641,11.869739720989882,11.811554776759088,11.855193138122559,582300
2020-02-14,11.782462811129918,11.884286115106992,11.767916228493629,11.869739532470703,570800
2020-02-17,11.840646349787573,11.869738124370537,11.767914832472702,11.797006607055664,248200
2020-02-18,11.782462681272492,12.015202451934133,11.782462681272492,11.91337776184082,529800
2020-02-19,11.942470234960638,12.131571634478115,11.884285295665904,12.000655174255371,1424100
2020-02-20,11.855193260896842,12.117026206266244,11.855193260896842,11.986109733581543,871600
2020-02-21,12.00065650572784,12.00065650572784,11.797008501982344,11.971563339233398,616100
2020-02-24,11.767915417076438,12.073386695183382,11.767915417076438,12.000655174255371,884700
2020-02-25,11.971562515690142,12.029748844676293,11.797007690446998,11.927924156188965,940800
2020-02-26,11.898831759130857,12.480681146299794,11.840646820413962,12.21884822845459,1209100
2020-02-27,12.33522009283361,12.33522009283361,11.971563820466036,12.320674896240234,1163500
2020-02-28,12.000654489091676,12.218847652179843,11.927922972316189,12.087932586669922,1986700
2020-03-02,11.855192132399349,12.146118216111393,11.840646938004449,12.000655174255371,1542400
2020-03-03,12.218848219650395,12.218848219650395,12.000655046428852,12.044293403625488,401200
2020-03-04,12.044293809163449,12.474447108970246,11.940464141318987,12.222288131713867,1238100
2020-03-05,12.23711994680876,12.23711994680876,11.999794210535658,12.13329029083252,297300
2020-03-06,12.014629611322984,12.148124301364737,11.836634569407474,11.97012996673584,392700
2020-03-09,11.643804550170898,11.8366320587619,11.584473117879277,11.643804550170898,1211300
2020-03-10,11.762469161349145,11.762469161349145,11.391647300820383,11.495477676391602,1356800
2020-03-11,11.49547646606943,11.658638265563537,11.480643253712469,11.56964111328125,1062900
2020-03-12,11.732804692150792,11.732804692150792,11.06532555492422,11.421314239501953,1533700
2020-03-13,11.421314239501953,11.421314239501953,11.421314239501953,11.421314239501953,0
2020-03-16,10.813165210835246,10.88732986458264,9.90835968863519,10.753833770751953,2395900
2020-03-17,10.65000339696291,10.827998424499347,10.308847262840697,10.753833770751953,2308400
2020-03-18,10.753834456513433,11.065324890457438,10.561006910303027,10.827999114990234,2118900
2020-03-19,10.827999114990234,11.035659168524038,10.753834456513433,10.827999114990234,1782000
2020-03-20,10.827998785743299,11.940464385348983,10.753834129521621,11.628973960876465,5476100
2020-03-23,11.287817228813413,11.450978332364087,11.020825046118597,11.317482948303223,2285200
2020-03-24,11.243318873235776,11.643806460554924,11.050491333007812,11.050491333007812,750100
2020-03-25,11.139490277670209,11.450980024705007,11.139490277670209,11.302651405334473,952600
2020-03-26,11.45097825484166,11.806967593595875,11.124655342662956,11.539976119995117,1127100
2020-03-27,11.569643565362654,11.881134018011492,11.317484560143436,11.421314239501953,828000
2020-03-30,11.198821665284191,11.806969355081142,11.198821665284191,11.421314239501953,1220200
2020-03-31,11.792136139580414,11.792136139580414,11.376816007573058,11.421314239501953,1670000
2020-04-01,11.317484000793652,11.43614688978816,10.902163182026264,11.094990730285645,1166200
2020-04-02,11.183988021116969,11.421313801739094,10.931829025562651,11.347149848937988,740200
2020-04-03,11.45097952431686,11.525144184404583,11.213653743694735,11.347149848937988,964100
2020-04-06,11.228486958626926,11.347149848937988,11.213653743694735,11.347149848937988,577100
2020-04-07,11.539977841647842,11.643807521006359,11.406481731287869,11.421314239501953,898200
2020-04-08,11.569643565362654,11.569643565362654,11.347150283858248,11.421314239501953,703300
2020-04-09,11.406481742858887,11.465813190348698,11.213654184873684,11.406481742858887,354400
2020-04-10,11.465813178717491,11.525144626147114,11.376816007573058,11.421314239501953,420900
2020-04-13,11.421313069594976,11.43614628357631,11.139489076815364,11.376814842224121,428200
2020-04-14,11.450979974832922,11.569643577099185,11.361982803598208,11.406481742858887,604500
2020-04-15,11.61414202371815,11.777303860973898,11.40648195366598,11.450980186462402,610900
2020-04-16,11.450979974832922,11.67347325656303,11.347150295369078,11.406481742858887,1342000
2020-04-17,11.406480514739087,11.643806279145792,11.406480514739087,11.495477676391602,1095400
2020-04-20,11.495478914093601,11.703138980307935,11.406481742858887,11.406481742858887,577900
2020-04-21,11.391647348918882,11.421313069594976,11.198820518167553,11.376814842224121,860500
2020-04-22,11.183988461128779,11.465813190348698,11.169155952899649,11.406481742858887,1081200
2020-04-23,11.584476085328316,11.584476085328316,11.406481742858887,11.406481742858887,826200
2020-04-24,11.554808704221687,11.569641917609863,11.228485789833798,11.317482948303223,1021100
2020-04-27,11.317482251868928,11.465810840190397,11.243317604064941,11.243317604064941,195700
2020-04-28,11.495477265242071,11.495477265242071,11.139488631364372,11.317482948303223,612500
2020-04-29,11.258153173166637,11.465813240285385,11.183988509838045,11.302651405334473,641000
2020-04-30,11.302651344642708,11.480645686931576,11.302651344642708,11.421314239501953,1224300
2020-05-04,11.272985469746121,11.272985469746121,11.109823637859499,11.258152961730957,965900
2020-05-05,11.347150120234936,11.361982628235138,11.258152950373821,11.272985458374023,476400
2020-05-06,11.272984085100063,11.391646963792715,11.05049083390807,11.109822273254395,1083000
2020-05-08,11.18398526633051,11.258149908150349,11.02082347869873,11.02082347869873,1009000
2020-05-12,11.05049207393845,11.25815284223978,10.961494904932149,11.005993843078613,1501200
2020-05-13,11.00599522414861,11.169157074777583,10.976329497423952,11.080159187316895,312000
2020-05-14,11.08015796195347,11.169155839571813,11.08015796195347,11.154322624206543,507900
2020-05-15,11.183988730004412,11.525144914915916,11.139490496960589,11.332317352294922,673100
2020-05-18,11.332315498718627,11.569641962851675,11.198820114135742,11.198820114135742,502000
2020-05-19,11.272986257875345,11.272986257875345,11.0504929637996,11.12465763092041,805800
2020-05-20,11.094991129844333,11.272985469746121,11.050492191225569,11.258152961730957,864800
2020-05-21,11.258150441393019,12.978763423160315,11.258150441393019,12.696939468383789,4628300
2020-05-22,12.682109622340768,12.682109622340768,12.50411527504499,12.637611389160156,923600
2020-05-27,12.637609698188498,12.904600476120878,12.355784291749755,12.682107925415039,1035200
2020-05-28,12.607944140481415,12.874936351413869,12.474448035015188,12.830436706542969,401000
2020-05-29,12.385452951781955,14.091233253479004,12.385452951781955,14.091233253479004,3235800
2020-06-02,14.091233253479004,14.091233253479004,14.091233253479004,14.091233253479004,0
2020-06-03,13.705576618028047,13.705576618028047,13.067763933646074,13.29025650024414,1269400
2020-06-04,13.3495867500004,13.438584617412573,13.067762763245895,13.275422096252441,2696500
2020-06-05,13.201257442504485,13.334753536336185,13.14192600242074,13.275422096252441,1780300
2020-06-09,13.557247565194569,13.557247565194569,12.607943104547054,13.127094268798828,1141000
2020-06-10,13.20125482221863,13.349584100273018,13.023260537297062,13.319917678833008,891000
2020-06-11,13.349588181753521,13.497917505157865,13.186427057667352,13.305089950561523,1534200
2020-06-12,13.110526676480202,13.185358733253127,13.065626586034785,13.170392036437988,1493600
2020-06-15,12.96086256293435,13.185358733253127,12.96086256293435,13.170392036437988,1587300
2020-06-16,13.125493790680684,13.215291119821499,13.080593698807464,13.140459060668945,2028700
2020-06-17,13.275154221511078,13.349986267923043,13.065624777018092,13.095558166503906,1077600
2020-06-18,12.990796240107064,13.305089743571035,12.871065517578199,12.94589614868164,859100
2020-06-19,12.841131152951423,13.005760527162654,12.796232492221575,12.811199188232422,2289400
2020-06-22,12.676500486029859,12.930928583057685,12.676500486029859,12.871063232421875,193300
2020-06-23,12.721402385875304,12.930931880177592,12.706435687574517,12.841133117675781,744800
2020-06-24,12.81119987399705,12.826165143506273,12.571737006913494,12.796233177185059,1408600
2020-06-25,12.646569839932441,12.796233962633382,12.646569839932441,12.706435203552246,726500
2020-06-26,12.721401901282912,12.736368599013575,12.646569839932441,12.706435203552246,326000
2020-06-29,12.69146850582158,12.736368599013575,12.586704476312635,12.706435203552246,390000
2020-06-30,12.646569938814485,12.751335396445434,12.601671272574288,12.631603240966797,1221700
2020-07-01,12.706433745265777,12.72140044127875,12.571736335754395,12.571736335754395,727600
2020-07-02,12.646569839932441,12.721401901282912,12.55677250815416,12.706435203552246,904700
2020-07-03,12.76630056717205,12.796233962633382,12.646569839932441,12.706435203552246,358800
2020-07-06,12.781264713415709,13.245222259327836,12.736366056489558,13.095558166503906,1599300
2020-07-07,13.0955610555761,13.0955610555761,12.661536803397693,12.721402168273926,1383900
2020-07-08,12.721402168273926,12.751335564363483,12.646570105352914,12.721402168273926,560200
2020-07-09,12.721400748577151,12.721400748577151,12.422073957600587,12.481939315795898,798400
2020-07-10,12.481938631289523,12.586702645560406,12.362207921464899,12.496905326843262,1317400
2020-07-13,12.42207327637721,12.586702645560406,12.407106580823472,12.496905326843262,234800
2020-07-14,12.496905326843262,12.69146665983129,12.42207327637721,12.496905326843262,844700
2020-07-15,12.496907065397247,12.886031212810412,12.317309548372284,12.407108306884766,800800
2020-07-16,12.496907861721171,12.496907861721171,12.272411664786116,12.317310333251953,215600
2020-07-17,12.182612118440701,12.362208187035806,12.09281337049181,12.272409439086914,960600
2020-07-20,12.242476877840152,12.30234223112019,12.092812780988751,12.212543487548828,623900
2020-07-21,12.122747799005156,12.272410488649205,12.10778110184991,12.197578430175781,1540000
2020-07-22,12.212544569711783,12.526838059107426,11.988049831844636,12.03294849395752,800000
2020-07-23,12.182613160323335,12.272410488649205,12.047915740531732,12.197578430175781,677700
2020-07-24,12.167646675386454,12.197578642916193,12.13771328055389,12.182613372802734,475800
2020-07-27,12.167645422565439,12.287376134962177,12.167645422565439,12.272409439086914,811000
2020-07-28,12.34724267752596,12.42207473678971,12.287377315575522,12.392141342163086,459000
2020-07-29,12.466973938176626,12.541806000662175,12.242479178022851,12.422075271606445,1082200
2020-07-30,12.42207365753273,13.454751418282173,12.227510891272143,12.571736335754395,1776400
2020-08-03,12.781264968069914,12.975827721696467,12.272408755093174,12.287375450134277,1459600
2020-08-04,12.287376765213843,12.571736864915996,12.107780687406786,12.227511405944824,268000
2020-08-05,12.362209459889645,12.362209459889645,11.988050588299544,12.182613372802734,686400
2020-08-06,12.212544765207939,12.332275484294076,12.152679405664871,12.25744342803955,589900
2020-08-07,12.33227542783992,12.33227542783992,12.152679350032862,12.227511405944824,458600
2020-08-10,12.227511461919395,12.317308787582618,12.137712708953416,12.25744342803955,320800
2020-08-11,12.197578240724397,12.197578240724397,11.97308349609375,11.97308349609375,809100
2020-08-12,11.943152982900424,12.062884439052956,11.883287611649916,11.988052368164062,202000
2020-08-13,12.00301652831651,12.062881886901263,11.958116438900893,12.03294849395752,293400
2020-08-14,12.062880492147974,12.2574418145755,12.017980407923865,12.167644500732422,633100
2020-08-17,12.032949525710082,12.347243042054492,12.032949525710082,12.332276344299316,413100
2020-08-18,12.25744342803955,12.4071075405486,12.10778074283326,12.25744342803955,649400
2020-08-19,12.347242181005532,12.452006203380211,12.152679405664871,12.25744342803955,535800
2020-08-21,12.706432363945629,13.09555785416485,12.601668357849121,12.601668357849121,1243000
2020-08-24,12.72140044127875,12.856097850790132,12.526837675018164,12.571736335754395,595000
2020-08-25,12.721401621564542,12.930931103278152,12.496906869752179,12.556772232055664,1065700
2020-08-26,12.571735566109556,12.78126501555567,12.302342190881815,12.661534309387207,2190100
2020-08-27,12.721402000750059,12.766300666990256,12.601671272574288,12.631603240966797,1085300
2020-08-28,12.646568180494798,12.721400232026072,12.347241401672363,12.347241401672363,3728000
2020-09-01,12.437039650164035,12.811198465511536,12.362207601634013,12.691466331481934,1325300
2020-09-02,12.691468433729122,13.05066204071045,12.691468433729122,13.05066204071045,1535900
2020-09-03,13.020728645419153,13.080594008698899,12.826165857934264,13.05066204071045,1536600
2020-09-04,12.915964979816346,13.095561074707415,12.826166218719369,12.99079704284668,1193600
2020-09-07,13.06562868898494,13.125495485881226,12.960864649022435,13.020730018615723,2521500
2020-09-08,13.114067379484881,13.114067379484881,12.77182559764899,13.051841735839844,584900
2020-09-09,12.896276028675802,13.03628408847523,12.802936827617426,12.911832809448242,929500
2020-09-10,12.834051193280597,12.989616043599392,12.678486342961802,12.865164756774902,617500
2020-09-11,12.600705401378768,12.911833618439994,12.600705401378768,12.865164756774902,434900
2020-09-14,12.834051981424164,12.97406005859375,12.834051981424164,12.97406005859375,686400
2020-09-15,12.911833618439994,12.911833618439994,12.678486342961802,12.865164756774902,717600
2020-09-17,12.865165792800672,13.067398037493865,12.725157712954244,12.880721092224121,1483100
2020-09-18,12.834051781409563,12.974059856397169,12.834051781409563,12.89627742767334,2399100
2020-09-21,12.896276028675802,12.911832809448242,12.802936827617426,12.911832809448242,305900
2020-09-22,12.911834516445554,12.911834516445554,12.756269655307374,12.834052085876465,539600
2020-09-23,12.8962795145664,12.911836299543872,12.694045760589281,12.787384986877441,610800
2020-09-24,12.756267547607422,12.756267547607422,12.694041910148897,12.756267547607422,380100
2020-09-25,12.756269902637577,13.067398147369909,12.67848747056037,12.740713119506836,268500
2020-09-28,12.694042058028147,12.849606895274823,12.61625963940481,12.802936553955078,498400
2020-09-29,12.709600929954311,12.942946740647368,12.709600929954311,12.880721092224121,621800
2020-09-30,12.880718373922491,12.911831933356261,12.507364562174285,12.77182388305664,464500
2020-10-01,12.678485723398182,12.70959928537205,12.538479145244649,12.631816864013672,302800
2020-10-02,12.60070529187767,12.72515657762067,12.60070529187767,12.647374153137207,164500
2020-10-05,12.647372755019887,12.77182402700529,12.631815975127667,12.66292953491211,383300
2020-10-06,12.631818604744645,12.865165900976264,12.631818604744645,12.740713119506836,232100
2020-10-07,12.880720562364722,12.880720562364722,12.445141041319923,12.522923469543457,802200
2020-10-08,12.569593128534288,13.176294326782227,12.538481045421749,13.176294326782227,554600
2020-10-09,13.129620759522503,13.129620759522503,12.694041317643862,12.725154876708984,600900
2020-10-12,12.725155553836453,12.725155553836453,12.507365079520051,12.616259574890137,545300
2020-10-13,12.569592029356205,12.756268962436579,12.569592029356205,12.585148811340332,650000
2020-10-14,12.585149624056744,12.678487354836246,12.522923975678248,12.538480758666992,794300
2020-10-15,12.538479086859411,12.756268085357192,12.44513988494873,12.44513988494873,341500
2020-10-16,12.476253446777719,12.554034384197621,12.44513988494873,12.44513988494873,754000
2020-10-19,12.445139440039604,12.538478638613443,12.445139440039604,12.46069622039795,442200
2020-10-20,12.460699219038986,12.522924871870607,12.39847282441907,12.507368087768555,543000
2020-10-21,12.460699219038986,12.60070730880428,12.460699219038986,12.507368087768555,426300
2020-10-22,12.507365583270781,12.740711363769627,12.39847034172668,12.631816864013672,718500
2020-10-23,12.538480251903447,12.61626119655056,12.476254606039905,12.522923469543457,340900
2020-10-26,12.460697823679915,12.709600407134085,12.429584258959931,12.522923469543457,180700
2020-10-27,12.46069622039795,12.522921858255097,12.429582659681259,12.46069622039795,380200
2020-10-28,12.569589686761958,12.60070324493158,12.367356009387745,12.429581642150879,391600
2020-10-30,12.414028423961454,12.445141247408447,12.056230583426933,12.242907524108887,669800
2020-11-02,12.242907876722107,12.694044200590977,12.102900538072342,12.28957748413086,283600
2020-11-03,12.305130811973244,12.367356446937887,12.305130811973244,12.336243629455566,233300
2020-11-04,12.445141605846288,12.491810471466795,12.28957748413086,12.28957748413086,83500
2020-11-05,12.49180800745062,12.740710553099142,12.398469552832426,12.678484916687012,422100
2020-11-06,12.647374455700458,12.709600100060582,12.460697522620084,12.585148811340332,434500
2020-11-09,12.569592333047009,12.756269270637636,12.476254606039905,12.522923469543457,400600
2020-11-10,12.771825744420706,12.771825744420706,12.522923166980208,12.585148811340332,1075800
2020-11-11,12.725156820614123,12.725156820614123,12.445140680557145,12.554035186767578,830300
2020-11-12,12.522921567444785,12.740710553099142,12.507364787447703,12.678484916687012,1190800
2020-11-13,12.678487046362177,12.725157394192896,12.491810105768634,12.600706100463867,737800
2020-11-16,12.600703983853997,12.709598476681174,12.569590423859832,12.678484916687012,556900
2020-11-17,12.725156723064405,12.77182558485735,12.631817515902148,12.694043159484863,850700
2020-11-18,12.647374455700458,12.818494606796703,12.538479948964335,12.585148811340332,680000
2020-11-19,12.600705435898973,12.834051228440064,12.569591872319432,12.694043159484863,778500
2020-11-20,12.849608463063785,13.051842182728635,12.725157171512558,13.036285400390625,311600
2020-11-23,13.129622013842084,13.191847654340814,12.88071945184717,13.14517879486084,1247700
2020-11-24,13.20740346293924,13.394080370690983,13.20740346293924,13.316299438476562,1379900
2020-11-25,13.31630047641615,13.40963819577914,13.269630133158353,13.331855773925781,458900
2020-11-26,13.331855773925781,13.534089477313994,13.285186914244285,13.331855773925781,649800
2020-11-27,13.347410631482601,13.378524189170612,13.005168914794922,13.005168914794922,838300
2020-11-30,13.207404346354341,14.12523365020752,12.92738970778524,14.12523365020752,3354500
2020-12-01,13.65854172296797,13.845218658447266,13.30074463419342,13.845218658447266,718800
2020-12-02,13.611872859992246,13.845218658447266,13.596316077808204,13.845218658447266,957300
2020-12-03,13.891888054101226,13.969668992544532,13.596315147141969,13.689654350280762,941100
2020-12-04,13.815392569412692,13.815392569412692,13.375312222755642,13.673937797546387,222500
2020-12-07,13.595348319913642,13.893975320537928,13.453895081566431,13.516763687133789,870800
2020-12-08,13.516763151447424,13.846823692321777,13.501045625952042,13.846823692321777,540200
2020-12-09,13.84682714711311,13.84682714711311,13.469613935637698,13.626786231994629,684300
2020-12-10,13.673938787283907,13.673938787283907,13.516767972983239,13.563919067382812,244800
2020-12-11,13.752520583284928,13.752520583284928,13.343873897644215,13.516763687133789,682100
2020-12-14,13.359595138898044,13.752524407689164,13.359595138898044,13.642504692077637,370000
2020-12-15,13.673936347872358,13.752522490456164,13.501048033312783,13.736804962158203,501000
2020-12-16,13.783959032162722,13.98828092642626,13.611069200069661,13.658220291137695,566500
2020-12-17,13.768241478425976,13.925412281350416,13.61106917659538,13.673937797546387,623100
2020-12-18,13.95684592342712,13.95684592342712,13.57963423604136,13.59535026550293,1310000
2020-12-21,13.595350656186646,13.831109091757137,13.51676600990253,13.799674034118652,199500
2020-12-22,13.689653876170318,13.783957547052086,13.422461890728977,13.736804962158203,118200
2020-12-23,13.752522551366665,13.815391165930958,13.548199179306211,13.59535026550293,167900
2020-12-24,13.658218858032269,13.658218858032269,13.563916685790971,13.611067771911621,113900
2020-12-28,13.579634711461171,13.768240561757096,13.548199653625488,13.548199653625488,138300
2020-12-29,13.548200083816162,13.721088410683903,13.548200083816162,13.626786231994629,202500
2020-12-30,13.626786231994629,13.673937321339265,13.579635142649991,13.626786231994629,447900
2020-12-31,13.626784354599394,13.72108652029643,13.501047134399414,13.501047134399414,216800
2021-01-04,13.626783372150214,13.689651977717572,13.469611108778928,13.516763687133789,252100
2021-01-05,13.469613618568582,13.469613618568582,13.076684385831753,13.281007766723633,630700
2021-01-06,13.406744455735835,13.406744455735835,13.092401382118924,13.375310897827148,415900
2021-01-07,13.375311352925095,13.65821937935332,13.170987973395453,13.438179969787598,661400
2021-01-08,13.516766205709372,13.516766205709372,13.186705590254192,13.281007766723633,751100
2021-01-11,13.281004435251617,13.312439485460155,13.092398630717469,13.218135833740234,800600
2021-01-12,13.202419756856765,13.202419756856765,12.935227796397719,13.045248985290527,539100
2021-01-13,13.123838022824192,13.139554054222268,12.96666571759391,13.029534339904785,720600
2021-01-14,13.045250439852126,13.31244243010341,12.98238182443453,13.07668399810791,960400
2021-01-15,13.202420202643308,13.23385525736149,12.982380815239662,13.123835563659668,239700
2021-01-18,13.186704216392734,13.186704216392734,12.9037947186473,13.092400550842285,159600
2021-01-19,13.092401002370483,13.10811853032194,12.982381304522217,13.060967445373535,219000
2021-01-20,13.170988610773593,13.170988610773593,12.950947691653463,12.998100280761719,429200
2021-01-21,12.96666571759391,13.108120492519927,12.96666571759391,13.029534339904785,570300
2021-01-22,12.998097944501303,13.02953149935085,12.903794282140934,13.013813972473145,841100
2021-01-25,12.998098020364724,13.013814048428292,12.65231992156639,12.746622085571289,563700
2021-01-26,12.74662303282932,12.809491646473255,12.558017191897513,12.652320861816406,607800
2021-01-27,12.715191890553767,12.93523133064832,12.542302795468302,12.683756828308105,937200
2021-01-29,12.573735192482859,12.87236074378567,12.573735192482859,12.605170249938965,1553400
2021-02-02,12.82521057517092,12.82521057517092,12.65232224349655,12.730908393859863,544000
2021-02-03,12.7309078941045,12.966664837033585,12.620886688352318,12.793776512145996,1142700
2021-02-04,12.919512351388576,12.919512351388576,12.762340073825051,12.809491157531738,356200
2021-02-05,12.809492130677345,12.856644716872172,12.683754898636554,12.699472427368164,505200
2021-02-08,12.856646672846704,12.856646672846704,12.652323264968713,12.683756828308105,416300
2021-02-09,12.683756299571002,12.76234245300293,12.605171645045278,12.76234245300293,439900
2021-02-10,12.762340073825051,13.123835712658789,12.683753935043288,12.809491157531738,670800
2021-02-11,12.95094781618976,12.95094781618976,12.69947333415208,12.730908393859863,538900
2021-02-15,12.730906517655901,12.856643740144351,12.730906517655901,12.809491157531738,171900
2021-02-16,12.809493545499606,12.809493545499606,12.746624922535304,12.76234245300293,148400
2021-02-17,12.809493068936112,12.825210598818984,12.589453646200488,12.715190887451172,735800
2021-02-18,12.762340643187024,12.778058171425762,12.495148658752441,12.495148658752441,888500
2021-02-19,12.542299977716766,12.683753978777531,12.479431366255767,12.573734283447266,704800
2021-02-22,12.652323748153737,12.856647163834722,12.636606216430664,12.636606216430664,905100
2021-02-23,12.746624922535304,12.888079698931534,12.746624922535304,12.76234245300293,497700
2021-02-24,12.762339544476442,13.013813979022835,12.762339544476442,12.903794288635254,1203900
2021-02-25,12.966663435095263,13.218137880072163,12.809491157531738,12.809491157531738,868100
2021-02-26,12.840927600771254,12.950947307615813,12.793776511967314,12.888078689575195,1883500
2021-03-01,12.888078689755195,13.10811960235347,12.652321746826109,12.793776512145996,1070400
2021-03-02,12.778057139510171,12.919511884423391,12.746622085571289,12.746622085571289,763800
2021-03-03,12.778058530479612,13.0295329937417,12.778058530479612,12.825209617614746,1029600
2021-03-04,12.825210094278946,12.966664859847713,12.793776534655937,12.872361183166504,652200
2021-03-05,12.919512351388576,12.950945907557726,12.730906517655901,12.809491157531738,792300
2021-03-08,12.8252100717137,12.966664837033585,12.793776512145996,12.793776512145996,773300
2021-03-09,12.929626007762636,12.97757227727243,12.705874209742888,12.785785675048828,814300
2021-03-10,12.785782780436952,12.881676821931224,12.737835759689816,12.769800186157227,864600
2021-03-11,12.785783667908003,12.849712525280175,12.546050071716309,12.546050071716309,1104900
2021-03-12,12.562032289637287,12.7378362610821,12.562032289637287,12.641942977905273,711700
2021-03-15,12.705872920901305,12.737837351362872,12.609979629516602,12.609979629516602,550400
2021-03-16,12.62596251565004,12.641944350201653,12.546051056615509,12.562033653259277,195200
2021-03-17,12.593998084454658,12.62596251565004,12.546051056615509,12.562033653259277,303200
2021-03-18,12.562033493105751,12.657926785469352,12.546050896665747,12.578015327453613,811800
2021-03-19,12.62596287685173,12.62596287685173,12.45015811920166,12.45015811920166,1964800
2021-03-22,12.546050896665747,12.673908619817212,12.466140200742153,12.578015327453613,758500
2021-03-23,12.546051678980803,12.60998054454285,12.386229515075684,12.386229515075684,768800
2021-03-24,12.466137886047363,12.530066735752877,12.434173461194606,12.466137886047363,879500
2021-03-25,12.466139666042142,12.59399738370951,12.418192640870824,12.498104095458984,925600
2021-03-26,12.546049694728447,12.657925572814113,12.466139006460462,12.641942977905273,1083100
2021-03-29,12.641941852871325,13.08944380120567,12.562031171714764,13.009533882141113,662000
2021-03-30,13.009535503496078,13.089445432519666,12.897658859331502,13.05748176574707,444300
2021-03-31,13.05748374257837,13.05748374257837,12.562034639121293,12.785785675048828,1373300
2021-04-01,12.865695736905499,12.865695736905499,12.657926559448242,12.657926559448242,466600
2021-04-02,12.705874044458918,12.705874044458918,12.593998908996582,12.593998908996582,300800
2021-04-05,12.593997540153868,12.673908233642578,12.593997540153868,12.673908233642578,180200
2021-04-06,12.689890671960036,12.689890671960036,12.482121499704508,12.498104095458984,530400
2021-04-07,12.530067368697665,12.769800186157227,12.482120347950529,12.769800186157227,962800
2021-04-08,12.753819560990406,12.833730253675657,12.625961843020315,12.705872535705566,1647500
2021-04-09,12.689892143813825,12.913643175683776,12.482122947459914,12.865696907043457,848100
2021-04-12,12.817749182067566,12.817749182067566,12.657926272512839,12.705872535705566,475600
2021-04-13,12.785784119037318,12.785784119037318,12.673908233642578,12.673908233642578,279200
2021-04-14,12.689889907836914,12.849712045297418,12.609978458060631,12.689889907836914,340100
2021-04-15,12.689890829595592,12.721855259409502,12.625961969967776,12.673908233642578,767100
2021-04-16,12.673909479447337,12.705873912403248,12.62596321105957,12.62596321105957,217800
2021-04-19,12.62596321105957,12.673909479447337,12.59399877810366,12.62596321105957,301500
2021-04-20,12.625961843020315,12.705872535705566,12.578014817735475,12.705872535705566,579900
2021-04-21,12.609979247227997,12.721855131497884,12.56203298403527,12.705872535705566,458200
2021-04-22,12.753819370998269,12.801766395568848,12.689890512965563,12.801766395568848,251700
2021-04-23,12.785786156087514,12.945609092712402,12.721857286274457,12.945609092712402,494500
2021-04-26,12.945606900037657,12.945606900037657,12.609979247227997,12.705872535705566,567300
2021-04-27,12.705873050605078,12.705873050605078,12.530069062317885,12.578015327453613,570900
2021-04-28,12.625961524477571,12.625961524477571,12.45015678565805,12.546050071716309,791000
2021-04-30,12.530069062317885,12.59399792389362,12.450157604302149,12.578015327453613,1083200
2021-05-03,12.562032667105399,12.578014500402395,12.46613938104714,12.546050071716309,224300
2021-05-04,12.546051056615509,12.578015487810891,12.498104790868515,12.562033653259277,86100
2021-05-05,12.530066735752877,12.530066735752877,12.450155292574983,12.466137886047363,589200
2021-05-06,12.482121372837982,12.593997255705894,12.402210681154132,12.530068397521973,564300
2021-05-07,12.530068238419313,12.578014500402395,12.46613938104714,12.546050071716309,361800
2021-05-10,12.578016180579608,12.68989207697139,12.562034345147751,12.62596321105957,239800
2021-05-11,12.689891378040802,12.689891378040802,12.498104790868515,12.562033653259277,161700
2021-05-12,12.562034345147751,12.62596321105957,12.46614104628002,12.62596321105957,243900
2021-05-17,12.609978053820171,12.769800186157227,12.546049200885351,12.769800186157227,648800
2021-05-18,12.705872663456487,12.769801523084304,12.578014944200852,12.673908233642578,315500
2021-05-19,12.68988978272295,12.73783604244235,12.546049479380637,12.721854209899902,217000
2021-05-20,12.57801403056853,12.689889907836914,12.562032197868513,12.689889907836914,495900
2021-05-21,12.562031002413278,12.641941682492863,12.466137729062579,12.4821195602417,493400
2021-05-24,12.546050514386945,12.689890829595592,12.482121654759128,12.673908233642578,382600
2021-05-25,12.562031795165076,12.769800186157227,12.562031795165076,12.769800186157227,568900
2021-05-27,12.801766087404017,13.121410369873047,12.785783492234524,13.121410369873047,3227300
2021-05-28,13.121413103652191,13.121413103652191,12.833732427401188,12.945609092712402,842600
2021-05-31,12.897661297214245,12.993555364026074,12.8017687545869,12.945609092712402,300600
2021-06-01,12.945609092712402,12.993555364026074,12.881680222899343,12.945609092712402,534500
2021-06-02,12.881678444318576,13.185340152957734,12.881678444318576,13.105428695678711,1383300
2021-06-03,13.105430505152805,13.137395702151576,12.91364389571363,12.945609092712402,944100
2021-06-04,12.945609092712402,12.97757276552669,12.833732427401188,12.945609092712402,1326500
2021-06-08,12.961587970040418,13.089445687994672,12.913641706853626,12.993553161621094,690900
2021-06-09,12.945605915109576,13.009534769230784,12.929623320533246,12.977569580078125,803100
2021-06-10,12.96143012694813,12.96143012694813,12.848441810193094,12.913006782531738,608300
2021-06-11,12.91300739462093,12.945290651995693,12.8161599315223,12.880724906921387,483600
2021-06-14,12.84844215675945,12.977572104919815,12.832300528401804,12.864583015441895,326300
2021-06-15,12.913006786442565,12.977571758800764,12.832300186157227,12.832300186157227,357900
2021-06-16,12.83229855079258,12.961428479052492,12.767733586662624,12.929146766662598,455800
2021-06-17,12.913004175919363,12.913004175919363,12.767732632644263,12.84843921661377,433000
2021-06-18,12.945287575978297,12.945287575978297,12.60632038116455,12.60632038116455,2521900
2021-06-21,12.670889500744076,12.767736972622627,12.606324519491709,12.719313621520996,480700
2021-06-22,12.719311448843824,12.832299761897474,12.687028963732043,12.783876419067383,344600
2021-06-23,12.800018582461416,12.800018582461416,12.703171117247075,12.735453605651855,240500
2021-06-24,12.735451091880831,12.767733573913574,12.654745271636516,12.767733573913574,430100
2021-06-25,12.735454481996443,12.816161093399547,12.70317199137026,12.719313621520996,603900
2021-06-28,12.71931110460288,12.71931110460288,12.59018116765059,12.670886993408203,487900
2021-06-29,12.654746136126734,12.73545196188435,12.622463651888662,12.670886993408203,548700
2021-06-30,12.670888143853517,12.687029772275691,12.509475708007812,12.509475708007812,864100
2021-07-01,12.541755421107181,12.622462006016411,12.541755421107181,12.60632038116455,388600
2021-07-02,12.60632038116455,12.654744486045097,12.574037901135865,12.60632038116455,245600
2021-07-05,12.590181961370908,12.590181961370908,12.525616988824405,12.557899475097656,307300
2021-07-06,12.590180131181969,12.654745094342895,12.557897649601504,12.5740385055542,118000
2021-07-07,12.606322819669941,12.606322819669941,12.541757847123439,12.557899475097656,244500
2021-07-08,12.557897057307628,12.703167832730474,12.525614577249769,12.687026977539062,853300
2021-07-09,12.654746320122909,12.687028804830359,12.590181350708008,12.590181350708008,116400
2021-07-12,12.606322819669941,12.622464447644159,12.557899475097656,12.557899475097656,208600
2021-07-13,12.590181087537717,12.67088691278179,12.55789860350506,12.654746055603027,156500
2021-07-14,12.590181350708008,12.622463835415457,12.541757238809259,12.590181350708008,739300
2021-07-15,12.606322208224158,12.63860469293161,12.557898866000556,12.590181350708008,243800
2021-07-16,12.60632038116455,12.622462006016411,12.541755421107181,12.60632038116455,229100
2021-07-19,12.557897649601504,12.88072246540614,12.557897649601504,12.5740385055542,781700
2021-07-21,12.606322554808141,12.735452497188094,12.525616725658253,12.541757583618164,596300
2021-07-22,12.606321944716479,12.654746055603027,12.509474492618512,12.654746055603027,275200
2021-07-23,12.590179525987725,12.654744486045097,12.590179525987725,12.60632038116455,412500
2021-07-26,12.622463835415457,12.654746320122909,12.557898866000556,12.590181350708008,454500
2021-07-27,12.60632038116455,12.67088534122192,12.590179525987725,12.60632038116455,155900
2021-07-28,12.59018116765059,12.670886993408203,12.59018116765059,12.670886993408203,309900
2021-07-29,12.638603128161815,12.65474475335464,12.606320647451218,12.622462272644043,504600
2021-07-30,12.606322750930136,12.622464378816337,12.299638748168945,12.299638748168945,1354800
2021-08-02,12.380344553603598,12.493332862854004,12.380344553603598,12.493332862854004,598600
2021-08-03,12.477190472325463,12.719309457596921,12.428766367401156,12.687026977539062,833600
2021-08-04,12.654746897009773,12.832300186157227,12.525616952293376,12.832300186157227,594800
2021-08-05,12.800017699978127,12.864582672336326,12.71931186936797,12.832300186157227,323300
2021-08-06,12.751594013739494,12.832299842186323,12.654746557798202,12.800017356872559,351600
2021-08-09,12.800017699978127,12.832300186157227,12.783876841726169,12.832300186157227,201900
2021-08-11,12.832298712386933,12.977570268346248,12.816157855988727,12.96142864227295,399000
2021-08-12,12.961429703612373,12.961429703612373,12.670887337577934,12.703169822692871,424800
2021-08-13,12.816159327905268,12.880724300263466,12.70317024144083,12.832300186157227,291500
2021-08-16,12.767735554321622,12.913007130839633,12.70317058024144,12.864583015441895,168800
2021-08-17,12.81615966971936,13.042137078999996,12.81615966971936,12.864583015441895,728100
2021-08-18,12.977571750988826,12.99371337890625,12.880724292509827,12.99371337890625,314800
2021-08-19,12.913004608908775,12.977569570379314,12.832298022233074,12.896862983703613,120500
2021-08-20,12.91300530340324,12.977570268346248,12.880722820931735,12.96142864227295,252000
2021-08-23,12.913006782531738,13.07441998305353,12.832300182270842,12.913006782531738,480800
2021-08-24,12.896863514922536,12.929146766662598,12.751592730467676,12.929146766662598,392900
2021-08-25,12.94529003450434,12.99371337890625,12.832300178432735,12.99371337890625,368500
2021-08-26,12.993713537637763,13.074420138860434,12.913006936415092,13.025995254516602,907500
2021-08-27,13.025993617853276,13.155123547844743,12.91300531394829,13.122841835021973,792600
2021-08-30,13.122844431079761,13.5586576461792,12.977572846263117,13.5586576461792,1477000
2021-09-01,13.639362274472282,13.687785615935894,13.316537432464411,13.348820686340332,1045200
2021-09-02,13.332678538069652,13.542515062007334,13.332678538069652,13.477950096130371,671800
2021-09-03,13.558656682628413,13.720069885253906,13.348821674305809,13.720069885253906,887200
2021-09-06,13.720070001283313,13.720070001283313,13.510233451835756,13.542516708374023,2001100
2021-09-07,13.542516600546167,13.68918514251709,13.33065996769533,13.68918514251709,515400
2021-09-08,13.689182224464464,13.933632850646973,13.412139113959196,13.933632850646973,977700
2021-09-09,13.542516951843803,13.754372036020605,13.526219928701073,13.64029598236084,546700
2021-09-10,13.542514773658096,13.65659080896981,13.52621775313659,13.607701301574707,317500
2021-09-13,13.542514773658096,13.607701301574707,13.46103122521998,13.607701301574707,759300
2021-09-14,13.509920389105531,13.721776987990102,13.4936233689984,13.656590461730957,488200
2021-09-15,13.656591668448156,13.770667710939252,13.623997625353836,13.75437068939209,602400
2021-09-17,13.754369889440072,14.161786079406738,13.623996832984293,14.161786079406738,1721700
2021-09-20,13.998823328625562,13.998823328625562,13.672890622463969,13.738077163696289,492900
2021-09-21,13.68918514251709,13.721779187957047,13.526219577826188,13.68918514251709,1327600
2021-09-22,13.558813285280067,13.819559455509333,13.558813285280067,13.770669937133789,1110700
2021-09-23,13.770669937133789,13.835856479691104,13.689186370394701,13.770669937133789,863300
2021-09-24,13.770668313595225,13.852151870727539,13.689184756462911,13.852151870727539,1099600
2021-09-27,13.868447618184835,13.933634147064751,13.7543700270179,13.835853576660156,551000
2021-09-28,13.721780418758243,13.78696696131556,13.689186370394701,13.770669937133789,1030100
2021-09-29,13.770668313595225,13.949932450120233,13.526219196367867,13.852151870727539,1271000
2021-09-30,13.721774731966281,13.819553728194276,13.591401700882873,13.705477714538574,1553400
2021-10-01,13.672890622463969,13.770669657227579,13.591407057381138,13.738077163696289,455400
2021-10-04,13.754372912952016,13.78696696131556,13.738077442940014,13.770669937133789,1022200
2021-10-05,13.689183268443497,13.75436979622963,13.591404253849003,13.672887802124023,822100
2021-10-06,13.656593876200926,13.852153503872877,13.623999827837384,13.770669937133789,1364900
2021-10-07,13.770669937133789,13.770669937133789,13.689186370394701,13.770669937133789,597500
2021-10-08,13.852152261377618,13.852152261377618,13.558812069096517,13.68918514251709,613700
2021-10-11,13.754372912952016,13.819559455509333,13.689186370394701,13.770669937133789,409000
2021-10-12,13.803259486502654,13.917335510253906,13.672886443881435,13.917335510253906,921700
2021-10-13,13.852151870727539,14.015118984992169,13.721778800983671,13.852151870727539,703600
2021-10-14,13.901041383339095,13.933635427859855,13.754371291334847,13.852151870727539,503000
2021-10-15,13.933632850646973,13.982522354215757,13.786962785771326,13.933632850646973,1003200
2021-10-18,13.868449211519795,14.015119306892778,13.770668629881268,13.819558143615723,857400
2021-10-20,13.933634147064751,13.998820675944668,13.786964068542579,13.835853576660156,552400
2021-10-21,13.96622871330958,13.96622871330958,13.575109481811523,13.575109481811523,2203100
2021-10-22,13.607702787376525,13.803262392479173,13.591405765075574,13.786965370178223,462500
2021-10-25,13.738077442940014,13.933637070611963,13.672890900382697,13.770669937133789,533800
2021-10-26,13.70548402251906,13.852154138535434,13.70548402251906,13.803264617919922,354900
2021-10-27,13.835855166250413,13.91733872525425,13.78696565251596,13.819558143615723,585300
2021-10-28,13.786964732486412,13.884745307599863,13.705481178920124,13.75437068939209,515000
2021-10-29,13.852152620707312,13.852152620707312,13.60770349024505,13.64029598236084,742500
2021-11-01,13.656589912194503,13.689182396927876,13.249173750926778,13.363249778747559,1182200
2021-11-02,13.379548072814941,13.50992113250719,13.281767500961024,13.379548072814941,650600
2021-11-03,13.444733321834967,13.526216864922375,13.265470770378121,13.363249778747559,2205800
2021-11-05,13.298064521964921,13.50992113250719,13.298064521964921,13.379548072814941,2094900
2021-11-08,13.379545824993977,13.591402399943433,13.379545824993977,13.428435325622559,586300
2021-11-09,13.395847324203725,13.509923381885537,13.314363759786835,13.346956253051758,610500
2021-11-10,13.346952759296213,13.379546798198904,13.298063255111495,13.363249778747559,486000
2021-11-11,13.379550300486402,13.656593487001993,13.346956253051758,13.346956253051758,711900
2021-11-12,13.379550300486402,13.428439817468647,13.314363759786835,13.346956253051758,635600
2021-11-15,13.412142793751324,13.412142793751324,13.298066736069512,13.346956253051758,749800
2021-11-16,13.395844485872123,13.395844485872123,13.200284905208878,13.330657958984375,576200
2021-11-17,13.28176623566015,13.363249778747559,13.28176623566015,13.363249778747559,449500
2021-11-18,13.330658847836801,13.493624398837579,13.298064805134947,13.412140846252441,384200
2021-11-19,13.493622826019687,13.493622826019687,13.330657294014186,13.363249778747559,360300
2021-11-22,13.477327360737657,13.477327360737657,13.330657294014186,13.363249778747559,374100
2021-11-23,13.412140908224632,13.428437929650862,13.216581313618397,13.281767845153809,692200
2021-11-24,13.330658622926684,13.330658622926684,13.23287805064034,13.249175071716309,612300
2021-11-25,13.216581313618397,13.330658909432495,13.216581313618397,13.281767845153809,661900
2021-11-26,13.298063918455805,13.363250445343553,13.265471432096627,13.330657958984375,1344800
2021-11-29,13.314361888006268,13.330658909432495,13.216581313618397,13.281767845153809,1092900
2021-11-30,13.281764586432935,13.819553728194276,13.281764586432935,13.705477714538574,5383300
2021-12-01,13.738076210677026,13.754371679227376,13.461033041115902,13.68918514251709,1955800
2021-12-02,13.4936233689984,13.705479967882972,13.461030882953516,13.656590461730957,1867400
2021-12-06,13.673064091971176,13.738958312395816,13.343592989847972,13.425959587097168,666300
2021-12-07,13.4589091129359,13.54127729120344,13.425961213211954,13.508329391479492,501800
2021-12-08,13.50832798712678,13.673064326535538,13.442433765571709,13.607170104980469,360900
2021-12-09,13.508331007738999,13.590699195861816,13.491857055905932,13.590699195861816,283100
2021-12-10,13.673064865100821,13.673064865100821,13.47538219264913,13.557748794555664,158500
2021-12-13,13.59069767840276,13.804854315193582,13.57422372840908,13.755434036254883,627900
2021-12-14,13.590698979167769,13.821329588025913,13.524804743928655,13.722487449645996,319300
2021-12-15,13.771907411735619,13.969590112836997,13.524804428119511,13.920169830322266,1337200
2021-12-16,13.920168201186234,13.936642150443948,13.75543342173592,13.837800025939941,1336500
2021-12-17,13.903694349800837,14.20021915435791,13.607171116286047,14.20021915435791,4203700
2021-12-20,14.167273624695502,14.167273624695502,13.854274853133527,14.10137939453125,598400
2021-12-21,13.887221991078906,14.134324947863869,13.887221991078906,14.084904670715332,1061200
2021-12-22,14.084904670715332,14.101378620112273,13.920168318830502,14.084904670715332,1161500
2021-12-23,14.084904670715332,14.117850998466928,13.953116217624382,14.084904670715332,482200
2021-12-24,14.08490472957741,14.249639511108398,14.068430780111624,14.249639511108398,591300
2021-12-27,14.249637248123602,14.397899627685547,13.98606038269883,14.397899627685547,1636600
2021-12-28,14.364955029735574,14.414375305175781,14.233166581200203,14.414375305175781,2301700
2021-12-29,14.397902332791142,14.397902332791142,14.249639925373371,14.29906177520752,2029700
2021-12-30,14.266115479508288,14.28258943130546,14.167274910810281,14.183747291564941,770800
2021-12-31,14.167272539190284,14.826214790344238,14.068430415996065,14.826214790344238,3888700
2022-01-03,14.64500851563068,14.64500851563068,14.101380674664107,14.183747291564941,455400
2022-01-04,14.216693613948769,14.216693613948769,13.788380341115275,13.870748519897461,509800
2022-01-05,13.870749292830482,13.96958985604302,13.706012926086348,13.887223243713379,220900
2022-01-06,13.821328446117596,13.83780082528457,13.656592086108967,13.738960266113281,550600
2022-01-07,13.673064812938945,13.870747484636487,13.673064812938945,13.821327209472656,318200
2022-01-10,13.771905558448124,13.837799783281186,13.640117108781997,13.689538955688477,269800
2022-01-11,13.77190639115037,13.920168798749836,13.689539783410524,13.870748519897461,423800
2022-01-12,13.8542738764534,13.920168101972328,13.738959374555838,13.903694152832031,411700
2022-01-13,13.92017027567575,14.134326934814453,13.837802088154323,14.134326934814453,575400
2022-01-14,14.117852531423644,14.117852531423644,13.887223498993263,13.920169830322266,229300
2022-01-17,13.85427718309715,13.887225089241523,13.607174171184882,13.640120506286621,609900
2022-01-19,13.640118212234745,13.837800902725988,13.623645832975585,13.78838062286377,482000
2022-01-20,13.887218826344034,14.0849014609309,13.77190277788692,13.854270935058594,676100
2022-01-21,13.755435614797031,14.068432845384095,13.755435614797031,13.953118324279785,353700
2022-01-24,13.953116674709166,14.051957232244117,13.953116674709166,13.986063003540039,456600
2022-01-25,13.936644444196538,14.06843291786401,13.821329922498135,14.002538681030273,800100
2022-01-26,13.854274546131881,14.051957232244117,13.854274546131881,13.986063003540039,559800
2022-01-27,13.953118396165605,14.051958965894944,13.936644444196538,14.002538681030273,316700
2022-01-28,14.051958965894944,14.084906869833077,13.969590777092142,14.002538681030273,541400
2022-01-31,14.002536953476643,14.084905132117324,13.969589053603436,13.986063003540039,437900
2022-02-03,14.002538681030273,14.06843291786401,13.854276255393737,14.002538681030273,297800
2022-02-04,14.002538681030273,14.002538681030273,13.920170492227472,14.002538681030273,289400
2022-02-07,14.002533736648278,14.16727005608446,13.920165576930188,14.019007682800293,714000
2022-02-08,14.051958965894944,14.051958965894944,13.936644444196538,14.002538681030273,342100
2022-02-09,13.986062545375978,14.41437580344271,13.936642268227441,14.084904670715332,1659200
2022-02-10,14.084904375893029,14.496743675942286,14.068430426840917,14.282587051391602,1589700
2022-02-11,14.282587230508708,14.315533557983857,14.216693004516141,14.26611328125,694200
2022-02-14,14.299062212268936,14.496744904520837,14.249640360924172,14.315534591674805,553900
2022-02-15,14.315534437715586,14.496744748612754,14.183745977631663,14.216693878173828,825100
2022-02-16,14.397903951800638,14.661480896385338,14.167274910810281,14.183747291564941,685400
2022-02-17,14.496743877295508,14.546164154096013,14.101378520806916,14.150798797607422,687400
2022-02-18,14.150801106666812,14.167275058635878,13.986064729061209,14.002538681030273,1031500
2022-02-21,14.002535723981191,14.134324169817639,14.002535723981191,14.068429946899414,599000
2022-02-22,14.068430721318393,14.167272846657747,13.936642268227441,14.084904670715332,791200
2022-02-23,14.084904571525989,14.249639351208433,14.084904571525989,14.150798797607422,705900
2022-02-24,14.16727290586405,14.31553373792925,14.068430780111624,14.249639511108398,617400
2022-02-25,14.249639511108398,14.39790191421589,14.233167132684903,14.249639511108398,878400
2022-02-28,14.397903549797066,14.579113872421363,14.332009315490723,14.332009315490723,1727700
2022-03-01,14.332007345348464,14.546163970165765,14.101378342500798,14.167272567749023,770400
2022-03-02,14.48026990848641,14.48026990848641,14.150798778523574,14.26611328125,881900
2022-03-03,14.430849351937846,14.480269627713442,14.183744830975382,14.348481178283691,1377100
2022-03-04,14.3155307682468,14.579109191894531,14.167269966937532,14.579109191894531,366500
2022-03-07,14.57911339778913,14.595585777547594,14.348482799704016,14.430850982666016,340700
2022-03-08,14.414375420060956,14.414375420060956,14.167272469848237,14.233166694641113,863400
2022-03-09,14.401009908459612,14.401009908459612,13.880694591402461,14.09889030456543,807500
2022-03-10,14.014969988517311,14.535285319434,13.931047696235224,14.434579849243164,609300
2022-03-11,14.51850033417851,14.51850033417851,14.30030461830939,14.36744213104248,433700
2022-03-14,14.518498298805639,14.518498298805639,14.182810782200788,14.283517837524414,399200
2022-03-15,14.182813533121001,14.249951049464066,14.16602875386407,14.19959831237793,488700
2022-03-16,14.266734981350307,14.266734981350307,14.14924473489942,14.182812690734863,682800
2022-03-17,14.14924473489942,14.518500252512078,14.098890400119421,14.182812690734863,1760100
2022-03-18,14.08210574933369,14.199595983493245,13.964613914489746,13.964613914489746,2405900
2022-03-21,14.014970960533027,14.300305813670924,13.931048662430465,14.233166694641113,831500
2022-03-22,14.233166066911116,14.249950845928304,14.014970342426187,14.132460594177246,561600
2022-03-23,14.09888987689194,14.199596942030018,14.031752367028055,14.065321922302246,524500
2022-03-24,14.065323078793122,14.182813330544182,14.065323078793122,14.132460594177246,646500
2022-03-25,14.132459860857916,14.249950106512522,14.06532234895749,14.09889030456543,388700
2022-03-28,14.09889030456543,14.216382150904582,14.048537570811249,14.09889030456543,496300
2022-03-29,14.065319388355768,14.132456886124455,13.99818189058708,14.11567211151123,626900
2022-03-30,14.065324076929057,14.166029556809422,13.880696296691895,13.880696296691895,742900
2022-03-31,13.880697859610622,14.048540878538022,13.880697859610622,13.981403350830078,804100
2022-04-01,14.04853714466515,14.09888987689194,13.947831680211571,14.065321922302246,519800
2022-04-04,14.09889030456543,14.115675082711673,14.06532234895749,14.09889030456543,437000
2022-04-05,14.182809609279918,14.182809609279918,14.082104162968992,14.11567211151123,642400
2022-04-06,14.115675815160058,14.182813330544182,14.048538299775934,14.132460594177246,585400
2022-04-07,14.132462885389781,14.350660245934385,14.065325359121049,14.266737937927246,605000
2022-04-08,14.317090682457573,14.317090682457573,14.182815629920109,14.266737937927246,363900
2022-04-11,14.317090682457573,14.417797772203118,14.199600411658514,14.266737937927246,278300
2022-04-12,14.233166694641113,14.300305813670924,14.182813956053455,14.233166694641113,603800
2022-04-13,14.182813533121001,14.333873345064061,14.149245575291793,14.19959831237793,636200
2022-04-14,14.199599153769492,14.367443754915046,14.149246413699723,14.216383934020996,425600
2022-04-15,14.216382888578556,14.216382888578556,14.132460594177246,14.132460594177246,49700
2022-04-18,14.266734131971582,14.266734131971582,14.115674337994134,14.166027069091797,250000
2022-04-20,14.182815629920109,14.33387546419598,14.115678103651376,14.266737937927246,849400
2022-04-21,14.35065727196575,14.35065727196575,14.14924473489942,14.182812690734863,332600
2022-04-22,14.266735187438009,14.300304744442931,14.115675382285014,14.249950408935547,203100
2022-04-25,14.249951049464066,14.249951049464066,14.115676016777934,14.19959831237793,408400
2022-04-26,14.266734131971582,14.28351890923229,14.132459115254843,14.166027069091797,579700
2022-04-27,14.166029593266483,14.24995189383926,14.115676853196714,14.216383934020996,199100
2022-04-28,14.199600411658514,14.317090682457573,14.132462885389781,14.266737937927246,641300
2022-04-29,14.266735187438009,14.317087922260813,14.149244939289938,14.249950408935547,544300
2022-05-05,14.266733705258726,14.317086434850356,13.94783095026585,14.03175163269043,824100
2022-05-06,14.014970342426187,14.233166066911116,13.947832827042065,14.132460594177246,972900
2022-05-09,14.098889560733426,14.266734131971582,14.065321606896472,14.166027069091797,403400
2022-05-10,14.233164577450166,14.41779392594903,14.132459115254843,14.166027069091797,1682200
2022-05-11,14.166027788620344,14.384225102038958,14.166027788620344,14.300304412841797,831000
2022-05-12,14.266736254156019,14.384226511088787,14.182813956053455,14.233166694641113,948000
2022-05-13,14.317085788842729,14.350655340845384,14.249948285521759,14.283517837524414,615300
2022-05-17,14.40100924081921,14.585636989814773,14.249949445875352,14.350656509399414,1038100
2022-05-18,14.518499790811255,14.518499790811255,14.283519305382066,14.501716613769531,941100
2022-05-19,14.434580254497224,14.568855285644531,14.350657959859,14.568855285644531,735500
2022-05-20,14.333872396559187,14.35065717470543,14.048537570811249,14.09889030456543,1207900
2022-05-23,14.115674240485847,14.149243794775371,13.763201923868097,13.830339431762695,1166500
2022-05-24,13.931049290908058,13.931049290908058,13.729636726786312,13.746419906616211,847700
2022-05-25,13.746417889184999,13.81355540070578,13.746417889184999,13.763202667236328,338500
2022-05-26,13.847124208907458,13.897476939657293,13.746417146723335,13.830339431762695,454500
2022-05-27,13.830338582509695,14.014967918395996,13.796770630965863,14.014967918395996,508300
2022-05-30,14.014969619464784,14.098890308852422,13.847125039320415,13.947832107543945,334100
2022-05-31,13.947831754280006,14.501716613769531,13.914262198827547,14.501716613769531,2931600
2022-06-01,14.249950203090307,14.36744205022575,14.132459956639421,14.182812690734863,774000
2022-06-02,14.182812690734865,14.249950203090307,14.14924473489942,14.182812690734863,334800
2022-06-03,14.233648263990522,14.233648263990522,14.047255824299247,14.081146240234375,533500
2022-06-07,14.199759478680745,14.199759478680745,13.928642614856079,14.03031063079834,339700
2022-06-08,14.199758494059452,14.233647291695675,13.894751235414132,13.996420860290527,435400
2022-06-09,13.99642213706675,14.013367345422562,13.894752502915887,13.979476928710938,477300
2022-06-10,13.8778057000483,13.979475322517677,13.8778057000483,13.928641319274902,390600
2022-06-13,13.877807293606455,14.013367344459628,13.725305266366657,13.810028076171875,751100
2022-06-14,13.691414219240679,14.199759134585463,13.62363500492697,14.01336669921875,607500
2022-06-15,13.894750885837961,13.894750885837961,13.657524460401161,13.75919246673584,1109600
2022-06-16,13.877805729892511,14.064199768823237,13.81002652009511,14.04725456237793,696000
2022-06-17,13.82697098138562,13.962529393674988,13.55585415680688,13.589744567871094,3049800
2022-06-20,13.623634987466477,13.725304616798708,13.572800980792332,13.674468994140625,144900
2022-06-21,13.67446964224236,14.013367345422562,13.67446964224236,13.979476928710938,1093000
2022-06-22,13.979475617395723,14.03030962171077,13.793083190917969,13.793083190917969,530200
2022-06-23,13.91169576793192,13.91169576793192,13.742246940012308,13.776137351989746,358100
2022-06-24,13.860864958086378,13.877808551993395,13.65752728734475,13.725306510925293,310200
2022-06-27,13.725305266366657,13.9286429186704,13.70836005801201,13.810028076171875,306200
2022-06-28,13.725304026085729,13.945585250854492,13.674468405615523,13.945585250854492,426400
2022-06-29,13.894752502915887,14.030310937794363,13.82697328547665,13.979476928710938,407000
2022-06-30,13.928641319274902,14.131978948229827,13.826971696805526,13.928641319274902,1372800
2022-07-01,13.979476928710938,14.047256146150175,13.877807294560075,13.979476928710938,344700
2022-07-04,13.979475968744138,13.979475968744138,13.86086275036661,13.89475154876709,288900
2022-07-05,13.810025848455957,13.894750260578164,13.742246641954942,13.826971054077148,332200
2022-07-06,13.810027128790042,13.962530761551948,13.810027128790042,13.89475154876709,445500
2022-07-07,13.86086275036661,13.928641963151469,13.826972335982232,13.89475154876709,456800
2022-07-08,13.742246952216695,13.911695780286792,13.742246952216695,13.860861778259277,399000
2022-07-12,13.860864976931763,13.877808570861816,13.793085753259067,13.877808570861816,178400
2022-07-13,13.742250104832308,13.793085734505835,13.691416091142942,13.725306510925293,578000
2022-07-14,13.674468703220326,13.979475968744138,13.674468703220326,13.89475154876709,565800
2022-07-15,13.86086147941516,13.962529481278198,13.810025862499888,13.91169548034668,683000
2022-07-18,13.91169582507453,14.064199447631836,13.877805412957887,14.064199447631836,542800
2022-07-19,13.996420860290527,14.064200071546836,13.87780602860409,13.996420860290527,1253400
2022-07-20,13.92864110596143,14.504765187169111,13.92864110596143,14.386150360107422,478600
2022-07-21,14.352261563792513,14.403095566256779,14.14892393795165,14.386150360107422,179000
2022-07-22,14.36920480677419,14.36920480677419,14.165867185846302,14.233646392822266,366200
2022-07-25,14.21670659515332,14.403099060058594,14.115036949578686,14.403099060058594,353600
2022-07-26,14.386151277105052,14.386151277105052,14.047255212435138,14.098089218139648,362500
2022-07-27,14.148925798049774,14.369207043015614,14.148925798049774,14.352263450622559,230800
2022-07-28,14.36920547432567,14.538654307629557,14.36920547432567,14.504765510559082,371800
2022-07-29,14.521710395812988,14.572546019926804,14.352263163385551,14.521710395812988,989700
2022-08-01,14.538655603850927,14.572546019926804,14.199759523012068,14.521710395812988,197800
2022-08-02,14.538654288121544,14.555599494625962,14.30142624501118,14.33531665802002,207800
2022-08-03,14.318372425508455,14.555600484756017,14.318372425508455,14.453930854797363,492100
2022-08-04,14.538655302332248,14.674213731856431,14.521710094645739,14.657268524169922,633600
2022-08-05,14.623378085963237,14.623378085963237,14.47087446584337,14.48781967163086,280900
2022-08-08,14.57254472068387,14.57254472068387,14.487820304031926,14.504765510559082,59200
2022-08-09,14.504766502943177,14.657268524169922,14.487821295256667,14.657268524169922,112900
2022-08-10,14.640322651196138,14.657266240258531,14.420039833548064,14.470873832702637,378000
2022-08-11,14.504766166213155,14.691158598485796,14.504766166213155,14.640324592590332,392800
2022-08-12,14.640323326389048,14.725046123559409,14.572544119062496,14.606432914733887,1038300
2022-08-15,14.674213731856431,14.725047738932014,14.62337972478085,14.657268524169922,231800
2022-08-16,14.504766502943177,14.826717369067126,14.504766502943177,14.657268524169922,531200
2022-08-17,14.775880386787314,14.792823975078193,14.420039176940918,14.420039176940918,447400
2022-08-18,14.487821295256667,14.674213731856431,14.436987288181085,14.657268524169922,390700
2022-08-19,14.67421306107849,14.775882686566147,14.47087542608705,14.572545051574707,397200
2022-08-22,14.487820632998972,14.623379056326598,14.487820632998972,14.572545051574707,417700
2022-08-23,14.538655281066895,14.55560048872862,14.470876066403942,14.538655281066895,194400
2022-08-24,14.487819037748725,14.487819037748725,14.335315424301314,14.470873832702637,172200
2022-08-25,14.352261949973034,14.826716423034668,14.352261949973034,14.826716423034668,559600
2022-08-26,14.860607469290043,14.911441475287583,14.741992633983894,14.84366226196289,548000
2022-08-29,14.623380674572143,14.758939112900872,14.589490256997935,14.74199390411377,406500
2022-08-30,14.589490563154284,14.708105411169061,14.403098110536902,14.691160202026367,1692900
2022-09-01,14.504766481727392,14.741992925055753,14.352262844739762,14.538655281066895,823300
2022-09-02,14.555599543401142,14.708103170484277,14.555599543401142,14.62337875366211,207800
2022-09-05,14.521710069441816,14.572545692413117,14.436987263124209,14.453930854797363,107400
2022-09-06,14.453930854797363,14.640324907057572,14.352262840822656,14.453930854797363,689600
2022-09-07,14.453929260055881,14.572544084584537,14.453929260055881,14.48781967163086,675900
2022-09-08,14.453930854797363,14.504766477768664,14.403096847810009,14.453930854797363,1250000
2022-09-09,14.48781967163086,14.572544084584537,14.47087446584337,14.48781967163086,773300
2022-09-12,14.624661861818133,14.624661861818133,14.487823053973411,14.504926681518555,155200
2022-09-13,14.624657558227097,14.624657558227097,14.522027666920774,14.556238174438477,794200
2022-09-14,14.38519176279475,14.53913581477425,14.38519176279475,14.402297019958496,1018700
2022-09-15,14.55624098769256,14.55624098769256,14.1115140914917,14.1115140914917,2516500
2022-09-19,14.111510582723367,14.45360748272187,14.09440532991177,14.385188102722168,721500
2022-09-20,14.231246488774634,14.470715174762523,14.231246488774634,14.282562255859375,796600
2022-09-21,14.265457269302185,14.350981918143328,14.025988578796387,14.025988578796387,688500
2022-09-22,14.1286177929762,14.350981216594112,14.060198403497376,14.299665451049805,441100
2022-09-23,14.350981761299817,14.36808538588352,14.04309368133545,14.04309368133545,382100
2022-09-26,14.043093551255557,14.231246469909285,13.906254768371582,13.906254768371582,692700
2022-09-27,13.889149489926513,14.197037566534126,13.889149489926513,14.060198783874512,683100
2022-09-28,13.940464783338417,14.179933488503593,13.940464783338417,14.1115140914917,624200
2022-09-29,14.111513227637529,14.31677140610807,14.025988578796387,14.025988578796387,1065700
2022-09-30,13.99178055453266,14.197038745568342,13.99178055453266,14.1115140914917,1032800
2022-10-03,14.197038745568342,14.21414400263309,14.025989437415058,14.1115140914917,458100
2022-10-04,14.14572481935849,14.282563615449869,14.128619562035288,14.16282844543457,366700
2022-10-05,14.197039448814023,14.26545884921505,14.128620048412996,14.214144706726074,647000
2022-10-06,14.231246380308352,14.231246380308352,13.90625468081682,13.991779327392578,417800
2022-10-07,13.991779913825953,14.094408189020728,13.923360519947096,14.077302932739258,684300
2022-10-11,13.906254636998973,14.060198674100876,13.666785953590797,13.769415855407715,1369700
2022-10-12,13.769415855407715,13.906254636998973,13.615471818305812,13.769415855407715,982200
2022-10-13,13.786522434580004,13.872045457850502,13.683892522909456,13.80362606048584,1097000
2022-10-14,13.718104144764856,14.043095900673872,13.718104144764856,14.008885383605957,717900
2022-10-17,14.00888418035031,14.145724605621195,13.99178055453266,14.1115140914917,402400
2022-10-18,14.111513445302197,14.145723957865137,13.906255263665626,14.077302932739258,1352200
2022-10-19,14.077305619993078,14.539137840270996,14.025991472600198,14.539137840270996,1755000
2022-10-20,14.45361317378464,14.573348359364472,14.248354952965789,14.539137840270996,1316500
2022-10-21,14.539134800084367,14.710184097290039,14.282562485522853,14.710184097290039,267800
2022-10-25,14.59045134423332,14.77860592845526,14.368087873673835,14.504926681518555,493000
2022-10-26,14.504926681518555,14.539137199103367,14.41940365005105,14.504926681518555,511300
2022-10-27,14.50492553398894,14.675974845886232,14.470716650357762,14.67597484588623,802900
2022-10-28,14.539134092751416,14.658867616222121,14.453609448309379,14.607553482055664,915400
2022-10-31,14.333875775274073,14.864125629037455,14.333875775274073,14.624658584594727,1091400
2022-11-01,14.624659783632294,14.624659783632294,14.522029876708984,14.522029876708984,310000
2022-11-02,14.539137840270996,14.693081913696968,14.50492732117752,14.539137840270996,754100
2022-11-03,14.693080737035023,14.693080737035023,14.419403131193404,14.487822532653809,417200
2022-11-04,14.487819807414054,14.79570624044712,14.436504042536129,14.624658584594727,649900
2022-11-07,14.590451987663874,14.67597665415023,14.50492732117752,14.539137840270996,873400
2022-11-08,14.710187173243705,14.710187173243705,14.50492732117752,14.539137840270996,507800
2022-11-09,14.539135133070708,14.556240389432432,14.419401601032705,14.522029876708984,459800
2022-11-10,14.436507277596194,14.539137199103367,14.436507277596194,14.504926681518555,815400
2022-11-11,14.556243099817733,14.67597665415023,14.50492732117752,14.539137840270996,1042400
2022-11-14,14.487822532653809,14.556241934114214,14.453612016300005,14.487822532653809,1104900
2022-11-15,14.453611160202627,14.453611160202627,14.38519176279475,14.402297019958496,362500
2022-11-16,14.402297818060243,14.50492610423564,14.38519255994861,14.419403076171875,575000
2022-11-17,14.368085893280405,14.641765102495139,14.368085893280405,14.590449333190918,567200
2022-11-21,14.539134915944206,14.71018421451294,14.282562599338112,14.470715522766113,636300
2022-11-22,14.693076128344165,14.693076128344165,14.333873975534067,14.385188102722168,141100
2022-11-23,14.231248860228705,14.539136989054866,14.231248860228705,14.453612327575684,254900
2022-11-24,14.402296344670981,14.573345645794154,14.402296344670981,14.522029876708984,640400
2022-11-25,14.436505255545244,14.539135162677544,14.24835232892423,14.368085861206055,1402300
2022-11-29,14.36808622881632,14.662016665553244,14.177893909328258,14.454535484313965,978600
2022-11-30,14.264343943566093,14.662015771120243,14.264343943566093,14.52369499206543,3201100
2022-12-01,14.419955786995395,14.575567081647172,14.419955786995395,14.540986061096191,485900
2022-12-02,14.540988581453387,14.662018876532096,14.368088395471531,14.627439498901367,435300
2022-12-05,14.6447293339071,14.6447293339071,14.36808773001743,14.471827507019043,388700
2022-12-06,14.437245741841485,14.610145891203127,14.385374213010616,14.52369499206543,315200
2022-12-07,14.523696871256766,14.558277894951713,14.350796699523926,14.350796699523926,324000
2022-12-08,14.437245618080665,14.437245618080665,14.264343821287442,14.281634330749512,636400
2022-12-09,14.368086456538382,14.644728035908622,14.298926061695822,14.558277130126953,403400
2022-12-12,14.385376199303176,14.506408134373203,14.385376199303176,14.489117622375488,275400
2022-12-13,14.558279592642569,14.610149485319749,14.558279592642569,14.575570106506348,179200
2022-12-14,14.575567641066064,14.592856503091294,14.471826224345282,14.558277130126953,232800
2022-12-15,14.558279592642569,14.66201937799693,14.523698564915009,14.575570106506348,219100
2022-12-16,14.402667773102262,14.627439498901367,14.385377259829847,14.627439498901367,623000
2022-12-19,14.454537890985238,14.454537890985238,14.350798107549917,14.402667999267578,323200
2022-12-20,14.437247511752476,14.489117398028498,14.264345692280465,14.3853759765625,670500
2022-12-21,14.298927828252209,14.471828012262566,14.056865591940806,14.091444969177246,880100
2022-12-22,14.264345662841334,14.264345662841334,14.091443843726163,14.212475776672363,606600
2022-12-23,14.212475902572068,14.402666586152382,14.07415510562021,14.350796699523926,128600
2022-12-27,14.212474063648976,14.540985501675719,14.212474063648976,14.52369499206543,284900
2022-12-28,14.540986975098479,14.800339698791504,14.281635900319372,14.800339698791504,716800
2022-12-29,14.627437882996153,14.800339698791504,14.419956693390084,14.800339698791504,512600
2022-12-30,14.783049187429183,14.800339698791504,14.523696463736158,14.800339698791504,1815800
2023-01-03,14.783047689478519,14.783047689478519,14.471825112148313,14.52369499206543,376000
2023-01-04,14.731180409265642,14.731180409265642,14.419957777012016,14.50640869140625,336600
2023-01-05,14.506405659141576,14.765756699198253,14.506405659141576,14.73117733001709,237600
2023-01-06,14.73118098700669,14.800341391451665,14.558279151437198,14.696599960327148,235600
2023-01-09,14.696597468988202,14.955948529463639,14.679306958579485,14.93865966796875,255500
2023-01-10,14.765761427430734,14.852212351437158,14.644731123170276,14.834921836853027,348000
2023-01-11,14.834921836853027,14.921372760859454,14.69660101800844,14.834921836853027,392800
2023-01-12,14.869499370092726,14.921369252735898,14.713888073249366,14.748467445373535,326100
2023-01-13,14.644727841907976,14.852209023687127,14.644727841907976,14.783048629760742,244000
2023-01-16,14.662016541692354,14.748467445373535,14.61014665904918,14.748467445373535,108400
2023-01-17,14.765758224233714,15.02510929107666,14.662016808148213,15.02510929107666,439500
2023-01-18,15.00782095389163,15.00782095389163,14.817628625903962,14.869500160217285,247900
2023-01-19,14.869499275247712,15.00782006068979,14.783048372117957,14.93865966796875,288700
2023-01-20,14.93865966796875,14.93865966796875,14.817627744021562,14.93865966796875,354600
2023-01-25,14.938660328306636,14.955949190565747,14.73117914097217,14.765758514404297,216400
2023-01-26,14.748467445373535,14.748467445373535,14.73117858376837,14.748467445373535,153900
2023-01-27,14.783050878111894,14.783050878111894,14.610149042542401,14.696599960327148,296000
2023-01-30,14.696597734438338,15.215301513671873,14.575567457218927,15.215301513671875,866800
2023-01-31,14.9040785323124,15.11155970887683,14.540986061096191,14.540986061096191,1259900
2023-02-02,14.644728234021,14.783049025577311,14.558277327069831,14.765758514404297,793800
2023-02-03,14.765762126792714,14.765762126792714,14.610150785993657,14.662020683288574,299100
2023-02-07,14.765760709406628,14.869502142952483,14.506409598913214,14.610149383544922,812300
2023-02-08,14.575570161131973,14.800341895461022,14.540989133274811,14.644730567932129,1816500
2023-02-09,14.644727473835315,14.66201633519699,14.489116179183538,14.540986061096191,445000
2023-02-10,14.50640760128776,14.800339698791504,14.48911708992544,14.800339698791504,427100
2023-02-13,14.783048466411545,14.783048466411545,14.64472768008719,14.748467445373535,177300
2023-02-14,14.783050434915603,15.198012849144868,14.696599519722659,15.146142959594727,608600
2023-02-15,14.852211393775514,15.336334228515625,14.852211393775514,15.336334228515625,693400
2023-02-16,15.301753714593152,15.370914114422026,15.059691490735089,15.128851890563965,489100
2023-02-17,15.128851540150853,15.128851540150853,14.73117966257416,14.886789321899414,366300
2023-02-20,14.886792436785623,14.92137346759177,14.662020683288574,14.662020683288574,227300
2023-02-21,14.662013785505883,14.765755180204613,14.662013785505883,14.713885307312012,236200
2023-02-22,14.713887299951113,14.713887299951113,14.52369499206543,14.52369499206543,424200
2023-02-23,14.610147908531536,14.610147908531536,14.454536598380058,14.489117622375488,385700
2023-02-24,14.610148469548097,14.679308871280675,14.489118178744596,14.50640869140625,419800
2023-02-27,14.506408531962265,14.6447293339071,14.454536994547434,14.471827507019043,470000
2023-02-28,14.471828404529168,14.575569836878616,14.281637702288329,14.402667999267578,1030200
2023-03-01,14.437248108861734,14.437248108861734,14.264346282238687,14.298927307128906,269800
2023-03-02,14.419957657194617,14.419957657194617,14.281636854878785,14.368087768554688,618000
2023-03-03,14.508260249573935,14.52578270462852,14.333040712127925,14.473217010498047,311100
2023-03-06,14.473218666846247,14.613394981258466,14.473218666846247,14.578350067138672,541300
2023-03-07,14.490739465552634,14.68348145805323,14.420649645334287,14.473217010498047,494700
2023-03-08,14.718530159888994,14.718530159888994,14.403134207014139,14.455699920654297,663800
2023-03-09,14.490741955045843,14.595873361368248,14.40313133575479,14.560830116271973,145900
2023-03-10,14.45569455544346,14.648436547944057,14.45569455544346,14.473217010498047,305700
2023-03-13,14.473222382212318,14.525788095852477,14.368089283898096,14.455699920654297,612600
2023-03-14,14.455698396070954,14.508264104167223,14.31552206045842,14.368087768554688,594500
2023-03-15,14.350566822340074,14.508265634294455,14.315523570257938,14.455699920654297,714100
2023-03-16,14.420652294189921,14.420652294189921,14.280475970071528,14.297998428344727,176600
2023-03-17,14.455698396070954,14.525786563877222,14.368087768554688,14.368087768554688,1025000
2023-03-20,14.525784388847901,14.525784388847901,14.368085617138512,14.403130531311035,254400
2023-03-21,14.403132687974686,14.543309023587222,14.368087768554688,14.368087768554688,399200
2023-03-22,14.368089283898096,14.49074484377034,14.33304603181596,14.455699920654297,782800
2023-03-23,14.438174473571987,14.701006329492246,14.438174473571987,14.508262634277344,811700
2023-03-24,14.543305901735746,14.543305901735746,14.122776985168457,14.122776985168457,404100
2023-03-27,14.140302296745535,14.543310557410498,14.140302296745535,14.455699920654297,749700
2023-03-28,14.455696931506717,14.560830008081533,14.438174473571987,14.508262634277344,258400
2023-03-29,14.508262389105083,14.630917921541897,14.455696687222753,14.543307304382324,602300
2023-03-30,14.525782946089056,14.543305401434917,14.33304095038453,14.438172340393066,363700
2023-03-31,14.455694795738927,14.578348641093324,14.438172340393066,14.438172340393066,1785000
2023-04-03,14.47321784166913,14.578349235967586,14.35056232027642,14.52578353881836,660900
2023-04-04,14.525785092212073,14.61339571085216,14.490741847376176,14.508262634277344,546900
2023-04-05,14.543305986240059,14.630916595458984,14.508261074139137,14.630916595458984,1131700
2023-04-06,14.683483478203623,14.718526722100751,14.560829618013397,14.701005935668945,1238100
2023-04-07,14.630917438318363,14.648438224344781,14.578350067138672,14.578350067138672,358600
2023-04-10,14.560829734857162,14.771094213027759,14.473219117861031,14.718526840209961,188200
2023-04-11,14.718526696648414,14.876225471496582,14.683483452811885,14.876225471496582,293700
2023-04-12,14.893748074202223,14.893748074202223,14.648438680819762,14.718526840209961,266800
2023-04-13,14.858703158990359,14.858703158990359,14.718526840209961,14.718526840209961,623300
2023-04-14,14.718529179569888,14.87622798102083,14.718529179569888,14.858705520629883,142800
2023-04-17,14.70100947164644,14.823663361338136,14.683487009966507,14.806140899658203,199000
2023-04-18,14.683487009966507,14.84118582301807,14.59587637260076,14.806140899658203,131300
2023-04-19,14.806139344359917,14.858705052844078,14.683485467552293,14.823661804199219,260400
2023-04-20,14.858701716047978,14.858701716047978,14.630916473425417,14.68348217010498,126600
2023-04-25,14.806137312790009,14.893747928931603,14.701005910246908,14.876225471496582,354700
2023-04-26,14.876229075344018,14.876229075344018,14.64844208660664,14.806140899658203,461400
2023-04-27,14.665964548286574,14.876229075344018,14.665964548286574,14.806140899658203,43900
2023-04-28,14.806140899658203,14.858706613664085,14.683487009966507,14.806140899658203,138000
2023-05-02,14.876225205075151,15.314276606904455,14.70100564696352,15.0864896774292,590100
2023-05-03,15.068972811755447,15.068972811755447,14.718530262292454,14.806140899658203,364000
2023-05-05,14.89375153702395,14.89375153702395,14.718530262292454,14.806140899658203,180400
2023-05-08,14.806139344359917,14.911272432361983,14.806139344359917,14.823661804199219,238400
2023-05-09,14.823663361338136,14.858706613664085,14.736052723972389,14.806140899658203,203700
2023-05-10,14.928793218712594,14.928793218712594,14.718527066278888,14.788615226745605,209700
2023-05-11,14.753571611518458,14.963836087638176,14.753571611518458,14.876225471496582,271900
2023-05-12,14.963838276430709,14.963838276430709,14.683485600596635,14.771096229553223,244100
2023-05-15,14.718526840209961,14.771094213027759,14.683483596031627,14.718526840209961,684500
2023-05-16,14.71852433645146,14.80613493854421,14.665958643609109,14.73604679107666,231800
2023-05-17,14.718530262292454,14.928796460383818,14.718530262292454,14.806140899658203,192800
2023-05-18,14.771096095715057,14.946315681006842,14.683485467552293,14.823661804199219,129400
2023-05-19,14.823658457572872,15.01640045919004,14.71852539330591,14.963834762573242,304800
2023-05-22,14.893747928931603,14.893747928931603,14.736049154083437,14.876225471496582,182100
2023-05-23,14.876223324440849,14.946311473031738,14.788612720943918,14.91126823425293,240100
2023-05-24,14.788616285027594,14.911271827896817,14.648439954063061,14.84118366241455,1223600
2023-05-25,14.77109530158816,14.841183466143526,14.665962219238281,14.665962219238281,657300
2023-05-26,14.6659610207383,14.77109409449672,14.6659610207383,14.701005935668945,497000
2023-05-29,14.683483596031627,14.823659914812024,14.648438680819762,14.718526840209961,585600
2023-05-30,14.718525653740349,14.858701961221046,14.578349346259651,14.6484375,654700
2023-05-31,14.630918972477424,14.77109530158816,14.578351595785659,14.665962219238281,2520600
2023-06-01,14.665961413622787,14.8061377350335,14.420652015637257,14.508262634277344,380400
2023-06-02,14.56082808773132,14.701004390654925,14.38560687356014,14.613393783569336,576400
2023-06-06,14.754930075505278,15.02030583596973,14.578011777050353,14.684163093566895,465300
2023-06-07,14.648778780937846,14.79031274502668,14.595703966209017,14.737237930297852,637400
2023-06-08,14.701857317388203,14.701857317388203,14.524938994185504,14.59570598602295,361600
2023-06-09,14.595704340090112,14.701855659484863,14.524937356232941,14.701855659484863,226700
2023-06-12,14.666470527648926,14.666470527648926,14.578011380825748,14.666470527648926,141500
2023-06-13,14.613395111655375,14.931845664978027,14.560318613420083,14.931845664978027,359400
2023-06-14,14.878771251907363,14.949538230895996,14.684162481493091,14.949538230895996,286400
2023-06-15,14.790311977871278,15.037997245788574,14.790311977871278,15.037997245788574,229400
2023-06-16,14.949538230895996,15.037997376436252,14.754929460481723,14.949538230895996,1191400
2023-06-19,14.949539321672313,14.949539321672313,14.84338968905321,14.861080169677734,126300
2023-06-20,14.772621498691212,15.037997245788574,14.772621498691212,15.037997245788574,170400
2023-06-21,14.82569639094037,15.020305160717617,14.82569639094037,14.843388557434082,178300
2023-06-22,14.861080012528502,15.002613979335976,14.861080012528502,14.896464347839355,314200
2023-06-23,14.91415569212674,14.984922671623634,14.808004379272463,14.808004379272461,424300
2023-06-26,14.878772337520248,15.020306305824379,14.861080169677734,14.861080169677734,367300
2023-06-27,14.949538740840442,14.949538740840442,14.737237796632737,14.82569694519043,354400
2023-06-28,14.931846015466919,14.931846015466919,14.82569639094037,14.843388557434082,94400
2023-06-30,14.82569692262614,14.967230885215866,14.772622108459473,14.772622108459473,1175800
2023-07-03,14.914155186117418,15.02030480815236,14.825696042943084,14.931845664978027,97800
2023-07-04,14.93184606434437,15.002613043333003,14.93184606434437,14.949538230895996,353100
2023-07-05,14.949538629790265,15.002613443643453,14.896463815937077,14.967230796813965,303800
2023-07-06,14.878771251907363,15.020305209884627,14.825696439470356,14.949538230895996,304100
2023-07-07,14.931845664978027,14.96722999713489,14.878770853960555,14.931845664978027,1597400
2023-07-10,14.878771251907363,15.020305209884627,14.878771251907363,14.949538230895996,1047000
2023-07-11,14.91415637997125,15.037998177997956,14.89646421247659,14.984923362731934,300200
2023-07-12,14.931847037699583,15.126457508017703,14.861080054097897,15.00261402130127,352500
2023-07-13,15.037997245788574,15.126456390560314,14.984922433812672,15.037997245788574,186700
2023-07-14,15.10876502507813,15.179532007203308,15.037998042952951,15.073382377624512,600900
2023-07-17,15.055689412186492,15.055689412186492,14.914155455438852,15.037997245788574,561700
2023-07-18,14.967231195237273,15.055690345492616,14.931846860247953,14.984923362731934,170100
2023-07-20,14.984922963837665,15.020305610667151,14.914155982960777,14.967230796813965,408500
2023-07-21,15.091072057764476,15.091072057764476,14.914155455438852,15.037997245788574,317900
2023-07-24,14.949538101016836,15.055689412186492,14.949538101016836,15.037997245788574,116700
2023-07-25,15.09107218887326,15.09107218887326,14.949538230895996,14.949538230895996,275200
2023-07-26,15.037997116668944,15.161838905955333,14.984922305148753,15.126456260681152,816800
2023-07-27,15.17953256686139,15.197224734849469,15.03799859739278,15.05569076538086,319100
2023-07-28,15.126455860541183,15.144148026319181,15.037996718868982,15.108763694763184,993200
2023-07-31,15.144148026319181,15.214915002213383,15.091071528985186,15.108763694763184,589800
2023-08-01,15.002613180113592,15.232606285727988,15.002613180113592,15.144148826599121,238400
2023-08-02,15.144148556958232,15.161839036138298,14.843388477065032,15.037997245788574,372200
2023-08-03,15.179531072201343,15.179531072201343,15.002612784176925,15.126456260681152,238100
2023-08-04,15.091073414139009,15.091073414139009,15.03799859739278,15.05569076538086,580900
2023-08-07,15.037999171097116,15.17953314596529,15.020307002434077,15.091073989868164,238600
2023-08-08,15.091072350104092,15.214915830070725,15.073381870581331,15.197223663330078,158000
2023-08-09,15.197224501334082,15.444908100489325,15.091073182254709,15.33875846862793,736000
2023-08-10,15.303373870248368,15.3210660376606,15.144149425192115,15.232606887817383,311400
2023-08-11,15.144148556958232,15.250298180910036,15.037997245788574,15.037997245788574,496200
2023-08-14,15.037998042952951,15.19722417453909,15.020305875617172,15.073382377624512,345400
2023-08-15,15.21491748329137,15.21491748329137,15.055691339760156,15.091073989868164,35200
2023-08-16,15.126456260681152,15.197223238447352,15.037997116668944,15.126456260681152,337600
2023-08-17,15.161840156209559,15.161840156209559,14.98492354081433,15.00261402130127,771200
2023-08-18,15.037997245788574,15.073381578584412,15.002612912992738,15.037997245788574,466600
2023-08-21,15.161842211426364,15.374143191009228,15.126459558438324,15.303376197814941,1601000
2023-08-22,15.3033760219272,15.374143014308135,15.19722637696489,15.285685539245605,644300
2023-08-23,15.338756815149099,15.338756815149099,15.091071555475718,15.16183853149414,950600
2023-08-24,15.073382377624512,15.214916341874869,15.020305875617172,15.073382377624512,343700
2023-08-25,15.020307002434077,15.144150495857282,15.020307002434077,15.091073989868164,612100
2023-08-28,15.179530670657385,15.179530670657385,15.07338105042498,15.108763694763184,222200
2023-08-29,15.1618397276336,15.28568321084938,15.126457080441897,15.214916229248047,698100
2023-08-30,15.303373265361811,15.303373265361811,15.108764493173268,15.144148826599121,2040000
2023-09-01,15.144149269799993,15.391832862158013,15.144149269799993,15.267991065979004,923400
2023-09-04,15.214915830070725,15.374140269082877,15.144148850326028,15.197223663330078,171000
2023-09-05,15.108764119528377,15.17953109741211,15.07338147419543,15.17953109741211,563300
2023-09-06,15.179531072201343,15.197223238447352,15.126456260681152,15.126456260681152,475100
2023-09-07,15.214915429962895,15.321065053179572,15.126456285803771,15.17953109741211,794200
2023-09-08,15.214915806232943,15.303373265361811,15.144148826599121,15.144148826599121,821400
2023-09-11,15.269158362906513,15.394168468378131,15.23344021669465,15.322733879089355,754000
2023-09-12,15.322733879089355,15.447743984560974,15.215582846723668,15.322733879089355,680000
2023-09-13,15.251299855669677,15.376309965779546,15.251299855669677,15.304875373840332,509800
2023-09-14,15.358450107236779,15.447742055345167,15.233438314242505,15.269156455993652,829900
2023-09-15,15.251298696911283,15.376308797523174,15.144145965576172,15.144145965576172,8530300
2023-09-18,15.197725105718526,15.412028892368863,15.197725105718526,15.287018775939941,531200
2023-09-19,15.340592770367465,15.44774380146312,15.287017254819638,15.358451843261719,1167600
2023-09-20,15.287017436012444,15.465603057666906,15.287017436012444,15.322733879089355,490600
2023-09-21,15.287018003206791,15.376309965779546,15.269158929438234,15.304875373840332,547700
2023-09-22,15.394168468378131,15.394168468378131,15.215582846723668,15.322733879089355,1187400
2023-09-25,15.376309965779546,15.376309965779546,15.269158929438234,15.304875373840332,349600
2023-09-26,15.269158929438234,15.376309965779546,15.269158929438234,15.304875373840332,1070200
2023-09-27,15.269158929438234,15.340593521377446,15.269158929438234,15.304875373840332,279100
2023-09-29,15.30487711964996,15.30487711964996,14.929845043405862,15.03699779510498,1354100
2023-10-02,15.036994544054894,15.054853615999422,14.858407230879294,14.965559959411621,1674800
2023-10-03,14.91198445274452,15.090570062857513,14.822690796120602,15.072710990905762,2048800
2023-10-04,14.983422270823025,15.072714243581213,14.876269519123907,15.03699779510498,567300
2023-10-05,14.983419037416684,15.16200464752968,14.947700893513181,15.072710990905762,692300
2023-10-06,14.96556262140176,15.16200733832953,14.96556262140176,15.108431816101074,2243600
2023-10-09,15.162007528906814,15.269160277845716,15.036997407757399,15.215584754943848,331300
2023-10-10,15.269156455993652,15.340591036361205,15.197721875626097,15.269156455993652,325000
2023-10-11,15.269159892465105,15.322735414014772,15.179866221125577,15.197725296020508,890400
2023-10-12,15.215583411267577,15.340593521377446,15.215583411267577,15.304875373840332,604000
2023-10-13,15.304874624578959,15.37630921302104,15.304874624578959,15.358451843261719,400000
2023-10-16,15.358451843261719,15.358451843261719,15.251299109031132,15.358451843261719,435600
2023-10-17,15.322733697473211,15.394168285915292,15.215582666377557,15.358451843261719,603200
2023-10-18,15.179865263730463,15.304875373840332,15.179865263730463,15.304875373840332,689900
2023-10-19,15.358452595146003,15.394169039548103,15.251299855669677,15.304875373840332,562200
2023-10-20,15.304874624578959,15.358451843261719,15.215582666377557,15.358451843261719,570400
2023-10-23,15.358452595146003,15.358452595146003,15.19772433749902,15.304875373840332,765400
2023-10-24,15.287018775939941,15.322735222147447,15.215584180389829,15.287018775939941,566900
2023-10-25,15.358451843261719,15.37630921302104,15.340592770367465,15.358451843261719,380500
2023-10-26,15.394168285915292,15.394168285915292,15.322733697473211,15.358451843261719,729900
2023-10-27,15.429886614589995,15.429886614589995,15.251299289800581,15.322733879089355,599000
2023-10-30,15.269159892465105,15.37631093556444,15.162007146230646,15.197725296020508,1700000
2023-10-31,15.233440036136878,15.394168285915292,15.233440036136878,15.358451843261719,1340500
2023-11-01,15.358452597586618,15.376309968222998,15.233440784321868,15.251299858093262,2055200
2023-11-02,15.394166545853187,15.394166545853187,15.251297385118079,15.269156455993652,1510400
2023-11-03,15.394168285915292,15.44774380146312,15.304874624578959,15.358451843261719,849100
2023-11-06,15.269159701268638,15.447745338576368,15.269159701268638,15.287018775939941,2295300
2023-11-07,15.287018775939941,15.322735222147447,15.179866031047222,15.287018775939941,1962200
2023-11-08,15.269158546893511,15.30487499040079,15.179864883422852,15.179864883422852,1502200
2023-11-09,15.269160473348773,15.269160473348773,15.126291275024414,15.126291275024414,1075400
2023-11-10,15.126290891222274,15.215584563693131,15.090572740979875,15.108431816101074,1894900
2023-11-14,15.108429909033646,15.23344001283231,15.108429909033646,15.162005424499512,2017000
2023-11-15,15.269158181925384,15.394168285915292,15.233440036136878,15.358451843261719,771000
2023-11-16,15.23344078190112,15.340593521377446,15.23344078190112,15.304875373840332,362000
2023-11-17,15.23344078190112,15.358452595146003,15.19772433749902,15.304875373840332,662800
2023-11-20,15.304875190902516,15.358452411567784,15.197724155841971,15.340593338012695,452100
2023-11-21,15.340593338012695,15.376309781987878,15.21558322939706,15.340593338012695,935400
2023-11-22,15.269160085921587,15.287019161042787,15.090572740979875,15.108431816101074,1357600
2023-11-23,15.108429134809265,15.108429134809265,15.054853622088851,15.072710990905762,735300
2023-11-24,15.072714431912859,15.072714431912859,14.89412878102987,15.001279830932617,550200
2023-11-27,14.965563382010112,15.019138906961485,14.965563382010112,15.001279830932617,732300
2023-11-28,15.03699779510498,15.126291470998376,14.983422270823025,15.03699779510498,1858300
2023-11-29,15.054856870910701,15.054856870910701,14.89412859492963,15.03699779510498,578300
2023-11-30,15.126290897734414,15.126290897734414,14.911987105593184,15.054856300354004,3284100
2023-12-01,15.054856300354004,15.090572747476637,14.965562627844704,15.054856300354004,1446700
2023-12-04,15.163162037920534,15.217317430005457,15.00070102620821,15.072906494140625,637700
2023-12-05,15.072906494140625,15.199265632643817,14.982649228846569,15.072906494140625,918800
2023-12-06,15.090958177408545,15.090958177408545,14.982650824730587,15.054856300354004,876800
2023-12-07,15.072906494140625,15.072906494140625,14.982649228846569,15.072906494140625,2030600
2023-12-08,15.072906494140625,15.109008367349759,15.036802899417344,15.072906494140625,1158900
2023-12-11,15.072906494140625,15.1270601647114,15.054854696778984,15.072906494140625,612100
2023-12-12,15.090956038662114,15.163161504052303,15.090956038662114,15.109007835388184,956400
2023-12-13,15.16316158208728,15.19926517572522,15.145111506782406,15.18121337890625,910200
2023-12-14,15.235367313119875,15.578344572595672,15.235367313119875,15.524190902709961,1062100
2023-12-15,15.524191127155005,16.011577606201172,15.433933861697817,16.011577606201172,3934600
2023-12-18,16.011577376731292,16.011577376731292,15.632498244455201,15.794960975646973,918300
2023-12-19,15.614446183023418,15.957423436737152,15.614446183023418,15.90326976776123,1360600
2023-12-20,15.975475196148503,15.975475196148503,15.740807002450364,15.776908874511719,1824600
2023-12-21,15.79496514555059,15.79496514555059,15.740811461361357,15.758861541748047,1414800
2023-12-22,15.758861541748047,15.849118829739824,15.722759659460085,15.758861541748047,404300
2023-12-26,15.65055417336958,15.776913343649317,15.65055417336958,15.758861541748047,493900
2023-12-27,15.831064264874893,15.831064264874893,15.758857077723993,15.776908874511719,364900
2023-12-28,15.740807002450364,15.831064264874893,15.68665161208719,15.776908874511719,2592400
2023-12-29,15.776909754331404,15.776909754331404,15.668602410593344,15.704704284667969,1637600
2024-01-02,15.560291980320896,15.704702906979378,15.433932849873232,15.668601036071777,369500
2024-01-03,15.48808854223034,15.957424975998354,15.48808854223034,15.813014030456543,914500
2024-01-04,15.542239486398923,15.921318582238602,15.524189412512433,15.88521671295166,2147300
2024-01-05,15.885218849889826,15.885218849889826,15.740807910287444,15.83106517791748,1525700
2024-01-08,15.831063048264266,15.903268508352111,15.74080579277597,15.88521671295166,653700
2024-01-09,15.903270113610198,15.903270113610198,15.794961051788855,15.867166519165039,663500
2024-01-10,15.885219503227448,15.885219503227448,15.74080855768564,15.813014030456543,736900
2024-01-11,15.813012772782532,15.885218239810639,15.722755508618866,15.794960975646973,460400
2024-01-12,15.831065829027835,15.957424975998354,15.79496223188525,15.813014030456543,618500
2024-01-15,15.867166519165039,15.885218316387618,15.813012849011436,15.867166519165039,313900
2024-01-16,15.867167169666747,15.867167169666747,15.831065295255664,15.849115371704102,724100
2024-01-17,15.794961203939419,15.903270266804087,15.614446673003021,15.74080753326416,564400
2024-01-18,15.722755205662638,15.831064264874893,15.722755205662638,15.776908874511719,1365800
2024-01-19,15.776908874511719,15.776908874511719,15.722755205662638,15.776908874511719,411200
2024-01-22,15.794960671299444,15.867166136936248,15.776908874511719,15.776908874511719,1065800
2024-01-23,15.813012772782532,15.885218239810639,15.794960975646973,15.794960975646973,1774000
2024-01-24,15.885219992156989,15.975477266277204,15.794962718036771,15.921321868896484,2107800
2024-01-26,15.92132098774308,16.047681853123766,15.92132098774308,15.993526458740234,671400
2024-01-29,16.047681200989707,16.047681200989707,15.975475732926787,16.011577606201172,326700
2024-01-30,15.993525808806904,16.065731276869823,15.95742393553252,16.011577606201172,476400
2024-01-31,15.95742393553252,16.047681200989707,15.921320340743984,16.011577606201172,1497900
2024-02-02,15.921320340743984,16.065731276869823,15.921320340743984,16.011577606201172,1010100
2024-02-05,15.921322004714094,16.083784755213518,15.921322004714094,16.065732955932617,356300
2024-02-06,16.065729106101358,16.228191817669835,16.065729106101358,16.119884490966797,1976400
2024-02-07,16.119888353775313,16.22819570643204,16.04768287816605,16.065732955932617,550300
2024-02-08,16.047679901123047,16.19209082555156,15.957422642976724,16.047679901123047,545200
2024-02-09,16.065730625472717,16.13793609060801,15.993525160337422,16.02962875366211,231400
2024-02-13,15.97547443890879,16.228192695901683,15.97547443890879,16.047679901123047,675800
2024-02-14,16.06573165521572,16.228194392561804,16.06573165521572,16.101835250854492,635400
2024-02-15,16.155991854300627,16.22819733716565,16.065734570340723,16.174043655395508,871500
2024-02-16,16.155991854300627,16.24624913826053,16.155991854300627,16.174043655395508,591800
2024-02-19,16.24624671206297,16.40870945462588,16.228194913663923,16.336503982543945,1673700
2024-02-20,16.408711786743833,16.42676358770852,16.318454503434875,16.372608184814453,1536800
2024-02-21,16.282349282612834,16.426760217674726,16.174040220559345,16.264297485351562,1339000
2024-02-22,16.246248898606915,16.4087116630353,16.101837935007122,16.22819709777832,3178200
2024-02-23,16.40870884513036,16.40870884513036,16.047681498130927,16.300399780273438,1220300
2024-02-26,16.300398321811226,16.39065558086395,16.119885525219807,16.19209098815918,1768200
2024-02-27,16.24624610860207,16.40870884513036,16.1920924369307,16.300399780273438,1007900
2024-02-28,16.24624568809029,16.318451155621236,16.083782955767123,16.264297485351562,2102100
2024-02-29,16.300398321811226,16.300398321811226,16.155987395932478,16.19209098815918,3948200
2024-03-01,16.210141327876933,16.318450384814412,15.9032693965012,16.083782196044922,738500
2024-03-04,16.083786371435604,16.24624913826053,15.975479007895323,16.174043655395508,800900
2024-03-05,16.264296226405957,16.264296226405957,15.885217120832749,16.246244430541992,4277400
2024-03-06,16.24624469385293,16.318450156965046,16.083781971472153,16.137935638427734,604800
2024-03-07,16.13793843154188,16.174042030103678,15.95742560327589,16.065732955932617,945300
2024-03-08,16.119885525219807,16.246244654985205,16.047680062280435,16.19209098815918,694600
2024-03-11,16.3382961655734,16.374848002008264,16.11899037562669,16.283470153808594,1074500
2024-03-12,16.265191024482462,16.429670770192423,16.228640938150885,16.320018768310547,1170000
2024-03-13,16.26519262823682,16.393122300229123,16.26519262823682,16.30174446105957,1478500
2024-03-14,16.11899037562669,16.320021990243458,16.11899037562669,16.283470153808594,1163100
2024-03-15,16.17381783556185,16.283469857093394,16.13726599979303,16.265193939208984,12726200
2024-03-18,16.265191897312228,16.393121563555628,16.100713885663122,16.246917724609375,679100
2024-03-19,16.24692038787479,16.24692038787479,15.99106275633394,16.02761459350586,1073300
2024-03-20,16.118990536856753,16.2469202227709,16.100716361344023,16.155542373657227,715800
2024-03-21,16.137265431442234,16.137265431442234,16.02761341377261,16.082439422607422,358600
2024-03-22,16.02761281973217,16.173816666464433,15.954509153478705,16.045886993408203,1107100
2024-03-25,16.082438826534936,16.192090840140466,15.89968314667594,16.045886993408203,363700
2024-03-26,16.082439422607422,16.137265431442234,15.89968373597485,16.082439422607422,818400
2024-03-27,16.10071652496217,16.17381845641848,15.881408987705711,16.02761459350586,1460900
2024-03-29,16.173815648624124,16.26519173991587,16.064161899031923,16.1007137298584,712500
2024-04-01,16.10071617719226,16.685531616210938,16.10071617719226,16.685531616210938,394800
2024-04-02,16.283468544648198,16.502774312922732,16.155540615543213,16.30174446105957,654800
2024-04-03,16.15554076212478,16.539326295809182,16.15554076212478,16.447948455810547,1168000
2024-04-04,16.447948455810547,16.466224372387742,16.320020525544855,16.447948455810547,637400
2024-04-05,16.50277476133873,16.521050678246702,16.33829499494173,16.466224670410156,216700
2024-04-08,16.539329835954774,16.539329835954774,16.429676055908203,16.429676055908203,1406800
2024-04-09,16.50277328491211,16.612427033662353,16.429671366707684,16.50277328491211,303700
2024-04-12,16.612428519899186,16.612428519899186,16.44794875350219,16.466224670410156,1245300
2024-04-15,16.575875648336492,16.575875648336492,16.33829397206898,16.39312171936035,1859600
2024-04-16,16.44795197639725,16.466227896886295,16.393125957817816,16.429676055908203,1113600
2024-04-17,16.466224372387742,16.52105037923199,16.41139662265616,16.447948455810547,2021500
2024-04-18,16.44794977413726,16.53932762145996,16.44794977413726,16.53932762145996,638300
2024-04-19,16.53932762145996,16.594153632698593,16.44794977413726,16.53932762145996,765800
2024-04-22,16.539329952311657,16.63070781251204,16.539329952311657,16.57588005065918,334400
2024-04-23,16.575877417114842,16.575877417114842,16.48450131431984,16.52105140686035,638900
2024-04-24,16.630704436807157,16.630704436807157,16.429672836594218,16.466224670410156,455000
2024-04-25,16.466224372387742,16.502774462654795,16.338294699234716,16.447948455810547,674800
2024-04-26,16.44794875350219,16.484500587318127,16.429672836594218,16.466224670410156,429600
2024-04-29,16.466224670410156,16.484500587318127,16.411396919686247,16.466224670410156,702200
2024-04-30,16.447948455810547,16.52105037923199,16.41139662265616,16.447948455810547,859500
2024-05-02,16.447951255321712,16.466227175009543,16.320023303282138,16.374849319458008,852400
2024-05-03,16.374847844856593,16.557603539501997,16.374847844856593,16.53932762145996,612800
2024-05-06,16.539329952311657,16.5941559712768,16.539329952311657,16.57588005065918,520300
2024-05-07,16.630706195591646,16.630706195591646,16.594154357910156,16.594154357910156,802700
2024-05-08,16.648979054268075,16.68553088905756,16.612428962366,16.630704879760742,938600
2024-05-09,16.667255698019734,16.703807534402145,16.63070560452481,16.685531616210938,324500
2024-05-10,16.68552895186678,16.68552895186678,16.411395451434775,16.50277328491211,217700
2024-05-13,16.37484625184475,16.63070385087995,16.37484625184475,16.557601928710938,204900
2024-05-14,16.484500006541925,16.63070385087995,16.484500006541925,16.557601928710938,624000
2024-05-15,16.53932762145996,16.66725556197926,16.521051703417925,16.53932762145996,1445900
2024-05-16,16.52105009618278,16.557601928710938,16.411396341485606,16.557601928710938,353500
2024-05-17,16.612428962366,16.81345882504594,16.612428962366,16.630704879760742,578900
2024-05-20,16.630706030539763,16.776909894039616,16.53932818013047,16.722082138061523,568300
2024-05-21,16.88656192022074,16.88656192022074,16.630706030539763,16.722082138061523,742600
2024-05-23,16.594154486576652,16.813460285703375,16.521052553534414,16.740358352661133,904100
2024-05-24,16.75863265991211,16.8865605947109,16.66725481667552,16.75863265991211,427000
2024-05-27,16.776910190626037,16.886562218745613,16.557604391499314,16.740358352661133,1024500
2024-05-28,16.813459988470814,16.813459988470814,16.66725612497096,16.722082138061523,778200
2024-05-29,16.75863192986054,16.776907846289188,16.630704000634637,16.703805923461914,759800
2024-05-30,16.667254971662818,16.722080980959635,16.630704879760742,16.630704879760742,332400
2024-05-31,16.74035762789707,16.74035762789707,16.648979779828526,16.685531616210938,2467900
2024-06-04,16.722079198562756,16.996212701601937,16.484499269304248,16.648977279663086,969400
2024-06-05,16.630704879760742,16.86828483434276,16.557602953069182,16.630704879760742,294600
2024-06-06,16.722080097003243,17.178967550395544,16.557602077807363,16.703805923461914,456900
2024-06-07,16.79518201983052,16.941387608372388,16.64897817417597,16.703805923461914,457100
2024-06-10,16.904838864834872,16.904838864834872,16.703808976043952,16.795185089111328,158200
2024-06-11,16.79518201983052,16.813457936259166,16.61242808420599,16.703805923461914,363600
2024-06-12,16.813457784858834,16.813457784858834,16.5027741799187,16.557601928710938,656600
2024-06-13,16.631356070343625,16.778862406178735,16.539164170843126,16.594478607177734,175100
2024-06-14,16.594480180530656,16.594480180530656,16.151961131069296,16.281028747558594,862000
2024-06-18,16.281027404531823,16.594478811647186,16.281027404531823,16.502286911010742,94100
2024-06-19,16.446969596611016,16.50228402394997,16.446969596611016,16.465408325195312,583800
2024-06-20,16.354780386095317,16.465411017275176,16.188835318532643,16.42853355407715,832200
2024-06-21,16.244153188738846,16.668233508770122,16.244153188738846,16.520727157592773,1137100
2024-06-24,16.520725794645447,16.907930374145508,16.391658187616848,16.907930374145508,408100
2024-06-25,16.889490481969545,16.889490481969545,16.465410226056083,16.63135528564453,751200
2024-06-26,16.76042347036357,16.907929804401256,16.428533339571672,16.686670303344727,300400
2024-06-27,16.686672821724898,16.686672821724898,16.5576034411519,16.57604217529297,562100
2024-06-28,16.557601158441795,16.61291735323884,16.410094822478133,16.42853355407715,871600
2024-07-01,16.428532970795874,16.428532970795874,16.336341074488228,16.373218536376953,138300
2024-07-02,16.410095026810332,16.410095026810332,16.3179048844958,16.336341857910156,165100
2024-07-03,16.53916358947754,16.53916358947754,16.354779796957786,16.53916358947754,193600
2024-07-04,16.557601144011844,16.594478607177734,16.446972271342627,16.594478607177734,74600
2024-07-05,16.594480909434036,16.66823408758383,16.5576034411519,16.57604217529297,627700
2024-07-09,16.612916016824695,16.76042234092231,16.465409692727075,16.48384666442871,520900
2024-07-10,16.502285394544437,16.576038556593243,16.428532232495627,16.48384666442871,413300
2024-07-11,16.50228558877816,16.631354942693303,16.50228558877816,16.557600021362305,79700
2024-07-12,16.57603894013054,16.797298431396484,16.55760020958818,16.797298431396484,262600
2024-07-15,16.797299350930867,17.01855885430922,16.741984914689837,16.926368713378906,435900
2024-07-16,16.926368138440953,16.926368138440953,16.66823118072724,16.705108642578125,201000
2024-07-17,17.000124230549343,17.000124230549343,16.612919606522894,16.741987228393555,104500
2024-07-18,16.741987155890918,17.073877334594727,16.723548421870824,17.073877334594727,500600
2024-07-19,16.981682766765697,16.981682766765697,16.77886199951172,16.77886199951172,78900
2024-07-22,16.871052547265005,16.871052547265005,16.520725439260183,16.594478607177734,240100
2024-07-23,16.502285393441536,16.77886106991665,16.502285393441536,16.649791717529297,144800
2024-07-24,16.649792449801794,16.74198434601485,16.612916746365073,16.705108642578125,180700
2024-07-25,16.66823044764379,16.81573677173155,16.594477285599908,16.649791717529297,139900
2024-07-26,16.70511155586596,16.70511155586596,16.52072773128424,16.57604217529297,306700
2024-07-29,16.852615165641726,16.87105213836359,16.612916936115653,16.77886199951172,297800
2024-07-30,16.686670506678233,16.741984943012845,16.557601144011844,16.594478607177734,359300
2024-07-31,16.612916936115653,16.77886199951172,16.557600742707507,16.77886199951172,877900
2024-08-01,16.59447728670897,16.612916016824695,16.48384666442871,16.48384666442871,410800
2024-08-02,16.576040079837046,16.594478811647186,16.465411205804713,16.502286911010742,287700
2024-08-05,16.465411410963405,16.502287116628903,16.22571316968771,16.41009521484375,564300
2024-08-06,16.871052755142273,16.871052755142273,16.281027404531823,16.502286911010742,1122200
2024-08-07,16.50228402394997,16.576037179873225,16.428530868026716,16.465408325195312,310800
2024-08-08,16.428532232495627,16.59447728670897,16.428532232495627,16.48384666442871,419700
2024-08-09,16.502285394544437,16.539162854775885,16.4100935023799,16.48384666442871,376500
2024-08-12,16.410095010374295,16.852615781746383,16.410095010374295,16.502286911010742,187200
2024-08-13,16.502286307713547,16.77886199951172,16.502286307713547,16.77886199951172,195400
2024-08-14,16.612919066682217,16.76042541785957,16.520727157592773,16.520727157592773,513800
2024-08-15,16.520725439260183,16.76042367459579,16.46541100292557,16.594478607177734,177600
2024-08-16,16.76042233980216,16.76042233980216,16.483846663327043,16.649791717529297,1174100
2024-08-19,16.70511151860814,16.797301672278913,16.539166428537595,16.741987228393555,977700
2024-08-20,16.778862391845514,16.926368727554618,16.57603986143483,16.76042366027832,623100
2024-08-21,16.686671642541043,17.036998774392657,16.686671642541043,16.87105369567871,301400
2024-08-22,16.87105213836359,16.9448053044936,16.74198453723962,16.77886199951172,255800
2024-08-23,16.87105369567871,16.96324560145472,16.797300522740773,16.87105369567871,411400
2024-08-26,16.907929600635686,16.907929600635686,16.723545806103573,16.77886199951172,706900
2024-08-27,16.778864696593438,16.815740406378858,16.686672784508197,16.741987228393555,951300
2024-08-28,16.907931161354853,16.907931161354853,16.797300522740773,16.87105369567871,775300
2024-08-29,16.871051590226312,17.129188542501613,16.871051590226312,16.96324348449707,1783600
2024-08-30,17.12918929296064,17.12918929296064,16.852615356445312,16.852615356445312,2304000
2024-09-02,16.723547349802836,16.926369894192923,16.686671642541043,16.87105369567871,451600
2024-09-03,16.871052329375917,16.871052329375917,16.797299162410884,16.852615356445312,744500
2024-09-04,16.834015065685545,17.038626760569347,16.834015065685545,16.927021026611328,580500
2024-09-05,16.685204814805193,16.982822445232856,16.685204814805193,16.75960922241211,569700
2024-09-06,16.92702177251921,16.92702177251921,16.629402329653537,16.722408294677734,282100
2024-09-09,16.666603269418214,16.834013630019026,16.629400178644254,16.75960922241211,411300
2024-09-10,16.75961030513362,16.75961030513362,16.59219993371759,16.741008758544922,451700
2024-09-11,16.685206973032795,16.796812711908842,16.480593495191318,16.722408294677734,1121200
2024-09-12,16.629399560182943,16.8154114592528,16.554995155343192,16.61079978942871,735200
2024-09-13,16.722408294677734,16.74100984247082,16.629402329653537,16.722408294677734,638300
2024-09-17,16.796809965932677,16.796809965932677,16.64800115579802,16.70380401611328,424500
2024-09-18,16.703803387665904,16.703803387665904,16.48059018086187,16.554994583129883,250700
2024-09-19,16.554995155343192,16.722405509717873,16.554995155343192,16.61079978942871,1046600
2024-09-20,16.62940298333606,16.64800453186035,16.536398788597214,16.64800453186035,2088200
2024-09-23,16.815411510684747,16.815411510684747,16.64800115579802,16.70380401611328,977700
2024-09-24,16.703807403491922,16.778213597589087,16.62940298333606,16.64800453186035,392800
2024-09-25,16.64800115579802,16.70380401611328,16.64800115579802,16.70380401611328,463200
2024-09-26,16.741008758544922,16.778211851722315,16.70380566536753,16.741008758544922,609600
2024-09-27,16.741008501022822,16.815412912291947,16.629400997148586,16.77821159362793,169300
2024-09-30,16.81541317095859,16.92702067654965,16.5549968405402,16.741008758544922,894600
2024-10-01,16.74100984247082,16.778212938056992,16.648003877446623,16.722408294677734,240000
2024-10-02,16.741008758544922,16.75961030513362,16.64800279954256,16.741008758544922,281400
2024-10-03,16.759612049064796,16.759612049064796,16.5549985631802,16.64800453186035,440500
2024-10-04,16.796808629305055,16.796808629305055,16.350382234426036,16.536394119262695,509100
2024-10-07,16.834017212582197,16.834017212582197,16.331786023896484,16.350387573242188,277800
2024-10-08,16.499193011065387,16.517794556567644,16.313182877865867,16.406187057495117,435600
2024-10-09,16.406187705685383,16.461992344396933,16.331783294677734,16.331783294677734,330600
2024-10-10,16.31318582315269,16.424791568434213,16.27598272543129,16.294584274291992,967900
2024-10-11,16.424785997441344,16.61079787507377,16.331780058625128,16.387584686279297,243200
2024-10-14,16.38758595442275,16.49919167048616,16.38758595442275,16.461990356445312,691600
2024-10-15,16.461990356445312,16.592197616499583,16.35038286644103,16.461990356445312,1243900
2024-10-16,16.685204450288325,16.685204450288325,16.48059100338368,16.573596954345703,915200
2024-10-17,16.554995409365105,16.573596954345703,16.536395638325473,16.573596954345703,121000
2024-10-18,16.573598252327937,16.629401117699036,16.424789428710938,16.424789428710938,277000
2024-10-21,16.443389687363453,16.703804221327953,16.443389687363453,16.573596954345703,189300
2024-10-22,16.554994528517863,16.61079916049044,16.461990356445312,16.461990356445312,1181100
2024-10-23,16.461992521585742,16.461992521585742,16.424789428710938,16.424789428710938,315600
2024-10-24,16.424789428710938,16.517795386956838,16.36898656333984,16.424789428710938,573300
2024-10-25,16.406184454889953,16.536393478808947,16.387584686279297,16.387584686279297,112300
2024-10-28,16.38758924616092,16.517796532369637,16.18297576904297,16.18297576904297,211500
2024-10-29,16.22017777939305,16.22017777939305,16.18297468642726,16.201576232910156,660400
2024-10-30,16.220179922130274,16.350387216829123,16.07137107849121,16.07137107849121,1404900
2024-11-01,16.071368955412108,16.331783510408208,16.01556431596342,16.201576232910156,2023800
2024-11-04,16.201577056697264,16.35038588824456,16.201577056697264,16.220178604125977,748300
2024-11-05,16.238777984881516,16.275981078839187,16.201576664864998,16.25737953186035,3164300
2024-11-06,16.25737844998657,16.35038440475037,16.25737844998657,16.27597999572754,153500
2024-11-07,16.294581541468506,16.368985950491332,16.182974040963746,16.27597999572754,619800
2024-11-08,16.406184454889953,16.406184454889953,16.275977204911694,16.387584686279297,230300
2024-11-11,16.461991694001888,16.461991694001888,16.36898574043162,16.406187057495117,622700
2024-11-12,16.238776904245608,16.294581541468506,16.238776904245608,16.27597999572754,603600
2024-11-13,16.406187882273535,16.424789428710938,16.35038501690244,16.424789428710938,438400
2024-11-14,16.443389892578125,16.46199143779087,16.406186802152632,16.443389892578125,609700
2024-11-15,16.44338753999273,16.44338753999273,16.331780058625128,16.387584686279297,492400
2024-11-18,16.387587030880876,16.53639584470087,16.29458107875813,16.443389892578125,558100
2024-11-19,16.36898574043162,16.44339014849963,16.29458133236361,16.406187057495117,743800
2024-11-20,16.406187057495117,16.461991694001888,16.406187057495117,16.406187057495117,280300
2024-11-21,16.313186248492162,16.406190447337917,16.220180275705022,16.350387573242188,705600
2024-11-22,16.368988037109375,16.38758958522155,16.33178494088502,16.368988037109375,232500
2024-11-25,16.275978518110062,16.573596127182107,16.275978518110062,16.554994583129883,2234300
2024-11-26,16.554994583129883,16.592197671234327,16.53639481301854,16.554994583129883,1310200
2024-11-27,16.517793268966315,16.648000529450115,16.499191724914095,16.554994583129883,592300
2024-11-28,16.61079921528655,16.703803387665904,16.554994583129883,16.554994583129883,678000
2024-11-29,16.55499623374774,16.703805053120764,16.536396461781905,16.592199325561523,812700
2024-12-02,16.648002189341142,16.648002189341142,16.55499623374774,16.592199325561523,467400
2024-12-03,16.685204194268465,16.741007054413046,16.592198244733538,16.61079978942871,888100
2024-12-04,16.722405509717873,16.796809914557624,16.573596700038365,16.61079978942871,955700
2024-12-05,16.629399560182943,16.778210143803392,16.573596700038365,16.61079978942871,256700
2024-12-06,16.573596700038365,16.741007054413046,16.573596700038365,16.61079978942871,431900
2024-12-09,16.61079916049044,16.648000474531287,16.294580008409326,16.461990356445312,867500
2024-12-10,16.499194984642326,16.499194984642326,16.052768482834257,16.18297576904297,709900
2024-12-11,16.182976180419057,16.201772170227024,15.97622566998418,16.032611846923828,644900
2024-12-12,16.201768278514834,16.201768278514834,16.05140398113755,16.070199966430664,276100
2024-12-13,16.051404384448585,16.314542807712414,16.032608398683198,16.27695083618164,1642700
2024-12-16,16.276951616298717,16.333337783813477,16.201769462117724,16.333337783813477,230600
2024-12-17,16.258159218020946,16.446115541199827,16.258159218020946,16.408523559570312,356800
2024-12-18,16.408520875325642,16.408520875325642,16.333338716849894,16.352134704589844,278300
2024-12-19,16.258155400036983,16.50249784579563,16.201769233318505,16.44611167907715,517100
2024-12-20,16.44611338656044,16.57768172005801,16.40852140985593,16.52129554748535,1668700
2024-12-23,16.446113543566494,16.558887682272537,16.352135393392146,16.483705520629883,448200
2024-12-24,16.483702526726333,16.59647485246563,16.483702526726333,16.50249671936035,54000
2024-12-26,16.502498586424363,16.596476730162166,16.502498586424363,16.540090560913086,42100
2024-12-27,16.464908404419646,16.70925086114433,16.464908404419646,16.540090560913086,820200
2024-12-30,16.596476534949378,16.671658690558505,16.521294379340254,16.615272521972656,711300
2024-12-31,16.54009036636353,16.634068508995934,16.464908210754405,16.615272521972656,707000
2025-01-02,16.558884823919502,16.8596134185791,16.4837026752546,16.8596134185791,281300
2025-01-03,16.728044859144354,16.728044859144354,16.558886353386807,16.615272521972656,235700
2025-01-06,16.634067346106825,16.76563566110385,16.558885195753692,16.70924949645996,270900
2025-01-07,16.521294186762486,16.765636637765002,16.521294186762486,16.690454483032227,469300
2025-01-08,16.652863284751643,16.784433406022647,16.59647711419781,16.746841430664062,230900
2025-01-09,16.746840846167633,16.80322701475348,16.502498392316976,16.615272521972656,480200
2025-01-10,16.521294419047187,16.709250704763726,16.483704237394274,16.577680587768555,226300
2025-01-13,16.483702526726333,16.577678867347814,16.352132423385424,16.50249671936035,487000
2025-01-14,16.52129554748535,16.540091535837607,16.502499559133096,16.52129554748535,433400
2025-01-15,16.54009169374084,16.54009169374084,16.182975081575147,16.483705520629883,377200
2025-01-16,16.48370478477297,16.55888694305938,16.389726638793945,16.389726638793945,1067800
2025-01-17,16.352132385860354,16.44611051874997,15.88224351389607,16.145381927490234,420200
2025-01-20,16.145385336924218,16.40852201360137,16.145385336924218,16.29574966430664,167400
2025-01-21,16.25815834716667,16.25815834716667,15.995021659792144,16.032611846923828,513700
2025-01-22,16.258155426293875,16.276951412725033,16.05140495300293,16.05140495300293,449700
2025-01-23,16.05140495300293,16.220565245915488,16.032608966571775,16.05140495300293,283700
2025-01-24,16.05140607068685,16.352134704589844,16.05140607068685,16.352134704589844,425200
2025-01-27,16.126586875941136,16.44611147077199,16.08899669609957,16.1641788482666,105700
2025-01-28,16.446113615805857,16.446113615805857,16.07020280594141,16.088998794555664,128500
2025-01-31,16.258155194112465,16.258155194112465,16.08899669609957,16.1641788482666,535000
2025-02-03,16.107790889778403,16.258155194112465,16.107790889778403,16.1641788482666,156200
2025-02-04,16.14538286210387,16.333337346279496,16.126586875941136,16.1641788482666,505100
2025-02-05,16.23936061998007,16.446111085474705,16.23936061998007,16.314542770385742,379000
2025-02-06,16.145383264203065,16.728044509887695,16.145383264203065,16.728044509887695,416800
2025-02-07,16.540090798249793,16.634068943336104,16.35213450807717,16.427316665649414,248400
2025-02-10,16.33333700099394,16.615271410023155,16.220564671369342,16.27695083618164,237700
2025-02-12,16.295747722564155,16.690454483032227,16.164179399902785,16.690454483032227,232400
2025-02-13,16.671660000962355,16.8408203125,16.483705493408177,16.8408203125,421200
2025-02-14,16.84081977575067,16.84081977575067,16.483704968040787,16.671659469604492,292100
2025-02-17,16.464908797080355,16.48370478477297,16.182974359143284,16.389726638793945,827500
2025-02-18,16.446115541199827,16.502501721159753,16.29575119965046,16.408523559570312,225000
2025-02-19,16.52129570520915,16.54009169374084,16.276953231749495,16.483705520629883,411600
2025-02-20,16.615271971716513,16.615271971716513,16.258155400036983,16.44611167907715,483800
2025-02-21,16.46490766547795,16.48370365187875,16.239361206120105,16.44611167907715,2325500
2025-02-24,16.42731682169513,16.446112809387742,16.352134663408716,16.389726638793945,276300
2025-02-25,16.50249784579563,16.615271971716513,16.42731569267635,16.44611167907715,504700
2025-02-26,16.446111261136707,16.63406753540039,16.446111261136707,16.63406753540039,313200
2025-02-27,16.634070829037356,16.634070829037356,16.295750185366938,16.46491050720215,1615100
2025-02-28,16.59647598531571,16.615271971716513,16.389725512358666,16.44611167907715,1118700
2025-03-03,16.446115541199827,16.446115541199827,16.352137379610387,16.408523559570312,269500
2025-03-04,16.35213450807717,16.427316665649414,16.25815636299086,16.427316665649414,786200
2025-03-05,16.427315924660707,16.427315924660707,16.18297347545149,16.333337783813477,696700
2025-03-06,16.33334037217241,16.5776828601028,16.182976039982055,16.46491050720215,591000
2025-03-07,16.464907910415548,16.464907910415548,16.04614853533111,16.065181732177734,688400
2025-03-10,16.084216607452635,16.084216607452635,15.646422223967818,15.874836921691895,999900
2025-03-11,15.798697800081936,15.855801017479939,15.760627778297565,15.817732810974121,1418500
2025-03-12,15.741594377690902,16.10325050354004,15.608351118459302,16.10325050354004,827000
2025-03-13,15.950974887899472,15.950974887899472,15.646421962686466,15.798698425292969,1374400
2025-03-14,15.798697412664396,15.931938855085226,15.703524175815872,15.85580062866211,640400
2025-03-17,15.855801846464448,16.008078311006255,15.703525381922642,15.931940078735352,148600
2025-03-19,15.741594377690902,16.10325050354004,15.703524356402294,16.10325050354004,1350500
2025-03-20,16.103250831863107,16.38876873623487,16.046147614044465,16.122285842895508,1672800
2025-03-21,16.274561144581842,16.40780258178711,16.12228469769627,16.40780258178711,9265500
2025-03-24,16.388768613544524,16.388768613544524,16.141318917811468,16.236492156982422,221200
2025-03-25,16.236492485063362,16.388768944702424,16.19842427779289,16.25552749633789,558500
2025-03-26,16.255528515092482,16.29359854002744,16.08421703344258,16.19842529296875,839900
2025-03-27,16.122286249716623,16.407804161292994,16.122286249716623,16.388769149780273,464500
2025-03-28,16.19842500177612,16.217460013901412,16.04614853533111,16.065181732177734,811500
2025-04-02,15.893872068886102,16.065181732177734,15.703525578190506,16.065181732177734,855900
2025-04-03,15.912903818913827,15.970008850097656,15.874835613403114,15.970008850097656,160200
2025-04-04,15.970008816770223,16.027112032556378,15.81773236448814,15.912903785705566,266300
2025-04-07,15.798698889769136,15.798698889769136,15.037315646712912,15.532214164733887,577500
2025-04-08,15.551248907233044,15.551248907233044,14.98021125793457,14.98021125793457,1085400
2025-04-09,14.980210192776156,15.056348419583616,14.466276708006175,14.618553161621094,641100
2025-04-10,15.037315808940598,15.51317931989026,15.037315808940598,15.303799629211426,1360700
2025-04-11,15.398971557617188,15.551248013306376,15.037314521535729,15.398971557617188,574900
2025-04-14,15.398971169980436,15.703524073692334,15.398971169980436,15.437039375305176,495800
2025-04-15,15.55124917693898,15.703525644022356,15.37993769765051,15.532214164733887,311700
2025-04-16,15.513178465924032,15.741594971718184,15.475110258477404,15.608351707458496,482900
2025-04-17,15.703524650217913,15.855801107664407,15.532213181770965,15.646421432495117,416100
2025-04-18,15.798699144959675,16.084217071533203,15.798699144959675,16.084217071533203,87900
2025-04-21,16.084217071533203,16.084217071533203,15.970010627015276,16.084217071533203,129500
2025-04-22,16.027112091933752,16.084215307931466,15.817732423089803,15.85580062866211,177200
2025-04-23,15.912903844659821,16.008077081508347,15.684489165390465,15.85580062866211,510200
2025-04-24,15.893869911280643,16.122284579940683,15.62738522353805,15.989041328430176,250300
2025-04-25,15.989043824249125,16.084217071533203,15.703525897675597,16.084217071533203,93400
2025-04-28,15.665453541761117,16.40780258178711,15.665453541761117,16.40780258178711,329300
2025-04-29,16.4078037774837,16.4078037774837,15.970009414603616,16.00807762145996,714400
2025-04-30,16.02711165209309,16.65525245666504,15.931938417856456,16.65525245666504,407900
2025-05-02,16.65525212683563,16.65525212683563,16.236490993654378,16.63621711730957,455200
2025-05-05,16.65525416298601,16.788495615400734,16.407804454731068,16.52201271057129,185900
2025-05-06,16.426837591467415,16.655252261795773,16.312629348664018,16.40780258178711,189300
2025-05-07,16.54104660054469,16.54104660054469,16.2935986971954,16.44587516784668,391600
2025-05-08,16.369734377704933,16.522010824590506,16.255526134901537,16.40780258178711,1788800
2025-05-09,16.464908599853516,16.54104683626417,16.274563916466253,16.464908599853516,373100
2025-05-13,16.541044865419686,16.750426352060504,16.464906638080805,16.693323135375977,986700
2025-05-14,16.75042623318362,16.80752944946289,16.579114769067296,16.80752944946289,409300
2025-05-15,16.617182974827305,16.940770892540694,16.598149779586556,16.80752944946289,745500
2025-05-16,16.807527872736152,16.94076930331448,16.693321450891403,16.826562881469727,813900
2025-05-19,16.826565147947296,16.92173838915631,16.65525367682679,16.73139190673828,647100
2025-05-20,16.61718573550466,16.864635467529297,16.598152537101853,16.864635467529297,497500
2025-05-21,16.80752944946289,16.940770892540694,16.75042623318362,16.80752944946289,222300
2025-05-22,16.826562881469727,16.902701101125675,16.826562881469727,16.826562881469727,1052600
2025-05-23,16.883667183374403,17.13111686706543,16.883667183374403,17.13111686706543,248300
2025-05-26,17.11208327788872,17.340497970581055,16.693323915592075,17.340497970581055,487500
2025-05-27,17.321467004574195,17.416638443991022,16.99787902777621,17.359535217285156,718700
2025-05-28,17.321466161330772,17.49277583310867,17.169189687342353,17.188222885131836,734300
2025-05-29,17.397602591128287,17.397602591128287,17.07401466369629,17.07401466369629,641000
2025-05-30,17.226291359902437,17.226291359902437,16.95980664678241,17.093048095703125,1941400
2025-06-03,17.16918843672761,17.454706350838894,16.997876962149387,17.22629165649414,1100200
2025-06-04,17.05498142421166,17.283396135194288,17.05498142421166,17.188222885131836,1855700
2025-06-05,17.074016396135185,17.321466119589754,17.074016396135185,17.302431106567383,326000
2025-06-06,17.22629286975665,17.34049931733337,17.131119619923545,17.302431106567383,420000
2025-06-09,17.30243045246198,17.32146546476475,17.131118972294445,17.264360427856445,414400
2025-06-10,17.397603131072362,17.397603131072362,17.13111841336417,17.22629165649414,637300
2025-06-11,17.130269854223314,17.341516915505405,16.80379595767109,16.995840072631836,1687500
2025-06-12,17.245496648251756,17.399133055050147,17.09186207292197,17.3607234954834,435400
2025-06-13,17.30310741636419,17.30310741636419,17.072655600933118,17.130268096923828,674400
2025-06-16,17.2839043980743,17.322313953619304,17.207087118452705,17.245494842529297,688500
2025-06-17,17.28390462287556,17.399131459540843,17.207087342254848,17.379926681518555,841400
2025-06-18,17.418333370092626,17.571967922196215,17.322313148629124,17.437538146972656,509900
2025-06-19,17.437539911507407,17.475949469154198,17.303110122680664,17.303110122680664,447200
2025-06-20,17.36072023238844,17.437537505614873,16.784589767456055,16.784589767456055,7437700
2025-06-23,16.55414004611596,17.053453301112942,16.534935267507965,16.919023513793945,1102300
2025-06-24,16.919021847232496,17.072656398026147,16.880612293799928,16.93822479248047,406900
2025-06-25,16.995839440014095,17.03424716269559,16.611751224389096,16.957429885864258,776100
2025-06-26,16.976636161820974,17.091861171507112,16.957431383050448,17.05345344543457,550800
2025-06-30,17.091861026860446,17.091861026860446,16.82300145222245,16.919023513793945,1239900
2025-07-01,16.919021688588796,17.09185918300978,16.765385307767428,16.803794860839844,891400
2025-07-02,16.919023656977906,17.05345344543457,16.880614099436855,17.05345344543457,573700
2025-07-03,17.091859489005408,17.475947700732718,17.034246989833644,17.437538146972656,1202500
2025-07-04,17.379927722112328,17.399132501284466,17.264700878548034,17.322315216064453,245000
2025-07-07,17.30310758056825,17.322312356570144,17.091858707483873,17.264698028564453,671400
2025-07-08,17.264698028564453,17.341515301103797,17.168675980023213,17.264698028564453,417000
2025-07-09,17.283905029296875,17.379927090197775,17.187882968395975,17.283905029296875,350200
2025-07-10,17.168676135014625,17.28390296059798,16.842204097376353,17.149473190307617,672800
2025-07-11,17.18788235612417,17.18788235612417,16.938225739262563,16.995840072631836,230600
2025-07-14,17.14947463201307,17.14947463201307,16.995840072631836,16.995840072631836,363000
2025-07-15,16.995840072631836,17.18788235612417,16.861408459571948,16.995840072631836,228100
2025-07-16,16.995841253789184,17.130271044723106,16.91902396876001,17.07265853881836,198500
2025-07-17,16.938224315316177,17.149473190307617,16.91902137060917,17.149473190307617,548900
2025-07-18,17.130270871752185,17.264700661328718,16.99584108217565,17.187883377075195,343000
2025-07-21,17.168677412232146,17.264699468783533,17.091860133284715,17.111064910888672,163600
2025-07-22,17.09186006962656,17.09186006962656,16.82300051004611,16.861408233642578,448300
2025-07-23,16.861406251717234,17.168675330245485,16.861406251717234,16.976633071899414,620100
2025-07-24,16.97663630324514,17.32231499812025,16.97663630324514,17.187883377075195,1437600
2025-07-25,17.18788075602511,17.322312356570144,17.01504143494453,17.264698028564453,426600
2025-07-28,17.32231531467926,17.341518262492173,17.053453899144323,17.207088470458984,526200
2025-07-29,17.341518120686207,17.360722899810636,17.07265853881836,17.07265853881836,689900
2025-07-30,17.072658366429174,17.30311021918974,17.072658366429174,17.187883377075195,449800
2025-07-31,17.322312356570144,17.322312356570144,17.091858707483873,17.264698028564453,1031200
2025-08-01,17.187884971752354,17.32231660526986,17.14947724179642,17.16868019104004,466100
2025-08-04,17.18788287576515,17.475949056915375,17.149475150492872,17.399131774902344,1041900
2025-08-05,17.207087342254848,17.495151686715403,17.207087342254848,17.379926681518555,270600
2025-08-06,17.379925962911894,17.514355740572768,17.226291408022796,17.456743240356445,348700
2025-08-07,17.456742923852687,17.840829304111665,17.37992564780089,17.437538146972656,8603900
2025-08-08,17.47594784144303,17.936851501464844,17.47594784144303,17.936851501464844,2112700
2025-08-11,17.936850786693547,18.109690110181283,17.86003351308436,18.013668060302734,1257800
2025-08-12,18.013668060302734,18.340141931008844,17.956055562962913,18.013668060302734,574900
2025-08-13,18.013668534068135,18.244120360956654,17.975258980519225,18.16730308532715,784200
2025-08-14,18.16730365154662,18.359347762339976,17.78321726142829,17.956056594848633,920000
2025-08-15,18.24412092957029,18.24412092957029,17.74480770668227,17.956056594848633,590600
2025-08-18,17.956058015544823,18.128895531171818,17.879240731443318,18.052078247070312,1040700
2025-08-19,18.052075941214586,18.263324819111546,17.956055721954097,18.14809799194336,1059700
2025-08-20,18.148099435063177,18.148099435063177,17.956057149802895,17.994464874267578,394700
2025-08-21,18.03287299624346,18.416959367690268,18.03287299624346,18.14809799194336,582200
2025-08-22,18.1673042708713,18.244121551513672,18.052077434173523,18.244121551513672,238700
2025-08-25,18.359348388211448,18.512982949496195,18.205711995458266,18.244121551513672,509800
2025-08-26,18.301733843366915,18.51298273630204,17.82162538701387,17.860034942626953,3318600
2025-08-27,17.879239720433496,18.071282004093664,17.418334210418575,17.860034942626953,253200
2025-08-28,17.879239720433496,17.936852222384704,17.68719560530491,17.860034942626953,736500
2025-08-29,17.95605755725293,17.994465282589143,17.5911740934823,17.8984432220459,1389500
2025-09-02,17.91764704010261,18.148098874173613,17.879239316824968,17.956056594848633,803500
2025-09-03,17.956056594848633,18.071281596149944,17.860034539451956,17.956056594848633,933200
2025-09-04,17.99446431812628,18.052076818776936,17.936851817475624,17.956056594848633,1499800
2025-09-08,17.956058045633302,18.01367055093884,17.648787077243878,17.80242347717285,363200
2025-09-09,17.956057000191244,17.956057000191244,17.667990827498368,17.860034942626953,456800
2025-09-10,17.956056594848633,18.071281596149944,17.860034539451956,17.956056594848633,534800
2025-09-11,17.956054511914502,18.111014913217595,17.510541972712836,17.878572463989258,637900
2025-09-12,17.878575199566406,18.111017684360462,17.626765894375144,17.76235580444336,374000
2025-09-17,17.87857415497317,17.97542487676632,17.491173115074428,17.723613739013672,1215900
2025-09-18,17.975424410911693,17.975424410911693,17.60739389436431,17.70424461364746,628500
2025-09-19,17.70424442706064,18.55652668376766,17.626764221905457,17.917314529418945,3205800
2025-09-22,17.917315182599978,18.11101662618628,17.665504044847328,17.723613739013672,485300
2025-09-23,17.917314939349108,18.05290483965439,17.742984011942976,17.85920524597168,218600
2025-09-24,17.85920524597168,17.897944425798684,17.491172877608992,17.85920524597168,888300
2025-09-25,17.85920524597168,17.897944425798684,17.723613498392552,17.85920524597168,338800
2025-09-26,17.859204837371006,18.052904426622067,17.820463811156515,17.917314529418945,2937500
2025-09-29,17.917314639947907,18.18849628330083,17.917314639947907,17.994794845581055,128800
2025-09-30,18.033535760788624,18.052904426622067,17.839834324263762,17.917314529418945,1594500
2025-10-01,18.03353448268165,18.091644170611126,17.89794274781464,18.014163970947266,1045000
2025-10-02,18.014165247681376,18.052904426622067,17.897944016311698,17.917314529418945,1958600
2025-10-03,17.917314639947907,18.072275051214202,17.897944126721168,17.994794845581055,433900
2025-10-06,18.072275379982074,18.26597682122563,18.072275379982074,18.227235794067383,294100
2025-10-07,17.917315263894135,18.28534579164929,17.917315263894135,18.091646194458008,437000
2025-10-08,18.072275161743164,18.207865060611976,17.936685262874352,18.072275161743164,277900
2025-10-09,18.20786538903036,18.382196317734028,18.07227548771589,18.304716110229492,835600
2025-10-10,18.30471904939801,18.49842052289871,18.265979863062366,18.343460083007812,3812300
2025-10-13,18.343460083007812,18.51779103970361,18.207868312647662,18.343460083007812,788000
2025-10-14,18.30471513910905,18.382195342503024,17.8785730968053,17.97542381286621,467700
2025-10-15,17.917315048465397,18.49841752760013,17.859205354734083,17.93668556213379,1068700
2025-10-16,17.917315683866804,18.47904766925383,17.917315683866804,18.401567459106445,357100
2025-10-17,18.304714902164946,18.69211591412014,17.9754235801846,18.11101531982422,349700
2025-10-21,18.111018815593557,18.382198652668162,18.091648299438486,18.24660873413086,322300
2025-10-22,18.16912599136794,18.227235684482103,17.994795064751614,18.149755477905273,317200
2025-10-23,18.149756195310147,18.149756195310147,17.917315566391984,17.956056594848633,196600
2025-10-24,17.95605588510012,18.149755477905273,17.89794434471212,18.149755477905273,194800
2025-10-27,18.149753858540603,18.227234058204463,17.9754229474785,18.014163970947266,176300
2025-10-28,18.014163970947266,18.091644170611126,17.89794274781464,18.014163970947266,286800
2025-10-29,17.99479473457413,17.99479473457413,17.801093298049267,17.917314529418945,885200
2025-10-30,18.09164556444094,18.09164556444094,17.917314639947907,17.994794845581055,227300
2025-10-31,17.87857350320445,18.149755144884498,17.87857350320445,17.917314529418945,416700
2025-11-03,17.9173159186619,18.01416664443378,17.781726010945633,17.897945404052734,363300
2025-11-04,17.917316127083453,18.169127278109933,17.917316127083453,18.052906036376953,362000
2025-11-05,18.169125009799064,18.169125009799064,17.878572865377365,18.11101531982422,343800
2025-11-06,18.091644401236284,18.343455515172234,17.878572463989258,17.878572463989258,415200
2025-11-07,17.917314529418945,18.033535760788624,17.917314529418945,17.917314529418945,228000
2025-11-10,17.917314529418945,18.13038463177725,17.87857350320445,17.917314529418945,371000
2025-11-11,18.014163970947266,18.20786354647008,17.936683771283406,18.014163970947266,497100
2025-11-12,18.11101618843358,18.169125881195384,17.95605577621956,18.072275161743164,213300
2025-11-13,18.05290314714236,18.169124370274986,17.9754229474785,18.014163970947266,225300
2025-11-14,17.994793459212882,18.18849488200937,17.9754229474785,18.014163970947266,266800
2025-11-17,18.033536283201887,18.130385156996127,17.917315048465397,17.93668556213379,885000
2025-11-18,17.9366854755162,17.9366854755162,17.568653106689453,17.568653106689453,333100
2025-11-19,17.568653323054175,17.76235476664048,17.549284656514644,17.723613739013672,268700
2025-11-20,17.742984771728516,18.14975633733687,17.60739486561704,17.742984771728516,1530400
2025-11-21,17.704244723357682,17.78172492980957,17.588023490042936,17.78172492980957,138000
2025-11-24,17.781725906174497,17.95605684208192,17.568653941277002,17.820465087890625,2923500
2025-11-25,17.626765686836237,17.76235559530801,17.471805263647372,17.60739517211914,328900
2025-11-26,17.684874100336067,17.781724819619217,17.626764407675704,17.70424461364746,1929800
2025-11-27,17.68487300600875,17.82046289625066,17.084400061429115,17.29747200012207,550300
2025-11-28,17.336212123983284,17.336212123983284,16.83258986518574,16.968181610107422,800200
2025-12-01,17.084402393491473,17.239362816998618,16.89070278774452,16.94881248474121,875500
2025-12-02,16.96818234362093,17.355583387414445,16.96818234362093,17.142513275146484,616800
2025-12-03,17.29747383205132,17.29747383205132,16.89070227097179,16.929441452026367,960800
2025-12-04,16.948813155017177,16.948813155017177,16.61952178022349,16.755111694335938,396400
2025-12-05,16.83259040554058,16.83259040554058,16.619520295643465,16.69700050354004,229600
2025-12-08,16.697000700174925,16.697000700174925,16.38707986493879,16.483930587768555,495800
2025-12-09,16.71637195015427,16.85196185972112,16.40645110127349,16.658262252807617,422100
2025-12-10,17.010608366520536,17.010608366520536,16.56038600445126,16.893159866333008,373100
2025-12-11,16.854010770052763,16.912736892700195,16.579962998273157,16.912736892700195,727100
2025-12-12,16.932308692452928,17.421681797631454,16.873584442538373,17.323808670043945,545000
2025-12-15,17.42168230809239,17.42168230809239,17.167209928736447,17.284658432006836,900700
2025-12-16,17.167210519158203,17.578282161552607,17.167210519158203,17.38253402709961,618700
2025-12-17,17.402109400588017,17.499982534409334,17.225934772813066,17.38253402709961,300100
2025-12-18,17.480408426537885,17.480408426537885,17.108483810290952,17.284658432006836,270300
2025-12-19,17.304233990252175,17.69573211669922,17.304233990252175,17.69573211669922,528300
2025-12-22,17.67615649022926,17.715307235717773,17.421682244984815,17.715307235717773,327500
2025-12-23,17.71530663421274,17.71530663421274,17.38253277610056,17.617431640625,588800
2025-12-24,17.61743178855142,17.891481399536133,17.578281044063502,17.891481399536133,395800
2025-12-26,17.891482249724024,17.989355381974182,17.73488299795137,17.96978187561035,228800
2025-12-29,17.96978187561035,17.96978187561035,17.891482249724024,17.96978187561035,634400
2025-12-30,17.637007461376268,18.008930206298828,17.637007461376268,18.008930206298828,336100
2025-12-31,18.00892980379637,18.00892980379637,17.695731316796294,17.75445556640625,794000
2026-01-02,17.715307830612836,17.989355590994,17.656583577218353,17.813182830810547,1046800
2026-01-05,17.95020671100113,18.106805964593324,17.695732457211225,17.813182830810547,958000
2026-01-06,17.81318308547346,17.93063159394151,17.695732710195028,17.793607711791992,678800
2026-01-07,17.813182332029776,18.008930460133765,17.813182332029776,17.989355087280273,330400
2026-01-08,17.989355590994,17.989355590994,17.656583577218353,17.813182830810547,669700
2026-01-09,17.754455369443285,17.969780726974754,17.754455369443285,17.911054611206055,468100
2026-01-12,17.813181830423257,18.028505325317383,17.813181830423257,18.028505325317383,765900
2026-01-13,17.871906876549858,18.06765500786051,17.871906876549858,17.96978187561035,418100
2026-01-14,18.00893009776528,18.341703962337455,18.00893009776528,18.302555084228516,453900
2026-01-15,18.400429277400427,18.400429277400427,18.22425651550293,18.22425651550293,517400
2026-01-16,18.30255533794092,18.557027716202214,18.263404592479002,18.28297996520996,515300
2026-01-19,18.28297996520996,18.28297996520996,18.28297996520996,18.28297996520996,0
2026-01-20,18.30255493711829,18.400428065009095,18.028505325317383,18.028505325317383,401400
2026-01-21,18.008930644936918,18.53745451654291,18.008930644936918,18.400428771972656,375500
2026-01-22,18.400428212905993,18.420003585365595,18.185104716281167,18.302555084228516,331200
2026-01-23,18.282979363741827,18.380854357366463,18.145955492753473,18.185104370117188,409200
2026-01-26,18.20467974220416,18.36127898527949,18.067654004405576,18.185104370117188,349400
2026-01-27,18.185104968365458,18.28297996520996,17.871906471911288,18.28297996520996,808400
2026-01-28,18.282979109584943,18.42000297866849,18.048080248237344,18.204679489135742,611000
2026-01-29,18.204680146138966,18.204680146138966,17.734882406488868,17.871906280517578,658900
2026-01-30,17.871906583779943,18.165529709341076,17.793606959176284,17.989355087280273,793700
2026-02-03,18.008930297502012,18.302555287221836,17.930630673605446,18.14595603942871,421200
2026-02-04,17.91105580276053,18.14595654784195,17.891482296345696,18.1068058013916,290900
2026-02-05,18.10680535655142,18.10680535655142,17.656582984295298,17.715307235717773,282200
2026-02-06,17.715307830612836,17.96978208440274,17.715307830612836,17.813182830810547,1205500
2026-02-09,18.028506175301242,18.243829680347147,17.930631175985706,18.1068058013916,545400
2026-02-10,18.26340526457166,18.26340526457166,17.87190712959683,17.950206756591797,231200
2026-02-11,18.106805407458925,18.106805407458925,17.637007661137705,17.852331161499023,622000
2026-02-12,18.087229921398574,18.14595603942871,17.77403142581232,18.14595603942871,451000
2026-02-13,18.14595641129545,18.14595641129545,17.83275604248047,17.83275604248047,371100
2026-02-16,17.911054512343593,18.204679489135742,17.832754891894393,18.204679489135742,58700
2026-02-19,18.204679995818,18.243828873727107,18.008930005841684,18.165529251098633,305700
2026-02-20,18.10680554745951,18.224255918353084,17.91105555157366,18.126380920410156,334300
2026-02-23,18.24382836595524,18.341703358219288,18.126379868686545,18.204679489135742,285200
2026-02-24,18.32212798640444,18.32212798640444,18.08722912505684,18.204679489135742,371600
2026-02-25,17.930631427991404,18.16553030956387,17.14763515608319,18.087230682373047,1377000
2026-02-26,18.0872293215808,18.16552894288075,17.71530658710859,18.048080444335938,694600
2026-02-27,17.91105527028145,18.008930266687255,17.519557151468522,17.57828140258789,1884600
2026-03-02,17.695731262133148,18.028505120245324,17.38253277610056,17.617431640625,1206300
2026-03-03,17.91105495790543,18.008929952604255,17.460832595825195,17.460832595825195,526800
2026-03-04,17.59785698000651,17.793606975095937,17.421682357788086,17.421682357788086,348400
2026-03-05,17.441257276338224,17.617431893967538,17.441257276338224,17.597856521606445,444900
2026-03-06,17.53913207329626,17.89148130457646,17.53913207329626,17.75445556640625,280300
2026-03-09,17.97242437475892,17.97242437475892,17.02129364013672,17.02129364013672,855700
2026-03-10,17.04110968836261,17.477043672542,17.04110968836261,17.437414169311523,1133900
2026-03-11,17.437413533637717,17.437413533637717,17.19963085373664,17.338336944580078,941100
2026-03-12,17.53648947606161,17.53648947606161,17.140183134444307,17.239259719848633,943500
2026-03-13,17.417597837880436,17.516674426938074,17.25907605127972,17.338336944580078,1190500
2026-03-16,17.33833757664209,17.516675065501303,17.33833757664209,17.437414169311523,681600
2026-03-17,17.536490761980957,17.536490761980957,17.259076680452306,17.437414169311523,421900
2026-03-18,17.536490485106555,17.794086976359672,17.45722959016818,17.754457473754883,330500
2026-03-19,17.794085948595477,17.912978229000366,16.64480209350586,16.64480209350586,1521500
2026-03-20,16.64480209350586,16.64480209350586,16.64480209350586,16.64480209350586,0
2026-03-24,17.041108325224553,17.794085833931522,16.961847435374942,17.695011138916016,1076900
2026-03-25,17.695011891288488,17.932794570947582,17.59593530233168,17.63556480407715,364600
2026-03-26,17.53649050930556,17.754457498254666,17.437413918063676,17.457229614257812,589000
2026-03-27,17.53648984688248,18.24983787536621,17.51667415143686,18.24983787536621,968700
2026-03-30,18.249838515197855,18.28946801774976,17.7940869526138,18.051685333251953,493100
2026-03-31,17.992239632717816,18.230022310583355,17.754456954852277,17.794086456298828,904100
2026-04-01,17.794086458479622,18.17057711577609,17.794086458479622,18.09131622314453,336000
2026-04-02,18.091317136744415,18.091317136744415,17.49685946712361,17.873350143432617,436500
2026-04-03,18.03187077655617,18.17057686430963,17.932794189705675,18.11113166809082,228200
2026-04-06,17.9922401345597,18.130946228084554,17.833718344894496,18.051685333251953,169400
2026-04-07,18.031871296042205,18.031871296042205,17.75445722281445,17.774272918701172,118300
2026-04-08,17.813901901245117,18.05168457576506,17.813901901245117,17.813901901245117,361700
2026-04-09,17.794087217882876,18.031871795654297,17.714826321868674,18.031871795654297,704300
2026-04-10,18.051685082333332,18.150761671929118,17.992239884467367,18.071500778198242,357500
2026-04-13,18.07150014803069,18.2696533203125,17.992239257063705,18.2696533203125,207100
2026-04-14,18.269653703997726,18.329098901039213,17.992239634922896,18.09131622314453,233700
2026-04-15,18.249838798070453,18.249838798070453,17.655381132747447,17.734642028808594,611100
2026-04-16,17.932795343476045,17.952611040066802,17.794087357069593,17.873350143432617,196500
2026-04-17,17.932795596237693,17.992240797118995,17.774273800734967,17.853534698486328,185400
2026-04-20,17.853534041034845,18.051685333251953,17.813902648754148,18.051685333251953,430000
2026-04-21,18.03187077655617,18.11113166809082,17.873348993486864,18.11113166809082,155900
2026-04-22,18.130946751524878,18.150762448237305,17.833718859753855,18.012056350708008,2849500
2026-04-23,18.012056350708008,18.031872047420435,17.833718859753855,18.012056350708008,440500
2026-04-24,17.99224065399558,18.091317247828872,17.972424957283152,18.012056350708008,290600
2026-04-27,18.012055969056828,18.0715011682057,17.893163681030273,17.893163681030273,355400
2026-04-28,17.873349238649418,18.03187102389311,17.734641259264627,17.794086456298828,461700
2026-04-29,17.93279431621615,17.93279431621615,17.576119356929624,17.655380249023438,376500
2026-04-30,17.6355645535678,17.754456836572885,17.576119356929624,17.655380249023438,777200
2026-05-04,17.655379870372904,17.89316254155468,17.655379870372904,17.833717346191406,278900
2026-05-05,17.833717346191406,17.932793931615986,17.73464076076683,17.833717346191406,122100
2026-05-06,17.93279380347459,18.0913155831297,17.853532913647033,17.992238998413086,265500
2026-05-07,18.031870907981485,18.091316104633563,17.853533428296526,17.95261001586914,376500
2026-05-08,18.091315712403837,18.091315712403837,17.7940859561301,17.833717346191406,374000
2026-05-11,18.031870517040566,18.031870517040566,17.813901651160755,17.833717346191406,255600
2026-05-12,17.95260962664664,17.95260962664664,17.813901651160755,17.833717346191406,360700
2026-05-13,17.774272650439922,17.89316304450832,17.714825563676982,17.794086456298828,382900
2026-05-14,17.81390291431863,18.031871795654297,17.65538112229023,18.031871795654297,242700
2026-05-15,17.853534556466283,18.012056350708008,17.714826569208135,18.012056350708008,419100
2026-05-18,17.91297836688109,17.972423562676756,17.65537999879494,17.675195693969727,331600
2026-05-19,17.675197223247352,17.833719018903743,17.556304931640625,17.556304931640625,465300
2026-05-20,17.51667444538601,17.556303947213543,16.961848191699175,17.041109085083008,926600
2026-05-21,17.120369722951988,17.239260116388966,16.763694763183594,16.763694763183594,737800
2026-05-22,16.98166263919762,17.041109728777563,16.783511343117638,16.84295654296875,649900
2026-05-25,16.86277234976447,17.02129414355659,16.80332525979579,16.98166275024414,683600
2026-05-26,17.04110830471892,17.04110830471892,16.664617661089792,16.80332374572754,882500
2026-05-27,16.80332374572754,16.80332374572754,16.80332374572754,16.80332374572754,0
2026-05-28,16.84295640374525,17.00147819519043,16.466467621495152,17.00147819519043,1169400
2026-05-29,17.120369336207162,17.239259726958434,16.942031860351562,16.942031860351562,3856500
2026-06-02,16.942031860351562,16.942031860351562,16.942031860351562,16.942031860351562,0
2026-06-03,17.12037062515532,17.12037062515532,16.743879950064343,16.84295654296875,1958200
2026-06-04,16.842955906759045,17.041109085083008,16.763695013375212,17.041109085083008,1632800
2026-06-05,17.04110931392936,17.377968587766553,16.803324740855874,17.31852149963379,816700
2026-06-08,17.338336944580078,17.39778214212316,17.19963085373664,17.338336944580078,649400
2026-06-09,17.338337333773243,17.457229621256932,17.14018415121003,17.15999984741211,882300
2026-06-10,17.15999984741211,17.299999237060547,17.15999984741211,17.219999313354492,777100
2026-06-11,17.280000686645508,17.34000015258789,17.200000762939453,17.34000015258789,603700
2026-06-12,17.34000015258789,17.3799991607666,17.260000228881836,17.3799991607666,299200
2026-06-15,17.299999237060547,17.479999542236328,17.260000228881836,17.459999084472656,302000
2026-06-16,17.479999542236328,17.479999542236328,17.15999984741211,17.34000015258789,632300
2026-06-18,17.420000076293945,17.440000534057617,17.280000686645508,17.3799991607666,559300
2026-06-19,17.3799991607666,17.420000076293945,17.34000015258789,17.420000076293945,550700
2026-06-22,17.479999542236328,17.540000915527344,17.31999969482422,17.34000015258789,303500
2026-06-23,17.360000610351562,17.479999542236328,17.280000686645508,17.399999618530273,525900
2026-06-24,17.520000457763672,17.520000457763672,17.399999618530273,17.459999084472656,521700
2026-06-25,17.459999084472656,17.540000915527344,17.399999618530273,17.440000534057617,584800
2026-06-26,17.440000534057617,17.540000915527344,17.34000015258789,17.540000915527344,369700
2026-06-29,17.540000915527344,17.540000915527344,17.399999618530273,17.399999618530273,659500
2026-06-30,17.399999618530273,17.540000915527344,17.399999618530273,17.479999542236328,890300
2026-07-01,17.5,17.579999923706055,17.3799991607666,17.399999618530273,676400
2026-07-02,17.399999618530273,17.5,17.34000015258789,17.3799991607666,273300
2026-07-03,17.399999618530273,17.579999923706055,17.399999618530273,17.5,164200
2026-07-06,17.5,17.600000381469727,17.479999542236328,17.5,337100
2026-07-07,17.540000915527344,17.799999237060547,17.360000610351562,17.799999237060547,800100
2026-07-08,17.780000686645508,17.780000686645508,17.399999618530273,17.520000457763672,298600
2026-07-09,17.540000915527344,17.6200008392334,17.459999084472656,17.479999542236328,294100
2026-07-10,17.579999923706055,17.84000015258789,17.520000457763672,17.520000457763672,389800
2026-07-13,17.520000457763672,17.68000030517578,17.459999084472656,17.459999084472656,293900
2026-07-14,17.479999542236328,17.899999618530273,17.479999542236328,17.8799991607666,360800
2026-07-15,17.8799991607666,17.8799991607666,17.600000381469727,17.6200008392334,321800
2026-07-16,17.6200008392334,17.799999237060547,17.6200008392334,17.65999984741211,358200
2026-07-17,17.719999313354492,17.739999771118164,17.440000534057617,17.440000534057617,182400
2026-07-20,17.440000534057617,17.780000686645508,17.440000534057617,17.6200008392334,487600
2026-07-21,17.6200008392334,17.639999389648438,17.360000610351562,17.399999618530273,334900
2026-07-22,17.399999618530273,17.739999771118164,17.360000610351562,17.68000030517578,400900
2026-07-23,17.459999084472656,17.559999465942383,17.420000076293945,17.5,119100
2026-07-24,17.559999465942383,17.600000381469727,17.3799991607666,17.399999618530273,416900
2026-07-27,17.399999618530273,17.81999969482422,17.399999618530273,17.700000762939453,617700
2026-07-28,17.700000762939453,17.780000686645508,17.600000381469727,17.6200008392334,187200
2026-07-29,17.739999771118164,17.760000228881836,17.559999465942383,17.639999389648438,304400
2026-07-30,17.780000686645508,17.780000686645508,17.479999542236328,17.579999923706055,274000
2026-07-31,17.520000457763672,17.639999389648438,17.420000076293945,17.540000915527344,774200
2026-08-03,17.559999465942383,17.600000381469727,17.31999969482422,17.459999084472656,312400
2026-08-04,17.459999084472656,17.459999084472656,17.299999237060547,17.3799991607666,434800
2026-08-05,17.3799991607666,17.700000762939453,17.3799991607666,17.440000534057617,697000
2026-08-06,17.600000381469727,17.600000381469727,17.079999923706055,17.18000030517578,471800
2026-08-07,17.200000762939453,17.239999771118164,17.059999465942383,17.15999984741211,676400
2026-08-10,17.18000030517578,17.420000076293945,17.15999984741211,17.360000610351562,823600
2026-08-11,17.260000228881836,17.360000610351562,17.18000030517578,17.280000686645508,862500
2026-08-12,17.299999237060547,17.459999084472656,17.299999237060547,17.420000076293945,413700
2026-08-13,17.3799991607666,17.479999542236328,17.299999237060547,17.420000076293945,639100
2026-08-14,17.420000076293945,17.479999542236328,17.299999237060547,17.420000076293945,488300
2026-08-17,17.420000076293945,17.420000076293945,17.219999313354492,17.219999313354492,393000
2026-08-18,17.219999313354492,17.440000534057617,17.219999313354492,17.440000534057617,466500
2026-08-19,17.420000076293945,17.639999389648438,17.399999618530273,17.579999923706055,524700
2026-08-20,17.579999923706055,17.68000030517578,17.34000015258789,17.479999542236328,396400
2026-08-21,17.600000381469727,17.600000381469727,17.479999542236328,17.600000381469727,281000
2026-08-24,17.600000381469727,17.600000381469727,17.299999237060547,17.600000381469727,327000
2026-08-25,17.600000381469727,17.600000381469727,17.600000381469727,17.600000381469727,0
2026-08-26,17.6200008392334,17.860000610351562,17.5,17.579999923706055,1036700
2026-08-27,17.6200008392334,17.81999969482422,17.6200008392334,17.81999969482422,372100
2026-08-28,17.81999969482422,17.84000015258789,17.540000915527344,17.639999389648438,805400
2026-08-31,17.639999389648438,17.639999389648438,17.639999389648438,17.639999389648438,0
2026-09-01,17.420000076293945,17.799999237060547,17.420000076293945,17.700000762939453,839800
2026-09-02,17.479999542236328,17.739999771118164,17.459999084472656,17.579999923706055,336300
2026-09-03,17.760000228881836,17.760000228881836,17.559999465942383,17.6200008392334,369900
2026-09-04,17.600000381469727,17.600000381469727,17.219999313354492,17.260000228881836,358500
